context	target	target_logprob	ctx_polarity	tgt_polarity
An aunt is a relative.	relative	-4.594394683837891	aff	aff
An aunt is a weapon.	weapon	-6.214812755584717	aff	neg
An aunt is not a weapon.	weapon	-5.486999988555908	neg	neg
An aunt is not a relative.	relative	-4.296395301818848	neg	aff
An uncle is a relative.	relative	-4.513615608215332	aff	aff
An uncle is a furniture.	furniture	-6.978076457977295	aff	neg
An uncle is not a furniture.	furniture	-5.87851619720459	neg	neg
An uncle is not a relative.	relative	-4.260677337646484	neg	aff
A father is a relative.	relative	-5.193185806274414	aff	aff
A father is a state.	state	-5.375270843505859	aff	neg
A father is not a state.	state	-4.628272533416748	neg	neg
A father is not a relative.	relative	-4.6627726554870605	neg	aff
A mother is a relative.	relative	-5.120440483093262	aff	aff
A mother is a color.	color	-5.3956193923950195	aff	neg
A mother is not a color.	color	-4.845080852508545	neg	neg
A mother is not a relative.	relative	-4.624324321746826	neg	aff
A brother is a relative.	relative	-4.870781898498535	aff	aff
A brother is a vehicle.	vehicle	-5.559074401855469	aff	neg
A brother is not a vehicle.	vehicle	-5.135288238525391	neg	neg
A brother is not a relative.	relative	-4.662546157836914	neg	aff
A sister is a relative.	relative	-4.9456634521484375	aff	aff
A sister is a metal.	metal	-6.191784858703613	aff	neg
A sister is not a metal.	metal	-5.801332950592041	neg	neg
A sister is not a relative.	relative	-4.75991678237915	neg	aff
A cousin is a relative.	relative	-4.307795524597168	aff	aff
A cousin is a bird.	bird	-5.734309196472168	aff	neg
A cousin is not a bird.	bird	-5.074706554412842	neg	neg
A cousin is not a relative.	relative	-4.134801387786865	neg	aff
A grandmother is a relative.	relative	-5.382274627685547	aff	aff
A grandmother is a vegetable.	vegetable	-6.066978454589844	aff	neg
A grandmother is not a vegetable.	vegetable	-4.983518123626709	neg	neg
A grandmother is not a relative.	relative	-4.841929912567139	neg	aff
A grandfather is a relative.	relative	-5.158294677734375	aff	aff
A grandfather is a disease.	disease	-5.626715660095215	aff	neg
A grandfather is not a disease.	disease	-4.841531276702881	neg	neg
A grandfather is not a relative.	relative	-4.839091777801514	neg	aff
A nephew is a relative.	relative	-4.943244457244873	aff	aff
A nephew is a profession.	profession	-6.30595588684082	aff	neg
A nephew is not a profession.	profession	-5.5651021003723145	neg	neg
A nephew is not a relative.	relative	-4.426253795623779	neg	aff
A niece is a relative.	relative	-4.971822261810303	aff	aff
A niece is a profession.	profession	-6.41117000579834	aff	neg
A niece is not a profession.	profession	-5.548740863800049	neg	neg
A niece is not a relative.	relative	-4.4677276611328125	neg	aff
A husband is a relative.	relative	-5.350515365600586	aff	aff
A husband is a flower.	flower	-5.237635612487793	aff	neg
A husband is not a flower.	flower	-4.930880546569824	neg	neg
A husband is not a relative.	relative	-4.704556941986084	neg	aff
A son is a relative.	relative	-5.312284469604492	aff	aff
A son is a bird.	bird	-5.077037334442139	aff	neg
A son is not a bird.	bird	-4.471827507019043	neg	neg
A son is not a relative.	relative	-4.892333984375	neg	aff
A daughter is a relative.	relative	-5.360743999481201	aff	aff
A daughter is a fish.	fish	-5.2674455642700195	aff	neg
A daughter is not a fish.	fish	-4.5943169593811035	neg	neg
A daughter is not a relative.	relative	-4.788455486297607	neg	aff
A wife is a relative.	relative	-5.170210361480713	aff	aff
A wife is a sport.	sport	-5.431363582611084	aff	neg
A wife is not a sport.	sport	-4.72091817855835	neg	neg
A wife is not a relative.	relative	-4.667852401733398	neg	aff
A grandmom is a relative.	relative	-5.256613731384277	aff	aff
A grandmom is a weapon.	weapon	-5.883459091186523	aff	neg
A grandmom is not a weapon.	weapon	-5.471813678741455	neg	neg
A grandmom is not a relative.	relative	-4.824013710021973	neg	aff
A grandpop is a relative.	relative	-5.121304512023926	aff	aff
A grandpop is a country.	country	-5.982725620269775	aff	neg
A grandpop is not a country.	country	-5.3545427322387695	neg	neg
A grandpop is not a relative.	relative	-4.881702423095703	neg	aff
An iron is a metal.	metal	-4.068170547485352	aff	aff
An iron is a disease.	disease	-5.802032470703125	aff	neg
An iron is not a disease.	disease	-5.226957321166992	neg	neg
An iron is not a metal.	metal	-4.020759105682373	neg	aff
A copper is a metal.	metal	-4.484153747558594	aff	aff
A copper is a disease.	disease	-6.358884334564209	aff	neg
A copper is not a disease.	disease	-5.597830772399902	neg	neg
A copper is not a metal.	metal	-4.359927654266357	neg	aff
A steel is a metal.	metal	-4.679594993591309	aff	aff
A steel is a profession.	profession	-6.628334999084473	aff	neg
A steel is not a profession.	profession	-5.926635265350342	neg	neg
A steel is not a metal.	metal	-4.454192161560059	neg	aff
A gold is a metal.	metal	-4.640474319458008	aff	aff
A gold is a relative.	relative	-6.067668914794922	aff	neg
A gold is not a relative.	relative	-5.527695655822754	neg	neg
A gold is not a metal.	metal	-4.401412487030029	neg	aff
An aluminum is a metal.	metal	-4.576955318450928	aff	aff
An aluminum is a state.	state	-6.149718284606934	aff	neg
An aluminum is not a state.	state	-5.704728126525879	neg	neg
An aluminum is not a metal.	metal	-4.443676948547363	neg	aff
A silver is a metal.	metal	-4.618838787078857	aff	aff
A silver is an animal.	animal	-5.890380382537842	aff	neg
A silver is not an animal.	animal	-5.256468772888184	neg	neg
A silver is not a metal.	metal	-4.374295234680176	neg	aff
A tin is a metal.	metal	-4.882307052612305	aff	aff
A tin is a city.	city	-5.807605743408203	aff	neg
A tin is not a city.	city	-5.160727500915527	neg	neg
A tin is not a metal.	metal	-4.475017070770264	neg	aff
A zinc is a metal.	metal	-4.914932727813721	aff	aff
A zinc is a bird.	bird	-6.784154415130615	aff	neg
A zinc is not a bird.	bird	-6.067947864532471	neg	neg
A zinc is not a metal.	metal	-4.800564765930176	neg	aff
A brass is a metal.	metal	-4.794300079345703	aff	aff
A brass is a furniture.	furniture	-6.99850606918335	aff	neg
A brass is not a furniture.	furniture	-5.942225933074951	neg	neg
A brass is not a metal.	metal	-4.389655590057373	neg	aff
A lead is a metal.	metal	-5.359565734863281	aff	aff
A lead is a color.	color	-5.798938751220703	aff	neg
A lead is not a color.	color	-5.1374831199646	neg	neg
A lead is not a metal.	metal	-4.96782112121582	neg	aff
A bronze is a metal.	metal	-4.844103813171387	aff	aff
A bronze is a vehicle.	vehicle	-6.460972785949707	aff	neg
A bronze is not a vehicle.	vehicle	-5.321497440338135	neg	neg
A bronze is not a metal.	metal	-4.220702171325684	neg	aff
A magnesium is a metal.	metal	-4.823633193969727	aff	aff
A magnesium is a tree.	tree	-6.1704816818237305	aff	neg
A magnesium is not a tree.	tree	-5.73849630355835	neg	neg
A magnesium is not a metal.	metal	-4.651736736297607	neg	aff
A platinum is a metal.	metal	-4.764996528625488	aff	aff
A platinum is a relative.	relative	-6.29482364654541	aff	neg
A platinum is not a relative.	relative	-5.735705852508545	neg	neg
A platinum is not a metal.	metal	-4.427882194519043	neg	aff
A nickel is a metal.	metal	-4.4424591064453125	aff	aff
A nickel is a weapon.	weapon	-5.54438591003418	aff	neg
A nickel is not a weapon.	weapon	-5.080318450927734	neg	neg
A nickel is not a metal.	metal	-4.180383682250977	neg	aff
A sodium is a metal.	metal	-5.100398063659668	aff	aff
A sodium is a crime.	crime	-6.674073696136475	aff	neg
A sodium is not a crime.	crime	-6.171708106994629	neg	neg
A sodium is not a metal.	metal	-4.822543621063232	neg	aff
A mercury is a metal.	metal	-4.852806091308594	aff	aff
A mercury is a furniture.	furniture	-6.811803340911865	aff	neg
A mercury is not a furniture.	furniture	-6.155133247375488	neg	neg
A mercury is not a metal.	metal	-4.577394008636475	neg	aff
A potassium is a metal.	metal	-5.135953426361084	aff	aff
A potassium is a disease.	disease	-6.798488140106201	aff	neg
A potassium is not a disease.	disease	-6.148375511169434	neg	neg
A potassium is not a metal.	metal	-4.98114538192749	neg	aff
A manganese is a metal.	metal	-5.332521438598633	aff	aff
A manganese is a toy.	toy	-6.7453742027282715	aff	neg
A manganese is not a toy.	toy	-5.841798305511475	neg	neg
A manganese is not a metal.	metal	-4.960329532623291	neg	aff
A uranium is a metal.	metal	-5.592801094055176	aff	aff
A uranium is a color.	color	-6.722682476043701	aff	neg
A uranium is not a color.	color	-5.965417385101318	neg	neg
A uranium is not a metal.	metal	-5.252553462982178	neg	aff
A tungsten is a metal.	metal	-4.300395488739014	aff	aff
A tungsten is an insect.	insect	-5.985480785369873	aff	neg
A tungsten is not an insect.	insect	-5.319733619689941	neg	neg
A tungsten is not a metal.	metal	-4.19346809387207	neg	aff
A cobalt is a metal.	metal	-4.285330772399902	aff	aff
A cobalt is a flower.	flower	-5.4820990562438965	aff	neg
A cobalt is not a flower.	flower	-4.966939926147461	neg	neg
A cobalt is not a metal.	metal	-4.17970085144043	neg	aff
A titanium is a metal.	metal	-5.014080047607422	aff	aff
A titanium is a country.	country	-6.752503871917725	aff	neg
A titanium is not a country.	country	-5.78256368637085	neg	neg
A titanium is not a metal.	metal	-4.663834571838379	neg	aff
A chromium is a metal.	metal	-5.366124629974365	aff	aff
A chromium is a bird.	bird	-6.947984218597412	aff	neg
A chromium is not a bird.	bird	-6.055708408355713	neg	neg
A chromium is not a metal.	metal	-4.914920806884766	neg	aff
An ore is a metal.	metal	-5.237177848815918	aff	aff
An ore is a tree.	tree	-5.806659698486328	aff	neg
An ore is not a tree.	tree	-5.149711608886719	neg	neg
An ore is not a metal.	metal	-4.046720504760742	neg	aff
A cadmium is a metal.	metal	-4.432857513427734	aff	aff
A cadmium is a disease.	disease	-5.554692268371582	aff	neg
A cadmium is not a disease.	disease	-5.184762001037598	neg	neg
A cadmium is not a metal.	metal	-4.302789688110352	neg	aff
A lithium is a metal.	metal	-4.899840831756592	aff	aff
A lithium is a sport.	sport	-6.439507484436035	aff	neg
A lithium is not a sport.	sport	-5.9600725173950195	neg	neg
A lithium is not a metal.	metal	-4.6338677406311035	neg	aff
A dog is an animal.	animal	-3.751601219177246	aff	aff
A dog is a sport.	sport	-4.909623146057129	aff	neg
A dog is not a sport.	sport	-3.9716596603393555	neg	neg
A dog is not an animal.	animal	-3.649661064147949	neg	aff
A cat is an animal.	animal	-3.7378320693969727	aff	aff
A cat is a furniture.	furniture	-5.249983787536621	aff	neg
A cat is not a furniture.	furniture	-4.497865200042725	neg	neg
A cat is not an animal.	animal	-3.736250400543213	neg	aff
A horse is an animal.	animal	-3.7649054527282715	aff	aff
A horse is a weapon.	weapon	-4.728951454162598	aff	neg
A horse is not a weapon.	weapon	-4.145254611968994	neg	neg
A horse is not an animal.	animal	-3.758155345916748	neg	aff
A cow is an animal.	animal	-3.928082227706909	aff	aff
A cow is a fruit.	fruit	-5.227320671081543	aff	neg
A cow is not a fruit.	fruit	-4.466719150543213	neg	neg
A cow is not an animal.	animal	-3.8286936283111572	neg	aff
A lion is an animal.	animal	-4.064455032348633	aff	aff
A lion is a profession.	profession	-5.735562801361084	aff	neg
A lion is not a profession.	profession	-5.194220542907715	neg	neg
A lion is not an animal.	animal	-4.063223838806152	neg	aff
A tiger is an animal.	animal	-4.068704605102539	aff	aff
A tiger is a city.	city	-5.491691589355469	aff	neg
A tiger is not a city.	city	-4.886380195617676	neg	neg
A tiger is not an animal.	animal	-3.9779109954833984	neg	aff
An elephant is an animal.	animal	-3.9658823013305664	aff	aff
An elephant is a flower.	flower	-4.9769158363342285	aff	neg
An elephant is not a flower.	flower	-4.542203426361084	neg	neg
An elephant is not an animal.	animal	-3.819340467453003	neg	aff
A pig is an animal.	animal	-4.085806846618652	aff	aff
A pig is a fruit.	fruit	-5.235898494720459	aff	neg
A pig is not a fruit.	fruit	-4.477797985076904	neg	neg
A pig is not an animal.	animal	-3.869434356689453	neg	aff
A bear is an animal.	animal	-4.096235275268555	aff	aff
A bear is a weapon.	weapon	-5.2777509689331055	aff	neg
A bear is not a weapon.	weapon	-4.5080389976501465	neg	neg
A bear is not an animal.	animal	-3.9757959842681885	neg	aff
A mouse is an animal.	animal	-4.184795379638672	aff	aff
A mouse is a weapon.	weapon	-5.123362064361572	aff	neg
A mouse is not a weapon.	weapon	-4.551364898681641	neg	neg
A mouse is not an animal.	animal	-4.247869968414307	neg	aff
A rat is an animal.	animal	-4.180977821350098	aff	aff
A rat is a fish.	fish	-4.951725959777832	aff	neg
A rat is not a fish.	fish	-4.317749977111816	neg	neg
A rat is not an animal.	animal	-4.093097686767578	neg	aff
A deer is an animal.	animal	-4.171294689178467	aff	aff
A deer is an insect.	insect	-5.238137722015381	aff	neg
A deer is not an insect.	insect	-4.463653087615967	neg	neg
A deer is not an animal.	animal	-4.006616592407227	neg	aff
A sheep is an animal.	animal	-4.2357025146484375	aff	aff
A sheep is a fish.	fish	-5.153143882751465	aff	neg
A sheep is not a fish.	fish	-4.176727294921875	neg	neg
A sheep is not an animal.	animal	-4.0598883628845215	neg	aff
A giraffe is an animal.	animal	-3.542651653289795	aff	aff
A giraffe is a color.	color	-4.82029914855957	aff	neg
A giraffe is not a color.	color	-4.230584621429443	neg	neg
A giraffe is not an animal.	animal	-3.604189872741699	neg	aff
A goat is an animal.	animal	-4.117717742919922	aff	aff
A goat is a fruit.	fruit	-5.441844940185547	aff	neg
A goat is not a fruit.	fruit	-4.660723686218262	neg	neg
A goat is not an animal.	animal	-4.03624153137207	neg	aff
A zebra is an animal.	animal	-3.4854626655578613	aff	aff
A zebra is a vegetable.	vegetable	-5.007208824157715	aff	neg
A zebra is not a vegetable.	vegetable	-4.4451141357421875	neg	neg
A zebra is not an animal.	animal	-3.550797462463379	neg	aff
A squirrel is an animal.	animal	-4.346932888031006	aff	aff
A squirrel is a crime.	crime	-5.6480231285095215	aff	neg
A squirrel is not a crime.	crime	-5.1237969398498535	neg	neg
A squirrel is not an animal.	animal	-4.141444683074951	neg	aff
A wolf is an animal.	animal	-3.964122772216797	aff	aff
A wolf is a bird.	bird	-4.671756267547607	aff	neg
A wolf is not a bird.	bird	-4.268091201782227	neg	neg
A wolf is not an animal.	animal	-3.8407623767852783	neg	aff
A donkey is an animal.	animal	-3.4087719917297363	aff	aff
A donkey is a crime.	crime	-4.895440578460693	aff	neg
A donkey is not a crime.	crime	-4.55316686630249	neg	neg
A donkey is not an animal.	animal	-3.5605320930480957	neg	aff
A rabbit is an animal.	animal	-3.9417760372161865	aff	aff
A rabbit is a bird.	bird	-4.814949035644531	aff	neg
A rabbit is not a bird.	bird	-3.838409900665283	neg	neg
A rabbit is not an animal.	animal	-3.8774213790893555	neg	aff
A leopard is an animal.	animal	-4.322090148925781	aff	aff
A leopard is a crime.	crime	-5.537487983703613	aff	neg
A leopard is not a crime.	crime	-5.238629341125488	neg	neg
A leopard is not an animal.	animal	-4.420032024383545	neg	aff
A mule is an animal.	animal	-3.9396419525146484	aff	aff
A mule is a metal.	metal	-5.355462074279785	aff	neg
A mule is not a metal.	metal	-4.410634994506836	neg	neg
A mule is not an animal.	animal	-3.4806816577911377	neg	aff
A fox is an animal.	animal	-4.311666965484619	aff	aff
A fox is a relative.	relative	-5.247118949890137	aff	neg
A fox is not a relative.	relative	-4.826910495758057	neg	neg
A fox is not an animal.	animal	-4.026881694793701	neg	aff
A bull is an animal.	animal	-4.269464492797852	aff	aff
A bull is a relative.	relative	-5.511324882507324	aff	neg
A bull is not a relative.	relative	-5.0027008056640625	neg	neg
A bull is not an animal.	animal	-4.1860551834106445	neg	aff
A buffalo is an animal.	animal	-4.255431175231934	aff	aff
A buffalo is a profession.	profession	-6.157298564910889	aff	neg
A buffalo is not a profession.	profession	-5.735180854797363	neg	neg
A buffalo is not an animal.	animal	-4.207286834716797	neg	aff
A moose is an animal.	animal	-3.6119909286499023	aff	aff
A moose is a state.	state	-5.102473258972168	aff	neg
A moose is not a state.	state	-4.8286213874816895	neg	neg
A moose is not an animal.	animal	-3.753028392791748	neg	aff
A rhinoceros is an animal.	animal	-2.92924165725708	aff	aff
A rhinoceros is a country.	country	-4.111368656158447	aff	neg
A rhinoceros is not a country.	country	-3.852076768875122	neg	neg
A rhinoceros is not an animal.	animal	-3.1193044185638428	neg	aff
A camel is an animal.	animal	-3.837017059326172	aff	aff
A camel is a tree.	tree	-5.004373073577881	aff	neg
A camel is not a tree.	tree	-4.324550628662109	neg	neg
A camel is not an animal.	animal	-3.9692447185516357	neg	aff
An antelope is an animal.	animal	-4.0076799392700195	aff	aff
An antelope is a fish.	fish	-4.801090240478516	aff	neg
An antelope is not a fish.	fish	-4.20931339263916	neg	neg
An antelope is not an animal.	animal	-3.9159231185913086	neg	aff
A hippopotamus is an animal.	animal	-3.304875373840332	aff	aff
A hippopotamus is a snake.	snake	-4.051387786865234	aff	neg
A hippopotamus is not a snake.	snake	-3.538620948791504	neg	neg
A hippopotamus is not an animal.	animal	-3.4406678676605225	neg	aff
A lamb is an animal.	animal	-4.449209213256836	aff	aff
A lamb is a country.	country	-6.642916679382324	aff	neg
A lamb is not a country.	country	-5.20063591003418	neg	neg
A lamb is not an animal.	animal	-4.295941352844238	neg	aff
A monkey is an animal.	animal	-4.168961524963379	aff	aff
A monkey is a bird.	bird	-4.822843551635742	aff	neg
A monkey is not a bird.	bird	-4.136399269104004	neg	neg
A monkey is not an animal.	animal	-3.951390027999878	neg	aff
A raccoon is an animal.	animal	-3.8385870456695557	aff	aff
A raccoon is a fruit.	fruit	-5.35367488861084	aff	neg
A raccoon is not a fruit.	fruit	-4.51525354385376	neg	neg
A raccoon is not an animal.	animal	-3.7386677265167236	neg	aff
A panther is an animal.	animal	-3.950077772140503	aff	aff
A panther is a sport.	sport	-5.268803596496582	aff	neg
A panther is not a sport.	sport	-4.7919111251831055	neg	neg
A panther is not an animal.	animal	-3.9091455936431885	neg	aff
A llama is an animal.	animal	-4.292693138122559	aff	aff
A llama is a fruit.	fruit	-5.808388710021973	aff	neg
A llama is not a fruit.	fruit	-5.0111308097839355	neg	neg
A llama is not an animal.	animal	-4.1861090660095215	neg	aff
A skunk is an animal.	animal	-3.7237348556518555	aff	aff
A skunk is a bird.	bird	-4.381734848022461	aff	neg
A skunk is not a bird.	bird	-3.646876811981201	neg	neg
A skunk is not an animal.	animal	-3.754911422729492	neg	aff
A cheetah is an animal.	animal	-3.356060028076172	aff	aff
A cheetah is a metal.	metal	-4.935405731201172	aff	neg
A cheetah is not a metal.	metal	-4.338888645172119	neg	neg
A cheetah is not an animal.	animal	-3.5313432216644287	neg	aff
A jaguar is an animal.	animal	-3.952441453933716	aff	aff
A jaguar is a toy.	toy	-5.282839298248291	aff	neg
A jaguar is not a toy.	toy	-4.239622116088867	neg	neg
A jaguar is not an animal.	animal	-4.031811714172363	neg	aff
A beaver is an animal.	animal	-3.6095447540283203	aff	aff
A beaver is a bird.	bird	-4.37145471572876	aff	neg
A beaver is not a bird.	bird	-3.671200752258301	neg	neg
A beaver is not an animal.	animal	-3.632033348083496	neg	aff
A gazelle is an animal.	animal	-4.0616960525512695	aff	aff
A gazelle is a fish.	fish	-4.89626407623291	aff	neg
A gazelle is not a fish.	fish	-4.158957004547119	neg	neg
A gazelle is not an animal.	animal	-4.119405746459961	neg	aff
A turtle is an animal.	animal	-4.162525177001953	aff	aff
A turtle is a sport.	sport	-5.787103652954102	aff	neg
A turtle is not a sport.	sport	-4.854377746582031	neg	neg
A turtle is not an animal.	animal	-4.057997226715088	neg	aff
An elk is an animal.	animal	-4.7468414306640625	aff	aff
An elk is a profession.	profession	-6.748386383056641	aff	neg
An elk is not a profession.	profession	-5.978017330169678	neg	neg
An elk is not an animal.	animal	-4.630963325500488	neg	aff
A blue is a color.	color	-4.333227157592773	aff	aff
A blue is a relative.	relative	-5.8755645751953125	aff	neg
A blue is not a relative.	relative	-5.483552932739258	neg	neg
A blue is not a color.	color	-4.08701229095459	neg	aff
A red is a color.	color	-4.341928482055664	aff	aff
A red is a snake.	snake	-5.716113090515137	aff	neg
A red is not a snake.	snake	-5.20333194732666	neg	neg
A red is not a color.	color	-4.122432231903076	neg	aff
A green is a color.	color	-4.473457336425781	aff	aff
A green is a weapon.	weapon	-5.65116024017334	aff	neg
A green is not a weapon.	weapon	-4.919821739196777	neg	neg
A green is not a color.	color	-4.2465620040893555	neg	aff
A yellow is a color.	color	-4.42872953414917	aff	aff
A yellow is a bird.	bird	-5.689741134643555	aff	neg
A yellow is not a bird.	bird	-5.076620578765869	neg	neg
A yellow is not a color.	color	-4.220335483551025	neg	aff
An orange is a color.	color	-4.563968658447266	aff	aff
An orange is a flower.	flower	-4.9738359451293945	aff	neg
An orange is not a flower.	flower	-4.285822868347168	neg	neg
An orange is not a color.	color	-4.130033493041992	neg	aff
A black is a color.	color	-4.427428722381592	aff	aff
A black is a city.	city	-5.943450927734375	aff	neg
A black is not a city.	city	-5.11405086517334	neg	neg
A black is not a color.	color	-4.108506679534912	neg	aff
A purple is a color.	color	-4.504351615905762	aff	aff
A purple is a metal.	metal	-5.884737968444824	aff	neg
A purple is not a metal.	metal	-5.067312240600586	neg	neg
A purple is not a color.	color	-4.2815141677856445	neg	aff
A white is a color.	color	-4.593033790588379	aff	aff
A white is a furniture.	furniture	-6.069282531738281	aff	neg
A white is not a furniture.	furniture	-5.646380424499512	neg	neg
A white is not a color.	color	-4.186728477478027	neg	aff
A pink is a color.	color	-4.334105491638184	aff	aff
A pink is a sport.	sport	-6.117229461669922	aff	neg
A pink is not a sport.	sport	-5.2004008293151855	neg	neg
A pink is not a color.	color	-4.146890640258789	neg	aff
A brown is a color.	color	-4.637770652770996	aff	aff
A brown is a metal.	metal	-5.848750114440918	aff	neg
A brown is not a metal.	metal	-5.124382019042969	neg	neg
A brown is not a color.	color	-4.278171539306641	neg	aff
A violet is a color.	color	-4.448646545410156	aff	aff
A violet is a vegetable.	vegetable	-5.361604690551758	aff	neg
A violet is not a vegetable.	vegetable	-4.736546516418457	neg	neg
A violet is not a color.	color	-4.33209228515625	neg	aff
A gray is a color.	color	-4.551942348480225	aff	aff
A gray is a vehicle.	vehicle	-6.263235092163086	aff	neg
A gray is not a vehicle.	vehicle	-5.591233253479004	neg	neg
A gray is not a color.	color	-4.070549964904785	neg	aff
A turquoise is a color.	color	-5.033175468444824	aff	aff
A turquoise is a vehicle.	vehicle	-6.691217422485352	aff	neg
A turquoise is not a vehicle.	vehicle	-5.8483357429504395	neg	neg
A turquoise is not a color.	color	-4.674487590789795	neg	aff
A gold is a color.	color	-4.853574752807617	aff	aff
A gold is a fish.	fish	-5.719254970550537	aff	neg
A gold is not a fish.	fish	-5.1567702293396	neg	neg
A gold is not a color.	color	-4.886932373046875	neg	aff
An indigo is a color.	color	-4.380361557006836	aff	aff
An indigo is a furniture.	furniture	-5.530248641967773	aff	neg
An indigo is not a furniture.	furniture	-5.316947937011719	neg	neg
An indigo is not a color.	color	-4.248613357543945	neg	aff
A maroon is a color.	color	-3.844522476196289	aff	aff
A maroon is a state.	state	-5.373051643371582	aff	neg
A maroon is not a state.	state	-4.626729965209961	neg	neg
A maroon is not a color.	color	-3.7939183712005615	neg	aff
A chartreuse is a color.	color	-4.480123043060303	aff	aff
A chartreuse is a country.	country	-5.795634746551514	aff	neg
A chartreuse is not a country.	country	-5.057886123657227	neg	neg
A chartreuse is not a color.	color	-4.240658760070801	neg	aff
A tan is a color.	color	-4.763616561889648	aff	aff
A tan is a profession.	profession	-5.103409290313721	aff	neg
A tan is not a profession.	profession	-5.0107269287109375	neg	neg
A tan is not a color.	color	-4.407967567443848	neg	aff
A lavender is a color.	color	-4.956079483032227	aff	aff
A lavender is a vegetable.	vegetable	-5.702077865600586	aff	neg
A lavender is not a vegetable.	vegetable	-5.0502119064331055	neg	neg
A lavender is not a color.	color	-4.695223331451416	neg	aff
A beige is a color.	color	-4.812198162078857	aff	aff
A beige is a disease.	disease	-6.826455593109131	aff	neg
A beige is not a disease.	disease	-5.830106258392334	neg	neg
A beige is not a color.	color	-4.413967609405518	neg	aff
A silver is a color.	color	-4.696307182312012	aff	aff
A silver is a country.	country	-6.016923904418945	aff	neg
A silver is not a country.	country	-5.308691501617432	neg	neg
A silver is not a color.	color	-4.657695770263672	neg	aff
An aqua is a color.	color	-4.583571434020996	aff	aff
An aqua is a fish.	fish	-4.895034313201904	aff	neg
An aqua is not a fish.	fish	-4.549932479858398	neg	neg
An aqua is not a color.	color	-4.362349033355713	neg	aff
A magenta is a color.	color	-4.174017429351807	aff	aff
A magenta is a vehicle.	vehicle	-5.833096504211426	aff	neg
A magenta is not a vehicle.	vehicle	-5.2613115310668945	neg	neg
A magenta is not a color.	color	-4.137226104736328	neg	aff
An olive is a color.	color	-5.295682907104492	aff	aff
An olive is a toy.	toy	-6.727169036865234	aff	neg
An olive is not a toy.	toy	-4.893007278442383	neg	neg
An olive is not a color.	color	-4.762408256530762	neg	aff
A rose is a color.	color	-4.5825910568237305	aff	aff
A rose is a flower.	flower	-3.3341901302337646	aff	neg
A rose is not a flower.	flower	-3.4064066410064697	neg	neg
A rose is not a color.	color	-4.206366539001465	neg	aff
A mauve is a color.	color	-4.3521037101745605	aff	aff
A mauve is a sport.	sport	-5.846758842468262	aff	neg
A mauve is not a sport.	sport	-5.254971981048584	neg	neg
A mauve is not a color.	color	-4.216920852661133	neg	aff
A chair is a furniture.	furniture	-4.415324687957764	aff	aff
A chair is a tree.	tree	-4.78340482711792	aff	neg
A chair is not a tree.	tree	-4.148272514343262	neg	neg
A chair is not a furniture.	furniture	-4.222901344299316	neg	aff
A table is a furniture.	furniture	-4.832548141479492	aff	aff
A table is an animal.	animal	-5.177428245544434	aff	neg
A table is not an animal.	animal	-4.5861992835998535	neg	neg
A table is not a furniture.	furniture	-4.244906902313232	neg	aff
A bed is a furniture.	furniture	-4.481372356414795	aff	aff
A bed is a bird.	bird	-5.617658615112305	aff	neg
A bed is not a bird.	bird	-4.713151454925537	neg	neg
A bed is not a furniture.	furniture	-4.351627349853516	neg	aff
A sofa is a furniture.	furniture	-4.600222587585449	aff	aff
A sofa is a fish.	fish	-6.0686750411987305	aff	neg
A sofa is not a fish.	fish	-5.147917747497559	neg	neg
A sofa is not a furniture.	furniture	-4.427677154541016	neg	aff
A desk is a furniture.	furniture	-4.553234577178955	aff	aff
A desk is a sport.	sport	-5.901265621185303	aff	neg
A desk is not a sport.	sport	-4.963503360748291	neg	neg
A desk is not a furniture.	furniture	-4.41400671005249	neg	aff
A lamp is a furniture.	furniture	-5.46891975402832	aff	aff
A lamp is a flower.	flower	-5.393460273742676	aff	neg
A lamp is not a flower.	flower	-4.754745006561279	neg	neg
A lamp is not a furniture.	furniture	-4.941287517547607	neg	aff
A couch is a furniture.	furniture	-4.699853897094727	aff	aff
A couch is an animal.	animal	-5.615292549133301	aff	neg
A couch is not an animal.	animal	-4.916147708892822	neg	neg
A couch is not a furniture.	furniture	-4.618018627166748	neg	aff
A dresser is a furniture.	furniture	-4.831416130065918	aff	aff
A dresser is a sport.	sport	-6.3905229568481445	aff	neg
A dresser is not a sport.	sport	-5.540151119232178	neg	neg
A dresser is not a furniture.	furniture	-4.850375175476074	neg	aff
A television is a furniture.	furniture	-5.580279350280762	aff	aff
A television is a city.	city	-5.740119934082031	aff	neg
A television is not a city.	city	-5.084524631500244	neg	neg
A television is not a furniture.	furniture	-4.9078779220581055	neg	aff
A stool is a furniture.	furniture	-4.598532676696777	aff	aff
A stool is a city.	city	-5.482306957244873	aff	neg
A stool is not a city.	city	-5.0656633377075195	neg	neg
A stool is not a furniture.	furniture	-4.523830413818359	neg	aff
A bureau is a furniture.	furniture	-5.599975109100342	aff	aff
A bureau is a vegetable.	vegetable	-6.286499977111816	aff	neg
A bureau is not a vegetable.	vegetable	-5.541536331176758	neg	neg
A bureau is not a furniture.	furniture	-5.0599493980407715	neg	aff
A rug is a furniture.	furniture	-5.0596818923950195	aff	aff
A rug is a profession.	profession	-5.672122001647949	aff	neg
A rug is not a profession.	profession	-5.249846458435059	neg	neg
A rug is not a furniture.	furniture	-4.421846866607666	neg	aff
A bookcase is a furniture.	furniture	-4.073536396026611	aff	aff
A bookcase is a snake.	snake	-5.126328945159912	aff	neg
A bookcase is not a snake.	snake	-4.688503265380859	neg	neg
A bookcase is not a furniture.	furniture	-3.9562511444091797	neg	aff
A cabinet is a furniture.	furniture	-4.920892715454102	aff	aff
A cabinet is a snake.	snake	-5.559831142425537	aff	neg
A cabinet is not a snake.	snake	-5.210953712463379	neg	neg
A cabinet is not a furniture.	furniture	-4.470849514007568	neg	aff
A chest is a furniture.	furniture	-5.672533988952637	aff	aff
A chest is an insect.	insect	-5.909097671508789	aff	neg
A chest is not an insect.	insect	-5.296075344085693	neg	neg
A chest is not a furniture.	furniture	-5.221765041351318	neg	aff
A piano is a furniture.	furniture	-5.247344017028809	aff	aff
A piano is a snake.	snake	-5.497430324554443	aff	neg
A piano is not a snake.	snake	-4.707066535949707	neg	neg
A piano is not a furniture.	furniture	-4.532042503356934	neg	aff
A footstool is a furniture.	furniture	-4.058253288269043	aff	aff
A footstool is a fish.	fish	-5.214550018310547	aff	neg
A footstool is not a fish.	fish	-4.72952938079834	neg	neg
A footstool is not a furniture.	furniture	-3.9132206439971924	neg	aff
A buffet is a furniture.	furniture	-5.757333278656006	aff	aff
A buffet is a relative.	relative	-5.852601051330566	aff	neg
A buffet is not a relative.	relative	-5.159518718719482	neg	neg
A buffet is not a furniture.	furniture	-5.131112098693848	neg	aff
A radio is a furniture.	furniture	-6.1412458419799805	aff	aff
A radio is a weapon.	weapon	-5.6231889724731445	aff	neg
A radio is not a weapon.	weapon	-4.551641464233398	neg	neg
A radio is not a furniture.	furniture	-5.250030517578125	neg	aff
A stereo is a furniture.	furniture	-6.033252239227295	aff	aff
A stereo is a crime.	crime	-6.077576637268066	aff	neg
A stereo is not a crime.	crime	-5.353601455688477	neg	neg
A stereo is not a furniture.	furniture	-5.456930160522461	neg	aff
A hi-fi is a furniture.	furniture	-5.456572532653809	aff	aff
A hi-fi is a sport.	sport	-5.664583683013916	aff	neg
A hi-fi is not a sport.	sport	-4.91438102722168	neg	neg
A hi-fi is not a furniture.	furniture	-4.836244106292725	neg	aff
A picture is a furniture.	furniture	-5.817102432250977	aff	aff
A picture is a metal.	metal	-5.500142574310303	aff	neg
A picture is not a metal.	metal	-4.942956447601318	neg	neg
A picture is not a furniture.	furniture	-4.960716247558594	neg	aff
A davenport is a furniture.	furniture	-4.876883506774902	aff	aff
A davenport is a fruit.	fruit	-5.489077568054199	aff	neg
A davenport is not a fruit.	fruit	-5.051706314086914	neg	neg
A davenport is not a furniture.	furniture	-4.652538299560547	neg	aff
A bench is a furniture.	furniture	-5.2888407707214355	aff	aff
A bench is a fish.	fish	-6.444087028503418	aff	neg
A bench is not a fish.	fish	-5.471823692321777	neg	neg
A bench is not a furniture.	furniture	-4.991121292114258	neg	aff
A divan is a furniture.	furniture	-4.535979270935059	aff	aff
A divan is a state.	state	-5.2134222984313965	aff	neg
A divan is not a state.	state	-4.889459609985352	neg	neg
A divan is not a furniture.	furniture	-4.400595664978027	neg	aff
A hassock is a furniture.	furniture	-4.796517848968506	aff	aff
A hassock is a vegetable.	vegetable	-5.259829044342041	aff	neg
A hassock is not a vegetable.	vegetable	-4.776159286499023	neg	neg
A hassock is not a furniture.	furniture	-4.386085510253906	neg	aff
A lounge is a furniture.	furniture	-5.5662336349487305	aff	aff
A lounge is a metal.	metal	-6.453701019287109	aff	neg
A lounge is not a metal.	metal	-5.692533493041992	neg	neg
A lounge is not a furniture.	furniture	-4.937001705169678	neg	aff
A mirror is a furniture.	furniture	-5.175393104553223	aff	aff
A mirror is a bird.	bird	-5.71544075012207	aff	neg
A mirror is not a bird.	bird	-4.859914779663086	neg	neg
A mirror is not a furniture.	furniture	-4.823314189910889	neg	aff
A refrigerator is a furniture.	furniture	-5.561247825622559	aff	aff
A refrigerator is an insect.	insect	-6.198078155517578	aff	neg
A refrigerator is not an insect.	insect	-5.35798978805542	neg	neg
A refrigerator is not a furniture.	furniture	-4.84104061126709	neg	aff
A rocker is a furniture.	furniture	-5.759194850921631	aff	aff
A rocker is a country.	country	-6.465695858001709	aff	neg
A rocker is not a country.	country	-5.585761547088623	neg	neg
A rocker is not a furniture.	furniture	-5.362292289733887	neg	aff
A stove is a furniture.	furniture	-5.385307312011719	aff	aff
A stove is a relative.	relative	-5.584890365600586	aff	neg
A stove is not a relative.	relative	-5.281686305999756	neg	neg
A stove is not a furniture.	furniture	-4.840695858001709	neg	aff
An apple is a fruit.	fruit	-3.666569471359253	aff	aff
An apple is a bird.	bird	-5.546605587005615	aff	neg
An apple is not a bird.	bird	-4.366127967834473	neg	neg
An apple is not a fruit.	fruit	-3.54793381690979	neg	aff
A orange is a fruit.	fruit	-4.757108688354492	aff	aff
A orange is a state.	state	-6.38729190826416	aff	neg
A orange is not a state.	state	-5.631674289703369	neg	neg
A orange is not a fruit.	fruit	-4.46259069442749	neg	aff
A pear is a fruit.	fruit	-3.983234405517578	aff	aff
A pear is a vegetable.	vegetable	-4.744758605957031	aff	neg
A pear is not a vegetable.	vegetable	-4.175221920013428	neg	neg
A pear is not a fruit.	fruit	-3.7597239017486572	neg	aff
A banana is a fruit.	fruit	-3.648465633392334	aff	aff
A banana is a metal.	metal	-6.052984237670898	aff	neg
A banana is not a metal.	metal	-4.596595764160156	neg	neg
A banana is not a fruit.	fruit	-3.4107463359832764	neg	aff
A peach is a fruit.	fruit	-4.162282466888428	aff	aff
A peach is a metal.	metal	-6.320624828338623	aff	neg
A peach is not a metal.	metal	-4.910801887512207	neg	neg
A peach is not a fruit.	fruit	-3.7546586990356445	neg	aff
A grape is a fruit.	fruit	-4.08076286315918	aff	aff
A grape is a furniture.	furniture	-7.12669563293457	aff	neg
A grape is not a furniture.	furniture	-5.741010665893555	neg	neg
A grape is not a fruit.	fruit	-3.7827560901641846	neg	aff
A cherry is a fruit.	fruit	-3.9379966259002686	aff	aff
A cherry is a sport.	sport	-6.399326324462891	aff	neg
A cherry is not a sport.	sport	-5.238589286804199	neg	neg
A cherry is not a fruit.	fruit	-3.9235050678253174	neg	aff
A plum is a fruit.	fruit	-4.047595500946045	aff	aff
A plum is a vehicle.	vehicle	-6.093430519104004	aff	neg
A plum is not a vehicle.	vehicle	-5.305754661560059	neg	neg
A plum is not a fruit.	fruit	-3.8036444187164307	neg	aff
A grapefruit is a fruit.	fruit	-3.6138463020324707	aff	aff
A grapefruit is a weapon.	weapon	-4.963752746582031	aff	neg
A grapefruit is not a weapon.	weapon	-4.393372058868408	neg	neg
A grapefruit is not a fruit.	fruit	-3.3327994346618652	neg	aff
A lemon is a fruit.	fruit	-3.8835010528564453	aff	aff
A lemon is a disease.	disease	-5.864686012268066	aff	neg
A lemon is not a disease.	disease	-4.795770168304443	neg	neg
A lemon is not a fruit.	fruit	-3.6826603412628174	neg	aff
A tangerine is a fruit.	fruit	-3.2042744159698486	aff	aff
A tangerine is an animal.	animal	-4.417802333831787	aff	neg
A tangerine is not an animal.	animal	-3.6915528774261475	neg	neg
A tangerine is not a fruit.	fruit	-3.0029633045196533	neg	aff
An apricot is a fruit.	fruit	-3.5946543216705322	aff	aff
An apricot is a sport.	sport	-5.719491004943848	aff	neg
An apricot is not a sport.	sport	-4.609127998352051	neg	neg
An apricot is not a fruit.	fruit	-3.607802391052246	neg	aff
A pineapple is a fruit.	fruit	-4.046342849731445	aff	aff
A pineapple is a weapon.	weapon	-5.683434963226318	aff	neg
A pineapple is not a weapon.	weapon	-4.6097517013549805	neg	neg
A pineapple is not a fruit.	fruit	-3.5530600547790527	neg	aff
A lime is a fruit.	fruit	-4.35642671585083	aff	aff
A lime is a flower.	flower	-5.416652679443359	aff	neg
A lime is not a flower.	flower	-4.90130615234375	neg	neg
A lime is not a fruit.	fruit	-4.175885200500488	neg	aff
A tomato is a fruit.	fruit	-3.436579465866089	aff	aff
A tomato is an insect.	insect	-5.786466121673584	aff	neg
A tomato is not an insect.	insect	-4.602422714233398	neg	neg
A tomato is not a fruit.	fruit	-3.4599742889404297	neg	aff
A strawberry is a fruit.	fruit	-4.074793815612793	aff	aff
A strawberry is a metal.	metal	-6.40381383895874	aff	neg
A strawberry is not a metal.	metal	-4.923525810241699	neg	neg
A strawberry is not a fruit.	fruit	-3.7124509811401367	neg	aff
A watermelon is a fruit.	fruit	-3.1972336769104004	aff	aff
A watermelon is a fish.	fish	-4.4811859130859375	aff	neg
A watermelon is not a fish.	fish	-3.782668113708496	neg	neg
A watermelon is not a fruit.	fruit	-3.1217048168182373	neg	aff
A prunes is a fruit.	fruit	-5.151788234710693	aff	aff
A prunes is a profession.	profession	-6.886599540710449	aff	neg
A prunes is not a profession.	profession	-6.033219337463379	neg	neg
A prunes is not a fruit.	fruit	-4.768940448760986	neg	aff
A cantalope is a fruit.	fruit	-3.7174675464630127	aff	aff
A cantalope is a snake.	snake	-4.858997344970703	aff	neg
A cantalope is not a snake.	snake	-4.389527320861816	neg	neg
A cantalope is not a fruit.	fruit	-3.606736898422241	neg	aff
A raspberry is a fruit.	fruit	-4.269667625427246	aff	aff
A raspberry is a snake.	snake	-5.920235633850098	aff	neg
A raspberry is not a snake.	snake	-5.112964153289795	neg	neg
A raspberry is not a fruit.	fruit	-4.0980706214904785	neg	aff
A pomegranate is a fruit.	fruit	-2.5454702377319336	aff	aff
A pomegranate is a sport.	sport	-3.6021969318389893	aff	neg
A pomegranate is not a sport.	sport	-3.3574492931365967	neg	neg
A pomegranate is not a fruit.	fruit	-2.611400604248047	neg	aff
A blueberry is a fruit.	fruit	-3.610128879547119	aff	aff
A blueberry is a country.	country	-5.63107442855835	aff	neg
A blueberry is not a country.	country	-4.688549995422363	neg	neg
A blueberry is not a fruit.	fruit	-3.593076705932617	neg	aff
A mango is a fruit.	fruit	-3.910377025604248	aff	aff
A mango is a weapon.	weapon	-5.626422882080078	aff	neg
A mango is not a weapon.	weapon	-4.759721755981445	neg	neg
A mango is not a fruit.	fruit	-3.621699333190918	neg	aff
An avocado is a fruit.	fruit	-3.7163939476013184	aff	aff
An avocado is an insect.	insect	-5.968720436096191	aff	neg
An avocado is not an insect.	insect	-4.749455451965332	neg	neg
An avocado is not a fruit.	fruit	-3.5497963428497314	neg	aff
A fig is a fruit.	fruit	-4.102043628692627	aff	aff
A fig is a flower.	flower	-4.672754287719727	aff	neg
A fig is not a flower.	flower	-4.575564384460449	neg	neg
A fig is not a fruit.	fruit	-3.768075466156006	neg	aff
A raisin is a fruit.	fruit	-4.267826080322266	aff	aff
A raisin is a color.	color	-5.518228054046631	aff	neg
A raisin is not a color.	color	-4.605743408203125	neg	neg
A raisin is not a fruit.	fruit	-3.715296745300293	neg	aff
A coconut is a fruit.	fruit	-3.869220733642578	aff	aff
A coconut is a sport.	sport	-5.572324752807617	aff	neg
A coconut is not a sport.	sport	-5.010437965393066	neg	neg
A coconut is not a fruit.	fruit	-3.588963270187378	neg	aff
A nectarine is a fruit.	fruit	-3.4077229499816895	aff	aff
A nectarine is a profession.	profession	-4.913773059844971	aff	neg
A nectarine is not a profession.	profession	-4.637738227844238	neg	neg
A nectarine is not a fruit.	fruit	-3.5113298892974854	neg	aff
A berry is a fruit.	fruit	-4.619919776916504	aff	aff
A berry is a state.	state	-5.951198101043701	aff	neg
A berry is not a state.	state	-5.466294765472412	neg	neg
A berry is not a fruit.	fruit	-4.0432658195495605	neg	aff
A melon is a fruit.	fruit	-3.420898914337158	aff	aff
A melon is a furniture.	furniture	-5.927064895629883	aff	neg
A melon is not a furniture.	furniture	-5.076172828674316	neg	neg
A melon is not a fruit.	fruit	-3.4170949459075928	neg	aff
A kumquat is a fruit.	fruit	-3.8007380962371826	aff	aff
A kumquat is a relative.	relative	-5.015115261077881	aff	neg
A kumquat is not a relative.	relative	-4.6639814376831055	neg	neg
A kumquat is not a fruit.	fruit	-3.6656250953674316	neg	aff
A knife is a weapon.	weapon	-4.018919467926025	aff	aff
A knife is a disease.	disease	-5.637113094329834	aff	neg
A knife is not a disease.	disease	-4.896312236785889	neg	neg
A knife is not a weapon.	weapon	-3.465759515762329	neg	aff
A gun is a weapon.	weapon	-3.9122798442840576	aff	aff
A gun is a sport.	sport	-5.300191402435303	aff	neg
A gun is not a sport.	sport	-4.002121925354004	neg	neg
A gun is not a weapon.	weapon	-3.6005051136016846	neg	aff
A rifle is a weapon.	weapon	-4.288323402404785	aff	aff
A rifle is a city.	city	-5.298985004425049	aff	neg
A rifle is not a city.	city	-5.011331081390381	neg	neg
A rifle is not a weapon.	weapon	-3.7299304008483887	neg	aff
A bomb is a weapon.	weapon	-4.727426528930664	aff	aff
A bomb is a sport.	sport	-6.142989635467529	aff	neg
A bomb is not a sport.	sport	-4.720190048217773	neg	neg
A bomb is not a weapon.	weapon	-4.125466823577881	neg	aff
A club is a weapon.	weapon	-5.516429901123047	aff	aff
A club is a fish.	fish	-5.220440864562988	aff	neg
A club is not a fish.	fish	-4.762554168701172	neg	neg
A club is not a weapon.	weapon	-4.729070663452148	neg	aff
A sword is a weapon.	weapon	-4.066275596618652	aff	aff
A sword is a city.	city	-5.510601043701172	aff	neg
A sword is not a city.	city	-4.922398567199707	neg	neg
A sword is not a weapon.	weapon	-3.749469757080078	neg	aff
A pistol is a weapon.	weapon	-4.5188798904418945	aff	aff
A pistol is a crime.	crime	-4.931923866271973	aff	neg
A pistol is not a crime.	crime	-4.517373085021973	neg	neg
A pistol is not a weapon.	weapon	-3.8608062267303467	neg	aff
A rope is a weapon.	weapon	-5.540568828582764	aff	aff
A rope is a crime.	crime	-5.938922882080078	aff	neg
A rope is not a crime.	crime	-5.368873119354248	neg	neg
A rope is not a weapon.	weapon	-4.881977081298828	neg	aff
A cannon is a weapon.	weapon	-4.5063252449035645	aff	aff
A cannon is a bird.	bird	-5.915627956390381	aff	neg
A cannon is not a bird.	bird	-4.964667797088623	neg	neg
A cannon is not a weapon.	weapon	-4.207672119140625	neg	aff
A spear is a weapon.	weapon	-4.622396469116211	aff	aff
A spear is a toy.	toy	-6.073028564453125	aff	neg
A spear is not a toy.	toy	-4.43260383605957	neg	neg
A spear is not a weapon.	weapon	-4.150053977966309	neg	aff
A fists is a weapon.	weapon	-5.6447272300720215	aff	aff
A fists is a vegetable.	vegetable	-6.4823150634765625	aff	neg
A fists is not a vegetable.	vegetable	-5.794584274291992	neg	neg
A fists is not a weapon.	weapon	-5.02862024307251	neg	aff
A stick is a weapon.	weapon	-4.639403343200684	aff	aff
A stick is a fruit.	fruit	-5.465526580810547	aff	neg
A stick is not a fruit.	fruit	-4.631877422332764	neg	neg
A stick is not a weapon.	weapon	-4.0953803062438965	neg	aff
A tank is a weapon.	weapon	-4.738982677459717	aff	aff
A tank is a vegetable.	vegetable	-5.788368225097656	aff	neg
A tank is not a vegetable.	vegetable	-4.865771770477295	neg	neg
A tank is not a weapon.	weapon	-4.116405963897705	neg	aff
A poison is a weapon.	weapon	-5.457953929901123	aff	aff
A poison is a crime.	crime	-5.838774681091309	aff	neg
A poison is not a crime.	crime	-4.785531520843506	neg	neg
A poison is not a weapon.	weapon	-4.583987236022949	neg	aff
A missile is a weapon.	weapon	-4.518556118011475	aff	aff
A missile is a country.	country	-6.687352657318115	aff	neg
A missile is not a country.	country	-5.244859218597412	neg	neg
A missile is not a weapon.	weapon	-4.253716468811035	neg	aff
A bayonet is a weapon.	weapon	-3.8759689331054688	aff	aff
A bayonet is a vehicle.	vehicle	-5.398946762084961	aff	neg
A bayonet is not a vehicle.	vehicle	-4.492459297180176	neg	neg
A bayonet is not a weapon.	weapon	-3.5777571201324463	neg	aff
A chain is a weapon.	weapon	-5.402593612670898	aff	aff
A chain is a disease.	disease	-5.3413496017456055	aff	neg
A chain is not a disease.	disease	-4.854912757873535	neg	neg
A chain is not a weapon.	weapon	-4.436580181121826	neg	aff
A whip is a weapon.	weapon	-4.44333553314209	aff	aff
A whip is a country.	country	-5.985589504241943	aff	neg
A whip is not a country.	country	-5.217648506164551	neg	neg
A whip is not a weapon.	weapon	-3.943669557571411	neg	aff
A hammer is a weapon.	weapon	-4.485252857208252	aff	aff
A hammer is a disease.	disease	-5.591207027435303	aff	neg
A hammer is not a disease.	disease	-4.990931987762451	neg	neg
A hammer is not a weapon.	weapon	-3.915163278579712	neg	aff
A rock is a weapon.	weapon	-5.613265514373779	aff	aff
A rock is a relative.	relative	-5.82133674621582	aff	neg
A rock is not a relative.	relative	-5.237795352935791	neg	neg
A rock is not a weapon.	weapon	-4.712510585784912	neg	aff
An arrow is a weapon.	weapon	-4.307951927185059	aff	aff
An arrow is a country.	country	-6.221114158630371	aff	neg
An arrow is not a country.	country	-5.033872604370117	neg	neg
An arrow is not a weapon.	weapon	-4.077661037445068	neg	aff
A stone is a weapon.	weapon	-5.632491111755371	aff	aff
A stone is a vegetable.	vegetable	-5.58397102355957	aff	neg
A stone is not a vegetable.	vegetable	-4.7627129554748535	neg	neg
A stone is not a weapon.	weapon	-4.694340705871582	neg	aff
A bazooka is a weapon.	weapon	-3.4302215576171875	aff	aff
A bazooka is an animal.	animal	-4.420604705810547	aff	neg
A bazooka is not an animal.	animal	-3.9403958320617676	neg	neg
A bazooka is not a weapon.	weapon	-3.411851644515991	neg	aff
A glass is a weapon.	weapon	-5.155219078063965	aff	aff
A glass is a flower.	flower	-5.428921699523926	aff	neg
A glass is not a flower.	flower	-4.556036949157715	neg	neg
A glass is not a weapon.	weapon	-4.496849060058594	neg	aff
A slingshot is a weapon.	weapon	-3.3755669593811035	aff	aff
A slingshot is a crime.	crime	-3.991546869277954	aff	neg
A slingshot is not a crime.	crime	-3.9256792068481445	neg	neg
A slingshot is not a weapon.	weapon	-3.1053357124328613	neg	aff
A blackjack is a weapon.	weapon	-5.4370856285095215	aff	aff
A blackjack is a tree.	tree	-5.523841857910156	aff	neg
A blackjack is not a tree.	tree	-5.126467704772949	neg	neg
A blackjack is not a weapon.	weapon	-4.65296745300293	neg	aff
A revolver is a weapon.	weapon	-4.936671257019043	aff	aff
A revolver is a furniture.	furniture	-6.470699310302734	aff	neg
A revolver is not a furniture.	furniture	-5.8742146492004395	neg	neg
A revolver is not a weapon.	weapon	-4.276218414306641	neg	aff
A shotgun is a weapon.	weapon	-4.637027263641357	aff	aff
A shotgun is a color.	color	-6.015334129333496	aff	neg
A shotgun is not a color.	color	-5.364212512969971	neg	neg
A shotgun is not a weapon.	weapon	-3.9949140548706055	neg	aff
A pipe is a weapon.	weapon	-5.311234474182129	aff	aff
A pipe is a fruit.	fruit	-5.841611385345459	aff	neg
A pipe is not a fruit.	fruit	-4.755522727966309	neg	neg
A pipe is not a weapon.	weapon	-4.562087535858154	neg	aff
An A-bomb is a weapon.	weapon	-4.058889389038086	aff	aff
An A-bomb is a bird.	bird	-4.982572555541992	aff	neg
An A-bomb is not a bird.	bird	-4.33629846572876	neg	neg
An A-bomb is not a weapon.	weapon	-3.7959682941436768	neg	aff
An airplane is a weapon.	weapon	-5.146045207977295	aff	aff
An airplane is a state.	state	-5.467130661010742	aff	neg
An airplane is not a state.	state	-4.996798515319824	neg	neg
An airplane is not a weapon.	weapon	-4.693219184875488	neg	aff
A bow is a weapon.	weapon	-4.676910400390625	aff	aff
A bow is a sport.	sport	-5.390766143798828	aff	neg
A bow is not a sport.	sport	-4.476353645324707	neg	neg
A bow is not a weapon.	weapon	-3.819744348526001	neg	aff
A dagger is a weapon.	weapon	-4.641711235046387	aff	aff
A dagger is a state.	state	-6.383439064025879	aff	neg
A dagger is not a state.	state	-5.423540115356445	neg	neg
A dagger is not a weapon.	weapon	-4.12477970123291	neg	aff
A gas is a weapon.	weapon	-6.346584320068359	aff	aff
A gas is a disease.	disease	-5.668540954589844	aff	neg
A gas is not a disease.	disease	-5.371010780334473	neg	neg
A gas is not a weapon.	weapon	-5.660733222961426	neg	aff
A foot is a weapon.	weapon	-4.832063674926758	aff	aff
A foot is an animal.	animal	-5.470024108886719	aff	neg
A foot is not an animal.	animal	-4.6977105140686035	neg	neg
A foot is not a weapon.	weapon	-4.499216079711914	neg	aff
A hatchet is a weapon.	weapon	-3.897589683532715	aff	aff
A hatchet is a fish.	fish	-5.651298999786377	aff	neg
A hatchet is not a fish.	fish	-4.509599208831787	neg	neg
A hatchet is not a weapon.	weapon	-3.5204217433929443	neg	aff
A mortar is a weapon.	weapon	-4.693554878234863	aff	aff
A mortar is a metal.	metal	-6.2813239097595215	aff	neg
A mortar is not a metal.	metal	-5.261302947998047	neg	neg
A mortar is not a weapon.	weapon	-4.116031646728516	neg	aff
A scissors is a weapon.	weapon	-5.537353515625	aff	aff
A scissors is a profession.	profession	-6.395781517028809	aff	neg
A scissors is not a profession.	profession	-5.743422508239746	neg	neg
A scissors is not a weapon.	weapon	-4.571115016937256	neg	aff
A lance is a weapon.	weapon	-4.883632659912109	aff	aff
A lance is a bird.	bird	-6.327510356903076	aff	neg
A lance is not a bird.	bird	-5.338015079498291	neg	neg
A lance is not a weapon.	weapon	-4.474946022033691	neg	aff
A switchblade is a weapon.	weapon	-4.387921333312988	aff	aff
A switchblade is an animal.	animal	-5.199206829071045	aff	neg
A switchblade is not an animal.	animal	-4.723974227905273	neg	neg
A switchblade is not a weapon.	weapon	-3.8419880867004395	neg	aff
France is a country.	country	-4.468042373657227	aff	aff
France is a tree.	tree	-6.071652412414551	aff	neg
France is not a tree.	tree	-5.184733867645264	neg	neg
France is not a country.	country	-4.125571250915527	neg	aff
USA is a country.	country	-4.798762798309326	aff	aff
USA is a flower.	flower	-6.4611968994140625	aff	neg
USA is not a flower.	flower	-5.940059185028076	neg	neg
USA is not a country.	country	-4.30180025100708	neg	aff
Russia is a country.	country	-4.6178812980651855	aff	aff
Russia is a weapon.	weapon	-6.138065338134766	aff	neg
Russia is not a weapon.	weapon	-5.157477855682373	neg	neg
Russia is not a country.	country	-4.045661449432373	neg	aff
England is a country.	country	-4.852385997772217	aff	aff
England is a furniture.	furniture	-7.037930488586426	aff	neg
England is not a furniture.	furniture	-6.310459136962891	neg	neg
England is not a country.	country	-3.98578143119812	neg	aff
Germany is a country.	country	-4.517027378082275	aff	aff
Germany is a vehicle.	vehicle	-6.259067058563232	aff	neg
Germany is not a vehicle.	vehicle	-5.828240394592285	neg	neg
Germany is not a country.	country	-4.119086265563965	neg	aff
Canada is a country.	country	-4.120823383331299	aff	aff
Canada is a metal.	metal	-6.12123966217041	aff	neg
Canada is not a metal.	metal	-5.601512908935547	neg	neg
Canada is not a country.	country	-3.894096851348877	neg	aff
Italy is a country.	country	-4.498999118804932	aff	aff
Italy is a vehicle.	vehicle	-6.350362300872803	aff	neg
Italy is not a vehicle.	vehicle	-5.782818794250488	neg	neg
Italy is not a country.	country	-4.1509294509887695	neg	aff
Spain is a country.	country	-4.526147365570068	aff	aff
Spain is a profession.	profession	-6.585340976715088	aff	neg
Spain is not a profession.	profession	-5.646026611328125	neg	neg
Spain is not a country.	country	-4.165640830993652	neg	aff
Mexico is a country.	country	-4.726542949676514	aff	aff
Mexico is a city.	city	-5.644249439239502	aff	neg
Mexico is not a city.	city	-4.618217468261719	neg	neg
Mexico is not a country.	country	-4.2348456382751465	neg	aff
China is a country.	country	-4.466762065887451	aff	aff
China is a weapon.	weapon	-6.146293640136719	aff	neg
China is not a weapon.	weapon	-5.109064102172852	neg	neg
China is not a country.	country	-3.884458541870117	neg	aff
Japan is a country.	country	-4.5918965339660645	aff	aff
Japan is a flower.	flower	-6.058941841125488	aff	neg
Japan is not a flower.	flower	-5.411070823669434	neg	neg
Japan is not a country.	country	-4.073239326477051	neg	aff
Sweden is a country.	country	-4.770833969116211	aff	aff
Sweden is a crime.	crime	-5.862753868103027	aff	neg
Sweden is not a crime.	crime	-5.199465751647949	neg	neg
Sweden is not a country.	country	-4.1738176345825195	neg	aff
Brazil is a country.	country	-4.743947505950928	aff	aff
Brazil is a vegetable.	vegetable	-6.3625617027282715	aff	neg
Brazil is not a vegetable.	vegetable	-5.34592342376709	neg	neg
Brazil is not a country.	country	-4.260100364685059	neg	aff
Switzerland is a country.	country	-3.9381566047668457	aff	aff
Switzerland is a fish.	fish	-5.822810173034668	aff	neg
Switzerland is not a fish.	fish	-4.816175937652588	neg	neg
Switzerland is not a country.	country	-3.515648603439331	neg	aff
Ireland is a country.	country	-3.852245330810547	aff	aff
Ireland is a profession.	profession	-5.5127387046813965	aff	neg
Ireland is not a profession.	profession	-4.700461387634277	neg	neg
Ireland is not a country.	country	-3.4929327964782715	neg	aff
Australia is a country.	country	-4.242219924926758	aff	aff
Australia is a weapon.	weapon	-6.701717376708984	aff	neg
Australia is not a weapon.	weapon	-5.811824798583984	neg	neg
Australia is not a country.	country	-3.9913136959075928	neg	aff
Norway is a country.	country	-3.8817927837371826	aff	aff
Norway is a fruit.	fruit	-5.647548675537109	aff	neg
Norway is not a fruit.	fruit	-5.009500980377197	neg	neg
Norway is not a country.	country	-3.7281150817871094	neg	aff
India is a country.	country	-4.395520210266113	aff	aff
India is a crime.	crime	-6.112895965576172	aff	neg
India is not a crime.	crime	-5.120783805847168	neg	neg
India is not a country.	country	-3.876723289489746	neg	aff
Argentina is a country.	country	-4.827228546142578	aff	aff
Argentina is a metal.	metal	-6.851047039031982	aff	neg
Argentina is not a metal.	metal	-5.976468086242676	neg	neg
Argentina is not a country.	country	-4.445767402648926	neg	aff
Denmark is a country.	country	-4.033538818359375	aff	aff
Denmark is an insect.	insect	-5.5683441162109375	aff	neg
Denmark is not an insect.	insect	-4.935364723205566	neg	neg
Denmark is not a country.	country	-3.7312557697296143	neg	aff
Greece is a country.	country	-3.862130641937256	aff	aff
Greece is a tree.	tree	-5.266453742980957	aff	neg
Greece is not a tree.	tree	-4.519285202026367	neg	neg
Greece is not a country.	country	-3.5122787952423096	neg	aff
Poland is a country.	country	-4.087101459503174	aff	aff
Poland is a fish.	fish	-5.690639495849609	aff	neg
Poland is not a fish.	fish	-4.749643802642822	neg	neg
Poland is not a country.	country	-3.786743402481079	neg	aff
Israel is a country.	country	-4.5637054443359375	aff	aff
Israel is a disease.	disease	-5.759497165679932	aff	neg
Israel is not a disease.	disease	-4.934360980987549	neg	neg
Israel is not a country.	country	-3.7952942848205566	neg	aff
Africa is a country.	country	-4.516514778137207	aff	aff
Africa is a flower.	flower	-5.921611785888672	aff	neg
Africa is not a flower.	flower	-5.57806921005249	neg	neg
Africa is not a country.	country	-3.5608460903167725	neg	aff
Austria is a country.	country	-4.0024094581604	aff	aff
Austria is a color.	color	-5.512482643127441	aff	neg
Austria is not a color.	color	-4.684453010559082	neg	neg
Austria is not a country.	country	-3.8436248302459717	neg	aff
Scotland is a country.	country	-4.418067455291748	aff	aff
Scotland is a city.	city	-5.398087501525879	aff	neg
Scotland is not a city.	city	-4.526523113250732	neg	neg
Scotland is not a country.	country	-3.850412368774414	neg	aff
Belgium is a country.	country	-4.041713237762451	aff	aff
Belgium is an animal.	animal	-5.524112224578857	aff	neg
Belgium is not an animal.	animal	-4.878840923309326	neg	neg
Belgium is not a country.	country	-3.5735747814178467	neg	aff
Cuba is a country.	country	-3.9461278915405273	aff	aff
Cuba is a toy.	toy	-5.434493541717529	aff	neg
Cuba is not a toy.	toy	-4.464052200317383	neg	neg
Cuba is not a country.	country	-3.662019729614258	neg	aff
Portugal is a country.	country	-3.9705283641815186	aff	aff
Portugal is a city.	city	-4.86475944519043	aff	neg
Portugal is not a city.	city	-4.052156448364258	neg	neg
Portugal is not a country.	country	-3.8541653156280518	neg	aff
Egypt is a country.	country	-4.783939838409424	aff	aff
Egypt is a state.	state	-5.5706634521484375	aff	neg
Egypt is not a state.	state	-4.660608291625977	neg	neg
Egypt is not a country.	country	-4.266531944274902	neg	aff
Finland is a country.	country	-4.0035786628723145	aff	aff
Finland is a crime.	crime	-5.164246559143066	aff	neg
Finland is not a crime.	crime	-4.595324993133545	neg	neg
Finland is not a country.	country	-3.6691861152648926	neg	aff
Turkey is a country.	country	-4.817631721496582	aff	aff
Turkey is a vehicle.	vehicle	-6.3142290115356445	aff	neg
Turkey is not a vehicle.	vehicle	-5.553028106689453	neg	neg
Turkey is not a country.	country	-4.244277477264404	neg	aff
Britain is a country.	country	-4.6896891593933105	aff	aff
Britain is a crime.	crime	-6.264894962310791	aff	neg
Britain is not a crime.	crime	-5.430530548095703	neg	neg
Britain is not a country.	country	-4.150108337402344	neg	aff
Venezuela is a country.	country	-3.5575742721557617	aff	aff
Venezuela is an animal.	animal	-4.609121322631836	aff	neg
Venezuela is not an animal.	animal	-4.2573699951171875	neg	neg
Venezuela is not a country.	country	-3.2112789154052734	neg	aff
Iran is a country.	country	-4.908767223358154	aff	aff
Iran is a toy.	toy	-6.888131618499756	aff	neg
Iran is not a toy.	toy	-5.337198257446289	neg	neg
Iran is not a country.	country	-4.264483451843262	neg	aff
Iraq is a country.	country	-4.868043422698975	aff	aff
Iraq is a snake.	snake	-6.436062812805176	aff	neg
Iraq is not a snake.	snake	-5.612830638885498	neg	neg
Iraq is not a country.	country	-4.200233459472656	neg	aff
Holland is a country.	country	-4.610415935516357	aff	aff
Holland is a tree.	tree	-5.1629557609558105	aff	neg
Holland is not a tree.	tree	-4.906649589538574	neg	neg
Holland is not a country.	country	-3.739940881729126	neg	aff
Bolivia is a country.	country	-3.6074321269989014	aff	aff
Bolivia is a metal.	metal	-5.050006866455078	aff	neg
Bolivia is not a metal.	metal	-4.6561665534973145	neg	neg
Bolivia is not a country.	country	-3.4297752380371094	neg	aff
Peru is a country.	country	-4.1335129737854	aff	aff
Peru is a vegetable.	vegetable	-5.511277198791504	aff	neg
Peru is not a vegetable.	vegetable	-4.7353949546813965	neg	neg
Peru is not a country.	country	-3.9497148990631104	neg	aff
Iceland is a country.	country	-3.8355233669281006	aff	aff
Iceland is a tree.	tree	-5.792387962341309	aff	neg
Iceland is not a tree.	tree	-4.8149518966674805	neg	neg
Iceland is not a country.	country	-3.4878926277160645	neg	aff
Yugoslavia is a country.	country	-3.1878466606140137	aff	aff
Yugoslavia is an animal.	animal	-3.9512276649475098	aff	neg
Yugoslavia is not an animal.	animal	-3.7681779861450195	neg	neg
Yugoslavia is not a country.	country	-2.798797607421875	neg	aff
Chile is a country.	country	-4.058645248413086	aff	aff
Chile is a fish.	fish	-5.564908504486084	aff	neg
Chile is not a fish.	fish	-4.704828262329102	neg	neg
Chile is not a country.	country	-3.8273677825927734	neg	aff
Rumania is a country.	country	-4.055161952972412	aff	aff
Rumania is a snake.	snake	-5.347878932952881	aff	neg
Rumania is not a snake.	snake	-4.944562911987305	neg	neg
Rumania is not a country.	country	-3.833603620529175	neg	aff
Hungary is a country.	country	-4.164489269256592	aff	aff
Hungary is a city.	city	-4.941507816314697	aff	neg
Hungary is not a city.	city	-4.198445796966553	neg	neg
Hungary is not a country.	country	-3.8467376232147217	neg	aff
Colombia is a country.	country	-3.541126251220703	aff	aff
Colombia is a profession.	profession	-4.888730049133301	aff	neg
Colombia is not a profession.	profession	-4.353754997253418	neg	neg
Colombia is not a country.	country	-3.319314956665039	neg	aff
A murder is a crime.	crime	-4.105627059936523	aff	aff
A murder is a country.	country	-5.85451602935791	aff	neg
A murder is not a country.	country	-5.052422523498535	neg	neg
A murder is not a crime.	crime	-3.7154390811920166	neg	aff
A rape is a crime.	crime	-4.336679458618164	aff	aff
A rape is a fruit.	fruit	-6.560153961181641	aff	neg
A rape is not a fruit.	fruit	-5.3924946784973145	neg	neg
A rape is not a crime.	crime	-4.001856803894043	neg	aff
A robbery is a crime.	crime	-4.2787957191467285	aff	aff
A robbery is a bird.	bird	-6.106583595275879	aff	neg
A robbery is not a bird.	bird	-5.432891368865967	neg	neg
A robbery is not a crime.	crime	-3.839289665222168	neg	aff
A theft is a crime.	crime	-4.160443305969238	aff	aff
A theft is a color.	color	-6.316410064697266	aff	neg
A theft is not a color.	color	-5.481725692749023	neg	neg
A theft is not a crime.	crime	-3.842219114303589	neg	aff
An assault is a crime.	crime	-4.3175811767578125	aff	aff
An assault is a state.	state	-6.27411413192749	aff	neg
An assault is not a state.	state	-5.5945329666137695	neg	neg
An assault is not a crime.	crime	-4.119689464569092	neg	aff
A stealing is a crime.	crime	-5.159921169281006	aff	aff
A stealing is a tree.	tree	-6.4831390380859375	aff	neg
A stealing is not a tree.	tree	-5.890341281890869	neg	neg
A stealing is not a crime.	crime	-4.769553184509277	neg	aff
An arson is a crime.	crime	-4.757463455200195	aff	aff
An arson is a color.	color	-7.058157920837402	aff	neg
An arson is not a color.	color	-5.732728958129883	neg	neg
An arson is not a crime.	crime	-4.519857883453369	neg	aff
A burglary is a crime.	crime	-4.014676094055176	aff	aff
A burglary is a vehicle.	vehicle	-5.879117012023926	aff	neg
A burglary is not a vehicle.	vehicle	-5.253604412078857	neg	neg
A burglary is not a crime.	crime	-3.830892562866211	neg	aff
A kidnapping is a crime.	crime	-4.3168253898620605	aff	aff
A kidnapping is a fruit.	fruit	-7.145628929138184	aff	neg
A kidnapping is not a fruit.	fruit	-5.870039939880371	neg	neg
A kidnapping is not a crime.	crime	-4.013232707977295	neg	aff
A larceny is a crime.	crime	-3.508117198944092	aff	aff
A larceny is an insect.	insect	-5.382203578948975	aff	neg
A larceny is not an insect.	insect	-4.889875888824463	neg	neg
A larceny is not a crime.	crime	-3.460038900375366	neg	aff
An embezzling is a crime.	crime	-3.5970544815063477	aff	aff
An embezzling is an insect.	insect	-5.247580528259277	aff	neg
An embezzling is not an insect.	insect	-4.7356414794921875	neg	neg
An embezzling is not a crime.	crime	-3.6016805171966553	neg	aff
An adultery is a crime.	crime	-4.93192195892334	aff	aff
An adultery is a snake.	snake	-6.643542289733887	aff	neg
An adultery is not a snake.	snake	-6.24342155456543	neg	neg
An adultery is not a crime.	crime	-4.511264801025391	neg	aff
A killing is a crime.	crime	-4.586240768432617	aff	aff
A killing is a profession.	profession	-5.754590034484863	aff	neg
A killing is not a profession.	profession	-5.188899517059326	neg	neg
A killing is not a crime.	crime	-3.8760993480682373	neg	aff
A battery is a crime.	crime	-5.612897872924805	aff	aff
A battery is a disease.	disease	-5.416759014129639	aff	neg
A battery is not a disease.	disease	-4.958600997924805	neg	neg
A battery is not a crime.	crime	-4.935816764831543	neg	aff
A felony is a crime.	crime	-4.149870872497559	aff	aff
A felony is a relative.	relative	-6.2361979484558105	aff	neg
A felony is not a relative.	relative	-5.6681904792785645	neg	neg
A felony is not a crime.	crime	-4.060439109802246	neg	aff
A speeding is a crime.	crime	-5.202333450317383	aff	aff
A speeding is a state.	state	-6.108165264129639	aff	neg
A speeding is not a state.	state	-5.797059059143066	neg	neg
A speeding is not a crime.	crime	-4.763329982757568	neg	aff
A forgery is a crime.	crime	-3.8267855644226074	aff	aff
A forgery is a color.	color	-5.474766254425049	aff	neg
A forgery is not a color.	color	-4.446465492248535	neg	neg
A forgery is not a crime.	crime	-3.558666467666626	neg	aff
A treason is a crime.	crime	-5.263905048370361	aff	aff
A treason is a state.	state	-6.284304618835449	aff	neg
A treason is not a state.	state	-5.734488487243652	neg	neg
A treason is not a crime.	crime	-4.689131259918213	neg	aff
A fraud is a crime.	crime	-4.046569347381592	aff	aff
A fraud is a sport.	sport	-5.678313732147217	aff	neg
A fraud is not a sport.	sport	-4.756299018859863	neg	neg
A fraud is not a crime.	crime	-3.721255302429199	neg	aff
A suicide is a crime.	crime	-4.5710954666137695	aff	aff
A suicide is a color.	color	-6.404552459716797	aff	neg
A suicide is not a color.	color	-5.3567728996276855	neg	neg
A suicide is not a crime.	crime	-3.824458599090576	neg	aff
A perjury is a crime.	crime	-4.3520026206970215	aff	aff
A perjury is a toy.	toy	-6.522684574127197	aff	neg
A perjury is not a toy.	toy	-5.430065155029297	neg	neg
A perjury is not a crime.	crime	-4.126152515411377	neg	aff
A manslaughter is a crime.	crime	-5.111557960510254	aff	aff
A manslaughter is a snake.	snake	-7.656726837158203	aff	neg
A manslaughter is not a snake.	snake	-6.654994010925293	neg	neg
A manslaughter is not a crime.	crime	-4.838948726654053	neg	aff
A blackmail is a crime.	crime	-5.0517578125	aff	aff
A blackmail is a vehicle.	vehicle	-6.995889186859131	aff	neg
A blackmail is not a vehicle.	vehicle	-6.298056602478027	neg	neg
A blackmail is not a crime.	crime	-4.729717254638672	neg	aff
A homicide is a crime.	crime	-4.364762306213379	aff	aff
A homicide is a country.	country	-6.364821434020996	aff	neg
A homicide is not a country.	country	-5.6357293128967285	neg	neg
A homicide is not a crime.	crime	-4.084392547607422	neg	aff
A lying is a crime.	crime	-5.345025062561035	aff	aff
A lying is a vehicle.	vehicle	-6.1495361328125	aff	neg
A lying is not a vehicle.	vehicle	-5.765239238739014	neg	neg
A lying is not a crime.	crime	-4.702071189880371	neg	aff
A bigamy is a crime.	crime	-4.3277177810668945	aff	aff
A bigamy is a vehicle.	vehicle	-6.36272668838501	aff	neg
A bigamy is not a vehicle.	vehicle	-5.781412124633789	neg	neg
A bigamy is not a crime.	crime	-4.30836296081543	neg	aff
A cheating is a crime.	crime	-5.230780601501465	aff	aff
A cheating is a snake.	snake	-6.065940856933594	aff	neg
A cheating is not a snake.	snake	-6.024840354919434	neg	neg
A cheating is not a crime.	crime	-4.581151008605957	neg	aff
A beating is a crime.	crime	-5.107549667358398	aff	aff
A beating is a weapon.	weapon	-5.4695329666137695	aff	neg
A beating is not a weapon.	weapon	-4.736509323120117	neg	neg
A beating is not a crime.	crime	-4.255455493927002	neg	aff
An extortion is a crime.	crime	-5.112593173980713	aff	aff
An extortion is a snake.	snake	-7.155898094177246	aff	neg
An extortion is not a snake.	snake	-6.269522190093994	neg	neg
An extortion is not a crime.	crime	-4.652670383453369	neg	aff
A doctor is a profession.	profession	-4.588226795196533	aff	aff
A doctor is a state.	state	-5.129122734069824	aff	neg
A doctor is not a state.	state	-4.798421382904053	neg	neg
A doctor is not a profession.	profession	-4.584338188171387	neg	aff
A lawyer is a profession.	profession	-4.36445951461792	aff	aff
A lawyer is a city.	city	-5.250960826873779	aff	neg
A lawyer is not a city.	city	-4.795182228088379	neg	neg
A lawyer is not a profession.	profession	-4.307564735412598	neg	aff
A teacher is a profession.	profession	-4.497905731201172	aff	aff
A teacher is a fruit.	fruit	-5.257880210876465	aff	neg
A teacher is not a fruit.	fruit	-4.995149612426758	neg	neg
A teacher is not a profession.	profession	-4.294283866882324	neg	aff
A dentist is a profession.	profession	-5.047811031341553	aff	aff
A dentist is a relative.	relative	-5.378105163574219	aff	neg
A dentist is not a relative.	relative	-4.920572757720947	neg	neg
A dentist is not a profession.	profession	-4.839267253875732	neg	aff
A engineer is a profession.	profession	-5.636482238769531	aff	aff
A engineer is an insect.	insect	-6.711840629577637	aff	neg
A engineer is not an insect.	insect	-6.016242027282715	neg	neg
A engineer is not a profession.	profession	-5.479033470153809	neg	aff
A professor is a profession.	profession	-5.33026123046875	aff	aff
A professor is a country.	country	-5.73317289352417	aff	neg
A professor is not a country.	country	-4.723776817321777	neg	neg
A professor is not a profession.	profession	-4.4411468505859375	neg	aff
A carpenter is a profession.	profession	-4.287470817565918	aff	aff
A carpenter is a country.	country	-5.097057342529297	aff	neg
A carpenter is not a country.	country	-4.530299663543701	neg	neg
A carpenter is not a profession.	profession	-4.151190280914307	neg	aff
A salesman is a profession.	profession	-5.279463291168213	aff	aff
A salesman is a color.	color	-6.443419456481934	aff	neg
A salesman is not a color.	color	-5.621521472930908	neg	neg
A salesman is not a profession.	profession	-4.960215091705322	neg	aff
A nurse is a profession.	profession	-5.2184367179870605	aff	aff
A nurse is an insect.	insect	-6.350520610809326	aff	neg
A nurse is not an insect.	insect	-5.382834434509277	neg	neg
A nurse is not a profession.	profession	-5.159345626831055	neg	aff
A psychologist is a profession.	profession	-4.802603244781494	aff	aff
A psychologist is an animal.	animal	-5.743019104003906	aff	neg
A psychologist is not an animal.	animal	-4.926450729370117	neg	neg
A psychologist is not a profession.	profession	-4.89203405380249	neg	aff
A plumber is a profession.	profession	-4.832949638366699	aff	aff
A plumber is a fish.	fish	-5.9879913330078125	aff	neg
A plumber is not a fish.	fish	-4.951236248016357	neg	neg
A plumber is not a profession.	profession	-4.797650337219238	neg	aff
An accountant is a profession.	profession	-4.674314498901367	aff	aff
An accountant is a crime.	crime	-5.448172569274902	aff	neg
An accountant is not a crime.	crime	-4.872984886169434	neg	neg
An accountant is not a profession.	profession	-4.657971382141113	neg	aff
A businessman is a profession.	profession	-4.893741607666016	aff	aff
A businessman is a relative.	relative	-5.626168727874756	aff	neg
A businessman is not a relative.	relative	-5.009759902954102	neg	neg
A businessman is not a profession.	profession	-4.614573001861572	neg	aff
A scientist is a profession.	profession	-5.082882881164551	aff	aff
A scientist is a vehicle.	vehicle	-5.838040351867676	aff	neg
A scientist is not a vehicle.	vehicle	-4.985416412353516	neg	neg
A scientist is not a profession.	profession	-4.771121025085449	neg	aff
A clerk is a profession.	profession	-5.208718776702881	aff	aff
A clerk is a weapon.	weapon	-5.9581499099731445	aff	neg
A clerk is not a weapon.	weapon	-5.153414249420166	neg	neg
A clerk is not a profession.	profession	-4.9407806396484375	neg	aff
A farmer is a profession.	profession	-5.0760698318481445	aff	aff
A farmer is a fish.	fish	-5.503176689147949	aff	neg
A farmer is not a fish.	fish	-4.502811431884766	neg	neg
A farmer is not a profession.	profession	-4.659055709838867	neg	aff
A laborer is a profession.	profession	-4.631119728088379	aff	aff
A laborer is a country.	country	-5.186559677124023	aff	neg
A laborer is not a country.	country	-5.088459014892578	neg	neg
A laborer is not a profession.	profession	-5.051993370056152	neg	aff
A policeman is a profession.	profession	-5.161423683166504	aff	aff
A policeman is an animal.	animal	-5.434709072113037	aff	neg
A policeman is not an animal.	animal	-4.400466442108154	neg	neg
A policeman is not a profession.	profession	-4.795603275299072	neg	aff
A chemist is a profession.	profession	-4.7941741943359375	aff	aff
A chemist is a crime.	crime	-5.357215404510498	aff	neg
A chemist is not a crime.	crime	-4.527602672576904	neg	neg
A chemist is not a profession.	profession	-4.552639484405518	neg	aff
A merchant is a profession.	profession	-5.141818046569824	aff	aff
A merchant is a city.	city	-5.468532085418701	aff	neg
A merchant is not a city.	city	-5.098460674285889	neg	neg
A merchant is not a profession.	profession	-4.9428582191467285	neg	aff
A banker is a profession.	profession	-4.857293128967285	aff	aff
A banker is a weapon.	weapon	-5.790177345275879	aff	neg
A banker is not a weapon.	weapon	-5.102735996246338	neg	neg
A banker is not a profession.	profession	-4.891058921813965	neg	aff
A physicist is a profession.	profession	-5.5852370262146	aff	aff
A physicist is a relative.	relative	-5.782787322998047	aff	neg
A physicist is not a relative.	relative	-5.257079124450684	neg	neg
A physicist is not a profession.	profession	-5.110621929168701	neg	aff
An executive is a profession.	profession	-5.179670333862305	aff	aff
An executive is a relative.	relative	-5.882137298583984	aff	neg
An executive is not a relative.	relative	-5.319889068603516	neg	neg
An executive is not a profession.	profession	-4.782139778137207	neg	aff
A fireman is a profession.	profession	-4.384164333343506	aff	aff
A fireman is a fruit.	fruit	-5.259124755859375	aff	neg
A fireman is not a fruit.	fruit	-4.828892707824707	neg	neg
A fireman is not a profession.	profession	-4.503279685974121	neg	aff
A manager is a profession.	profession	-4.760258674621582	aff	aff
A manager is a state.	state	-5.260845184326172	aff	neg
A manager is not a state.	state	-4.992495536804199	neg	neg
A manager is not a profession.	profession	-4.765910625457764	neg	aff
An electrician is a profession.	profession	-4.005980491638184	aff	aff
An electrician is a flower.	flower	-5.292235851287842	aff	neg
An electrician is not a flower.	flower	-4.739230632781982	neg	neg
An electrician is not a profession.	profession	-4.019245147705078	neg	aff
A judge is a profession.	profession	-5.136237144470215	aff	aff
A judge is a state.	state	-5.126499176025391	aff	neg
A judge is not a state.	state	-4.737544536590576	neg	neg
A judge is not a profession.	profession	-4.592811584472656	neg	aff
A mechanic is a profession.	profession	-4.799693584442139	aff	aff
A mechanic is a city.	city	-5.701179504394531	aff	neg
A mechanic is not a city.	city	-5.189187526702881	neg	neg
A mechanic is not a profession.	profession	-4.836673736572266	neg	aff
A secretary is a profession.	profession	-5.083597183227539	aff	aff
A secretary is a bird.	bird	-5.159453392028809	aff	neg
A secretary is not a bird.	bird	-4.942666053771973	neg	neg
A secretary is not a profession.	profession	-4.697775363922119	neg	aff
A bricklayer is a profession.	profession	-4.705539226531982	aff	aff
A bricklayer is a fish.	fish	-5.740840435028076	aff	neg
A bricklayer is not a fish.	fish	-4.7985992431640625	neg	neg
A bricklayer is not a profession.	profession	-4.550606727600098	neg	aff
A mathematician is a profession.	profession	-4.595541477203369	aff	aff
A mathematician is a snake.	snake	-4.304231643676758	aff	neg
A mathematician is not a snake.	snake	-5.28007173538208	neg	neg
A mathematician is not a profession.	profession	-4.9589738845825195	neg	aff
An architect is a profession.	profession	-4.667132377624512	aff	aff
An architect is a toy.	toy	-5.6898722648620605	aff	neg
An architect is not a toy.	toy	-4.711705207824707	neg	neg
An architect is not a profession.	profession	-4.685187339782715	neg	aff
A pharmacist is a profession.	profession	-4.978328704833984	aff	aff
A pharmacist is a flower.	flower	-6.272367477416992	aff	neg
A pharmacist is not a flower.	flower	-5.5213541984558105	neg	neg
A pharmacist is not a profession.	profession	-5.0791730880737305	neg	aff
A president is a profession.	profession	-5.414257049560547	aff	aff
A president is a weapon.	weapon	-5.473939895629883	aff	neg
A president is not a weapon.	weapon	-4.94356107711792	neg	neg
A president is not a profession.	profession	-4.812338829040527	neg	aff
A miniter is a profession.	profession	-6.1981425285339355	aff	aff
A miniter is an animal.	animal	-5.984389305114746	aff	neg
A miniter is not an animal.	animal	-5.534275054931641	neg	neg
A miniter is not a profession.	profession	-5.764246940612793	neg	aff
A writer is a profession.	profession	-4.659656524658203	aff	aff
A writer is a sport.	sport	-5.318845272064209	aff	neg
A writer is not a sport.	sport	-4.4844207763671875	neg	neg
A writer is not a profession.	profession	-4.177732944488525	neg	aff
A janitor is a profession.	profession	-4.711733341217041	aff	aff
A janitor is a color.	color	-5.593567848205566	aff	neg
A janitor is not a color.	color	-5.023386001586914	neg	neg
A janitor is not a profession.	profession	-4.363070011138916	neg	aff
A reverend is a profession.	profession	-4.761964321136475	aff	aff
A reverend is a color.	color	-5.5241265296936035	aff	neg
A reverend is not a color.	color	-4.860556602478027	neg	neg
A reverend is not a profession.	profession	-4.43136739730835	neg	aff
An artist is a profession.	profession	-4.879146575927734	aff	aff
An artist is a furniture.	furniture	-5.772738933563232	aff	neg
An artist is not a furniture.	furniture	-5.142972469329834	neg	neg
An artist is not a profession.	profession	-4.2769012451171875	neg	aff
A baker is a profession.	profession	-4.842893600463867	aff	aff
A baker is a sport.	sport	-5.798097133636475	aff	neg
A baker is not a sport.	sport	-5.126107215881348	neg	neg
A baker is not a profession.	profession	-5.052801609039307	neg	aff
A psychiatristsenator is a profession.	profession	-6.984492301940918	aff	aff
A psychiatristsenator is a weapon.	weapon	-7.029603958129883	aff	neg
A psychiatristsenator is not a weapon.	weapon	-6.617480754852295	neg	neg
A psychiatristsenator is not a profession.	profession	-6.468265056610107	neg	aff
A grocer is a profession.	profession	-4.828908443450928	aff	aff
A grocer is a color.	color	-5.626829147338867	aff	neg
A grocer is not a color.	color	-5.122724533081055	neg	neg
A grocer is not a profession.	profession	-4.412600517272949	neg	aff
A sailor is a profession.	profession	-5.152163505554199	aff	aff
A sailor is a metal.	metal	-6.4035162925720215	aff	neg
A sailor is not a metal.	metal	-5.374478340148926	neg	neg
A sailor is not a profession.	profession	-5.008601188659668	neg	aff
A mailman is a profession.	profession	-4.738430976867676	aff	aff
A mailman is a vegetable.	vegetable	-5.500026226043701	aff	neg
A mailman is not a vegetable.	vegetable	-4.744287967681885	neg	neg
A mailman is not a profession.	profession	-4.648985862731934	neg	aff
A football is a sport.	sport	-4.7875871658325195	aff	aff
A football is a tree.	tree	-5.918721675872803	aff	neg
A football is not a tree.	tree	-4.7822113037109375	neg	neg
A football is not a sport.	sport	-4.36172342300415	neg	aff
A baseball is a sport.	sport	-4.657760143280029	aff	aff
A baseball is a weapon.	weapon	-5.1109113693237305	aff	neg
A baseball is not a weapon.	weapon	-4.565980434417725	neg	neg
A baseball is not a sport.	sport	-4.555744171142578	neg	aff
A basketball is a sport.	sport	-4.73444938659668	aff	aff
A basketball is an animal.	animal	-5.212680339813232	aff	neg
A basketball is not an animal.	animal	-4.8351922035217285	neg	neg
A basketball is not a sport.	sport	-4.357531547546387	neg	aff
A tennis is a sport.	sport	-5.062129020690918	aff	aff
A tennis is a furniture.	furniture	-6.64613151550293	aff	neg
A tennis is not a furniture.	furniture	-5.992055892944336	neg	neg
A tennis is not a sport.	sport	-4.759576320648193	neg	aff
A swimming is a sport.	sport	-5.0948805809021	aff	aff
A swimming is a flower.	flower	-6.343857765197754	aff	neg
A swimming is not a flower.	flower	-5.942465782165527	neg	neg
A swimming is not a sport.	sport	-4.656049728393555	neg	aff
A soccer is a sport.	sport	-4.931283473968506	aff	aff
A soccer is a toy.	toy	-5.768198013305664	aff	neg
A soccer is not a toy.	toy	-4.647734642028809	neg	neg
A soccer is not a sport.	sport	-4.624368190765381	neg	aff
A golf is a sport.	sport	-4.425849437713623	aff	aff
A golf is an animal.	animal	-5.494248867034912	aff	neg
A golf is not an animal.	animal	-5.501214027404785	neg	neg
A golf is not a sport.	sport	-4.312558174133301	neg	aff
A hockey is a sport.	sport	-5.055050849914551	aff	aff
A hockey is a vehicle.	vehicle	-5.774102687835693	aff	neg
A hockey is not a vehicle.	vehicle	-5.251564025878906	neg	neg
A hockey is not a sport.	sport	-4.722410202026367	neg	aff
A track is a sport.	sport	-5.197329521179199	aff	aff
A track is a tree.	tree	-5.305697441101074	aff	neg
A track is not a tree.	tree	-4.643209934234619	neg	neg
A track is not a sport.	sport	-4.460494518280029	neg	aff
A lacrosse is a sport.	sport	-4.483931064605713	aff	aff
A lacrosse is a snake.	snake	-5.434591770172119	aff	neg
A lacrosse is not a snake.	snake	-4.991501808166504	neg	neg
A lacrosse is not a sport.	sport	-4.344841003417969	neg	aff
A badminton is a sport.	sport	-3.6835999488830566	aff	aff
A badminton is a profession.	profession	-4.642514228820801	aff	neg
A badminton is not a profession.	profession	-4.205968379974365	neg	neg
A badminton is not a sport.	sport	-3.713467836380005	neg	aff
A bowling is a sport.	sport	-5.162869453430176	aff	aff
A bowling is a furniture.	furniture	-6.364300727844238	aff	neg
A bowling is not a furniture.	furniture	-5.9996418952941895	neg	neg
A bowling is not a sport.	sport	-4.741056442260742	neg	aff
A wrestling is a sport.	sport	-5.383663177490234	aff	aff
A wrestling is a vehicle.	vehicle	-6.560977935791016	aff	neg
A wrestling is not a vehicle.	vehicle	-6.053437232971191	neg	neg
A wrestling is not a sport.	sport	-4.736806869506836	neg	aff
A volleyball is a sport.	sport	-4.995521068572998	aff	aff
A volleyball is a fish.	fish	-6.056445121765137	aff	neg
A volleyball is not a fish.	fish	-5.104551792144775	neg	neg
A volleyball is not a sport.	sport	-4.690091133117676	neg	aff
An archery is a sport.	sport	-4.183596611022949	aff	aff
An archery is a profession.	profession	-4.872828006744385	aff	neg
An archery is not a profession.	profession	-4.454061031341553	neg	neg
An archery is not a sport.	sport	-4.031278610229492	neg	aff
A skiing is a sport.	sport	-5.17074728012085	aff	aff
A skiing is a disease.	disease	-6.377016067504883	aff	neg
A skiing is not a disease.	disease	-5.8021135330200195	neg	neg
A skiing is not a sport.	sport	-4.972329616546631	neg	aff
A fencing is a sport.	sport	-5.5356903076171875	aff	aff
A fencing is a fruit.	fruit	-6.48956298828125	aff	neg
A fencing is not a fruit.	fruit	-5.894027233123779	neg	neg
A fencing is not a sport.	sport	-5.099544525146484	neg	aff
A softball is a sport.	sport	-4.92713737487793	aff	aff
A softball is a state.	state	-6.379512310028076	aff	neg
A softball is not a state.	state	-5.701634407043457	neg	neg
A softball is not a sport.	sport	-4.774654388427734	neg	aff
A fishing is a sport.	sport	-4.911730766296387	aff	aff
A fishing is a toy.	toy	-5.939754009246826	aff	neg
A fishing is not a toy.	toy	-5.219756603240967	neg	neg
A fishing is not a sport.	sport	-4.38771390914917	neg	aff
A handball is a sport.	sport	-4.461401462554932	aff	aff
A handball is a weapon.	weapon	-4.626079559326172	aff	neg
A handball is not a weapon.	weapon	-4.243444442749023	neg	neg
A handball is not a sport.	sport	-4.374479293823242	neg	aff
A polo is a sport.	sport	-5.049829006195068	aff	aff
A polo is a vehicle.	vehicle	-5.928043365478516	aff	neg
A polo is not a vehicle.	vehicle	-5.270500183105469	neg	neg
A polo is not a sport.	sport	-4.736039161682129	neg	aff
A boxing is a sport.	sport	-5.048400402069092	aff	aff
A boxing is a furniture.	furniture	-6.360904216766357	aff	neg
A boxing is not a furniture.	furniture	-5.941723346710205	neg	neg
A boxing is not a sport.	sport	-4.5559401512146	neg	aff
A Rugby is a sport.	sport	-5.377188682556152	aff	aff
A Rugby is a snake.	snake	-6.355496406555176	aff	neg
A Rugby is not a snake.	snake	-5.656947612762451	neg	neg
A Rugby is not a sport.	sport	-5.006021022796631	neg	aff
A hunting is a sport.	sport	-5.314892292022705	aff	aff
A hunting is a flower.	flower	-6.132503509521484	aff	neg
A hunting is not a flower.	flower	-5.932790756225586	neg	neg
A hunting is not a sport.	sport	-4.588170528411865	neg	aff
A gymnastics is a sport.	sport	-4.483343601226807	aff	aff
A gymnastics is an insect.	insect	-5.93199348449707	aff	neg
A gymnastics is not an insect.	insect	-5.727263450622559	neg	neg
A gymnastics is not a sport.	sport	-4.341216087341309	neg	aff
A racing is a sport.	sport	-5.28501033782959	aff	aff
A racing is a disease.	disease	-5.940976619720459	aff	neg
A racing is not a disease.	disease	-5.6934099197387695	neg	neg
A racing is not a sport.	sport	-4.861680030822754	neg	aff
A sailing is a sport.	sport	-5.4348249435424805	aff	aff
A sailing is a relative.	relative	-6.447425842285156	aff	neg
A sailing is not a relative.	relative	-6.185185432434082	neg	neg
A sailing is not a sport.	sport	-4.831247806549072	neg	aff
A boating is a sport.	sport	-4.538117408752441	aff	aff
A boating is a vegetable.	vegetable	-5.6869988441467285	aff	neg
A boating is not a vegetable.	vegetable	-5.203037261962891	neg	neg
A boating is not a sport.	sport	-4.284724235534668	neg	aff
A pool is a sport.	sport	-5.1180267333984375	aff	aff
A pool is a crime.	crime	-5.438632011413574	aff	neg
A pool is not a crime.	crime	-4.845736980438232	neg	neg
A pool is not a sport.	sport	-4.508124351501465	neg	aff
A squash is a sport.	sport	-5.28955602645874	aff	aff
A squash is a weapon.	weapon	-5.619832992553711	aff	neg
A squash is not a weapon.	weapon	-4.836428642272949	neg	neg
A squash is not a sport.	sport	-4.763883113861084	neg	aff
A diving is a sport.	sport	-5.372531890869141	aff	aff
A diving is a profession.	profession	-6.046590328216553	aff	neg
A diving is not a profession.	profession	-5.411570072174072	neg	neg
A diving is not a sport.	sport	-4.999046325683594	neg	aff
A judo is a sport.	sport	-5.0201416015625	aff	aff
A judo is a color.	color	-5.6556291580200195	aff	neg
A judo is not a color.	color	-5.060754299163818	neg	neg
A judo is not a sport.	sport	-4.488014221191406	neg	aff
A surfing is a sport.	sport	-5.332335948944092	aff	aff
A surfing is an animal.	animal	-6.078327178955078	aff	neg
A surfing is not an animal.	animal	-6.080774784088135	neg	neg
A surfing is not a sport.	sport	-4.881008148193359	neg	aff
A robin is a bird.	bird	-4.212796211242676	aff	aff
A robin is a relative.	relative	-5.671290397644043	aff	neg
A robin is not a relative.	relative	-5.1424713134765625	neg	neg
A robin is not a bird.	bird	-4.155974864959717	neg	aff
A sparrow is a bird.	bird	-3.3660311698913574	aff	aff
A sparrow is a fruit.	fruit	-4.963591575622559	aff	neg
A sparrow is not a fruit.	fruit	-4.443794250488281	neg	neg
A sparrow is not a bird.	bird	-3.2880938053131104	neg	aff
A cardinal is a bird.	bird	-4.6288018226623535	aff	aff
A cardinal is a metal.	metal	-6.114522457122803	aff	neg
A cardinal is not a metal.	metal	-5.1287102699279785	neg	neg
A cardinal is not a bird.	bird	-4.396838665008545	neg	aff
An eagle is a bird.	bird	-4.0116472244262695	aff	aff
An eagle is a sport.	sport	-5.731385707855225	aff	neg
An eagle is not a sport.	sport	-4.802331924438477	neg	neg
An eagle is not a bird.	bird	-3.74267315864563	neg	aff
A crow is a bird.	bird	-3.866255283355713	aff	aff
A crow is a tree.	tree	-5.523129940032959	aff	neg
A crow is not a tree.	tree	-4.722379684448242	neg	neg
A crow is not a bird.	bird	-3.6411004066467285	neg	aff
A bluebird is a bird.	bird	-3.7015388011932373	aff	aff
A bluebird is a toy.	toy	-4.877185344696045	aff	neg
A bluebird is not a toy.	toy	-4.278432369232178	neg	neg
A bluebird is not a bird.	bird	-3.6067802906036377	neg	aff
A canary is a bird.	bird	-3.588592529296875	aff	aff
A canary is a toy.	toy	-4.833922386169434	aff	neg
A canary is not a toy.	toy	-4.258685111999512	neg	neg
A canary is not a bird.	bird	-3.6574978828430176	neg	aff
A parrakeet is a bird.	bird	-3.502256393432617	aff	aff
A parrakeet is a vegetable.	vegetable	-4.551850318908691	aff	neg
A parrakeet is not a vegetable.	vegetable	-4.12800407409668	neg	neg
A parrakeet is not a bird.	bird	-3.384300947189331	neg	aff
A hawk is a bird.	bird	-4.330169677734375	aff	aff
A hawk is a toy.	toy	-6.168807029724121	aff	neg
A hawk is not a toy.	toy	-4.869494438171387	neg	neg
A hawk is not a bird.	bird	-3.998411178588867	neg	aff
A blackbird is a bird.	bird	-3.6448867321014404	aff	aff
A blackbird is a furniture.	furniture	-5.949530124664307	aff	neg
A blackbird is not a furniture.	furniture	-5.326071739196777	neg	neg
A blackbird is not a bird.	bird	-3.698941230773926	neg	aff
A wren is a bird.	bird	-3.7447712421417236	aff	aff
A wren is a vegetable.	vegetable	-5.279135704040527	aff	neg
A wren is not a vegetable.	vegetable	-4.835653781890869	neg	neg
A wren is not a bird.	bird	-3.660766124725342	neg	aff
An oriole is a bird.	bird	-3.422102451324463	aff	aff
An oriole is a vegetable.	vegetable	-4.744554042816162	aff	neg
An oriole is not a vegetable.	vegetable	-4.279916763305664	neg	neg
An oriole is not a bird.	bird	-3.459378957748413	neg	aff
A parrot is a bird.	bird	-3.422523021697998	aff	aff
A parrot is a city.	city	-4.565969467163086	aff	neg
A parrot is not a city.	city	-4.4458818435668945	neg	neg
A parrot is not a bird.	bird	-3.229116678237915	neg	aff
A pigeon is a bird.	bird	-3.783700466156006	aff	aff
A pigeon is a tree.	tree	-5.23733377456665	aff	neg
A pigeon is not a tree.	tree	-4.673121929168701	neg	neg
A pigeon is not a bird.	bird	-3.576613187789917	neg	aff
A hummingbird is a bird.	bird	-3.417295217514038	aff	aff
A hummingbird is an insect.	insect	-3.908442497253418	aff	neg
A hummingbird is not an insect.	insect	-3.5056281089782715	neg	neg
A hummingbird is not a bird.	bird	-3.301414966583252	neg	aff
A starling is a bird.	bird	-3.522822856903076	aff	aff
A starling is a relative.	relative	-4.9684906005859375	aff	neg
A starling is not a relative.	relative	-4.608037948608398	neg	neg
A starling is not a bird.	bird	-3.490619659423828	neg	aff
A woodpecker is a bird.	bird	-3.113083600997925	aff	aff
A woodpecker is a metal.	metal	-4.90262508392334	aff	neg
A woodpecker is not a metal.	metal	-4.180105686187744	neg	neg
A woodpecker is not a bird.	bird	-3.083038330078125	neg	aff
A vulture is a bird.	bird	-3.6258702278137207	aff	aff
A vulture is a flower.	flower	-5.111105918884277	aff	neg
A vulture is not a flower.	flower	-4.409125804901123	neg	neg
A vulture is not a bird.	bird	-3.4457011222839355	neg	aff
A swallow is a bird.	bird	-4.097779750823975	aff	aff
A swallow is a furniture.	furniture	-6.717872142791748	aff	neg
A swallow is not a furniture.	furniture	-5.889081001281738	neg	neg
A swallow is not a bird.	bird	-3.850609540939331	neg	aff
A chicken is a bird.	bird	-3.672584056854248	aff	aff
A chicken is a city.	city	-5.280110836029053	aff	neg
A chicken is not a city.	city	-4.625341415405273	neg	neg
A chicken is not a bird.	bird	-3.58551287651062	neg	aff
A dove is a bird.	bird	-3.933959484100342	aff	aff
A dove is a relative.	relative	-5.568562984466553	aff	neg
A dove is not a relative.	relative	-5.222077369689941	neg	neg
A dove is not a bird.	bird	-3.9714083671569824	neg	aff
A duck is a bird.	bird	-3.50409197807312	aff	aff
A duck is a disease.	disease	-5.410012722015381	aff	neg
A duck is not a disease.	disease	-4.83563756942749	neg	neg
A duck is not a bird.	bird	-3.4459595680236816	neg	aff
An owl is a bird.	bird	-3.93599009513855	aff	aff
An owl is a disease.	disease	-5.712459564208984	aff	neg
An owl is not a disease.	disease	-5.158023357391357	neg	neg
An owl is not a bird.	bird	-3.6972033977508545	neg	aff
A redbird is a bird.	bird	-3.892854928970337	aff	aff
A redbird is a country.	country	-5.220635414123535	aff	neg
A redbird is not a country.	country	-4.838453769683838	neg	neg
A redbird is not a bird.	bird	-3.788090944290161	neg	aff
A thrush is a bird.	bird	-3.7382636070251465	aff	aff
A thrush is a color.	color	-4.939795017242432	aff	neg
A thrush is not a color.	color	-4.6182966232299805	neg	neg
A thrush is not a bird.	bird	-3.63492488861084	neg	aff
A falcon is a bird.	bird	-3.7359297275543213	aff	aff
A falcon is a relative.	relative	-5.045415878295898	aff	neg
A falcon is not a relative.	relative	-4.682034492492676	neg	neg
A falcon is not a bird.	bird	-3.56896710395813	neg	aff
A jay is a bird.	bird	-3.7639124393463135	aff	aff
A jay is a fish.	fish	-4.825718879699707	aff	neg
A jay is not a fish.	fish	-4.339066028594971	neg	neg
A jay is not a bird.	bird	-3.723565101623535	neg	aff
A pheasant is a bird.	bird	-3.141693592071533	aff	aff
A pheasant is a fish.	fish	-4.125817775726318	aff	neg
A pheasant is not a fish.	fish	-3.6392059326171875	neg	neg
A pheasant is not a bird.	bird	-3.202357053756714	neg	aff
A finch is a bird.	bird	-3.753624200820923	aff	aff
A finch is a vehicle.	vehicle	-5.509695529937744	aff	neg
A finch is not a vehicle.	vehicle	-4.878967761993408	neg	neg
A finch is not a bird.	bird	-3.6254255771636963	neg	aff
A mockingbird is a bird.	bird	-3.519148349761963	aff	aff
A mockingbird is a snake.	snake	-4.660100936889648	aff	neg
A mockingbird is not a snake.	snake	-4.2729268074035645	neg	neg
A mockingbird is not a bird.	bird	-3.442378520965576	neg	aff
A buzzard is a bird.	bird	-3.893756866455078	aff	aff
A buzzard is a metal.	metal	-5.940510272979736	aff	neg
A buzzard is not a metal.	metal	-5.199563026428223	neg	neg
A buzzard is not a bird.	bird	-3.779974937438965	neg	aff
An ostrich is a bird.	bird	-3.364196538925171	aff	aff
An ostrich is a color.	color	-5.076884746551514	aff	neg
An ostrich is not a color.	color	-4.569450378417969	neg	neg
An ostrich is not a bird.	bird	-3.07205867767334	neg	aff
A flamingo is a bird.	bird	-3.535245895385742	aff	aff
A flamingo is a relative.	relative	-4.878249168395996	aff	neg
A flamingo is not a relative.	relative	-4.668169021606445	neg	neg
A flamingo is not a bird.	bird	-3.3773837089538574	neg	aff
A lark is a bird.	bird	-3.6977202892303467	aff	aff
A lark is a fruit.	fruit	-5.290764808654785	aff	neg
A lark is not a fruit.	fruit	-4.748868465423584	neg	neg
A lark is not a bird.	bird	-3.6860642433166504	neg	aff
A peacock is a bird.	bird	-3.3845903873443604	aff	aff
A peacock is a sport.	sport	-4.99957275390625	aff	neg
A peacock is not a sport.	sport	-4.496014595031738	neg	neg
A peacock is not a bird.	bird	-3.321049213409424	neg	aff
A turkey is a bird.	bird	-3.7368083000183105	aff	aff
A turkey is an animal.	animal	-4.547382831573486	aff	neg
A turkey is not an animal.	animal	-4.185083389282227	neg	neg
A turkey is not a bird.	bird	-3.6365466117858887	neg	aff
A penguin is a bird.	bird	-3.276566743850708	aff	aff
A penguin is a city.	city	-4.829865455627441	aff	neg
A penguin is not a city.	city	-4.299471855163574	neg	neg
A penguin is not a bird.	bird	-3.2015981674194336	neg	aff
A raven is a bird.	bird	-3.5615592002868652	aff	aff
A raven is a snake.	snake	-4.897313594818115	aff	neg
A raven is not a snake.	snake	-4.387749671936035	neg	neg
A raven is not a bird.	bird	-3.4801583290100098	neg	aff
A swan is a bird.	bird	-3.4093401432037354	aff	aff
A swan is a country.	country	-5.23510217666626	aff	neg
A swan is not a country.	country	-4.579391956329346	neg	neg
A swan is not a bird.	bird	-3.3421802520751953	neg	aff
A crane is a bird.	bird	-5.502198696136475	aff	aff
A crane is an animal.	animal	-5.0855913162231445	aff	neg
A crane is not an animal.	animal	-4.692232608795166	neg	neg
A crane is not a bird.	bird	-4.492021083831787	neg	aff
A geese is a bird.	bird	-3.9054784774780273	aff	aff
A geese is a vehicle.	vehicle	-5.09512996673584	aff	neg
A geese is not a vehicle.	vehicle	-4.657906532287598	neg	neg
A geese is not a bird.	bird	-3.8562662601470947	neg	aff
A chickadee is a bird.	bird	-3.3092663288116455	aff	aff
A chickadee is a vegetable.	vegetable	-4.581705570220947	aff	neg
A chickadee is not a vegetable.	vegetable	-4.044530391693115	neg	neg
A chickadee is not a bird.	bird	-3.25514817237854	neg	aff
A pelican is a bird.	bird	-3.7370684146881104	aff	aff
A pelican is a metal.	metal	-6.067742824554443	aff	neg
A pelican is not a metal.	metal	-4.914041996002197	neg	neg
A pelican is not a bird.	bird	-3.6026546955108643	neg	aff
A stork is a bird.	bird	-3.6972031593322754	aff	aff
A stork is a relative.	relative	-5.061738967895508	aff	neg
A stork is not a relative.	relative	-4.521075248718262	neg	neg
A stork is not a bird.	bird	-3.504842519760132	neg	aff
A warbler is a bird.	bird	-3.9207797050476074	aff	aff
A warbler is a weapon.	weapon	-5.356651782989502	aff	neg
A warbler is not a weapon.	weapon	-4.832433700561523	neg	neg
A warbler is not a bird.	bird	-3.8377764225006104	neg	aff
A car is a vehicle.	vehicle	-3.5419130325317383	aff	aff
A car is a crime.	crime	-4.962235450744629	aff	neg
A car is not a crime.	crime	-4.200410842895508	neg	neg
A car is not a vehicle.	vehicle	-3.714246988296509	neg	aff
A bus is a vehicle.	vehicle	-4.2678070068359375	aff	aff
A bus is a state.	state	-5.508588790893555	aff	neg
A bus is not a state.	state	-4.944066524505615	neg	neg
A bus is not a vehicle.	vehicle	-4.106513977050781	neg	aff
An airplane is a vehicle.	vehicle	-4.361481666564941	aff	aff
An airplane is a sport.	sport	-5.5859599113464355	aff	neg
An airplane is not a sport.	sport	-4.7538251876831055	neg	neg
An airplane is not a vehicle.	vehicle	-4.22435188293457	neg	aff
A train is a vehicle.	vehicle	-4.1914963722229	aff	aff
A train is a profession.	profession	-5.609845161437988	aff	neg
A train is not a profession.	profession	-5.141555309295654	neg	neg
A train is not a vehicle.	vehicle	-4.102835655212402	neg	aff
A truck is a vehicle.	vehicle	-4.1842041015625	aff	aff
A truck is a profession.	profession	-5.548590660095215	aff	neg
A truck is not a profession.	profession	-5.060495853424072	neg	neg
A truck is not a vehicle.	vehicle	-3.9536516666412354	neg	aff
A bicycle is a vehicle.	vehicle	-3.6018989086151123	aff	aff
A bicycle is a vegetable.	vegetable	-5.377781867980957	aff	neg
A bicycle is not a vegetable.	vegetable	-4.5206098556518555	neg	neg
A bicycle is not a vehicle.	vehicle	-3.7352700233459473	neg	aff
A motorcycle is a vehicle.	vehicle	-3.8106117248535156	aff	aff
A motorcycle is a furniture.	furniture	-5.690993309020996	aff	neg
A motorcycle is not a furniture.	furniture	-4.585965633392334	neg	neg
A motorcycle is not a vehicle.	vehicle	-3.6238012313842773	neg	aff
A boat is a vehicle.	vehicle	-4.264554023742676	aff	aff
A boat is an insect.	insect	-5.476134300231934	aff	neg
A boat is not an insect.	insect	-4.767788887023926	neg	neg
A boat is not a vehicle.	vehicle	-4.0011444091796875	neg	aff
A scooter is a vehicle.	vehicle	-4.273228645324707	aff	aff
A scooter is a state.	state	-5.75209379196167	aff	neg
A scooter is not a state.	state	-5.1955885887146	neg	neg
A scooter is not a vehicle.	vehicle	-3.8755412101745605	neg	aff
A wagon is a vehicle.	vehicle	-4.583186626434326	aff	aff
A wagon is a bird.	bird	-6.0248122215271	aff	neg
A wagon is not a bird.	bird	-5.087347030639648	neg	neg
A wagon is not a vehicle.	vehicle	-4.273970603942871	neg	aff
A bike is a vehicle.	vehicle	-3.9223697185516357	aff	aff
A bike is a tree.	tree	-4.735658168792725	aff	neg
A bike is not a tree.	tree	-4.387263298034668	neg	neg
A bike is not a vehicle.	vehicle	-3.8327770233154297	neg	aff
A ship is a vehicle.	vehicle	-4.079209327697754	aff	aff
A ship is a fish.	fish	-4.982612609863281	aff	neg
A ship is not a fish.	fish	-4.112190246582031	neg	neg
A ship is not a vehicle.	vehicle	-4.103052616119385	neg	aff
A tricycle is a vehicle.	vehicle	-3.7587108612060547	aff	aff
A tricycle is a profession.	profession	-5.2304229736328125	aff	neg
A tricycle is not a profession.	profession	-4.580887317657471	neg	neg
A tricycle is not a vehicle.	vehicle	-3.504671812057495	neg	aff
A tractor is a vehicle.	vehicle	-4.501482009887695	aff	aff
A tractor is a furniture.	furniture	-6.491451263427734	aff	neg
A tractor is not a furniture.	furniture	-5.161165237426758	neg	neg
A tractor is not a vehicle.	vehicle	-4.006538391113281	neg	aff
A taxi is a vehicle.	vehicle	-4.799714088439941	aff	aff
A taxi is a profession.	profession	-5.502446174621582	aff	neg
A taxi is not a profession.	profession	-5.107752323150635	neg	neg
A taxi is not a vehicle.	vehicle	-4.233649730682373	neg	aff
A cart is a vehicle.	vehicle	-4.669923782348633	aff	aff
A cart is an insect.	insect	-5.68646240234375	aff	neg
A cart is not an insect.	insect	-4.929600715637207	neg	neg
A cart is not a vehicle.	vehicle	-4.169356346130371	neg	aff
A jeep is a vehicle.	vehicle	-4.346794128417969	aff	aff
A jeep is a flower.	flower	-5.969750881195068	aff	neg
A jeep is not a flower.	flower	-5.163222789764404	neg	neg
A jeep is not a vehicle.	vehicle	-4.241090297698975	neg	aff
A jet is a vehicle.	vehicle	-4.668938636779785	aff	aff
A jet is a color.	color	-5.980727195739746	aff	neg
A jet is not a color.	color	-5.2710771560668945	neg	neg
A jet is not a vehicle.	vehicle	-4.703223705291748	neg	aff
A streetcar is a vehicle.	vehicle	-4.261127948760986	aff	aff
A streetcar is an insect.	insect	-5.391221523284912	aff	neg
A streetcar is not an insect.	insect	-4.530314922332764	neg	neg
A streetcar is not a vehicle.	vehicle	-4.003638744354248	neg	aff
A trailer is a vehicle.	vehicle	-4.3221564292907715	aff	aff
A trailer is a flower.	flower	-5.814239501953125	aff	neg
A trailer is not a flower.	flower	-5.061150550842285	neg	neg
A trailer is not a vehicle.	vehicle	-3.8587002754211426	neg	aff
A skates is a vehicle.	vehicle	-5.09798526763916	aff	aff
A skates is a profession.	profession	-5.897009372711182	aff	neg
A skates is not a profession.	profession	-5.359624862670898	neg	neg
A skates is not a vehicle.	vehicle	-4.859400749206543	neg	aff
A cab is a vehicle.	vehicle	-4.757535934448242	aff	aff
A cab is a furniture.	furniture	-5.866034507751465	aff	neg
A cab is not a furniture.	furniture	-5.1848859786987305	neg	neg
A cab is not a vehicle.	vehicle	-4.334249019622803	neg	aff
A helicopter is a vehicle.	vehicle	-4.911571979522705	aff	aff
A helicopter is a vegetable.	vegetable	-5.959219932556152	aff	neg
A helicopter is not a vegetable.	vegetable	-5.058866024017334	neg	neg
A helicopter is not a vehicle.	vehicle	-4.200160503387451	neg	aff
A subway is a vehicle.	vehicle	-5.807128429412842	aff	aff
A subway is a weapon.	weapon	-5.5675506591796875	aff	neg
A subway is not a weapon.	weapon	-5.046754837036133	neg	neg
A subway is not a vehicle.	vehicle	-4.7069597244262695	neg	aff
A motorbike is a vehicle.	vehicle	-3.743273973464966	aff	aff
A motorbike is a vegetable.	vegetable	-5.148414134979248	aff	neg
A motorbike is not a vegetable.	vegetable	-4.390118598937988	neg	neg
A motorbike is not a vehicle.	vehicle	-3.615856647491455	neg	aff
A tank is a vehicle.	vehicle	-4.940970420837402	aff	aff
A tank is a furniture.	furniture	-5.719095230102539	aff	neg
A tank is not a furniture.	furniture	-5.118236064910889	neg	neg
A tank is not a vehicle.	vehicle	-4.286677360534668	neg	aff
A carriage is a vehicle.	vehicle	-4.641139984130859	aff	aff
A carriage is a color.	color	-6.374593734741211	aff	neg
A carriage is not a color.	color	-5.326596260070801	neg	neg
A carriage is not a vehicle.	vehicle	-4.299663543701172	neg	aff
A Honda is a vehicle.	vehicle	-4.793725490570068	aff	aff
A Honda is a furniture.	furniture	-6.494563102722168	aff	neg
A Honda is not a furniture.	furniture	-5.718285083770752	neg	neg
A Honda is not a vehicle.	vehicle	-4.766393661499023	neg	aff
A horse is a vehicle.	vehicle	-4.402184009552002	aff	aff
A horse is a metal.	metal	-5.570156097412109	aff	neg
A horse is not a metal.	metal	-4.428488731384277	neg	neg
A horse is not a vehicle.	vehicle	-3.95456600189209	neg	aff
A feet is a vehicle.	vehicle	-5.943878173828125	aff	aff
A feet is a crime.	crime	-6.345503807067871	aff	neg
A feet is not a crime.	crime	-5.818735599517822	neg	neg
A feet is not a vehicle.	vehicle	-5.323307991027832	neg	aff
A sled is a vehicle.	vehicle	-4.6673808097839355	aff	aff
A sled is a vegetable.	vegetable	-6.0655670166015625	aff	neg
A sled is not a vegetable.	vegetable	-5.442163467407227	neg	neg
A sled is not a vehicle.	vehicle	-4.44648551940918	neg	aff
A cycle is a vehicle.	vehicle	-5.457054138183594	aff	aff
A cycle is a fruit.	fruit	-5.5621843338012695	aff	neg
A cycle is not a fruit.	fruit	-4.980616092681885	neg	neg
A cycle is not a vehicle.	vehicle	-4.745608806610107	neg	aff
A rocket is a vehicle.	vehicle	-4.49406623840332	aff	aff
A rocket is a metal.	metal	-6.158200740814209	aff	neg
A rocket is not a metal.	metal	-5.308157920837402	neg	neg
A rocket is not a vehicle.	vehicle	-4.413434982299805	neg	aff
A van is a vehicle.	vehicle	-4.405491352081299	aff	aff
A van is an animal.	animal	-5.533782005310059	aff	neg
A van is not an animal.	animal	-4.766266822814941	neg	neg
A van is not a vehicle.	vehicle	-4.131447792053223	neg	aff
A doll is a toy.	toy	-4.248878002166748	aff	aff
A doll is an animal.	animal	-5.520873546600342	aff	neg
A doll is not an animal.	animal	-4.512340545654297	neg	neg
A doll is not a toy.	toy	-3.6703147888183594	neg	aff
A ball is a toy.	toy	-4.654716491699219	aff	aff
A ball is a metal.	metal	-5.9561991691589355	aff	neg
A ball is not a metal.	metal	-4.939016342163086	neg	neg
A ball is not a toy.	toy	-4.427820682525635	neg	aff
A car is a toy.	toy	-4.456015110015869	aff	aff
A car is a city.	city	-4.758346080780029	aff	neg
A car is not a city.	city	-4.042886734008789	neg	neg
A car is not a toy.	toy	-3.1557962894439697	neg	aff
A gun is a toy.	toy	-4.789284706115723	aff	aff
A gun is a weapon.	weapon	-3.9122798442840576	aff	neg
A gun is not a weapon.	weapon	-3.6005051136016846	neg	neg
A gun is not a toy.	toy	-3.447105646133423	neg	aff
A truck is a toy.	toy	-5.3892011642456055	aff	aff
A truck is a snake.	snake	-5.469669342041016	aff	neg
A truck is not a snake.	snake	-4.88443660736084	neg	neg
A truck is not a toy.	toy	-3.802438735961914	neg	aff
A train is a toy.	toy	-5.104837894439697	aff	aff
A train is a vehicle.	vehicle	-4.1914963722229	aff	neg
A train is not a vehicle.	vehicle	-4.102835655212402	neg	neg
A train is not a toy.	toy	-4.040339469909668	neg	aff
A game is a toy.	toy	-4.482375621795654	aff	aff
A game is a relative.	relative	-5.043635845184326	aff	neg
A game is not a relative.	relative	-5.330951690673828	neg	neg
A game is not a toy.	toy	-3.8478341102600098	neg	aff
A block is a toy.	toy	-5.28447151184082	aff	aff
A block is a flower.	flower	-5.826571941375732	aff	neg
A block is not a flower.	flower	-5.035318851470947	neg	neg
A block is not a toy.	toy	-4.473718166351318	neg	aff
A bat is a toy.	toy	-5.482289791107178	aff	aff
A bat is an insect.	insect	-4.604389190673828	aff	neg
A bat is not an insect.	insect	-3.8389735221862793	neg	neg
A bat is not a toy.	toy	-4.274661064147949	neg	aff
A top is a toy.	toy	-5.563498497009277	aff	aff
A top is a tree.	tree	-5.571364879608154	aff	neg
A top is not a tree.	tree	-5.201058864593506	neg	neg
A top is not a toy.	toy	-4.9099931716918945	neg	aff
A boat is a toy.	toy	-5.361602783203125	aff	aff
A boat is a relative.	relative	-5.641797065734863	aff	neg
A boat is not a relative.	relative	-5.1598639488220215	neg	neg
A boat is not a toy.	toy	-3.58478045463562	neg	aff
A dollhouse is a toy.	toy	-4.106250286102295	aff	aff
A dollhouse is a tree.	tree	-4.954445838928223	aff	neg
A dollhouse is not a tree.	tree	-4.618465423583984	neg	neg
A dollhouse is not a toy.	toy	-3.4679715633392334	neg	aff
A wagon is a toy.	toy	-5.600953578948975	aff	aff
A wagon is a furniture.	furniture	-5.864169597625732	aff	neg
A wagon is not a furniture.	furniture	-5.206370830535889	neg	neg
A wagon is not a toy.	toy	-4.28934383392334	neg	aff
A bike is a toy.	toy	-4.48924446105957	aff	aff
A bike is an animal.	animal	-4.763998031616211	aff	neg
A bike is not an animal.	animal	-4.401689052581787	neg	neg
A bike is not a toy.	toy	-3.3335204124450684	neg	aff
A jacks is a toy.	toy	-5.80454683303833	aff	aff
A jacks is an insect.	insect	-6.139519691467285	aff	neg
A jacks is not an insect.	insect	-5.698604106903076	neg	neg
A jacks is not a toy.	toy	-5.140273571014404	neg	aff
A puzzle is a toy.	toy	-4.506468772888184	aff	aff
A puzzle is a tree.	tree	-5.282644271850586	aff	neg
A puzzle is not a tree.	tree	-4.97291898727417	neg	neg
A puzzle is not a toy.	toy	-4.064759254455566	neg	aff
A rattle is a toy.	toy	-3.9914188385009766	aff	aff
A rattle is a vehicle.	vehicle	-5.280591011047363	aff	neg
A rattle is not a vehicle.	vehicle	-4.507002353668213	neg	neg
A rattle is not a toy.	toy	-3.573787212371826	neg	aff
A bicycle is a toy.	toy	-4.564400672912598	aff	aff
A bicycle is an animal.	animal	-4.791512966156006	aff	neg
A bicycle is not an animal.	animal	-4.3135199546813965	neg	neg
A bicycle is not a toy.	toy	-3.348371982574463	neg	aff
A tricycle is a toy.	toy	-4.447922706604004	aff	aff
A tricycle is a vegetable.	vegetable	-5.274020671844482	aff	neg
A tricycle is not a vegetable.	vegetable	-4.414509296417236	neg	neg
A tricycle is not a toy.	toy	-3.4768059253692627	neg	aff
A balloon is a toy.	toy	-4.711307525634766	aff	aff
A balloon is a snake.	snake	-5.869683742523193	aff	neg
A balloon is not a snake.	snake	-4.954319953918457	neg	neg
A balloon is not a toy.	toy	-3.9902286529541016	neg	aff
A YoYo is a toy.	toy	-4.418355464935303	aff	aff
A YoYo is a crime.	crime	-5.703917980194092	aff	neg
A YoYo is not a crime.	crime	-5.250991344451904	neg	neg
A YoYo is not a toy.	toy	-4.0940842628479	neg	aff
A marbles is a toy.	toy	-5.095267295837402	aff	aff
A marbles is a furniture.	furniture	-6.418345928192139	aff	neg
A marbles is not a furniture.	furniture	-6.065553665161133	neg	neg
A marbles is not a toy.	toy	-5.080370903015137	neg	aff
A rope is a toy.	toy	-5.217149257659912	aff	aff
A rope is an insect.	insect	-6.117938995361328	aff	neg
A rope is not an insect.	insect	-5.2425665855407715	neg	neg
A rope is not a toy.	toy	-4.348651885986328	neg	aff
A horse is a toy.	toy	-5.17812967300415	aff	aff
A horse is a fish.	fish	-4.9926652908325195	aff	neg
A horse is not a fish.	fish	-4.1390275955200195	neg	neg
A horse is not a toy.	toy	-3.6245179176330566	neg	aff
A skates is a toy.	toy	-5.210363864898682	aff	aff
A skates is a city.	city	-5.71501350402832	aff	neg
A skates is not a city.	city	-5.388439178466797	neg	neg
A skates is not a toy.	toy	-4.372764587402344	neg	aff
A animals is a toy.	toy	-6.8711347579956055	aff	aff
A animals is a fish.	fish	-6.229640483856201	aff	neg
A animals is not a fish.	fish	-5.805875778198242	neg	neg
A animals is not a toy.	toy	-5.627565860748291	neg	aff
A books is a toy.	toy	-5.980249404907227	aff	aff
A books is a weapon.	weapon	-5.994490623474121	aff	neg
A books is not a weapon.	weapon	-5.316122055053711	neg	neg
A books is not a toy.	toy	-5.096127510070801	neg	aff
A dishes is a toy.	toy	-6.548631191253662	aff	aff
A dishes is a profession.	profession	-6.84247350692749	aff	neg
A dishes is not a profession.	profession	-6.222562789916992	neg	neg
A dishes is not a toy.	toy	-5.6171159744262695	neg	aff
A drum is a toy.	toy	-5.379034996032715	aff	aff
A drum is a vegetable.	vegetable	-5.7280097007751465	aff	neg
A drum is not a vegetable.	vegetable	-4.962347507476807	neg	neg
A drum is not a toy.	toy	-4.1546525955200195	neg	aff
A fire is a toy.	toy	-5.654618740081787	aff	aff
A fire is a profession.	profession	-5.465182304382324	aff	neg
A fire is not a profession.	profession	-4.800801753997803	neg	neg
A fire is not a toy.	toy	-4.04534912109375	neg	aff
An engine is a toy.	toy	-5.1139750480651855	aff	aff
An engine is an insect.	insect	-5.502059459686279	aff	neg
An engine is not an insect.	insect	-4.8741021156311035	neg	neg
An engine is not a toy.	toy	-4.035286903381348	neg	aff
A football is a toy.	toy	-5.467164516448975	aff	aff
A football is a snake.	snake	-5.848106384277344	aff	neg
A football is not a snake.	snake	-4.992772579193115	neg	neg
A football is not a toy.	toy	-4.046382427215576	neg	aff
A cards is a toy.	toy	-6.115350246429443	aff	aff
A cards is a fish.	fish	-6.832427501678467	aff	neg
A cards is not a fish.	fish	-6.02694034576416	neg	neg
A cards is not a toy.	toy	-5.42661190032959	neg	aff
A crayons is a toy.	toy	-5.1095452308654785	aff	aff
A crayons is a fruit.	fruit	-5.581633567810059	aff	neg
A crayons is not a fruit.	fruit	-5.026348114013672	neg	neg
A crayons is not a toy.	toy	-4.537010669708252	neg	aff
A Monopoly is a toy.	toy	-5.06256103515625	aff	aff
A Monopoly is a snake.	snake	-5.123807907104492	aff	neg
A Monopoly is not a snake.	snake	-4.799561023712158	neg	neg
A Monopoly is not a toy.	toy	-4.442295551300049	neg	aff
A tractor is a toy.	toy	-5.698138236999512	aff	aff
A tractor is a fish.	fish	-5.8535003662109375	aff	neg
A tractor is not a fish.	fish	-4.9837327003479	neg	neg
A tractor is not a toy.	toy	-3.8932573795318604	neg	aff
A baseball is a toy.	toy	-5.691110610961914	aff	aff
A baseball is an animal.	animal	-5.397325038909912	aff	neg
A baseball is not an animal.	animal	-4.9638566970825195	neg	neg
A baseball is not a toy.	toy	-4.420326232910156	neg	aff
A glove is a toy.	toy	-5.985884666442871	aff	aff
A glove is a relative.	relative	-6.333644866943359	aff	neg
A glove is not a relative.	relative	-5.507945537567139	neg	neg
A glove is not a toy.	toy	-4.264859199523926	neg	aff
A swing is a toy.	toy	-4.741406440734863	aff	aff
A swing is a crime.	crime	-5.4738006591796875	aff	neg
A swing is not a crime.	crime	-5.0414652824401855	neg	neg
A swing is not a toy.	toy	-4.174492835998535	neg	aff
A carrot is a vegetable.	vegetable	-4.281396389007568	aff	aff
A carrot is an animal.	animal	-5.192575454711914	aff	neg
A carrot is not an animal.	animal	-4.582036972045898	neg	neg
A carrot is not a vegetable.	vegetable	-3.736391544342041	neg	aff
A pea is a vegetable.	vegetable	-4.764621734619141	aff	aff
A pea is a fish.	fish	-5.762574672698975	aff	neg
A pea is not a fish.	fish	-4.629083633422852	neg	neg
A pea is not a vegetable.	vegetable	-4.189143657684326	neg	aff
A corn is a vegetable.	vegetable	-5.006707191467285	aff	aff
A corn is a color.	color	-5.506217956542969	aff	neg
A corn is not a color.	color	-4.935512542724609	neg	neg
A corn is not a vegetable.	vegetable	-4.164994239807129	neg	aff
A bean is a vegetable.	vegetable	-4.50861120223999	aff	aff
A bean is a flower.	flower	-4.797779083251953	aff	neg
A bean is not a flower.	flower	-4.462547302246094	neg	neg
A bean is not a vegetable.	vegetable	-4.089953899383545	neg	aff
A potato is a vegetable.	vegetable	-4.200632095336914	aff	aff
A potato is a furniture.	furniture	-6.487673759460449	aff	neg
A potato is not a furniture.	furniture	-5.379881381988525	neg	neg
A potato is not a vegetable.	vegetable	-3.541464328765869	neg	aff
A tomato is a vegetable.	vegetable	-4.002590179443359	aff	aff
A tomato is a state.	state	-5.37272834777832	aff	neg
A tomato is not a state.	state	-4.9889092445373535	neg	neg
A tomato is not a vegetable.	vegetable	-3.5312368869781494	neg	aff
A lettuce is a vegetable.	vegetable	-4.85471248626709	aff	aff
A lettuce is a toy.	toy	-6.526278972625732	aff	neg
A lettuce is not a toy.	toy	-4.982178688049316	neg	neg
A lettuce is not a vegetable.	vegetable	-4.144011497497559	neg	aff
A spinach is a vegetable.	vegetable	-5.27925443649292	aff	aff
A spinach is a country.	country	-6.826724052429199	aff	neg
A spinach is not a country.	country	-5.728878498077393	neg	neg
A spinach is not a vegetable.	vegetable	-4.686792850494385	neg	aff
An asparagus is a vegetable.	vegetable	-3.984476327896118	aff	aff
An asparagus is a disease.	disease	-5.611690044403076	aff	neg
An asparagus is not a disease.	disease	-4.972647666931152	neg	neg
An asparagus is not a vegetable.	vegetable	-3.810335159301758	neg	aff
A broccoli is a vegetable.	vegetable	-4.820279121398926	aff	aff
A broccoli is a state.	state	-5.974114418029785	aff	neg
A broccoli is not a state.	state	-5.599583625793457	neg	neg
A broccoli is not a vegetable.	vegetable	-4.359462261199951	neg	aff
A celery is a vegetable.	vegetable	-4.928868293762207	aff	aff
A celery is a flower.	flower	-5.384529113769531	aff	neg
A celery is not a flower.	flower	-4.924375057220459	neg	neg
A celery is not a vegetable.	vegetable	-4.464377403259277	neg	aff
A cabbage is a vegetable.	vegetable	-4.539563179016113	aff	aff
A cabbage is a sport.	sport	-5.996921539306641	aff	neg
A cabbage is not a sport.	sport	-5.158594131469727	neg	neg
A cabbage is not a vegetable.	vegetable	-3.887061357498169	neg	aff
A string beans is a vegetable.	vegetable	-5.197216033935547	aff	aff
A string beans is a bird.	bird	-5.818366527557373	aff	neg
A string beans is not a bird.	bird	-5.308603763580322	neg	neg
A string beans is not a vegetable.	vegetable	-4.852976322174072	neg	aff
A cauliflower is a vegetable.	vegetable	-4.388910293579102	aff	aff
A cauliflower is a metal.	metal	-6.048994064331055	aff	neg
A cauliflower is not a metal.	metal	-4.978269577026367	neg	neg
A cauliflower is not a vegetable.	vegetable	-3.850126266479492	neg	aff
A beets is a vegetable.	vegetable	-4.818316459655762	aff	aff
A beets is a flower.	flower	-5.325698375701904	aff	neg
A beets is not a flower.	flower	-5.031423091888428	neg	neg
A beets is not a vegetable.	vegetable	-4.553274154663086	neg	aff
A squash is a vegetable.	vegetable	-4.558126449584961	aff	aff
A squash is a relative.	relative	-5.520059108734131	aff	neg
A squash is not a relative.	relative	-5.305509567260742	neg	neg
A squash is not a vegetable.	vegetable	-4.085416316986084	neg	aff
An onion is a vegetable.	vegetable	-3.9217567443847656	aff	aff
An onion is a weapon.	weapon	-5.421207427978516	aff	neg
An onion is not a weapon.	weapon	-4.643049240112305	neg	neg
An onion is not a vegetable.	vegetable	-3.7675516605377197	neg	aff
A radish is a vegetable.	vegetable	-3.7894015312194824	aff	aff
A radish is an insect.	insect	-5.144972801208496	aff	neg
A radish is not an insect.	insect	-4.241467475891113	neg	neg
A radish is not a vegetable.	vegetable	-3.327183723449707	neg	aff
A cucumber is a vegetable.	vegetable	-4.098804473876953	aff	aff
A cucumber is a metal.	metal	-5.975213527679443	aff	neg
A cucumber is not a metal.	metal	-4.840074062347412	neg	neg
A cucumber is not a vegetable.	vegetable	-3.6657989025115967	neg	aff
A turnip is a vegetable.	vegetable	-4.01224422454834	aff	aff
A turnip is a color.	color	-5.269198894500732	aff	neg
A turnip is not a color.	color	-4.480717658996582	neg	neg
A turnip is not a vegetable.	vegetable	-3.5488553047180176	neg	aff
A kale is a vegetable.	vegetable	-4.885138511657715	aff	aff
A kale is a profession.	profession	-6.623157024383545	aff	neg
A kale is not a profession.	profession	-5.863131046295166	neg	neg
A kale is not a vegetable.	vegetable	-4.435912132263184	neg	aff
A parsley is a vegetable.	vegetable	-5.4642839431762695	aff	aff
A parsley is a disease.	disease	-6.577219009399414	aff	neg
A parsley is not a disease.	disease	-5.66213321685791	neg	neg
A parsley is not a vegetable.	vegetable	-4.8112897872924805	neg	aff
A peppers is a vegetable.	vegetable	-5.534111976623535	aff	aff
A peppers is a metal.	metal	-7.073634147644043	aff	neg
A peppers is not a metal.	metal	-5.784873008728027	neg	neg
A peppers is not a vegetable.	vegetable	-4.99417781829834	neg	aff
A fly is an insect.	insect	-3.916677474975586	aff	aff
A fly is a country.	country	-5.724390983581543	aff	neg
A fly is not a country.	country	-4.996709823608398	neg	neg
A fly is not an insect.	insect	-3.838931083679199	neg	aff
An ant is an insect.	insect	-4.016999244689941	aff	aff
An ant is a fish.	fish	-5.736239433288574	aff	neg
An ant is not a fish.	fish	-4.480843544006348	neg	neg
An ant is not an insect.	insect	-3.8206675052642822	neg	aff
A bee is an insect.	insect	-4.026102542877197	aff	aff
A bee is a metal.	metal	-6.053783416748047	aff	neg
A bee is not a metal.	metal	-5.011651992797852	neg	neg
A bee is not an insect.	insect	-3.859476327896118	neg	aff
A mosquito is an insect.	insect	-3.962463855743408	aff	aff
A mosquito is a city.	city	-5.342252254486084	aff	neg
A mosquito is not a city.	city	-4.996501445770264	neg	neg
A mosquito is not an insect.	insect	-3.961212396621704	neg	aff
A spider is an insect.	insect	-4.192934513092041	aff	aff
A spider is a furniture.	furniture	-5.9351959228515625	aff	neg
A spider is not a furniture.	furniture	-5.356772422790527	neg	neg
A spider is not an insect.	insect	-3.751297950744629	neg	aff
A beetle is an insect.	insect	-4.339673042297363	aff	aff
A beetle is a vegetable.	vegetable	-5.476094722747803	aff	neg
A beetle is not a vegetable.	vegetable	-4.86528205871582	neg	neg
A beetle is not an insect.	insect	-4.125445365905762	neg	aff
A roach is an insect.	insect	-3.640791177749634	aff	aff
A roach is a city.	city	-4.437379360198975	aff	neg
A roach is not a city.	city	-4.495585918426514	neg	neg
A roach is not an insect.	insect	-3.613255023956299	neg	aff
A wasp is an insect.	insect	-3.649456262588501	aff	aff
A wasp is a tree.	tree	-4.660886287689209	aff	neg
A wasp is not a tree.	tree	-4.163334846496582	neg	neg
A wasp is not an insect.	insect	-3.398007869720459	neg	aff
A grasshopper is an insect.	insect	-3.201353073120117	aff	aff
A grasshopper is a fruit.	fruit	-4.578868865966797	aff	neg
A grasshopper is not a fruit.	fruit	-3.7632064819335938	neg	neg
A grasshopper is not an insect.	insect	-3.180142879486084	neg	aff
A ladybug is an insect.	insect	-3.637667417526245	aff	aff
A ladybug is a toy.	toy	-4.8230743408203125	aff	neg
A ladybug is not a toy.	toy	-4.200488090515137	neg	neg
A ladybug is not an insect.	insect	-3.546517848968506	neg	aff
A gnat is an insect.	insect	-3.8454363346099854	aff	aff
A gnat is a fruit.	fruit	-5.1470818519592285	aff	neg
A gnat is not a fruit.	fruit	-4.499699592590332	neg	neg
A gnat is not an insect.	insect	-3.715299606323242	neg	aff
A moth is an insect.	insect	-4.202320098876953	aff	aff
A moth is a furniture.	furniture	-6.334220886230469	aff	neg
A moth is not a furniture.	furniture	-5.583288192749023	neg	neg
A moth is not an insect.	insect	-3.9356226921081543	neg	aff
A flea is an insect.	insect	-3.927452802658081	aff	aff
A flea is a fruit.	fruit	-5.920202255249023	aff	neg
A flea is not a fruit.	fruit	-4.971783638000488	neg	neg
A flea is not an insect.	insect	-3.875153064727783	neg	aff
A butterfly is an insect.	insect	-3.7854812145233154	aff	aff
A butterfly is a vehicle.	vehicle	-5.196988105773926	aff	neg
A butterfly is not a vehicle.	vehicle	-4.550845623016357	neg	neg
A butterfly is not an insect.	insect	-3.7090821266174316	neg	aff
A bug is an insect.	insect	-4.142361640930176	aff	aff
A bug is a city.	city	-5.461167812347412	aff	neg
A bug is not a city.	city	-4.980367660522461	neg	neg
A bug is not an insect.	insect	-4.202050685882568	neg	aff
A cockroach is an insect.	insect	-3.5026514530181885	aff	aff
A cockroach is a vegetable.	vegetable	-4.668417930603027	aff	neg
A cockroach is not a vegetable.	vegetable	-4.136918067932129	neg	neg
A cockroach is not an insect.	insect	-3.5057132244110107	neg	aff
A termite is an insect.	insect	-3.4464902877807617	aff	aff
A termite is a crime.	crime	-4.953100681304932	aff	neg
A termite is not a crime.	crime	-4.578672409057617	neg	neg
A termite is not an insect.	insect	-3.492715358734131	neg	aff
A hornet is an insect.	insect	-3.9346601963043213	aff	aff
A hornet is a metal.	metal	-5.673830032348633	aff	neg
A hornet is not a metal.	metal	-4.889308929443359	neg	neg
A hornet is not an insect.	insect	-3.7110464572906494	neg	aff
A cricket is an insect.	insect	-4.312729835510254	aff	aff
A cricket is a flower.	flower	-5.174633979797363	aff	neg
A cricket is not a flower.	flower	-4.806299686431885	neg	neg
A cricket is not an insect.	insect	-4.157405853271484	neg	aff
A caterpillar is an insect.	insect	-3.8211159706115723	aff	aff
A caterpillar is a vegetable.	vegetable	-4.382564544677734	aff	neg
A caterpillar is not a vegetable.	vegetable	-3.9369332790374756	neg	neg
A caterpillar is not an insect.	insect	-3.384956121444702	neg	aff
A tick is an insect.	insect	-4.253056526184082	aff	aff
A tick is a crime.	crime	-5.678250789642334	aff	neg
A tick is not a crime.	crime	-5.128911972045898	neg	neg
A tick is not an insect.	insect	-3.9287590980529785	neg	aff
A centipede is an insect.	insect	-3.227478504180908	aff	aff
A centipede is a country.	country	-4.337386608123779	aff	neg
A centipede is not a country.	country	-4.084753513336182	neg	neg
A centipede is not an insect.	insect	-3.0745716094970703	neg	aff
A dragonfly is an insect.	insect	-3.525085687637329	aff	aff
A dragonfly is a country.	country	-4.866454601287842	aff	neg
A dragonfly is not a country.	country	-4.704164505004883	neg	neg
A dragonfly is not an insect.	insect	-3.471252918243408	neg	aff
A silverfish is an insect.	insect	-3.813849449157715	aff	aff
A silverfish is a color.	color	-5.678620338439941	aff	neg
A silverfish is not a color.	color	-4.5944976806640625	neg	neg
A silverfish is not an insect.	insect	-3.605966806411743	neg	aff
A worm is an insect.	insect	-4.538433074951172	aff	aff
A worm is a metal.	metal	-5.757630348205566	aff	neg
A worm is not a metal.	metal	-4.754455089569092	neg	neg
A worm is not an insect.	insect	-4.049698829650879	neg	aff
A locust is an insect.	insect	-3.918426752090454	aff	aff
A locust is a relative.	relative	-4.900521755218506	aff	neg
A locust is not a relative.	relative	-4.516098976135254	neg	neg
A locust is not an insect.	insect	-3.728644371032715	neg	aff
A horsefly is an insect.	insect	-4.260194778442383	aff	aff
A horsefly is a city.	city	-5.589655876159668	aff	neg
A horsefly is not a city.	city	-5.136940956115723	neg	neg
A horsefly is not an insect.	insect	-4.084954261779785	neg	aff
A rose is a flower.	flower	-3.3341901302337646	aff	aff
A rose is an insect.	insect	-5.214751243591309	aff	neg
A rose is not an insect.	insect	-4.4582366943359375	neg	neg
A rose is not a flower.	flower	-3.4064066410064697	neg	aff
A lotus is a flower.	flower	-3.405579090118408	aff	aff
A lotus is a profession.	profession	-5.1591997146606445	aff	neg
A lotus is not a profession.	profession	-4.759836196899414	neg	neg
A lotus is not a flower.	flower	-3.3076119422912598	neg	aff
A carnation is a flower.	flower	-3.576115846633911	aff	aff
A carnation is a fruit.	fruit	-5.041987895965576	aff	neg
A carnation is not a fruit.	fruit	-4.272298812866211	neg	neg
A carnation is not a flower.	flower	-3.6182053089141846	neg	aff
A daisy is a flower.	flower	-3.3082001209259033	aff	aff
A daisy is a vegetable.	vegetable	-4.568035125732422	aff	neg
A daisy is not a vegetable.	vegetable	-4.155210494995117	neg	neg
A daisy is not a flower.	flower	-3.351903200149536	neg	aff
A violet is a flower.	flower	-4.171302318572998	aff	aff
A violet is a disease.	disease	-5.853335857391357	aff	neg
A violet is not a disease.	disease	-5.234411716461182	neg	neg
A violet is not a flower.	flower	-4.083009719848633	neg	aff
A orchid is a flower.	flower	-4.087218284606934	aff	aff
A orchid is a fish.	fish	-5.333781719207764	aff	neg
A orchid is not a fish.	fish	-4.579179763793945	neg	neg
A orchid is not a flower.	flower	-3.927731513977051	neg	aff
A chrysanthemum is a flower.	flower	-2.4953646659851074	aff	aff
A chrysanthemum is an animal.	animal	-3.5201752185821533	aff	neg
A chrysanthemum is not an animal.	animal	-3.1445560455322266	neg	neg
A chrysanthemum is not a flower.	flower	-2.5973026752471924	neg	aff
A lily is a flower.	flower	-3.4102823734283447	aff	aff
A lily is an insect.	insect	-4.710958003997803	aff	neg
A lily is not an insect.	insect	-4.088916778564453	neg	neg
A lily is not a flower.	flower	-3.374143600463867	neg	aff
A pansy is a flower.	flower	-3.6486573219299316	aff	aff
A pansy is a vegetable.	vegetable	-4.7556328773498535	aff	neg
A pansy is not a vegetable.	vegetable	-4.126218318939209	neg	neg
A pansy is not a flower.	flower	-3.598597526550293	neg	aff
A petunia is a flower.	flower	-3.3044118881225586	aff	aff
A petunia is a vegetable.	vegetable	-4.086122035980225	aff	neg
A petunia is not a vegetable.	vegetable	-3.6038429737091064	neg	neg
A petunia is not a flower.	flower	-3.404066801071167	neg	aff
A gardenia is a flower.	flower	-4.017691135406494	aff	aff
A gardenia is a disease.	disease	-5.027353763580322	aff	neg
A gardenia is not a disease.	disease	-4.542064666748047	neg	neg
A gardenia is not a flower.	flower	-3.88944673538208	neg	aff
A daffodil is a flower.	flower	-2.7789077758789062	aff	aff
A daffodil is an insect.	insect	-3.9749460220336914	aff	neg
A daffodil is not an insect.	insect	-3.4877662658691406	neg	neg
A daffodil is not a flower.	flower	-2.865278959274292	neg	aff
A dandelion is a flower.	flower	-3.05727481842041	aff	aff
A dandelion is a fruit.	fruit	-3.9723663330078125	aff	neg
A dandelion is not a fruit.	fruit	-3.669489622116089	neg	neg
A dandelion is not a flower.	flower	-3.0419256687164307	neg	aff
An iris is a flower.	flower	-3.9821853637695312	aff	aff
An iris is a state.	state	-5.564847946166992	aff	neg
An iris is not a state.	state	-5.136410713195801	neg	neg
An iris is not a flower.	flower	-3.8077480792999268	neg	aff
A lilac is a flower.	flower	-3.7842841148376465	aff	aff
A lilac is a fish.	fish	-5.333758354187012	aff	neg
A lilac is not a fish.	fish	-4.448922634124756	neg	neg
A lilac is not a flower.	flower	-3.661820650100708	neg	aff
A geranium is a flower.	flower	-3.7862467765808105	aff	aff
A geranium is a disease.	disease	-5.237245082855225	aff	neg
A geranium is not a disease.	disease	-4.4721903800964355	neg	neg
A geranium is not a flower.	flower	-3.662381649017334	neg	aff
A peony is a flower.	flower	-3.6226699352264404	aff	aff
A peony is a vehicle.	vehicle	-5.139444828033447	aff	neg
A peony is not a vehicle.	vehicle	-4.857305526733398	neg	neg
A peony is not a flower.	flower	-3.5546152591705322	neg	aff
A sunflower is a flower.	flower	-3.4840168952941895	aff	aff
A sunflower is a tree.	tree	-4.334412574768066	aff	neg
A sunflower is not a tree.	tree	-3.7143445014953613	neg	neg
A sunflower is not a flower.	flower	-3.367882251739502	neg	aff
An azalea is a flower.	flower	-3.766685962677002	aff	aff
An azalea is a state.	state	-5.034061908721924	aff	neg
An azalea is not a state.	state	-4.720248222351074	neg	neg
An azalea is not a flower.	flower	-3.6014175415039062	neg	aff
A gladiola is a flower.	flower	-3.5331227779388428	aff	aff
A gladiola is a relative.	relative	-4.645345687866211	aff	neg
A gladiola is not a relative.	relative	-4.396929740905762	neg	neg
A gladiola is not a flower.	flower	-3.50703763961792	neg	aff
A tulip is a flower.	flower	-3.403574228286743	aff	aff
A tulip is a tree.	tree	-4.380730628967285	aff	neg
A tulip is not a tree.	tree	-3.878446102142334	neg	neg
A tulip is not a flower.	flower	-3.3357925415039062	neg	aff
A snapdragon is a flower.	flower	-3.707878828048706	aff	aff
A snapdragon is a fish.	fish	-5.071498870849609	aff	neg
A snapdragon is not a fish.	fish	-4.359465599060059	neg	neg
A snapdragon is not a flower.	flower	-3.7406413555145264	neg	aff
A poppy is a flower.	flower	-3.2594377994537354	aff	aff
A poppy is a toy.	toy	-5.239251613616943	aff	neg
A poppy is not a toy.	toy	-4.160788059234619	neg	neg
A poppy is not a flower.	flower	-3.3272695541381836	neg	aff
A zinnia is a flower.	flower	-3.4805116653442383	aff	aff
A zinnia is an animal.	animal	-4.7856526374816895	aff	neg
A zinnia is not an animal.	animal	-4.070794105529785	neg	neg
A zinnia is not a flower.	flower	-3.508838176727295	neg	aff
A jonquil is a flower.	flower	-4.263826847076416	aff	aff
A jonquil is a furniture.	furniture	-6.366857051849365	aff	neg
A jonquil is not a furniture.	furniture	-5.756288051605225	neg	neg
A jonquil is not a flower.	flower	-4.280550003051758	neg	aff
A buttercup is a flower.	flower	-3.6256535053253174	aff	aff
A buttercup is a crime.	crime	-5.204786777496338	aff	neg
A buttercup is not a crime.	crime	-4.696134567260742	neg	neg
A buttercup is not a flower.	flower	-3.6279501914978027	neg	aff
A marigold is a flower.	flower	-3.327019214630127	aff	aff
A marigold is an animal.	animal	-4.821046829223633	aff	neg
A marigold is not an animal.	animal	-3.9988505840301514	neg	neg
A marigold is not a flower.	flower	-3.4100754261016846	neg	aff
A magnolia is a flower.	flower	-3.7422993183135986	aff	aff
A magnolia is a bird.	bird	-4.628988742828369	aff	neg
A magnolia is not a bird.	bird	-4.012551784515381	neg	neg
A magnolia is not a flower.	flower	-3.7207651138305664	neg	aff
An aster is a flower.	flower	-4.548671245574951	aff	aff
An aster is a weapon.	weapon	-5.871102333068848	aff	neg
An aster is not a weapon.	weapon	-5.143682479858398	neg	neg
An aster is not a flower.	flower	-4.2115020751953125	neg	aff
A hyacinth is a flower.	flower	-3.5064215660095215	aff	aff
A hyacinth is a bird.	bird	-4.527835845947266	aff	neg
A hyacinth is not a bird.	bird	-3.8771069049835205	neg	neg
A hyacinth is not a flower.	flower	-3.455554962158203	neg	aff
A camellia is a flower.	flower	-3.3090896606445312	aff	aff
A camellia is a weapon.	weapon	-4.602746963500977	aff	neg
A camellia is not a weapon.	weapon	-4.294022560119629	neg	neg
A camellia is not a flower.	flower	-3.3659732341766357	neg	aff
A cancer is a disease.	disease	-4.306732177734375	aff	aff
A cancer is an animal.	animal	-5.546778678894043	aff	neg
A cancer is not an animal.	animal	-4.77768611907959	neg	neg
A cancer is not a disease.	disease	-3.7767815589904785	neg	aff
A tuberculosis is a disease.	disease	-5.152259826660156	aff	aff
A tuberculosis is a vegetable.	vegetable	-6.759767055511475	aff	neg
A tuberculosis is not a vegetable.	vegetable	-6.114790916442871	neg	neg
A tuberculosis is not a disease.	disease	-5.081323146820068	neg	aff
A measles is a disease.	disease	-5.498065948486328	aff	aff
A measles is a color.	color	-7.104943752288818	aff	neg
A measles is not a color.	color	-6.174138069152832	neg	neg
A measles is not a disease.	disease	-5.090272426605225	neg	aff
A polio is a disease.	disease	-4.400653839111328	aff	aff
A polio is an insect.	insect	-5.455313205718994	aff	neg
A polio is not an insect.	insect	-4.884246826171875	neg	neg
A polio is not a disease.	disease	-4.252496719360352	neg	aff
A mumps is a disease.	disease	-4.6457200050354	aff	aff
A mumps is a city.	city	-5.929464340209961	aff	neg
A mumps is not a city.	city	-5.3575968742370605	neg	neg
A mumps is not a disease.	disease	-4.508446216583252	neg	aff
A cold is a disease.	disease	-4.609533309936523	aff	aff
A cold is an insect.	insect	-5.841124534606934	aff	neg
A cold is not an insect.	insect	-4.802718162536621	neg	neg
A cold is not a disease.	disease	-3.7981770038604736	neg	aff
A smallpox is a disease.	disease	-4.02957820892334	aff	aff
A smallpox is a state.	state	-4.916326522827148	aff	neg
A smallpox is not a state.	state	-4.709719181060791	neg	neg
A smallpox is not a disease.	disease	-3.996417284011841	neg	aff
A leukemia is a disease.	disease	-5.258416175842285	aff	aff
A leukemia is a crime.	crime	-6.394503593444824	aff	neg
A leukemia is not a crime.	crime	-5.867973804473877	neg	neg
A leukemia is not a disease.	disease	-4.933958053588867	neg	aff
A mononucleosis is a disease.	disease	-3.5842514038085938	aff	aff
A mononucleosis is a country.	country	-4.619398593902588	aff	neg
A mononucleosis is not a country.	country	-4.299794673919678	neg	neg
A mononucleosis is not a disease.	disease	-3.4577133655548096	neg	aff
A malaria is a disease.	disease	-4.89654541015625	aff	aff
A malaria is a profession.	profession	-6.592506408691406	aff	neg
A malaria is not a profession.	profession	-5.908496379852295	neg	neg
A malaria is not a disease.	disease	-4.701343059539795	neg	aff
A syphilis is a disease.	disease	-4.164005279541016	aff	aff
A syphilis is an insect.	insect	-5.035815238952637	aff	neg
A syphilis is not an insect.	insect	-4.695044040679932	neg	neg
A syphilis is not a disease.	disease	-4.106409549713135	neg	aff
A pneumonia is a disease.	disease	-4.869847297668457	aff	aff
A pneumonia is a city.	city	-6.328633785247803	aff	neg
A pneumonia is not a city.	city	-5.605404853820801	neg	neg
A pneumonia is not a disease.	disease	-4.61799430847168	neg	aff
A flu is a disease.	disease	-5.0264129638671875	aff	aff
A flu is a relative.	relative	-6.054798126220703	aff	neg
A flu is not a relative.	relative	-5.519540309906006	neg	neg
A flu is not a disease.	disease	-4.356115341186523	neg	aff
A leprosy is a disease.	disease	-4.005288124084473	aff	aff
A leprosy is a vegetable.	vegetable	-5.080959320068359	aff	neg
A leprosy is not a vegetable.	vegetable	-4.781449317932129	neg	neg
A leprosy is not a disease.	disease	-3.829942464828491	neg	aff
A typhoid is a disease.	disease	-3.9789347648620605	aff	aff
A typhoid is an insect.	insect	-4.756824493408203	aff	neg
A typhoid is not an insect.	insect	-4.3964643478393555	neg	neg
A typhoid is not a disease.	disease	-3.897841215133667	neg	aff
A diphtheria is a disease.	disease	-3.636040210723877	aff	aff
A diphtheria is a state.	state	-4.527792453765869	aff	neg
A diphtheria is not a state.	state	-4.346933364868164	neg	neg
A diphtheria is not a disease.	disease	-3.668851613998413	neg	aff
A diabetes is a disease.	disease	-4.492942810058594	aff	aff
A diabetes is an insect.	insect	-6.281120300292969	aff	neg
A diabetes is not an insect.	insect	-5.623029708862305	neg	neg
A diabetes is not a disease.	disease	-4.129703998565674	neg	aff
A gonorrhea is a disease.	disease	-3.9733948707580566	aff	aff
A gonorrhea is a city.	city	-4.812078475952148	aff	neg
A gonorrhea is not a city.	city	-4.550309181213379	neg	neg
A gonorrhea is not a disease.	disease	-3.8698103427886963	neg	aff
A arthritis is a disease.	disease	-5.023143291473389	aff	aff
A arthritis is a tree.	tree	-6.28476095199585	aff	neg
A arthritis is not a tree.	tree	-5.860626697540283	neg	neg
A arthritis is not a disease.	disease	-4.500748157501221	neg	aff
A cholera is a disease.	disease	-4.460301399230957	aff	aff
A cholera is an animal.	animal	-5.85783052444458	aff	neg
A cholera is not an animal.	animal	-5.146923065185547	neg	neg
A cholera is not a disease.	disease	-4.360360145568848	neg	aff
A hepatitis is a disease.	disease	-5.2597975730896	aff	aff
A hepatitis is a state.	state	-6.793319225311279	aff	neg
A hepatitis is not a state.	state	-5.830419540405273	neg	neg
A hepatitis is not a disease.	disease	-4.74920129776001	neg	aff
An alcoholism is a disease.	disease	-3.9540064334869385	aff	aff
An alcoholism is a vegetable.	vegetable	-5.74287223815918	aff	neg
An alcoholism is not a vegetable.	vegetable	-5.146475315093994	neg	neg
An alcoholism is not a disease.	disease	-3.877490758895874	neg	aff
A beriberi is a disease.	disease	-3.7928948402404785	aff	aff
A beriberi is a vegetable.	vegetable	-5.012512683868408	aff	neg
A beriberi is not a vegetable.	vegetable	-4.555369853973389	neg	neg
A beriberi is not a disease.	disease	-3.802753448486328	neg	aff
A rickets is a disease.	disease	-4.696451663970947	aff	aff
A rickets is a furniture.	furniture	-6.705749988555908	aff	neg
A rickets is not a furniture.	furniture	-6.010323524475098	neg	neg
A rickets is not a disease.	disease	-4.445191860198975	neg	aff
A virus is a disease.	disease	-4.2501420974731445	aff	aff
A virus is a state.	state	-5.049105644226074	aff	neg
A virus is not a state.	state	-4.563864231109619	neg	neg
A virus is not a disease.	disease	-3.5143778324127197	neg	aff
An oak is a tree.	tree	-4.548464775085449	aff	aff
An oak is a toy.	toy	-6.524014949798584	aff	neg
An oak is not a toy.	toy	-4.815960884094238	neg	neg
An oak is not a tree.	tree	-3.889425754547119	neg	aff
A maple is a tree.	tree	-4.598905563354492	aff	aff
A maple is a weapon.	weapon	-6.5449137687683105	aff	neg
A maple is not a weapon.	weapon	-5.360453128814697	neg	neg
A maple is not a tree.	tree	-4.097720146179199	neg	aff
A pine is a tree.	tree	-4.368635177612305	aff	aff
A pine is a metal.	metal	-6.665660381317139	aff	neg
A pine is not a metal.	metal	-5.200962066650391	neg	neg
A pine is not a tree.	tree	-4.032354354858398	neg	aff
A elm is a tree.	tree	-5.264647483825684	aff	aff
A elm is a color.	color	-6.543561935424805	aff	neg
A elm is not a color.	color	-5.800861835479736	neg	neg
A elm is not a tree.	tree	-4.928748607635498	neg	aff
An apple is a tree.	tree	-4.51527214050293	aff	aff
An apple is a state.	state	-5.137518882751465	aff	neg
An apple is not a state.	state	-4.691221237182617	neg	neg
An apple is not a tree.	tree	-3.8180415630340576	neg	aff
A birch is a tree.	tree	-3.9050190448760986	aff	aff
A birch is a profession.	profession	-5.9307122230529785	aff	neg
A birch is not a profession.	profession	-5.241950511932373	neg	neg
A birch is not a tree.	tree	-3.622103214263916	neg	aff
A cherry is a tree.	tree	-4.834634304046631	aff	aff
A cherry is a sport.	sport	-6.399326324462891	aff	neg
A cherry is not a sport.	sport	-5.238589286804199	neg	neg
A cherry is not a tree.	tree	-4.3646039962768555	neg	aff
A dogwood is a tree.	tree	-4.056954860687256	aff	aff
A dogwood is a sport.	sport	-5.551204204559326	aff	neg
A dogwood is not a sport.	sport	-5.108961582183838	neg	neg
A dogwood is not a tree.	tree	-3.685225486755371	neg	aff
A spruce is a tree.	tree	-3.7624425888061523	aff	aff
A spruce is a sport.	sport	-5.309611797332764	aff	neg
A spruce is not a sport.	sport	-4.756575107574463	neg	neg
A spruce is not a tree.	tree	-3.6214914321899414	neg	aff
A redwood is a tree.	tree	-3.602476119995117	aff	aff
A redwood is a bird.	bird	-5.085195064544678	aff	neg
A redwood is not a bird.	bird	-4.310349464416504	neg	neg
A redwood is not a tree.	tree	-3.467665910720825	neg	aff
A peach is a tree.	tree	-4.880527496337891	aff	aff
A peach is a relative.	relative	-5.48796272277832	aff	neg
A peach is not a relative.	relative	-5.218325138092041	neg	neg
A peach is not a tree.	tree	-4.247984409332275	neg	aff
A walnut is a tree.	tree	-4.767567157745361	aff	aff
A walnut is a furniture.	furniture	-6.833764553070068	aff	neg
A walnut is not a furniture.	furniture	-5.609773635864258	neg	neg
A walnut is not a tree.	tree	-4.106776237487793	neg	aff
A fir is a tree.	tree	-4.740666389465332	aff	aff
A fir is a fruit.	fruit	-6.194342613220215	aff	neg
A fir is not a fruit.	fruit	-5.350358486175537	neg	neg
A fir is not a tree.	tree	-4.385378360748291	neg	aff
A hickory is a tree.	tree	-3.6991031169891357	aff	aff
A hickory is an insect.	insect	-4.604348659515381	aff	neg
A hickory is not an insect.	insect	-4.249484539031982	neg	neg
A hickory is not a tree.	tree	-3.5492117404937744	neg	aff
A pear is a tree.	tree	-4.476884841918945	aff	aff
A pear is a weapon.	weapon	-5.893711090087891	aff	neg
A pear is not a weapon.	weapon	-4.920435428619385	neg	neg
A pear is not a tree.	tree	-4.187962532043457	neg	aff
A sycamore is a tree.	tree	-2.997851610183716	aff	aff
A sycamore is an animal.	animal	-3.832934856414795	aff	neg
A sycamore is not an animal.	animal	-3.5512192249298096	neg	neg
A sycamore is not a tree.	tree	-2.971348285675049	neg	aff
An ash is a tree.	tree	-5.271819114685059	aff	aff
An ash is a bird.	bird	-5.916500091552734	aff	neg
An ash is not a bird.	bird	-5.207365989685059	neg	neg
An ash is not a tree.	tree	-4.491865158081055	neg	aff
A poplar is a tree.	tree	-4.035569667816162	aff	aff
A poplar is a profession.	profession	-5.829019069671631	aff	neg
A poplar is not a profession.	profession	-5.098915100097656	neg	neg
A poplar is not a tree.	tree	-3.7188079357147217	neg	aff
A willow is a tree.	tree	-3.9664254188537598	aff	aff
A willow is a sport.	sport	-5.417245388031006	aff	neg
A willow is not a sport.	sport	-4.772672653198242	neg	neg
A willow is not a tree.	tree	-3.5766029357910156	neg	aff
A chestnut is a tree.	tree	-4.091740608215332	aff	aff
A chestnut is a color.	color	-4.972380638122559	aff	neg
A chestnut is not a color.	color	-4.359936714172363	neg	neg
A chestnut is not a tree.	tree	-3.7876172065734863	neg	aff
A cedar is a tree.	tree	-4.505995273590088	aff	aff
A cedar is a vehicle.	vehicle	-6.242894649505615	aff	neg
A cedar is not a vehicle.	vehicle	-5.559245586395264	neg	neg
A cedar is not a tree.	tree	-4.295682430267334	neg	aff
An evergreen is a tree.	tree	-4.580343723297119	aff	aff
An evergreen is an insect.	insect	-5.0848541259765625	aff	neg
An evergreen is not an insect.	insect	-4.661431312561035	neg	neg
An evergreen is not a tree.	tree	-3.79048228263855	neg	aff
A palm is a tree.	tree	-4.366416931152344	aff	aff
A palm is a vehicle.	vehicle	-5.677455902099609	aff	neg
A palm is not a vehicle.	vehicle	-4.935922145843506	neg	neg
A palm is not a tree.	tree	-3.7806408405303955	neg	aff
A beech is a tree.	tree	-3.743959426879883	aff	aff
A beech is a vehicle.	vehicle	-5.019478797912598	aff	neg
A beech is not a vehicle.	vehicle	-4.559760093688965	neg	neg
A beech is not a tree.	tree	-3.6667118072509766	neg	aff
An orange is a tree.	tree	-4.880438804626465	aff	aff
An orange is an animal.	animal	-5.389991760253906	aff	neg
An orange is not an animal.	animal	-4.49936056137085	neg	neg
An orange is not a tree.	tree	-4.182925224304199	neg	aff
A magnolia is a tree.	tree	-3.8417348861694336	aff	aff
A magnolia is a vehicle.	vehicle	-4.993162155151367	aff	neg
A magnolia is not a vehicle.	vehicle	-4.500919342041016	neg	neg
A magnolia is not a tree.	tree	-3.511850357055664	neg	aff
A tulip is a tree.	tree	-4.380730628967285	aff	aff
A tulip is a toy.	toy	-5.11946439743042	aff	neg
A tulip is not a toy.	toy	-4.1231889724731445	neg	neg
A tulip is not a tree.	tree	-3.878446102142334	neg	aff
A locust is a tree.	tree	-4.606475830078125	aff	aff
A locust is an insect.	insect	-3.918426752090454	aff	neg
A locust is not an insect.	insect	-3.728644371032715	neg	neg
A locust is not a tree.	tree	-4.15435791015625	neg	aff
A plum is a tree.	tree	-4.872912883758545	aff	aff
A plum is a weapon.	weapon	-6.3258161544799805	aff	neg
A plum is not a weapon.	weapon	-5.131285667419434	neg	neg
A plum is not a tree.	tree	-4.374904155731201	neg	aff
A cottonwood is a tree.	tree	-3.940124034881592	aff	aff
A cottonwood is a fish.	fish	-5.185319900512695	aff	neg
A cottonwood is not a fish.	fish	-4.67121696472168	neg	neg
A cottonwood is not a tree.	tree	-3.910640001296997	neg	aff
A gingo is a tree.	tree	-5.192929744720459	aff	aff
A gingo is a furniture.	furniture	-6.198039531707764	aff	neg
A gingo is not a furniture.	furniture	-5.7164812088012695	neg	neg
A gingo is not a tree.	tree	-4.844843864440918	neg	aff
A sequoia is a tree.	tree	-3.5137624740600586	aff	aff
A sequoia is a toy.	toy	-5.028625011444092	aff	neg
A sequoia is not a toy.	toy	-4.31530237197876	neg	neg
A sequoia is not a tree.	tree	-3.450681447982788	neg	aff
A Christmas is a tree.	tree	-5.377822399139404	aff	aff
A Christmas is a color.	color	-6.038112640380859	aff	neg
A Christmas is not a color.	color	-5.465529918670654	neg	neg
A Christmas is not a tree.	tree	-5.097572326660156	neg	aff
A holly is a tree.	tree	-4.482909202575684	aff	aff
A holly is a snake.	snake	-5.308728218078613	aff	neg
A holly is not a snake.	snake	-4.946552276611328	neg	neg
A holly is not a tree.	tree	-3.874087333679199	neg	aff
A mimosa is a tree.	tree	-4.022810459136963	aff	aff
A mimosa is a metal.	metal	-5.699245929718018	aff	neg
A mimosa is not a metal.	metal	-4.755374431610107	neg	neg
A mimosa is not a tree.	tree	-3.6640214920043945	neg	aff
A cypress is a tree.	tree	-3.993813991546631	aff	aff
A cypress is a country.	country	-5.8288893699646	aff	neg
A cypress is not a country.	country	-5.083206653594971	neg	neg
A cypress is not a tree.	tree	-3.7547483444213867	neg	aff
A lemon is a tree.	tree	-4.84346866607666	aff	aff
A lemon is a relative.	relative	-5.503594875335693	aff	neg
A lemon is not a relative.	relative	-5.106177806854248	neg	neg
A lemon is not a tree.	tree	-4.058378219604492	neg	aff
A mulberry is a tree.	tree	-4.011366367340088	aff	aff
A mulberry is a sport.	sport	-5.435911655426025	aff	neg
A mulberry is not a sport.	sport	-4.81583309173584	neg	neg
A mulberry is not a tree.	tree	-3.7327535152435303	neg	aff
A trout is a fish.	fish	-4.21931266784668	aff	aff
A trout is a profession.	profession	-6.479987144470215	aff	neg
A trout is not a profession.	profession	-5.722861289978027	neg	neg
A trout is not a fish.	fish	-3.9655237197875977	neg	aff
A bass is a fish.	fish	-4.626049518585205	aff	aff
A bass is a vehicle.	vehicle	-5.545158386230469	aff	neg
A bass is not a vehicle.	vehicle	-5.032505989074707	neg	neg
A bass is not a fish.	fish	-4.410979747772217	neg	aff
A shark is a fish.	fish	-3.7384719848632812	aff	aff
A shark is a flower.	flower	-5.6435699462890625	aff	neg
A shark is not a flower.	flower	-4.8469109535217285	neg	neg
A shark is not a fish.	fish	-3.669903039932251	neg	aff
A herring is a fish.	fish	-3.3225533962249756	aff	aff
A herring is a fruit.	fruit	-4.823875427246094	aff	neg
A herring is not a fruit.	fruit	-4.107760429382324	neg	neg
A herring is not a fish.	fish	-3.3226733207702637	neg	aff
A catfish is a fish.	fish	-3.7110755443573	aff	aff
A catfish is a flower.	flower	-4.778728008270264	aff	neg
A catfish is not a flower.	flower	-4.350159168243408	neg	neg
A catfish is not a fish.	fish	-3.4298555850982666	neg	aff
A perch is a fish.	fish	-4.823521614074707	aff	aff
A perch is a furniture.	furniture	-5.694549560546875	aff	neg
A perch is not a furniture.	furniture	-5.332578659057617	neg	neg
A perch is not a fish.	fish	-4.510595798492432	neg	aff
A salmon is a fish.	fish	-3.904567241668701	aff	aff
A salmon is a weapon.	weapon	-5.667230606079102	aff	neg
A salmon is not a weapon.	weapon	-4.964071750640869	neg	neg
A salmon is not a fish.	fish	-3.772759199142456	neg	aff
A tuna is a fish.	fish	-4.225811958312988	aff	aff
A tuna is a country.	country	-5.968360900878906	aff	neg
A tuna is not a country.	country	-5.160813331604004	neg	neg
A tuna is not a fish.	fish	-3.981827735900879	neg	aff
A goldfish is a fish.	fish	-3.4234015941619873	aff	aff
A goldfish is a snake.	snake	-4.6067681312561035	aff	neg
A goldfish is not a snake.	snake	-3.783203601837158	neg	neg
A goldfish is not a fish.	fish	-3.294248580932617	neg	aff
A swordfish is a fish.	fish	-3.965433120727539	aff	aff
A swordfish is a toy.	toy	-5.324416637420654	aff	neg
A swordfish is not a toy.	toy	-4.537565231323242	neg	neg
A swordfish is not a fish.	fish	-3.6816649436950684	neg	aff
A sunfish is a fish.	fish	-4.176161289215088	aff	aff
A sunfish is a crime.	crime	-5.693187236785889	aff	neg
A sunfish is not a crime.	crime	-5.358615875244141	neg	neg
A sunfish is not a fish.	fish	-3.815650463104248	neg	aff
A whale is a fish.	fish	-4.089852333068848	aff	aff
A whale is an animal.	animal	-4.265780448913574	aff	neg
A whale is not an animal.	animal	-3.912034034729004	neg	neg
A whale is not a fish.	fish	-3.594853162765503	neg	aff
A rock is a fish.	fish	-5.3501434326171875	aff	aff
A rock is a profession.	profession	-5.981985092163086	aff	neg
A rock is not a profession.	profession	-5.53085994720459	neg	neg
A rock is not a fish.	fish	-4.73443078994751	neg	aff
A cod is a fish.	fish	-4.193752765655518	aff	aff
A cod is a fruit.	fruit	-5.6563720703125	aff	neg
A cod is not a fruit.	fruit	-5.0894775390625	neg	neg
A cod is not a fish.	fish	-4.071066379547119	neg	aff
A bluegil is a fish.	fish	-5.505858421325684	aff	aff
A bluegil is a furniture.	furniture	-6.808398723602295	aff	neg
A bluegil is not a furniture.	furniture	-6.404827117919922	neg	neg
A bluegil is not a fish.	fish	-5.191220283508301	neg	aff
A carp is a fish.	fish	-4.0197882652282715	aff	aff
A carp is an animal.	animal	-5.034618377685547	aff	neg
A carp is not an animal.	animal	-4.651838779449463	neg	neg
A carp is not a fish.	fish	-3.9955599308013916	neg	aff
A pike is a fish.	fish	-3.5329389572143555	aff	aff
A pike is an insect.	insect	-4.667910575866699	aff	neg
A pike is not an insect.	insect	-4.24506950378418	neg	neg
A pike is not a fish.	fish	-3.5213348865509033	neg	aff
A minnow is a fish.	fish	-3.910264253616333	aff	aff
A minnow is a country.	country	-5.627934455871582	aff	neg
A minnow is not a country.	country	-4.857221603393555	neg	neg
A minnow is not a fish.	fish	-3.677726984024048	neg	aff
A guppy is a fish.	fish	-3.667358636856079	aff	aff
A guppy is a state.	state	-5.542775630950928	aff	neg
A guppy is not a state.	state	-4.821006774902344	neg	neg
A guppy is not a fish.	fish	-3.487621784210205	neg	aff
A flounder is a fish.	fish	-3.8722965717315674	aff	aff
A flounder is a toy.	toy	-5.809835433959961	aff	neg
A flounder is not a toy.	toy	-4.660805702209473	neg	neg
A flounder is not a fish.	fish	-3.5243961811065674	neg	aff
A marlin is a fish.	fish	-3.8497562408447266	aff	aff
A marlin is an animal.	animal	-4.490105628967285	aff	neg
A marlin is not an animal.	animal	-4.260433197021484	neg	neg
A marlin is not a fish.	fish	-3.7929606437683105	neg	aff
A shrimp is a fish.	fish	-4.622776031494141	aff	aff
A shrimp is a color.	color	-6.002606391906738	aff	neg
A shrimp is not a color.	color	-5.19274377822876	neg	neg
A shrimp is not a fish.	fish	-3.8802905082702637	neg	aff
A barracuda is a fish.	fish	-3.3641858100891113	aff	aff
A barracuda is a sport.	sport	-4.526577949523926	aff	neg
A barracuda is not a sport.	sport	-4.385953426361084	neg	neg
A barracuda is not a fish.	fish	-3.3956239223480225	neg	aff
A bluefish is a fish.	fish	-4.084769248962402	aff	aff
A bluefish is a disease.	disease	-5.441585063934326	aff	neg
A bluefish is not a disease.	disease	-4.9115424156188965	neg	neg
A bluefish is not a fish.	fish	-4.029671669006348	neg	aff
A mackerel is a fish.	fish	-3.1150128841400146	aff	aff
A mackerel is a metal.	metal	-4.451664924621582	aff	neg
A mackerel is not a metal.	metal	-3.916996479034424	neg	neg
A mackerel is not a fish.	fish	-3.146548271179199	neg	aff
A sailfish is a fish.	fish	-3.8579981327056885	aff	aff
A sailfish is a crime.	crime	-5.529153347015381	aff	neg
A sailfish is not a crime.	crime	-5.276926040649414	neg	neg
A sailfish is not a fish.	fish	-3.5655758380889893	neg	aff
A porpoise is a fish.	fish	-3.8956410884857178	aff	aff
A porpoise is a sport.	sport	-4.712991714477539	aff	neg
A porpoise is not a sport.	sport	-4.590597629547119	neg	neg
A porpoise is not a fish.	fish	-3.2724106311798096	neg	aff
A shad is a fish.	fish	-3.836638927459717	aff	aff
A shad is a weapon.	weapon	-5.419325828552246	aff	neg
A shad is not a weapon.	weapon	-4.888031959533691	neg	neg
A shad is not a fish.	fish	-3.7979161739349365	neg	aff
A spot is a fish.	fish	-5.413421154022217	aff	aff
A spot is a relative.	relative	-5.692487716674805	aff	neg
A spot is not a relative.	relative	-5.254502773284912	neg	neg
A spot is not a fish.	fish	-4.6598005294799805	neg	aff
A lobster is a fish.	fish	-4.67758321762085	aff	aff
A lobster is a vegetable.	vegetable	-5.251540660858154	aff	neg
A lobster is not a vegetable.	vegetable	-4.435462951660156	neg	neg
A lobster is not a fish.	fish	-3.8321290016174316	neg	aff
A haddock is a fish.	fish	-3.6444790363311768	aff	aff
A haddock is a tree.	tree	-5.120825290679932	aff	neg
A haddock is not a tree.	tree	-4.495896816253662	neg	neg
A haddock is not a fish.	fish	-3.7884836196899414	neg	aff
A muskie is a fish.	fish	-3.985269546508789	aff	aff
A muskie is a city.	city	-5.48522424697876	aff	neg
A muskie is not a city.	city	-5.018547058105469	neg	neg
A muskie is not a fish.	fish	-3.847135543823242	neg	aff
A crappie is a fish.	fish	-3.290383815765381	aff	aff
A crappie is a bird.	bird	-4.483142852783203	aff	neg
A crappie is not a bird.	bird	-3.8563740253448486	neg	neg
A crappie is not a fish.	fish	-3.2990379333496094	neg	aff
An angel is a fish.	fish	-5.426202297210693	aff	aff
An angel is a vegetable.	vegetable	-5.630326747894287	aff	neg
An angel is not a vegetable.	vegetable	-4.799883842468262	neg	neg
An angel is not a fish.	fish	-4.713713645935059	neg	aff
A crab is a fish.	fish	-4.7800140380859375	aff	aff
A crab is a fruit.	fruit	-5.347291469573975	aff	neg
A crab is not a fruit.	fruit	-4.524983882904053	neg	neg
A crab is not a fish.	fish	-3.921064853668213	neg	aff
A halibut is a fish.	fish	-3.4394280910491943	aff	aff
A halibut is a vegetable.	vegetable	-4.486049175262451	aff	neg
A halibut is not a vegetable.	vegetable	-4.0353684425354	neg	neg
A halibut is not a fish.	fish	-3.390798330307007	neg	aff
A white is a fish.	fish	-5.362648010253906	aff	aff
A white is a disease.	disease	-5.754323482513428	aff	neg
A white is not a disease.	disease	-5.102813720703125	neg	neg
A white is not a fish.	fish	-4.91426420211792	neg	aff
A sardine is a fish.	fish	-3.2013421058654785	aff	aff
A sardine is an insect.	insect	-4.342162132263184	aff	neg
A sardine is not an insect.	insect	-3.6644182205200195	neg	neg
A sardine is not a fish.	fish	-3.0653882026672363	neg	aff
A blowfish is a fish.	fish	-3.9448413848876953	aff	aff
A blowfish is a bird.	bird	-5.020807266235352	aff	neg
A blowfish is not a bird.	bird	-4.23535680770874	neg	neg
A blowfish is not a fish.	fish	-3.741335391998291	neg	aff
An eel is a fish.	fish	-3.4141628742218018	aff	aff
An eel is a state.	state	-5.150515079498291	aff	neg
An eel is not a state.	state	-4.926677703857422	neg	neg
An eel is not a fish.	fish	-3.2044172286987305	neg	aff
A oyster is a fish.	fish	-4.429839611053467	aff	aff
A oyster is a flower.	flower	-5.38520622253418	aff	neg
A oyster is not a flower.	flower	-4.385584831237793	neg	neg
A oyster is not a fish.	fish	-3.7965087890625	neg	aff
A walleye is a fish.	fish	-3.321535110473633	aff	aff
A walleye is a bird.	bird	-4.543717384338379	aff	neg
A walleye is not a bird.	bird	-4.1139817237854	neg	neg
A walleye is not a fish.	fish	-3.5038859844207764	neg	aff
A clam is a fish.	fish	-5.236241340637207	aff	aff
A clam is a sport.	sport	-6.664643287658691	aff	neg
A clam is not a sport.	sport	-5.439990043640137	neg	neg
A clam is not a fish.	fish	-4.286375522613525	neg	aff
A whiting is a fish.	fish	-3.838218927383423	aff	aff
A whiting is a bird.	bird	-5.004995822906494	aff	neg
A whiting is not a bird.	bird	-4.388837814331055	neg	neg
A whiting is not a fish.	fish	-3.75116229057312	neg	aff
A dolphin is a fish.	fish	-4.2333455085754395	aff	aff
A dolphin is a flower.	flower	-5.79277229309082	aff	neg
A dolphin is not a flower.	flower	-5.255819320678711	neg	neg
A dolphin is not a fish.	fish	-3.7210497856140137	neg	aff
A piranha is a fish.	fish	-3.2089028358459473	aff	aff
A piranha is a vegetable.	vegetable	-4.489119052886963	aff	neg
A piranha is not a vegetable.	vegetable	-3.89119553565979	neg	neg
A piranha is not a fish.	fish	-3.102778673171997	neg	aff
A rattle is a snake.	snake	-4.7096686363220215	aff	aff
A rattle is a color.	color	-5.447880268096924	aff	neg
A rattle is not a color.	color	-4.770162105560303	neg	neg
A rattle is not a snake.	snake	-4.168346881866455	neg	aff
A black is a snake.	snake	-5.627285003662109	aff	aff
A black is a weapon.	weapon	-5.686339378356934	aff	neg
A black is not a weapon.	weapon	-5.145856857299805	neg	neg
A black is not a snake.	snake	-5.191784858703613	neg	aff
A cobra is a snake.	snake	-3.7779531478881836	aff	aff
A cobra is a color.	color	-5.199014663696289	aff	neg
A cobra is not a color.	color	-4.534158706665039	neg	neg
A cobra is not a snake.	snake	-3.446789503097534	neg	aff
A copperhead is a snake.	snake	-4.06899356842041	aff	aff
A copperhead is an insect.	insect	-4.808122158050537	aff	neg
A copperhead is not an insect.	insect	-4.361181735992432	neg	neg
A copperhead is not a snake.	snake	-3.8349685668945312	neg	aff
A garter is a snake.	snake	-4.386580467224121	aff	aff
A garter is a sport.	sport	-5.432767391204834	aff	neg
A garter is not a sport.	sport	-4.677006244659424	neg	neg
A garter is not a snake.	snake	-4.0867462158203125	neg	aff
A garden is a snake.	snake	-5.42587947845459	aff	aff
A garden is a profession.	profession	-5.133946895599365	aff	neg
A garden is not a profession.	profession	-4.201360702514648	neg	neg
A garden is not a snake.	snake	-4.804694652557373	neg	aff
A python is a snake.	snake	-4.145228385925293	aff	aff
A python is a profession.	profession	-6.088891506195068	aff	neg
A python is not a profession.	profession	-5.360805034637451	neg	neg
A python is not a snake.	snake	-4.0271806716918945	neg	aff
A coral is a snake.	snake	-5.744671821594238	aff	aff
A coral is a sport.	sport	-6.33200216293335	aff	neg
A coral is not a sport.	sport	-5.573723316192627	neg	neg
A coral is not a snake.	snake	-4.947442531585693	neg	aff
A boa is a snake.	snake	-4.44162130355835	aff	aff
A boa is a vehicle.	vehicle	-5.682933330535889	aff	neg
A boa is not a vehicle.	vehicle	-5.191823959350586	neg	neg
A boa is not a snake.	snake	-4.054721832275391	neg	aff
A cottonmouth is a snake.	snake	-4.276889801025391	aff	aff
A cottonmouth is a crime.	crime	-5.897079944610596	aff	neg
A cottonmouth is not a crime.	crime	-5.2888288497924805	neg	neg
A cottonmouth is not a snake.	snake	-3.7938385009765625	neg	aff
A green is a snake.	snake	-5.796132564544678	aff	aff
A green is a furniture.	furniture	-6.331578731536865	aff	neg
A green is not a furniture.	furniture	-5.485225200653076	neg	neg
A green is not a snake.	snake	-5.085122585296631	neg	aff
A king is a snake.	snake	-5.021457195281982	aff	aff
A king is a sport.	sport	-5.448426723480225	aff	neg
A king is not a sport.	sport	-4.867674827575684	neg	neg
A king is not a snake.	snake	-4.832328796386719	neg	aff
A grass is a snake.	snake	-5.962517738342285	aff	aff
A grass is a city.	city	-6.261784553527832	aff	neg
A grass is not a city.	city	-4.901159763336182	neg	neg
A grass is not a snake.	snake	-4.739109039306641	neg	aff
A diamondback is a snake.	snake	-4.698634147644043	aff	aff
A diamondback is a tree.	tree	-5.346116542816162	aff	neg
A diamondback is not a tree.	tree	-4.9130473136901855	neg	neg
A diamondback is not a snake.	snake	-4.27008581161499	neg	aff
A water is a snake.	snake	-6.207080364227295	aff	aff
A water is a tree.	tree	-5.855447292327881	aff	neg
A water is not a tree.	tree	-5.27446985244751	neg	neg
A water is not a snake.	snake	-5.542283535003662	neg	aff
A bull is a snake.	snake	-5.442415237426758	aff	aff
A bull is a toy.	toy	-5.732697486877441	aff	neg
A bull is not a toy.	toy	-4.442971229553223	neg	neg
A bull is not a snake.	snake	-4.672080039978027	neg	aff
A moccasin is a snake.	snake	-4.491977691650391	aff	aff
A moccasin is a color.	color	-4.868804931640625	aff	neg
A moccasin is not a color.	color	-4.4531073570251465	neg	neg
A moccasin is not a snake.	snake	-3.904768228530884	neg	aff
A milk is a snake.	snake	-5.875577449798584	aff	aff
A milk is a furniture.	furniture	-6.552979469299316	aff	neg
A milk is not a furniture.	furniture	-5.809171199798584	neg	neg
A milk is not a snake.	snake	-5.54027795791626	neg	aff
An asp is a snake.	snake	-5.454102993011475	aff	aff
An asp is a relative.	relative	-6.126012325286865	aff	neg
An asp is not a relative.	relative	-6.009484767913818	neg	neg
An asp is not a snake.	snake	-4.938414573669434	neg	aff
A black jacket is a snake.	snake	-5.771631240844727	aff	aff
A black jacket is a disease.	disease	-5.824722766876221	aff	neg
A black jacket is not a disease.	disease	-5.191255569458008	neg	neg
A black jacket is not a snake.	snake	-5.149147987365723	neg	aff
An anaconda is a snake.	snake	-3.6777830123901367	aff	aff
An anaconda is an animal.	animal	-4.147477626800537	aff	neg
An anaconda is not an animal.	animal	-4.069788932800293	neg	neg
An anaconda is not a snake.	snake	-3.557736396789551	neg	aff
A viper is a snake.	snake	-4.3745622634887695	aff	aff
A viper is a sport.	sport	-6.554599761962891	aff	neg
A viper is not a sport.	sport	-5.622344017028809	neg	neg
A viper is not a snake.	snake	-4.027307987213135	neg	aff
Chicago is a city.	city	-4.3487019538879395	aff	aff
Chicago is a sport.	sport	-5.192922592163086	aff	neg
Chicago is not a sport.	sport	-4.988097667694092	neg	neg
Chicago is not a city.	city	-4.143890380859375	neg	aff
Washington is a city.	city	-4.650241851806641	aff	aff
Washington is a color.	color	-6.033034801483154	aff	neg
Washington is not a color.	color	-5.142549514770508	neg	neg
Washington is not a city.	city	-4.503295421600342	neg	aff
Baltimore is a city.	city	-3.832237958908081	aff	aff
Baltimore is a snake.	snake	-5.169919490814209	aff	neg
Baltimore is not a snake.	snake	-4.932355880737305	neg	neg
Baltimore is not a city.	city	-3.733297348022461	neg	aff
London is a city.	city	-4.2991623878479	aff	aff
London is a country.	country	-5.135716438293457	aff	neg
London is not a country.	country	-4.278294563293457	neg	neg
London is not a city.	city	-4.141454696655273	neg	aff
Paris is a city.	city	-4.421675682067871	aff	aff
Paris is a snake.	snake	-5.862523555755615	aff	neg
Paris is not a snake.	snake	-5.489556789398193	neg	neg
Paris is not a city.	city	-4.182067394256592	neg	aff
Miami is a city.	city	-4.448882102966309	aff	aff
Miami is a profession.	profession	-6.78313684463501	aff	neg
Miami is not a profession.	profession	-5.767119407653809	neg	neg
Miami is not a city.	city	-4.2510480880737305	neg	aff
Boston is a city.	city	-4.425468921661377	aff	aff
Boston is a fruit.	fruit	-6.427830696105957	aff	neg
Boston is not a fruit.	fruit	-5.744136810302734	neg	neg
Boston is not a city.	city	-4.266813278198242	neg	aff
Philadelphia is a city.	city	-4.555573463439941	aff	aff
Philadelphia is a flower.	flower	-5.883828163146973	aff	neg
Philadelphia is not a flower.	flower	-5.653034210205078	neg	neg
Philadelphia is not a city.	city	-4.366950988769531	neg	aff
Detroit is a city.	city	-4.470096588134766	aff	aff
Detroit is a country.	country	-5.497956275939941	aff	neg
Detroit is not a country.	country	-4.584095001220703	neg	neg
Detroit is not a city.	city	-4.084887504577637	neg	aff
Dallas is a city.	city	-4.677759647369385	aff	aff
Dallas is an animal.	animal	-6.049997806549072	aff	neg
Dallas is not an animal.	animal	-5.70361852645874	neg	neg
Dallas is not a city.	city	-4.486941337585449	neg	aff
Champaign is a city.	city	-4.535477638244629	aff	aff
Champaign is a furniture.	furniture	-6.184355735778809	aff	neg
Champaign is not a furniture.	furniture	-6.186081409454346	neg	neg
Champaign is not a city.	city	-4.4239630699157715	neg	aff
Rome is a city.	city	-3.8529012203216553	aff	aff
Rome is a fruit.	fruit	-5.3618621826171875	aff	neg
Rome is not a fruit.	fruit	-4.918330192565918	neg	neg
Rome is not a city.	city	-3.74773907661438	neg	aff
Urbana is a city.	city	-3.8426382541656494	aff	aff
Urbana is a furniture.	furniture	-4.977227687835693	aff	neg
Urbana is not a furniture.	furniture	-5.025374412536621	neg	neg
Urbana is not a city.	city	-3.582242488861084	neg	aff
Cleveland is a city.	city	-3.8839540481567383	aff	aff
Cleveland is a metal.	metal	-5.3454909324646	aff	neg
Cleveland is not a metal.	metal	-5.206286907196045	neg	neg
Cleveland is not a city.	city	-3.8650918006896973	neg	aff
Pittsburg is a city.	city	-3.712320327758789	aff	aff
Pittsburg is a toy.	toy	-5.306268692016602	aff	neg
Pittsburg is not a toy.	toy	-4.716427326202393	neg	neg
Pittsburg is not a city.	city	-3.84287428855896	neg	aff
Denver is a city.	city	-4.739508152008057	aff	aff
Denver is an insect.	insect	-6.779280185699463	aff	neg
Denver is not an insect.	insect	-6.2288923263549805	neg	neg
Denver is not a city.	city	-4.4558796882629395	neg	aff
Houston is a city.	city	-4.645216941833496	aff	aff
Houston is a snake.	snake	-6.166568279266357	aff	neg
Houston is not a snake.	snake	-6.045825481414795	neg	neg
Houston is not a city.	city	-4.35518217086792	neg	aff
Tokyo is a city.	city	-3.863049268722534	aff	aff
Tokyo is a bird.	bird	-4.963372707366943	aff	neg
Tokyo is not a bird.	bird	-4.826471328735352	neg	neg
Tokyo is not a city.	city	-3.7156033515930176	neg	aff
Springfield is a city.	city	-4.086117744445801	aff	aff
Springfield is a profession.	profession	-5.834451198577881	aff	neg
Springfield is not a profession.	profession	-5.304518699645996	neg	neg
Springfield is not a city.	city	-4.117116928100586	neg	aff
Moscow is a city.	city	-3.9510295391082764	aff	aff
Moscow is a weapon.	weapon	-5.415655136108398	aff	neg
Moscow is not a weapon.	weapon	-4.843008995056152	neg	neg
Moscow is not a city.	city	-3.702770948410034	neg	aff
Atlanta is a city.	city	-4.6388773918151855	aff	aff
Atlanta is a metal.	metal	-6.603322505950928	aff	neg
Atlanta is not a metal.	metal	-6.233721733093262	neg	neg
Atlanta is not a city.	city	-4.361207962036133	neg	aff
Berlin is a city.	city	-4.534667491912842	aff	aff
Berlin is a color.	color	-6.022328853607178	aff	neg
Berlin is not a color.	color	-5.318662643432617	neg	neg
Berlin is not a city.	city	-4.299452781677246	neg	aff
Tampa is a city.	city	-4.215208053588867	aff	aff
Tampa is a color.	color	-5.392114639282227	aff	neg
Tampa is not a color.	color	-5.033514022827148	neg	neg
Tampa is not a city.	city	-4.015292644500732	neg	aff
Annapolis is a city.	city	-3.6769814491271973	aff	aff
Annapolis is a tree.	tree	-5.045382976531982	aff	neg
Annapolis is not a tree.	tree	-4.682716369628906	neg	neg
Annapolis is not a city.	city	-3.664529800415039	neg	aff
Peoria is a city.	city	-4.330787658691406	aff	aff
Peoria is a vegetable.	vegetable	-5.734340667724609	aff	neg
Peoria is not a vegetable.	vegetable	-5.217965602874756	neg	neg
Peoria is not a city.	city	-4.2990899085998535	neg	aff
Bethesda is a city.	city	-4.425425052642822	aff	aff
Bethesda is a color.	color	-5.681600093841553	aff	neg
Bethesda is not a color.	color	-4.795485019683838	neg	neg
Bethesda is not a city.	city	-3.6429789066314697	neg	aff
Seattle is a city.	city	-4.599437713623047	aff	aff
Seattle is a disease.	disease	-6.188737392425537	aff	neg
Seattle is not a disease.	disease	-5.451335906982422	neg	neg
Seattle is not a city.	city	-4.323099613189697	neg	aff
Reno is a city.	city	-4.305083274841309	aff	aff
Reno is a sport.	sport	-5.1919755935668945	aff	neg
Reno is not a sport.	sport	-4.714871406555176	neg	neg
Reno is not a city.	city	-4.062150478363037	neg	aff
Columbus is a city.	city	-3.371992826461792	aff	aff
Columbus is a relative.	relative	-4.823956489562988	aff	neg
Columbus is not a relative.	relative	-4.544370174407959	neg	neg
Columbus is not a city.	city	-3.427619457244873	neg	aff
Minneapolis is a city.	city	-4.00480842590332	aff	aff
Minneapolis is a fish.	fish	-5.57599401473999	aff	neg
Minneapolis is not a fish.	fish	-5.069347381591797	neg	neg
Minneapolis is not a city.	city	-3.936718702316284	neg	aff
Decatur is a city.	city	-4.4295549392700195	aff	aff
Decatur is a state.	state	-5.244068145751953	aff	neg
Decatur is not a state.	state	-4.592256546020508	neg	neg
Decatur is not a city.	city	-4.265873908996582	neg	aff
Madrid is a city.	city	-3.9617977142333984	aff	aff
Madrid is a toy.	toy	-5.37898063659668	aff	neg
Madrid is not a toy.	toy	-4.690385341644287	neg	neg
Madrid is not a city.	city	-3.868903398513794	neg	aff
Milwaukee is a city.	city	-4.034701347351074	aff	aff
Milwaukee is a flower.	flower	-5.193215370178223	aff	neg
Milwaukee is not a flower.	flower	-5.049522399902344	neg	neg
Milwaukee is not a city.	city	-4.001132965087891	neg	aff
Richmond is a city.	city	-4.036489486694336	aff	aff
Richmond is a snake.	snake	-5.482608795166016	aff	neg
Richmond is not a snake.	snake	-5.211264133453369	neg	neg
Richmond is not a city.	city	-3.933460235595703	neg	aff
Rockville is a city.	city	-4.568273544311523	aff	aff
Rockville is a sport.	sport	-5.7615766525268555	aff	neg
Rockville is not a sport.	sport	-5.192629814147949	neg	neg
Rockville is not a city.	city	-4.314642429351807	neg	aff
Memphis is a city.	city	-3.9503860473632812	aff	aff
Memphis is a bird.	bird	-4.866903305053711	aff	neg
Memphis is not a bird.	bird	-4.5306077003479	neg	neg
Memphis is not a city.	city	-3.950468063354492	neg	aff
California is a state.	state	-4.379737377166748	aff	aff
California is a disease.	disease	-5.619968414306641	aff	neg
California is not a disease.	disease	-5.371476650238037	neg	neg
California is not a state.	state	-4.189357280731201	neg	aff
Maryland is a state.	state	-4.061537742614746	aff	aff
Maryland is a furniture.	furniture	-5.9305949211120605	aff	neg
Maryland is not a furniture.	furniture	-5.574994087219238	neg	neg
Maryland is not a state.	state	-3.8893444538116455	neg	aff
Florida is a state.	state	-4.560049057006836	aff	aff
Florida is a fish.	fish	-6.3395280838012695	aff	neg
Florida is not a fish.	fish	-5.661065101623535	neg	neg
Florida is not a state.	state	-4.372617721557617	neg	aff
Illinois is a state.	state	-3.9885032176971436	aff	aff
Illinois is a city.	city	-4.736236095428467	aff	neg
Illinois is not a city.	city	-4.229689598083496	neg	neg
Illinois is not a state.	state	-3.9399423599243164	neg	aff
Texas is a state.	state	-4.5063958168029785	aff	aff
Texas is a metal.	metal	-6.138613700866699	aff	neg
Texas is not a metal.	metal	-5.551385402679443	neg	neg
Texas is not a state.	state	-4.295575141906738	neg	aff
Virginia is a state.	state	-4.757336139678955	aff	aff
Virginia is a relative.	relative	-6.496222972869873	aff	neg
Virginia is not a relative.	relative	-5.89341926574707	neg	neg
Virginia is not a state.	state	-4.495391845703125	neg	aff
Pennsylvania is a state.	state	-3.9500834941864014	aff	aff
Pennsylvania is a tree.	tree	-5.205492973327637	aff	neg
Pennsylvania is not a tree.	tree	-5.031247615814209	neg	neg
Pennsylvania is not a state.	state	-3.956064224243164	neg	aff
Maine is a state.	state	-4.059177398681641	aff	aff
Maine is a furniture.	furniture	-6.009305000305176	aff	neg
Maine is not a furniture.	furniture	-5.623133182525635	neg	neg
Maine is not a state.	state	-3.9762542247772217	neg	aff
Ohio is a state.	state	-4.743991374969482	aff	aff
Ohio is a vegetable.	vegetable	-6.565382480621338	aff	neg
Ohio is not a vegetable.	vegetable	-5.727784156799316	neg	neg
Ohio is not a state.	state	-4.669244766235352	neg	aff
Indiana is a state.	state	-4.816479206085205	aff	aff
Indiana is a crime.	crime	-5.797992706298828	aff	neg
Indiana is not a crime.	crime	-5.4707136154174805	neg	neg
Indiana is not a state.	state	-4.68782377243042	neg	aff
Wisconsin is a state.	state	-4.018658638000488	aff	aff
Wisconsin is an animal.	animal	-4.961226463317871	aff	neg
Wisconsin is not an animal.	animal	-4.9086127281188965	neg	neg
Wisconsin is not a state.	state	-4.005825996398926	neg	aff
Alabama is a state.	state	-4.744287014007568	aff	aff
Alabama is a furniture.	furniture	-6.849000453948975	aff	neg
Alabama is not a furniture.	furniture	-6.453206539154053	neg	neg
Alabama is not a state.	state	-4.475212097167969	neg	aff
Washington is a state.	state	-4.647849082946777	aff	aff
Washington is a flower.	flower	-5.803450107574463	aff	neg
Washington is not a flower.	flower	-5.460206031799316	neg	neg
Washington is not a state.	state	-4.021535873413086	neg	aff
Iowa is a state.	state	-4.059017181396484	aff	aff
Iowa is a tree.	tree	-5.1732611656188965	aff	neg
Iowa is not a tree.	tree	-4.929903984069824	neg	neg
Iowa is not a state.	state	-4.023045063018799	neg	aff
Georgia is a state.	state	-4.8109893798828125	aff	aff
Georgia is a toy.	toy	-6.650421142578125	aff	neg
Georgia is not a toy.	toy	-5.375905513763428	neg	neg
Georgia is not a state.	state	-4.244394302368164	neg	aff
Oregon is a state.	state	-4.777839660644531	aff	aff
Oregon is a furniture.	furniture	-7.03048038482666	aff	neg
Oregon is not a furniture.	furniture	-6.405834197998047	neg	neg
Oregon is not a state.	state	-4.416596412658691	neg	aff
Massachusetts is a state.	state	-4.058732509613037	aff	aff
Massachusetts is a fish.	fish	-5.481814861297607	aff	neg
Massachusetts is not a fish.	fish	-5.243807792663574	neg	neg
Massachusetts is not a state.	state	-3.931051254272461	neg	aff
Delaware is a state.	state	-4.017648220062256	aff	aff
Delaware is a weapon.	weapon	-5.630038261413574	aff	neg
Delaware is not a weapon.	weapon	-5.2770209312438965	neg	neg
Delaware is not a state.	state	-3.7942233085632324	neg	aff
Michigan is a state.	state	-4.759976387023926	aff	aff
Michigan is a weapon.	weapon	-6.506089210510254	aff	neg
Michigan is not a weapon.	weapon	-6.021026134490967	neg	neg
Michigan is not a state.	state	-4.592803001403809	neg	aff
Vermont is a state.	state	-3.446587324142456	aff	aff
Vermont is a profession.	profession	-4.766592979431152	aff	neg
Vermont is not a profession.	profession	-4.3525848388671875	neg	neg
Vermont is not a state.	state	-3.353358745574951	neg	aff
Mississippi is a state.	state	-4.038067817687988	aff	aff
Mississippi is a fish.	fish	-5.585700988769531	aff	neg
Mississippi is not a fish.	fish	-5.024400234222412	neg	neg
Mississippi is not a state.	state	-3.9709975719451904	neg	aff
Alaska is a state.	state	-3.8278396129608154	aff	aff
Alaska is a profession.	profession	-5.446712017059326	aff	neg
Alaska is not a profession.	profession	-4.955718040466309	neg	neg
Alaska is not a state.	state	-3.5337417125701904	neg	aff
Colorado is a state.	state	-4.759161472320557	aff	aff
Colorado is a metal.	metal	-6.467674255371094	aff	neg
Colorado is not a metal.	metal	-5.677102565765381	neg	neg
Colorado is not a state.	state	-4.597235679626465	neg	aff
Hawaii is a state.	state	-3.8981521129608154	aff	aff
Hawaii is a sport.	sport	-4.609399318695068	aff	neg
Hawaii is not a sport.	sport	-4.403749465942383	neg	neg
Hawaii is not a state.	state	-3.4719104766845703	neg	aff
Louisiana is a state.	state	-4.099751949310303	aff	aff
Louisiana is a disease.	disease	-5.217198848724365	aff	neg
Louisiana is not a disease.	disease	-4.821755886077881	neg	neg
Louisiana is not a state.	state	-3.8626253604888916	neg	aff
Kentucky is a state.	state	-4.0846943855285645	aff	aff
Kentucky is a color.	color	-5.253211975097656	aff	neg
Kentucky is not a color.	color	-4.599905014038086	neg	neg
Kentucky is not a state.	state	-3.9825518131256104	neg	aff
Missouri is a state.	state	-4.070645809173584	aff	aff
Missouri is a metal.	metal	-5.561525344848633	aff	neg
Missouri is not a metal.	metal	-4.932501792907715	neg	neg
Missouri is not a state.	state	-3.9597246646881104	neg	aff
Utah is a state.	state	-3.993436336517334	aff	aff
Utah is a toy.	toy	-5.62582540512085	aff	neg
Utah is not a toy.	toy	-4.738655090332031	neg	neg
Utah is not a state.	state	-3.8492531776428223	neg	aff
Arizona is a state.	state	-4.687539100646973	aff	aff
Arizona is a disease.	disease	-5.820061683654785	aff	neg
Arizona is not a disease.	disease	-5.457461357116699	neg	neg
Arizona is not a state.	state	-4.482091903686523	neg	aff
Tennessee is a state.	state	-4.112178802490234	aff	aff
Tennessee is a color.	color	-5.331730842590332	aff	neg
Tennessee is not a color.	color	-4.792535305023193	neg	neg
Tennessee is not a state.	state	-4.030879020690918	neg	aff
Nevada is a state.	state	-3.5814127922058105	aff	aff
Nevada is a snake.	snake	-4.5545973777771	aff	neg
Nevada is not a snake.	snake	-4.382547855377197	neg	neg
Nevada is not a state.	state	-3.430687427520752	neg	aff
Montana is a state.	state	-4.035027503967285	aff	aff
Montana is a weapon.	weapon	-5.244556427001953	aff	neg
Montana is not a weapon.	weapon	-5.175131320953369	neg	neg
Montana is not a state.	state	-3.851095199584961	neg	aff
Connecticut is a state.	state	-4.006063461303711	aff	aff
Connecticut is an animal.	animal	-5.11462926864624	aff	neg
Connecticut is not an animal.	animal	-4.924078464508057	neg	neg
Connecticut is not a state.	state	-3.9291791915893555	neg	aff
Arkansas is a state.	state	-4.156311511993408	aff	aff
Arkansas is an insect.	insect	-5.5021491050720215	aff	neg
Arkansas is not an insect.	insect	-5.192104339599609	neg	neg
Arkansas is not a state.	state	-4.005790710449219	neg	aff
Minnesota is a state.	state	-4.9125447273254395	aff	aff
Minnesota is a city.	city	-5.759474277496338	aff	neg
Minnesota is not a city.	city	-4.907844543457031	neg	neg
Minnesota is not a state.	state	-4.664155006408691	neg	aff
Wyoming is a state.	state	-4.126711845397949	aff	aff
Wyoming is an animal.	animal	-5.220813751220703	aff	neg
Wyoming is not an animal.	animal	-4.936164379119873	neg	neg
Wyoming is not a state.	state	-4.003422260284424	neg	aff
Idaho is a state.	state	-4.021675109863281	aff	aff
Idaho is a furniture.	furniture	-5.8920087814331055	aff	neg
Idaho is not a furniture.	furniture	-5.501957893371582	neg	neg
Idaho is not a state.	state	-3.882016181945801	neg	aff
Kansas is a state.	state	-4.859145164489746	aff	aff
Kansas is a weapon.	weapon	-6.349124431610107	aff	neg
Kansas is not a weapon.	weapon	-5.972583293914795	neg	neg
Kansas is not a state.	state	-4.665328502655029	neg	aff
Nebraska is a state.	state	-4.052063941955566	aff	aff
Nebraska is a disease.	disease	-5.32615852355957	aff	neg
Nebraska is not a disease.	disease	-4.806342124938965	neg	neg
Nebraska is not a state.	state	-3.9628701210021973	neg	aff
Oklahoma is a state.	state	-3.472193717956543	aff	aff
Oklahoma is a color.	color	-4.591253280639648	aff	neg
Oklahoma is not a color.	color	-4.092954635620117	neg	neg
Oklahoma is not a state.	state	-3.4642391204833984	neg	aff
