context	target	target_logprob	ctx_polarity	tgt_polarity
An aunt is a relative.	relative	-4.604705810546875	aff	aff
An aunt is a weapon.	weapon	-6.323657512664795	aff	neg
An aunt is not a weapon.	weapon	-5.502086639404297	neg	neg
An aunt is not a relative.	relative	-4.3611955642700195	neg	aff
An uncle is a relative.	relative	-4.8014140129089355	aff	aff
An uncle is a furniture.	furniture	-6.673366069793701	aff	neg
An uncle is not a furniture.	furniture	-6.056178569793701	neg	neg
An uncle is not a relative.	relative	-4.410153388977051	neg	aff
A father is a relative.	relative	-5.941368103027344	aff	aff
A father is a state.	state	-5.85540246963501	aff	neg
A father is not a state.	state	-5.75595760345459	neg	neg
A father is not a relative.	relative	-5.426076412200928	neg	aff
A mother is a relative.	relative	-6.106868267059326	aff	aff
A mother is a color.	color	-6.214239597320557	aff	neg
A mother is not a color.	color	-6.143048286437988	neg	neg
A mother is not a relative.	relative	-5.941675186157227	neg	aff
A brother is a relative.	relative	-6.076551914215088	aff	aff
A brother is a vehicle.	vehicle	-6.297345161437988	aff	neg
A brother is not a vehicle.	vehicle	-5.631772994995117	neg	neg
A brother is not a relative.	relative	-5.261218547821045	neg	aff
A sister is a relative.	relative	-5.148449897766113	aff	aff
A sister is a metal.	metal	-6.514710903167725	aff	neg
A sister is not a metal.	metal	-5.910851955413818	neg	neg
A sister is not a relative.	relative	-4.836995601654053	neg	aff
A cousin is a relative.	relative	-4.990464687347412	aff	aff
A cousin is a bird.	bird	-5.63320779800415	aff	neg
A cousin is not a bird.	bird	-5.3388776779174805	neg	neg
A cousin is not a relative.	relative	-4.684364318847656	neg	aff
A grandmother is a relative.	relative	-7.224870204925537	aff	aff
A grandmother is a vegetable.	vegetable	-6.340257167816162	aff	neg
A grandmother is not a vegetable.	vegetable	-6.101035118103027	neg	neg
A grandmother is not a relative.	relative	-6.148196220397949	neg	aff
A grandfather is a relative.	relative	-6.119778633117676	aff	aff
A grandfather is a disease.	disease	-6.524866580963135	aff	neg
A grandfather is not a disease.	disease	-5.9405131340026855	neg	neg
A grandfather is not a relative.	relative	-5.423844337463379	neg	aff
A nephew is a relative.	relative	-6.010592460632324	aff	aff
A nephew is a profession.	profession	-6.922370910644531	aff	neg
A nephew is not a profession.	profession	-6.266762733459473	neg	neg
A nephew is not a relative.	relative	-5.4386701583862305	neg	aff
A niece is a relative.	relative	-5.561877250671387	aff	aff
A niece is a profession.	profession	-6.741799354553223	aff	neg
A niece is not a profession.	profession	-6.1897993087768555	neg	neg
A niece is not a relative.	relative	-5.235032558441162	neg	aff
A husband is a relative.	relative	-5.790447235107422	aff	aff
A husband is a flower.	flower	-5.696956634521484	aff	neg
A husband is not a flower.	flower	-4.977792739868164	neg	neg
A husband is not a relative.	relative	-5.156018257141113	neg	aff
A son is a relative.	relative	-6.001235485076904	aff	aff
A son is a bird.	bird	-5.2614922523498535	aff	neg
A son is not a bird.	bird	-4.925981044769287	neg	neg
A son is not a relative.	relative	-5.067586898803711	neg	aff
A daughter is a relative.	relative	-6.042230129241943	aff	aff
A daughter is a fish.	fish	-5.640670299530029	aff	neg
A daughter is not a fish.	fish	-5.314723014831543	neg	neg
A daughter is not a relative.	relative	-5.242595672607422	neg	aff
A wife is a relative.	relative	-6.01646614074707	aff	aff
A wife is a sport.	sport	-6.054429531097412	aff	neg
A wife is not a sport.	sport	-5.280517101287842	neg	neg
A wife is not a relative.	relative	-5.136135101318359	neg	aff
A grandmom is a relative.	relative	-6.469106197357178	aff	aff
A grandmom is a weapon.	weapon	-8.144786834716797	aff	neg
A grandmom is not a weapon.	weapon	-7.030716419219971	neg	neg
A grandmom is not a relative.	relative	-6.2558112144470215	neg	aff
A grandpop is a relative.	relative	-6.783084869384766	aff	aff
A grandpop is a country.	country	-6.375395774841309	aff	neg
A grandpop is not a country.	country	-6.100952625274658	neg	neg
A grandpop is not a relative.	relative	-6.469451427459717	neg	aff
An iron is a metal.	metal	-4.81130313873291	aff	aff
An iron is a disease.	disease	-6.163280010223389	aff	neg
An iron is not a disease.	disease	-5.867333889007568	neg	neg
An iron is not a metal.	metal	-4.488753795623779	neg	aff
A copper is a metal.	metal	-4.5704026222229	aff	aff
A copper is a disease.	disease	-6.164427280426025	aff	neg
A copper is not a disease.	disease	-5.851227760314941	neg	neg
A copper is not a metal.	metal	-4.56191349029541	neg	aff
A steel is a metal.	metal	-4.677643299102783	aff	aff
A steel is a profession.	profession	-6.571909427642822	aff	neg
A steel is not a profession.	profession	-6.027209758758545	neg	neg
A steel is not a metal.	metal	-4.329466819763184	neg	aff
A gold is a metal.	metal	-5.229407787322998	aff	aff
A gold is a relative.	relative	-6.87190580368042	aff	neg
A gold is not a relative.	relative	-6.770535945892334	neg	neg
A gold is not a metal.	metal	-5.182944297790527	neg	aff
An aluminum is a metal.	metal	-4.187894821166992	aff	aff
An aluminum is a state.	state	-5.536457061767578	aff	neg
An aluminum is not a state.	state	-5.450158596038818	neg	neg
An aluminum is not a metal.	metal	-4.194271087646484	neg	aff
A silver is a metal.	metal	-4.581017017364502	aff	aff
A silver is an animal.	animal	-5.20405912399292	aff	neg
A silver is not an animal.	animal	-5.007262229919434	neg	neg
A silver is not a metal.	metal	-4.508815765380859	neg	aff
A tin is a metal.	metal	-5.847196102142334	aff	aff
A tin is a city.	city	-6.4960784912109375	aff	neg
A tin is not a city.	city	-5.428920745849609	neg	neg
A tin is not a metal.	metal	-4.683239936828613	neg	aff
A zinc is a metal.	metal	-5.514495372772217	aff	aff
A zinc is a bird.	bird	-7.28436803817749	aff	neg
A zinc is not a bird.	bird	-6.7568488121032715	neg	neg
A zinc is not a metal.	metal	-5.295099258422852	neg	aff
A brass is a metal.	metal	-5.582004070281982	aff	aff
A brass is a furniture.	furniture	-7.331475257873535	aff	neg
A brass is not a furniture.	furniture	-6.7050395011901855	neg	neg
A brass is not a metal.	metal	-5.079835891723633	neg	aff
A lead is a metal.	metal	-5.042856693267822	aff	aff
A lead is a color.	color	-6.227949142456055	aff	neg
A lead is not a color.	color	-5.196122169494629	neg	neg
A lead is not a metal.	metal	-4.646492958068848	neg	aff
A bronze is a metal.	metal	-5.6450114250183105	aff	aff
A bronze is a vehicle.	vehicle	-6.2611894607543945	aff	neg
A bronze is not a vehicle.	vehicle	-5.432382106781006	neg	neg
A bronze is not a metal.	metal	-4.922336101531982	neg	aff
A magnesium is a metal.	metal	-5.816409111022949	aff	aff
A magnesium is a tree.	tree	-7.470027923583984	aff	neg
A magnesium is not a tree.	tree	-6.84729528427124	neg	neg
A magnesium is not a metal.	metal	-5.471747875213623	neg	aff
A platinum is a metal.	metal	-5.053273677825928	aff	aff
A platinum is a relative.	relative	-6.8896484375	aff	neg
A platinum is not a relative.	relative	-6.626704216003418	neg	neg
A platinum is not a metal.	metal	-4.850200653076172	neg	aff
A nickel is a metal.	metal	-4.5302581787109375	aff	aff
A nickel is a weapon.	weapon	-6.369021892547607	aff	neg
A nickel is not a weapon.	weapon	-5.661062240600586	neg	neg
A nickel is not a metal.	metal	-4.605262279510498	neg	aff
A sodium is a metal.	metal	-5.852752208709717	aff	aff
A sodium is a crime.	crime	-7.754814147949219	aff	neg
A sodium is not a crime.	crime	-6.847840309143066	neg	neg
A sodium is not a metal.	metal	-5.457433223724365	neg	aff
A mercury is a metal.	metal	-5.707489967346191	aff	aff
A mercury is a furniture.	furniture	-8.140256881713867	aff	neg
A mercury is not a furniture.	furniture	-7.307180404663086	neg	neg
A mercury is not a metal.	metal	-5.3509840965271	neg	aff
A potassium is a metal.	metal	-6.047283172607422	aff	aff
A potassium is a disease.	disease	-7.686944484710693	aff	neg
A potassium is not a disease.	disease	-6.522844314575195	neg	neg
A potassium is not a metal.	metal	-5.678796291351318	neg	aff
A manganese is a metal.	metal	-5.173276424407959	aff	aff
A manganese is a toy.	toy	-7.109169006347656	aff	neg
A manganese is not a toy.	toy	-6.4485182762146	neg	neg
A manganese is not a metal.	metal	-4.947872638702393	neg	aff
A uranium is a metal.	metal	-6.157484531402588	aff	aff
A uranium is a color.	color	-7.8418169021606445	aff	neg
A uranium is not a color.	color	-6.272315502166748	neg	neg
A uranium is not a metal.	metal	-5.514033317565918	neg	aff
A tungsten is a metal.	metal	-4.436673164367676	aff	aff
A tungsten is an insect.	insect	-6.091041088104248	aff	neg
A tungsten is not an insect.	insect	-5.513077259063721	neg	neg
A tungsten is not a metal.	metal	-4.1956305503845215	neg	aff
A cobalt is a metal.	metal	-4.630855083465576	aff	aff
A cobalt is a flower.	flower	-6.0082597732543945	aff	neg
A cobalt is not a flower.	flower	-5.327023506164551	neg	neg
A cobalt is not a metal.	metal	-4.427150249481201	neg	aff
A titanium is a metal.	metal	-5.245808124542236	aff	aff
A titanium is a country.	country	-7.207390785217285	aff	neg
A titanium is not a country.	country	-6.614771842956543	neg	neg
A titanium is not a metal.	metal	-5.05856990814209	neg	aff
A chromium is a metal.	metal	-5.014883041381836	aff	aff
A chromium is a bird.	bird	-6.763583660125732	aff	neg
A chromium is not a bird.	bird	-6.043993949890137	neg	neg
A chromium is not a metal.	metal	-4.756725311279297	neg	aff
An ore is a metal.	metal	-4.712442398071289	aff	aff
An ore is a tree.	tree	-5.555680751800537	aff	neg
An ore is not a tree.	tree	-5.130069255828857	neg	neg
An ore is not a metal.	metal	-4.419776439666748	neg	aff
A cadmium is a metal.	metal	-4.681727409362793	aff	aff
A cadmium is a disease.	disease	-6.414190292358398	aff	neg
A cadmium is not a disease.	disease	-5.630116939544678	neg	neg
A cadmium is not a metal.	metal	-4.346321105957031	neg	aff
A lithium is a metal.	metal	-6.145959854125977	aff	aff
A lithium is a sport.	sport	-7.987927436828613	aff	neg
A lithium is not a sport.	sport	-6.934710502624512	neg	neg
A lithium is not a metal.	metal	-5.726742744445801	neg	aff
A dog is an animal.	animal	-4.265048980712891	aff	aff
A dog is a sport.	sport	-5.194110870361328	aff	neg
A dog is not a sport.	sport	-4.949525833129883	neg	neg
A dog is not an animal.	animal	-3.7342498302459717	neg	aff
A cat is an animal.	animal	-3.691321611404419	aff	aff
A cat is a furniture.	furniture	-5.1630859375	aff	neg
A cat is not a furniture.	furniture	-4.877295970916748	neg	neg
A cat is not an animal.	animal	-3.595623731613159	neg	aff
A horse is an animal.	animal	-4.304419994354248	aff	aff
A horse is a weapon.	weapon	-5.661619663238525	aff	neg
A horse is not a weapon.	weapon	-4.73499059677124	neg	neg
A horse is not an animal.	animal	-4.057114601135254	neg	aff
A cow is an animal.	animal	-4.163991451263428	aff	aff
A cow is a fruit.	fruit	-5.4604692459106445	aff	neg
A cow is not a fruit.	fruit	-4.237252712249756	neg	neg
A cow is not an animal.	animal	-3.529315948486328	neg	aff
A lion is an animal.	animal	-4.623857021331787	aff	aff
A lion is a profession.	profession	-5.799406051635742	aff	neg
A lion is not a profession.	profession	-5.387481212615967	neg	neg
A lion is not an animal.	animal	-4.062941551208496	neg	aff
A tiger is an animal.	animal	-4.33319616317749	aff	aff
A tiger is a city.	city	-5.592842102050781	aff	neg
A tiger is not a city.	city	-5.2711029052734375	neg	neg
A tiger is not an animal.	animal	-4.108842372894287	neg	aff
An elephant is an animal.	animal	-3.3524162769317627	aff	aff
An elephant is a flower.	flower	-4.730257511138916	aff	neg
An elephant is not a flower.	flower	-3.8192431926727295	neg	neg
An elephant is not an animal.	animal	-3.2701282501220703	neg	aff
A pig is an animal.	animal	-4.122861385345459	aff	aff
A pig is a fruit.	fruit	-5.308601379394531	aff	neg
A pig is not a fruit.	fruit	-4.546699523925781	neg	neg
A pig is not an animal.	animal	-3.9260172843933105	neg	aff
A bear is an animal.	animal	-5.171141624450684	aff	aff
A bear is a weapon.	weapon	-7.278944492340088	aff	neg
A bear is not a weapon.	weapon	-5.455060005187988	neg	neg
A bear is not an animal.	animal	-4.140376567840576	neg	aff
A mouse is an animal.	animal	-3.8900978565216064	aff	aff
A mouse is a weapon.	weapon	-5.462823390960693	aff	neg
A mouse is not a weapon.	weapon	-4.76027250289917	neg	neg
A mouse is not an animal.	animal	-3.8179755210876465	neg	aff
A rat is an animal.	animal	-3.861375570297241	aff	aff
A rat is a fish.	fish	-4.923351764678955	aff	neg
A rat is not a fish.	fish	-4.452091693878174	neg	neg
A rat is not an animal.	animal	-3.916351079940796	neg	aff
A deer is an animal.	animal	-4.735175609588623	aff	aff
A deer is an insect.	insect	-5.780447959899902	aff	neg
A deer is not an insect.	insect	-5.02030086517334	neg	neg
A deer is not an animal.	animal	-4.404713153839111	neg	aff
A sheep is an animal.	animal	-4.073861598968506	aff	aff
A sheep is a fish.	fish	-5.3845744132995605	aff	neg
A sheep is not a fish.	fish	-4.3401103019714355	neg	neg
A sheep is not an animal.	animal	-3.8159701824188232	neg	aff
A giraffe is an animal.	animal	-3.193394184112549	aff	aff
A giraffe is a color.	color	-4.736188888549805	aff	neg
A giraffe is not a color.	color	-4.727914333343506	neg	neg
A giraffe is not an animal.	animal	-3.5135624408721924	neg	aff
A goat is an animal.	animal	-4.852967739105225	aff	aff
A goat is a fruit.	fruit	-5.823702812194824	aff	neg
A goat is not a fruit.	fruit	-4.641874313354492	neg	neg
A goat is not an animal.	animal	-3.9437129497528076	neg	aff
A zebra is an animal.	animal	-3.321345090866089	aff	aff
A zebra is a vegetable.	vegetable	-4.6985859870910645	aff	neg
A zebra is not a vegetable.	vegetable	-4.531329154968262	neg	neg
A zebra is not an animal.	animal	-3.7949743270874023	neg	aff
A squirrel is an animal.	animal	-5.873727321624756	aff	aff
A squirrel is a crime.	crime	-6.716102600097656	aff	neg
A squirrel is not a crime.	crime	-6.508837699890137	neg	neg
A squirrel is not an animal.	animal	-4.744044303894043	neg	aff
A wolf is an animal.	animal	-4.529004096984863	aff	aff
A wolf is a bird.	bird	-5.248308181762695	aff	neg
A wolf is not a bird.	bird	-4.175615310668945	neg	neg
A wolf is not an animal.	animal	-3.7049758434295654	neg	aff
A donkey is an animal.	animal	-3.6396498680114746	aff	aff
A donkey is a crime.	crime	-5.403136730194092	aff	neg
A donkey is not a crime.	crime	-4.806363105773926	neg	neg
A donkey is not an animal.	animal	-3.4340004920959473	neg	aff
A rabbit is an animal.	animal	-4.492213726043701	aff	aff
A rabbit is a bird.	bird	-5.088893413543701	aff	neg
A rabbit is not a bird.	bird	-4.051173210144043	neg	neg
A rabbit is not an animal.	animal	-3.8997111320495605	neg	aff
A leopard is an animal.	animal	-4.336909770965576	aff	aff
A leopard is a crime.	crime	-6.093296051025391	aff	neg
A leopard is not a crime.	crime	-5.716479301452637	neg	neg
A leopard is not an animal.	animal	-4.298978805541992	neg	aff
A mule is an animal.	animal	-3.247499465942383	aff	aff
A mule is a metal.	metal	-4.9320149421691895	aff	neg
A mule is not a metal.	metal	-4.257378578186035	neg	neg
A mule is not an animal.	animal	-3.274043083190918	neg	aff
A fox is an animal.	animal	-4.89009952545166	aff	aff
A fox is a relative.	relative	-6.891966342926025	aff	neg
A fox is not a relative.	relative	-5.4427995681762695	neg	neg
A fox is not an animal.	animal	-3.9941909313201904	neg	aff
A bull is an animal.	animal	-4.5812201499938965	aff	aff
A bull is a relative.	relative	-5.983851432800293	aff	neg
A bull is not a relative.	relative	-5.529388427734375	neg	neg
A bull is not an animal.	animal	-4.224296569824219	neg	aff
A buffalo is an animal.	animal	-4.511928081512451	aff	aff
A buffalo is a profession.	profession	-6.58896017074585	aff	neg
A buffalo is not a profession.	profession	-5.666865825653076	neg	neg
A buffalo is not an animal.	animal	-4.396607398986816	neg	aff
A moose is an animal.	animal	-3.689030170440674	aff	aff
A moose is a state.	state	-5.326006889343262	aff	neg
A moose is not a state.	state	-5.124841213226318	neg	neg
A moose is not an animal.	animal	-4.1715593338012695	neg	aff
A rhinoceros is an animal.	animal	-2.5203938484191895	aff	aff
A rhinoceros is a country.	country	-3.419830799102783	aff	neg
A rhinoceros is not a country.	country	-3.3217244148254395	neg	neg
A rhinoceros is not an animal.	animal	-2.7635087966918945	neg	aff
A camel is an animal.	animal	-4.484109878540039	aff	aff
A camel is a tree.	tree	-5.544468879699707	aff	neg
A camel is not a tree.	tree	-4.546612739562988	neg	neg
A camel is not an animal.	animal	-4.042974472045898	neg	aff
An antelope is an animal.	animal	-4.26539945602417	aff	aff
An antelope is a fish.	fish	-5.116510391235352	aff	neg
An antelope is not a fish.	fish	-4.5894341468811035	neg	neg
An antelope is not an animal.	animal	-3.845010995864868	neg	aff
A hippopotamus is an animal.	animal	-3.174046516418457	aff	aff
A hippopotamus is a snake.	snake	-4.30263614654541	aff	neg
A hippopotamus is not a snake.	snake	-3.8967556953430176	neg	neg
A hippopotamus is not an animal.	animal	-3.222837209701538	neg	aff
A lamb is an animal.	animal	-4.773627281188965	aff	aff
A lamb is a country.	country	-6.022927284240723	aff	neg
A lamb is not a country.	country	-5.4002814292907715	neg	neg
A lamb is not an animal.	animal	-4.382435321807861	neg	aff
A monkey is an animal.	animal	-4.481375217437744	aff	aff
A monkey is a bird.	bird	-4.835031032562256	aff	neg
A monkey is not a bird.	bird	-3.80485200881958	neg	neg
A monkey is not an animal.	animal	-3.74009370803833	neg	aff
A raccoon is an animal.	animal	-3.621443748474121	aff	aff
A raccoon is a fruit.	fruit	-4.948143005371094	aff	neg
A raccoon is not a fruit.	fruit	-4.3558454513549805	neg	neg
A raccoon is not an animal.	animal	-3.7268893718719482	neg	aff
A panther is an animal.	animal	-3.6016416549682617	aff	aff
A panther is a sport.	sport	-4.827183723449707	aff	neg
A panther is not a sport.	sport	-4.639957427978516	neg	neg
A panther is not an animal.	animal	-3.8282642364501953	neg	aff
A llama is an animal.	animal	-4.5383620262146	aff	aff
A llama is a fruit.	fruit	-6.708939552307129	aff	neg
A llama is not a fruit.	fruit	-5.252203941345215	neg	neg
A llama is not an animal.	animal	-4.272193908691406	neg	aff
A skunk is an animal.	animal	-3.9409360885620117	aff	aff
A skunk is a bird.	bird	-4.776063919067383	aff	neg
A skunk is not a bird.	bird	-4.471017360687256	neg	neg
A skunk is not an animal.	animal	-4.222952842712402	neg	aff
A cheetah is an animal.	animal	-3.0489213466644287	aff	aff
A cheetah is a metal.	metal	-4.691807746887207	aff	neg
A cheetah is not a metal.	metal	-4.391894340515137	neg	neg
A cheetah is not an animal.	animal	-3.3569273948669434	neg	aff
A jaguar is an animal.	animal	-3.3930814266204834	aff	aff
A jaguar is a toy.	toy	-4.629806995391846	aff	neg
A jaguar is not a toy.	toy	-4.140990734100342	neg	neg
A jaguar is not an animal.	animal	-3.7360846996307373	neg	aff
A beaver is an animal.	animal	-3.3323211669921875	aff	aff
A beaver is a bird.	bird	-3.752387523651123	aff	neg
A beaver is not a bird.	bird	-3.540900707244873	neg	neg
A beaver is not an animal.	animal	-3.4221131801605225	neg	aff
A gazelle is an animal.	animal	-4.026820182800293	aff	aff
A gazelle is a fish.	fish	-5.418054103851318	aff	neg
A gazelle is not a fish.	fish	-4.897168159484863	neg	neg
A gazelle is not an animal.	animal	-4.282085418701172	neg	aff
A turtle is an animal.	animal	-4.786563873291016	aff	aff
A turtle is a sport.	sport	-6.143340587615967	aff	neg
A turtle is not a sport.	sport	-5.387883186340332	neg	neg
A turtle is not an animal.	animal	-4.225627899169922	neg	aff
An elk is an animal.	animal	-4.681764125823975	aff	aff
An elk is a profession.	profession	-6.314062595367432	aff	neg
An elk is not a profession.	profession	-5.821987152099609	neg	neg
An elk is not an animal.	animal	-4.270604610443115	neg	aff
A blue is a color.	color	-5.191466808319092	aff	aff
A blue is a relative.	relative	-6.531292915344238	aff	neg
A blue is not a relative.	relative	-5.7910261154174805	neg	neg
A blue is not a color.	color	-4.5161919593811035	neg	aff
A red is a color.	color	-5.663857460021973	aff	aff
A red is a snake.	snake	-5.661342144012451	aff	neg
A red is not a snake.	snake	-5.216457366943359	neg	neg
A red is not a color.	color	-4.7624053955078125	neg	aff
A green is a color.	color	-5.080132961273193	aff	aff
A green is a weapon.	weapon	-6.5937819480896	aff	neg
A green is not a weapon.	weapon	-5.682012557983398	neg	neg
A green is not a color.	color	-4.593451499938965	neg	aff
A yellow is a color.	color	-4.341860771179199	aff	aff
A yellow is a bird.	bird	-4.927393436431885	aff	neg
A yellow is not a bird.	bird	-4.31770133972168	neg	neg
A yellow is not a color.	color	-4.097135066986084	neg	aff
An orange is a color.	color	-3.5721116065979004	aff	aff
An orange is a flower.	flower	-4.402899742126465	aff	neg
An orange is not a flower.	flower	-4.1971635818481445	neg	neg
An orange is not a color.	color	-4.013025760650635	neg	aff
A black is a color.	color	-5.4966936111450195	aff	aff
A black is a city.	city	-6.453962802886963	aff	neg
A black is not a city.	city	-5.980382442474365	neg	neg
A black is not a color.	color	-4.979475021362305	neg	aff
A purple is a color.	color	-5.41226863861084	aff	aff
A purple is a metal.	metal	-6.119828701019287	aff	neg
A purple is not a metal.	metal	-5.674725532531738	neg	neg
A purple is not a color.	color	-4.965930461883545	neg	aff
A white is a color.	color	-5.311324119567871	aff	aff
A white is a furniture.	furniture	-6.596574306488037	aff	neg
A white is not a furniture.	furniture	-5.841142177581787	neg	neg
A white is not a color.	color	-4.847237586975098	neg	aff
A pink is a color.	color	-5.595008373260498	aff	aff
A pink is a sport.	sport	-6.727508544921875	aff	neg
A pink is not a sport.	sport	-5.75306510925293	neg	neg
A pink is not a color.	color	-4.892945766448975	neg	aff
A brown is a color.	color	-5.154935836791992	aff	aff
A brown is a metal.	metal	-5.963470458984375	aff	neg
A brown is not a metal.	metal	-5.431943416595459	neg	neg
A brown is not a color.	color	-4.9142961502075195	neg	aff
A violet is a color.	color	-4.887641429901123	aff	aff
A violet is a vegetable.	vegetable	-5.897809982299805	aff	neg
A violet is not a vegetable.	vegetable	-5.084661483764648	neg	neg
A violet is not a color.	color	-4.584546089172363	neg	aff
A gray is a color.	color	-5.379194259643555	aff	aff
A gray is a vehicle.	vehicle	-6.700137615203857	aff	neg
A gray is not a vehicle.	vehicle	-5.950145721435547	neg	neg
A gray is not a color.	color	-5.013712406158447	neg	aff
A turquoise is a color.	color	-6.278697490692139	aff	aff
A turquoise is a vehicle.	vehicle	-7.295573711395264	aff	neg
A turquoise is not a vehicle.	vehicle	-6.453146934509277	neg	neg
A turquoise is not a color.	color	-5.71420955657959	neg	aff
A gold is a color.	color	-6.910514831542969	aff	aff
A gold is a fish.	fish	-6.462611675262451	aff	neg
A gold is not a fish.	fish	-5.699810028076172	neg	neg
A gold is not a color.	color	-5.685504913330078	neg	aff
An indigo is a color.	color	-4.088514804840088	aff	aff
An indigo is a furniture.	furniture	-5.83398962020874	aff	neg
An indigo is not a furniture.	furniture	-5.565420627593994	neg	neg
An indigo is not a color.	color	-4.251399517059326	neg	aff
A maroon is a color.	color	-4.084777355194092	aff	aff
A maroon is a state.	state	-5.110105991363525	aff	neg
A maroon is not a state.	state	-4.614976406097412	neg	neg
A maroon is not a color.	color	-3.7749221324920654	neg	aff
A chartreuse is a color.	color	-5.090460777282715	aff	aff
A chartreuse is a country.	country	-6.396901607513428	aff	neg
A chartreuse is not a country.	country	-5.958893299102783	neg	neg
A chartreuse is not a color.	color	-5.006318092346191	neg	aff
A tan is a color.	color	-5.380420684814453	aff	aff
A tan is a profession.	profession	-6.281495094299316	aff	neg
A tan is not a profession.	profession	-5.444416046142578	neg	neg
A tan is not a color.	color	-4.717674255371094	neg	aff
A lavender is a color.	color	-5.922358989715576	aff	aff
A lavender is a vegetable.	vegetable	-6.227590084075928	aff	neg
A lavender is not a vegetable.	vegetable	-5.529183864593506	neg	neg
A lavender is not a color.	color	-5.3704376220703125	neg	aff
A beige is a color.	color	-5.664036750793457	aff	aff
A beige is a disease.	disease	-7.315181255340576	aff	neg
A beige is not a disease.	disease	-6.3123297691345215	neg	neg
A beige is not a color.	color	-5.345159530639648	neg	aff
A silver is a color.	color	-6.085601806640625	aff	aff
A silver is a country.	country	-5.6599321365356445	aff	neg
A silver is not a country.	country	-5.365218639373779	neg	neg
A silver is not a color.	color	-4.972382545471191	neg	aff
An aqua is a color.	color	-5.554049968719482	aff	aff
An aqua is a fish.	fish	-4.70425271987915	aff	neg
An aqua is not a fish.	fish	-4.548552989959717	neg	neg
An aqua is not a color.	color	-5.022325038909912	neg	aff
A magenta is a color.	color	-4.4411821365356445	aff	aff
A magenta is a vehicle.	vehicle	-4.943243980407715	aff	neg
A magenta is not a vehicle.	vehicle	-4.767402648925781	neg	neg
A magenta is not a color.	color	-4.148279190063477	neg	aff
An olive is a color.	color	-5.578404903411865	aff	aff
An olive is a toy.	toy	-5.767571449279785	aff	neg
An olive is not a toy.	toy	-4.514660835266113	neg	neg
An olive is not a color.	color	-4.781740188598633	neg	aff
A rose is a color.	color	-5.173543453216553	aff	aff
A rose is a flower.	flower	-3.5509674549102783	aff	neg
A rose is not a flower.	flower	-4.532042980194092	neg	neg
A rose is not a color.	color	-5.641267776489258	neg	aff
A mauve is a color.	color	-5.257714748382568	aff	aff
A mauve is a sport.	sport	-6.137327194213867	aff	neg
A mauve is not a sport.	sport	-5.639827251434326	neg	neg
A mauve is not a color.	color	-4.782388210296631	neg	aff
A chair is a furniture.	furniture	-4.87655782699585	aff	aff
A chair is a tree.	tree	-4.884771823883057	aff	neg
A chair is not a tree.	tree	-4.459540367126465	neg	neg
A chair is not a furniture.	furniture	-4.746639728546143	neg	aff
A table is a furniture.	furniture	-5.277760982513428	aff	aff
A table is an animal.	animal	-4.844321250915527	aff	neg
A table is not an animal.	animal	-4.415616035461426	neg	neg
A table is not a furniture.	furniture	-4.3370795249938965	neg	aff
A bed is a furniture.	furniture	-5.302847385406494	aff	aff
A bed is a bird.	bird	-6.1661810874938965	aff	neg
A bed is not a bird.	bird	-5.225343704223633	neg	neg
A bed is not a furniture.	furniture	-4.869041442871094	neg	aff
A sofa is a furniture.	furniture	-5.077723979949951	aff	aff
A sofa is a fish.	fish	-6.036072731018066	aff	neg
A sofa is not a fish.	fish	-5.465653419494629	neg	neg
A sofa is not a furniture.	furniture	-4.90059232711792	neg	aff
A desk is a furniture.	furniture	-5.101377010345459	aff	aff
A desk is a sport.	sport	-6.103235244750977	aff	neg
A desk is not a sport.	sport	-5.463404655456543	neg	neg
A desk is not a furniture.	furniture	-4.886981964111328	neg	aff
A lamp is a furniture.	furniture	-5.817969799041748	aff	aff
A lamp is a flower.	flower	-5.6596360206604	aff	neg
A lamp is not a flower.	flower	-4.946441650390625	neg	neg
A lamp is not a furniture.	furniture	-4.917356014251709	neg	aff
A couch is a furniture.	furniture	-5.085415840148926	aff	aff
A couch is an animal.	animal	-5.956303596496582	aff	neg
A couch is not an animal.	animal	-5.093262672424316	neg	neg
A couch is not a furniture.	furniture	-4.760489463806152	neg	aff
A dresser is a furniture.	furniture	-5.6367716789245605	aff	aff
A dresser is a sport.	sport	-7.094459533691406	aff	neg
A dresser is not a sport.	sport	-6.0745978355407715	neg	neg
A dresser is not a furniture.	furniture	-5.442961692810059	neg	aff
A television is a furniture.	furniture	-6.011413097381592	aff	aff
A television is a city.	city	-5.877449989318848	aff	neg
A television is not a city.	city	-5.592299461364746	neg	neg
A television is not a furniture.	furniture	-5.3325653076171875	neg	aff
A stool is a furniture.	furniture	-5.502718448638916	aff	aff
A stool is a city.	city	-6.178356170654297	aff	neg
A stool is not a city.	city	-5.628514289855957	neg	neg
A stool is not a furniture.	furniture	-4.944911479949951	neg	aff
A bureau is a furniture.	furniture	-7.134697914123535	aff	aff
A bureau is a vegetable.	vegetable	-7.518716335296631	aff	neg
A bureau is not a vegetable.	vegetable	-5.988880157470703	neg	neg
A bureau is not a furniture.	furniture	-6.582056999206543	neg	aff
A rug is a furniture.	furniture	-6.458171367645264	aff	aff
A rug is a profession.	profession	-6.413092136383057	aff	neg
A rug is not a profession.	profession	-6.28411865234375	neg	neg
A rug is not a furniture.	furniture	-5.720767021179199	neg	aff
A bookcase is a furniture.	furniture	-4.469607353210449	aff	aff
A bookcase is a snake.	snake	-4.905181407928467	aff	neg
A bookcase is not a snake.	snake	-4.596034526824951	neg	neg
A bookcase is not a furniture.	furniture	-4.18336820602417	neg	aff
A cabinet is a furniture.	furniture	-4.847725868225098	aff	aff
A cabinet is a snake.	snake	-6.5765380859375	aff	neg
A cabinet is not a snake.	snake	-5.585709571838379	neg	neg
A cabinet is not a furniture.	furniture	-4.751063346862793	neg	aff
A chest is a furniture.	furniture	-5.692567348480225	aff	aff
A chest is an insect.	insect	-5.7049174308776855	aff	neg
A chest is not an insect.	insect	-4.878256320953369	neg	neg
A chest is not a furniture.	furniture	-5.046076774597168	neg	aff
A piano is a furniture.	furniture	-5.506046772003174	aff	aff
A piano is a snake.	snake	-6.103021144866943	aff	neg
A piano is not a snake.	snake	-4.798059940338135	neg	neg
A piano is not a furniture.	furniture	-4.664945125579834	neg	aff
A footstool is a furniture.	furniture	-4.056960105895996	aff	aff
A footstool is a fish.	fish	-5.1846771240234375	aff	neg
A footstool is not a fish.	fish	-4.432544708251953	neg	neg
A footstool is not a furniture.	furniture	-3.984973430633545	neg	aff
A buffet is a furniture.	furniture	-6.001369953155518	aff	aff
A buffet is a relative.	relative	-6.20375919342041	aff	neg
A buffet is not a relative.	relative	-5.848487377166748	neg	neg
A buffet is not a furniture.	furniture	-5.3860883712768555	neg	aff
A radio is a furniture.	furniture	-6.1660284996032715	aff	aff
A radio is a weapon.	weapon	-5.145675182342529	aff	neg
A radio is not a weapon.	weapon	-4.157039642333984	neg	neg
A radio is not a furniture.	furniture	-4.931550025939941	neg	aff
A stereo is a furniture.	furniture	-6.9182891845703125	aff	aff
A stereo is a crime.	crime	-6.709609508514404	aff	neg
A stereo is not a crime.	crime	-5.537080764770508	neg	neg
A stereo is not a furniture.	furniture	-5.88624382019043	neg	aff
A hi-fi is a furniture.	furniture	-5.492210388183594	aff	aff
A hi-fi is a sport.	sport	-5.351165294647217	aff	neg
A hi-fi is not a sport.	sport	-5.005047798156738	neg	neg
A hi-fi is not a furniture.	furniture	-5.016299247741699	neg	aff
A picture is a furniture.	furniture	-5.410353183746338	aff	aff
A picture is a metal.	metal	-5.852931022644043	aff	neg
A picture is not a metal.	metal	-5.150012493133545	neg	neg
A picture is not a furniture.	furniture	-4.918245792388916	neg	aff
A davenport is a furniture.	furniture	-6.308274745941162	aff	aff
A davenport is a fruit.	fruit	-5.502652645111084	aff	neg
A davenport is not a fruit.	fruit	-5.372174263000488	neg	neg
A davenport is not a furniture.	furniture	-6.188733100891113	neg	aff
A bench is a furniture.	furniture	-5.327237606048584	aff	aff
A bench is a fish.	fish	-6.466683387756348	aff	neg
A bench is not a fish.	fish	-5.329254627227783	neg	neg
A bench is not a furniture.	furniture	-4.655932426452637	neg	aff
A divan is a furniture.	furniture	-4.183718681335449	aff	aff
A divan is a state.	state	-5.237715244293213	aff	neg
A divan is not a state.	state	-4.934747695922852	neg	neg
A divan is not a furniture.	furniture	-4.025776386260986	neg	aff
A hassock is a furniture.	furniture	-6.176719665527344	aff	aff
A hassock is a vegetable.	vegetable	-6.01755428314209	aff	neg
A hassock is not a vegetable.	vegetable	-5.377760887145996	neg	neg
A hassock is not a furniture.	furniture	-5.664687156677246	neg	aff
A lounge is a furniture.	furniture	-6.404292583465576	aff	aff
A lounge is a metal.	metal	-7.42300271987915	aff	neg
A lounge is not a metal.	metal	-6.6385626792907715	neg	neg
A lounge is not a furniture.	furniture	-5.681277751922607	neg	aff
A mirror is a furniture.	furniture	-5.909710884094238	aff	aff
A mirror is a bird.	bird	-5.491452693939209	aff	neg
A mirror is not a bird.	bird	-4.827964782714844	neg	neg
A mirror is not a furniture.	furniture	-5.272926330566406	neg	aff
A refrigerator is a furniture.	furniture	-5.885400772094727	aff	aff
A refrigerator is an insect.	insect	-6.43782901763916	aff	neg
A refrigerator is not an insect.	insect	-4.908475875854492	neg	neg
A refrigerator is not a furniture.	furniture	-5.103270530700684	neg	aff
A rocker is a furniture.	furniture	-6.628381252288818	aff	aff
A rocker is a country.	country	-7.134883403778076	aff	neg
A rocker is not a country.	country	-6.765382766723633	neg	neg
A rocker is not a furniture.	furniture	-6.179442882537842	neg	aff
A stove is a furniture.	furniture	-5.92860746383667	aff	aff
A stove is a relative.	relative	-6.404577732086182	aff	neg
A stove is not a relative.	relative	-5.970396041870117	neg	neg
A stove is not a furniture.	furniture	-5.310696125030518	neg	aff
An apple is a fruit.	fruit	-2.943216323852539	aff	aff
An apple is a bird.	bird	-4.368743419647217	aff	neg
An apple is not a bird.	bird	-3.6176791191101074	neg	neg
An apple is not a fruit.	fruit	-3.35174822807312	neg	aff
A orange is a fruit.	fruit	-5.110889911651611	aff	aff
A orange is a state.	state	-6.400798797607422	aff	neg
A orange is not a state.	state	-5.833534240722656	neg	neg
A orange is not a fruit.	fruit	-4.92193078994751	neg	aff
A pear is a fruit.	fruit	-4.348514080047607	aff	aff
A pear is a vegetable.	vegetable	-5.343383312225342	aff	neg
A pear is not a vegetable.	vegetable	-4.832480430603027	neg	neg
A pear is not a fruit.	fruit	-4.416059494018555	neg	aff
A banana is a fruit.	fruit	-3.594857931137085	aff	aff
A banana is a metal.	metal	-6.193150043487549	aff	neg
A banana is not a metal.	metal	-5.5303874015808105	neg	neg
A banana is not a fruit.	fruit	-4.119450569152832	neg	aff
A peach is a fruit.	fruit	-4.509059429168701	aff	aff
A peach is a metal.	metal	-6.690803050994873	aff	neg
A peach is not a metal.	metal	-5.911055564880371	neg	neg
A peach is not a fruit.	fruit	-4.634010314941406	neg	aff
A grape is a fruit.	fruit	-4.406508445739746	aff	aff
A grape is a furniture.	furniture	-7.296769618988037	aff	neg
A grape is not a furniture.	furniture	-6.656719207763672	neg	neg
A grape is not a fruit.	fruit	-4.531185150146484	neg	aff
A cherry is a fruit.	fruit	-4.272660732269287	aff	aff
A cherry is a sport.	sport	-6.570016384124756	aff	neg
A cherry is not a sport.	sport	-5.541532039642334	neg	neg
A cherry is not a fruit.	fruit	-4.414482593536377	neg	aff
A plum is a fruit.	fruit	-3.975111722946167	aff	aff
A plum is a vehicle.	vehicle	-6.545411586761475	aff	neg
A plum is not a vehicle.	vehicle	-5.858367443084717	neg	neg
A plum is not a fruit.	fruit	-4.357298851013184	neg	aff
A grapefruit is a fruit.	fruit	-3.337299108505249	aff	aff
A grapefruit is a weapon.	weapon	-5.184446334838867	aff	neg
A grapefruit is not a weapon.	weapon	-4.71981954574585	neg	neg
A grapefruit is not a fruit.	fruit	-3.545567750930786	neg	aff
A lemon is a fruit.	fruit	-4.489164352416992	aff	aff
A lemon is a disease.	disease	-6.212454319000244	aff	neg
A lemon is not a disease.	disease	-5.484373092651367	neg	neg
A lemon is not a fruit.	fruit	-4.471956253051758	neg	aff
A tangerine is a fruit.	fruit	-2.6517081260681152	aff	aff
A tangerine is an animal.	animal	-4.729522705078125	aff	neg
A tangerine is not an animal.	animal	-4.707693099975586	neg	neg
A tangerine is not a fruit.	fruit	-3.917675495147705	neg	aff
An apricot is a fruit.	fruit	-3.894219160079956	aff	aff
An apricot is a sport.	sport	-5.45858907699585	aff	neg
An apricot is not a sport.	sport	-4.829462051391602	neg	neg
An apricot is not a fruit.	fruit	-4.0106706619262695	neg	aff
A pineapple is a fruit.	fruit	-3.343290328979492	aff	aff
A pineapple is a weapon.	weapon	-5.693459987640381	aff	neg
A pineapple is not a weapon.	weapon	-5.184393882751465	neg	neg
A pineapple is not a fruit.	fruit	-3.9048640727996826	neg	aff
A lime is a fruit.	fruit	-5.801488876342773	aff	aff
A lime is a flower.	flower	-6.287978172302246	aff	neg
A lime is not a flower.	flower	-5.780063152313232	neg	neg
A lime is not a fruit.	fruit	-5.24067497253418	neg	aff
A tomato is a fruit.	fruit	-3.9811017513275146	aff	aff
A tomato is an insect.	insect	-5.198828220367432	aff	neg
A tomato is not an insect.	insect	-4.830639839172363	neg	neg
A tomato is not a fruit.	fruit	-4.104037284851074	neg	aff
A strawberry is a fruit.	fruit	-4.24783992767334	aff	aff
A strawberry is a metal.	metal	-6.6503143310546875	aff	neg
A strawberry is not a metal.	metal	-5.892238616943359	neg	neg
A strawberry is not a fruit.	fruit	-4.472993850708008	neg	aff
A watermelon is a fruit.	fruit	-2.9474618434906006	aff	aff
A watermelon is a fish.	fish	-4.576897144317627	aff	neg
A watermelon is not a fish.	fish	-4.0927839279174805	neg	neg
A watermelon is not a fruit.	fruit	-3.3177666664123535	neg	aff
A prunes is a fruit.	fruit	-5.240891456604004	aff	aff
A prunes is a profession.	profession	-6.936681270599365	aff	neg
A prunes is not a profession.	profession	-6.44192361831665	neg	neg
A prunes is not a fruit.	fruit	-5.262301445007324	neg	aff
A cantalope is a fruit.	fruit	-4.050807952880859	aff	aff
A cantalope is a snake.	snake	-4.6781206130981445	aff	neg
A cantalope is not a snake.	snake	-4.448174476623535	neg	neg
A cantalope is not a fruit.	fruit	-4.016787528991699	neg	aff
A raspberry is a fruit.	fruit	-4.7282490730285645	aff	aff
A raspberry is a snake.	snake	-6.106692790985107	aff	neg
A raspberry is not a snake.	snake	-5.0997161865234375	neg	neg
A raspberry is not a fruit.	fruit	-4.401202201843262	neg	aff
A pomegranate is a fruit.	fruit	-2.529839038848877	aff	aff
A pomegranate is a sport.	sport	-3.7253165245056152	aff	neg
A pomegranate is not a sport.	sport	-3.5383987426757812	neg	neg
A pomegranate is not a fruit.	fruit	-2.805814504623413	neg	aff
A blueberry is a fruit.	fruit	-3.609612464904785	aff	aff
A blueberry is a country.	country	-5.458518981933594	aff	neg
A blueberry is not a country.	country	-4.800143718719482	neg	neg
A blueberry is not a fruit.	fruit	-3.8341715335845947	neg	aff
A mango is a fruit.	fruit	-3.9000537395477295	aff	aff
A mango is a weapon.	weapon	-5.971673488616943	aff	neg
A mango is not a weapon.	weapon	-5.121881008148193	neg	neg
A mango is not a fruit.	fruit	-3.928537130355835	neg	aff
An avocado is a fruit.	fruit	-3.1244821548461914	aff	aff
An avocado is an insect.	insect	-5.285516262054443	aff	neg
An avocado is not an insect.	insect	-4.702926158905029	neg	neg
An avocado is not a fruit.	fruit	-3.756469249725342	neg	aff
A fig is a fruit.	fruit	-4.937434673309326	aff	aff
A fig is a flower.	flower	-6.961872100830078	aff	neg
A fig is not a flower.	flower	-5.431365489959717	neg	neg
A fig is not a fruit.	fruit	-4.8278703689575195	neg	aff
A raisin is a fruit.	fruit	-4.025802135467529	aff	aff
A raisin is a color.	color	-5.781163692474365	aff	neg
A raisin is not a color.	color	-4.834843635559082	neg	neg
A raisin is not a fruit.	fruit	-4.020517826080322	neg	aff
A coconut is a fruit.	fruit	-4.026331901550293	aff	aff
A coconut is a sport.	sport	-6.2555365562438965	aff	neg
A coconut is not a sport.	sport	-5.4252424240112305	neg	neg
A coconut is not a fruit.	fruit	-4.262812614440918	neg	aff
A nectarine is a fruit.	fruit	-2.9414772987365723	aff	aff
A nectarine is a profession.	profession	-5.048469543457031	aff	neg
A nectarine is not a profession.	profession	-4.547420978546143	neg	neg
A nectarine is not a fruit.	fruit	-3.344627618789673	neg	aff
A berry is a fruit.	fruit	-4.609468460083008	aff	aff
A berry is a state.	state	-6.688116550445557	aff	neg
A berry is not a state.	state	-6.125128746032715	neg	neg
A berry is not a fruit.	fruit	-4.512382984161377	neg	aff
A melon is a fruit.	fruit	-3.2327136993408203	aff	aff
A melon is a furniture.	furniture	-5.735509395599365	aff	neg
A melon is not a furniture.	furniture	-5.035181522369385	neg	neg
A melon is not a fruit.	fruit	-3.4110796451568604	neg	aff
A kumquat is a fruit.	fruit	-3.693732261657715	aff	aff
A kumquat is a relative.	relative	-4.705150127410889	aff	neg
A kumquat is not a relative.	relative	-4.747118949890137	neg	neg
A kumquat is not a fruit.	fruit	-3.746519088745117	neg	aff
A knife is a weapon.	weapon	-4.043612003326416	aff	aff
A knife is a disease.	disease	-5.7497239112854	aff	neg
A knife is not a disease.	disease	-4.94411563873291	neg	neg
A knife is not a weapon.	weapon	-3.802520751953125	neg	aff
A gun is a weapon.	weapon	-4.336985111236572	aff	aff
A gun is a sport.	sport	-5.87038516998291	aff	neg
A gun is not a sport.	sport	-5.448672294616699	neg	neg
A gun is not a weapon.	weapon	-4.258096218109131	neg	aff
A rifle is a weapon.	weapon	-4.272406101226807	aff	aff
A rifle is a city.	city	-6.601716041564941	aff	neg
A rifle is not a city.	city	-5.645771026611328	neg	neg
A rifle is not a weapon.	weapon	-4.061989784240723	neg	aff
A bomb is a weapon.	weapon	-4.294661998748779	aff	aff
A bomb is a sport.	sport	-5.602736949920654	aff	neg
A bomb is not a sport.	sport	-5.046002388000488	neg	neg
A bomb is not a weapon.	weapon	-4.143828868865967	neg	aff
A club is a weapon.	weapon	-5.5906524658203125	aff	aff
A club is a fish.	fish	-5.290855407714844	aff	neg
A club is not a fish.	fish	-5.45789909362793	neg	neg
A club is not a weapon.	weapon	-5.374926567077637	neg	aff
A sword is a weapon.	weapon	-4.064716339111328	aff	aff
A sword is a city.	city	-5.269729137420654	aff	neg
A sword is not a city.	city	-5.255693435668945	neg	neg
A sword is not a weapon.	weapon	-3.8144941329956055	neg	aff
A pistol is a weapon.	weapon	-4.1543755531311035	aff	aff
A pistol is a crime.	crime	-6.332283973693848	aff	neg
A pistol is not a crime.	crime	-5.45613431930542	neg	neg
A pistol is not a weapon.	weapon	-4.207801342010498	neg	aff
A rope is a weapon.	weapon	-5.211069583892822	aff	aff
A rope is a crime.	crime	-6.2762346267700195	aff	neg
A rope is not a crime.	crime	-5.328949928283691	neg	neg
A rope is not a weapon.	weapon	-4.3260297775268555	neg	aff
A cannon is a weapon.	weapon	-4.136779308319092	aff	aff
A cannon is a bird.	bird	-6.206766605377197	aff	neg
A cannon is not a bird.	bird	-5.2220587730407715	neg	neg
A cannon is not a weapon.	weapon	-4.283421993255615	neg	aff
A spear is a weapon.	weapon	-4.420175075531006	aff	aff
A spear is a toy.	toy	-5.929840564727783	aff	neg
A spear is not a toy.	toy	-4.807168006896973	neg	neg
A spear is not a weapon.	weapon	-4.2828779220581055	neg	aff
A fists is a weapon.	weapon	-6.108071804046631	aff	aff
A fists is a vegetable.	vegetable	-7.496184825897217	aff	neg
A fists is not a vegetable.	vegetable	-6.681948661804199	neg	neg
A fists is not a weapon.	weapon	-5.613532066345215	neg	aff
A stick is a weapon.	weapon	-5.2909836769104	aff	aff
A stick is a fruit.	fruit	-6.206875801086426	aff	neg
A stick is not a fruit.	fruit	-5.206448554992676	neg	neg
A stick is not a weapon.	weapon	-4.71975564956665	neg	aff
A tank is a weapon.	weapon	-5.867291450500488	aff	aff
A tank is a vegetable.	vegetable	-5.623138904571533	aff	neg
A tank is not a vegetable.	vegetable	-5.093725204467773	neg	neg
A tank is not a weapon.	weapon	-4.9231414794921875	neg	aff
A poison is a weapon.	weapon	-5.589041709899902	aff	aff
A poison is a crime.	crime	-6.114017486572266	aff	neg
A poison is not a crime.	crime	-5.2052154541015625	neg	neg
A poison is not a weapon.	weapon	-5.045808792114258	neg	aff
A missile is a weapon.	weapon	-4.668404579162598	aff	aff
A missile is a country.	country	-6.135468482971191	aff	neg
A missile is not a country.	country	-5.493743896484375	neg	neg
A missile is not a weapon.	weapon	-4.6381402015686035	neg	aff
A bayonet is a weapon.	weapon	-4.999394416809082	aff	aff
A bayonet is a vehicle.	vehicle	-6.039548873901367	aff	neg
A bayonet is not a vehicle.	vehicle	-5.295194149017334	neg	neg
A bayonet is not a weapon.	weapon	-4.618351936340332	neg	aff
A chain is a weapon.	weapon	-5.275753974914551	aff	aff
A chain is a disease.	disease	-5.92178201675415	aff	neg
A chain is not a disease.	disease	-5.264593124389648	neg	neg
A chain is not a weapon.	weapon	-4.688990116119385	neg	aff
A whip is a weapon.	weapon	-4.874270915985107	aff	aff
A whip is a country.	country	-6.552587985992432	aff	neg
A whip is not a country.	country	-5.627601623535156	neg	neg
A whip is not a weapon.	weapon	-4.3400163650512695	neg	aff
A hammer is a weapon.	weapon	-4.551309108734131	aff	aff
A hammer is a disease.	disease	-5.922183513641357	aff	neg
A hammer is not a disease.	disease	-5.258382320404053	neg	neg
A hammer is not a weapon.	weapon	-4.150171279907227	neg	aff
A rock is a weapon.	weapon	-6.02736234664917	aff	aff
A rock is a relative.	relative	-7.105393886566162	aff	neg
A rock is not a relative.	relative	-6.118941783905029	neg	neg
A rock is not a weapon.	weapon	-4.982842445373535	neg	aff
An arrow is a weapon.	weapon	-4.289847373962402	aff	aff
An arrow is a country.	country	-5.49039888381958	aff	neg
An arrow is not a country.	country	-4.744715690612793	neg	neg
An arrow is not a weapon.	weapon	-4.021686553955078	neg	aff
A stone is a weapon.	weapon	-5.506694316864014	aff	aff
A stone is a vegetable.	vegetable	-5.911724090576172	aff	neg
A stone is not a vegetable.	vegetable	-5.101138114929199	neg	neg
A stone is not a weapon.	weapon	-4.849081993103027	neg	aff
A bazooka is a weapon.	weapon	-3.611110210418701	aff	aff
A bazooka is an animal.	animal	-4.504571437835693	aff	neg
A bazooka is not an animal.	animal	-4.242609977722168	neg	neg
A bazooka is not a weapon.	weapon	-3.597787380218506	neg	aff
A glass is a weapon.	weapon	-5.320441722869873	aff	aff
A glass is a flower.	flower	-5.215105056762695	aff	neg
A glass is not a flower.	flower	-4.597444534301758	neg	neg
A glass is not a weapon.	weapon	-4.449934005737305	neg	aff
A slingshot is a weapon.	weapon	-3.330618143081665	aff	aff
A slingshot is a crime.	crime	-4.595105171203613	aff	neg
A slingshot is not a crime.	crime	-4.541993618011475	neg	neg
A slingshot is not a weapon.	weapon	-3.4911000728607178	neg	aff
A blackjack is a weapon.	weapon	-6.351960182189941	aff	aff
A blackjack is a tree.	tree	-6.524313449859619	aff	neg
A blackjack is not a tree.	tree	-6.102531433105469	neg	neg
A blackjack is not a weapon.	weapon	-5.683955192565918	neg	aff
A revolver is a weapon.	weapon	-4.747010707855225	aff	aff
A revolver is a furniture.	furniture	-6.691764831542969	aff	neg
A revolver is not a furniture.	furniture	-5.934060096740723	neg	neg
A revolver is not a weapon.	weapon	-4.386419296264648	neg	aff
A shotgun is a weapon.	weapon	-4.597180366516113	aff	aff
A shotgun is a color.	color	-7.117160797119141	aff	neg
A shotgun is not a color.	color	-5.841151237487793	neg	neg
A shotgun is not a weapon.	weapon	-4.36081075668335	neg	aff
A pipe is a weapon.	weapon	-5.729703426361084	aff	aff
A pipe is a fruit.	fruit	-6.266767978668213	aff	neg
A pipe is not a fruit.	fruit	-4.994085311889648	neg	neg
A pipe is not a weapon.	weapon	-4.660470962524414	neg	aff
An A-bomb is a weapon.	weapon	-3.7969753742218018	aff	aff
An A-bomb is a bird.	bird	-5.068976402282715	aff	neg
An A-bomb is not a bird.	bird	-4.246009349822998	neg	neg
An A-bomb is not a weapon.	weapon	-3.5445303916931152	neg	aff
An airplane is a weapon.	weapon	-5.458130836486816	aff	aff
An airplane is a state.	state	-5.399029731750488	aff	neg
An airplane is not a state.	state	-5.00192403793335	neg	neg
An airplane is not a weapon.	weapon	-4.609375953674316	neg	aff
A bow is a weapon.	weapon	-4.380951404571533	aff	aff
A bow is a sport.	sport	-5.075716018676758	aff	neg
A bow is not a sport.	sport	-4.770120143890381	neg	neg
A bow is not a weapon.	weapon	-4.073742866516113	neg	aff
A dagger is a weapon.	weapon	-4.100785732269287	aff	aff
A dagger is a state.	state	-5.838388919830322	aff	neg
A dagger is not a state.	state	-5.553773880004883	neg	neg
A dagger is not a weapon.	weapon	-4.030697345733643	neg	aff
A gas is a weapon.	weapon	-6.005738258361816	aff	aff
A gas is a disease.	disease	-6.492591857910156	aff	neg
A gas is not a disease.	disease	-5.740273952484131	neg	neg
A gas is not a weapon.	weapon	-5.429712295532227	neg	aff
A foot is a weapon.	weapon	-5.370697498321533	aff	aff
A foot is an animal.	animal	-4.940871715545654	aff	neg
A foot is not an animal.	animal	-4.778373718261719	neg	neg
A foot is not a weapon.	weapon	-5.099432945251465	neg	aff
A hatchet is a weapon.	weapon	-3.9448094367980957	aff	aff
A hatchet is a fish.	fish	-4.641671180725098	aff	neg
A hatchet is not a fish.	fish	-3.984346628189087	neg	neg
A hatchet is not a weapon.	weapon	-3.5531864166259766	neg	aff
A mortar is a weapon.	weapon	-4.5102362632751465	aff	aff
A mortar is a metal.	metal	-5.991631984710693	aff	neg
A mortar is not a metal.	metal	-5.180088043212891	neg	neg
A mortar is not a weapon.	weapon	-4.334286689758301	neg	aff
A scissors is a weapon.	weapon	-5.307903289794922	aff	aff
A scissors is a profession.	profession	-6.0743303298950195	aff	neg
A scissors is not a profession.	profession	-5.685678482055664	neg	neg
A scissors is not a weapon.	weapon	-4.720963001251221	neg	aff
A lance is a weapon.	weapon	-4.863720893859863	aff	aff
A lance is a bird.	bird	-6.208361625671387	aff	neg
A lance is not a bird.	bird	-5.233809471130371	neg	neg
A lance is not a weapon.	weapon	-4.410223960876465	neg	aff
A switchblade is a weapon.	weapon	-4.235188961029053	aff	aff
A switchblade is an animal.	animal	-5.4393720626831055	aff	neg
A switchblade is not an animal.	animal	-4.947474479675293	neg	neg
A switchblade is not a weapon.	weapon	-3.8905231952667236	neg	aff
France is a country.	country	-2.813441038131714	aff	aff
France is a tree.	tree	-4.588947296142578	aff	neg
France is not a tree.	tree	-4.216376304626465	neg	neg
France is not a country.	country	-2.745404005050659	neg	aff
USA is a country.	country	-3.3685593605041504	aff	aff
USA is a flower.	flower	-5.607784271240234	aff	neg
USA is not a flower.	flower	-4.998406410217285	neg	neg
USA is not a country.	country	-3.0962092876434326	neg	aff
Russia is a country.	country	-2.863980293273926	aff	aff
Russia is a weapon.	weapon	-4.596758842468262	aff	neg
Russia is not a weapon.	weapon	-4.130664348602295	neg	neg
Russia is not a country.	country	-2.913867473602295	neg	aff
England is a country.	country	-2.8104875087738037	aff	aff
England is a furniture.	furniture	-6.568355560302734	aff	neg
England is not a furniture.	furniture	-5.768723487854004	neg	neg
England is not a country.	country	-2.609628915786743	neg	aff
Germany is a country.	country	-2.860466718673706	aff	aff
Germany is a vehicle.	vehicle	-4.9674530029296875	aff	neg
Germany is not a vehicle.	vehicle	-4.857006549835205	neg	neg
Germany is not a country.	country	-2.7703166007995605	neg	aff
Canada is a country.	country	-2.7300593852996826	aff	aff
Canada is a metal.	metal	-5.969831466674805	aff	neg
Canada is not a metal.	metal	-5.261958599090576	neg	neg
Canada is not a country.	country	-2.6927683353424072	neg	aff
Italy is a country.	country	-2.768442153930664	aff	aff
Italy is a vehicle.	vehicle	-4.795795440673828	aff	neg
Italy is not a vehicle.	vehicle	-4.529791355133057	neg	neg
Italy is not a country.	country	-2.731745481491089	neg	aff
Spain is a country.	country	-2.9652912616729736	aff	aff
Spain is a profession.	profession	-4.7261061668396	aff	neg
Spain is not a profession.	profession	-4.239242076873779	neg	neg
Spain is not a country.	country	-2.908465623855591	neg	aff
Mexico is a country.	country	-2.8741824626922607	aff	aff
Mexico is a city.	city	-4.100432395935059	aff	neg
Mexico is not a city.	city	-3.5309503078460693	neg	neg
Mexico is not a country.	country	-2.918011426925659	neg	aff
China is a country.	country	-3.3429601192474365	aff	aff
China is a weapon.	weapon	-5.782628059387207	aff	neg
China is not a weapon.	weapon	-4.8996901512146	neg	neg
China is not a country.	country	-3.5397751331329346	neg	aff
Japan is a country.	country	-2.8337345123291016	aff	aff
Japan is a flower.	flower	-5.14608097076416	aff	neg
Japan is not a flower.	flower	-4.688453197479248	neg	neg
Japan is not a country.	country	-3.0728673934936523	neg	aff
Sweden is a country.	country	-2.7585909366607666	aff	aff
Sweden is a crime.	crime	-5.643679618835449	aff	neg
Sweden is not a crime.	crime	-4.934215545654297	neg	neg
Sweden is not a country.	country	-2.858569383621216	neg	aff
Brazil is a country.	country	-2.962390661239624	aff	aff
Brazil is a vegetable.	vegetable	-5.4405059814453125	aff	neg
Brazil is not a vegetable.	vegetable	-4.414309024810791	neg	neg
Brazil is not a country.	country	-3.0729846954345703	neg	aff
Switzerland is a country.	country	-2.740286111831665	aff	aff
Switzerland is a fish.	fish	-4.82864236831665	aff	neg
Switzerland is not a fish.	fish	-4.271421432495117	neg	neg
Switzerland is not a country.	country	-2.788297414779663	neg	aff
Ireland is a country.	country	-3.7953667640686035	aff	aff
Ireland is a profession.	profession	-5.403088569641113	aff	neg
Ireland is not a profession.	profession	-4.930003643035889	neg	neg
Ireland is not a country.	country	-3.5458197593688965	neg	aff
Australia is a country.	country	-2.8127593994140625	aff	aff
Australia is a weapon.	weapon	-5.444554805755615	aff	neg
Australia is not a weapon.	weapon	-4.761941432952881	neg	neg
Australia is not a country.	country	-2.6693997383117676	neg	aff
Norway is a country.	country	-2.3881585597991943	aff	aff
Norway is a fruit.	fruit	-4.481175899505615	aff	neg
Norway is not a fruit.	fruit	-4.133745193481445	neg	neg
Norway is not a country.	country	-2.598698139190674	neg	aff
India is a country.	country	-2.776721477508545	aff	aff
India is a crime.	crime	-5.9925665855407715	aff	neg
India is not a crime.	crime	-5.1693806648254395	neg	neg
India is not a country.	country	-3.0835466384887695	neg	aff
Argentina is a country.	country	-2.856532096862793	aff	aff
Argentina is a metal.	metal	-5.6060333251953125	aff	neg
Argentina is not a metal.	metal	-5.093086242675781	neg	neg
Argentina is not a country.	country	-2.945830821990967	neg	aff
Denmark is a country.	country	-2.490962028503418	aff	aff
Denmark is an insect.	insect	-4.014551162719727	aff	neg
Denmark is not an insect.	insect	-4.084382057189941	neg	neg
Denmark is not a country.	country	-2.6708807945251465	neg	aff
Greece is a country.	country	-3.2641892433166504	aff	aff
Greece is a tree.	tree	-4.956843852996826	aff	neg
Greece is not a tree.	tree	-4.38215970993042	neg	neg
Greece is not a country.	country	-3.131755828857422	neg	aff
Poland is a country.	country	-2.8494977951049805	aff	aff
Poland is a fish.	fish	-4.242650032043457	aff	neg
Poland is not a fish.	fish	-4.123154640197754	neg	neg
Poland is not a country.	country	-2.8238227367401123	neg	aff
Israel is a country.	country	-3.2745723724365234	aff	aff
Israel is a disease.	disease	-5.317394256591797	aff	neg
Israel is not a disease.	disease	-4.351856231689453	neg	neg
Israel is not a country.	country	-2.8207881450653076	neg	aff
Africa is a country.	country	-3.4615302085876465	aff	aff
Africa is a flower.	flower	-4.872575759887695	aff	neg
Africa is not a flower.	flower	-4.006885051727295	neg	neg
Africa is not a country.	country	-2.8104872703552246	neg	aff
Austria is a country.	country	-4.324790000915527	aff	aff
Austria is a color.	color	-5.53585147857666	aff	neg
Austria is not a color.	color	-5.289957046508789	neg	neg
Austria is not a country.	country	-4.089113235473633	neg	aff
Scotland is a country.	country	-2.7380330562591553	aff	aff
Scotland is a city.	city	-4.229039192199707	aff	neg
Scotland is not a city.	city	-3.3405518531799316	neg	neg
Scotland is not a country.	country	-2.6369235515594482	neg	aff
Belgium is a country.	country	-2.6466071605682373	aff	aff
Belgium is an animal.	animal	-4.086856842041016	aff	neg
Belgium is not an animal.	animal	-3.844679832458496	neg	neg
Belgium is not a country.	country	-2.6377828121185303	neg	aff
Cuba is a country.	country	-3.5542590618133545	aff	aff
Cuba is a toy.	toy	-5.2627739906311035	aff	neg
Cuba is not a toy.	toy	-4.315047264099121	neg	neg
Cuba is not a country.	country	-3.4034087657928467	neg	aff
Portugal is a country.	country	-2.6953883171081543	aff	aff
Portugal is a city.	city	-3.619199514389038	aff	neg
Portugal is not a city.	city	-3.389224052429199	neg	neg
Portugal is not a country.	country	-2.754793882369995	neg	aff
Egypt is a country.	country	-3.248330593109131	aff	aff
Egypt is a state.	state	-4.4628400802612305	aff	neg
Egypt is not a state.	state	-3.409127950668335	neg	neg
Egypt is not a country.	country	-3.1971347332000732	neg	aff
Finland is a country.	country	-2.4929537773132324	aff	aff
Finland is a crime.	crime	-5.16442346572876	aff	neg
Finland is not a crime.	crime	-4.775891304016113	neg	neg
Finland is not a country.	country	-2.6401801109313965	neg	aff
Turkey is a country.	country	-2.8332455158233643	aff	aff
Turkey is a vehicle.	vehicle	-4.820528984069824	aff	neg
Turkey is not a vehicle.	vehicle	-4.454174041748047	neg	neg
Turkey is not a country.	country	-2.867727518081665	neg	aff
Britain is a country.	country	-2.8223154544830322	aff	aff
Britain is a crime.	crime	-5.386601448059082	aff	neg
Britain is not a crime.	crime	-4.63585090637207	neg	neg
Britain is not a country.	country	-2.5228030681610107	neg	aff
Venezuela is a country.	country	-2.862496852874756	aff	aff
Venezuela is an animal.	animal	-3.9999842643737793	aff	neg
Venezuela is not an animal.	animal	-3.734043836593628	neg	neg
Venezuela is not a country.	country	-2.818091869354248	neg	aff
Iran is a country.	country	-3.167081832885742	aff	aff
Iran is a toy.	toy	-6.110668182373047	aff	neg
Iran is not a toy.	toy	-3.9297852516174316	neg	neg
Iran is not a country.	country	-2.9477405548095703	neg	aff
Iraq is a country.	country	-3.1955862045288086	aff	aff
Iraq is a snake.	snake	-5.366386413574219	aff	neg
Iraq is not a snake.	snake	-4.7610578536987305	neg	neg
Iraq is not a country.	country	-3.1134958267211914	neg	aff
Holland is a country.	country	-3.8864974975585938	aff	aff
Holland is a tree.	tree	-4.28712797164917	aff	neg
Holland is not a tree.	tree	-4.417995452880859	neg	neg
Holland is not a country.	country	-3.7185745239257812	neg	aff
Bolivia is a country.	country	-3.217759609222412	aff	aff
Bolivia is a metal.	metal	-4.939429759979248	aff	neg
Bolivia is not a metal.	metal	-4.674995422363281	neg	neg
Bolivia is not a country.	country	-3.1490964889526367	neg	aff
Peru is a country.	country	-3.1661455631256104	aff	aff
Peru is a vegetable.	vegetable	-5.3628363609313965	aff	neg
Peru is not a vegetable.	vegetable	-4.5338029861450195	neg	neg
Peru is not a country.	country	-3.2071452140808105	neg	aff
Iceland is a country.	country	-4.059342384338379	aff	aff
Iceland is a tree.	tree	-5.450006008148193	aff	neg
Iceland is not a tree.	tree	-4.894079208374023	neg	neg
Iceland is not a country.	country	-3.6382150650024414	neg	aff
Yugoslavia is a country.	country	-2.523045778274536	aff	aff
Yugoslavia is an animal.	animal	-3.664573907852173	aff	neg
Yugoslavia is not an animal.	animal	-3.4465250968933105	neg	neg
Yugoslavia is not a country.	country	-2.4572510719299316	neg	aff
Chile is a country.	country	-3.303671360015869	aff	aff
Chile is a fish.	fish	-4.979130744934082	aff	neg
Chile is not a fish.	fish	-4.636794567108154	neg	neg
Chile is not a country.	country	-3.2946200370788574	neg	aff
Rumania is a country.	country	-3.3940017223358154	aff	aff
Rumania is a snake.	snake	-5.003265857696533	aff	neg
Rumania is not a snake.	snake	-4.793798446655273	neg	neg
Rumania is not a country.	country	-3.2830135822296143	neg	aff
Hungary is a country.	country	-2.227867841720581	aff	aff
Hungary is a city.	city	-3.396745443344116	aff	neg
Hungary is not a city.	city	-2.9461498260498047	neg	neg
Hungary is not a country.	country	-2.296382188796997	neg	aff
Colombia is a country.	country	-2.6135811805725098	aff	aff
Colombia is a profession.	profession	-4.0283002853393555	aff	neg
Colombia is not a profession.	profession	-3.8921561241149902	neg	neg
Colombia is not a country.	country	-2.695765972137451	neg	aff
A murder is a crime.	crime	-4.265624523162842	aff	aff
A murder is a country.	country	-5.848062515258789	aff	neg
A murder is not a country.	country	-5.158420562744141	neg	neg
A murder is not a crime.	crime	-3.705594778060913	neg	aff
A rape is a crime.	crime	-4.914355754852295	aff	aff
A rape is a fruit.	fruit	-6.950257778167725	aff	neg
A rape is not a fruit.	fruit	-5.782935619354248	neg	neg
A rape is not a crime.	crime	-4.309484481811523	neg	aff
A robbery is a crime.	crime	-4.666267395019531	aff	aff
A robbery is a bird.	bird	-7.11062479019165	aff	neg
A robbery is not a bird.	bird	-5.914789199829102	neg	neg
A robbery is not a crime.	crime	-4.128236770629883	neg	aff
A theft is a crime.	crime	-5.034933090209961	aff	aff
A theft is a color.	color	-7.6989030838012695	aff	neg
A theft is not a color.	color	-6.5966033935546875	neg	neg
A theft is not a crime.	crime	-4.767489433288574	neg	aff
An assault is a crime.	crime	-3.8723371028900146	aff	aff
An assault is a state.	state	-5.181087970733643	aff	neg
An assault is not a state.	state	-4.885024547576904	neg	neg
An assault is not a crime.	crime	-3.5087475776672363	neg	aff
A stealing is a crime.	crime	-6.291204929351807	aff	aff
A stealing is a tree.	tree	-8.21580696105957	aff	neg
A stealing is not a tree.	tree	-7.17440938949585	neg	neg
A stealing is not a crime.	crime	-5.490893363952637	neg	aff
An arson is a crime.	crime	-4.817623138427734	aff	aff
An arson is a color.	color	-6.5696563720703125	aff	neg
An arson is not a color.	color	-5.480815887451172	neg	neg
An arson is not a crime.	crime	-4.342400074005127	neg	aff
A burglary is a crime.	crime	-5.26928186416626	aff	aff
A burglary is a vehicle.	vehicle	-7.135552883148193	aff	neg
A burglary is not a vehicle.	vehicle	-6.313549995422363	neg	neg
A burglary is not a crime.	crime	-4.883411407470703	neg	aff
A kidnapping is a crime.	crime	-4.94077730178833	aff	aff
A kidnapping is a fruit.	fruit	-8.317614555358887	aff	neg
A kidnapping is not a fruit.	fruit	-6.605006217956543	neg	neg
A kidnapping is not a crime.	crime	-4.47480583190918	neg	aff
A larceny is a crime.	crime	-3.4520974159240723	aff	aff
A larceny is an insect.	insect	-4.816473007202148	aff	neg
A larceny is not an insect.	insect	-4.401638984680176	neg	neg
A larceny is not a crime.	crime	-3.23062801361084	neg	aff
An embezzling is a crime.	crime	-3.1845171451568604	aff	aff
An embezzling is an insect.	insect	-4.719851493835449	aff	neg
An embezzling is not an insect.	insect	-4.151139259338379	neg	neg
An embezzling is not a crime.	crime	-2.9937896728515625	neg	aff
An adultery is a crime.	crime	-5.221689701080322	aff	aff
An adultery is a snake.	snake	-7.457278728485107	aff	neg
An adultery is not a snake.	snake	-6.549397945404053	neg	neg
An adultery is not a crime.	crime	-4.502699851989746	neg	aff
A killing is a crime.	crime	-5.47174072265625	aff	aff
A killing is a profession.	profession	-6.393310070037842	aff	neg
A killing is not a profession.	profession	-5.725980281829834	neg	neg
A killing is not a crime.	crime	-4.724715232849121	neg	aff
A battery is a crime.	crime	-6.9027419090271	aff	aff
A battery is a disease.	disease	-6.78582763671875	aff	neg
A battery is not a disease.	disease	-5.938804626464844	neg	neg
A battery is not a crime.	crime	-6.067604064941406	neg	aff
A felony is a crime.	crime	-4.244621276855469	aff	aff
A felony is a relative.	relative	-7.03643798828125	aff	neg
A felony is not a relative.	relative	-6.003388404846191	neg	neg
A felony is not a crime.	crime	-4.011483669281006	neg	aff
A speeding is a crime.	crime	-6.619717597961426	aff	aff
A speeding is a state.	state	-7.344985485076904	aff	neg
A speeding is not a state.	state	-6.837701320648193	neg	neg
A speeding is not a crime.	crime	-6.0207366943359375	neg	aff
A forgery is a crime.	crime	-4.775596618652344	aff	aff
A forgery is a color.	color	-5.4571967124938965	aff	neg
A forgery is not a color.	color	-4.9358086585998535	neg	neg
A forgery is not a crime.	crime	-4.316474437713623	neg	aff
A treason is a crime.	crime	-5.620793342590332	aff	aff
A treason is a state.	state	-7.171379089355469	aff	neg
A treason is not a state.	state	-6.5772318840026855	neg	neg
A treason is not a crime.	crime	-5.037797927856445	neg	aff
A fraud is a crime.	crime	-4.709540843963623	aff	aff
A fraud is a sport.	sport	-6.236334323883057	aff	neg
A fraud is not a sport.	sport	-5.296817302703857	neg	neg
A fraud is not a crime.	crime	-3.9876906871795654	neg	aff
A suicide is a crime.	crime	-5.285797595977783	aff	aff
A suicide is a color.	color	-7.5691070556640625	aff	neg
A suicide is not a color.	color	-6.043910503387451	neg	neg
A suicide is not a crime.	crime	-4.410371780395508	neg	aff
A perjury is a crime.	crime	-4.596911430358887	aff	aff
A perjury is a toy.	toy	-6.47467565536499	aff	neg
A perjury is not a toy.	toy	-5.644087791442871	neg	neg
A perjury is not a crime.	crime	-4.305978298187256	neg	aff
A manslaughter is a crime.	crime	-5.646207332611084	aff	aff
A manslaughter is a snake.	snake	-8.889476776123047	aff	neg
A manslaughter is not a snake.	snake	-7.744169235229492	neg	neg
A manslaughter is not a crime.	crime	-5.076902389526367	neg	aff
A blackmail is a crime.	crime	-5.873669147491455	aff	aff
A blackmail is a vehicle.	vehicle	-8.001375198364258	aff	neg
A blackmail is not a vehicle.	vehicle	-7.212924957275391	neg	neg
A blackmail is not a crime.	crime	-5.210257530212402	neg	aff
A homicide is a crime.	crime	-5.068019390106201	aff	aff
A homicide is a country.	country	-7.063403606414795	aff	neg
A homicide is not a country.	country	-6.259255886077881	neg	neg
A homicide is not a crime.	crime	-4.546570301055908	neg	aff
A lying is a crime.	crime	-5.754252910614014	aff	aff
A lying is a vehicle.	vehicle	-6.9294962882995605	aff	neg
A lying is not a vehicle.	vehicle	-6.36097526550293	neg	neg
A lying is not a crime.	crime	-4.850109577178955	neg	aff
A bigamy is a crime.	crime	-4.625647068023682	aff	aff
A bigamy is a vehicle.	vehicle	-6.913094997406006	aff	neg
A bigamy is not a vehicle.	vehicle	-6.394444465637207	neg	neg
A bigamy is not a crime.	crime	-4.411055088043213	neg	aff
A cheating is a crime.	crime	-5.948883056640625	aff	aff
A cheating is a snake.	snake	-7.265695095062256	aff	neg
A cheating is not a snake.	snake	-6.688774108886719	neg	neg
A cheating is not a crime.	crime	-5.062748908996582	neg	aff
A beating is a crime.	crime	-5.856740474700928	aff	aff
A beating is a weapon.	weapon	-5.559882164001465	aff	neg
A beating is not a weapon.	weapon	-4.993361473083496	neg	neg
A beating is not a crime.	crime	-4.853578567504883	neg	aff
An extortion is a crime.	crime	-4.978363990783691	aff	aff
An extortion is a snake.	snake	-6.799197673797607	aff	neg
An extortion is not a snake.	snake	-6.327699661254883	neg	neg
An extortion is not a crime.	crime	-4.427615165710449	neg	aff
A doctor is a profession.	profession	-4.679967403411865	aff	aff
A doctor is a state.	state	-5.800307750701904	aff	neg
A doctor is not a state.	state	-5.1463518142700195	neg	neg
A doctor is not a profession.	profession	-4.8386945724487305	neg	aff
A lawyer is a profession.	profession	-4.48292350769043	aff	aff
A lawyer is a city.	city	-5.496864318847656	aff	neg
A lawyer is not a city.	city	-4.994596481323242	neg	neg
A lawyer is not a profession.	profession	-4.6829633712768555	neg	aff
A teacher is a profession.	profession	-4.536631107330322	aff	aff
A teacher is a fruit.	fruit	-5.489635944366455	aff	neg
A teacher is not a fruit.	fruit	-5.069109916687012	neg	neg
A teacher is not a profession.	profession	-4.5933709144592285	neg	aff
A dentist is a profession.	profession	-4.828068256378174	aff	aff
A dentist is a relative.	relative	-6.092731952667236	aff	neg
A dentist is not a relative.	relative	-5.261914253234863	neg	neg
A dentist is not a profession.	profession	-4.97088098526001	neg	aff
A engineer is a profession.	profession	-5.589993476867676	aff	aff
A engineer is an insect.	insect	-6.719923496246338	aff	neg
A engineer is not an insect.	insect	-6.0909247398376465	neg	neg
A engineer is not a profession.	profession	-5.416018486022949	neg	aff
A professor is a profession.	profession	-5.324120044708252	aff	aff
A professor is a country.	country	-5.5523362159729	aff	neg
A professor is not a country.	country	-4.92313289642334	neg	neg
A professor is not a profession.	profession	-4.700527191162109	neg	aff
A carpenter is a profession.	profession	-4.098714828491211	aff	aff
A carpenter is a country.	country	-4.7595977783203125	aff	neg
A carpenter is not a country.	country	-4.331853866577148	neg	neg
A carpenter is not a profession.	profession	-3.9111928939819336	neg	aff
A salesman is a profession.	profession	-5.357080936431885	aff	aff
A salesman is a color.	color	-6.709578037261963	aff	neg
A salesman is not a color.	color	-5.853211879730225	neg	neg
A salesman is not a profession.	profession	-5.261600494384766	neg	aff
A nurse is a profession.	profession	-4.692786693572998	aff	aff
A nurse is an insect.	insect	-5.97437047958374	aff	neg
A nurse is not an insect.	insect	-5.092478275299072	neg	neg
A nurse is not a profession.	profession	-4.538400650024414	neg	aff
A psychologist is a profession.	profession	-5.26654052734375	aff	aff
A psychologist is an animal.	animal	-5.801434516906738	aff	neg
A psychologist is not an animal.	animal	-5.316399097442627	neg	neg
A psychologist is not a profession.	profession	-5.2771172523498535	neg	aff
A plumber is a profession.	profession	-4.668402194976807	aff	aff
A plumber is a fish.	fish	-5.822134494781494	aff	neg
A plumber is not a fish.	fish	-5.0229620933532715	neg	neg
A plumber is not a profession.	profession	-4.89803409576416	neg	aff
An accountant is a profession.	profession	-4.2257184982299805	aff	aff
An accountant is a crime.	crime	-5.379119873046875	aff	neg
An accountant is not a crime.	crime	-4.6540961265563965	neg	neg
An accountant is not a profession.	profession	-4.440591812133789	neg	aff
A businessman is a profession.	profession	-5.650278091430664	aff	aff
A businessman is a relative.	relative	-6.578553676605225	aff	neg
A businessman is not a relative.	relative	-5.75220251083374	neg	neg
A businessman is not a profession.	profession	-5.304770469665527	neg	aff
A scientist is a profession.	profession	-4.917398452758789	aff	aff
A scientist is a vehicle.	vehicle	-5.325029373168945	aff	neg
A scientist is not a vehicle.	vehicle	-5.338586330413818	neg	neg
A scientist is not a profession.	profession	-5.035414218902588	neg	aff
A clerk is a profession.	profession	-6.674522399902344	aff	aff
A clerk is a weapon.	weapon	-7.738288879394531	aff	neg
A clerk is not a weapon.	weapon	-6.3431501388549805	neg	neg
A clerk is not a profession.	profession	-6.03021764755249	neg	aff
A farmer is a profession.	profession	-4.878981113433838	aff	aff
A farmer is a fish.	fish	-5.324527263641357	aff	neg
A farmer is not a fish.	fish	-4.8152995109558105	neg	neg
A farmer is not a profession.	profession	-5.054081916809082	neg	aff
A laborer is a profession.	profession	-5.066962242126465	aff	aff
A laborer is a country.	country	-5.630382537841797	aff	neg
A laborer is not a country.	country	-5.258615016937256	neg	neg
A laborer is not a profession.	profession	-4.875527858734131	neg	aff
A policeman is a profession.	profession	-5.560747146606445	aff	aff
A policeman is an animal.	animal	-5.65270471572876	aff	neg
A policeman is not an animal.	animal	-5.092801570892334	neg	neg
A policeman is not a profession.	profession	-5.487216472625732	neg	aff
A chemist is a profession.	profession	-4.434963226318359	aff	aff
A chemist is a crime.	crime	-4.994565486907959	aff	neg
A chemist is not a crime.	crime	-4.928193092346191	neg	neg
A chemist is not a profession.	profession	-4.84122371673584	neg	aff
A merchant is a profession.	profession	-5.587473392486572	aff	aff
A merchant is a city.	city	-5.7464118003845215	aff	neg
A merchant is not a city.	city	-5.389437675476074	neg	neg
A merchant is not a profession.	profession	-5.248694896697998	neg	aff
A banker is a profession.	profession	-5.749726295471191	aff	aff
A banker is a weapon.	weapon	-7.17303466796875	aff	neg
A banker is not a weapon.	weapon	-5.52565336227417	neg	neg
A banker is not a profession.	profession	-5.271620750427246	neg	aff
A physicist is a profession.	profession	-6.075000286102295	aff	aff
A physicist is a relative.	relative	-6.521693706512451	aff	neg
A physicist is not a relative.	relative	-5.8134002685546875	neg	neg
A physicist is not a profession.	profession	-5.540338516235352	neg	aff
An executive is a profession.	profession	-5.093474864959717	aff	aff
An executive is a relative.	relative	-5.492895126342773	aff	neg
An executive is not a relative.	relative	-4.937625885009766	neg	neg
An executive is not a profession.	profession	-4.722301006317139	neg	aff
A fireman is a profession.	profession	-4.530470848083496	aff	aff
A fireman is a fruit.	fruit	-5.952701568603516	aff	neg
A fireman is not a fruit.	fruit	-4.779508113861084	neg	neg
A fireman is not a profession.	profession	-4.3662261962890625	neg	aff
A manager is a profession.	profession	-4.7256999015808105	aff	aff
A manager is a state.	state	-5.6132121086120605	aff	neg
A manager is not a state.	state	-5.025524139404297	neg	neg
A manager is not a profession.	profession	-4.547624588012695	neg	aff
An electrician is a profession.	profession	-3.667479991912842	aff	aff
An electrician is a flower.	flower	-5.208935260772705	aff	neg
An electrician is not a flower.	flower	-4.365043640136719	neg	neg
An electrician is not a profession.	profession	-3.8577942848205566	neg	aff
A judge is a profession.	profession	-5.682624816894531	aff	aff
A judge is a state.	state	-6.2284770011901855	aff	neg
A judge is not a state.	state	-5.854386329650879	neg	neg
A judge is not a profession.	profession	-5.83084774017334	neg	aff
A mechanic is a profession.	profession	-5.1687541007995605	aff	aff
A mechanic is a city.	city	-6.02822732925415	aff	neg
A mechanic is not a city.	city	-5.96219539642334	neg	neg
A mechanic is not a profession.	profession	-5.227992057800293	neg	aff
A secretary is a profession.	profession	-6.18612003326416	aff	aff
A secretary is a bird.	bird	-6.20571756362915	aff	neg
A secretary is not a bird.	bird	-5.468175888061523	neg	neg
A secretary is not a profession.	profession	-5.6097307205200195	neg	aff
A bricklayer is a profession.	profession	-4.296742916107178	aff	aff
A bricklayer is a fish.	fish	-5.292092323303223	aff	neg
A bricklayer is not a fish.	fish	-4.844167232513428	neg	neg
A bricklayer is not a profession.	profession	-4.652710914611816	neg	aff
A mathematician is a profession.	profession	-4.383026123046875	aff	aff
A mathematician is a snake.	snake	-4.525081157684326	aff	neg
A mathematician is not a snake.	snake	-4.3746232986450195	neg	neg
A mathematician is not a profession.	profession	-4.285383701324463	neg	aff
An architect is a profession.	profession	-4.135154724121094	aff	aff
An architect is a toy.	toy	-5.959310054779053	aff	neg
An architect is not a toy.	toy	-4.4033684730529785	neg	neg
An architect is not a profession.	profession	-4.409465312957764	neg	aff
A pharmacist is a profession.	profession	-5.397637844085693	aff	aff
A pharmacist is a flower.	flower	-6.798489570617676	aff	neg
A pharmacist is not a flower.	flower	-5.9433207511901855	neg	neg
A pharmacist is not a profession.	profession	-5.179255485534668	neg	aff
A president is a profession.	profession	-6.124372959136963	aff	aff
A president is a weapon.	weapon	-6.558984279632568	aff	neg
A president is not a weapon.	weapon	-5.388180732727051	neg	neg
A president is not a profession.	profession	-5.508119106292725	neg	aff
A miniter is a profession.	profession	-6.4956817626953125	aff	aff
A miniter is an animal.	animal	-6.080417633056641	aff	neg
A miniter is not an animal.	animal	-5.758452892303467	neg	neg
A miniter is not a profession.	profession	-5.971728801727295	neg	aff
A writer is a profession.	profession	-4.4053239822387695	aff	aff
A writer is a sport.	sport	-5.1158366203308105	aff	neg
A writer is not a sport.	sport	-4.993995666503906	neg	neg
A writer is not a profession.	profession	-4.765334129333496	neg	aff
A janitor is a profession.	profession	-5.236856460571289	aff	aff
A janitor is a color.	color	-6.158589839935303	aff	neg
A janitor is not a color.	color	-5.326997756958008	neg	neg
A janitor is not a profession.	profession	-4.846426963806152	neg	aff
A reverend is a profession.	profession	-5.438958644866943	aff	aff
A reverend is a color.	color	-5.9854888916015625	aff	neg
A reverend is not a color.	color	-5.144036769866943	neg	neg
A reverend is not a profession.	profession	-4.772407531738281	neg	aff
An artist is a profession.	profession	-4.69903039932251	aff	aff
An artist is a furniture.	furniture	-5.9245123863220215	aff	neg
An artist is not a furniture.	furniture	-5.57368278503418	neg	neg
An artist is not a profession.	profession	-4.746419906616211	neg	aff
A baker is a profession.	profession	-4.940013885498047	aff	aff
A baker is a sport.	sport	-5.60736608505249	aff	neg
A baker is not a sport.	sport	-5.250946998596191	neg	neg
A baker is not a profession.	profession	-4.738149166107178	neg	aff
A psychiatristsenator is a profession.	profession	-6.671933174133301	aff	aff
A psychiatristsenator is a weapon.	weapon	-7.448983192443848	aff	neg
A psychiatristsenator is not a weapon.	weapon	-6.740471839904785	neg	neg
A psychiatristsenator is not a profession.	profession	-6.31390905380249	neg	aff
A grocer is a profession.	profession	-5.6148576736450195	aff	aff
A grocer is a color.	color	-6.534312725067139	aff	neg
A grocer is not a color.	color	-5.566445827484131	neg	neg
A grocer is not a profession.	profession	-5.186636447906494	neg	aff
A sailor is a profession.	profession	-6.121997833251953	aff	aff
A sailor is a metal.	metal	-6.818031311035156	aff	neg
A sailor is not a metal.	metal	-5.904902458190918	neg	neg
A sailor is not a profession.	profession	-5.831225395202637	neg	aff
A mailman is a profession.	profession	-5.525494575500488	aff	aff
A mailman is a vegetable.	vegetable	-6.104726791381836	aff	neg
A mailman is not a vegetable.	vegetable	-4.935435771942139	neg	neg
A mailman is not a profession.	profession	-4.9759979248046875	neg	aff
A football is a sport.	sport	-4.2731099128723145	aff	aff
A football is a tree.	tree	-5.94635009765625	aff	neg
A football is not a tree.	tree	-4.6710309982299805	neg	neg
A football is not a sport.	sport	-4.099864959716797	neg	aff
A baseball is a sport.	sport	-5.011343479156494	aff	aff
A baseball is a weapon.	weapon	-5.692798137664795	aff	neg
A baseball is not a weapon.	weapon	-4.545588970184326	neg	neg
A baseball is not a sport.	sport	-4.489398002624512	neg	aff
A basketball is a sport.	sport	-4.523165702819824	aff	aff
A basketball is an animal.	animal	-5.311666965484619	aff	neg
A basketball is not an animal.	animal	-4.5332136154174805	neg	neg
A basketball is not a sport.	sport	-4.279796123504639	neg	aff
A tennis is a sport.	sport	-5.202390670776367	aff	aff
A tennis is a furniture.	furniture	-6.620175361633301	aff	neg
A tennis is not a furniture.	furniture	-5.978854656219482	neg	neg
A tennis is not a sport.	sport	-4.945212364196777	neg	aff
A swimming is a sport.	sport	-5.62266731262207	aff	aff
A swimming is a flower.	flower	-6.7546281814575195	aff	neg
A swimming is not a flower.	flower	-6.183444976806641	neg	neg
A swimming is not a sport.	sport	-4.952930450439453	neg	aff
A soccer is a sport.	sport	-4.926671504974365	aff	aff
A soccer is a toy.	toy	-5.748046398162842	aff	neg
A soccer is not a toy.	toy	-4.528862476348877	neg	neg
A soccer is not a sport.	sport	-4.5122504234313965	neg	aff
A golf is a sport.	sport	-5.295255184173584	aff	aff
A golf is an animal.	animal	-6.069301128387451	aff	neg
A golf is not an animal.	animal	-5.2828168869018555	neg	neg
A golf is not a sport.	sport	-4.816842079162598	neg	aff
A hockey is a sport.	sport	-5.168521404266357	aff	aff
A hockey is a vehicle.	vehicle	-6.070383548736572	aff	neg
A hockey is not a vehicle.	vehicle	-5.150047302246094	neg	neg
A hockey is not a sport.	sport	-4.9454569816589355	neg	aff
A track is a sport.	sport	-5.308154106140137	aff	aff
A track is a tree.	tree	-5.157802581787109	aff	neg
A track is not a tree.	tree	-4.547786712646484	neg	neg
A track is not a sport.	sport	-4.5220208168029785	neg	aff
A lacrosse is a sport.	sport	-4.350537300109863	aff	aff
A lacrosse is a snake.	snake	-6.148524761199951	aff	neg
A lacrosse is not a snake.	snake	-5.473752975463867	neg	neg
A lacrosse is not a sport.	sport	-4.40638542175293	neg	aff
A badminton is a sport.	sport	-3.772958755493164	aff	aff
A badminton is a profession.	profession	-5.063693046569824	aff	neg
A badminton is not a profession.	profession	-4.888391494750977	neg	neg
A badminton is not a sport.	sport	-4.007185935974121	neg	aff
A bowling is a sport.	sport	-6.324713706970215	aff	aff
A bowling is a furniture.	furniture	-7.448355197906494	aff	neg
A bowling is not a furniture.	furniture	-6.629290580749512	neg	neg
A bowling is not a sport.	sport	-5.885883331298828	neg	aff
A wrestling is a sport.	sport	-5.843827247619629	aff	aff
A wrestling is a vehicle.	vehicle	-7.727468967437744	aff	neg
A wrestling is not a vehicle.	vehicle	-6.736889839172363	neg	neg
A wrestling is not a sport.	sport	-5.172278881072998	neg	aff
A volleyball is a sport.	sport	-4.4444193840026855	aff	aff
A volleyball is a fish.	fish	-6.3704142570495605	aff	neg
A volleyball is not a fish.	fish	-4.846893310546875	neg	neg
A volleyball is not a sport.	sport	-4.210751533508301	neg	aff
An archery is a sport.	sport	-3.9033455848693848	aff	aff
An archery is a profession.	profession	-4.633357048034668	aff	neg
An archery is not a profession.	profession	-4.617457866668701	neg	neg
An archery is not a sport.	sport	-3.9900999069213867	neg	aff
A skiing is a sport.	sport	-5.960389614105225	aff	aff
A skiing is a disease.	disease	-7.1556620597839355	aff	neg
A skiing is not a disease.	disease	-6.280202865600586	neg	neg
A skiing is not a sport.	sport	-5.318122863769531	neg	aff
A fencing is a sport.	sport	-6.2174882888793945	aff	aff
A fencing is a fruit.	fruit	-6.817298889160156	aff	neg
A fencing is not a fruit.	fruit	-6.010469436645508	neg	neg
A fencing is not a sport.	sport	-5.494592189788818	neg	aff
A softball is a sport.	sport	-5.6828789710998535	aff	aff
A softball is a state.	state	-7.45380163192749	aff	neg
A softball is not a state.	state	-6.11079740524292	neg	neg
A softball is not a sport.	sport	-5.3107099533081055	neg	aff
A fishing is a sport.	sport	-5.25812292098999	aff	aff
A fishing is a toy.	toy	-6.484577178955078	aff	neg
A fishing is not a toy.	toy	-5.575116157531738	neg	neg
A fishing is not a sport.	sport	-4.914093017578125	neg	aff
A handball is a sport.	sport	-4.036402702331543	aff	aff
A handball is a weapon.	weapon	-5.0631303787231445	aff	neg
A handball is not a weapon.	weapon	-4.69014310836792	neg	neg
A handball is not a sport.	sport	-4.230480670928955	neg	aff
A polo is a sport.	sport	-4.437623500823975	aff	aff
A polo is a vehicle.	vehicle	-6.070339202880859	aff	neg
A polo is not a vehicle.	vehicle	-5.229739189147949	neg	neg
A polo is not a sport.	sport	-4.367647171020508	neg	aff
A boxing is a sport.	sport	-5.39919376373291	aff	aff
A boxing is a furniture.	furniture	-7.742808818817139	aff	neg
A boxing is not a furniture.	furniture	-6.846295356750488	neg	neg
A boxing is not a sport.	sport	-4.974512100219727	neg	aff
A Rugby is a sport.	sport	-5.493075370788574	aff	aff
A Rugby is a snake.	snake	-7.000804424285889	aff	neg
A Rugby is not a snake.	snake	-6.133294582366943	neg	neg
A Rugby is not a sport.	sport	-5.078208923339844	neg	aff
A hunting is a sport.	sport	-5.389621257781982	aff	aff
A hunting is a flower.	flower	-6.921766757965088	aff	neg
A hunting is not a flower.	flower	-6.114093780517578	neg	neg
A hunting is not a sport.	sport	-4.831089496612549	neg	aff
A gymnastics is a sport.	sport	-4.799081802368164	aff	aff
A gymnastics is an insect.	insect	-5.550515174865723	aff	neg
A gymnastics is not an insect.	insect	-5.483929634094238	neg	neg
A gymnastics is not a sport.	sport	-4.654322147369385	neg	aff
A racing is a sport.	sport	-5.746223449707031	aff	aff
A racing is a disease.	disease	-6.823722839355469	aff	neg
A racing is not a disease.	disease	-5.980457305908203	neg	neg
A racing is not a sport.	sport	-4.939830780029297	neg	aff
A sailing is a sport.	sport	-5.422011852264404	aff	aff
A sailing is a relative.	relative	-6.663392543792725	aff	neg
A sailing is not a relative.	relative	-6.386529445648193	neg	neg
A sailing is not a sport.	sport	-4.928178787231445	neg	aff
A boating is a sport.	sport	-5.663663864135742	aff	aff
A boating is a vegetable.	vegetable	-6.878655910491943	aff	neg
A boating is not a vegetable.	vegetable	-5.8947834968566895	neg	neg
A boating is not a sport.	sport	-5.207422733306885	neg	aff
A pool is a sport.	sport	-6.205643177032471	aff	aff
A pool is a crime.	crime	-6.724911689758301	aff	neg
A pool is not a crime.	crime	-5.7079315185546875	neg	neg
A pool is not a sport.	sport	-5.41110372543335	neg	aff
A squash is a sport.	sport	-5.0298171043396	aff	aff
A squash is a weapon.	weapon	-6.066255569458008	aff	neg
A squash is not a weapon.	weapon	-5.459298133850098	neg	neg
A squash is not a sport.	sport	-4.86036491394043	neg	aff
A diving is a sport.	sport	-5.705462455749512	aff	aff
A diving is a profession.	profession	-6.112018585205078	aff	neg
A diving is not a profession.	profession	-5.79926061630249	neg	neg
A diving is not a sport.	sport	-5.277015686035156	neg	aff
A judo is a sport.	sport	-4.925737380981445	aff	aff
A judo is a color.	color	-6.600390434265137	aff	neg
A judo is not a color.	color	-5.891888618469238	neg	neg
A judo is not a sport.	sport	-4.589070796966553	neg	aff
A surfing is a sport.	sport	-5.901780605316162	aff	aff
A surfing is an animal.	animal	-7.548633098602295	aff	neg
A surfing is not an animal.	animal	-6.5442094802856445	neg	neg
A surfing is not a sport.	sport	-5.372171401977539	neg	aff
A robin is a bird.	bird	-4.238058567047119	aff	aff
A robin is a relative.	relative	-6.012370586395264	aff	neg
A robin is not a relative.	relative	-5.665952205657959	neg	neg
A robin is not a bird.	bird	-4.134527683258057	neg	aff
A sparrow is a bird.	bird	-3.444967269897461	aff	aff
A sparrow is a fruit.	fruit	-5.040744304656982	aff	neg
A sparrow is not a fruit.	fruit	-4.408472061157227	neg	neg
A sparrow is not a bird.	bird	-3.4423999786376953	neg	aff
A cardinal is a bird.	bird	-5.474646091461182	aff	aff
A cardinal is a metal.	metal	-5.734657287597656	aff	neg
A cardinal is not a metal.	metal	-5.219681739807129	neg	neg
A cardinal is not a bird.	bird	-4.768460273742676	neg	aff
An eagle is a bird.	bird	-4.0388407707214355	aff	aff
An eagle is a sport.	sport	-5.380800247192383	aff	neg
An eagle is not a sport.	sport	-4.970233917236328	neg	neg
An eagle is not a bird.	bird	-3.4292848110198975	neg	aff
A crow is a bird.	bird	-3.9733378887176514	aff	aff
A crow is a tree.	tree	-5.716750621795654	aff	neg
A crow is not a tree.	tree	-4.780644416809082	neg	neg
A crow is not a bird.	bird	-3.9129014015197754	neg	aff
A bluebird is a bird.	bird	-3.978196859359741	aff	aff
A bluebird is a toy.	toy	-5.849338054656982	aff	neg
A bluebird is not a toy.	toy	-4.900867462158203	neg	neg
A bluebird is not a bird.	bird	-3.8346760272979736	neg	aff
A canary is a bird.	bird	-4.235699653625488	aff	aff
A canary is a toy.	toy	-5.498258113861084	aff	neg
A canary is not a toy.	toy	-4.782101631164551	neg	neg
A canary is not a bird.	bird	-4.1947832107543945	neg	aff
A parrakeet is a bird.	bird	-3.713344097137451	aff	aff
A parrakeet is a vegetable.	vegetable	-4.831506729125977	aff	neg
A parrakeet is not a vegetable.	vegetable	-4.494290828704834	neg	neg
A parrakeet is not a bird.	bird	-3.69742751121521	neg	aff
A hawk is a bird.	bird	-4.825350284576416	aff	aff
A hawk is a toy.	toy	-6.5370330810546875	aff	neg
A hawk is not a toy.	toy	-5.572109222412109	neg	neg
A hawk is not a bird.	bird	-4.3564558029174805	neg	aff
A blackbird is a bird.	bird	-4.3238630294799805	aff	aff
A blackbird is a furniture.	furniture	-6.598902702331543	aff	neg
A blackbird is not a furniture.	furniture	-5.8454790115356445	neg	neg
A blackbird is not a bird.	bird	-3.8343076705932617	neg	aff
A wren is a bird.	bird	-3.1607987880706787	aff	aff
A wren is a vegetable.	vegetable	-4.961263656616211	aff	neg
A wren is not a vegetable.	vegetable	-4.540842533111572	neg	neg
A wren is not a bird.	bird	-3.387075185775757	neg	aff
An oriole is a bird.	bird	-3.535937786102295	aff	aff
An oriole is a vegetable.	vegetable	-4.913026332855225	aff	neg
An oriole is not a vegetable.	vegetable	-4.688877105712891	neg	neg
An oriole is not a bird.	bird	-3.9207186698913574	neg	aff
A parrot is a bird.	bird	-3.242558240890503	aff	aff
A parrot is a city.	city	-5.082415580749512	aff	neg
A parrot is not a city.	city	-4.802155494689941	neg	neg
A parrot is not a bird.	bird	-3.314972162246704	neg	aff
A pigeon is a bird.	bird	-4.5066118240356445	aff	aff
A pigeon is a tree.	tree	-6.0321807861328125	aff	neg
A pigeon is not a tree.	tree	-5.194276332855225	neg	neg
A pigeon is not a bird.	bird	-4.0673956871032715	neg	aff
A hummingbird is a bird.	bird	-3.4119577407836914	aff	aff
A hummingbird is an insect.	insect	-3.3049659729003906	aff	neg
A hummingbird is not an insect.	insect	-3.4804060459136963	neg	neg
A hummingbird is not a bird.	bird	-3.283682346343994	neg	aff
A starling is a bird.	bird	-3.7283895015716553	aff	aff
A starling is a relative.	relative	-5.6308746337890625	aff	neg
A starling is not a relative.	relative	-5.592112064361572	neg	neg
A starling is not a bird.	bird	-4.096957683563232	neg	aff
A woodpecker is a bird.	bird	-3.0390257835388184	aff	aff
A woodpecker is a metal.	metal	-4.092376708984375	aff	neg
A woodpecker is not a metal.	metal	-4.044149398803711	neg	neg
A woodpecker is not a bird.	bird	-3.0304906368255615	neg	aff
A vulture is a bird.	bird	-3.865420341491699	aff	aff
A vulture is a flower.	flower	-5.239870071411133	aff	neg
A vulture is not a flower.	flower	-4.4916839599609375	neg	neg
A vulture is not a bird.	bird	-3.5734970569610596	neg	aff
A swallow is a bird.	bird	-3.836503267288208	aff	aff
A swallow is a furniture.	furniture	-6.946287631988525	aff	neg
A swallow is not a furniture.	furniture	-6.062312602996826	neg	neg
A swallow is not a bird.	bird	-4.077517509460449	neg	aff
A chicken is a bird.	bird	-4.671522617340088	aff	aff
A chicken is a city.	city	-5.945752143859863	aff	neg
A chicken is not a city.	city	-5.505947113037109	neg	neg
A chicken is not a bird.	bird	-4.055668830871582	neg	aff
A dove is a bird.	bird	-3.657503604888916	aff	aff
A dove is a relative.	relative	-5.786100387573242	aff	neg
A dove is not a relative.	relative	-5.349307060241699	neg	neg
A dove is not a bird.	bird	-3.782989978790283	neg	aff
A duck is a bird.	bird	-4.319154262542725	aff	aff
A duck is a disease.	disease	-6.2490925788879395	aff	neg
A duck is not a disease.	disease	-5.505260467529297	neg	neg
A duck is not a bird.	bird	-3.8923559188842773	neg	aff
An owl is a bird.	bird	-3.6730682849884033	aff	aff
An owl is a disease.	disease	-5.481845855712891	aff	neg
An owl is not a disease.	disease	-5.086820602416992	neg	neg
An owl is not a bird.	bird	-3.4250712394714355	neg	aff
A redbird is a bird.	bird	-3.6657631397247314	aff	aff
A redbird is a country.	country	-5.197822093963623	aff	neg
A redbird is not a country.	country	-4.663387298583984	neg	neg
A redbird is not a bird.	bird	-3.408515214920044	neg	aff
A thrush is a bird.	bird	-3.7675082683563232	aff	aff
A thrush is a color.	color	-4.957221984863281	aff	neg
A thrush is not a color.	color	-4.898931503295898	neg	neg
A thrush is not a bird.	bird	-3.8798792362213135	neg	aff
A falcon is a bird.	bird	-3.808258056640625	aff	aff
A falcon is a relative.	relative	-5.497922420501709	aff	neg
A falcon is not a relative.	relative	-5.21133279800415	neg	neg
A falcon is not a bird.	bird	-3.667614698410034	neg	aff
A jay is a bird.	bird	-3.9263014793395996	aff	aff
A jay is a fish.	fish	-5.264077186584473	aff	neg
A jay is not a fish.	fish	-4.729160308837891	neg	neg
A jay is not a bird.	bird	-3.8803870677948	neg	aff
A pheasant is a bird.	bird	-3.0596418380737305	aff	aff
A pheasant is a fish.	fish	-4.513920307159424	aff	neg
A pheasant is not a fish.	fish	-4.013650894165039	neg	neg
A pheasant is not a bird.	bird	-3.299436330795288	neg	aff
A finch is a bird.	bird	-3.811394453048706	aff	aff
A finch is a vehicle.	vehicle	-6.59235143661499	aff	neg
A finch is not a vehicle.	vehicle	-6.101585865020752	neg	neg
A finch is not a bird.	bird	-4.506064414978027	neg	aff
A mockingbird is a bird.	bird	-3.6148927211761475	aff	aff
A mockingbird is a snake.	snake	-5.269229888916016	aff	neg
A mockingbird is not a snake.	snake	-4.54813289642334	neg	neg
A mockingbird is not a bird.	bird	-3.5253477096557617	neg	aff
A buzzard is a bird.	bird	-4.300827503204346	aff	aff
A buzzard is a metal.	metal	-6.140833854675293	aff	neg
A buzzard is not a metal.	metal	-5.646860599517822	neg	neg
A buzzard is not a bird.	bird	-4.323552131652832	neg	aff
An ostrich is a bird.	bird	-2.8089561462402344	aff	aff
An ostrich is a color.	color	-4.750887870788574	aff	neg
An ostrich is not a color.	color	-4.252484321594238	neg	neg
An ostrich is not a bird.	bird	-3.0474767684936523	neg	aff
A flamingo is a bird.	bird	-3.800034999847412	aff	aff
A flamingo is a relative.	relative	-5.716265678405762	aff	neg
A flamingo is not a relative.	relative	-5.761570930480957	neg	neg
A flamingo is not a bird.	bird	-4.511826515197754	neg	aff
A lark is a bird.	bird	-3.394817352294922	aff	aff
A lark is a fruit.	fruit	-4.635917663574219	aff	neg
A lark is not a fruit.	fruit	-4.509496688842773	neg	neg
A lark is not a bird.	bird	-3.4540796279907227	neg	aff
A peacock is a bird.	bird	-3.4228696823120117	aff	aff
A peacock is a sport.	sport	-4.826809883117676	aff	neg
A peacock is not a sport.	sport	-5.214114665985107	neg	neg
A peacock is not a bird.	bird	-3.807459592819214	neg	aff
A turkey is a bird.	bird	-3.9802772998809814	aff	aff
A turkey is an animal.	animal	-4.264324188232422	aff	neg
A turkey is not an animal.	animal	-4.356677055358887	neg	neg
A turkey is not a bird.	bird	-4.0022172927856445	neg	aff
A penguin is a bird.	bird	-3.58579421043396	aff	aff
A penguin is a city.	city	-4.765112400054932	aff	neg
A penguin is not a city.	city	-4.314918518066406	neg	neg
A penguin is not a bird.	bird	-3.2762277126312256	neg	aff
A raven is a bird.	bird	-3.728209972381592	aff	aff
A raven is a snake.	snake	-4.806571960449219	aff	neg
A raven is not a snake.	snake	-4.016721248626709	neg	neg
A raven is not a bird.	bird	-3.4406769275665283	neg	aff
A swan is a bird.	bird	-3.095309257507324	aff	aff
A swan is a country.	country	-4.59260892868042	aff	neg
A swan is not a country.	country	-4.1577582359313965	neg	neg
A swan is not a bird.	bird	-3.2172021865844727	neg	aff
A crane is a bird.	bird	-5.77506685256958	aff	aff
A crane is an animal.	animal	-4.9815897941589355	aff	neg
A crane is not an animal.	animal	-4.749942779541016	neg	neg
A crane is not a bird.	bird	-4.9558329582214355	neg	aff
A geese is a bird.	bird	-4.400637149810791	aff	aff
A geese is a vehicle.	vehicle	-5.9851226806640625	aff	neg
A geese is not a vehicle.	vehicle	-5.070955753326416	neg	neg
A geese is not a bird.	bird	-4.0091071128845215	neg	aff
A chickadee is a bird.	bird	-3.179314136505127	aff	aff
A chickadee is a vegetable.	vegetable	-4.99213171005249	aff	neg
A chickadee is not a vegetable.	vegetable	-4.73427152633667	neg	neg
A chickadee is not a bird.	bird	-3.587388038635254	neg	aff
A pelican is a bird.	bird	-4.236833572387695	aff	aff
A pelican is a metal.	metal	-6.193747520446777	aff	neg
A pelican is not a metal.	metal	-5.913060665130615	neg	neg
A pelican is not a bird.	bird	-4.547623634338379	neg	aff
A stork is a bird.	bird	-3.4467437267303467	aff	aff
A stork is a relative.	relative	-5.317930698394775	aff	neg
A stork is not a relative.	relative	-4.951818943023682	neg	neg
A stork is not a bird.	bird	-3.4731340408325195	neg	aff
A warbler is a bird.	bird	-4.122066497802734	aff	aff
A warbler is a weapon.	weapon	-6.163013458251953	aff	neg
A warbler is not a weapon.	weapon	-5.171184062957764	neg	neg
A warbler is not a bird.	bird	-4.134997844696045	neg	aff
A car is a vehicle.	vehicle	-4.15071439743042	aff	aff
A car is a crime.	crime	-5.495127201080322	aff	neg
A car is not a crime.	crime	-4.716143608093262	neg	neg
A car is not a vehicle.	vehicle	-3.59793758392334	neg	aff
A bus is a vehicle.	vehicle	-4.666323184967041	aff	aff
A bus is a state.	state	-6.048513889312744	aff	neg
A bus is not a state.	state	-5.006171226501465	neg	neg
A bus is not a vehicle.	vehicle	-3.7705581188201904	neg	aff
An airplane is a vehicle.	vehicle	-4.839244365692139	aff	aff
An airplane is a sport.	sport	-5.053592205047607	aff	neg
An airplane is not a sport.	sport	-4.650476455688477	neg	neg
An airplane is not a vehicle.	vehicle	-3.969856023788452	neg	aff
A train is a vehicle.	vehicle	-4.984808444976807	aff	aff
A train is a profession.	profession	-5.893008232116699	aff	neg
A train is not a profession.	profession	-5.120232582092285	neg	neg
A train is not a vehicle.	vehicle	-3.8768973350524902	neg	aff
A truck is a vehicle.	vehicle	-4.695736885070801	aff	aff
A truck is a profession.	profession	-5.396097183227539	aff	neg
A truck is not a profession.	profession	-4.5367608070373535	neg	neg
A truck is not a vehicle.	vehicle	-3.399365186691284	neg	aff
A bicycle is a vehicle.	vehicle	-4.367214679718018	aff	aff
A bicycle is a vegetable.	vegetable	-5.6549506187438965	aff	neg
A bicycle is not a vegetable.	vegetable	-4.514311790466309	neg	neg
A bicycle is not a vehicle.	vehicle	-3.7315526008605957	neg	aff
A motorcycle is a vehicle.	vehicle	-4.849467754364014	aff	aff
A motorcycle is a furniture.	furniture	-6.432906627655029	aff	neg
A motorcycle is not a furniture.	furniture	-5.410696983337402	neg	neg
A motorcycle is not a vehicle.	vehicle	-4.068265438079834	neg	aff
A boat is a vehicle.	vehicle	-5.115830898284912	aff	aff
A boat is an insect.	insect	-5.143073558807373	aff	neg
A boat is not an insect.	insect	-4.673877716064453	neg	neg
A boat is not a vehicle.	vehicle	-4.240251064300537	neg	aff
A scooter is a vehicle.	vehicle	-5.01735258102417	aff	aff
A scooter is a state.	state	-7.096687316894531	aff	neg
A scooter is not a state.	state	-6.067800521850586	neg	neg
A scooter is not a vehicle.	vehicle	-4.447077751159668	neg	aff
A wagon is a vehicle.	vehicle	-4.961388111114502	aff	aff
A wagon is a bird.	bird	-6.012080669403076	aff	neg
A wagon is not a bird.	bird	-5.019829273223877	neg	neg
A wagon is not a vehicle.	vehicle	-4.239439010620117	neg	aff
A bike is a vehicle.	vehicle	-4.887639045715332	aff	aff
A bike is a tree.	tree	-6.2478413581848145	aff	neg
A bike is not a tree.	tree	-4.984455108642578	neg	neg
A bike is not a vehicle.	vehicle	-4.022747993469238	neg	aff
A ship is a vehicle.	vehicle	-4.979493141174316	aff	aff
A ship is a fish.	fish	-5.12243127822876	aff	neg
A ship is not a fish.	fish	-4.396526336669922	neg	neg
A ship is not a vehicle.	vehicle	-4.0537824630737305	neg	aff
A tricycle is a vehicle.	vehicle	-4.152332305908203	aff	aff
A tricycle is a profession.	profession	-5.079787731170654	aff	neg
A tricycle is not a profession.	profession	-4.759589672088623	neg	neg
A tricycle is not a vehicle.	vehicle	-3.699631929397583	neg	aff
A tractor is a vehicle.	vehicle	-5.003501892089844	aff	aff
A tractor is a furniture.	furniture	-6.5872063636779785	aff	neg
A tractor is not a furniture.	furniture	-5.461856842041016	neg	neg
A tractor is not a vehicle.	vehicle	-4.24308967590332	neg	aff
A taxi is a vehicle.	vehicle	-5.359032154083252	aff	aff
A taxi is a profession.	profession	-5.14837121963501	aff	neg
A taxi is not a profession.	profession	-5.142416000366211	neg	neg
A taxi is not a vehicle.	vehicle	-4.463537216186523	neg	aff
A cart is a vehicle.	vehicle	-4.638194561004639	aff	aff
A cart is an insect.	insect	-5.710316181182861	aff	neg
A cart is not an insect.	insect	-4.77428674697876	neg	neg
A cart is not a vehicle.	vehicle	-4.074195384979248	neg	aff
A jeep is a vehicle.	vehicle	-5.3187479972839355	aff	aff
A jeep is a flower.	flower	-6.96776819229126	aff	neg
A jeep is not a flower.	flower	-5.640750885009766	neg	neg
A jeep is not a vehicle.	vehicle	-4.5127387046813965	neg	aff
A jet is a vehicle.	vehicle	-5.2565741539001465	aff	aff
A jet is a color.	color	-6.502923488616943	aff	neg
A jet is not a color.	color	-5.731934547424316	neg	neg
A jet is not a vehicle.	vehicle	-4.5899786949157715	neg	aff
A streetcar is a vehicle.	vehicle	-4.671386241912842	aff	aff
A streetcar is an insect.	insect	-5.723291397094727	aff	neg
A streetcar is not an insect.	insect	-4.87166166305542	neg	neg
A streetcar is not a vehicle.	vehicle	-4.1724066734313965	neg	aff
A trailer is a vehicle.	vehicle	-5.091129302978516	aff	aff
A trailer is a flower.	flower	-7.070865154266357	aff	neg
A trailer is not a flower.	flower	-5.289608001708984	neg	neg
A trailer is not a vehicle.	vehicle	-3.9533400535583496	neg	aff
A skates is a vehicle.	vehicle	-5.637246608734131	aff	aff
A skates is a profession.	profession	-5.911971092224121	aff	neg
A skates is not a profession.	profession	-5.6305251121521	neg	neg
A skates is not a vehicle.	vehicle	-4.997228622436523	neg	aff
A cab is a vehicle.	vehicle	-4.787817478179932	aff	aff
A cab is a furniture.	furniture	-6.196696758270264	aff	neg
A cab is not a furniture.	furniture	-5.351563930511475	neg	neg
A cab is not a vehicle.	vehicle	-4.4425578117370605	neg	aff
A helicopter is a vehicle.	vehicle	-5.5142645835876465	aff	aff
A helicopter is a vegetable.	vegetable	-7.035794258117676	aff	neg
A helicopter is not a vegetable.	vegetable	-5.478991508483887	neg	neg
A helicopter is not a vehicle.	vehicle	-4.505946159362793	neg	aff
A subway is a vehicle.	vehicle	-5.340608596801758	aff	aff
A subway is a weapon.	weapon	-5.869323253631592	aff	neg
A subway is not a weapon.	weapon	-4.780806541442871	neg	neg
A subway is not a vehicle.	vehicle	-4.301562786102295	neg	aff
A motorbike is a vehicle.	vehicle	-4.268537998199463	aff	aff
A motorbike is a vegetable.	vegetable	-5.269809246063232	aff	neg
A motorbike is not a vegetable.	vegetable	-4.4994096755981445	neg	neg
A motorbike is not a vehicle.	vehicle	-3.83862042427063	neg	aff
A tank is a vehicle.	vehicle	-5.942266941070557	aff	aff
A tank is a furniture.	furniture	-6.753993988037109	aff	neg
A tank is not a furniture.	furniture	-5.624696254730225	neg	neg
A tank is not a vehicle.	vehicle	-4.634669303894043	neg	aff
A carriage is a vehicle.	vehicle	-4.770094871520996	aff	aff
A carriage is a color.	color	-6.088830947875977	aff	neg
A carriage is not a color.	color	-5.100235939025879	neg	neg
A carriage is not a vehicle.	vehicle	-4.02904748916626	neg	aff
A Honda is a vehicle.	vehicle	-5.597532272338867	aff	aff
A Honda is a furniture.	furniture	-7.47664737701416	aff	neg
A Honda is not a furniture.	furniture	-6.5550994873046875	neg	neg
A Honda is not a vehicle.	vehicle	-5.043192386627197	neg	aff
A horse is a vehicle.	vehicle	-5.17095422744751	aff	aff
A horse is a metal.	metal	-5.648236274719238	aff	neg
A horse is not a metal.	metal	-4.835963726043701	neg	neg
A horse is not a vehicle.	vehicle	-4.489215850830078	neg	aff
A feet is a vehicle.	vehicle	-7.390676975250244	aff	aff
A feet is a crime.	crime	-7.6495819091796875	aff	neg
A feet is not a crime.	crime	-6.7825140953063965	neg	neg
A feet is not a vehicle.	vehicle	-6.842700958251953	neg	aff
A sled is a vehicle.	vehicle	-5.013280391693115	aff	aff
A sled is a vegetable.	vegetable	-5.93793249130249	aff	neg
A sled is not a vegetable.	vegetable	-5.223546028137207	neg	neg
A sled is not a vehicle.	vehicle	-4.472698211669922	neg	aff
A cycle is a vehicle.	vehicle	-4.827118873596191	aff	aff
A cycle is a fruit.	fruit	-5.813263893127441	aff	neg
A cycle is not a fruit.	fruit	-4.8420562744140625	neg	neg
A cycle is not a vehicle.	vehicle	-4.1142897605896	neg	aff
A rocket is a vehicle.	vehicle	-4.965139865875244	aff	aff
A rocket is a metal.	metal	-6.34503698348999	aff	neg
A rocket is not a metal.	metal	-5.316071510314941	neg	neg
A rocket is not a vehicle.	vehicle	-4.6876983642578125	neg	aff
A van is a vehicle.	vehicle	-6.469535827636719	aff	aff
A van is an animal.	animal	-7.224215030670166	aff	neg
A van is not an animal.	animal	-5.766824722290039	neg	neg
A van is not a vehicle.	vehicle	-5.186990737915039	neg	aff
A doll is a toy.	toy	-4.428860664367676	aff	aff
A doll is an animal.	animal	-4.998788833618164	aff	neg
A doll is not an animal.	animal	-4.403857231140137	neg	neg
A doll is not a toy.	toy	-3.970816135406494	neg	aff
A ball is a toy.	toy	-5.319038391113281	aff	aff
A ball is a metal.	metal	-5.727008819580078	aff	neg
A ball is not a metal.	metal	-4.850284576416016	neg	neg
A ball is not a toy.	toy	-4.2108154296875	neg	aff
A car is a toy.	toy	-4.5367608070373535	aff	aff
A car is a city.	city	-5.490846157073975	aff	neg
A car is not a city.	city	-4.750809669494629	neg	neg
A car is not a toy.	toy	-3.8435850143432617	neg	aff
A gun is a toy.	toy	-5.407798767089844	aff	aff
A gun is a weapon.	weapon	-4.336985111236572	aff	neg
A gun is not a weapon.	weapon	-4.258096218109131	neg	neg
A gun is not a toy.	toy	-4.595706939697266	neg	aff
A truck is a toy.	toy	-5.429123878479004	aff	aff
A truck is a snake.	snake	-6.508824348449707	aff	neg
A truck is not a snake.	snake	-4.70821475982666	neg	neg
A truck is not a toy.	toy	-3.759953498840332	neg	aff
A train is a toy.	toy	-5.714854717254639	aff	aff
A train is a vehicle.	vehicle	-4.984808444976807	aff	neg
A train is not a vehicle.	vehicle	-3.8768973350524902	neg	neg
A train is not a toy.	toy	-4.346626281738281	neg	aff
A game is a toy.	toy	-6.083645343780518	aff	aff
A game is a relative.	relative	-6.268289566040039	aff	neg
A game is not a relative.	relative	-6.38031005859375	neg	neg
A game is not a toy.	toy	-4.847815990447998	neg	aff
A block is a toy.	toy	-5.111470699310303	aff	aff
A block is a flower.	flower	-5.536589622497559	aff	neg
A block is not a flower.	flower	-5.174993515014648	neg	neg
A block is not a toy.	toy	-4.589188575744629	neg	aff
A bat is a toy.	toy	-5.132843017578125	aff	aff
A bat is an insect.	insect	-3.9028854370117188	aff	neg
A bat is not an insect.	insect	-4.210193157196045	neg	neg
A bat is not a toy.	toy	-4.5171709060668945	neg	aff
A top is a toy.	toy	-6.329091548919678	aff	aff
A top is a tree.	tree	-5.881237506866455	aff	neg
A top is not a tree.	tree	-5.551634788513184	neg	neg
A top is not a toy.	toy	-5.310100078582764	neg	aff
A boat is a toy.	toy	-5.230529308319092	aff	aff
A boat is a relative.	relative	-5.8084869384765625	aff	neg
A boat is not a relative.	relative	-5.723660945892334	neg	neg
A boat is not a toy.	toy	-4.406108856201172	neg	aff
A dollhouse is a toy.	toy	-4.659720420837402	aff	aff
A dollhouse is a tree.	tree	-5.477447509765625	aff	neg
A dollhouse is not a tree.	tree	-4.609106063842773	neg	neg
A dollhouse is not a toy.	toy	-3.8933043479919434	neg	aff
A wagon is a toy.	toy	-6.014754772186279	aff	aff
A wagon is a furniture.	furniture	-6.079407691955566	aff	neg
A wagon is not a furniture.	furniture	-5.213777542114258	neg	neg
A wagon is not a toy.	toy	-4.507808208465576	neg	aff
A bike is a toy.	toy	-5.113305568695068	aff	aff
A bike is an animal.	animal	-5.312381744384766	aff	neg
A bike is not an animal.	animal	-4.556464672088623	neg	neg
A bike is not a toy.	toy	-4.090653896331787	neg	aff
A jacks is a toy.	toy	-6.229682922363281	aff	aff
A jacks is an insect.	insect	-6.027346611022949	aff	neg
A jacks is not an insect.	insect	-5.4855523109436035	neg	neg
A jacks is not a toy.	toy	-5.139018535614014	neg	aff
A puzzle is a toy.	toy	-5.243783473968506	aff	aff
A puzzle is a tree.	tree	-5.401535511016846	aff	neg
A puzzle is not a tree.	tree	-5.318568706512451	neg	neg
A puzzle is not a toy.	toy	-4.587182521820068	neg	aff
A rattle is a toy.	toy	-4.7310638427734375	aff	aff
A rattle is a vehicle.	vehicle	-5.236397743225098	aff	neg
A rattle is not a vehicle.	vehicle	-4.826479434967041	neg	neg
A rattle is not a toy.	toy	-4.165250778198242	neg	aff
A bicycle is a toy.	toy	-5.037097454071045	aff	aff
A bicycle is an animal.	animal	-4.813851356506348	aff	neg
A bicycle is not an animal.	animal	-4.21245813369751	neg	neg
A bicycle is not a toy.	toy	-3.778437376022339	neg	aff
A tricycle is a toy.	toy	-5.169090270996094	aff	aff
A tricycle is a vegetable.	vegetable	-5.740307807922363	aff	neg
A tricycle is not a vegetable.	vegetable	-4.603512763977051	neg	neg
A tricycle is not a toy.	toy	-3.910949945449829	neg	aff
A balloon is a toy.	toy	-5.388091564178467	aff	aff
A balloon is a snake.	snake	-5.666957378387451	aff	neg
A balloon is not a snake.	snake	-5.250161647796631	neg	neg
A balloon is not a toy.	toy	-4.56505012512207	neg	aff
A YoYo is a toy.	toy	-5.270816802978516	aff	aff
A YoYo is a crime.	crime	-6.345980644226074	aff	neg
A YoYo is not a crime.	crime	-5.62034797668457	neg	neg
A YoYo is not a toy.	toy	-4.426398277282715	neg	aff
A marbles is a toy.	toy	-4.978514671325684	aff	aff
A marbles is a furniture.	furniture	-5.512557029724121	aff	neg
A marbles is not a furniture.	furniture	-5.263596534729004	neg	neg
A marbles is not a toy.	toy	-4.330359935760498	neg	aff
A rope is a toy.	toy	-5.838983058929443	aff	aff
A rope is an insect.	insect	-6.068868160247803	aff	neg
A rope is not an insect.	insect	-4.641998291015625	neg	neg
A rope is not a toy.	toy	-4.494955062866211	neg	aff
A horse is a toy.	toy	-5.169078350067139	aff	aff
A horse is a fish.	fish	-5.702439785003662	aff	neg
A horse is not a fish.	fish	-4.592903137207031	neg	neg
A horse is not a toy.	toy	-4.408094882965088	neg	aff
A skates is a toy.	toy	-5.738478660583496	aff	aff
A skates is a city.	city	-6.495830535888672	aff	neg
A skates is not a city.	city	-5.863485813140869	neg	neg
A skates is not a toy.	toy	-4.923961639404297	neg	aff
A animals is a toy.	toy	-6.627930641174316	aff	aff
A animals is a fish.	fish	-6.07819938659668	aff	neg
A animals is not a fish.	fish	-5.571740627288818	neg	neg
A animals is not a toy.	toy	-5.777121543884277	neg	aff
A books is a toy.	toy	-6.112241744995117	aff	aff
A books is a weapon.	weapon	-7.119248390197754	aff	neg
A books is not a weapon.	weapon	-5.762164115905762	neg	neg
A books is not a toy.	toy	-5.545522689819336	neg	aff
A dishes is a toy.	toy	-7.465368747711182	aff	aff
A dishes is a profession.	profession	-7.380476474761963	aff	neg
A dishes is not a profession.	profession	-6.320854187011719	neg	neg
A dishes is not a toy.	toy	-6.230990409851074	neg	aff
A drum is a toy.	toy	-5.224057674407959	aff	aff
A drum is a vegetable.	vegetable	-5.715402126312256	aff	neg
A drum is not a vegetable.	vegetable	-4.795273780822754	neg	neg
A drum is not a toy.	toy	-4.339473247528076	neg	aff
A fire is a toy.	toy	-5.739198207855225	aff	aff
A fire is a profession.	profession	-5.6057448387146	aff	neg
A fire is not a profession.	profession	-5.143305778503418	neg	neg
A fire is not a toy.	toy	-4.9488067626953125	neg	aff
An engine is a toy.	toy	-5.130908966064453	aff	aff
An engine is an insect.	insect	-5.189404487609863	aff	neg
An engine is not an insect.	insect	-4.720558166503906	neg	neg
An engine is not a toy.	toy	-4.405884742736816	neg	aff
A football is a toy.	toy	-5.122691631317139	aff	aff
A football is a snake.	snake	-6.175196170806885	aff	neg
A football is not a snake.	snake	-4.8541107177734375	neg	neg
A football is not a toy.	toy	-3.937415599822998	neg	aff
A cards is a toy.	toy	-7.677459716796875	aff	aff
A cards is a fish.	fish	-6.4471940994262695	aff	neg
A cards is not a fish.	fish	-6.128822326660156	neg	neg
A cards is not a toy.	toy	-5.995711326599121	neg	aff
A crayons is a toy.	toy	-4.906177043914795	aff	aff
A crayons is a fruit.	fruit	-5.11910343170166	aff	neg
A crayons is not a fruit.	fruit	-4.7237091064453125	neg	neg
A crayons is not a toy.	toy	-4.4310197830200195	neg	aff
A Monopoly is a toy.	toy	-6.407352447509766	aff	aff
A Monopoly is a snake.	snake	-6.523141860961914	aff	neg
A Monopoly is not a snake.	snake	-5.548150539398193	neg	neg
A Monopoly is not a toy.	toy	-5.256175518035889	neg	aff
A tractor is a toy.	toy	-5.84795618057251	aff	aff
A tractor is a fish.	fish	-6.493211269378662	aff	neg
A tractor is not a fish.	fish	-5.105214595794678	neg	neg
A tractor is not a toy.	toy	-4.468414783477783	neg	aff
A baseball is a toy.	toy	-5.0871758460998535	aff	aff
A baseball is an animal.	animal	-5.488955020904541	aff	neg
A baseball is not an animal.	animal	-4.604892730712891	neg	neg
A baseball is not a toy.	toy	-4.102946758270264	neg	aff
A glove is a toy.	toy	-6.067447662353516	aff	aff
A glove is a relative.	relative	-7.15643310546875	aff	neg
A glove is not a relative.	relative	-6.329992294311523	neg	neg
A glove is not a toy.	toy	-4.957017421722412	neg	aff
A swing is a toy.	toy	-4.91842794418335	aff	aff
A swing is a crime.	crime	-6.6968560218811035	aff	neg
A swing is not a crime.	crime	-5.905667304992676	neg	neg
A swing is not a toy.	toy	-4.4513092041015625	neg	aff
A carrot is a vegetable.	vegetable	-4.137172698974609	aff	aff
A carrot is an animal.	animal	-4.901383876800537	aff	neg
A carrot is not an animal.	animal	-4.507636070251465	neg	neg
A carrot is not a vegetable.	vegetable	-4.071232795715332	neg	aff
A pea is a vegetable.	vegetable	-5.152236461639404	aff	aff
A pea is a fish.	fish	-6.241013526916504	aff	neg
A pea is not a fish.	fish	-5.53926420211792	neg	neg
A pea is not a vegetable.	vegetable	-4.976053237915039	neg	aff
A corn is a vegetable.	vegetable	-5.388711452484131	aff	aff
A corn is a color.	color	-6.634408473968506	aff	neg
A corn is not a color.	color	-5.545290946960449	neg	neg
A corn is not a vegetable.	vegetable	-4.797762870788574	neg	aff
A bean is a vegetable.	vegetable	-5.2718634605407715	aff	aff
A bean is a flower.	flower	-5.4431376457214355	aff	neg
A bean is not a flower.	flower	-4.933539390563965	neg	neg
A bean is not a vegetable.	vegetable	-4.717461585998535	neg	aff
A potato is a vegetable.	vegetable	-4.422252655029297	aff	aff
A potato is a furniture.	furniture	-6.795779705047607	aff	neg
A potato is not a furniture.	furniture	-6.1302809715271	neg	neg
A potato is not a vegetable.	vegetable	-4.189517974853516	neg	aff
A tomato is a vegetable.	vegetable	-4.492391109466553	aff	aff
A tomato is a state.	state	-6.156890869140625	aff	neg
A tomato is not a state.	state	-5.375868797302246	neg	neg
A tomato is not a vegetable.	vegetable	-4.129993915557861	neg	aff
A lettuce is a vegetable.	vegetable	-5.029857158660889	aff	aff
A lettuce is a toy.	toy	-7.246764659881592	aff	neg
A lettuce is not a toy.	toy	-6.01820182800293	neg	neg
A lettuce is not a vegetable.	vegetable	-4.958043575286865	neg	aff
A spinach is a vegetable.	vegetable	-4.555022716522217	aff	aff
A spinach is a country.	country	-6.100526809692383	aff	neg
A spinach is not a country.	country	-5.6877360343933105	neg	neg
A spinach is not a vegetable.	vegetable	-4.458597183227539	neg	aff
An asparagus is a vegetable.	vegetable	-3.958796977996826	aff	aff
An asparagus is a disease.	disease	-5.443313121795654	aff	neg
An asparagus is not a disease.	disease	-5.0481157302856445	neg	neg
An asparagus is not a vegetable.	vegetable	-4.031806468963623	neg	aff
A broccoli is a vegetable.	vegetable	-4.597829818725586	aff	aff
A broccoli is a state.	state	-6.91226053237915	aff	neg
A broccoli is not a state.	state	-6.099444389343262	neg	neg
A broccoli is not a vegetable.	vegetable	-4.594067573547363	neg	aff
A celery is a vegetable.	vegetable	-4.896777153015137	aff	aff
A celery is a flower.	flower	-5.807374477386475	aff	neg
A celery is not a flower.	flower	-5.081155300140381	neg	neg
A celery is not a vegetable.	vegetable	-4.501896858215332	neg	aff
A cabbage is a vegetable.	vegetable	-4.539879322052002	aff	aff
A cabbage is a sport.	sport	-6.854770660400391	aff	neg
A cabbage is not a sport.	sport	-5.688035488128662	neg	neg
A cabbage is not a vegetable.	vegetable	-4.402049541473389	neg	aff
A string beans is a vegetable.	vegetable	-6.318414688110352	aff	aff
A string beans is a bird.	bird	-6.9653449058532715	aff	neg
A string beans is not a bird.	bird	-6.367951393127441	neg	neg
A string beans is not a vegetable.	vegetable	-5.886965751647949	neg	aff
A cauliflower is a vegetable.	vegetable	-4.602749347686768	aff	aff
A cauliflower is a metal.	metal	-6.879608154296875	aff	neg
A cauliflower is not a metal.	metal	-5.904590606689453	neg	neg
A cauliflower is not a vegetable.	vegetable	-4.6717963218688965	neg	aff
A beets is a vegetable.	vegetable	-4.940699577331543	aff	aff
A beets is a flower.	flower	-5.172308444976807	aff	neg
A beets is not a flower.	flower	-4.8728508949279785	neg	neg
A beets is not a vegetable.	vegetable	-4.665395736694336	neg	aff
A squash is a vegetable.	vegetable	-5.902262210845947	aff	aff
A squash is a relative.	relative	-6.8764328956604	aff	neg
A squash is not a relative.	relative	-6.339137077331543	neg	neg
A squash is not a vegetable.	vegetable	-5.387249946594238	neg	aff
An onion is a vegetable.	vegetable	-4.3152995109558105	aff	aff
An onion is a weapon.	weapon	-5.756625652313232	aff	neg
An onion is not a weapon.	weapon	-5.1820387840271	neg	neg
An onion is not a vegetable.	vegetable	-4.349189758300781	neg	aff
A radish is a vegetable.	vegetable	-3.3820807933807373	aff	aff
A radish is an insect.	insect	-4.789060115814209	aff	neg
A radish is not an insect.	insect	-4.435425281524658	neg	neg
A radish is not a vegetable.	vegetable	-3.615037202835083	neg	aff
A cucumber is a vegetable.	vegetable	-4.105737209320068	aff	aff
A cucumber is a metal.	metal	-6.250096797943115	aff	neg
A cucumber is not a metal.	metal	-5.563140392303467	neg	neg
A cucumber is not a vegetable.	vegetable	-4.169406414031982	neg	aff
A turnip is a vegetable.	vegetable	-3.934892177581787	aff	aff
A turnip is a color.	color	-5.395465850830078	aff	neg
A turnip is not a color.	color	-5.004210948944092	neg	neg
A turnip is not a vegetable.	vegetable	-4.121953964233398	neg	aff
A kale is a vegetable.	vegetable	-5.557070255279541	aff	aff
A kale is a profession.	profession	-7.267955780029297	aff	neg
A kale is not a profession.	profession	-6.4670515060424805	neg	neg
A kale is not a vegetable.	vegetable	-5.205783367156982	neg	aff
A parsley is a vegetable.	vegetable	-5.472269535064697	aff	aff
A parsley is a disease.	disease	-6.780242919921875	aff	neg
A parsley is not a disease.	disease	-6.107316493988037	neg	neg
A parsley is not a vegetable.	vegetable	-5.1493425369262695	neg	aff
A peppers is a vegetable.	vegetable	-5.548539638519287	aff	aff
A peppers is a metal.	metal	-6.925744533538818	aff	neg
A peppers is not a metal.	metal	-6.101672172546387	neg	neg
A peppers is not a vegetable.	vegetable	-5.193731307983398	neg	aff
A fly is an insect.	insect	-4.777839660644531	aff	aff
A fly is a country.	country	-5.720024108886719	aff	neg
A fly is not a country.	country	-5.355780601501465	neg	neg
A fly is not an insect.	insect	-4.092754364013672	neg	aff
An ant is an insect.	insect	-4.640360355377197	aff	aff
An ant is a fish.	fish	-5.439201354980469	aff	neg
An ant is not a fish.	fish	-4.773227691650391	neg	neg
An ant is not an insect.	insect	-4.2861528396606445	neg	aff
A bee is an insect.	insect	-4.290978908538818	aff	aff
A bee is a metal.	metal	-5.604198932647705	aff	neg
A bee is not a metal.	metal	-5.1391706466674805	neg	neg
A bee is not an insect.	insect	-3.6520590782165527	neg	aff
A mosquito is an insect.	insect	-4.481324672698975	aff	aff
A mosquito is a city.	city	-5.630848407745361	aff	neg
A mosquito is not a city.	city	-5.167947292327881	neg	neg
A mosquito is not an insect.	insect	-4.091069221496582	neg	aff
A spider is an insect.	insect	-4.185123443603516	aff	aff
A spider is a furniture.	furniture	-6.1414408683776855	aff	neg
A spider is not a furniture.	furniture	-5.426379203796387	neg	neg
A spider is not an insect.	insect	-3.637805461883545	neg	aff
A beetle is an insect.	insect	-5.035248756408691	aff	aff
A beetle is a vegetable.	vegetable	-5.955374717712402	aff	neg
A beetle is not a vegetable.	vegetable	-5.02201509475708	neg	neg
A beetle is not an insect.	insect	-4.3543195724487305	neg	aff
A roach is an insect.	insect	-4.148228645324707	aff	aff
A roach is a city.	city	-5.862893581390381	aff	neg
A roach is not a city.	city	-5.3343987464904785	neg	neg
A roach is not an insect.	insect	-4.2061357498168945	neg	aff
A wasp is an insect.	insect	-4.739058971405029	aff	aff
A wasp is a tree.	tree	-5.818095684051514	aff	neg
A wasp is not a tree.	tree	-5.196451187133789	neg	neg
A wasp is not an insect.	insect	-4.541924476623535	neg	aff
A grasshopper is an insect.	insect	-3.2755863666534424	aff	aff
A grasshopper is a fruit.	fruit	-4.561428070068359	aff	neg
A grasshopper is not a fruit.	fruit	-4.014858245849609	neg	neg
A grasshopper is not an insect.	insect	-3.1722772121429443	neg	aff
A ladybug is an insect.	insect	-4.074199676513672	aff	aff
A ladybug is a toy.	toy	-5.944249629974365	aff	neg
A ladybug is not a toy.	toy	-4.892486095428467	neg	neg
A ladybug is not an insect.	insect	-3.8241446018218994	neg	aff
A gnat is an insect.	insect	-3.6695284843444824	aff	aff
A gnat is a fruit.	fruit	-5.445426940917969	aff	neg
A gnat is not a fruit.	fruit	-4.874269962310791	neg	neg
A gnat is not an insect.	insect	-4.046565532684326	neg	aff
A moth is an insect.	insect	-4.268857002258301	aff	aff
A moth is a furniture.	furniture	-6.59914493560791	aff	neg
A moth is not a furniture.	furniture	-6.0709381103515625	neg	neg
A moth is not an insect.	insect	-4.262818336486816	neg	aff
A flea is an insect.	insect	-5.543564796447754	aff	aff
A flea is a fruit.	fruit	-6.4889092445373535	aff	neg
A flea is not a fruit.	fruit	-5.549144744873047	neg	neg
A flea is not an insect.	insect	-4.197588920593262	neg	aff
A butterfly is an insect.	insect	-4.67532205581665	aff	aff
A butterfly is a vehicle.	vehicle	-6.287960052490234	aff	neg
A butterfly is not a vehicle.	vehicle	-5.7790679931640625	neg	neg
A butterfly is not an insect.	insect	-4.085187911987305	neg	aff
A bug is an insect.	insect	-4.450194835662842	aff	aff
A bug is a city.	city	-5.092746734619141	aff	neg
A bug is not a city.	city	-5.366115093231201	neg	neg
A bug is not an insect.	insect	-4.102431297302246	neg	aff
A cockroach is an insect.	insect	-3.1330504417419434	aff	aff
A cockroach is a vegetable.	vegetable	-4.3523759841918945	aff	neg
A cockroach is not a vegetable.	vegetable	-3.9207050800323486	neg	neg
A cockroach is not an insect.	insect	-3.4325344562530518	neg	aff
A termite is an insect.	insect	-3.446903944015503	aff	aff
A termite is a crime.	crime	-5.707984924316406	aff	neg
A termite is not a crime.	crime	-4.6569085121154785	neg	neg
A termite is not an insect.	insect	-3.6220932006835938	neg	aff
A hornet is an insect.	insect	-3.9279708862304688	aff	aff
A hornet is a metal.	metal	-5.568501949310303	aff	neg
A hornet is not a metal.	metal	-4.967863082885742	neg	neg
A hornet is not an insect.	insect	-4.061291694641113	neg	aff
A cricket is an insect.	insect	-4.309514999389648	aff	aff
A cricket is a flower.	flower	-5.522423267364502	aff	neg
A cricket is not a flower.	flower	-4.753077983856201	neg	neg
A cricket is not an insect.	insect	-4.204140663146973	neg	aff
A caterpillar is an insect.	insect	-3.636289119720459	aff	aff
A caterpillar is a vegetable.	vegetable	-4.2611894607543945	aff	neg
A caterpillar is not a vegetable.	vegetable	-3.8521499633789062	neg	neg
A caterpillar is not an insect.	insect	-3.5255110263824463	neg	aff
A tick is an insect.	insect	-4.211907863616943	aff	aff
A tick is a crime.	crime	-6.473994731903076	aff	neg
A tick is not a crime.	crime	-5.550478935241699	neg	neg
A tick is not an insect.	insect	-4.259694576263428	neg	aff
A centipede is an insect.	insect	-3.1724040508270264	aff	aff
A centipede is a country.	country	-4.443232536315918	aff	neg
A centipede is not a country.	country	-4.0848002433776855	neg	neg
A centipede is not an insect.	insect	-3.500237464904785	neg	aff
A dragonfly is an insect.	insect	-4.048076629638672	aff	aff
A dragonfly is a country.	country	-5.66719913482666	aff	neg
A dragonfly is not a country.	country	-5.121294975280762	neg	neg
A dragonfly is not an insect.	insect	-3.8341660499572754	neg	aff
A silverfish is an insect.	insect	-4.162459373474121	aff	aff
A silverfish is a color.	color	-6.247028350830078	aff	neg
A silverfish is not a color.	color	-5.349352836608887	neg	neg
A silverfish is not an insect.	insect	-4.14121150970459	neg	aff
A worm is an insect.	insect	-4.399837017059326	aff	aff
A worm is a metal.	metal	-5.987493991851807	aff	neg
A worm is not a metal.	metal	-5.24338960647583	neg	neg
A worm is not an insect.	insect	-4.373563766479492	neg	aff
A locust is an insect.	insect	-3.640678882598877	aff	aff
A locust is a relative.	relative	-5.222389221191406	aff	neg
A locust is not a relative.	relative	-4.857815742492676	neg	neg
A locust is not an insect.	insect	-3.9275240898132324	neg	aff
A horsefly is an insect.	insect	-4.409369945526123	aff	aff
A horsefly is a city.	city	-6.524569511413574	aff	neg
A horsefly is not a city.	city	-6.1435465812683105	neg	neg
A horsefly is not an insect.	insect	-4.608424186706543	neg	aff
A rose is a flower.	flower	-3.5509674549102783	aff	aff
A rose is an insect.	insect	-5.2169318199157715	aff	neg
A rose is not an insect.	insect	-5.731846809387207	neg	neg
A rose is not a flower.	flower	-4.532042980194092	neg	aff
A lotus is a flower.	flower	-3.821275472640991	aff	aff
A lotus is a profession.	profession	-5.160408020019531	aff	neg
A lotus is not a profession.	profession	-5.339627265930176	neg	neg
A lotus is not a flower.	flower	-4.212252616882324	neg	aff
A carnation is a flower.	flower	-3.136531352996826	aff	aff
A carnation is a fruit.	fruit	-4.425543785095215	aff	neg
A carnation is not a fruit.	fruit	-4.176305770874023	neg	neg
A carnation is not a flower.	flower	-3.495070457458496	neg	aff
A daisy is a flower.	flower	-3.6885156631469727	aff	aff
A daisy is a vegetable.	vegetable	-4.666224479675293	aff	neg
A daisy is not a vegetable.	vegetable	-4.420346260070801	neg	neg
A daisy is not a flower.	flower	-3.7239198684692383	neg	aff
A violet is a flower.	flower	-5.158005237579346	aff	aff
A violet is a disease.	disease	-6.275714874267578	aff	neg
A violet is not a disease.	disease	-5.5213422775268555	neg	neg
A violet is not a flower.	flower	-4.603287696838379	neg	aff
A orchid is a flower.	flower	-4.3916544914245605	aff	aff
A orchid is a fish.	fish	-5.650723934173584	aff	neg
A orchid is not a fish.	fish	-4.997541427612305	neg	neg
A orchid is not a flower.	flower	-4.171224117279053	neg	aff
A chrysanthemum is a flower.	flower	-2.3598036766052246	aff	aff
A chrysanthemum is an animal.	animal	-3.204511880874634	aff	neg
A chrysanthemum is not an animal.	animal	-2.9408490657806396	neg	neg
A chrysanthemum is not a flower.	flower	-2.4951846599578857	neg	aff
A lily is a flower.	flower	-3.8094773292541504	aff	aff
A lily is an insect.	insect	-4.369558334350586	aff	neg
A lily is not an insect.	insect	-4.097012996673584	neg	neg
A lily is not a flower.	flower	-3.4469730854034424	neg	aff
A pansy is a flower.	flower	-4.658033847808838	aff	aff
A pansy is a vegetable.	vegetable	-5.1391825675964355	aff	neg
A pansy is not a vegetable.	vegetable	-4.946280479431152	neg	neg
A pansy is not a flower.	flower	-4.689418792724609	neg	aff
A petunia is a flower.	flower	-3.9269490242004395	aff	aff
A petunia is a vegetable.	vegetable	-4.486298561096191	aff	neg
A petunia is not a vegetable.	vegetable	-4.448261260986328	neg	neg
A petunia is not a flower.	flower	-4.071869850158691	neg	aff
A gardenia is a flower.	flower	-4.377431869506836	aff	aff
A gardenia is a disease.	disease	-5.634147644042969	aff	neg
A gardenia is not a disease.	disease	-5.31872034072876	neg	neg
A gardenia is not a flower.	flower	-4.455230236053467	neg	aff
A daffodil is a flower.	flower	-2.8505070209503174	aff	aff
A daffodil is an insect.	insect	-3.816659450531006	aff	neg
A daffodil is not an insect.	insect	-3.6986896991729736	neg	neg
A daffodil is not a flower.	flower	-3.045424699783325	neg	aff
A dandelion is a flower.	flower	-3.1956918239593506	aff	aff
A dandelion is a fruit.	fruit	-4.083507061004639	aff	neg
A dandelion is not a fruit.	fruit	-4.002122402191162	neg	neg
A dandelion is not a flower.	flower	-3.538541078567505	neg	aff
An iris is a flower.	flower	-4.048543453216553	aff	aff
An iris is a state.	state	-5.569442272186279	aff	neg
An iris is not a state.	state	-5.2254533767700195	neg	neg
An iris is not a flower.	flower	-3.731882095336914	neg	aff
A lilac is a flower.	flower	-4.008037567138672	aff	aff
A lilac is a fish.	fish	-5.795693874359131	aff	neg
A lilac is not a fish.	fish	-4.875569820404053	neg	neg
A lilac is not a flower.	flower	-3.805269718170166	neg	aff
A geranium is a flower.	flower	-4.15653657913208	aff	aff
A geranium is a disease.	disease	-5.114492416381836	aff	neg
A geranium is not a disease.	disease	-4.7847795486450195	neg	neg
A geranium is not a flower.	flower	-4.016961097717285	neg	aff
A peony is a flower.	flower	-3.927586317062378	aff	aff
A peony is a vehicle.	vehicle	-5.377496242523193	aff	neg
A peony is not a vehicle.	vehicle	-4.8466010093688965	neg	neg
A peony is not a flower.	flower	-3.7684242725372314	neg	aff
A sunflower is a flower.	flower	-4.281206130981445	aff	aff
A sunflower is a tree.	tree	-4.613152503967285	aff	neg
A sunflower is not a tree.	tree	-4.186995506286621	neg	neg
A sunflower is not a flower.	flower	-3.9422075748443604	neg	aff
An azalea is a flower.	flower	-3.2275888919830322	aff	aff
An azalea is a state.	state	-4.39786958694458	aff	neg
An azalea is not a state.	state	-4.264134407043457	neg	neg
An azalea is not a flower.	flower	-3.288482189178467	neg	aff
A gladiola is a flower.	flower	-3.69096040725708	aff	aff
A gladiola is a relative.	relative	-4.797057151794434	aff	neg
A gladiola is not a relative.	relative	-4.92119836807251	neg	neg
A gladiola is not a flower.	flower	-3.8524045944213867	neg	aff
A tulip is a flower.	flower	-3.2941179275512695	aff	aff
A tulip is a tree.	tree	-4.273352146148682	aff	neg
A tulip is not a tree.	tree	-3.850938081741333	neg	neg
A tulip is not a flower.	flower	-3.5859055519104004	neg	aff
A snapdragon is a flower.	flower	-4.122756481170654	aff	aff
A snapdragon is a fish.	fish	-5.536595344543457	aff	neg
A snapdragon is not a fish.	fish	-4.763296604156494	neg	neg
A snapdragon is not a flower.	flower	-4.154361724853516	neg	aff
A poppy is a flower.	flower	-3.206132411956787	aff	aff
A poppy is a toy.	toy	-5.116818904876709	aff	neg
A poppy is not a toy.	toy	-4.114438533782959	neg	neg
A poppy is not a flower.	flower	-3.345860242843628	neg	aff
A zinnia is a flower.	flower	-3.33986759185791	aff	aff
A zinnia is an animal.	animal	-4.627790927886963	aff	neg
A zinnia is not an animal.	animal	-4.104406833648682	neg	neg
A zinnia is not a flower.	flower	-3.4117040634155273	neg	aff
A jonquil is a flower.	flower	-5.0431413650512695	aff	aff
A jonquil is a furniture.	furniture	-7.019105434417725	aff	neg
A jonquil is not a furniture.	furniture	-6.208345890045166	neg	neg
A jonquil is not a flower.	flower	-4.85090446472168	neg	aff
A buttercup is a flower.	flower	-4.20851993560791	aff	aff
A buttercup is a crime.	crime	-5.489513397216797	aff	neg
A buttercup is not a crime.	crime	-5.126774787902832	neg	neg
A buttercup is not a flower.	flower	-4.1964335441589355	neg	aff
A marigold is a flower.	flower	-4.053560256958008	aff	aff
A marigold is an animal.	animal	-5.252286911010742	aff	neg
A marigold is not an animal.	animal	-5.027224540710449	neg	neg
A marigold is not a flower.	flower	-4.013116836547852	neg	aff
A magnolia is a flower.	flower	-4.30511474609375	aff	aff
A magnolia is a bird.	bird	-4.671220779418945	aff	neg
A magnolia is not a bird.	bird	-4.394005298614502	neg	neg
A magnolia is not a flower.	flower	-4.184350967407227	neg	aff
An aster is a flower.	flower	-5.253738880157471	aff	aff
An aster is a weapon.	weapon	-6.148601531982422	aff	neg
An aster is not a weapon.	weapon	-5.598751068115234	neg	neg
An aster is not a flower.	flower	-4.9460248947143555	neg	aff
A hyacinth is a flower.	flower	-3.2522504329681396	aff	aff
A hyacinth is a bird.	bird	-4.200665473937988	aff	neg
A hyacinth is not a bird.	bird	-4.15986442565918	neg	neg
A hyacinth is not a flower.	flower	-3.5866150856018066	neg	aff
A camellia is a flower.	flower	-3.676874876022339	aff	aff
A camellia is a weapon.	weapon	-5.321099758148193	aff	neg
A camellia is not a weapon.	weapon	-4.748223304748535	neg	neg
A camellia is not a flower.	flower	-3.6989710330963135	neg	aff
A cancer is a disease.	disease	-4.275837421417236	aff	aff
A cancer is an animal.	animal	-6.354019641876221	aff	neg
A cancer is not an animal.	animal	-4.8829803466796875	neg	neg
A cancer is not a disease.	disease	-3.8953943252563477	neg	aff
A tuberculosis is a disease.	disease	-5.35322380065918	aff	aff
A tuberculosis is a vegetable.	vegetable	-7.729861736297607	aff	neg
A tuberculosis is not a vegetable.	vegetable	-6.037347316741943	neg	neg
A tuberculosis is not a disease.	disease	-4.950048446655273	neg	aff
A measles is a disease.	disease	-6.110854625701904	aff	aff
A measles is a color.	color	-8.291422843933105	aff	neg
A measles is not a color.	color	-6.792014122009277	neg	neg
A measles is not a disease.	disease	-5.409324645996094	neg	aff
A polio is a disease.	disease	-4.847184181213379	aff	aff
A polio is an insect.	insect	-6.544684886932373	aff	neg
A polio is not an insect.	insect	-5.348174095153809	neg	neg
A polio is not a disease.	disease	-4.648183822631836	neg	aff
A mumps is a disease.	disease	-4.714425563812256	aff	aff
A mumps is a city.	city	-6.597779273986816	aff	neg
A mumps is not a city.	city	-6.008768081665039	neg	neg
A mumps is not a disease.	disease	-4.243078708648682	neg	aff
A cold is a disease.	disease	-4.638797283172607	aff	aff
A cold is an insect.	insect	-5.9411234855651855	aff	neg
A cold is not an insect.	insect	-4.889723300933838	neg	neg
A cold is not a disease.	disease	-3.881117343902588	neg	aff
A smallpox is a disease.	disease	-4.12490701675415	aff	aff
A smallpox is a state.	state	-5.350484848022461	aff	neg
A smallpox is not a state.	state	-5.175312519073486	neg	neg
A smallpox is not a disease.	disease	-4.1693339347839355	neg	aff
A leukemia is a disease.	disease	-5.4208197593688965	aff	aff
A leukemia is a crime.	crime	-7.399201393127441	aff	neg
A leukemia is not a crime.	crime	-6.021512508392334	neg	neg
A leukemia is not a disease.	disease	-4.915012359619141	neg	aff
A mononucleosis is a disease.	disease	-3.193725347518921	aff	aff
A mononucleosis is a country.	country	-4.372181415557861	aff	neg
A mononucleosis is not a country.	country	-4.3775763511657715	neg	neg
A mononucleosis is not a disease.	disease	-3.1651792526245117	neg	aff
A malaria is a disease.	disease	-5.805532455444336	aff	aff
A malaria is a profession.	profession	-7.174286842346191	aff	neg
A malaria is not a profession.	profession	-6.233476161956787	neg	neg
A malaria is not a disease.	disease	-5.028312683105469	neg	aff
A syphilis is a disease.	disease	-4.905345439910889	aff	aff
A syphilis is an insect.	insect	-5.863304615020752	aff	neg
A syphilis is not an insect.	insect	-5.244806289672852	neg	neg
A syphilis is not a disease.	disease	-4.744230270385742	neg	aff
A pneumonia is a disease.	disease	-5.05308723449707	aff	aff
A pneumonia is a city.	city	-7.186775207519531	aff	neg
A pneumonia is not a city.	city	-6.626696586608887	neg	neg
A pneumonia is not a disease.	disease	-4.582497596740723	neg	aff
A flu is a disease.	disease	-5.7368550300598145	aff	aff
A flu is a relative.	relative	-7.076158046722412	aff	neg
A flu is not a relative.	relative	-5.933804988861084	neg	neg
A flu is not a disease.	disease	-5.032227039337158	neg	aff
A leprosy is a disease.	disease	-4.150559902191162	aff	aff
A leprosy is a vegetable.	vegetable	-5.750441551208496	aff	neg
A leprosy is not a vegetable.	vegetable	-4.879220962524414	neg	neg
A leprosy is not a disease.	disease	-3.933263063430786	neg	aff
A typhoid is a disease.	disease	-3.8618948459625244	aff	aff
A typhoid is an insect.	insect	-5.4514055252075195	aff	neg
A typhoid is not an insect.	insect	-4.378259658813477	neg	neg
A typhoid is not a disease.	disease	-3.7731878757476807	neg	aff
A diphtheria is a disease.	disease	-3.896361827850342	aff	aff
A diphtheria is a state.	state	-5.152936935424805	aff	neg
A diphtheria is not a state.	state	-4.825891494750977	neg	neg
A diphtheria is not a disease.	disease	-3.8425259590148926	neg	aff
A diabetes is a disease.	disease	-4.672728061676025	aff	aff
A diabetes is an insect.	insect	-7.214946269989014	aff	neg
A diabetes is not an insect.	insect	-5.75089168548584	neg	neg
A diabetes is not a disease.	disease	-4.310837268829346	neg	aff
A gonorrhea is a disease.	disease	-4.137054443359375	aff	aff
A gonorrhea is a city.	city	-5.514476299285889	aff	neg
A gonorrhea is not a city.	city	-5.46438455581665	neg	neg
A gonorrhea is not a disease.	disease	-3.9533896446228027	neg	aff
A arthritis is a disease.	disease	-5.786693572998047	aff	aff
A arthritis is a tree.	tree	-7.934943675994873	aff	neg
A arthritis is not a tree.	tree	-6.476701259613037	neg	neg
A arthritis is not a disease.	disease	-5.100461959838867	neg	aff
A cholera is a disease.	disease	-4.529041767120361	aff	aff
A cholera is an animal.	animal	-6.1008524894714355	aff	neg
A cholera is not an animal.	animal	-4.961150169372559	neg	neg
A cholera is not a disease.	disease	-4.311809062957764	neg	aff
A hepatitis is a disease.	disease	-6.498448371887207	aff	aff
A hepatitis is a state.	state	-7.549437999725342	aff	neg
A hepatitis is not a state.	state	-6.739316940307617	neg	neg
A hepatitis is not a disease.	disease	-5.652137279510498	neg	aff
An alcoholism is a disease.	disease	-4.225091457366943	aff	aff
An alcoholism is a vegetable.	vegetable	-6.634550094604492	aff	neg
An alcoholism is not a vegetable.	vegetable	-5.302600383758545	neg	neg
An alcoholism is not a disease.	disease	-4.017143249511719	neg	aff
A beriberi is a disease.	disease	-3.46026611328125	aff	aff
A beriberi is a vegetable.	vegetable	-5.003596782684326	aff	neg
A beriberi is not a vegetable.	vegetable	-4.200549125671387	neg	neg
A beriberi is not a disease.	disease	-3.4010794162750244	neg	aff
A rickets is a disease.	disease	-4.543582916259766	aff	aff
A rickets is a furniture.	furniture	-6.731568813323975	aff	neg
A rickets is not a furniture.	furniture	-6.330899238586426	neg	neg
A rickets is not a disease.	disease	-4.289439678192139	neg	aff
A virus is a disease.	disease	-4.856666088104248	aff	aff
A virus is a state.	state	-5.352122783660889	aff	neg
A virus is not a state.	state	-5.105704307556152	neg	neg
A virus is not a disease.	disease	-4.119533061981201	neg	aff
An oak is a tree.	tree	-4.607685089111328	aff	aff
An oak is a toy.	toy	-6.087539196014404	aff	neg
An oak is not a toy.	toy	-4.7823286056518555	neg	neg
An oak is not a tree.	tree	-3.8360180854797363	neg	aff
A maple is a tree.	tree	-5.606130599975586	aff	aff
A maple is a weapon.	weapon	-7.276693820953369	aff	neg
A maple is not a weapon.	weapon	-6.366977214813232	neg	neg
A maple is not a tree.	tree	-5.178926467895508	neg	aff
A pine is a tree.	tree	-4.576587200164795	aff	aff
A pine is a metal.	metal	-6.071608066558838	aff	neg
A pine is not a metal.	metal	-5.329821586608887	neg	neg
A pine is not a tree.	tree	-4.059338569641113	neg	aff
A elm is a tree.	tree	-5.644114017486572	aff	aff
A elm is a color.	color	-7.5265374183654785	aff	neg
A elm is not a color.	color	-6.574605464935303	neg	neg
A elm is not a tree.	tree	-5.417824745178223	neg	aff
An apple is a tree.	tree	-4.2950663566589355	aff	aff
An apple is a state.	state	-5.239935874938965	aff	neg
An apple is not a state.	state	-4.51794958114624	neg	neg
An apple is not a tree.	tree	-3.59808349609375	neg	aff
A birch is a tree.	tree	-4.036903381347656	aff	aff
A birch is a profession.	profession	-5.611512184143066	aff	neg
A birch is not a profession.	profession	-5.007741928100586	neg	neg
A birch is not a tree.	tree	-3.7006638050079346	neg	aff
A cherry is a tree.	tree	-5.29252815246582	aff	aff
A cherry is a sport.	sport	-6.570016384124756	aff	neg
A cherry is not a sport.	sport	-5.541532039642334	neg	neg
A cherry is not a tree.	tree	-4.724304676055908	neg	aff
A dogwood is a tree.	tree	-4.356179237365723	aff	aff
A dogwood is a sport.	sport	-5.682014465332031	aff	neg
A dogwood is not a sport.	sport	-5.150609016418457	neg	neg
A dogwood is not a tree.	tree	-4.157107830047607	neg	aff
A spruce is a tree.	tree	-3.479651927947998	aff	aff
A spruce is a sport.	sport	-4.650655269622803	aff	neg
A spruce is not a sport.	sport	-4.326075553894043	neg	neg
A spruce is not a tree.	tree	-3.443955421447754	neg	aff
A redwood is a tree.	tree	-3.593278646469116	aff	aff
A redwood is a bird.	bird	-4.90814208984375	aff	neg
A redwood is not a bird.	bird	-4.14532470703125	neg	neg
A redwood is not a tree.	tree	-3.4955434799194336	neg	aff
A peach is a tree.	tree	-5.341248989105225	aff	aff
A peach is a relative.	relative	-6.183548927307129	aff	neg
A peach is not a relative.	relative	-5.960311412811279	neg	neg
A peach is not a tree.	tree	-4.979479789733887	neg	aff
A walnut is a tree.	tree	-4.689689636230469	aff	aff
A walnut is a furniture.	furniture	-6.369319915771484	aff	neg
A walnut is not a furniture.	furniture	-5.998663902282715	neg	neg
A walnut is not a tree.	tree	-4.477585792541504	neg	aff
A fir is a tree.	tree	-5.525858402252197	aff	aff
A fir is a fruit.	fruit	-6.123014450073242	aff	neg
A fir is not a fruit.	fruit	-5.328124046325684	neg	neg
A fir is not a tree.	tree	-4.880500793457031	neg	aff
A hickory is a tree.	tree	-3.739910125732422	aff	aff
A hickory is an insect.	insect	-4.072261333465576	aff	neg
A hickory is not an insect.	insect	-4.05466365814209	neg	neg
A hickory is not a tree.	tree	-3.6445882320404053	neg	aff
A pear is a tree.	tree	-5.624859809875488	aff	aff
A pear is a weapon.	weapon	-6.4847612380981445	aff	neg
A pear is not a weapon.	weapon	-5.547718048095703	neg	neg
A pear is not a tree.	tree	-4.910816192626953	neg	aff
A sycamore is a tree.	tree	-3.1229465007781982	aff	aff
A sycamore is an animal.	animal	-4.109806537628174	aff	neg
A sycamore is not an animal.	animal	-3.682832956314087	neg	neg
A sycamore is not a tree.	tree	-3.047952175140381	neg	aff
An ash is a tree.	tree	-6.162204265594482	aff	aff
An ash is a bird.	bird	-5.926052093505859	aff	neg
An ash is not a bird.	bird	-5.2210283279418945	neg	neg
An ash is not a tree.	tree	-5.197267532348633	neg	aff
A poplar is a tree.	tree	-4.161361217498779	aff	aff
A poplar is a profession.	profession	-5.718297481536865	aff	neg
A poplar is not a profession.	profession	-5.262310981750488	neg	neg
A poplar is not a tree.	tree	-3.8787615299224854	neg	aff
A willow is a tree.	tree	-4.704900741577148	aff	aff
A willow is a sport.	sport	-6.083932399749756	aff	neg
A willow is not a sport.	sport	-5.3398518562316895	neg	neg
A willow is not a tree.	tree	-4.384869575500488	neg	aff
A chestnut is a tree.	tree	-4.471920013427734	aff	aff
A chestnut is a color.	color	-4.9662933349609375	aff	neg
A chestnut is not a color.	color	-4.767672061920166	neg	neg
A chestnut is not a tree.	tree	-4.302475929260254	neg	aff
A cedar is a tree.	tree	-5.353421688079834	aff	aff
A cedar is a vehicle.	vehicle	-6.855618476867676	aff	neg
A cedar is not a vehicle.	vehicle	-5.790763854980469	neg	neg
A cedar is not a tree.	tree	-4.685299873352051	neg	aff
An evergreen is a tree.	tree	-4.208094120025635	aff	aff
An evergreen is an insect.	insect	-5.45435905456543	aff	neg
An evergreen is not an insect.	insect	-4.808758735656738	neg	neg
An evergreen is not a tree.	tree	-3.7672131061553955	neg	aff
A palm is a tree.	tree	-4.410340309143066	aff	aff
A palm is a vehicle.	vehicle	-5.379300117492676	aff	neg
A palm is not a vehicle.	vehicle	-4.820772171020508	neg	neg
A palm is not a tree.	tree	-4.04496955871582	neg	aff
A beech is a tree.	tree	-3.8715243339538574	aff	aff
A beech is a vehicle.	vehicle	-5.326202392578125	aff	neg
A beech is not a vehicle.	vehicle	-4.735734462738037	neg	neg
A beech is not a tree.	tree	-3.7152953147888184	neg	aff
An orange is a tree.	tree	-5.011054992675781	aff	aff
An orange is an animal.	animal	-4.284619331359863	aff	neg
An orange is not an animal.	animal	-4.087253093719482	neg	neg
An orange is not a tree.	tree	-4.367527961730957	neg	aff
A magnolia is a tree.	tree	-4.032731056213379	aff	aff
A magnolia is a vehicle.	vehicle	-5.416133403778076	aff	neg
A magnolia is not a vehicle.	vehicle	-5.076125144958496	neg	neg
A magnolia is not a tree.	tree	-4.088350296020508	neg	aff
A tulip is a tree.	tree	-4.273352146148682	aff	aff
A tulip is a toy.	toy	-5.435143947601318	aff	neg
A tulip is not a toy.	toy	-4.28380012512207	neg	neg
A tulip is not a tree.	tree	-3.850938081741333	neg	aff
A locust is a tree.	tree	-4.565535068511963	aff	aff
A locust is an insect.	insect	-3.640678882598877	aff	neg
A locust is not an insect.	insect	-3.9275240898132324	neg	neg
A locust is not a tree.	tree	-4.220163345336914	neg	aff
A plum is a tree.	tree	-5.424147129058838	aff	aff
A plum is a weapon.	weapon	-6.587649822235107	aff	neg
A plum is not a weapon.	weapon	-5.638770580291748	neg	neg
A plum is not a tree.	tree	-4.807191371917725	neg	aff
A cottonwood is a tree.	tree	-4.009961128234863	aff	aff
A cottonwood is a fish.	fish	-5.7937750816345215	aff	neg
A cottonwood is not a fish.	fish	-4.879603862762451	neg	neg
A cottonwood is not a tree.	tree	-3.877152919769287	neg	aff
A gingo is a tree.	tree	-6.393044948577881	aff	aff
A gingo is a furniture.	furniture	-6.776421546936035	aff	neg
A gingo is not a furniture.	furniture	-6.3973517417907715	neg	neg
A gingo is not a tree.	tree	-5.80653715133667	neg	aff
A sequoia is a tree.	tree	-3.3081653118133545	aff	aff
A sequoia is a toy.	toy	-4.877830505371094	aff	neg
A sequoia is not a toy.	toy	-3.997807502746582	neg	neg
A sequoia is not a tree.	tree	-3.2988057136535645	neg	aff
A Christmas is a tree.	tree	-5.119262218475342	aff	aff
A Christmas is a color.	color	-5.657600402832031	aff	neg
A Christmas is not a color.	color	-5.30780029296875	neg	neg
A Christmas is not a tree.	tree	-4.7790069580078125	neg	aff
A holly is a tree.	tree	-4.334153652191162	aff	aff
A holly is a snake.	snake	-5.49056339263916	aff	neg
A holly is not a snake.	snake	-4.924699306488037	neg	neg
A holly is not a tree.	tree	-3.964348077774048	neg	aff
A mimosa is a tree.	tree	-3.9795215129852295	aff	aff
A mimosa is a metal.	metal	-5.801419734954834	aff	neg
A mimosa is not a metal.	metal	-4.8427958488464355	neg	neg
A mimosa is not a tree.	tree	-3.7813198566436768	neg	aff
A cypress is a tree.	tree	-4.302184581756592	aff	aff
A cypress is a country.	country	-5.50050687789917	aff	neg
A cypress is not a country.	country	-4.89937686920166	neg	neg
A cypress is not a tree.	tree	-4.05167293548584	neg	aff
A lemon is a tree.	tree	-5.871047496795654	aff	aff
A lemon is a relative.	relative	-6.823699951171875	aff	neg
A lemon is not a relative.	relative	-5.938075065612793	neg	neg
A lemon is not a tree.	tree	-5.175567150115967	neg	aff
A mulberry is a tree.	tree	-4.025886535644531	aff	aff
A mulberry is a sport.	sport	-5.6810221672058105	aff	neg
A mulberry is not a sport.	sport	-4.964990139007568	neg	neg
A mulberry is not a tree.	tree	-3.8991732597351074	neg	aff
A trout is a fish.	fish	-4.37932014465332	aff	aff
A trout is a profession.	profession	-6.772041320800781	aff	neg
A trout is not a profession.	profession	-6.0445876121521	neg	neg
A trout is not a fish.	fish	-4.43336296081543	neg	aff
A bass is a fish.	fish	-4.971038818359375	aff	aff
A bass is a vehicle.	vehicle	-6.144514083862305	aff	neg
A bass is not a vehicle.	vehicle	-5.362443447113037	neg	neg
A bass is not a fish.	fish	-4.665715217590332	neg	aff
A shark is a fish.	fish	-4.77106237411499	aff	aff
A shark is a flower.	flower	-6.22778844833374	aff	neg
A shark is not a flower.	flower	-5.322063446044922	neg	neg
A shark is not a fish.	fish	-4.144322872161865	neg	aff
A herring is a fish.	fish	-3.459843397140503	aff	aff
A herring is a fruit.	fruit	-5.735612392425537	aff	neg
A herring is not a fruit.	fruit	-5.464498996734619	neg	neg
A herring is not a fish.	fish	-4.547646522521973	neg	aff
A catfish is a fish.	fish	-3.5106091499328613	aff	aff
A catfish is a flower.	flower	-5.107187271118164	aff	neg
A catfish is not a flower.	flower	-4.320855617523193	neg	neg
A catfish is not a fish.	fish	-3.3675172328948975	neg	aff
A perch is a fish.	fish	-4.623593807220459	aff	aff
A perch is a furniture.	furniture	-7.873475551605225	aff	neg
A perch is not a furniture.	furniture	-6.656888484954834	neg	neg
A perch is not a fish.	fish	-4.663247108459473	neg	aff
A salmon is a fish.	fish	-4.617326259613037	aff	aff
A salmon is a weapon.	weapon	-6.700941562652588	aff	neg
A salmon is not a weapon.	weapon	-5.8653411865234375	neg	neg
A salmon is not a fish.	fish	-4.539229869842529	neg	aff
A tuna is a fish.	fish	-4.749749183654785	aff	aff
A tuna is a country.	country	-6.4933037757873535	aff	neg
A tuna is not a country.	country	-5.798663139343262	neg	neg
A tuna is not a fish.	fish	-4.734064102172852	neg	aff
A goldfish is a fish.	fish	-3.86981463432312	aff	aff
A goldfish is a snake.	snake	-4.919095993041992	aff	neg
A goldfish is not a snake.	snake	-4.435494422912598	neg	neg
A goldfish is not a fish.	fish	-3.674189567565918	neg	aff
A swordfish is a fish.	fish	-3.734805107116699	aff	aff
A swordfish is a toy.	toy	-4.978092193603516	aff	neg
A swordfish is not a toy.	toy	-4.430229187011719	neg	neg
A swordfish is not a fish.	fish	-3.6542742252349854	neg	aff
A sunfish is a fish.	fish	-4.36669921875	aff	aff
A sunfish is a crime.	crime	-6.826039791107178	aff	neg
A sunfish is not a crime.	crime	-5.968460559844971	neg	neg
A sunfish is not a fish.	fish	-4.193339824676514	neg	aff
A whale is a fish.	fish	-4.372924327850342	aff	aff
A whale is an animal.	animal	-4.01884651184082	aff	neg
A whale is not an animal.	animal	-4.253906726837158	neg	neg
A whale is not a fish.	fish	-4.150425910949707	neg	aff
A rock is a fish.	fish	-6.1621551513671875	aff	aff
A rock is a profession.	profession	-6.674418926239014	aff	neg
A rock is not a profession.	profession	-6.002012252807617	neg	neg
A rock is not a fish.	fish	-4.956994533538818	neg	aff
A cod is a fish.	fish	-6.810596466064453	aff	aff
A cod is a fruit.	fruit	-7.199761390686035	aff	neg
A cod is not a fruit.	fruit	-6.3408026695251465	neg	neg
A cod is not a fish.	fish	-6.043494701385498	neg	aff
A bluegil is a fish.	fish	-6.813502311706543	aff	aff
A bluegil is a furniture.	furniture	-8.230666160583496	aff	neg
A bluegil is not a furniture.	furniture	-7.546430587768555	neg	neg
A bluegil is not a fish.	fish	-6.608831882476807	neg	aff
A carp is a fish.	fish	-6.191726207733154	aff	aff
A carp is an animal.	animal	-6.2009406089782715	aff	neg
A carp is not an animal.	animal	-5.594689846038818	neg	neg
A carp is not a fish.	fish	-5.464379787445068	neg	aff
A pike is a fish.	fish	-3.952569007873535	aff	aff
A pike is an insect.	insect	-4.922035217285156	aff	neg
A pike is not an insect.	insect	-4.804587364196777	neg	neg
A pike is not a fish.	fish	-4.258487224578857	neg	aff
A minnow is a fish.	fish	-3.786262273788452	aff	aff
A minnow is a country.	country	-5.717593193054199	aff	neg
A minnow is not a country.	country	-5.043609619140625	neg	neg
A minnow is not a fish.	fish	-3.781420946121216	neg	aff
A guppy is a fish.	fish	-3.524608612060547	aff	aff
A guppy is a state.	state	-5.564422607421875	aff	neg
A guppy is not a state.	state	-5.087080001831055	neg	neg
A guppy is not a fish.	fish	-3.5127832889556885	neg	aff
A flounder is a fish.	fish	-3.3915514945983887	aff	aff
A flounder is a toy.	toy	-5.053156852722168	aff	neg
A flounder is not a toy.	toy	-4.325918674468994	neg	neg
A flounder is not a fish.	fish	-3.500753879547119	neg	aff
A marlin is a fish.	fish	-3.5696754455566406	aff	aff
A marlin is an animal.	animal	-3.9795241355895996	aff	neg
A marlin is not an animal.	animal	-5.034836769104004	neg	neg
A marlin is not a fish.	fish	-4.634438991546631	neg	aff
A shrimp is a fish.	fish	-4.805107116699219	aff	aff
A shrimp is a color.	color	-6.403871059417725	aff	neg
A shrimp is not a color.	color	-5.630757808685303	neg	neg
A shrimp is not a fish.	fish	-4.371355056762695	neg	aff
A barracuda is a fish.	fish	-3.3886892795562744	aff	aff
A barracuda is a sport.	sport	-4.364074230194092	aff	neg
A barracuda is not a sport.	sport	-4.190229415893555	neg	neg
A barracuda is not a fish.	fish	-3.498286485671997	neg	aff
A bluefish is a fish.	fish	-4.2521233558654785	aff	aff
A bluefish is a disease.	disease	-5.909343719482422	aff	neg
A bluefish is not a disease.	disease	-5.107029914855957	neg	neg
A bluefish is not a fish.	fish	-4.195624828338623	neg	aff
A mackerel is a fish.	fish	-3.0277657508850098	aff	aff
A mackerel is a metal.	metal	-4.356860160827637	aff	neg
A mackerel is not a metal.	metal	-4.140631198883057	neg	neg
A mackerel is not a fish.	fish	-3.3429970741271973	neg	aff
A sailfish is a fish.	fish	-4.162794589996338	aff	aff
A sailfish is a crime.	crime	-6.405055046081543	aff	neg
A sailfish is not a crime.	crime	-5.705163478851318	neg	neg
A sailfish is not a fish.	fish	-4.1151604652404785	neg	aff
A porpoise is a fish.	fish	-3.38276743888855	aff	aff
A porpoise is a sport.	sport	-4.570657253265381	aff	neg
A porpoise is not a sport.	sport	-4.3692522048950195	neg	neg
A porpoise is not a fish.	fish	-3.5205347537994385	neg	aff
A shad is a fish.	fish	-3.979106903076172	aff	aff
A shad is a weapon.	weapon	-6.158414363861084	aff	neg
A shad is not a weapon.	weapon	-5.433396339416504	neg	neg
A shad is not a fish.	fish	-4.217391014099121	neg	aff
A spot is a fish.	fish	-6.38665771484375	aff	aff
A spot is a relative.	relative	-7.125446319580078	aff	neg
A spot is not a relative.	relative	-6.600639343261719	neg	neg
A spot is not a fish.	fish	-5.958151817321777	neg	aff
A lobster is a fish.	fish	-4.4062700271606445	aff	aff
A lobster is a vegetable.	vegetable	-5.3203959465026855	aff	neg
A lobster is not a vegetable.	vegetable	-4.782527923583984	neg	neg
A lobster is not a fish.	fish	-4.245283126831055	neg	aff
A haddock is a fish.	fish	-3.9705381393432617	aff	aff
A haddock is a tree.	tree	-6.131171226501465	aff	neg
A haddock is not a tree.	tree	-5.058297634124756	neg	neg
A haddock is not a fish.	fish	-4.021808624267578	neg	aff
A muskie is a fish.	fish	-4.416178226470947	aff	aff
A muskie is a city.	city	-6.495124816894531	aff	neg
A muskie is not a city.	city	-5.66151237487793	neg	neg
A muskie is not a fish.	fish	-4.25867223739624	neg	aff
A crappie is a fish.	fish	-3.189121723175049	aff	aff
A crappie is a bird.	bird	-4.390430450439453	aff	neg
A crappie is not a bird.	bird	-4.030852794647217	neg	neg
A crappie is not a fish.	fish	-3.4272990226745605	neg	aff
An angel is a fish.	fish	-5.10685920715332	aff	aff
An angel is a vegetable.	vegetable	-5.7382731437683105	aff	neg
An angel is not a vegetable.	vegetable	-4.451428413391113	neg	neg
An angel is not a fish.	fish	-4.163820266723633	neg	aff
A crab is a fish.	fish	-4.686995506286621	aff	aff
A crab is a fruit.	fruit	-5.493038654327393	aff	neg
A crab is not a fruit.	fruit	-4.8155951499938965	neg	neg
A crab is not a fish.	fish	-4.204371929168701	neg	aff
A halibut is a fish.	fish	-3.6023507118225098	aff	aff
A halibut is a vegetable.	vegetable	-4.721436977386475	aff	neg
A halibut is not a vegetable.	vegetable	-4.361202239990234	neg	neg
A halibut is not a fish.	fish	-3.799790382385254	neg	aff
A white is a fish.	fish	-5.730855464935303	aff	aff
A white is a disease.	disease	-6.636573791503906	aff	neg
A white is not a disease.	disease	-5.629199981689453	neg	neg
A white is not a fish.	fish	-5.0015339851379395	neg	aff
A sardine is a fish.	fish	-2.8283731937408447	aff	aff
A sardine is an insect.	insect	-3.615065097808838	aff	neg
A sardine is not an insect.	insect	-3.709805727005005	neg	neg
A sardine is not a fish.	fish	-3.039478302001953	neg	aff
A blowfish is a fish.	fish	-3.8421809673309326	aff	aff
A blowfish is a bird.	bird	-4.991970539093018	aff	neg
A blowfish is not a bird.	bird	-4.398397922515869	neg	neg
A blowfish is not a fish.	fish	-3.7598185539245605	neg	aff
An eel is a fish.	fish	-3.074294090270996	aff	aff
An eel is a state.	state	-5.053028106689453	aff	neg
An eel is not a state.	state	-4.904336452484131	neg	neg
An eel is not a fish.	fish	-3.2280433177948	neg	aff
A oyster is a fish.	fish	-5.108027458190918	aff	aff
A oyster is a flower.	flower	-5.648993492126465	aff	neg
A oyster is not a flower.	flower	-4.957882881164551	neg	neg
A oyster is not a fish.	fish	-4.557956695556641	neg	aff
A walleye is a fish.	fish	-3.3990814685821533	aff	aff
A walleye is a bird.	bird	-4.54060173034668	aff	neg
A walleye is not a bird.	bird	-4.219879150390625	neg	neg
A walleye is not a fish.	fish	-3.745490312576294	neg	aff
A clam is a fish.	fish	-5.259112358093262	aff	aff
A clam is a sport.	sport	-6.517115116119385	aff	neg
A clam is not a sport.	sport	-5.719926357269287	neg	neg
A clam is not a fish.	fish	-4.661073207855225	neg	aff
A whiting is a fish.	fish	-4.201268196105957	aff	aff
A whiting is a bird.	bird	-5.203166484832764	aff	neg
A whiting is not a bird.	bird	-4.612128734588623	neg	neg
A whiting is not a fish.	fish	-4.099574089050293	neg	aff
A dolphin is a fish.	fish	-4.800815582275391	aff	aff
A dolphin is a flower.	flower	-5.8818559646606445	aff	neg
A dolphin is not a flower.	flower	-5.048224449157715	neg	neg
A dolphin is not a fish.	fish	-4.117644786834717	neg	aff
A piranha is a fish.	fish	-3.1378390789031982	aff	aff
A piranha is a vegetable.	vegetable	-4.538082122802734	aff	neg
A piranha is not a vegetable.	vegetable	-4.061301231384277	neg	neg
A piranha is not a fish.	fish	-3.256056070327759	neg	aff
A rattle is a snake.	snake	-4.7874884605407715	aff	aff
A rattle is a color.	color	-5.858613014221191	aff	neg
A rattle is not a color.	color	-5.100234508514404	neg	neg
A rattle is not a snake.	snake	-4.4841132164001465	neg	aff
A black is a snake.	snake	-5.972930431365967	aff	aff
A black is a weapon.	weapon	-6.515721321105957	aff	neg
A black is not a weapon.	weapon	-5.528415679931641	neg	neg
A black is not a snake.	snake	-5.364734649658203	neg	aff
A cobra is a snake.	snake	-3.6050734519958496	aff	aff
A cobra is a color.	color	-5.316833972930908	aff	neg
A cobra is not a color.	color	-4.943248748779297	neg	neg
A cobra is not a snake.	snake	-3.7740848064422607	neg	aff
A copperhead is a snake.	snake	-4.592194557189941	aff	aff
A copperhead is an insect.	insect	-4.473662853240967	aff	neg
A copperhead is not an insect.	insect	-4.437009334564209	neg	neg
A copperhead is not a snake.	snake	-4.2129411697387695	neg	aff
A garter is a snake.	snake	-4.230588912963867	aff	aff
A garter is a sport.	sport	-5.108453273773193	aff	neg
A garter is not a sport.	sport	-4.672544479370117	neg	neg
A garter is not a snake.	snake	-4.022830486297607	neg	aff
A garden is a snake.	snake	-5.752651214599609	aff	aff
A garden is a profession.	profession	-5.298448085784912	aff	neg
A garden is not a profession.	profession	-5.052750587463379	neg	neg
A garden is not a snake.	snake	-5.143965721130371	neg	aff
A python is a snake.	snake	-4.579958915710449	aff	aff
A python is a profession.	profession	-6.172771453857422	aff	neg
A python is not a profession.	profession	-5.098302841186523	neg	neg
A python is not a snake.	snake	-4.226015567779541	neg	aff
A coral is a snake.	snake	-6.835282802581787	aff	aff
A coral is a sport.	sport	-6.765678405761719	aff	neg
A coral is not a sport.	sport	-5.919611930847168	neg	neg
A coral is not a snake.	snake	-5.553361415863037	neg	aff
A boa is a snake.	snake	-5.928328990936279	aff	aff
A boa is a vehicle.	vehicle	-6.96908712387085	aff	neg
A boa is not a vehicle.	vehicle	-6.180442810058594	neg	neg
A boa is not a snake.	snake	-5.532833099365234	neg	aff
A cottonmouth is a snake.	snake	-5.055645942687988	aff	aff
A cottonmouth is a crime.	crime	-6.923861503601074	aff	neg
A cottonmouth is not a crime.	crime	-5.9942498207092285	neg	neg
A cottonmouth is not a snake.	snake	-4.636027812957764	neg	aff
A green is a snake.	snake	-6.084040641784668	aff	aff
A green is a furniture.	furniture	-6.6813483238220215	aff	neg
A green is not a furniture.	furniture	-6.0078864097595215	neg	neg
A green is not a snake.	snake	-5.5836501121521	neg	aff
A king is a snake.	snake	-5.036174297332764	aff	aff
A king is a sport.	sport	-5.717160701751709	aff	neg
A king is not a sport.	sport	-5.005276203155518	neg	neg
A king is not a snake.	snake	-4.574967861175537	neg	aff
A grass is a snake.	snake	-6.294504642486572	aff	aff
A grass is a city.	city	-6.084867000579834	aff	neg
A grass is not a city.	city	-5.312603950500488	neg	neg
A grass is not a snake.	snake	-5.161042213439941	neg	aff
A diamondback is a snake.	snake	-5.798669815063477	aff	aff
A diamondback is a tree.	tree	-6.3126420974731445	aff	neg
A diamondback is not a tree.	tree	-5.576709270477295	neg	neg
A diamondback is not a snake.	snake	-5.38521671295166	neg	aff
A water is a snake.	snake	-6.643229007720947	aff	aff
A water is a tree.	tree	-6.570544719696045	aff	neg
A water is not a tree.	tree	-5.564448356628418	neg	neg
A water is not a snake.	snake	-5.805670738220215	neg	aff
A bull is a snake.	snake	-5.632389545440674	aff	aff
A bull is a toy.	toy	-5.808282375335693	aff	neg
A bull is not a toy.	toy	-4.685345649719238	neg	neg
A bull is not a snake.	snake	-4.845860958099365	neg	aff
A moccasin is a snake.	snake	-4.739086151123047	aff	aff
A moccasin is a color.	color	-5.116766929626465	aff	neg
A moccasin is not a color.	color	-4.210544109344482	neg	neg
A moccasin is not a snake.	snake	-4.200550556182861	neg	aff
A milk is a snake.	snake	-6.070676803588867	aff	aff
A milk is a furniture.	furniture	-6.911506652832031	aff	neg
A milk is not a furniture.	furniture	-5.8318939208984375	neg	neg
A milk is not a snake.	snake	-5.426360130310059	neg	aff
An asp is a snake.	snake	-5.457028865814209	aff	aff
An asp is a relative.	relative	-5.686816215515137	aff	neg
An asp is not a relative.	relative	-5.463379859924316	neg	neg
An asp is not a snake.	snake	-4.83540678024292	neg	aff
A black jacket is a snake.	snake	-5.67514705657959	aff	aff
A black jacket is a disease.	disease	-5.983790397644043	aff	neg
A black jacket is not a disease.	disease	-5.16593074798584	neg	neg
A black jacket is not a snake.	snake	-4.806176662445068	neg	aff
An anaconda is a snake.	snake	-3.487581968307495	aff	aff
An anaconda is an animal.	animal	-3.6591129302978516	aff	neg
An anaconda is not an animal.	animal	-3.5897181034088135	neg	neg
An anaconda is not a snake.	snake	-3.5720462799072266	neg	aff
A viper is a snake.	snake	-4.94600248336792	aff	aff
A viper is a sport.	sport	-6.858860969543457	aff	neg
A viper is not a sport.	sport	-6.107482433319092	neg	neg
A viper is not a snake.	snake	-4.64199686050415	neg	aff
Chicago is a city.	city	-2.605376958847046	aff	aff
Chicago is a sport.	sport	-4.442289352416992	aff	neg
Chicago is not a sport.	sport	-4.237843990325928	neg	neg
Chicago is not a city.	city	-3.0792558193206787	neg	aff
Washington is a city.	city	-3.800853967666626	aff	aff
Washington is a color.	color	-4.16114616394043	aff	neg
Washington is not a color.	color	-4.274318695068359	neg	neg
Washington is not a city.	city	-3.538428544998169	neg	aff
Baltimore is a city.	city	-3.409135103225708	aff	aff
Baltimore is a snake.	snake	-5.984802722930908	aff	neg
Baltimore is not a snake.	snake	-5.202249050140381	neg	neg
Baltimore is not a city.	city	-3.4986979961395264	neg	aff
London is a city.	city	-2.766901969909668	aff	aff
London is a country.	country	-4.148005485534668	aff	neg
London is not a country.	country	-2.8881754875183105	neg	neg
London is not a city.	city	-2.8180036544799805	neg	aff
Paris is a city.	city	-2.798323154449463	aff	aff
Paris is a snake.	snake	-4.93618106842041	aff	neg
Paris is not a snake.	snake	-4.653415203094482	neg	neg
Paris is not a city.	city	-3.1435210704803467	neg	aff
Miami is a city.	city	-2.9635143280029297	aff	aff
Miami is a profession.	profession	-4.810543060302734	aff	neg
Miami is not a profession.	profession	-4.553459644317627	neg	neg
Miami is not a city.	city	-3.3264851570129395	neg	aff
Boston is a city.	city	-2.455864906311035	aff	aff
Boston is a fruit.	fruit	-4.4125847816467285	aff	neg
Boston is not a fruit.	fruit	-3.96557354927063	neg	neg
Boston is not a city.	city	-2.8709657192230225	neg	aff
Philadelphia is a city.	city	-2.5802998542785645	aff	aff
Philadelphia is a flower.	flower	-4.509585857391357	aff	neg
Philadelphia is not a flower.	flower	-4.156635761260986	neg	neg
Philadelphia is not a city.	city	-2.907069444656372	neg	aff
Detroit is a city.	city	-2.5577917098999023	aff	aff
Detroit is a country.	country	-3.9694998264312744	aff	neg
Detroit is not a country.	country	-3.059016704559326	neg	neg
Detroit is not a city.	city	-2.8804895877838135	neg	aff
Dallas is a city.	city	-3.0100793838500977	aff	aff
Dallas is an animal.	animal	-4.313970565795898	aff	neg
Dallas is not an animal.	animal	-4.491919040679932	neg	neg
Dallas is not a city.	city	-4.0599541664123535	neg	aff
Champaign is a city.	city	-4.540999889373779	aff	aff
Champaign is a furniture.	furniture	-6.72902250289917	aff	neg
Champaign is not a furniture.	furniture	-6.161887168884277	neg	neg
Champaign is not a city.	city	-3.7741029262542725	neg	aff
Rome is a city.	city	-3.3471970558166504	aff	aff
Rome is a fruit.	fruit	-4.754815101623535	aff	neg
Rome is not a fruit.	fruit	-4.158797740936279	neg	neg
Rome is not a city.	city	-3.350594997406006	neg	aff
Urbana is a city.	city	-2.9360008239746094	aff	aff
Urbana is a furniture.	furniture	-5.2777018547058105	aff	neg
Urbana is not a furniture.	furniture	-5.106718063354492	neg	neg
Urbana is not a city.	city	-2.968061685562134	neg	aff
Cleveland is a city.	city	-3.323425769805908	aff	aff
Cleveland is a metal.	metal	-5.601006507873535	aff	neg
Cleveland is not a metal.	metal	-5.596706390380859	neg	neg
Cleveland is not a city.	city	-3.603238582611084	neg	aff
Pittsburg is a city.	city	-3.1629395484924316	aff	aff
Pittsburg is a toy.	toy	-4.680996894836426	aff	neg
Pittsburg is not a toy.	toy	-4.288401126861572	neg	neg
Pittsburg is not a city.	city	-3.100158929824829	neg	aff
Denver is a city.	city	-2.651587724685669	aff	aff
Denver is an insect.	insect	-3.3902249336242676	aff	neg
Denver is not an insect.	insect	-5.015960216522217	neg	neg
Denver is not a city.	city	-3.688959836959839	neg	aff
Houston is a city.	city	-3.484621047973633	aff	aff
Houston is a snake.	snake	-5.186655044555664	aff	neg
Houston is not a snake.	snake	-4.920163154602051	neg	neg
Houston is not a city.	city	-3.0330822467803955	neg	aff
Tokyo is a city.	city	-2.141616106033325	aff	aff
Tokyo is a bird.	bird	-3.3514084815979004	aff	neg
Tokyo is not a bird.	bird	-3.5164153575897217	neg	neg
Tokyo is not a city.	city	-2.587953567504883	neg	aff
Springfield is a city.	city	-3.7849624156951904	aff	aff
Springfield is a profession.	profession	-5.015377521514893	aff	neg
Springfield is not a profession.	profession	-5.08525276184082	neg	neg
Springfield is not a city.	city	-3.618631362915039	neg	aff
Moscow is a city.	city	-2.5054359436035156	aff	aff
Moscow is a weapon.	weapon	-3.9476356506347656	aff	neg
Moscow is not a weapon.	weapon	-3.8041789531707764	neg	neg
Moscow is not a city.	city	-2.5925662517547607	neg	aff
Atlanta is a city.	city	-3.087869882583618	aff	aff
Atlanta is a metal.	metal	-5.816064834594727	aff	neg
Atlanta is not a metal.	metal	-5.248111724853516	neg	neg
Atlanta is not a city.	city	-3.2342827320098877	neg	aff
Berlin is a city.	city	-2.911515474319458	aff	aff
Berlin is a color.	color	-4.611031532287598	aff	neg
Berlin is not a color.	color	-4.216813087463379	neg	neg
Berlin is not a city.	city	-2.968289852142334	neg	aff
Tampa is a city.	city	-4.182902812957764	aff	aff
Tampa is a color.	color	-5.610206127166748	aff	neg
Tampa is not a color.	color	-5.458554744720459	neg	neg
Tampa is not a city.	city	-4.4307050704956055	neg	aff
Annapolis is a city.	city	-3.274120330810547	aff	aff
Annapolis is a tree.	tree	-4.525565147399902	aff	neg
Annapolis is not a tree.	tree	-4.036900520324707	neg	neg
Annapolis is not a city.	city	-3.1094040870666504	neg	aff
Peoria is a city.	city	-3.0010812282562256	aff	aff
Peoria is a vegetable.	vegetable	-5.506514072418213	aff	neg
Peoria is not a vegetable.	vegetable	-4.6624579429626465	neg	neg
Peoria is not a city.	city	-3.162403106689453	neg	aff
Bethesda is a city.	city	-3.2540557384490967	aff	aff
Bethesda is a color.	color	-4.269327640533447	aff	neg
Bethesda is not a color.	color	-3.8810362815856934	neg	neg
Bethesda is not a city.	city	-3.1817874908447266	neg	aff
Seattle is a city.	city	-2.9446089267730713	aff	aff
Seattle is a disease.	disease	-4.94204044342041	aff	neg
Seattle is not a disease.	disease	-4.305016040802002	neg	neg
Seattle is not a city.	city	-3.230835437774658	neg	aff
Reno is a city.	city	-4.481125831604004	aff	aff
Reno is a sport.	sport	-5.5317840576171875	aff	neg
Reno is not a sport.	sport	-4.8466796875	neg	neg
Reno is not a city.	city	-4.382688522338867	neg	aff
Columbus is a city.	city	-3.2937514781951904	aff	aff
Columbus is a relative.	relative	-4.217299461364746	aff	neg
Columbus is not a relative.	relative	-3.9416379928588867	neg	neg
Columbus is not a city.	city	-3.09801983833313	neg	aff
Minneapolis is a city.	city	-2.8017683029174805	aff	aff
Minneapolis is a fish.	fish	-4.542446136474609	aff	neg
Minneapolis is not a fish.	fish	-4.416320323944092	neg	neg
Minneapolis is not a city.	city	-2.8905084133148193	neg	aff
Decatur is a city.	city	-4.1426310539245605	aff	aff
Decatur is a state.	state	-5.647454261779785	aff	neg
Decatur is not a state.	state	-4.111772537231445	neg	neg
Decatur is not a city.	city	-3.658994674682617	neg	aff
Madrid is a city.	city	-3.1609761714935303	aff	aff
Madrid is a toy.	toy	-5.332630157470703	aff	neg
Madrid is not a toy.	toy	-4.382117748260498	neg	neg
Madrid is not a city.	city	-3.3716323375701904	neg	aff
Milwaukee is a city.	city	-2.89100980758667	aff	aff
Milwaukee is a flower.	flower	-4.60848331451416	aff	neg
Milwaukee is not a flower.	flower	-4.3043317794799805	neg	neg
Milwaukee is not a city.	city	-3.010608673095703	neg	aff
Richmond is a city.	city	-2.252551794052124	aff	aff
Richmond is a snake.	snake	-4.8334479331970215	aff	neg
Richmond is not a snake.	snake	-5.105358600616455	neg	neg
Richmond is not a city.	city	-2.8891217708587646	neg	aff
Rockville is a city.	city	-2.9175565242767334	aff	aff
Rockville is a sport.	sport	-5.2370452880859375	aff	neg
Rockville is not a sport.	sport	-5.294692516326904	neg	neg
Rockville is not a city.	city	-3.5819854736328125	neg	aff
Memphis is a city.	city	-2.6558187007904053	aff	aff
Memphis is a bird.	bird	-4.375247955322266	aff	neg
Memphis is not a bird.	bird	-4.00419807434082	neg	neg
Memphis is not a city.	city	-2.806340217590332	neg	aff
California is a state.	state	-3.3152101039886475	aff	aff
California is a disease.	disease	-5.588605880737305	aff	neg
California is not a disease.	disease	-4.425357818603516	neg	neg
California is not a state.	state	-3.1701502799987793	neg	aff
Maryland is a state.	state	-3.4191672801971436	aff	aff
Maryland is a furniture.	furniture	-6.001523494720459	aff	neg
Maryland is not a furniture.	furniture	-5.710170745849609	neg	neg
Maryland is not a state.	state	-3.3412365913391113	neg	aff
Florida is a state.	state	-3.3727900981903076	aff	aff
Florida is a fish.	fish	-4.654359817504883	aff	neg
Florida is not a fish.	fish	-4.935880661010742	neg	neg
Florida is not a state.	state	-3.5319619178771973	neg	aff
Illinois is a state.	state	-2.6372745037078857	aff	aff
Illinois is a city.	city	-3.3554458618164062	aff	neg
Illinois is not a city.	city	-2.7765579223632812	neg	neg
Illinois is not a state.	state	-2.6525893211364746	neg	aff
Texas is a state.	state	-3.2983973026275635	aff	aff
Texas is a metal.	metal	-5.584295272827148	aff	neg
Texas is not a metal.	metal	-4.996662139892578	neg	neg
Texas is not a state.	state	-2.9938852787017822	neg	aff
Virginia is a state.	state	-3.1887192726135254	aff	aff
Virginia is a relative.	relative	-5.706349849700928	aff	neg
Virginia is not a relative.	relative	-5.063453197479248	neg	neg
Virginia is not a state.	state	-3.6634278297424316	neg	aff
Pennsylvania is a state.	state	-2.7728326320648193	aff	aff
Pennsylvania is a tree.	tree	-3.940512180328369	aff	neg
Pennsylvania is not a tree.	tree	-3.6638495922088623	neg	neg
Pennsylvania is not a state.	state	-2.589439868927002	neg	aff
Maine is a state.	state	-3.0950772762298584	aff	aff
Maine is a furniture.	furniture	-5.4568095207214355	aff	neg
Maine is not a furniture.	furniture	-5.189748764038086	neg	neg
Maine is not a state.	state	-2.882841110229492	neg	aff
Ohio is a state.	state	-3.5028560161590576	aff	aff
Ohio is a vegetable.	vegetable	-5.884397029876709	aff	neg
Ohio is not a vegetable.	vegetable	-4.446290493011475	neg	neg
Ohio is not a state.	state	-3.0569674968719482	neg	aff
Indiana is a state.	state	-3.076132297515869	aff	aff
Indiana is a crime.	crime	-6.028992176055908	aff	neg
Indiana is not a crime.	crime	-4.822196960449219	neg	neg
Indiana is not a state.	state	-3.020075798034668	neg	aff
Wisconsin is a state.	state	-2.651268243789673	aff	aff
Wisconsin is an animal.	animal	-4.454019546508789	aff	neg
Wisconsin is not an animal.	animal	-3.8083198070526123	neg	neg
Wisconsin is not a state.	state	-2.738544225692749	neg	aff
Alabama is a state.	state	-3.2302708625793457	aff	aff
Alabama is a furniture.	furniture	-6.362112998962402	aff	neg
Alabama is not a furniture.	furniture	-5.872262954711914	neg	neg
Alabama is not a state.	state	-3.0363333225250244	neg	aff
Washington is a state.	state	-4.199352264404297	aff	aff
Washington is a flower.	flower	-4.734095096588135	aff	neg
Washington is not a flower.	flower	-4.616445064544678	neg	neg
Washington is not a state.	state	-3.1935691833496094	neg	aff
Iowa is a state.	state	-4.4048542976379395	aff	aff
Iowa is a tree.	tree	-5.388058662414551	aff	neg
Iowa is not a tree.	tree	-5.027316570281982	neg	neg
Iowa is not a state.	state	-4.088647842407227	neg	aff
Georgia is a state.	state	-4.837925910949707	aff	aff
Georgia is a toy.	toy	-6.640008926391602	aff	neg
Georgia is not a toy.	toy	-4.843207836151123	neg	neg
Georgia is not a state.	state	-3.9908504486083984	neg	aff
Oregon is a state.	state	-3.357295036315918	aff	aff
Oregon is a furniture.	furniture	-6.604765892028809	aff	neg
Oregon is not a furniture.	furniture	-6.128115177154541	neg	neg
Oregon is not a state.	state	-3.2409508228302	neg	aff
Massachusetts is a state.	state	-2.64473032951355	aff	aff
Massachusetts is a fish.	fish	-4.330108165740967	aff	neg
Massachusetts is not a fish.	fish	-3.962730884552002	neg	neg
Massachusetts is not a state.	state	-2.7319142818450928	neg	aff
Delaware is a state.	state	-3.12664532661438	aff	aff
Delaware is a weapon.	weapon	-4.737881660461426	aff	neg
Delaware is not a weapon.	weapon	-4.420663356781006	neg	neg
Delaware is not a state.	state	-2.6918182373046875	neg	aff
Michigan is a state.	state	-3.318779706954956	aff	aff
Michigan is a weapon.	weapon	-5.54345703125	aff	neg
Michigan is not a weapon.	weapon	-4.696018695831299	neg	neg
Michigan is not a state.	state	-3.242130994796753	neg	aff
Vermont is a state.	state	-3.204737424850464	aff	aff
Vermont is a profession.	profession	-3.974013090133667	aff	neg
Vermont is not a profession.	profession	-3.918088912963867	neg	neg
Vermont is not a state.	state	-2.795586109161377	neg	aff
Mississippi is a state.	state	-2.967308282852173	aff	aff
Mississippi is a fish.	fish	-4.057315349578857	aff	neg
Mississippi is not a fish.	fish	-3.9926841259002686	neg	neg
Mississippi is not a state.	state	-2.78861403465271	neg	aff
Alaska is a state.	state	-3.4174458980560303	aff	aff
Alaska is a profession.	profession	-4.862483978271484	aff	neg
Alaska is not a profession.	profession	-4.389288902282715	neg	neg
Alaska is not a state.	state	-2.985153913497925	neg	aff
Colorado is a state.	state	-3.2276461124420166	aff	aff
Colorado is a metal.	metal	-5.686347007751465	aff	neg
Colorado is not a metal.	metal	-5.02843713760376	neg	neg
Colorado is not a state.	state	-3.2218284606933594	neg	aff
Hawaii is a state.	state	-3.5463435649871826	aff	aff
Hawaii is a sport.	sport	-4.545324802398682	aff	neg
Hawaii is not a sport.	sport	-4.266324043273926	neg	neg
Hawaii is not a state.	state	-3.035508155822754	neg	aff
Louisiana is a state.	state	-2.9547548294067383	aff	aff
Louisiana is a disease.	disease	-4.849925994873047	aff	neg
Louisiana is not a disease.	disease	-4.089544773101807	neg	neg
Louisiana is not a state.	state	-2.8020808696746826	neg	aff
Kentucky is a state.	state	-2.5936803817749023	aff	aff
Kentucky is a color.	color	-3.3121254444122314	aff	neg
Kentucky is not a color.	color	-3.5192267894744873	neg	neg
Kentucky is not a state.	state	-2.5762689113616943	neg	aff
Missouri is a state.	state	-3.1151463985443115	aff	aff
Missouri is a metal.	metal	-5.139427185058594	aff	neg
Missouri is not a metal.	metal	-4.63259744644165	neg	neg
Missouri is not a state.	state	-3.0180811882019043	neg	aff
Utah is a state.	state	-2.896400213241577	aff	aff
Utah is a toy.	toy	-4.847815036773682	aff	neg
Utah is not a toy.	toy	-3.962367057800293	neg	neg
Utah is not a state.	state	-2.620028495788574	neg	aff
Arizona is a state.	state	-3.1805014610290527	aff	aff
Arizona is a disease.	disease	-5.6836395263671875	aff	neg
Arizona is not a disease.	disease	-4.57547664642334	neg	neg
Arizona is not a state.	state	-2.804985284805298	neg	aff
Tennessee is a state.	state	-3.9577877521514893	aff	aff
Tennessee is a color.	color	-4.378829479217529	aff	neg
Tennessee is not a color.	color	-4.428813457489014	neg	neg
Tennessee is not a state.	state	-3.5705771446228027	neg	aff
Nevada is a state.	state	-3.0936903953552246	aff	aff
Nevada is a snake.	snake	-4.637556076049805	aff	neg
Nevada is not a snake.	snake	-4.570265769958496	neg	neg
Nevada is not a state.	state	-3.062159776687622	neg	aff
Montana is a state.	state	-3.11541485786438	aff	aff
Montana is a weapon.	weapon	-4.778947353363037	aff	neg
Montana is not a weapon.	weapon	-4.586012840270996	neg	neg
Montana is not a state.	state	-3.1460604667663574	neg	aff
Connecticut is a state.	state	-3.2711808681488037	aff	aff
Connecticut is an animal.	animal	-4.755307197570801	aff	neg
Connecticut is not an animal.	animal	-4.284411907196045	neg	neg
Connecticut is not a state.	state	-3.095357656478882	neg	aff
Arkansas is a state.	state	-2.871126413345337	aff	aff
Arkansas is an insect.	insect	-4.226169109344482	aff	neg
Arkansas is not an insect.	insect	-4.046761989593506	neg	neg
Arkansas is not a state.	state	-2.737882614135742	neg	aff
Minnesota is a state.	state	-3.413961410522461	aff	aff
Minnesota is a city.	city	-4.477904319763184	aff	neg
Minnesota is not a city.	city	-3.4973580837249756	neg	neg
Minnesota is not a state.	state	-3.368009328842163	neg	aff
Wyoming is a state.	state	-3.1553804874420166	aff	aff
Wyoming is an animal.	animal	-4.015927791595459	aff	neg
Wyoming is not an animal.	animal	-3.8529295921325684	neg	neg
Wyoming is not a state.	state	-2.852619171142578	neg	aff
Idaho is a state.	state	-3.02565860748291	aff	aff
Idaho is a furniture.	furniture	-5.807337284088135	aff	neg
Idaho is not a furniture.	furniture	-5.3942084312438965	neg	neg
Idaho is not a state.	state	-2.8812689781188965	neg	aff
Kansas is a state.	state	-3.4720869064331055	aff	aff
Kansas is a weapon.	weapon	-5.959333419799805	aff	neg
Kansas is not a weapon.	weapon	-4.950080871582031	neg	neg
Kansas is not a state.	state	-3.2669930458068848	neg	aff
Nebraska is a state.	state	-3.4131920337677	aff	aff
Nebraska is a disease.	disease	-5.762925624847412	aff	neg
Nebraska is not a disease.	disease	-4.722847938537598	neg	neg
Nebraska is not a state.	state	-3.320122480392456	neg	aff
Oklahoma is a state.	state	-2.7935075759887695	aff	aff
Oklahoma is a color.	color	-3.4522037506103516	aff	neg
Oklahoma is not a color.	color	-3.497957468032837	neg	neg
Oklahoma is not a state.	state	-2.7314748764038086	neg	aff
