context	target	target_logprob	best_target_variation	tokens	ctx_polarity	tgt_polarity
An aunt is a	relative	-3.3166857	Ġrelative	['woman', 'female', 'sister', 'person', 'mother']	aff	aff
An aunt is a	weapon	-11.93548	Ġweapon	['woman', 'female', 'sister', 'person', 'mother']	aff	neg
An aunt is not a	weapon	-11.151661	Ġweapon	['relative', 'mother', 'biological', 'parent', 'blood']	neg	neg
An aunt is not a	relative	-1.9983768	Ġrelative	['relative', 'mother', 'biological', 'parent', 'blood']	neg	aff
An uncle is a	relative	-3.3167095	Ġrelative	['father', 'person', 'male', 'man', 'brother']	aff	aff
An uncle is a	furniture	-14.564111	Ġfurniture	['father', 'person', 'male', 'man', 'brother']	aff	neg
An uncle is not a	furniture	-11.749227	Ġfurniture	['father', 'relative', 'parent', 'blood', 'biological']	neg	neg
An uncle is not a	relative	-2.2829762	Ġrelative	['father', 'relative', 'parent', 'blood', 'biological']	neg	aff
A father is a	relative	-8.132659	Ġrelative	['man', 'person', 'father', 'male', 'son']	aff	aff
A father is a	state	-9.925665	Ġstate	['man', 'person', 'father', 'male', 'son']	aff	neg
A father is not a	state	-9.672739	Ġstate	['father', 'man', 'biological', 'person', 'genetic']	neg	neg
A father is not a	relative	-8.5401	Ġrelative	['father', 'man', 'biological', 'person', 'genetic']	neg	aff
A mother is a	relative	-9.185945	Ġrelative	['woman', 'person', 'female', 'mother', 'very']	aff	aff
A mother is a	color	-12.997335	Ġcolor	['woman', 'person', 'female', 'mother', 'very']	aff	neg
A mother is not a	color	-12.909023	Ġcolor	['person', 'mother', 'nurse', 'single', 'function']	neg	neg
A mother is not a	relative	-9.883659	Ġrelative	['person', 'mother', 'nurse', 'single', 'function']	neg	aff
A brother is a	relative	-6.839943	Ġrelative	['friend', 'brother', 'gift', 'man', 'person']	aff	aff
A brother is a	vehicle	-10.765464	Ġvehicle	['friend', 'brother', 'gift', 'man', 'person']	aff	neg
A brother is not a	vehicle	-11.757124	Ġvehicle	['brother', 'friend', 'sister', 'person', 'father']	neg	neg
A brother is not a	relative	-4.565447	Ġrelative	['brother', 'friend', 'sister', 'person', 'father']	neg	aff
A sister is a	relative	-8.170692	Ġrelative	['gift', 'friend', 'special', 'person', 'girl']	aff	aff
A sister is a	metal	-13.555159	Ġmetal	['gift', 'friend', 'special', 'person', 'girl']	aff	neg
A sister is not a	metal	-10.682865	Ġmetal	['sister', 'person', 'friend', 'someone', 'replacement']	neg	neg
A sister is not a	relative	-4.476653	Ġrelative	['sister', 'person', 'friend', 'someone', 'replacement']	neg	aff
A cousin is a	relative	-1.1851254	Ġrelative	['relative', 'person', 'blood', 'type', 'child']	aff	aff
A cousin is a	bird	-8.664086	Ġbird	['relative', 'person', 'blood', 'type', 'child']	aff	neg
A cousin is not a	bird	-9.05471	Ġbird	['relative', 'blood', 'cousin', 'close', 'family']	neg	neg
A cousin is not a	relative	-1.6087942	Ġrelative	['relative', 'blood', 'cousin', 'close', 'family']	neg	aff
A grandmother is a	relative	-8.01242	Ġrelative	['woman', 'mother', 'special', 'person', 'grandmother']	aff	aff
A grandmother is a	vegetable	-11.662798	Ġvegetable	['woman', 'mother', 'special', 'person', 'grandmother']	aff	neg
A grandmother is not a	vegetable	-7.7738056	Ġvegetable	['person', 'woman', 'mother', 'little', 'young']	neg	neg
A grandmother is not a	relative	-5.4139013	Ġrelative	['person', 'woman', 'mother', 'little', 'young']	neg	aff
A grandfather is a	relative	-7.9275093	Ġrelative	['father', 'man', 'person', 'grandfather', 'special']	aff	aff
A grandfather is a	disease	-11.649088	Ġdisease	['father', 'man', 'person', 'grandfather', 'special']	aff	neg
A grandfather is not a	disease	-8.667988	Ġdisease	['father', 'grandfather', 'man', 'person', 'substitute']	neg	neg
A grandfather is not a	relative	-4.940654	Ġrelative	['father', 'grandfather', 'man', 'person', 'substitute']	neg	aff
A nephew is a	relative	-4.0933046	Ġrelative	['son', 'child', 'male', 'nephew', 'person']	aff	aff
A nephew is a	profession	-14.558745	Ġprofession	['son', 'child', 'male', 'nephew', 'person']	aff	neg
A nephew is not a	profession	-10.920535	Ġprofession	['relative', 'son', 'child', 'blood', 'brother']	neg	neg
A nephew is not a	relative	-2.2520924	Ġrelative	['relative', 'son', 'child', 'blood', 'brother']	neg	aff
A niece is a	relative	-5.011039	Ġrelative	['female', 'sister', 'daughter', 'niece', 'girl']	aff	aff
A niece is a	profession	-14.350956	Ġprofession	['female', 'sister', 'daughter', 'niece', 'girl']	aff	neg
A niece is not a	profession	-10.556571	Ġprofession	['relative', 'daughter', 'child', 'sister', 'blood']	neg	neg
A niece is not a	relative	-2.3543224	Ġrelative	['relative', 'daughter', 'child', 'sister', 'blood']	neg	aff
A husband is a	relative	-8.054663	Ġrelative	['man', 'wife', 'male', 'husband', 'person']	aff	aff
A husband is a	flower	-11.033022	Ġflower	['man', 'wife', 'male', 'husband', 'person']	aff	neg
A husband is not a	flower	-8.576771	Ġflower	['wife', 'father', 'man', 'replacement', 'woman']	neg	neg
A husband is not a	relative	-9.049032	Ġrelative	['wife', 'father', 'man', 'replacement', 'woman']	neg	aff
A son is a	relative	-9.814648	Ġrelative	['son', 'person', 'blessing', 'friend', 'boy']	aff	aff
A son is a	bird	-9.764985	Ġbird	['son', 'person', 'blessing', 'friend', 'boy']	aff	neg
A son is not a	bird	-8.412206	Ġbird	['son', 'father', 'man', 'replacement', 'piece']	neg	neg
A son is not a	relative	-8.32513	Ġrelative	['son', 'father', 'man', 'replacement', 'piece']	neg	aff
A daughter is a	relative	-10.742335	Ġrelative	['treasure', 'miracle', 'daughter', 'gift', 'mother']	aff	aff
A daughter is a	fish	-10.10202	Ġfish	['treasure', 'miracle', 'daughter', 'gift', 'mother']	aff	neg
A daughter is not a	fish	-7.1239023	Ġfish	['daughter', 'son', 'replacement', 'child', 'gift']	neg	neg
A daughter is not a	relative	-8.796814	Ġrelative	['daughter', 'son', 'replacement', 'child', 'gift']	neg	aff
A wife is a	relative	-8.074005	Ġrelative	['woman', 'female', 'person', 'wife', 'mother']	aff	aff
A wife is a	sport	-12.0216465	Ġsport	['woman', 'female', 'person', 'wife', 'mother']	aff	neg
A wife is not a	sport	-9.745301	Ġsport	['do', 'slave', 'property', 'piece', 'car']	neg	neg
A wife is not a	relative	-10.267458	Ġrelative	['do', 'slave', 'property', 'piece', 'car']	neg	aff
A grandmom is a	relative	-6.0131865	Ġrelative	['grandmother', 'woman', 'person', 'grand', 'grandma']	aff	aff
A grandmom is a	weapon	-10.717426	Ġweapon	['grandmother', 'woman', 'person', 'grand', 'grandma']	aff	neg
A grandmom is not a	weapon	-8.4004345	Ġweapon	['person', 'grand', 'grandma', 'grandmother', 'woman']	neg	neg
A grandmom is not a	relative	-5.5014057	Ġrelative	['person', 'grand', 'grandma', 'grandmother', 'woman']	neg	aff
A grandpop is a	relative	-6.2874527	Ġrelative	['grandfather', 'grand', 'male', 'man', 'person']	aff	aff
A grandpop is a	country	-10.844405	Ġcountry	['grandfather', 'grand', 'male', 'man', 'person']	aff	neg
A grandpop is not a	country	-9.506458	Ġcountry	['grand', 'grandfather', 'person', 'man', 'word']	neg	neg
A grandpop is not a	relative	-4.395108	Ġrelative	['grand', 'grandfather', 'person', 'man', 'word']	neg	aff
An iron is a	metal	-3.198862	Ġmetal	['kitchen', 'device', 'tool', 'cooking', 'metal']	aff	aff
An iron is a	disease	-11.807489	Ġdisease	['kitchen', 'device', 'tool', 'cooking', 'metal']	aff	neg
An iron is not a	disease	-9.4792	Ġdisease	['good', 'tool', 'piece', 'very', 'kitchen']	neg	neg
An iron is not a	metal	-4.563792	Ġmetal	['good', 'tool', 'piece', 'very', 'kitchen']	neg	aff
A copper is a	metal	-3.068715	Ġmetal	['person', 'metal', 'copper', 'type', 'coin']	aff	aff
A copper is a	disease	-8.383497	Ġdisease	['person', 'metal', 'copper', 'type', 'coin']	aff	neg
A copper is not a	disease	-8.2870865	Ġdisease	['metal', 'good', 'copper', 'precious', 'very']	neg	neg
A copper is not a	metal	-2.5178442	Ġmetal	['metal', 'good', 'copper', 'precious', 'very']	neg	aff
A steel is a	metal	-1.8461437	Ġmetal	['metal', 'material', 'mixture', 'solid', 'type']	aff	aff
A steel is a	profession	-10.348465	Ġprofession	['metal', 'material', 'mixture', 'solid', 'type']	aff	neg
A steel is not a	profession	-10.497247	Ġprofession	['single', 'steel', 'pure', 'metal', 'homogeneous']	neg	neg
A steel is not a	metal	-3.0367298	Ġmetal	['single', 'steel', 'pure', 'metal', 'homogeneous']	neg	aff
A gold is a	metal	-3.5134802	Ġmetal	['precious', 'metal', 'small', 'gold', 'type']	aff	aff
A gold is a	relative	-7.8912945	Ġrelative	['precious', 'metal', 'small', 'gold', 'type']	aff	neg
A gold is not a	relative	-9.029354	Ġrelative	['gold', 'good', 'metal', 'precious', 'commodity']	neg	neg
A gold is not a	metal	-3.577631	Ġmetal	['gold', 'good', 'metal', 'precious', 'commodity']	neg	aff
An aluminum is a	metal	-1.7306204	Ġmetal	['metal', 'chemical', 'metallic', 'sil', 'material']	aff	aff
An aluminum is a	state	-8.527105	Ġstate	['metal', 'chemical', 'metallic', 'sil', 'material']	aff	neg
An aluminum is not a	state	-8.585862	Ġstate	['metal', 'good', 'pure', 'mineral', 'chemical']	neg	neg
An aluminum is not a	metal	-1.6516542	Ġmetal	['metal', 'good', 'pure', 'mineral', 'chemical']	neg	aff
A silver is a	metal	-3.928753	Ġmetal	['silver', 'coin', 'type', 'person', 'small']	aff	aff
A silver is an	animal	-4.772257	Ġanimal	['alloy', 'is', 'object', 'element', 'investment']	aff	neg
A silver is not an	animal	-5.118312	Ġanimal	['easy', 'investment', 'alloy', 'is', 'option']	neg	neg
A silver is not a	metal	-3.5216637	Ġmetal	['silver', 'metal', 'good', 'precious', 'coin']	neg	aff
A tin is a	metal	-2.7234802	Ġmetal	['container', 'metal', 'small', 'type', 'tin']	aff	aff
A tin is a	city	-8.617598	Ġcity	['container', 'metal', 'small', 'type', 'tin']	aff	neg
A tin is not a	city	-9.585825	Ġcity	['tin', 'can', 'container', 'good', 'box']	neg	neg
A tin is not a	metal	-4.196171	Ġmetal	['tin', 'can', 'container', 'good', 'box']	neg	aff
A zinc is a	metal	-2.3464384	Ġmetal	['metal', 'type', 'small', 'zinc', 'metallic']	aff	aff
A zinc is a	bird	-9.409773	Ġbird	['metal', 'type', 'small', 'zinc', 'metallic']	aff	neg
A zinc is not a	bird	-8.112606	Ġbird	['metal', 'good', 'mineral', 'zinc', 'transition']	neg	neg
A zinc is not a	metal	-2.0413399	Ġmetal	['metal', 'good', 'mineral', 'zinc', 'transition']	neg	aff
A brass is a	metal	-1.9731874	Ġmetal	['metal', 'mixture', 'brass', 'type', 'metallic']	aff	aff
A brass is a	furniture	-11.241869	Ġfurniture	['metal', 'mixture', 'brass', 'type', 'metallic']	aff	neg
A brass is not a	furniture	-8.7238245	Ġfurniture	['metal', 'brass', 'good', 'material', 'solid']	neg	neg
A brass is not a	metal	-2.097087	Ġmetal	['metal', 'brass', 'good', 'material', 'solid']	neg	aff
A lead is a	metal	-10.834622	Ġmetal	['person', 'potential', 'contact', 'prospect', 'prospective']	aff	aff
A lead is a	color	-11.745416	Ġcolor	['person', 'potential', 'contact', 'prospect', 'prospective']	aff	neg
A lead is not a	color	-12.112469	Ġcolor	['lead', 'sale', 'customer', 'prospect', 'sales']	neg	neg
A lead is not a	metal	-11.143023	Ġmetal	['lead', 'sale', 'customer', 'prospect', 'sales']	neg	aff
A bronze is a	metal	-2.3146076	Ġmetal	['metal', 'bronze', 'type', 'sculpture', 'coin']	aff	aff
A bronze is a	vehicle	-8.742033	Ġvehicle	['metal', 'bronze', 'type', 'sculpture', 'coin']	aff	neg
A bronze is not a	vehicle	-8.42792	Ġvehicle	['bronze', 'silver', 'bad', 'medal', 'metal']	neg	neg
A bronze is not a	metal	-3.4966555	Ġmetal	['bronze', 'silver', 'bad', 'medal', 'metal']	neg	aff
A magnesium is a	metal	-2.03269	Ġmetal	['metal', 'chemical', 'mineral', 'metallic', 'very']	aff	aff
A magnesium is a	tree	-8.840176	Ġtree	['metal', 'chemical', 'mineral', 'metallic', 'very']	aff	neg
A magnesium is not a	tree	-9.302348	Ġtree	['metal', 'good', 'transition', 'mineral', 'very']	neg	neg
A magnesium is not a	metal	-1.8758802	Ġmetal	['metal', 'good', 'transition', 'mineral', 'very']	neg	aff
A platinum is a	metal	-2.6879568	Ġmetal	['metal', 'precious', 'very', 'type', 'platinum']	aff	aff
A platinum is a	relative	-8.382032	Ġrelative	['metal', 'precious', 'very', 'type', 'platinum']	aff	neg
A platinum is not a	relative	-8.3554535	Ġrelative	['metal', 'precious', 'good', 'rare', 'platinum']	neg	neg
A platinum is not a	metal	-2.2560854	Ġmetal	['metal', 'precious', 'good', 'rare', 'platinum']	neg	aff
A nickel is a	metal	-2.5172758	Ġmetal	['coin', 'five', 'nickel', 'metal', 'small']	aff	aff
A nickel is a	weapon	-9.82838	Ġweapon	['coin', 'five', 'nickel', 'metal', 'small']	aff	neg
A nickel is not a	weapon	-8.364773	Ġweapon	['nickel', 'coin', 'penny', 'good', 'lot']	neg	neg
A nickel is not a	metal	-4.7404137	Ġmetal	['nickel', 'coin', 'penny', 'good', 'lot']	neg	aff
A sodium is a	metal	-3.639017	Ġmetal	['chemical', 'salt', 'type', 'sodium', 'compound']	aff	aff
A sodium is a	crime	-11.041528	Ġcrime	['chemical', 'salt', 'type', 'sodium', 'compound']	aff	neg
A sodium is not a	crime	-12.683729	Ġcrime	['metal', 'good', 'transition', 'gas', 'hal']	neg	neg
A sodium is not a	metal	-2.0532608	Ġmetal	['metal', 'good', 'transition', 'gas', 'hal']	neg	aff
A mercury is a	metal	-3.6183844	Ġmetal	['liquid', 'device', 'type', 'metal', 'small']	aff	aff
A mercury is a	furniture	-12.699921	Ġfurniture	['liquid', 'device', 'type', 'metal', 'small']	aff	neg
A mercury is not a	furniture	-12.263935	Ġfurniture	['good', 'metal', 'solid', 'liquid', 'gas']	neg	neg
A mercury is not a	metal	-2.3669558	Ġmetal	['good', 'metal', 'solid', 'liquid', 'gas']	neg	aff
A potassium is a	metal	-2.8796444	Ġmetal	['chemical', 'metal', 'type', 'mineral', 'c']	aff	aff
A potassium is a	disease	-8.379862	Ġdisease	['chemical', 'metal', 'type', 'mineral', 'c']	aff	neg
A potassium is not a	disease	-8.834379	Ġdisease	['metal', 'mineral', 'good', 'transition', 'gas']	neg	neg
A potassium is not a	metal	-2.4732218	Ġmetal	['metal', 'mineral', 'good', 'transition', 'gas']	neg	aff
A manganese is a	metal	-2.5335264	Ġmetal	['chemical', 'metal', 'mineral', 'metallic', 'sil']	aff	aff
A manganese is a	toy	-8.049221	Ġtoy	['chemical', 'metal', 'mineral', 'metallic', 'sil']	aff	neg
A manganese is not a	toy	-7.449353	Ġtoy	['metal', 'transition', 'mineral', 'good', 'rare']	neg	neg
A manganese is not a	metal	-2.3621101	Ġmetal	['metal', 'transition', 'mineral', 'good', 'rare']	neg	aff
A uranium is a	metal	-3.050128	Ġmetal	['chemical', 'radioactive', 'mineral', 'metal', 'naturally']	aff	aff
A uranium is a	color	-5.5058126	Ġcolor	['chemical', 'radioactive', 'mineral', 'metal', 'naturally']	aff	neg
A uranium is not a	color	-7.256898	Ġcolor	['metal', 'radioactive', 'mineral', 'chemical', 'good']	neg	neg
A uranium is not a	metal	-2.4223442	Ġmetal	['metal', 'radioactive', 'mineral', 'chemical', 'good']	neg	aff
A tungsten is a	metal	-2.2970972	Ġmetal	['chemical', 'metal', 'rare', 'metallic', 'very']	aff	aff
A tungsten is an	insect	-6.907256	ĠIn	['element', 'alloy', 'extremely', 'important', 'in']	aff	neg
A tungsten is not an	insect	-7.5223436	Ġinsect	['element', 'alloy', 'inert', 'ideal', 'easy']	neg	neg
A tungsten is not a	metal	-2.275591	Ġmetal	['metal', 'good', 'rare', 'very', 'precious']	neg	aff
A cobalt is a	metal	-3.1907969	Ġmetal	['mineral', 'metal', 'cob', 'type', 'small']	aff	aff
A cobalt is a	flower	-8.61353	Ġflower	['mineral', 'metal', 'cob', 'type', 'small']	aff	neg
A cobalt is not a	flower	-8.658396	Ġflower	['metal', 'rare', 'mineral', 'good', 'very']	neg	neg
A cobalt is not a	metal	-2.947462	Ġmetal	['metal', 'rare', 'mineral', 'good', 'very']	neg	aff
A titanium is a	metal	-1.9688768	Ġmetal	['metal', 'chemical', 'transition', 'metallic', 'very']	aff	aff
A titanium is a	country	-10.913858	Ġcountry	['metal', 'chemical', 'transition', 'metallic', 'very']	aff	neg
A titanium is not a	country	-9.186946	Ġcountry	['metal', 'good', 'steel', 'pure', 'precious']	neg	neg
A titanium is not a	metal	-1.9987984	Ġmetal	['metal', 'good', 'steel', 'pure', 'precious']	neg	aff
A chromium is a	metal	-2.1908627	Ġmetal	['chemical', 'metal', 'metallic', 'transition', 'mineral']	aff	aff
A chromium is a	bird	-10.4665365	Ġbird	['chemical', 'metal', 'metallic', 'transition', 'mineral']	aff	neg
A chromium is not a	bird	-8.754873	Ġbird	['transition', 'metal', 'good', 'mineral', 'chemical']	neg	neg
A chromium is not a	metal	-2.5320148	Ġmetal	['transition', 'metal', 'good', 'mineral', 'chemical']	neg	aff
An ore is a	metal	-4.244197	Ġmetal	['type', 'natural', 'mineral', 'rock', 'naturally']	aff	aff
An ore is a	tree	-10.507771	Ġtree	['type', 'natural', 'mineral', 'rock', 'naturally']	aff	neg
An ore is not a	tree	-9.111894	Ġtree	['mineral', 'pure', 'rock', 'solid', 'metal']	neg	neg
An ore is not a	metal	-3.411728	Ġmetal	['mineral', 'pure', 'rock', 'solid', 'metal']	neg	aff
A cadmium is a	metal	-2.5790548	Ġmetal	['chemical', 'metal', 'soft', 'metallic', 'heavy']	aff	aff
A cadmium is a	disease	-8.033583	Ġdisease	['chemical', 'metal', 'soft', 'metallic', 'heavy']	aff	neg
A cadmium is not a	disease	-7.9992714	Ġdisease	['good', 'metal', 'rare', 'transition', 'very']	neg	neg
A cadmium is not a	metal	-2.5502129	Ġmetal	['good', 'metal', 'rare', 'transition', 'very']	neg	aff
A lithium is a	metal	-3.0311728	Ġmetal	['chemical', 'metal', 'type', 'lithium', 'compound']	aff	aff
A lithium is a	sport	-9.825031	Ġsport	['chemical', 'metal', 'type', 'lithium', 'compound']	aff	neg
A lithium is not a	sport	-9.304011	Ġsport	['metal', 'transition', 'good', 'solid', 'chemical']	neg	neg
A lithium is not a	metal	-1.9771032	Ġmetal	['metal', 'transition', 'good', 'solid', 'chemical']	neg	aff
A dog is an	animal	-1.1989613	Ġanimal	['animal', 'excellent', 'amazing', 'individual', 'important']	aff	aff
A dog is a	sport	-11.072845	Ġsport	['man', 'person', 'human', 'dog', 'loyal']	aff	neg
A dog is not a	sport	-8.078591	Ġsport	['toy', 'human', 'dog', 'man', 'child']	neg	neg
A dog is not an	animal	-1.9010487	Ġanimal	['accessory', 'animal', 'object', 'in', 'ordinary']	neg	aff
A cat is an	animal	-1.0276604	Ġanimal	['animal', 'independent', 'ideal', 'excellent', 'amazing']	aff	aff
A cat is a	furniture	-11.539222	Ġfurniture	['cat', 'domestic', 'pet', 'wonderful', 'very']	aff	neg
A cat is not a	furniture	-7.5888577	Ġfurniture	['dog', 'small', 'cat', 'pet', 'person']	neg	neg
A cat is not an	animal	-1.664999	Ġanimal	['animal', 'object', 'accessory', 'easy', 'ordinary']	neg	aff
A horse is an	animal	-0.58393097	Ġanimal	['animal', 'equ', 'amazing', 'even', 'herb']	aff	aff
A horse is a	weapon	-9.522516	Ġweapon	['horse', 'large', 'hoof', 'mamm', 'four']	aff	neg
A horse is not a	weapon	-6.73664	Ġweapon	['horse', 'machine', 'car', 'living', 'dog']	neg	neg
A horse is not an	animal	-1.1504536	Ġanimal	['animal', 'ordinary', 'object', 'expensive', 'easy']	neg	aff
A cow is an	animal	-0.904932	Ġanimal	['animal', 'adult', 'excellent', 'important', 'herb']	aff	aff
A cow is a	fruit	-11.268358	Ġfruit	['female', 'domestic', 'bo', 'large', 'mamm']	aff	neg
A cow is not a	fruit	-7.2831783	Ġfruit	['cow', 'pig', 'machine', 'car', 'dog']	neg	neg
A cow is not an	animal	-1.6291065	Ġanimal	['animal', 'object', 'elephant', 'ox', 'ordinary']	neg	aff
A lion is an	animal	-1.0150948	Ġanimal	['animal', 'African', 'adult', 'amazing', 'impressive']	aff	aff
A lion is a	profession	-13.532561	Ġprofession	['large', 'member', 'mamm', 'majestic', 'carniv']	aff	neg
A lion is not a	profession	-10.968589	Ġprofession	['lion', 'cat', 'dog', 'tiger', 'horse']	neg	neg
A lion is not an	animal	-0.87493324	Ġanimal	['animal', 'ordinary', 'easy', 'elephant', 'individual']	neg	aff
A tiger is an	animal	-0.5309849	Ġanimal	['animal', 'endangered', 'amazing', 'extremely', 'apex']	aff	aff
A tiger is a	city	-9.551775	Ġcity	['large', 'carniv', 'powerful', 'member', 'mamm']	aff	neg
A tiger is not a	city	-9.401775	Ġcity	['cat', 'pet', 'dog', 'tiger', 'lion']	neg	neg
A tiger is not an	animal	-1.047678	Ġanimal	['animal', 'easy', 'ordinary', 'object', 'elephant']	neg	aff
An elephant is an	animal	-0.80548096	Ġanimal	['animal', 'elephant', 'African', 'enormous', 'amazing']	aff	aff
An elephant is a	flower	-7.6878557	Ġflower	['large', 'very', 'mamm', 'huge', 'member']	aff	neg
An elephant is not a	flower	-6.9343777	Ġflower	['horse', 'small', 'dog', 'bird', 'mouse']	neg	neg
An elephant is not an	animal	-1.4190063	Ġanimal	['elephant', 'animal', 'easy', 'ordinary', 'ox']	neg	aff
A pig is an	animal	-0.6821804	Ġanimal	['animal', 'omn', 'excellent', 'adult', 'even']	aff	aff
A pig is a	fruit	-10.315436	Ġfruit	['pig', 'domestic', 'mamm', 'farm', 'very']	aff	neg
A pig is not a	fruit	-7.3096323	Ġfruit	['pig', 'dog', 'cow', 'person', 'horse']	neg	neg
A pig is not an	animal	-1.2566814	Ġanimal	['animal', 'elephant', 'ordinary', 'object', 'apple']	neg	aff
A bear is an	animal	-0.48745728	Ġanimal	['animal', 'omn', 'adult', 'excellent', 'endangered']	aff	aff
A bear is a	weapon	-9.439352	Ġweapon	['large', 'bear', 'mamm', 'member', 'carniv']	aff	neg
A bear is not a	weapon	-6.5259933	Ġweapon	['bear', 'dog', 'cat', 'good', 'lion']	neg	neg
A bear is not an	animal	-0.7400589	Ġanimal	['animal', 'easy', 'elephant', 'ordinary', 'endangered']	neg	aff
A mouse is an	animal	-2.33877	Ġanimal	['input', 'animal', 'important', 'essential', 'excellent']	aff	aff
A mouse is a	weapon	-10.369393	Ġweapon	['small', 'rod', 'common', 'computer', 'pointing']	aff	neg
A mouse is not a	weapon	-7.8568983	Ġweapon	['computer', 'rat', 'cat', 'good', 'bird']	neg	neg
A mouse is not an	animal	-2.6105623	Ġanimal	['elephant', 'animal', 'insect', 'object', 'ordinary']	neg	aff
A rat is an	animal	-0.6911526	Ġanimal	['animal', 'omn', 'excellent', 'invasive', 'extremely']	aff	aff
A rat is a	fish	-8.739654	Ġfish	['rod', 'small', 'mamm', 'rat', 'common']	aff	neg
A rat is not a	fish	-6.2189445	Ġfish	['cat', 'rat', 'dog', 'mouse', 'person']	neg	neg
A rat is not an	animal	-1.3787117	Ġanimal	['animal', 'elephant', 'insect', 'ordinary', 'ideal']	neg	aff
A deer is an	animal	-0.5872688	Ġanimal	['animal', 'even', 'herb', 'ung', 'example']	aff	aff
A deer is an	insect	-6.8656864	Ġinsect	['animal', 'even', 'herb', 'ung', 'example']	aff	neg
A deer is not an	insect	-5.0871296	Ġinsect	['animal', 'endangered', 'elk', 'easy', 'ordinary']	neg	neg
A deer is not an	animal	-0.96227074	Ġanimal	['animal', 'endangered', 'elk', 'easy', 'ordinary']	neg	aff
A sheep is an	animal	-0.81313705	Ġanimal	['animal', 'herb', 'ov', 'excellent', 'ung']	aff	aff
A sheep is a	fish	-11.709003	Ġfish	['quadr', 'four', 'domestic', 'mamm', 'r']	aff	neg
A sheep is not a	fish	-4.9221516	Ġfish	['sheep', 'goat', 'dog', 'cow', 'lamb']	neg	neg
A sheep is not an	animal	-0.9283619	Ġanimal	['animal', 'easy', 'object', 'ordinary', 'ox']	neg	aff
A giraffe is an	animal	-1.0768471	Ġanimal	['animal', 'even', 'African', 'odd', 'herb']	aff	aff
A giraffe is a	color	-8.490567	Ġcolor	['large', 'r', 'tall', 'mamm', 'long']	aff	neg
A giraffe is not a	color	-6.98765	Ġcolor	['horse', 'camel', 'mamm', 'good', 'gir']	neg	neg
A giraffe is not an	animal	-0.88492584	Ġanimal	['animal', 'elephant', 'ordinary', 'easy', 'endangered']	neg	aff
A goat is an	animal	-1.0788593	Ġanimal	['animal', 'herb', 'excellent', 'ung', 'adult']	aff	aff
A goat is a	fruit	-12.249321	Ġfruit	['domestic', 'mamm', 'goat', 'r', 'hoof']	aff	neg
A goat is not a	fruit	-9.111652	Ġfruit	['sheep', 'dog', 'cow', 'goat', 'cat']	neg	neg
A goat is not an	animal	-1.0051956	Ġanimal	['animal', 'easy', 'ordinary', 'al', 'elephant']	neg	aff
A zebra is an	animal	-1.360157	Ġanimal	['equ', 'animal', 'African', 'even', 'herb']	aff	aff
A zebra is a	vegetable	-11.659761	Ġvegetable	['horse', 'black', 'type', 'species', 'member']	aff	neg
A zebra is not a	vegetable	-12.589132	Ġvegetable	['horse', 'white', 'black', 'z', 'type']	neg	neg
A zebra is not an	animal	-1.2985725	Ġanimal	['animal', 'equ', 'ordinary', 'alb', 'African']	neg	aff
A squirrel is an	animal	-0.6699486	Ġanimal	['animal', 'adorable', 'excellent', 'arb', 'interesting']	aff	aff
A squirrel is a	crime	-12.472103	Ġcrime	['small', 'rod', 'tree', 'mamm', 'type']	aff	neg
A squirrel is not a	crime	-9.562176	Ġcrime	['rod', 'bird', 'squirrel', 'dog', 'cat']	neg	neg
A squirrel is not an	animal	-1.0720329	Ġanimal	['animal', 'ordinary', 'easy', 'endangered', 'unusual']	neg	aff
A wolf is an	animal	-0.42423248	Ġanimal	['animal', 'omn', 'intelligent', 'excellent', 'amazing']	aff	aff
A wolf is a	bird	-6.9900913	Ġbird	['carniv', 'large', 'mamm', 'wild', 'wolf']	aff	neg
A wolf is not a	bird	-6.3976374	Ġbird	['dog', 'wolf', 'domestic', 'sheep', 'pet']	neg	neg
A wolf is not an	animal	-0.7573128	Ġanimal	['animal', 'ordinary', 'endangered', 'enemy', 'easy']	neg	aff
A donkey is an	animal	-0.9660759	Ġanimal	['animal', 'equ', 'ass', 'even', 'herb']	aff	aff
A donkey is a	crime	-11.666518	Ġcrime	['domestic', 'mamm', 'member', 'long', 'large']	aff	neg
A donkey is not a	crime	-10.612583	Ġcrime	['horse', 'don', 'dog', 'small', 'm']	neg	neg
A donkey is not an	animal	-1.2334232	Ġanimal	['animal', 'elephant', 'ass', 'easy', 'equ']	neg	aff
A rabbit is an	animal	-0.67661285	Ġanimal	['animal', 'herb', 'excellent', 'ideal', 'adorable']	aff	aff
A rabbit is a	bird	-7.055092	Ġbird	['small', 'mamm', 'rabbit', 'domestic', 'very']	aff	neg
A rabbit is not a	bird	-4.653452	Ġbird	['rod', 'cat', 'dog', 'good', 'hare']	neg	neg
A rabbit is not an	animal	-1.3746204	Ġanimal	['animal', 'easy', 'appropriate', 'ideal', 'ordinary']	neg	aff
A leopard is an	animal	-1.2515469	Ġanimal	['animal', 'ambush', 'extremely', 'agile', 'elegant']	aff	aff
A leopard is a	crime	-11.887503	Ġcrime	['big', 'member', 'large', 'beautiful', 'spotted']	aff	neg
A leopard is not a	crime	-9.764969	Ġcrime	['cat', 'lion', 'leopard', 'big', 'che']	neg	neg
A leopard is not an	animal	-0.78233147	Ġanimal	['animal', 'easy', 'ordinary', 'endangered', 'elephant']	neg	aff
A mule is an	animal	-0.51421356	Ġanimal	['animal', 'offspring', 'inf', 'equ', 'intermediate']	aff	aff
A mule is a	metal	-12.149615	Ġmetal	['hybrid', 'cross', 'sterile', 'domestic', 'male']	aff	neg
A mule is not a	metal	-10.635819	Ġmetal	['horse', 'don', 'cross', 'hybrid', 'm']	neg	neg
A mule is not an	animal	-0.9400101	Ġanimal	['animal', 'ox', 'equ', 'ass', 'ordinary']	neg	aff
A fox is an	animal	-0.8315697	Ġanimal	['animal', 'omn', 'excellent', 'intelligent', 'agile']	aff	aff
A fox is a	relative	-6.595557	Ġrelative	['member', 'carniv', 'mamm', 'wild', 'small']	aff	neg
A fox is not a	relative	-8.010929	Ġrelative	['dog', 'wolf', 'cat', 'fox', 'good']	neg	neg
A fox is not an	animal	-0.77407265	Ġanimal	['animal', 'ordinary', 'easy', 'enemy', 'owl']	neg	aff
A bull is an	animal	-1.2453518	Ġanimal	['animal', 'adult', 'un', 'aggressive', 'ox']	aff	aff
A bull is a	relative	-9.082093	Ġrelative	['male', 'ca', 'mature', 'bull', 'bo']	aff	neg
A bull is not a	relative	-10.233767	Ġrelative	['bull', 'cow', 'horse', 'man', 'dog']	neg	neg
A bull is not an	animal	-0.9812813	Ġanimal	['animal', 'ox', 'easy', 'elephant', 'ordinary']	neg	aff
A buffalo is an	animal	-0.63475037	Ġanimal	['animal', 'ox', 'adult', 'African', 'American']	aff	aff
A buffalo is a	profession	-14.386296	Ġprofession	['large', 'type', 'wild', 'bo', 'domestic']	aff	neg
A buffalo is not a	profession	-13.311432	Ġprofession	['cow', 'b', 'buffalo', 'bull', 'horse']	neg	neg
A buffalo is not an	animal	-1.1739922	Ġanimal	['animal', 'ox', 'ordinary', 'elephant', 'easy']	neg	aff
A moose is an	animal	-0.51880074	Ġanimal	['animal', 'ung', 'herb', 'even', 'extremely']	aff	aff
A moose is a	state	-9.539917	Ġstate	['large', 'type', 'mo', 'mamm', 'very']	aff	neg
A moose is not a	state	-9.680323	Ġstate	['deer', 'cow', 'horse', 'bear', 'bull']	neg	neg
A moose is not an	animal	-1.1188068	Ġanimal	['animal', 'elk', 'elephant', 'ox', 'ordinary']	neg	aff
A rhinoceros is an	animal	-0.9805527	Ġanimal	['animal', 'odd', 'even', 'enormous', 'herb']	aff	aff
A rhinoceros is a	country	-12.090336	Ġcountry	['large', 'member', 'species', 'group', 'mamm']	aff	neg
A rhinoceros is not a	country	-9.969231	Ġcountry	['horse', 'unicorn', 'dinosaur', 'rh', 'hipp']	neg	neg
A rhinoceros is not an	animal	-1.0921288	Ġanimal	['animal', 'elephant', 'easy', 'endangered', 'ordinary']	neg	aff
A camel is an	animal	-2.5593224	Ġanimal	['even', 'animal', 'odd', 'ung', 'herb']	aff	aff
A camel is a	tree	-9.934376	Ġtree	['large', 'domestic', 'mamm', 'h', 'hoof']	aff	neg
A camel is not a	tree	-8.132152	Ġtree	['horse', 'camel', 'cow', 'sheep', 'car']	neg	neg
A camel is not an	animal	-0.77370644	Ġanimal	['animal', 'elephant', 'ordinary', 'ox', 'easy']	neg	aff
An antelope is an	animal	-1.0568485	Ġanimal	['animal', 'even', 'African', 'art', 'herb']	aff	aff
An antelope is a	fish	-12.028881	Ġfish	['hoof', 'member', 'ho', 'type', 'mamm']	aff	neg
An antelope is not a	fish	-5.1188097	Ġfish	['deer', 'type', 'horse', 'goat', 'cow']	neg	neg
An antelope is not an	animal	-1.1476154	Ġanimal	['animal', 'ant', 'elephant', 'elk', 'insect']	neg	aff
A hippopotamus is an	animal	-1.7115841	Ġanimal	['animal', 'aquatic', 'African', 'even', 'enormous']	aff	aff
A hippopotamus is a	snake	-11.63414	Ġsnake	['large', 'mamm', 'semi', 'very', 'huge']	aff	neg
A hippopotamus is not a	snake	-6.636222	Ġsnake	['horse', 'pig', 'hipp', 'mamm', 'cow']	neg	neg
A hippopotamus is not an	animal	-1.4042892	Ġanimal	['animal', 'amphib', 'elephant', 'aquatic', 'herb']	neg	aff
A lamb is an	animal	-0.51506805	Ġanimal	['animal', 'un', 'infant', 'adult', 'immature']	aff	aff
A lamb is a	country	-10.516188	Ġcountry	['sheep', 'young', 'baby', 'domestic', 'male']	aff	neg
A lamb is not a	country	-9.572706	Ġcountry	['sheep', 'lamb', 'goat', 'pig', 'baby']	neg	neg
A lamb is not an	animal	-1.4191952	Ġanimal	['animal', 'adult', 'easy', 'old', 'ordinary']	neg	aff
A monkey is an	animal	-0.50994873	Ġanimal	['animal', 'ape', 'anthrop', 'Old', 'intelligent']	aff	aff
A monkey is a	bird	-7.255822	Ġbird	['pr', 'non', 'member', 'small', 'type']	aff	neg
A monkey is not a	bird	-3.6498013	Ġbird	['human', 'person', 'dog', 'man', 'machine']	neg	neg
A monkey is not an	animal	-1.1347961	Ġanimal	['animal', 'ape', 'alien', 'object', 'astronaut']	neg	aff
A raccoon is an	animal	-1.0950012	Ġanimal	['animal', 'omn', 'excellent', 'opportun', 'interesting']	aff	aff
A raccoon is a	fruit	-10.690649	Ġfruit	['small', 'mamm', 'medium', 'noct', 'member']	aff	neg
A raccoon is not a	fruit	-8.57431	Ġfruit	['dog', 'pet', 'cat', 'rod', 'good']	neg	neg
A raccoon is not an	animal	-0.57663345	Ġanimal	['animal', 'easy', 'ordinary', 'uncommon', 'unusual']	neg	aff
A panther is an	animal	-0.91114426	Ġanimal	['animal', 'African', 'extremely', 'adult', 'exotic']	aff	aff
A panther is a	sport	-10.702595	Ġsport	['large', 'big', 'black', 'type', 'wild']	aff	neg
A panther is not a	sport	-9.12101	Ġsport	['type', 'cat', 'lion', 'big', 'leopard']	neg	neg
A panther is not an	animal	-0.8813534	Ġanimal	['animal', 'endangered', 'actual', 'ordinary', 'African']	neg	aff
A llama is an	animal	-1.2771702	Ġanimal	['animal', 'even', 'al', 'herb', 'odd']	aff	aff
A llama is a	fruit	-11.47756	Ġfruit	['domestic', 'South', 'member', 'large', 'camel']	aff	neg
A llama is not a	fruit	-8.585953	Ġfruit	['camel', 'sheep', 'llama', 'horse', 'cow']	neg	neg
A llama is not an	animal	-2.12846	Ġanimal	['al', 'animal', 'elephant', 'Al', 'ordinary']	neg	aff
A skunk is an	animal	-0.5209007	Ġanimal	['animal', 'omn', 'excellent', 'interesting', 'adorable']	aff	aff
A skunk is a	bird	-9.399042	Ġbird	['mamm', 'small', 'must', 'member', 'type']	aff	neg
A skunk is not a	bird	-5.519684	Ġbird	['dog', 'cat', 'pet', 'bear', 'good']	neg	neg
A skunk is not an	animal	-0.40657234	Ġanimal	['animal', 'easy', 'aggressive', 'uncommon', 'ordinary']	neg	aff
A cheetah is an	animal	-1.0275154	Ġanimal	['animal', 'African', 'amazing', 'ambush', 'example']	aff	aff
A cheetah is a	metal	-12.084608	Ġmetal	['large', 'big', 'member', 'type', 'cat']	aff	neg
A cheetah is not a	metal	-10.691554	Ġmetal	['cat', 'big', 'lion', 'dog', 'tiger']	neg	neg
A cheetah is not an	animal	-1.5806885	Ġanimal	['animal', 'endangered', 'ordinary', 'easy', 'African']	neg	aff
A jaguar is an	animal	-1.2413273	Ġanimal	['animal', 'apex', 'extremely', 'endangered', 'amazing']	aff	aff
A jaguar is a	toy	-12.061537	Ġtoy	['large', 'big', 'wild', 'powerful', 'cat']	aff	neg
A jaguar is not a	toy	-5.471834	Ġtoy	['cat', 'lion', 'big', 'pan', 'tiger']	neg	neg
A jaguar is not an	animal	-1.0907726	Ġanimal	['animal', 'ordinary', 'endangered', 'easy', 'exotic']	neg	aff
A beaver is an	animal	-0.78154755	Ġanimal	['animal', 'aquatic', 'herb', 'excellent', 'even']	aff	aff
A beaver is a	bird	-9.992777	Ġbird	['large', 'rod', 'small', 'medium', 'semi']	aff	neg
A beaver is not a	bird	-4.54305	Ġbird	['rod', 'bear', 'be', 'fish', 'mamm']	neg	neg
A beaver is not an	animal	-0.7374096	Ġanimal	['animal', 'easy', 'endangered', 'aquatic', 'ordinary']	neg	aff
A gazelle is an	animal	-1.1062927	Ġanimal	['animal', 'ant', 'even', 'African', 'herb']	aff	aff
A gazelle is a	fish	-10.40383	Ġfish	['type', 'medium', 'hoof', 'small', 'species']	aff	neg
A gazelle is not a	fish	-5.677123	Ġfish	['gaz', 'deer', 'horse', 'goat', 'sheep']	neg	neg
A gazelle is not an	animal	-1.6503506	Ġanimal	['animal', 'ant', 'elephant', 'easy', 'ordinary']	neg	aff
A turtle is an	animal	-0.8583832	Ġanimal	['animal', 'aquatic', 'amphib', 'air', 'ancient']	aff	aff
A turtle is a	sport	-12.411208	Ġsport	['rept', 'turtle', 'type', 'small', 'cold']	aff	neg
A turtle is not a	sport	-9.633633	Ġsport	['tort', 'fish', 'rept', 'turtle', 'bird']	neg	neg
A turtle is not an	animal	-1.1505489	Ġanimal	['animal', 'amphib', 'easy', 'ordinary', 'aquatic']	neg	aff
An elk is an	animal	-0.9223671	Ġanimal	['animal', 'elk', 'ung', 'herb', 'ant']	aff	aff
An elk is a	profession	-15.795602	Ġprofession	['large', 'type', 'member', 'species', 'deer']	aff	neg
An elk is not a	profession	-13.600361	Ġprofession	['deer', 'cow', 'mo', 'horse', 'bull']	neg	neg
An elk is not an	animal	-1.5102844	Ġanimal	['elk', 'animal', 'ant', 'elephant', 'easy']	neg	aff
A blue is a	color	-3.7934923	Ġcolor	['blue', 'type', 'color', 'kind', 'small']	aff	aff
A blue is a	relative	-7.7871637	Ġrelative	['blue', 'type', 'color', 'kind', 'small']	aff	neg
A blue is not a	relative	-9.446829	Ġrelative	['blue', 'color', 'red', 'colour', 'green']	neg	neg
A blue is not a	color	-2.9685354	Ġcolor	['blue', 'color', 'red', 'colour', 'green']	neg	aff
A red is a	color	-4.026618	Ġcolor	['red', 'type', 'color', 'very', 'good']	aff	aff
A red is a	snake	-10.179895	Ġsnake	['red', 'type', 'color', 'very', 'good']	aff	neg
A red is not a	snake	-10.505104	Ġsnake	['red', 'good', 'blue', 'true', 'color']	neg	neg
A red is not a	color	-4.194318	Ġcolor	['red', 'good', 'blue', 'true', 'color']	neg	aff
A green is a	color	-4.217906	Ġcolor	['type', 'golf', 'par', 'shot', 'green']	aff	aff
A green is a	weapon	-9.213379	Ġweapon	['type', 'golf', 'par', 'shot', 'green']	aff	neg
A green is not a	weapon	-7.715512	Ġweapon	['green', 'good', 'hole', 'bad', 'place']	neg	neg
A green is not a	color	-4.2819347	Ġcolor	['green', 'good', 'hole', 'bad', 'place']	neg	aff
A yellow is a	color	-3.147212	Ġcolor	['yellow', 'color', 'type', 'colour', 'very']	aff	aff
A yellow is a	bird	-6.285061	Ġbird	['yellow', 'color', 'type', 'colour', 'very']	aff	neg
A yellow is not a	bird	-7.1301055	Ġbird	['yellow', 'red', 'color', 'green', 'blue']	neg	neg
A yellow is not a	color	-3.1751604	Ġcolor	['yellow', 'red', 'color', 'green', 'blue']	neg	aff
An orange is a	color	-7.307603	Ġcolor	['citrus', 'fruit', 'sweet', 'type', 'delicious']	aff	aff
An orange is a	flower	-10.150542	Ġflower	['citrus', 'fruit', 'sweet', 'type', 'delicious']	aff	neg
An orange is not a	flower	-6.6040573	Ġflower	['fruit', 't', 'perfect', 'citrus', 'piece']	neg	neg
An orange is not a	color	-5.003072	Ġcolor	['fruit', 't', 'perfect', 'citrus', 'piece']	neg	aff
A black is a	color	-3.9738455	Ġcolor	['black', 'type', 'color', 'person', 'card']	aff	aff
A black is a	city	-7.885747	Ġcity	['black', 'type', 'color', 'person', 'card']	aff	neg
A black is not a	city	-9.493607	Ġcity	['black', 'color', 'white', 'colour', 'person']	neg	neg
A black is not a	color	-2.2281504	Ġcolor	['black', 'color', 'white', 'colour', 'person']	neg	aff
A purple is a	color	-2.710147	Ġcolor	['color', 'type', 'purple', 'colour', 'shade']	aff	aff
A purple is a	metal	-7.3398466	Ġmetal	['color', 'type', 'purple', 'colour', 'shade']	aff	neg
A purple is not a	metal	-8.358875	Ġmetal	['color', 'purple', 'colour', 'good', 'blue']	neg	neg
A purple is not a	color	-1.7358112	Ġcolor	['color', 'purple', 'colour', 'good', 'blue']	neg	aff
A white is a	color	-3.7111864	Ġcolor	['white', 'wine', 'type', 'color', 'light']	aff	aff
A white is a	furniture	-9.4737015	Ġfurniture	['white', 'wine', 'type', 'color', 'light']	aff	neg
A white is not a	furniture	-11.259481	Ġfurniture	['white', 'color', 'black', 'colour', 'neutral']	neg	neg
A white is not a	color	-2.966032	Ġcolor	['white', 'color', 'black', 'colour', 'neutral']	neg	aff
A pink is a	color	-4.3192472	Ġcolor	['pink', 'type', 'small', 'kind', 'color']	aff	aff
A pink is a	sport	-8.620812	Ġsport	['pink', 'type', 'small', 'kind', 'color']	aff	neg
A pink is not a	sport	-9.184335	Ġsport	['pink', 'color', 'good', 'rose', 'red']	neg	neg
A pink is not a	color	-3.054638	Ġcolor	['pink', 'color', 'good', 'rose', 'red']	neg	aff
A brown is a	color	-3.48845	Ġcolor	['brown', 'type', 'color', 'horse', 'light']	aff	aff
A brown is a	metal	-7.406631	Ġmetal	['brown', 'type', 'color', 'horse', 'light']	aff	neg
A brown is not a	metal	-8.988313	Ġmetal	['brown', 'color', 'black', 'good', 'bad']	neg	neg
A brown is not a	color	-3.1765394	Ġcolor	['brown', 'color', 'black', 'good', 'bad']	neg	aff
A violet is a	color	-3.9430676	Ġcolor	['type', 'flower', 'violet', 'sweet', 'purple']	aff	aff
A violet is a	vegetable	-8.133125	Ġvegetable	['type', 'flower', 'violet', 'sweet', 'purple']	aff	neg
A violet is not a	vegetable	-7.6423645	Ġvegetable	['violet', 'blue', 'flower', 'purple', 'color']	neg	neg
A violet is not a	color	-4.0401793	Ġcolor	['violet', 'blue', 'flower', 'purple', 'color']	neg	aff
A gray is a	color	-3.8422747	Ġcolor	['unit', 'type', 'gray', 'color', 'small']	aff	aff
A gray is a	vehicle	-8.424661	Ġvehicle	['unit', 'type', 'gray', 'color', 'small']	aff	neg
A gray is not a	vehicle	-9.054839	Ġvehicle	['gray', 'color', 'good', 'black', 'grey']	neg	neg
A gray is not a	color	-2.1879892	Ġcolor	['gray', 'color', 'good', 'black', 'grey']	neg	aff
A turquoise is a	color	-4.5503836	Ġcolor	['gem', 'precious', 'mineral', 'stone', 'blue']	aff	aff
A turquoise is a	vehicle	-9.526718	Ġvehicle	['gem', 'precious', 'mineral', 'stone', 'blue']	aff	neg
A turquoise is not a	vehicle	-9.5695915	Ġvehicle	['gem', 'stone', 'precious', 'blue', 'diamond']	neg	neg
A turquoise is not a	color	-3.689602	Ġcolor	['gem', 'stone', 'precious', 'blue', 'diamond']	neg	aff
A gold is a	color	-5.736614	Ġcolor	['precious', 'metal', 'small', 'gold', 'type']	aff	aff
A gold is a	fish	-8.2085285	Ġfish	['precious', 'metal', 'small', 'gold', 'type']	aff	neg
A gold is not a	fish	-6.6878185	Ġfish	['gold', 'good', 'metal', 'precious', 'commodity']	neg	neg
A gold is not a	color	-5.784177	Ġcolor	['gold', 'good', 'metal', 'precious', 'commodity']	neg	aff
An indigo is a	color	-2.8692179	Ġcolor	['dye', 'blue', 'color', 'type', 'deep']	aff	aff
An indigo is a	furniture	-10.855468	Ġfurniture	['dye', 'blue', 'color', 'type', 'deep']	aff	neg
An indigo is not a	furniture	-9.85981	Ġfurniture	['color', 'blue', 'dye', 'true', 'bird']	neg	neg
An indigo is not a	color	-2.080842	Ġcolor	['color', 'blue', 'dye', 'true', 'bird']	neg	aff
A maroon is a	color	-3.398158	Ġcolor	['dark', 'red', 'person', 'type', 'redd']	aff	aff
A maroon is a	state	-9.428928	Ġstate	['dark', 'red', 'person', 'type', 'redd']	aff	neg
A maroon is not a	state	-8.11829	Ġstate	['color', 'red', 'mar', 'good', 'colour']	neg	neg
A maroon is not a	color	-2.7923298	Ġcolor	['color', 'red', 'mar', 'good', 'colour']	neg	aff
A chartreuse is a	color	-3.572091	Ġcolor	['type', 'cocktail', 'yellow', 'drink', 'fortified']	aff	aff
A chartreuse is a	country	-11.303304	Ġcountry	['type', 'cocktail', 'yellow', 'drink', 'fortified']	aff	neg
A chartreuse is not a	country	-7.085253	Ġcountry	['color', 'cocktail', 'green', 'chart', 'drink']	neg	neg
A chartreuse is not a	color	-2.2756815	Ġcolor	['color', 'cocktail', 'green', 'chart', 'drink']	neg	aff
A tan is a	color	-4.7100716	Ġcolor	['skin', 'form', 'type', 'beautiful', 'change']	aff	aff
A tan is a	profession	-12.914021	Ġprofession	['skin', 'form', 'type', 'beautiful', 'change']	aff	neg
A tan is not a	profession	-12.248724	Ġprofession	['tan', 'sign', 'disease', 'good', 'bad']	neg	neg
A tan is not a	color	-6.1795874	Ġcolor	['tan', 'sign', 'disease', 'good', 'bad']	neg	aff
A lavender is a	color	-5.0052814	Ġcolor	['plant', 'type', 'small', 'flower', 'flowering']	aff	aff
A lavender is a	vegetable	-7.821906	Ġvegetable	['plant', 'type', 'small', 'flower', 'flowering']	aff	neg
A lavender is not a	vegetable	-5.2362003	Ġvegetable	['lavender', 'flower', 'plant', 'rose', 'true']	neg	neg
A lavender is not a	color	-4.028515	Ġcolor	['lavender', 'flower', 'plant', 'rose', 'true']	neg	aff
A beige is a	color	-2.462081	Ġcolor	['color', 'light', 'type', 'beige', 'shade']	aff	aff
A beige is a	disease	-9.258944	Ġdisease	['color', 'light', 'type', 'beige', 'shade']	aff	neg
A beige is not a	disease	-9.863086	Ġdisease	['beige', 'color', 'neutral', 'colour', 'white']	neg	neg
A beige is not a	color	-2.1382103	Ġcolor	['beige', 'color', 'neutral', 'colour', 'white']	neg	aff
A silver is a	color	-6.0305586	Ġcolor	['silver', 'coin', 'type', 'person', 'small']	aff	aff
A silver is a	country	-8.9424515	Ġcountry	['silver', 'coin', 'type', 'person', 'small']	aff	neg
A silver is not a	country	-7.7505307	Ġcountry	['silver', 'metal', 'good', 'precious', 'coin']	neg	neg
A silver is not a	color	-5.241935	Ġcolor	['silver', 'metal', 'good', 'precious', 'coin']	neg	aff
An aqua is a	color	-4.5565615	Ġcolor	['type', 'water', 'body', 'small', 'large']	aff	aff
An aqua is a	fish	-5.2420635	Ġfish	['type', 'water', 'body', 'small', 'large']	aff	neg
An aqua is not a	fish	-2.172286	Ġfish	['fish', 'water', 'pond', 'good', 'type']	neg	neg
An aqua is not a	color	-4.3664103	Ġcolor	['fish', 'water', 'pond', 'good', 'type']	neg	aff
A magenta is a	color	-2.166747	Ġcolor	['color', 'shade', 'mag', 'pink', 'pigment']	aff	aff
A magenta is a	vehicle	-10.157201	Ġvehicle	['color', 'shade', 'mag', 'pink', 'pigment']	aff	neg
A magenta is not a	vehicle	-9.557648	Ġvehicle	['color', 'mag', 'colour', 'good', 'true']	neg	neg
A magenta is not a	color	-1.9701471	Ġcolor	['color', 'mag', 'colour', 'good', 'true']	neg	aff
An olive is a	color	-8.960677	Ġcolor	['fruit', 'small', 'dr', 'type', 'stone']	aff	aff
An olive is a	toy	-14.76704	Ġtoy	['fruit', 'small', 'dr', 'type', 'stone']	aff	neg
An olive is not a	toy	-7.6854095	Ġtoy	['fruit', 'vegetable', 'tree', 'nut', 'type']	neg	neg
An olive is not a	color	-5.9554157	Ġcolor	['fruit', 'vegetable', 'tree', 'nut', 'type']	neg	aff
A rose is a	color	-10.692266	Ġcolor	['rose', 'wo', 'flower', 'flowering', 'perennial']	aff	aff
A rose is a	flower	-2.7439795	Ġflower	['rose', 'wo', 'flower', 'flowering', 'perennial']	aff	neg
A rose is not a	flower	-4.103815	Ġflower	['rose', 'flower', 'weed', 'Rose', 'red']	neg	neg
A rose is not a	color	-9.054468	Ġcolor	['rose', 'flower', 'weed', 'Rose', 'red']	neg	aff
A mauve is a	color	-2.4367409	Ġcolor	['color', 'shade', 'purple', 'pale', 'member']	aff	aff
A mauve is a	sport	-11.092377	Ġsport	['color', 'shade', 'purple', 'pale', 'member']	aff	neg
A mauve is not a	sport	-9.466097	Ġsport	['color', 'colour', 'mau', 'flower', 'violet']	neg	neg
A mauve is not a	color	-2.3028917	Ġcolor	['color', 'colour', 'mau', 'flower', 'violet']	neg	aff
A chair is a	furniture	-4.2851152	Ġfurniture	['piece', 'chair', 'type', 'seat', 'place']	aff	aff
A chair is a	tree	-10.84302	Ġtree	['piece', 'chair', 'type', 'seat', 'place']	aff	neg
A chair is not a	tree	-5.8888245	Ġtree	['chair', 'piece', 'simple', 'place', 'luxury']	neg	neg
A chair is not a	furniture	-5.924946	Ġfurniture	['chair', 'piece', 'simple', 'place', 'luxury']	neg	aff
A table is a	furniture	-6.983448	Ġfurniture	['collection', 'two', 'rectangular', 'flat', 'piece']	aff	aff
A table is an	animal	-9.225026	Ġanimal	['arrangement', 'object', 'important', 'essential', 'array']	aff	neg
A table is not an	animal	-5.2434397	Ġanimal	['island', 'object', 'end', 'easy', 'ordinary']	neg	neg
A table is not a	furniture	-7.509325	Ġfurniture	['table', 'chair', 'piece', 'place', 'good']	neg	aff
A bed is a	furniture	-4.961385	Ġfurniture	['piece', 'place', 'large', 'big', 'great']	aff	aff
A bed is a	bird	-12.752102	Ġbird	['piece', 'place', 'large', 'big', 'great']	aff	neg
A bed is not a	bird	-8.475759	Ġbird	['bed', 'place', 'luxury', 'toy', 'piece']	neg	neg
A bed is not a	furniture	-6.36899	Ġfurniture	['bed', 'place', 'luxury', 'toy', 'piece']	neg	aff
A sofa is a	furniture	-4.2363243	Ġfurniture	['piece', 'great', 'large', 'long', 'big']	aff	aff
A sofa is a	fish	-14.459215	Ġfish	['piece', 'great', 'large', 'long', 'big']	aff	neg
A sofa is not a	fish	-11.180754	Ġfish	['sofa', 'piece', 'luxury', 'simple', 'small']	neg	neg
A sofa is not a	furniture	-4.647665	Ġfurniture	['sofa', 'piece', 'luxury', 'simple', 'small']	neg	aff
A desk is a	furniture	-4.3027077	Ġfurniture	['piece', 'flat', 'table', 'very', 'large']	aff	aff
A desk is a	sport	-12.468969	Ġsport	['piece', 'flat', 'table', 'very', 'large']	aff	neg
A desk is not a	sport	-10.16479	Ġsport	['desk', 'place', 'chair', 'table', 'piece']	neg	neg
A desk is not a	furniture	-5.995763	Ġfurniture	['desk', 'place', 'chair', 'table', 'piece']	neg	aff
A lamp is a	furniture	-9.504516	Ġfurniture	['device', 'source', 'portable', 'useful', 'power']	aff	aff
A lamp is a	flower	-11.689035	Ġflower	['device', 'source', 'portable', 'useful', 'power']	aff	neg
A lamp is not a	flower	-6.81351	Ġflower	['lamp', 'light', 'good', 'piece', 'toy']	neg	neg
A lamp is not a	furniture	-7.7583637	Ġfurniture	['lamp', 'light', 'good', 'piece', 'toy']	neg	aff
A couch is a	furniture	-4.2210045	Ġfurniture	['piece', 'great', 'sofa', 'large', 'type']	aff	aff
A couch is an	animal	-9.041998	Ġanimal	['essential', 'important', 'item', 'integral', 'excellent']	aff	neg
A couch is not an	animal	-6.7253046	Ġanimal	['easy', 'investment', 'item', 'ordinary', 'essential']	neg	neg
A couch is not a	furniture	-5.1386595	Ġfurniture	['couch', 'piece', 'sofa', 'bed', 'chair']	neg	aff
A dresser is a	furniture	-3.7171564	Ġfurniture	['piece', 'great', 'type', 'must', 'large']	aff	aff
A dresser is a	sport	-14.011402	Ġsport	['piece', 'great', 'type', 'must', 'large']	aff	neg
A dresser is not a	sport	-10.926745	Ġsport	['piece', 'luxury', 'dresser', 'simple', 'toy']	neg	neg
A dresser is not a	furniture	-4.732623	Ġfurniture	['piece', 'luxury', 'dresser', 'simple', 'toy']	neg	aff
A television is a	furniture	-9.482071	Ġfurniture	['device', 'display', 'set', 'tele', 'type']	aff	aff
A television is a	city	-11.283113	Ġcity	['device', 'display', 'set', 'tele', 'type']	aff	neg
A television is not a	city	-9.806226	Ġcity	['toy', 'television', 'good', 'luxury', 'computer']	neg	neg
A television is not a	furniture	-7.140156	Ġfurniture	['toy', 'television', 'good', 'luxury', 'computer']	neg	aff
A stool is a	furniture	-4.357254	Ġfurniture	['piece', 'type', 'simple', 'three', 'great']	aff	aff
A stool is a	city	-11.970278	Ġcity	['piece', 'type', 'simple', 'three', 'great']	aff	neg
A stool is not a	city	-10.230019	Ġcity	['chair', 'stool', 'piece', 'table', 'seat']	neg	neg
A stool is not a	furniture	-5.6703014	Ġfurniture	['chair', 'stool', 'piece', 'table', 'seat']	neg	aff
A bureau is a	furniture	-4.7466173	Ġfurniture	['piece', 'small', 'type', 'room', 'place']	aff	aff
A bureau is a	vegetable	-12.765349	Ġvegetable	['piece', 'small', 'type', 'room', 'place']	aff	neg
A bureau is not a	vegetable	-10.024084	Ġvegetable	['bureau', 'place', 'piece', 'cupboard', 'room']	neg	neg
A bureau is not a	furniture	-5.888502	Ġfurniture	['bureau', 'place', 'piece', 'cupboard', 'room']	neg	aff
A rug is a	furniture	-7.9130173	Ġfurniture	['great', 'piece', 'beautiful', 'textile', 'type']	aff	aff
A rug is a	profession	-13.38532	Ġprofession	['great', 'piece', 'beautiful', 'textile', 'type']	aff	neg
A rug is not a	profession	-11.859391	Ġprofession	['rug', 'piece', 'necessity', 'luxury', 'carpet']	neg	neg
A rug is not a	furniture	-5.128392	Ġfurniture	['rug', 'piece', 'necessity', 'luxury', 'carpet']	neg	aff
A bookcase is a	furniture	-4.011194	Ġfurniture	['piece', 'great', 'type', 'storage', 'perfect']	aff	aff
A bookcase is a	snake	-14.549213	Ġsnake	['piece', 'great', 'type', 'storage', 'perfect']	aff	neg
A bookcase is not a	snake	-11.568712	Ġsnake	['book', 'piece', 'luxury', 'simple', 'mere']	neg	neg
A bookcase is not a	furniture	-5.00484	Ġfurniture	['book', 'piece', 'luxury', 'simple', 'mere']	neg	aff
A cabinet is a	furniture	-6.3340387	Ġfurniture	['group', 'body', 'very', 'piece', 'vital']	aff	aff
A cabinet is a	snake	-13.118551	Ġsnake	['group', 'body', 'very', 'piece', 'vital']	aff	neg
A cabinet is not a	snake	-10.469957	Ġsnake	['piece', 'place', 'cabinet', 'luxury', 'simple']	neg	neg
A cabinet is not a	furniture	-5.489438	Ġfurniture	['piece', 'place', 'cabinet', 'luxury', 'simple']	neg	aff
A chest is a	furniture	-5.022729	Ġfurniture	['type', 'piece', 'chest', 'container', 'large']	aff	aff
A chest is an	insect	-9.071404	ĠIn	['item', 'object', 'important', 'essential', 'open']	aff	neg
A chest is not an	insect	-8.1551075	Ġinsect	['ordinary', 'easy', 'organ', 'end', 'item']	neg	neg
A chest is not a	furniture	-7.3336954	Ġfurniture	['chest', 'box', 'good', 'place', 'trunk']	neg	aff
A piano is a	furniture	-10.691052	Ġfurniture	['musical', 'great', 'wonderful', 'very', 'string']	aff	aff
A piano is a	snake	-15.796705	Ġsnake	['musical', 'great', 'wonderful', 'very', 'string']	aff	neg
A piano is not a	snake	-10.877623	Ġsnake	['toy', 'piano', 'simple', 'musical', 'piece']	neg	neg
A piano is not a	furniture	-6.8140793	Ġfurniture	['toy', 'piano', 'simple', 'musical', 'piece']	neg	aff
A footstool is a	furniture	-4.0809345	Ġfurniture	['small', 'piece', 'great', 'stool', 'useful']	aff	aff
A footstool is a	fish	-16.587315	Ġfish	['small', 'piece', 'great', 'stool', 'useful']	aff	neg
A footstool is not a	fish	-11.195492	Ġfish	['necessity', 'piece', 'luxury', 'foot', 'necessary']	neg	neg
A footstool is not a	furniture	-5.102829	Ġfurniture	['necessity', 'piece', 'luxury', 'foot', 'necessary']	neg	aff
A buffet is a	furniture	-12.387646	Ġfurniture	['meal', 'great', 'restaurant', 'style', 'type']	aff	aff
A buffet is a	relative	-10.872739	Ġrelative	['meal', 'great', 'restaurant', 'style', 'type']	aff	neg
A buffet is not a	relative	-10.586245	Ġrelative	['restaurant', 'buffet', 'meal', 'good', 'place']	neg	neg
A buffet is not a	furniture	-11.673911	Ġfurniture	['restaurant', 'buffet', 'meal', 'good', 'place']	neg	aff
A radio is a	furniture	-12.306153	Ġfurniture	['device', 'receiver', 'type', 'transmitter', 'trans']	aff	aff
A radio is a	weapon	-12.094273	Ġweapon	['device', 'receiver', 'type', 'transmitter', 'trans']	aff	neg
A radio is not a	weapon	-4.7173653	Ġweapon	['radio', 'toy', 'good', 'very', 'computer']	neg	neg
A radio is not a	furniture	-9.180445	Ġfurniture	['radio', 'toy', 'good', 'very', 'computer']	neg	aff
A stereo is a	furniture	-9.751671	Ġfurniture	['device', 'piece', 'great', 'type', 'system']	aff	aff
A stereo is a	crime	-13.210205	Ġcrime	['device', 'piece', 'great', 'type', 'system']	aff	neg
A stereo is not a	crime	-10.182171	Ġcrime	['stereo', 'car', 'speaker', 'necessity', 'piece']	neg	neg
A stereo is not a	furniture	-8.67906	Ġfurniture	['stereo', 'car', 'speaker', 'necessity', 'piece']	neg	aff
A hi-fi is a	furniture	-10.688747	Ġfurniture	['high', 'piece', 'stereo', 'device', 'home']	aff	aff
A hi-fi is a	sport	-12.180986	Ġsport	['high', 'piece', 'stereo', 'device', 'home']	aff	neg
A hi-fi is not a	sport	-9.550016	Ġsport	['hi', 'luxury', 'piece', 'stereo', 'high']	neg	neg
A hi-fi is not a	furniture	-8.034395	Ġfurniture	['hi', 'luxury', 'piece', 'stereo', 'high']	neg	aff
A picture is a	furniture	-13.858063	Ġfurniture	['thousand', 'story', 'powerful', 'window', 'picture']	aff	aff
A picture is a	metal	-10.652577	Ġmetal	['thousand', 'story', 'powerful', 'window', 'picture']	aff	neg
A picture is not a	metal	-11.1437645	Ġmetal	['picture', 'painting', 'story', 'lie', 'good']	neg	neg
A picture is not a	furniture	-11.002744	Ġfurniture	['picture', 'painting', 'story', 'lie', 'good']	neg	aff
A davenport is a	furniture	-5.422779	Ġfurniture	['type', 'small', 'piece', 'sofa', 'kind']	aff	aff
A davenport is a	fruit	-11.276209	Ġfruit	['type', 'small', 'piece', 'sofa', 'kind']	aff	neg
A davenport is not a	fruit	-8.576115	Ġfruit	['sofa', 'bed', 'piece', 'type', 'couch']	neg	neg
A davenport is not a	furniture	-6.1502037	Ġfurniture	['sofa', 'bed', 'piece', 'type', 'couch']	neg	aff
A bench is a	furniture	-3.8406734	Ġfurniture	['piece', 'long', 'raised', 'type', 'place']	aff	aff
A bench is a	fish	-12.382669	Ġfish	['piece', 'long', 'raised', 'type', 'place']	aff	neg
A bench is not a	fish	-8.494336	Ġfish	['bench', 'place', 'piece', 'chair', 'bed']	neg	neg
A bench is not a	furniture	-5.3419876	Ġfurniture	['bench', 'place', 'piece', 'chair', 'bed']	neg	aff
A divan is a	furniture	-5.750906	Ġfurniture	['long', 'type', 'low', 'piece', 'sofa']	aff	aff
A divan is a	state	-10.308807	Ġstate	['long', 'type', 'low', 'piece', 'sofa']	aff	neg
A divan is not a	state	-9.244234	Ġstate	['sofa', 'bed', 'couch', 'piece', 'div']	neg	neg
A divan is not a	furniture	-6.186551	Ġfurniture	['sofa', 'bed', 'couch', 'piece', 'div']	neg	aff
A hassock is a	furniture	-5.835142	Ġfurniture	['small', 'foot', 'low', 'type', 'short']	aff	aff
A hassock is a	vegetable	-14.082666	Ġvegetable	['small', 'foot', 'low', 'type', 'short']	aff	neg
A hassock is not a	vegetable	-9.275778	Ġvegetable	['foot', 'chair', 'pillow', 'piece', 'hass']	neg	neg
A hassock is not a	furniture	-6.1872663	Ġfurniture	['foot', 'chair', 'pillow', 'piece', 'hass']	neg	aff
A lounge is a	furniture	-7.4339724	Ġfurniture	['place', 'room', 'great', 'space', 'perfect']	aff	aff
A lounge is a	metal	-12.117689	Ġmetal	['place', 'room', 'great', 'space', 'perfect']	aff	neg
A lounge is not a	metal	-10.974993	Ġmetal	['place', 'lounge', 'living', 'room', 'bar']	neg	neg
A lounge is not a	furniture	-7.337158	Ġfurniture	['place', 'lounge', 'living', 'room', 'bar']	neg	aff
A mirror is a	furniture	-9.774299	Ġfurniture	['reflective', 'device', 'piece', 'flat', 'polished']	aff	aff
A mirror is a	bird	-11.103836	Ġbird	['reflective', 'device', 'piece', 'flat', 'polished']	aff	neg
A mirror is not a	bird	-7.962477	Ġbird	['window', 'mirror', 'reflection', 'good', 'real']	neg	neg
A mirror is not a	furniture	-10.781658	Ġfurniture	['window', 'mirror', 'reflection', 'good', 'real']	neg	aff
A refrigerator is a	furniture	-10.263067	Ġfurniture	['device', 'home', 'kitchen', 'very', 'machine']	aff	aff
A refrigerator is an	insect	-11.324802	ĠIn	['essential', 'appliance', 'important', 'indispensable', 'electrical']	aff	neg
A refrigerator is not an	insect	-10.745234	ĠIn	['appliance', 'ordinary', 'item', 'essential', 'easy']	neg	neg
A refrigerator is not a	furniture	-8.230588	Ġfurniture	['luxury', 'necessity', 'simple', 'new', 'toy']	neg	aff
A rocker is a	furniture	-4.9099474	Ġfurniture	['type', 'device', 'person', 'musical', 'piece']	aff	aff
A rocker is a	country	-9.080971	Ġcountry	['type', 'device', 'person', 'musical', 'piece']	aff	neg
A rocker is not a	country	-7.794218	Ġcountry	['rocker', 'rock', 'chair', 'good', 'toy']	neg	neg
A rocker is not a	furniture	-7.006959	Ġfurniture	['rocker', 'rock', 'chair', 'good', 'toy']	neg	aff
A stove is a	furniture	-8.544228	Ġfurniture	['device', 'heating', 'piece', 'great', 'stove']	aff	aff
A stove is a	relative	-9.962444	Ġrelative	['device', 'heating', 'piece', 'great', 'stove']	aff	neg
A stove is not a	relative	-10.49122	Ġrelative	['stove', 'luxury', 'fireplace', 'toy', 'good']	neg	neg
A stove is not a	furniture	-8.201141	Ġfurniture	['stove', 'luxury', 'fireplace', 'toy', 'good']	neg	aff
An apple is a	fruit	-1.5749702	Ġfruit	['sweet', 'fruit', 'type', 'great', 'perfect']	aff	aff
An apple is a	bird	-11.251179	Ġbird	['sweet', 'fruit', 'type', 'great', 'perfect']	aff	neg
An apple is not a	bird	-6.318713	Ġbird	['perfect', 'fruit', 'piece', 'banana', 'good']	neg	neg
An apple is not a	fruit	-2.9029408	Ġfruit	['perfect', 'fruit', 'piece', 'banana', 'good']	neg	aff
A orange is a	fruit	-2.298872	Ġfruit	['citrus', 'fruit', 'type', 'sweet', 'round']	aff	aff
A orange is a	state	-9.670312	Ġstate	['citrus', 'fruit', 'type', 'sweet', 'round']	aff	neg
A orange is not a	state	-9.089771	Ġstate	['fruit', 'circle', 'perfect', 'citrus', 'round']	neg	neg
A orange is not a	fruit	-1.6191635	Ġfruit	['fruit', 'circle', 'perfect', 'citrus', 'round']	neg	aff
A pear is a	fruit	-1.135706	Ġfruit	['fruit', 'type', 'sweet', 'stone', 'delicious']	aff	aff
A pear is a	vegetable	-5.947859	Ġvegetable	['fruit', 'type', 'sweet', 'stone', 'delicious']	aff	neg
A pear is not a	vegetable	-5.077545	Ġvegetable	['fruit', 'peach', 'pear', 'perfect', 'type']	neg	neg
A pear is not a	fruit	-2.396226	Ġfruit	['fruit', 'peach', 'pear', 'perfect', 'type']	neg	aff
A banana is a	fruit	-1.8127041	Ġfruit	['fruit', 'type', 'curved', 'delicious', 'banana']	aff	aff
A banana is a	metal	-12.258932	Ġmetal	['fruit', 'type', 'curved', 'delicious', 'banana']	aff	neg
A banana is not a	metal	-10.286839	Ġmetal	['fruit', 'banana', 'vegetable', 'berry', 'good']	neg	neg
A banana is not a	fruit	-1.2782536	Ġfruit	['fruit', 'banana', 'vegetable', 'berry', 'good']	neg	aff
A peach is a	fruit	-1.6358833	Ġfruit	['fruit', 'sweet', 'stone', 'juicy', 'delicious']	aff	aff
A peach is a	metal	-11.121631	Ġmetal	['fruit', 'sweet', 'stone', 'juicy', 'delicious']	aff	neg
A peach is not a	metal	-9.750721	Ġmetal	['peach', 'fruit', 'plum', 'stone', 'pear']	neg	neg
A peach is not a	fruit	-2.3343868	Ġfruit	['peach', 'fruit', 'plum', 'stone', 'pear']	neg	aff
A grape is a	fruit	-0.4688282	Ġfruit	['fruit', 'berry', 'type', 'small', 'non']	aff	aff
A grape is a	furniture	-16.151564	f	['fruit', 'berry', 'type', 'small', 'non']	aff	neg
A grape is not a	furniture	-13.305816	Ġfurniture	['grape', 'fruit', 'berry', 'vegetable', 'single']	neg	neg
A grape is not a	fruit	-2.2218924	Ġfruit	['grape', 'fruit', 'berry', 'vegetable', 'single']	neg	aff
A cherry is a	fruit	-1.3958244	Ġfruit	['fruit', 'sweet', 'f', 'small', 'type']	aff	aff
A cherry is a	sport	-13.962099	Ġsport	['fruit', 'sweet', 'f', 'small', 'type']	aff	neg
A cherry is not a	sport	-9.885784	Ġsport	['cherry', 'fruit', 'berry', 'stone', 'type']	neg	neg
A cherry is not a	fruit	-1.7617226	Ġfruit	['cherry', 'fruit', 'berry', 'stone', 'type']	neg	aff
A plum is a	fruit	-0.8618679	Ġfruit	['fruit', 'stone', 'type', 'dr', 'sweet']	aff	aff
A plum is a	vehicle	-11.3774185	Ġvehicle	['fruit', 'stone', 'type', 'dr', 'sweet']	aff	neg
A plum is not a	vehicle	-9.909618	Ġvehicle	['plum', 'fruit', 'peach', 'cherry', 'stone']	neg	neg
A plum is not a	fruit	-2.315071	Ġfruit	['plum', 'fruit', 'peach', 'cherry', 'stone']	neg	aff
A grapefruit is a	fruit	-2.8347292	Ġfruit	['citrus', 'large', 'hybrid', 'fruit', 'type']	aff	aff
A grapefruit is a	weapon	-11.463404	Ġweapon	['citrus', 'large', 'hybrid', 'fruit', 'type']	aff	neg
A grapefruit is not a	weapon	-9.7151	Ġweapon	['grape', 'citrus', 'fruit', 'lemon', 'type']	neg	neg
A grapefruit is not a	fruit	-2.431057	Ġfruit	['grape', 'citrus', 'fruit', 'lemon', 'type']	neg	aff
A lemon is a	fruit	-2.397211	Ġfruit	['citrus', 'type', 'fruit', 'small', 'round']	aff	aff
A lemon is a	disease	-9.780935	Ġdisease	['citrus', 'type', 'fruit', 'small', 'round']	aff	neg
A lemon is not a	disease	-7.704356	Ġdisease	['lemon', 'fruit', 'citrus', 'sweet', 'lime']	neg	neg
A lemon is not a	fruit	-2.1853971	Ġfruit	['lemon', 'fruit', 'citrus', 'sweet', 'lime']	neg	aff
A tangerine is a	fruit	-3.4447937	Ġfruit	['citrus', 'type', 'kind', 'sweet', 'variety']	aff	aff
A tangerine is an	animal	-9.7383995	Ġanimal	['orange', 'easy', 'edible', 'excellent', 'attractive']	aff	neg
A tangerine is not an	animal	-7.3011856	Ġanimal	['orange', 'easy', 'actual', 'apple', 'apr']	neg	neg
A tangerine is not a	fruit	-2.8019466	Ġfruit	['type', 'fruit', 't', 'kind', 'citrus']	neg	aff
An apricot is a	fruit	-0.42059326	Ġfruit	['fruit', 'small', 'stone', 'sweet', 'yellow']	aff	aff
An apricot is a	sport	-15.185237	Ġsport	['fruit', 'small', 'stone', 'sweet', 'yellow']	aff	neg
An apricot is not a	sport	-10.706645	Ġsport	['peach', 'fruit', 'stone', 'type', 'plum']	neg	neg
An apricot is not a	fruit	-2.6991282	Ġfruit	['peach', 'fruit', 'stone', 'type', 'plum']	neg	aff
A pineapple is a	fruit	-3.6323843	Ġfruit	['tropical', 'type', 'fruit', 'juicy', 'delicious']	aff	aff
A pineapple is a	weapon	-12.394592	Ġweapon	['tropical', 'type', 'fruit', 'juicy', 'delicious']	aff	neg
A pineapple is not a	weapon	-11.799105	Ġweapon	['fruit', 'berry', 'single', 'type', 'true']	neg	neg
A pineapple is not a	fruit	-1.4588146	Ġfruit	['fruit', 'berry', 'single', 'type', 'true']	neg	aff
A lime is a	fruit	-3.304181	Ġfruit	['citrus', 'hybrid', 'small', 'fruit', 'type']	aff	aff
A lime is a	flower	-11.425067	Ġflower	['citrus', 'hybrid', 'small', 'fruit', 'type']	aff	neg
A lime is not a	flower	-9.00974	Ġflower	['lemon', 'citrus', 'lime', 'fruit', 'type']	neg	neg
A lime is not a	fruit	-3.130764	Ġfruit	['lemon', 'citrus', 'lime', 'fruit', 'type']	neg	aff
A tomato is a	fruit	-1.397049	Ġfruit	['fruit', 'type', 'nutritious', 'berry', 'botanical']	aff	aff
A tomato is an	insect	-9.657441	Ġinsect	['edible', 'oval', 'incredibly', 'essential', 'excellent']	aff	neg
A tomato is not an	insect	-6.491728	Ġinsect	['apple', 'orange', 'animal', 'herb', 'egg']	neg	neg
A tomato is not a	fruit	-0.8519268	Ġfruit	['fruit', 'vegetable', 'berry', 'tomato', 'potato']	neg	aff
A strawberry is a	fruit	-1.7560959	Ġfruit	['fruit', 'soft', 'type', 'sweet', 'berry']	aff	aff
A strawberry is a	metal	-13.564535	Ġmetal	['fruit', 'soft', 'type', 'sweet', 'berry']	aff	neg
A strawberry is not a	metal	-11.089892	Ġmetal	['berry', 'fruit', 'strawberry', 'vegetable', 'banana']	neg	neg
A strawberry is not a	fruit	-2.0013504	Ġfruit	['berry', 'fruit', 'strawberry', 'vegetable', 'banana']	neg	aff
A watermelon is a	fruit	-1.841404	Ġfruit	['fruit', 'type', 'large', 'sweet', 'plant']	aff	aff
A watermelon is a	fish	-12.818889	Ġfish	['fruit', 'type', 'large', 'sweet', 'plant']	aff	neg
A watermelon is not a	fish	-6.165592	Ġfish	['fruit', 'mel', 'vegetable', 'water', 'type']	neg	neg
A watermelon is not a	fruit	-1.269001	Ġfruit	['fruit', 'mel', 'vegetable', 'water', 'type']	neg	aff
A prunes is a	fruit	-3.7101345	Ġfruit	['dried', 'dry', 'small', 'fruit', 'type']	aff	aff
A prunes is a	profession	-14.594345	Ġprofession	['dried', 'dry', 'small', 'fruit', 'type']	aff	neg
A prunes is not a	profession	-10.009642	Ġprofession	['prune', 'fruit', 'plum', 'dried', 'type']	neg	neg
A prunes is not a	fruit	-2.5104141	Ġfruit	['prune', 'fruit', 'plum', 'dried', 'type']	neg	aff
A cantalope is a	fruit	-1.8753433	Ġfruit	['type', 'fruit', 'mel', 'large', 'variety']	aff	aff
A cantalope is a	snake	-11.794114	Ġsnake	['type', 'fruit', 'mel', 'large', 'variety']	aff	neg
A cantalope is not a	snake	-8.17228	Ġsnake	['mel', 'fruit', 'cant', 'type', 'vegetable']	neg	neg
A cantalope is not a	fruit	-1.8688011	Ġfruit	['mel', 'fruit', 'cant', 'type', 'vegetable']	neg	aff
A raspberry is a	fruit	-1.9780369	Ġfruit	['multiple', 'fruit', 'small', 'sweet', 'soft']	aff	aff
A raspberry is a	snake	-13.467452	Ġsnake	['multiple', 'fruit', 'small', 'sweet', 'soft']	aff	neg
A raspberry is not a	snake	-10.123124	Ġsnake	['berry', 'raspberry', 'fruit', 'true', 'strawberry']	neg	neg
A raspberry is not a	fruit	-2.2915382	Ġfruit	['berry', 'raspberry', 'fruit', 'true', 'strawberry']	neg	aff
A pomegranate is a	fruit	-0.703825	Ġfruit	['fruit', 'round', 'red', 'decid', 'large']	aff	aff
A pomegranate is a	sport	-11.489592	Ġsport	['fruit', 'round', 'red', 'decid', 'large']	aff	neg
A pomegranate is not a	sport	-9.2549	Ġsport	['fruit', 'single', 'citrus', 'berry', 'simple']	neg	neg
A pomegranate is not a	fruit	-1.8304482	Ġfruit	['fruit', 'single', 'citrus', 'berry', 'simple']	neg	aff
A blueberry is a	fruit	-1.4066696	Ġfruit	['fruit', 'berry', 'small', 'flowering', 'perennial']	aff	aff
A blueberry is a	country	-11.2954445	Ġcountry	['fruit', 'berry', 'small', 'flowering', 'perennial']	aff	neg
A blueberry is not a	country	-9.483083	Ġcountry	['berry', 'fruit', 'blue', 'true', 'single']	neg	neg
A blueberry is not a	fruit	-2.2041092	Ġfruit	['berry', 'fruit', 'blue', 'true', 'single']	neg	aff
A mango is a	fruit	-2.878646	Ġfruit	['stone', 'juicy', 'sweet', 'fruit', 'f']	aff	aff
A mango is a	weapon	-12.771206	Ġweapon	['stone', 'juicy', 'sweet', 'fruit', 'f']	aff	neg
A mango is not a	weapon	-8.109592	Ġweapon	['mango', 'fruit', 'stone', 'banana', 'peach']	neg	neg
A mango is not a	fruit	-1.9311352	Ġfruit	['mango', 'fruit', 'stone', 'banana', 'peach']	neg	aff
An avocado is a	fruit	-1.2178574	Ġfruit	['fruit', 'type', 'pear', 'nutrient', 'delicious']	aff	aff
An avocado is an	insect	-9.497756	ĠIn	['edible', 'excellent', 'amazing', 'incredibly', 'oval']	aff	neg
An avocado is not an	insect	-7.4691114	Ġinsect	['apple', 'avocado', 'egg', 'ordinary', 'orange']	neg	neg
An avocado is not a	fruit	-1.0726051	Ġfruit	['fruit', 'vegetable', 'nut', 'berry', 'single']	neg	aff
A fig is a	fruit	-1.5258732	Ġfruit	['fruit', 'type', 'sweet', 'f', 'small']	aff	aff
A fig is a	flower	-3.8965826	Ġflower	['fruit', 'type', 'sweet', 'f', 'small']	aff	neg
A fig is not a	flower	-4.462743	Ġflower	['fruit', 'fig', 'tree', 'type', 'berry']	neg	neg
A fig is not a	fruit	-1.1868248	Ġfruit	['fruit', 'fig', 'tree', 'type', 'berry']	neg	aff
A raisin is a	fruit	-4.0183754	Ġfruit	['dried', 'grape', 'type', 'shr', 'dry']	aff	aff
A raisin is a	color	-12.130208	Ġcolor	['dried', 'grape', 'type', 'shr', 'dry']	aff	neg
A raisin is not a	color	-10.793588	Ġcolor	['grape', 'dried', 'rais', 'bad', 'lemon']	neg	neg
A raisin is not a	fruit	-4.5470657	Ġfruit	['grape', 'dried', 'rais', 'bad', 'lemon']	neg	aff
A coconut is a	fruit	-1.3316975	Ġfruit	['fruit', 'dr', 'fib', 'large', 'tropical']	aff	aff
A coconut is a	sport	-11.610098	Ġsport	['fruit', 'dr', 'fib', 'large', 'tropical']	aff	neg
A coconut is not a	sport	-10.2619	Ġsport	['nut', 'fruit', 'tree', 'coconut', 'single']	neg	neg
A coconut is not a	fruit	-1.693512	Ġfruit	['nut', 'fruit', 'tree', 'coconut', 'single']	neg	aff
A nectarine is a	fruit	-2.275259	Ġfruit	['type', 'smooth', 'fruit', 'peach', 'variety']	aff	aff
A nectarine is a	profession	-16.799576	Ġprofession	['type', 'smooth', 'fruit', 'peach', 'variety']	aff	neg
A nectarine is not a	profession	-12.872551	Ġprofession	['peach', 'cross', 'type', 'plum', 'stone']	neg	neg
A nectarine is not a	fruit	-4.845007	Ġfruit	['peach', 'cross', 'type', 'plum', 'stone']	neg	aff
A berry is a	fruit	-3.582716	Ġfruit	['small', 'f', 'fruit', 'soft', 'juicy']	aff	aff
A berry is a	state	-12.683594	Ġstate	['small', 'f', 'fruit', 'soft', 'juicy']	aff	neg
A berry is not a	state	-10.294258	Ġstate	['berry', 'fruit', 'true', 'vegetable', 'type']	neg	neg
A berry is not a	fruit	-1.393507	Ġfruit	['berry', 'fruit', 'true', 'vegetable', 'type']	neg	aff
A melon is a	fruit	-2.375146	Ġfruit	['sweet', 'type', 'fruit', 'vine', 'plant']	aff	aff
A melon is a	furniture	-18.21211	f	['sweet', 'type', 'fruit', 'vine', 'plant']	aff	neg
A melon is not a	furniture	-13.766649	Ġfurniture	['fruit', 'mel', 'vegetable', 'type', 'berry']	neg	neg
A melon is not a	fruit	-0.99877167	Ġfruit	['fruit', 'mel', 'vegetable', 'type', 'berry']	neg	aff
A kumquat is a	fruit	-2.6129074	Ġfruit	['small', 'citrus', 'fruit', 'type', 'tiny']	aff	aff
A kumquat is a	relative	-5.8410244	Ġrelative	['small', 'citrus', 'fruit', 'type', 'tiny']	aff	neg
A kumquat is not a	relative	-5.6219826	Ġrelative	['type', 'kum', 'citrus', 'true', 'fruit']	neg	neg
A kumquat is not a	fruit	-3.3139486	Ġfruit	['type', 'kum', 'citrus', 'true', 'fruit']	neg	aff
A knife is a	weapon	-3.325468	Ġweapon	['tool', 'cutting', 'knife', 'weapon', 'hand']	aff	aff
A knife is a	disease	-14.141608	Ġdisease	['tool', 'cutting', 'knife', 'weapon', 'hand']	aff	neg
A knife is not a	disease	-9.43994	Ġdisease	['weapon', 'toy', 'tool', 'gun', 'knife']	neg	neg
A knife is not a	weapon	-1.4100103	Ġweapon	['weapon', 'toy', 'tool', 'gun', 'knife']	neg	aff
A gun is a	weapon	-1.6952724	Ġweapon	['weapon', 'portable', 'device', 'tool', 'type']	aff	aff
A gun is a	sport	-10.782415	Ġsport	['weapon', 'portable', 'device', 'tool', 'type']	aff	neg
A gun is not a	sport	-7.4383955	Ġsport	['toy', 'tool', 'weapon', 'gun', 'good']	neg	neg
A gun is not a	weapon	-2.419693	Ġweapon	['toy', 'tool', 'weapon', 'gun', 'good']	neg	aff
A rifle is a	weapon	-2.4062872	Ġweapon	['firearm', 'long', 'weapon', 'shoulder', 'portable']	aff	aff
A rifle is a	city	-13.51608	Ġcity	['firearm', 'long', 'weapon', 'shoulder', 'portable']	aff	neg
A rifle is not a	city	-10.275789	Ġcity	['toy', 'handgun', 'gun', 'weapon', 'firearm']	neg	neg
A rifle is not a	weapon	-2.8250523	Ġweapon	['toy', 'handgun', 'gun', 'weapon', 'firearm']	neg	aff
A bomb is a	weapon	-2.9007854	Ġweapon	['device', 'type', 'weapon', 'container', 'self']	aff	aff
A bomb is a	sport	-12.925773	Ġsport	['device', 'type', 'weapon', 'container', 'self']	aff	neg
A bomb is not a	sport	-6.912033	Ġsport	['bomb', 'weapon', 'toy', 'good', 'gun']	neg	neg
A bomb is not a	weapon	-2.0816765	Ġweapon	['bomb', 'weapon', 'toy', 'good', 'gun']	neg	aff
A club is a	weapon	-9.564448	Ġweapon	['group', 'place', 'type', 'social', 'voluntary']	aff	aff
A club is a	fish	-10.527271	Ġfish	['group', 'place', 'type', 'social', 'voluntary']	aff	neg
A club is not a	fish	-8.393583	Ġfish	['club', 'place', 'building', 'business', 'group']	neg	neg
A club is not a	weapon	-7.5758643	Ġweapon	['club', 'place', 'building', 'business', 'group']	neg	aff
A sword is a	weapon	-2.382966	Ġweapon	['long', 'bl', 'weapon', 'type', 'melee']	aff	aff
A sword is a	city	-13.357296	Ġcity	['long', 'bl', 'weapon', 'type', 'melee']	aff	neg
A sword is not a	city	-10.566926	Ġcity	['weapon', 'sword', 'tool', 'toy', 'gun']	neg	neg
A sword is not a	weapon	-1.972682	Ġweapon	['weapon', 'sword', 'tool', 'toy', 'gun']	neg	aff
A pistol is a	weapon	-3.48882	Ġweapon	['handgun', 'type', 'short', 'firearm', 'hand']	aff	aff
A pistol is a	crime	-11.21393	Ġcrime	['handgun', 'type', 'short', 'firearm', 'hand']	aff	neg
A pistol is not a	crime	-8.087296	Ġcrime	['toy', 'weapon', 'gun', 'handgun', 'firearm']	neg	neg
A pistol is not a	weapon	-2.63406	Ġweapon	['toy', 'weapon', 'gun', 'handgun', 'firearm']	neg	aff
A rope is a	weapon	-10.703052	Ġweapon	['length', 'flexible', 'long', 'thin', 'group']	aff	aff
A rope is a	crime	-11.762979	Ġcrime	['length', 'flexible', 'long', 'thin', 'group']	aff	neg
A rope is not a	crime	-9.546989	Ġcrime	['rope', 'ladder', 'good', 'toy', 'chain']	neg	neg
A rope is not a	weapon	-5.3834305	Ġweapon	['rope', 'ladder', 'good', 'toy', 'chain']	neg	aff
A cannon is a	weapon	-3.019493	Ġweapon	['type', 'large', 'device', 'weapon', 'kind']	aff	aff
A cannon is a	bird	-12.994316	Ġbird	['type', 'large', 'device', 'weapon', 'kind']	aff	neg
A cannon is not a	bird	-7.447939	Ġbird	['gun', 'weapon', 'cannon', 'firearm', 'machine']	neg	neg
A cannon is not a	weapon	-2.6204824	Ġweapon	['gun', 'weapon', 'cannon', 'firearm', 'machine']	neg	aff
A spear is a	weapon	-2.713357	Ġweapon	['pole', 'sharp', 'weapon', 'sharpen', 'long']	aff	aff
A spear is a	toy	-11.430682	Ġtoy	['pole', 'sharp', 'weapon', 'sharpen', 'long']	aff	neg
A spear is not a	toy	-5.292865	Ġtoy	['spear', 'weapon', 'sword', 'gun', 'knife']	neg	neg
A spear is not a	weapon	-2.3466396	Ġweapon	['spear', 'weapon', 'sword', 'gun', 'knife']	neg	aff
A fists is a	weapon	-3.4707842	Ġweapon	['tool', 'type', 'weapon', 'common', 'hand']	aff	aff
A fists is a	vegetable	-9.493427	Ġvegetable	['tool', 'type', 'weapon', 'common', 'hand']	aff	neg
A fists is not a	vegetable	-7.880948	Ġvegetable	['weapon', 'gun', 'good', 'fist', 'tool']	neg	neg
A fists is not a	weapon	-2.0204916	Ġweapon	['weapon', 'gun', 'good', 'fist', 'tool']	neg	aff
A stick is a	weapon	-5.4963903	Ġweapon	['stick', 'long', 'thin', 'straight', 'simple']	aff	aff
A stick is a	fruit	-9.994423	Ġfruit	['stick', 'long', 'thin', 'straight', 'simple']	aff	neg
A stick is not a	fruit	-6.7696047	Ġfruit	['stick', 'weapon', 'good', 'tree', 'tool']	neg	neg
A stick is not a	weapon	-3.5795784	Ġweapon	['stick', 'weapon', 'good', 'tree', 'tool']	neg	aff
A tank is a	weapon	-6.0594683	Ġweapon	['container', 'large', 'combat', 'tank', 'storage']	aff	aff
A tank is a	vegetable	-11.735547	Ġvegetable	['container', 'large', 'combat', 'tank', 'storage']	aff	neg
A tank is not a	vegetable	-8.376286	Ġvegetable	['tank', 'weapon', 'car', 'toy', 'good']	neg	neg
A tank is not a	weapon	-3.470233	Ġweapon	['tank', 'weapon', 'car', 'toy', 'good']	neg	aff
A poison is a	weapon	-9.084255	Ġweapon	['substance', 'chemical', 'toxic', 'toxin', 'type']	aff	aff
A poison is a	crime	-13.517269	Ġcrime	['substance', 'chemical', 'toxic', 'toxin', 'type']	aff	neg
A poison is not a	crime	-5.5677805	Ġcrime	['poison', 'substance', 'drug', 'food', 'toxin']	neg	neg
A poison is not a	weapon	-4.882127	Ġweapon	['poison', 'substance', 'drug', 'food', 'toxin']	neg	aff
A missile is a	weapon	-2.481083	Ġweapon	['projectile', 'self', 'weapon', 'rocket', 'guided']	aff	aff
A missile is a	country	-13.127487	Ġcountry	['projectile', 'self', 'weapon', 'rocket', 'guided']	aff	neg
A missile is not a	country	-7.391012	Ġcountry	['weapon', 'bomb', 'gun', 'missile', 'bullet']	neg	neg
A missile is not a	weapon	-1.6827774	Ġweapon	['weapon', 'bomb', 'gun', 'missile', 'bullet']	neg	aff
A bayonet is a	weapon	-4.2732096	Ġweapon	['knife', 'weapon', 'type', 'stabbing', 'long']	aff	aff
A bayonet is a	vehicle	-13.374841	Ġvehicle	['knife', 'weapon', 'type', 'stabbing', 'long']	aff	neg
A bayonet is not a	vehicle	-8.36886	Ġvehicle	['knife', 'weapon', 'sword', 'rifle', 'firearm']	neg	neg
A bayonet is not a	weapon	-2.594142	Ġweapon	['knife', 'weapon', 'sword', 'rifle', 'firearm']	neg	aff
A chain is a	weapon	-7.8197937	Ġweapon	['series', 'sequence', 'set', 'group', 'chain']	aff	aff
A chain is a	disease	-11.984829	Ġdisease	['series', 'sequence', 'set', 'group', 'chain']	aff	neg
A chain is not a	disease	-10.546404	Ġdisease	['chain', 'strong', 'link', 'rope', 'good']	neg	neg
A chain is not a	weapon	-6.368926	Ġweapon	['chain', 'strong', 'link', 'rope', 'good']	neg	aff
A whip is a	weapon	-4.9431973	Ġweapon	['tool', 'flexible', 'long', 'device', 'short']	aff	aff
A whip is a	country	-11.804871	Ġcountry	['tool', 'flexible', 'long', 'device', 'short']	aff	neg
A whip is not a	country	-9.231895	Ġcountry	['weapon', 'tool', 'whip', 'good', 'toy']	neg	neg
A whip is not a	weapon	-1.8055878	Ġweapon	['weapon', 'tool', 'whip', 'good', 'toy']	neg	aff
A hammer is a	weapon	-6.784335	Ġweapon	['tool', 'simple', 'hand', 'type', 'basic']	aff	aff
A hammer is a	disease	-15.376814	Ġdisease	['tool', 'simple', 'hand', 'type', 'basic']	aff	neg
A hammer is not a	disease	-9.927202	Ġdisease	['hammer', 'tool', 'good', 'weapon', 'screw']	neg	neg
A hammer is not a	weapon	-3.5190058	Ġweapon	['hammer', 'tool', 'good', 'weapon', 'screw']	neg	aff
A rock is a	weapon	-9.416861	Ġweapon	['solid', 'naturally', 'hard', 'natural', 'rock']	aff	aff
A rock is a	relative	-9.620876	Ġrelative	['solid', 'naturally', 'hard', 'natural', 'rock']	aff	neg
A rock is not a	relative	-10.167086	Ġrelative	['rock', 'living', 'stone', 'solid', 'tree']	neg	neg
A rock is not a	weapon	-6.343094	Ġweapon	['rock', 'living', 'stone', 'solid', 'tree']	neg	aff
An arrow is a	weapon	-3.3941708	Ġweapon	['projectile', 'device', 'straight', 'weapon', 'type']	aff	aff
An arrow is a	country	-12.249876	Ġcountry	['projectile', 'device', 'straight', 'weapon', 'type']	aff	neg
An arrow is not a	country	-8.934877	Ġcountry	['bullet', 'weapon', 'missile', 'projectile', 'straight']	neg	neg
An arrow is not a	weapon	-3.2018967	Ġweapon	['bullet', 'weapon', 'missile', 'projectile', 'straight']	neg	aff
A stone is a	weapon	-8.378859	Ġweapon	['rock', 'hard', 'solid', 'natural', 'type']	aff	aff
A stone is a	vegetable	-13.088612	Ġvegetable	['rock', 'hard', 'solid', 'natural', 'type']	aff	neg
A stone is not a	vegetable	-6.7465076	Ġvegetable	['stone', 'rock', 'living', 'thing', 'solid']	neg	neg
A stone is not a	weapon	-5.6792316	Ġweapon	['stone', 'rock', 'living', 'thing', 'solid']	neg	aff
A bazooka is a	weapon	-3.474698	Ġweapon	['man', 'shoulder', 'portable', 'single', 'one']	aff	aff
A bazooka is an	animal	-10.72353	Ġanimal	['anti', 'American', 'infantry', 'early', 'un']	aff	neg
A bazooka is not an	animal	-4.205841	Ġanimal	['actual', 'effective', 'automatic', 'instrument', 'ordinary']	neg	neg
A bazooka is not a	weapon	-2.295166	Ġweapon	['weapon', 'gun', 'rocket', 'firearm', 'toy']	neg	aff
A glass is a	weapon	-10.738449	Ġweapon	['non', 'transparent', 'type', 'liquid', 'glass']	aff	aff
A glass is a	flower	-10.728883	Ġflower	['non', 'transparent', 'type', 'liquid', 'glass']	aff	neg
A glass is not a	flower	-7.195446	Ġflower	['glass', 'cup', 'good', 'crystal', 'container']	neg	neg
A glass is not a	weapon	-6.6281776	Ġweapon	['glass', 'cup', 'good', 'crystal', 'container']	neg	aff
A slingshot is a	weapon	-3.0549011	Ġweapon	['simple', 'device', 'small', 'projectile', 'type']	aff	aff
A slingshot is a	crime	-12.334642	Ġcrime	['simple', 'device', 'small', 'projectile', 'type']	aff	neg
A slingshot is not a	crime	-9.001755	Ġcrime	['toy', 'weapon', 'gun', 'firearm', 'new']	neg	neg
A slingshot is not a	weapon	-1.9832563	Ġweapon	['toy', 'weapon', 'gun', 'firearm', 'new']	neg	aff
A blackjack is a	weapon	-5.407118	Ġweapon	['card', 'type', 'hand', 'game', '']	aff	aff
A blackjack is a	tree	-8.642561	Ġtree	['card', 'type', 'hand', 'game', '']	aff	neg
A blackjack is not a	tree	-7.4868517	Ġtree	['blackjack', 'card', 'game', 'good', 'real']	neg	neg
A blackjack is not a	weapon	-4.2965813	Ġweapon	['blackjack', 'card', 'game', 'good', 'real']	neg	aff
A revolver is a	weapon	-6.2670107	Ġweapon	['repeating', 'type', 'firearm', 'handgun', 'multi']	aff	aff
A revolver is a	furniture	-15.213444	Ġfurniture	['repeating', 'type', 'firearm', 'handgun', 'multi']	aff	neg
A revolver is not a	furniture	-13.040874	Ġfurniture	['handgun', 'pistol', 'good', 'semi', 'machine']	neg	neg
A revolver is not a	weapon	-4.087055	Ġweapon	['handgun', 'pistol', 'good', 'semi', 'machine']	neg	aff
A shotgun is a	weapon	-3.371151	Ġweapon	['firearm', 'long', 'type', 'smooth', 'gun']	aff	aff
A shotgun is a	color	-14.79351	Ġcolor	['firearm', 'long', 'type', 'smooth', 'gun']	aff	neg
A shotgun is not a	color	-10.791439	Ġcolor	['handgun', 'rifle', 'firearm', 'gun', 'pistol']	neg	neg
A shotgun is not a	weapon	-3.3738966	Ġweapon	['handgun', 'rifle', 'firearm', 'gun', 'pistol']	neg	aff
A pipe is a	weapon	-10.571213	Ġweapon	['tub', 'tube', 'cylindrical', 'hollow', 'long']	aff	aff
A pipe is a	fruit	-13.071089	Ġfruit	['tub', 'tube', 'cylindrical', 'hollow', 'long']	aff	neg
A pipe is not a	fruit	-7.6648216	Ġfruit	['pipe', 'simple', 'tube', 'straight', 'good']	neg	neg
A pipe is not a	weapon	-6.6266527	Ġweapon	['pipe', 'simple', 'tube', 'straight', 'good']	neg	aff
An A-bomb is a	weapon	-2.4863682	Ġweapon	['nuclear', 'type', 'weapon', 'bomb', 'device']	aff	aff
An A-bomb is a	bird	-11.630146	Ġbird	['nuclear', 'type', 'weapon', 'bomb', 'device']	aff	neg
An A-bomb is not a	bird	-8.495928	Ġbird	['weapon', 'nuclear', 'bomb', 'hydrogen', 'B']	neg	neg
An A-bomb is not a	weapon	-2.396513	Ġweapon	['weapon', 'nuclear', 'bomb', 'hydrogen', 'B']	neg	aff
An airplane is a	weapon	-7.1844225	Ġweapon	['vehicle', 'complex', 'fixed', 'powered', 'flying']	aff	aff
An airplane is a	state	-8.585404	Ġstate	['vehicle', 'complex', 'fixed', 'powered', 'flying']	aff	neg
An airplane is not a	state	-8.73517	Ġstate	['car', 'flying', 'toy', 'bird', 'good']	neg	neg
An airplane is not a	weapon	-6.185568	Ġweapon	['car', 'flying', 'toy', 'bird', 'good']	neg	aff
A bow is a	weapon	-2.0919333	Ġweapon	['weapon', 'string', 'tool', 'curved', 'flexible']	aff	aff
A bow is a	sport	-9.534831	Ġsport	['weapon', 'string', 'tool', 'curved', 'flexible']	aff	neg
A bow is not a	sport	-6.9184895	Ġsport	['bow', 'weapon', 'toy', 'tool', 'gun']	neg	neg
A bow is not a	weapon	-1.763874	Ġweapon	['bow', 'weapon', 'toy', 'tool', 'gun']	neg	aff
A dagger is a	weapon	-2.165803	Ġweapon	['knife', 'weapon', 'small', 'short', 'type']	aff	aff
A dagger is a	state	-10.153304	Ġstate	['knife', 'weapon', 'small', 'short', 'type']	aff	neg
A dagger is not a	state	-10.105303	Ġstate	['knife', 'sword', 'weapon', 'dagger', 'gun']	neg	neg
A dagger is not a	weapon	-2.4897785	Ġweapon	['knife', 'sword', 'weapon', 'dagger', 'gun']	neg	aff
A gas is a	weapon	-13.392106	Ġweapon	['state', 'substance', 'collection', 'fluid', 'type']	aff	aff
A gas is a	disease	-12.239467	Ġdisease	['state', 'substance', 'collection', 'fluid', 'type']	aff	neg
A gas is not a	disease	-12.759802	Ġdisease	['solid', 'liquid', 'pure', 'fluid', 'good']	neg	neg
A gas is not a	weapon	-10.952862	Ġweapon	['solid', 'liquid', 'pure', 'fluid', 'good']	neg	aff
A foot is a	weapon	-10.753672	Ġweapon	['unit', 'measurement', 'linear', 'measure', 'non']	aff	aff
A foot is an	animal	-5.0459127	Ġanimal	['anatom', 'organ', 'instrument', 'important', 'extremely']	aff	neg
A foot is not an	animal	-4.8324776	Ġanimal	['inch', 'organ', 'easy', 'append', 'ankle']	neg	neg
A foot is not a	weapon	-6.7387037	Ġweapon	['foot', 'hand', 'unit', 'good', 'small']	neg	aff
A hatchet is a	weapon	-5.558529	Ġweapon	['small', 'tool', 'hand', 'type', 'single']	aff	aff
A hatchet is a	fish	-13.532715	Ġfish	['small', 'tool', 'hand', 'type', 'single']	aff	neg
A hatchet is not a	fish	-7.786606	Ġfish	['tool', 'weapon', 'good', 'knife', 'hatch']	neg	neg
A hatchet is not a	weapon	-2.5222168	Ġweapon	['tool', 'weapon', 'good', 'knife', 'hatch']	neg	aff
A mortar is a	weapon	-4.1387396	Ġweapon	['device', 'container', 'projectile', 'small', 'type']	aff	aff
A mortar is a	metal	-7.2004166	Ġmetal	['device', 'container', 'projectile', 'small', 'type']	aff	neg
A mortar is not a	metal	-6.613058	Ġmetal	['weapon', 'gun', 'bomb', 'mortar', 'cannon']	neg	neg
A mortar is not a	weapon	-3.0880737	Ġweapon	['weapon', 'gun', 'bomb', 'mortar', 'cannon']	neg	aff
A scissors is a	weapon	-7.195305	Ġweapon	['hand', 'tool', 'handheld', 'cutting', 'device']	aff	aff
A scissors is a	profession	-11.683035	Ġprofession	['hand', 'tool', 'handheld', 'cutting', 'device']	aff	neg
A scissors is not a	profession	-9.743357	Ġprofession	['pair', 'tool', 'knife', 'good', 'scissors']	neg	neg
A scissors is not a	weapon	-4.1156673	Ġweapon	['pair', 'tool', 'knife', 'good', 'scissors']	neg	aff
A lance is a	weapon	-3.2403765	Ġweapon	['pole', 'long', 'type', 'weapon', 'shaft']	aff	aff
A lance is a	bird	-14.820341	Ġbird	['pole', 'long', 'type', 'weapon', 'shaft']	aff	neg
A lance is not a	bird	-8.378375	Ġbird	['spear', 'sword', 'weapon', 'lance', 'gun']	neg	neg
A lance is not a	weapon	-2.4008703	Ġweapon	['spear', 'sword', 'weapon', 'lance', 'gun']	neg	aff
A switchblade is a	weapon	-5.410472	Ġweapon	['knife', 'type', 'folding', 'small', 'pocket']	aff	aff
A switchblade is an	animal	-9.782069	Ġanimal	['automatic', 'illegal', 'American', 'everyday', 'item']	aff	neg
A switchblade is not an	animal	-7.4001665	Ġanimal	['ordinary', 'automatic', 'illegal', 'everyday', 'ideal']	neg	neg
A switchblade is not a	weapon	-2.2623348	Ġweapon	['knife', 'weapon', 'toy', 'pocket', 'good']	neg	aff
France is a	country	-1.2300892	Ġcountry	['country', 'beautiful', 'popular', 'nation', 'great']	aff	aff
France is a	tree	-10.735605	Ġtree	['country', 'beautiful', 'popular', 'nation', 'great']	aff	neg
France is not a	tree	-11.018967	Ġtree	['country', 'member', 'good', 'big', 'nation']	neg	neg
France is not a	country	-1.5893726	Ġcountry	['country', 'member', 'good', 'big', 'nation']	neg	aff
USA is a	country	-1.6195621	Ġcountry	['country', 'great', 'nation', 'very', 'land']	aff	aff
USA is a	flower	-12.321787	Ġflower	['country', 'great', 'nation', 'very', 'land']	aff	neg
USA is not a	flower	-11.464129	Ġflower	['country', 'good', 'safe', 'democracy', 'nation']	neg	neg
USA is not a	country	-1.8849411	Ġcountry	['country', 'good', 'safe', 'democracy', 'nation']	neg	aff
Russia is a	country	-1.449254	Ġcountry	['country', 'vast', 'huge', 'large', 'big']	aff	aff
Russia is a	weapon	-11.390877	Ġweapon	['country', 'vast', 'huge', 'large', 'big']	aff	neg
Russia is not a	weapon	-9.447906	Ġweapon	['threat', 'country', 'member', 'democracy', 'party']	neg	neg
Russia is not a	country	-2.6570673	Ġcountry	['threat', 'country', 'member', 'democracy', 'party']	neg	aff
England is a	country	-1.2501869	Ġcountry	['country', 'beautiful', 'nation', 'place', 'great']	aff	aff
England is a	furniture	-12.352552	Ġfurniture	['country', 'beautiful', 'nation', 'place', 'great']	aff	neg
England is not a	furniture	-13.05714	Ġfurniture	['country', 'nation', 'place', 'big', 'very']	neg	neg
England is not a	country	-1.490654	Ġcountry	['country', 'nation', 'place', 'big', 'very']	neg	aff
Germany is a	country	-1.4144421	Ġcountry	['country', 'popular', 'land', 'great', 'federal']	aff	aff
Germany is a	vehicle	-10.678546	Ġvehicle	['country', 'popular', 'land', 'great', 'federal']	aff	neg
Germany is not a	vehicle	-11.607779	Ġvehicle	['country', 'member', 'nation', 'good', 'big']	neg	neg
Germany is not a	country	-1.6758251	Ġcountry	['country', 'member', 'nation', 'good', 'big']	neg	aff
Canada is a	country	-1.3519783	Ġcountry	['country', 'land', 'beautiful', 'vast', 'great']	aff	aff
Canada is a	metal	-12.805139	Ġmetal	['country', 'land', 'beautiful', 'vast', 'great']	aff	neg
Canada is not a	metal	-11.075739	Ġmetal	['country', 'sign', 'member', 'nation', 'party']	neg	neg
Canada is not a	country	-1.8179283	Ġcountry	['country', 'sign', 'member', 'nation', 'party']	neg	aff
Italy is a	country	-1.2269688	Ġcountry	['country', 'beautiful', 'land', 'popular', 'great']	aff	aff
Italy is a	vehicle	-11.201652	Ġvehicle	['country', 'beautiful', 'land', 'popular', 'great']	aff	neg
Italy is not a	vehicle	-11.583881	Ġvehicle	['country', 'cheap', 'place', 'big', 'very']	neg	neg
Italy is not a	country	-1.3269529	Ġcountry	['country', 'cheap', 'place', 'big', 'very']	neg	aff
Spain is a	country	-1.230669	Ġcountry	['country', 'popular', 'beautiful', 'great', 'land']	aff	aff
Spain is a	profession	-13.945681	Ġprofession	['country', 'popular', 'beautiful', 'great', 'land']	aff	neg
Spain is not a	profession	-11.749681	Ġprofession	['country', 'member', 'cheap', 'very', 'big']	neg	neg
Spain is not a	country	-1.4502888	Ġcountry	['country', 'member', 'cheap', 'very', 'big']	neg	aff
Mexico is a	country	-1.2241497	Ġcountry	['country', 'beautiful', 'land', 'popular', 'large']	aff	aff
Mexico is a	city	-7.162944	Ġcity	['country', 'beautiful', 'land', 'popular', 'large']	aff	neg
Mexico is not a	city	-5.5588245	Ġcity	['country', 'safe', 'place', 'poor', 'member']	neg	neg
Mexico is not a	country	-1.6330833	Ġcountry	['country', 'safe', 'place', 'poor', 'member']	neg	aff
China is a	country	-1.56176	Ġcountry	['country', 'vast', 'huge', 'big', 'large']	aff	aff
China is a	weapon	-11.797376	Ġweapon	['country', 'vast', 'huge', 'big', 'large']	aff	neg
China is not a	weapon	-10.894245	Ġweapon	['country', 'democracy', 'threat', 'member', 'nation']	neg	neg
China is not a	country	-2.4917488	Ġcountry	['country', 'democracy', 'threat', 'member', 'nation']	neg	aff
Japan is a	country	-1.2743225	Ġcountry	['country', 'land', 'nation', 'fascinating', 'very']	aff	aff
Japan is a	flower	-11.596901	Ġflower	['country', 'land', 'nation', 'fascinating', 'very']	aff	neg
Japan is not a	flower	-11.098082	Ġflower	['country', 'place', 'very', 'big', 'cheap']	neg	neg
Japan is not a	country	-1.2927818	Ġcountry	['country', 'place', 'very', 'big', 'cheap']	neg	aff
Sweden is a	country	-1.3665142	Ġcountry	['country', 'constitutional', 'Nordic', 'Scandinavian', 'beautiful']	aff	aff
Sweden is a	crime	-10.339048	Ġcrime	['country', 'constitutional', 'Nordic', 'Scandinavian', 'beautiful']	aff	neg
Sweden is not a	crime	-7.029707	Ġcrime	['country', 'member', 'big', 'very', 'good']	neg	neg
Sweden is not a	country	-1.782011	Ġcountry	['country', 'member', 'big', 'very', 'good']	neg	aff
Brazil is a	country	-1.3586769	Ġcountry	['country', 'vast', 'huge', 'large', 'land']	aff	aff
Brazil is a	vegetable	-12.206467	Ġvegetable	['country', 'vast', 'huge', 'large', 'land']	aff	neg
Brazil is not a	vegetable	-10.083164	Ġvegetable	['country', 'place', 'safe', 'new', 'good']	neg	neg
Brazil is not a	country	-1.3478489	Ġcountry	['country', 'place', 'safe', 'new', 'good']	neg	aff
Switzerland is a	country	-1.8968735	Ġcountry	['country', 'land', 'small', 'beautiful', 'mountain']	aff	aff
Switzerland is a	fish	-11.592587	Ġfish	['country', 'land', 'small', 'beautiful', 'mountain']	aff	neg
Switzerland is not a	fish	-10.021901	Ġfish	['member', 'country', 'party', 'part', 'sign']	neg	neg
Switzerland is not a	country	-2.0742102	Ġcountry	['member', 'country', 'party', 'part', 'sign']	neg	aff
Ireland is a	country	-1.5385342	Ġcountry	['country', 'small', 'beautiful', 'land', 'great']	aff	aff
Ireland is a	profession	-13.596606	Ġprofession	['country', 'small', 'beautiful', 'land', 'great']	aff	neg
Ireland is not a	profession	-12.17297	Ġprofession	['country', 'member', 'big', 'place', 'very']	neg	neg
Ireland is not a	country	-1.8090467	Ġcountry	['country', 'member', 'big', 'place', 'very']	neg	aff
Australia is a	country	-1.7558975	Ġcountry	['country', 'land', 'vast', 'great', 'popular']	aff	aff
Australia is a	weapon	-14.303764	Ġweapon	['country', 'land', 'vast', 'great', 'popular']	aff	neg
Australia is not a	weapon	-12.4120865	Ġweapon	['country', 'nation', 'member', 'place', 'good']	neg	neg
Australia is not a	country	-1.8984308	Ġcountry	['country', 'nation', 'member', 'place', 'good']	neg	aff
Norway is a	country	-1.5103168	Ġcountry	['country', 'beautiful', 'Scandinavian', 'small', 'Nordic']	aff	aff
Norway is a	fruit	-12.829821	Ġfruit	['country', 'beautiful', 'Scandinavian', 'small', 'Nordic']	aff	neg
Norway is not a	fruit	-11.320378	Ġfruit	['country', 'member', 'big', 'very', 'popular']	neg	neg
Norway is not a	country	-1.7217464	Ġcountry	['country', 'member', 'big', 'very', 'popular']	neg	aff
India is a	country	-1.4065933	Ġcountry	['country', 'land', 'vast', 'nation', 'diverse']	aff	aff
India is a	crime	-10.91957	Ġcrime	['country', 'land', 'vast', 'nation', 'diverse']	aff	neg
India is not a	crime	-7.190014	Ġcrime	['country', 'poor', 'nation', 'sign', 'secular']	neg	neg
India is not a	country	-2.1461935	Ġcountry	['country', 'poor', 'nation', 'sign', 'secular']	neg	aff
Argentina is a	country	-1.1994934	Ġcountry	['country', 'land', 'South', 'beautiful', 'large']	aff	aff
Argentina is a	metal	-12.878694	Ġmetal	['country', 'land', 'South', 'beautiful', 'large']	aff	neg
Argentina is not a	metal	-10.322786	Ġmetal	['country', 'place', 'cheap', 'member', 'safe']	neg	neg
Argentina is not a	country	-1.4347658	Ġcountry	['country', 'place', 'cheap', 'member', 'safe']	neg	aff
Denmark is a	country	-1.6264496	Ġcountry	['country', 'small', 'Scandinavian', 'beautiful', 'Nordic']	aff	aff
Denmark is an	insect	-8.088478	ĠIn	['amazing', 'attractive', 'excellent', 'ideal', 'interesting']	aff	neg
Denmark is not an	insect	-9.326355	ĠIn	['easy', 'island', 'ordinary', 'ideal', 'Islamic']	neg	neg
Denmark is not a	country	-1.7285709	Ġcountry	['country', 'member', 'big', 'very', 'large']	neg	aff
Greece is a	country	-1.1963806	Ġcountry	['country', 'beautiful', 'popular', 'land', 'great']	aff	aff
Greece is a	tree	-11.0121155	Ġtree	['country', 'beautiful', 'popular', 'land', 'great']	aff	neg
Greece is not a	tree	-10.592134	Ġtree	['country', 'member', 'poor', 'place', 'safe']	neg	neg
Greece is not a	country	-1.7863998	Ġcountry	['country', 'member', 'poor', 'place', 'safe']	neg	aff
Poland is a	country	-1.1612911	Ġcountry	['country', 'beautiful', 'member', 'great', 'land']	aff	aff
Poland is a	fish	-10.610257	Ġfish	['country', 'beautiful', 'member', 'great', 'land']	aff	neg
Poland is not a	fish	-9.381975	Ġfish	['country', 'member', 'safe', 'big', 'popular']	neg	neg
Poland is not a	country	-1.765131	Ġcountry	['country', 'member', 'safe', 'big', 'popular']	neg	aff
Israel is a	country	-1.735321	Ġcountry	['country', 'small', 'land', 'nation', 'tiny']	aff	aff
Israel is a	disease	-11.952389	Ġdisease	['country', 'small', 'land', 'nation', 'tiny']	aff	neg
Israel is not a	disease	-10.032262	Ġdisease	['country', 'democracy', 'state', 'nation', 'safe']	neg	neg
Israel is not a	country	-2.5311918	Ġcountry	['country', 'democracy', 'state', 'nation', 'safe']	neg	aff
Africa is a	country	-4.3381634	Ġcountry	['continent', 'land', 'vast', 'diverse', 'large']	aff	aff
Africa is a	flower	-12.870356	Ġflower	['continent', 'land', 'vast', 'diverse', 'large']	aff	neg
Africa is not a	flower	-12.74925	Ġflower	['country', 'poor', 'Country', 'continent', 'nation']	neg	neg
Africa is not a	country	-0.6019554	Ġcountry	['country', 'poor', 'Country', 'continent', 'nation']	neg	aff
Austria is a	country	-1.5560741	Ġcountry	['country', 'land', 'small', 'beautiful', 'federal']	aff	aff
Austria is a	color	-12.258073	Ġcolor	['country', 'land', 'small', 'beautiful', 'federal']	aff	neg
Austria is not a	color	-10.91788	Ġcolor	['country', 'member', 'big', 'very', 'large']	neg	neg
Austria is not a	country	-1.8465366	Ġcountry	['country', 'member', 'big', 'very', 'large']	neg	aff
Scotland is a	country	-1.4780235	Ġcountry	['country', 'land', 'beautiful', 'nation', 'great']	aff	aff
Scotland is a	city	-7.650241	Ġcity	['country', 'land', 'beautiful', 'nation', 'great']	aff	neg
Scotland is not a	city	-5.3882895	Ġcity	['country', 'nation', 'place', 'member', 'small']	neg	neg
Scotland is not a	country	-1.5252657	Ġcountry	['country', 'nation', 'place', 'member', 'small']	neg	aff
Belgium is a	country	-1.5744133	Ġcountry	['small', 'country', 'beautiful', 'land', 'very']	aff	aff
Belgium is an	animal	-9.358529	Ġanimal	['amazing', 'independent', 'ideal', 'important', 'interesting']	aff	neg
Belgium is not an	animal	-7.184516	Ġanimal	['easy', 'island', 'independent', 'obvious', 'EU']	neg	neg
Belgium is not a	country	-1.6088924	Ġcountry	['country', 'member', 'big', 'very', 'large']	neg	aff
Cuba is a	country	-1.5580597	Ġcountry	['country', 'Caribbean', 'beautiful', 'small', 'tropical']	aff	aff
Cuba is a	toy	-13.481412	Ġtoy	['country', 'Caribbean', 'beautiful', 'small', 'tropical']	aff	neg
Cuba is not a	toy	-9.627598	Ġtoy	['country', 'place', 'safe', 'poor', 'member']	neg	neg
Cuba is not a	country	-1.8005123	Ġcountry	['country', 'place', 'safe', 'poor', 'member']	neg	aff
Portugal is a	country	-1.2943401	Ġcountry	['country', 'small', 'beautiful', 'great', 'popular']	aff	aff
Portugal is a	city	-6.9056616	Ġcity	['country', 'small', 'beautiful', 'great', 'popular']	aff	neg
Portugal is not a	city	-5.6138725	Ġcity	['country', 'big', 'very', 'member', 'popular']	neg	neg
Portugal is not a	country	-1.5396976	Ġcountry	['country', 'big', 'very', 'member', 'popular']	neg	aff
Egypt is a	country	-1.1478386	Ġcountry	['country', 'land', 'beautiful', 'nation', 'very']	aff	aff
Egypt is a	state	-5.1625404	Ġstate	['country', 'land', 'beautiful', 'nation', 'very']	aff	neg
Egypt is not a	state	-4.446537	Ġstate	['country', 'safe', 'place', 'democracy', 'good']	neg	neg
Egypt is not a	country	-1.9048271	Ġcountry	['country', 'safe', 'place', 'democracy', 'good']	neg	aff
Finland is a	country	-1.4572296	Ġcountry	['country', 'Nordic', 'land', 'member', 'great']	aff	aff
Finland is a	crime	-10.595375	Ġcrime	['country', 'Nordic', 'land', 'member', 'great']	aff	neg
Finland is not a	crime	-8.09615	Ġcrime	['member', 'country', 'big', 'very', 'popular']	neg	neg
Finland is not a	country	-1.767828	Ġcountry	['member', 'country', 'big', 'very', 'popular']	neg	aff
Turkey is a	country	-1.6458464	Ġcountry	['country', 'popular', 'large', 'beautiful', 'great']	aff	aff
Turkey is a	vehicle	-10.865388	Ġvehicle	['country', 'popular', 'large', 'beautiful', 'great']	aff	neg
Turkey is not a	vehicle	-11.339826	Ġvehicle	['country', 'member', 'safe', 'good', 'Muslim']	neg	neg
Turkey is not a	country	-2.159109	Ġcountry	['country', 'member', 'safe', 'good', 'Muslim']	neg	aff
Britain is a	country	-1.9879341	Ġcountry	['nation', 'country', 'great', 'land', 'small']	aff	aff
Britain is a	crime	-8.208394	Ġcrime	['nation', 'country', 'great', 'land', 'small']	aff	neg
Britain is not a	crime	-7.277091	Ġcrime	['Christian', 'country', 'nation', 'racist', 'democracy']	neg	neg
Britain is not a	country	-2.5894804	Ġcountry	['Christian', 'country', 'nation', 'racist', 'democracy']	neg	aff
Venezuela is a	country	-1.1190014	Ġcountry	['country', 'beautiful', 'South', 'nation', 'constitutional']	aff	aff
Venezuela is an	animal	-8.566393	Ġanimal	['oil', 'amazing', 'extremely', 'important', 'interesting']	aff	neg
Venezuela is not an	animal	-8.1800165	Ġanimal	['easy', 'oil', 'isolated', 'island', 'exception']	neg	neg
Venezuela is not a	country	-1.9666119	Ġcountry	['country', 'failed', 'democracy', 'dictatorship', 'socialist']	neg	aff
Iran is a	country	-1.3928127	Ġcountry	['country', 'nation', 'major', 'large', 'land']	aff	aff
Iran is a	toy	-13.318427	Ġtoy	['country', 'nation', 'major', 'large', 'land']	aff	neg
Iran is not a	toy	-9.346209	Ġtoy	['threat', 'member', 'country', 'terrorist', 'party']	neg	neg
Iran is not a	country	-2.948553	Ġcountry	['threat', 'member', 'country', 'terrorist', 'party']	neg	aff
Iraq is a	country	-1.095501	Ġcountry	['country', 'nation', 'land', 'sovereign', 'Middle']	aff	aff
Iraq is a	snake	-11.229623	Ġsnake	['country', 'nation', 'land', 'sovereign', 'Middle']	aff	neg
Iraq is not a	snake	-11.111263	Ġsnake	['country', 'safe', 'failed', 'democracy', 'place']	neg	neg
Iraq is not a	country	-2.3959436	Ġcountry	['country', 'safe', 'failed', 'democracy', 'place']	neg	aff
Holland is a	country	-3.1315527	Ġcountry	['small', 'city', 'beautiful', 'country', 'great']	aff	aff
Holland is a	tree	-9.5077095	Ġtree	['small', 'city', 'beautiful', 'country', 'great']	aff	neg
Holland is not a	tree	-9.761429	Ġtree	['country', 'big', 'place', 'large', 'very']	neg	neg
Holland is not a	country	-1.6789799	Ġcountry	['country', 'big', 'place', 'large', 'very']	neg	aff
Bolivia is a	country	-1.4496231	Ġcountry	['land', 'country', 'beautiful', 'South', 'nation']	aff	aff
Bolivia is a	metal	-13.293755	Ġmetal	['land', 'country', 'beautiful', 'South', 'nation']	aff	neg
Bolivia is not a	metal	-10.577362	Ġmetal	['country', 'safe', 'place', 'member', 'popular']	neg	neg
Bolivia is not a	country	-1.5182838	Ġcountry	['country', 'safe', 'place', 'member', 'popular']	neg	aff
Peru is a	country	-1.2168293	Ġcountry	['country', 'land', 'South', 'beautiful', 'very']	aff	aff
Peru is a	vegetable	-11.729627	Ġvegetable	['country', 'land', 'South', 'beautiful', 'very']	aff	neg
Peru is not a	vegetable	-10.405403	Ġvegetable	['country', 'place', 'cheap', 'very', 'big']	neg	neg
Peru is not a	country	-1.3280525	Ġcountry	['country', 'place', 'cheap', 'very', 'big']	neg	aff
Iceland is a	country	-1.6696243	Ġcountry	['country', 'land', 'beautiful', 'small', 'Nordic']	aff	aff
Iceland is a	tree	-10.68161	Ġtree	['country', 'land', 'beautiful', 'small', 'Nordic']	aff	neg
Iceland is not a	tree	-10.212644	Ġtree	['country', 'cheap', 'place', 'member', 'big']	neg	neg
Iceland is not a	country	-1.4416857	Ġcountry	['country', 'cheap', 'place', 'member', 'big']	neg	aff
Yugoslavia is a	country	-1.1909771	Ġcountry	['country', 'former', 'federal', 'federation', 'small']	aff	aff
Yugoslavia is an	animal	-9.029957	Ġanimal	['area', 'old', 'example', 'interesting', 'ancient']	aff	neg
Yugoslavia is not an	animal	-7.677643	Ġanimal	['easy', 'independent', 'exception', 'island', 'example']	neg	neg
Yugoslavia is not a	country	-1.4471436	Ġcountry	['country', 'member', 'nation', 'state', 'place']	neg	aff
Chile is a	country	-1.3301582	Ġcountry	['country', 'long', 'South', 'beautiful', 'land']	aff	aff
Chile is a	fish	-10.121647	Ġfish	['country', 'long', 'South', 'beautiful', 'land']	aff	neg
Chile is not a	fish	-8.808078	Ġfish	['country', 'place', 'big', 'very', 'large']	neg	neg
Chile is not a	country	-1.4066801	Ġcountry	['country', 'place', 'big', 'very', 'large']	neg	aff
Rumania is a	country	-0.97600174	Ġcountry	['country', 'land', 'nation', 'large', 'beautiful']	aff	aff
Rumania is a	snake	-11.845823	Ġsnake	['country', 'land', 'nation', 'large', 'beautiful']	aff	neg
Rumania is not a	snake	-11.615947	Ġsnake	['country', 'member', 'very', 'place', 'new']	neg	neg
Rumania is not a	country	-1.7901907	Ġcountry	['country', 'member', 'very', 'place', 'new']	neg	aff
Hungary is a	country	-1.4651489	Ġcountry	['country', 'land', 'beautiful', 'member', 'small']	aff	aff
Hungary is a	city	-7.4094477	Ġcity	['country', 'land', 'beautiful', 'member', 'small']	aff	neg
Hungary is not a	city	-7.0797787	Ġcity	['member', 'country', 'safe', 'popular', 'big']	neg	neg
Hungary is not a	country	-2.1653852	Ġcountry	['member', 'country', 'safe', 'popular', 'big']	neg	aff
Colombia is a	country	-1.1546478	Ġcountry	['country', 'beautiful', 'South', 'land', 'nation']	aff	aff
Colombia is a	profession	-14.736539	Ġprofession	['country', 'beautiful', 'South', 'land', 'nation']	aff	neg
Colombia is not a	profession	-12.888054	Ġprofession	['country', 'safe', 'place', 'very', 'new']	neg	neg
Colombia is not a	country	-1.3356657	Ġcountry	['country', 'safe', 'place', 'very', 'new']	neg	aff
A murder is a	crime	-2.2831116	Ġcrime	['murder', 'crime', 'killing', 'homicide', 'terrible']	aff	aff
A murder is a	country	-12.010871	Ġcountry	['murder', 'crime', 'killing', 'homicide', 'terrible']	aff	neg
A murder is not a	country	-9.50855	Ġcountry	['crime', 'murder', 'suicide', 'tragedy', 'simple']	neg	neg
A murder is not a	crime	-1.5905209	Ġcrime	['crime', 'murder', 'suicide', 'tragedy', 'simple']	neg	aff
A rape is a	crime	-2.2797976	Ġcrime	['rape', 'sexual', 'crime', 'serious', 'violent']	aff	aff
A rape is a	fruit	-12.743055	Ġfruit	['rape', 'sexual', 'crime', 'serious', 'violent']	aff	neg
A rape is not a	fruit	-10.277729	Ġfruit	['crime', 'rape', 'joke', 'date', 'âĢľ']	neg	neg
A rape is not a	crime	-2.0055704	Ġcrime	['crime', 'rape', 'joke', 'date', 'âĢľ']	neg	aff
A robbery is a	crime	-1.0802708	Ġcrime	['crime', 'theft', 'serious', 'criminal', 'type']	aff	aff
A robbery is a	bird	-13.347284	Ġbird	['crime', 'theft', 'serious', 'criminal', 'type']	aff	neg
A robbery is not a	bird	-12.504604	Ġbird	['crime', 'joke', 'good', 'robbery', 'simple']	neg	neg
A robbery is not a	crime	-2.1804018	Ġcrime	['crime', 'joke', 'good', 'robbery', 'simple']	neg	aff
A theft is a	crime	-0.95788383	Ġcrime	['crime', 'criminal', 'theft', 'type', 'serious']	aff	aff
A theft is a	color	-12.271306	Ġcolor	['crime', 'criminal', 'theft', 'type', 'serious']	aff	neg
A theft is not a	color	-10.350945	Ġcolor	['crime', 'theft', 'felony', 'minor', 'criminal']	neg	neg
A theft is not a	crime	-1.8657274	Ġcrime	['crime', 'theft', 'felony', 'minor', 'criminal']	neg	aff
An assault is a	crime	-1.5718327	Ġcrime	['criminal', 'crime', 'violent', 'serious', 'type']	aff	aff
An assault is a	state	-9.11976	Ġstate	['criminal', 'crime', 'violent', 'serious', 'type']	aff	neg
An assault is not a	state	-9.473411	Ġstate	['crime', 'criminal', 'simple', 'minor', 'joke']	neg	neg
An assault is not a	crime	-1.6469755	Ġcrime	['crime', 'criminal', 'simple', 'minor', 'joke']	neg	aff
A stealing is a	crime	-3.2092257	Ġcrime	['crime', 'type', 'theft', 'criminal', 'kind']	aff	aff
A stealing is a	tree	-8.078598	Ġtree	['crime', 'type', 'theft', 'criminal', 'kind']	aff	neg
A stealing is not a	tree	-9.545837	Ġtree	['stealing', 'theft', 'crime', 'robbery', 'good']	neg	neg
A stealing is not a	crime	-2.644884	Ġcrime	['stealing', 'theft', 'crime', 'robbery', 'good']	neg	aff
An arson is a	crime	-1.4391766	Ġcrime	['crime', 'fire', 'person', 'criminal', 'type']	aff	aff
An arson is a	color	-12.478403	Ġcolor	['crime', 'fire', 'person', 'criminal', 'type']	aff	neg
An arson is not a	color	-9.622782	Ġcolor	['crime', 'hate', 'simple', 'burglary', 'random']	neg	neg
An arson is not a	crime	-2.0518436	Ġcrime	['crime', 'hate', 'simple', 'burglary', 'random']	neg	aff
A burglary is a	crime	-1.2851448	Ġcrime	['crime', 'serious', 'criminal', 'very', 'type']	aff	aff
A burglary is a	vehicle	-11.048215	Ġvehicle	['crime', 'serious', 'criminal', 'very', 'type']	aff	neg
A burglary is not a	vehicle	-9.239859	Ġvehicle	['crime', 'victim', 'minor', 'pleasant', 'good']	neg	neg
A burglary is not a	crime	-2.399579	Ġcrime	['crime', 'victim', 'minor', 'pleasant', 'good']	neg	aff
A kidnapping is a	crime	-1.4425411	Ġcrime	['crime', 'serious', 'criminal', 'type', 'very']	aff	aff
A kidnapping is a	fruit	-12.89197	Ġfruit	['crime', 'serious', 'criminal', 'type', 'very']	aff	neg
A kidnapping is not a	fruit	-10.671564	Ġfruit	['kidnapping', 'crime', 'joke', 'good', 'game']	neg	neg
A kidnapping is not a	crime	-2.5674438	Ġcrime	['kidnapping', 'crime', 'joke', 'good', 'game']	neg	aff
A larceny is a	crime	-1.2268448	Ġcrime	['theft', 'crime', 'type', 'criminal', 'property']	aff	aff
A larceny is an	insect	-11.080595	ĠIn	['act', 'offense', 'unlawful', 'offence', 'illegal']	aff	neg
A larceny is not an	insect	-8.803551	Ġinsect	['offense', 'act', 'assault', 'offence', 'attempt']	neg	neg
A larceny is not a	crime	-2.362194	Ġcrime	['crime', 'felony', 'theft', 'l', 'violent']	neg	aff
An embezzling is a	crime	-1.9899111	Ġcrime	['crime', 'type', 'criminal', 'form', 'theft']	aff	aff
An embezzling is an	insect	-11.199003	ĠIn	['act', 'employee', 'individual', 'illegal', 'offense']	aff	neg
An embezzling is not an	insect	-10.012255	Ġinsect	['em', 'easy', 'ordinary', 'employee', 'act']	neg	neg
An embezzling is not a	crime	-2.1936798	Ġcrime	['crime', 'criminal', 'new', 'victim', 'good']	neg	aff
An adultery is a	crime	-2.481781	Ġcrime	['sexual', 'crime', 'form', 'violation', 'voluntary']	aff	aff
An adultery is a	snake	-13.351461	Ġsnake	['sexual', 'crime', 'form', 'violation', 'voluntary']	aff	neg
An adultery is not a	snake	-12.255077	Ġsnake	['crime', 'sin', 'criminal', 'ground', 'good']	neg	neg
An adultery is not a	crime	-1.2932568	Ġcrime	['crime', 'sin', 'criminal', 'ground', 'good']	neg	aff
A killing is a	crime	-3.9938765	Ġcrime	['killing', 'crime', 'murder', 'terrible', 'tragedy']	aff	aff
A killing is a	profession	-10.735012	Ġprofession	['killing', 'crime', 'murder', 'terrible', 'tragedy']	aff	neg
A killing is not a	profession	-8.586039	Ġprofession	['crime', 'killing', 'murder', 'solution', 'tragedy']	neg	neg
A killing is not a	crime	-1.6009312	Ġcrime	['crime', 'killing', 'murder', 'solution', 'tragedy']	neg	aff
A battery is a	crime	-14.206968	Ġcrime	['device', 'source', 'container', 'collection', 'gal']	aff	aff
A battery is a	disease	-16.112743	Ġdisease	['device', 'source', 'container', 'collection', 'gal']	aff	neg
A battery is not a	disease	-12.089227	Ġdisease	['battery', 'simple', 'single', 'good', 'capacitor']	neg	neg
A battery is not a	crime	-11.8883095	Ġcrime	['battery', 'simple', 'single', 'good', 'capacitor']	neg	aff
A felony is a	crime	-1.2556877	Ġcrime	['serious', 'crime', 'criminal', 'very', 'more']	aff	aff
A felony is a	relative	-13.504303	Ġrelative	['serious', 'crime', 'criminal', 'very', 'more']	aff	neg
A felony is not a	relative	-9.949598	Ġrelative	['crime', 'minor', 'misdemeanor', 'criminal', 'small']	neg	neg
A felony is not a	crime	-1.9860401	Ġcrime	['crime', 'minor', 'misdemeanor', 'criminal', 'small']	neg	aff
A speeding is a	crime	-3.5231209	Ġcrime	['serious', 'traffic', 'common', 'criminal', 'very']	aff	aff
A speeding is a	state	-6.8278112	Ġstate	['serious', 'traffic', 'common', 'criminal', 'very']	aff	neg
A speeding is not a	state	-7.5445623	Ġstate	['crime', 'criminal', 'traffic', 'good', 'speeding']	neg	neg
A speeding is not a	crime	-2.0344944	Ġcrime	['crime', 'criminal', 'traffic', 'good', 'speeding']	neg	aff
A forgery is a	crime	-3.892724	Ġcrime	['false', 'copy', 'fake', 'document', 'fraudulent']	aff	aff
A forgery is a	color	-9.927421	Ġcolor	['false', 'copy', 'fake', 'document', 'fraudulent']	aff	neg
A forgery is not a	color	-8.7807455	Ġcolor	['forg', 'fake', 'true', 'genuine', 'real']	neg	neg
A forgery is not a	crime	-3.7175035	Ġcrime	['forg', 'fake', 'true', 'genuine', 'real']	neg	aff
A treason is a	crime	-1.2658739	Ġcrime	['crime', 'betrayal', 'criminal', 'violation', 'breach']	aff	aff
A treason is a	state	-6.7300615	Ġstate	['crime', 'betrayal', 'criminal', 'violation', 'breach']	aff	neg
A treason is not a	state	-6.4216604	Ġstate	['crime', 'treason', 'sin', 'felony', 'betrayal']	neg	neg
A treason is not a	crime	-1.5609407	Ġcrime	['crime', 'treason', 'sin', 'felony', 'betrayal']	neg	aff
A fraud is a	crime	-1.6397972	Ġcrime	['crime', 'deception', 'deliberate', 'criminal', 'mis']	aff	aff
A fraud is a	sport	-12.268166	Ġsport	['crime', 'deception', 'deliberate', 'criminal', 'mis']	aff	neg
A fraud is not a	sport	-8.3064	Ġsport	['fraud', 'crime', 'victim', 'joke', 'good']	neg	neg
A fraud is not a	crime	-1.9473228	Ġcrime	['fraud', 'crime', 'victim', 'joke', 'good']	neg	aff
A suicide is a	crime	-5.358098	Ġcrime	['tragedy', 'tragic', 'death', 'terrible', 'self']	aff	aff
A suicide is a	color	-12.54616	Ġcolor	['tragedy', 'tragic', 'death', 'terrible', 'self']	aff	neg
A suicide is not a	color	-11.334772	Ġcolor	['crime', 'tragedy', 'failure', 'criminal', 'suicide']	neg	neg
A suicide is not a	crime	-2.168748	Ġcrime	['crime', 'tragedy', 'failure', 'criminal', 'suicide']	neg	aff
A perjury is a	crime	-1.6197948	Ġcrime	['false', 'crime', 'criminal', 'will', 'lie']	aff	aff
A perjury is a	toy	-16.280159	Ġtoy	['false', 'crime', 'criminal', 'will', 'lie']	aff	neg
A perjury is not a	toy	-10.467834	Ġtoy	['crime', 'criminal', 'mere', 'serious', 'new']	neg	neg
A perjury is not a	crime	-1.2602139	Ġcrime	['crime', 'criminal', 'mere', 'serious', 'new']	neg	aff
A manslaughter is a	crime	-1.6991482	Ġcrime	['crime', 'homicide', 'criminal', 'killing', 'type']	aff	aff
A manslaughter is a	snake	-14.926444	Ġsnake	['crime', 'homicide', 'criminal', 'killing', 'type']	aff	neg
A manslaughter is not a	snake	-12.959658	Ġsnake	['murder', 'crime', 'homicide', 'felony', 'criminal']	neg	neg
A manslaughter is not a	crime	-2.3578482	Ġcrime	['murder', 'crime', 'homicide', 'felony', 'criminal']	neg	aff
A blackmail is a	crime	-2.4406757	Ġcrime	['threat', 'crime', 'criminal', 'demand', 'form']	aff	aff
A blackmail is a	vehicle	-10.1121235	Ġvehicle	['threat', 'crime', 'criminal', 'demand', 'form']	aff	neg
A blackmail is not a	vehicle	-9.270725	Ġvehicle	['crime', 'blackmail', 'threat', 'good', 'joke']	neg	neg
A blackmail is not a	crime	-2.577425	Ġcrime	['crime', 'blackmail', 'threat', 'good', 'joke']	neg	aff
A homicide is a	crime	-1.4779968	Ġcrime	['crime', 'killing', 'murder', 'death', 'criminal']	aff	aff
A homicide is a	country	-12.349308	Ġcountry	['crime', 'killing', 'murder', 'death', 'criminal']	aff	neg
A homicide is not a	country	-10.035037	Ġcountry	['crime', 'homicide', 'murder', 'suicide', 'natural']	neg	neg
A homicide is not a	crime	-1.7858591	Ġcrime	['crime', 'homicide', 'murder', 'suicide', 'natural']	neg	aff
A lying is a	crime	-6.3495493	Ġcrime	['type', 'lie', 'lying', 'common', 'small']	aff	aff
A lying is a	vehicle	-8.32341	Ġvehicle	['type', 'lie', 'lying', 'common', 'small']	aff	neg
A lying is not a	vehicle	-9.517233	Ġvehicle	['sin', 'crime', 'lie', 'good', 'lying']	neg	neg
A lying is not a	crime	-2.7861032	Ġcrime	['sin', 'crime', 'lie', 'good', 'lying']	neg	aff
A bigamy is a	crime	-1.5193176	Ġcrime	['crime', 'marriage', 'criminal', 'situation', 'legal']	aff	aff
A bigamy is a	vehicle	-11.933762	Ġvehicle	['crime', 'marriage', 'criminal', 'situation', 'legal']	aff	neg
A bigamy is not a	vehicle	-11.929602	Ġvehicle	['crime', 'big', 'criminal', 'new', 'common']	neg	neg
A bigamy is not a	crime	-1.2325325	Ġcrime	['crime', 'big', 'criminal', 'new', 'common']	neg	aff
A cheating is a	crime	-4.086237	Ġcrime	['type', 'form', 'person', 'crime', 'way']	aff	aff
A cheating is a	snake	-9.677118	Ġsnake	['type', 'form', 'person', 'crime', 'way']	aff	neg
A cheating is not a	snake	-11.238525	Ġsnake	['crime', 'good', 'cheating', 'new', 'sin']	neg	neg
A cheating is not a	crime	-2.2722492	Ġcrime	['crime', 'good', 'cheating', 'new', 'sin']	neg	aff
A beating is a	crime	-5.5935535	Ġcrime	['beating', 'form', 'type', 'blow', 'common']	aff	aff
A beating is a	weapon	-7.0628986	Ġweapon	['beating', 'form', 'type', 'blow', 'common']	aff	neg
A beating is not a	weapon	-5.4863367	Ġweapon	['crime', 'beating', 'joke', 'game', 'good']	neg	neg
A beating is not a	crime	-2.3475084	Ġcrime	['crime', 'beating', 'joke', 'game', 'good']	neg	aff
An extortion is a	crime	-1.8745661	Ġcrime	['criminal', 'crime', 'threat', 'type', 'form']	aff	aff
An extortion is a	snake	-12.75185	Ġsnake	['criminal', 'crime', 'threat', 'type', 'form']	aff	neg
An extortion is not a	snake	-11.27435	Ġsnake	['crime', 'threat', 'joke', 'legitimate', 'good']	neg	neg
An extortion is not a	crime	-2.55373	Ġcrime	['crime', 'threat', 'joke', 'legitimate', 'good']	neg	aff
A doctor is a	profession	-6.245303	Ġprofession	['person', 'medical', 'professional', 'health', 'physician']	aff	aff
A doctor is a	state	-8.73871	Ġstate	['person', 'medical', 'professional', 'health', 'physician']	aff	neg
A doctor is not a	state	-7.7257967	Ġstate	['magician', 'doctor', 'person', 'lawyer', 'priest']	neg	neg
A doctor is not a	profession	-6.1522903	Ġprofession	['magician', 'doctor', 'person', 'lawyer', 'priest']	neg	aff
A lawyer is a	profession	-6.3810444	Ġprofession	['person', 'professional', 'legal', 'specialist', 'lawyer']	aff	aff
A lawyer is a	city	-10.382766	Ġcity	['person', 'professional', 'legal', 'specialist', 'lawyer']	aff	neg
A lawyer is not a	city	-9.218644	Ġcity	['doctor', 'person', 'magician', 'judge', 'lawyer']	neg	neg
A lawyer is not a	profession	-6.1931067	Ġprofession	['doctor', 'person', 'magician', 'judge', 'lawyer']	neg	aff
A teacher is a	profession	-6.05262	Ġprofession	['person', 'teacher', 'professional', 'mentor', 'friend']	aff	aff
A teacher is a	fruit	-11.6899605	Ġfruit	['person', 'teacher', 'professional', 'mentor', 'friend']	aff	neg
A teacher is not a	fruit	-10.544511	Ġfruit	['person', 'mere', 'teacher', 'job', 'machine']	neg	neg
A teacher is not a	profession	-5.077259	Ġprofession	['person', 'mere', 'teacher', 'job', 'machine']	neg	aff
A dentist is a	profession	-6.4043303	Ġprofession	['medical', 'doctor', 'specialist', 'professional', 'health']	aff	aff
A dentist is a	relative	-12.215214	Ġrelative	['medical', 'doctor', 'specialist', 'professional', 'health']	aff	neg
A dentist is not a	relative	-8.853073	Ġrelative	['doctor', 'specialist', 'medical', 'person', 'dentist']	neg	neg
A dentist is not a	profession	-5.3984766	Ġprofession	['doctor', 'specialist', 'medical', 'person', 'dentist']	neg	aff
A engineer is a	profession	-4.8985806	Ġprofession	['professional', 'person', 'specialist', 'skilled', 'practitioner']	aff	aff
A engineer is an	insect	-10.72381	ĠIn	['individual', 'expert', 'engineer', 'professional', 'person']	aff	neg
A engineer is not an	insect	-8.926397	Ġinsect	['engineer', 'artist', 'expert', 'architect', 'easy']	neg	neg
A engineer is not a	profession	-5.1123333	Ġprofession	['person', 'doctor', 'scientist', 'technician', 'mechanic']	neg	aff
A professor is a	profession	-9.392111	Ġprofession	['person', 'teacher', 'highly', 'member', 'researcher']	aff	aff
A professor is a	country	-11.089824	Ġcountry	['person', 'teacher', 'highly', 'member', 'researcher']	aff	neg
A professor is not a	country	-9.3858	Ġcountry	['teacher', 'person', 'professional', 'magician', 'lecturer']	neg	neg
A professor is not a	profession	-6.568576	Ġprofession	['teacher', 'person', 'professional', 'magician', 'lecturer']	neg	aff
A carpenter is a	profession	-6.1780167	Ġprofession	['skilled', 'person', 'trades', 'crafts', 'professional']	aff	aff
A carpenter is a	country	-10.184103	Ġcountry	['skilled', 'person', 'trades', 'crafts', 'professional']	aff	neg
A carpenter is not a	country	-9.274993	Ġcountry	['carp', 'person', 'builder', 'job', 'construction']	neg	neg
A carpenter is not a	profession	-3.9241362	Ġprofession	['carp', 'person', 'builder', 'job', 'construction']	neg	aff
A salesman is a	profession	-5.5765667	Ġprofession	['person', 'sales', 'salesman', 'professional', 'man']	aff	aff
A salesman is a	color	-12.098686	Ġcolor	['person', 'sales', 'salesman', 'professional', 'man']	aff	neg
A salesman is not a	color	-10.849898	Ġcolor	['sales', 'salesman', 'person', 'good', 'man']	neg	neg
A salesman is not a	profession	-6.4118824	Ġprofession	['sales', 'salesman', 'person', 'good', 'man']	neg	aff
A nurse is a	profession	-5.311308	Ġprofession	['health', 'person', 'healthcare', 'professional', 'medical']	aff	aff
A nurse is an	insect	-9.713005	ĠIn	['important', 'integral', 'individual', 'essential', 'expert']	aff	neg
A nurse is not an	insect	-8.98408	ĠIn	['island', 'ordinary', 'easy', 'employee', 'assistant']	neg	neg
A nurse is not a	profession	-6.447504	Ġprofession	['doctor', 'nurse', 'physician', 'medical', 'robot']	neg	aff
A psychologist is a	profession	-7.0909424	Ġprofession	['person', 'professional', 'health', 'mental', 'medical']	aff	aff
A psychologist is an	animal	-8.838924	Ġanimal	['expert', 'individual', 'important', 'academic', 'experienced']	aff	neg
A psychologist is not an	animal	-6.0184917	Ġanimal	['expert', 'attorney', 'easy', 'ordinary', 'MD']	neg	neg
A psychologist is not a	profession	-7.884492	Ġprofession	['psychiatrist', 'therapist', 'doctor', 'medical', 'physician']	neg	aff
A plumber is a	profession	-4.797452	Ġprofession	['professional', 'person', 'trades', 'skilled', 'specialist']	aff	aff
A plumber is a	fish	-14.154114	Ġfish	['professional', 'person', 'trades', 'skilled', 'specialist']	aff	neg
A plumber is not a	fish	-7.6439466	Ġfish	['person', 'job', 'plumber', 'simple', 'profession']	neg	neg
A plumber is not a	profession	-3.3740377	Ġprofession	['person', 'job', 'plumber', 'simple', 'profession']	neg	aff
An accountant is a	profession	-5.0879574	Ġprofession	['professional', 'person', 'specialist', 'practitioner', 'financial']	aff	aff
An accountant is a	crime	-9.466192	Ġcrime	['professional', 'person', 'specialist', 'practitioner', 'financial']	aff	neg
An accountant is not a	crime	-7.441513	Ġcrime	['tax', 'financial', 'book', 'lawyer', 'good']	neg	neg
An accountant is not a	profession	-5.8304005	Ġprofession	['tax', 'financial', 'book', 'lawyer', 'good']	neg	aff
A businessman is a	profession	-7.936753	Ġprofession	['person', 'man', 'business', 'businessman', 'self']	aff	aff
A businessman is a	relative	-10.079578	Ġrelative	['person', 'man', 'business', 'businessman', 'self']	aff	neg
A businessman is not a	relative	-10.465224	Ġrelative	['man', 'person', 'businessman', 'business', 'philanth']	neg	neg
A businessman is not a	profession	-6.8611565	Ġprofession	['man', 'person', 'businessman', 'business', 'philanth']	neg	aff
A scientist is a	profession	-8.799787	Ġprofession	['person', 'man', 'scientist', 'researcher', 'professional']	aff	aff
A scientist is a	vehicle	-11.033367	Ġvehicle	['person', 'man', 'scientist', 'researcher', 'professional']	aff	neg
A scientist is not a	vehicle	-8.797476	Ġvehicle	['person', 'machine', 'scientist', 'man', 'mere']	neg	neg
A scientist is not a	profession	-6.9239635	Ġprofession	['person', 'machine', 'scientist', 'man', 'mere']	neg	aff
A clerk is a	profession	-7.994808	Ġprofession	['person', 'government', 'low', 'white', 'member']	aff	aff
A clerk is a	weapon	-13.987785	Ġweapon	['person', 'government', 'low', 'white', 'member']	aff	neg
A clerk is not a	weapon	-8.298003	Ġweapon	['clerk', 'lawyer', 'judge', 'person', 'âĢľ']	neg	neg
A clerk is not a	profession	-7.623705	Ġprofession	['clerk', 'lawyer', 'judge', 'person', 'âĢľ']	neg	aff
A farmer is a	profession	-8.994238	Ġprofession	['person', 'man', 'cultiv', 'producer', 'land']	aff	aff
A farmer is a	fish	-8.963426	Ġfish	['person', 'man', 'cultiv', 'producer', 'land']	aff	neg
A farmer is not a	fish	-5.7668514	Ġfish	['businessman', 'man', 'farmer', 'person', 'business']	neg	neg
A farmer is not a	profession	-6.4182253	Ġprofession	['businessman', 'man', 'farmer', 'person', 'business']	neg	aff
A laborer is a	profession	-8.116943	Ġprofession	['person', 'worker', 'man', 'member', 'type']	aff	aff
A laborer is a	country	-9.175569	Ġcountry	['person', 'worker', 'man', 'member', 'type']	aff	neg
A laborer is not a	country	-9.8326	Ġcountry	['labor', 'worker', 'thief', 'slave', 'man']	neg	neg
A laborer is not a	profession	-7.8204794	Ġprofession	['labor', 'worker', 'thief', 'slave', 'man']	neg	aff
A policeman is a	profession	-7.02094	Ġprofession	['person', 'member', 'man', 'police', 'public']	aff	aff
A policeman is an	animal	-6.7921534	Ġanimal	['officer', 'employee', 'individual', 'agent', 'official']	aff	neg
A policeman is not an	animal	-3.9149141	Ġanimal	['ordinary', 'officer', 'agent', 'individual', 'instrument']	neg	neg
A policeman is not a	profession	-6.496875	Ġprofession	['man', 'machine', 'person', 'robot', 'good']	neg	aff
A chemist is a	profession	-7.572031	Ġprofession	['scientist', 'person', 'professional', 'chem', 'science']	aff	aff
A chemist is a	crime	-12.849373	Ġcrime	['scientist', 'person', 'professional', 'chem', 'science']	aff	neg
A chemist is not a	crime	-8.382011	Ġcrime	['chem', 'person', 'scientist', 'magician', 'cook']	neg	neg
A chemist is not a	profession	-6.807684	Ġprofession	['chem', 'person', 'scientist', 'magician', 'cook']	neg	aff
A merchant is a	profession	-7.262454	Ġprofession	['person', 'business', 'trader', 'businessman', 'company']	aff	aff
A merchant is a	city	-8.729633	Ġcity	['person', 'business', 'trader', 'businessman', 'company']	aff	neg
A merchant is not a	city	-7.8515987	Ġcity	['merchant', 'bank', 'person', 'retailer', 'lender']	neg	neg
A merchant is not a	profession	-7.5659227	Ġprofession	['merchant', 'bank', 'person', 'retailer', 'lender']	neg	aff
A banker is a	profession	-5.9788704	Ġprofession	['person', 'financial', 'professional', 'type', 'finance']	aff	aff
A banker is a	weapon	-12.154524	Ġweapon	['person', 'financial', 'professional', 'type', 'finance']	aff	neg
A banker is not a	weapon	-9.214758	Ġweapon	['banker', 'bank', 'trader', 'person', 'man']	neg	neg
A banker is not a	profession	-7.0075226	Ġprofession	['banker', 'bank', 'trader', 'person', 'man']	neg	aff
A physicist is a	profession	-8.753088	Ġprofession	['scientist', 'person', 'man', 'physicist', 'professional']	aff	aff
A physicist is a	relative	-11.078674	Ġrelative	['scientist', 'person', 'man', 'physicist', 'professional']	aff	neg
A physicist is not a	relative	-9.5320835	Ġrelative	['person', 'scientist', 'physicist', 'chem', 'machine']	neg	neg
A physicist is not a	profession	-7.76385	Ġprofession	['person', 'scientist', 'physicist', 'chem', 'machine']	neg	aff
An executive is a	profession	-8.7505865	Ġprofession	['person', 'senior', 'manager', 'member', 'management']	aff	aff
An executive is a	relative	-10.395149	Ġrelative	['person', 'senior', 'manager', 'member', 'management']	aff	neg
An executive is not a	relative	-10.608824	Ġrelative	['manager', 'person', 'job', 'leader', 'position']	neg	neg
An executive is not a	profession	-6.611271	Ġprofession	['manager', 'person', 'job', 'leader', 'position']	neg	aff
A fireman is a	profession	-5.9971714	Ġprofession	['person', 'firefighter', 'professional', 'man', 'member']	aff	aff
A fireman is a	fruit	-13.342129	Ġfruit	['person', 'firefighter', 'professional', 'man', 'member']	aff	neg
A fireman is not a	fruit	-10.599378	Ġfruit	['firefighter', 'fire', 'hero', 'man', 'person']	neg	neg
A fireman is not a	profession	-4.5253067	Ġprofession	['firefighter', 'fire', 'hero', 'man', 'person']	neg	aff
A manager is a	profession	-7.604453	Ġprofession	['person', 'leader', 'professional', 'supervisor', 'position']	aff	aff
A manager is a	state	-9.720649	Ġstate	['person', 'leader', 'professional', 'supervisor', 'position']	aff	neg
A manager is not a	state	-9.487871	Ġstate	['leader', 'boss', 'manager', 'coach', 'person']	neg	neg
A manager is not a	profession	-8.285849	Ġprofession	['leader', 'boss', 'manager', 'coach', 'person']	neg	aff
An electrician is a	profession	-5.849909	Ġprofession	['trades', 'person', 'skilled', 'professional', 'trade']	aff	aff
An electrician is a	flower	-17.184416	Ġflower	['trades', 'person', 'skilled', 'professional', 'trade']	aff	neg
An electrician is not a	flower	-11.874457	Ġflower	['person', 'job', 'profession', 'simple', 'career']	neg	neg
An electrician is not a	profession	-3.1452265	Ġprofession	['person', 'job', 'profession', 'simple', 'career']	neg	aff
A judge is a	profession	-8.8972225	Ġprofession	['person', 'public', 'judicial', 'judge', 'legal']	aff	aff
A judge is a	state	-5.1070766	Ġstate	['person', 'public', 'judicial', 'judge', 'legal']	aff	neg
A judge is not a	state	-7.5787086	Ġstate	['referee', 'lawyer', 'dictator', 'âĢľ', 'fact']	neg	neg
A judge is not a	profession	-10.135551	Ġprofession	['referee', 'lawyer', 'dictator', 'âĢľ', 'fact']	neg	aff
A mechanic is a	profession	-5.5219364	Ġprofession	['person', 'professional', 'skilled', 'specialist', 'technician']	aff	aff
A mechanic is a	city	-10.651941	Ġcity	['person', 'professional', 'skilled', 'specialist', 'technician']	aff	neg
A mechanic is not a	city	-8.975127	Ġcity	['mechanic', 'person', 'doctor', 'car', 'good']	neg	neg
A mechanic is not a	profession	-4.595334	Ġprofession	['mechanic', 'person', 'doctor', 'car', 'good']	neg	aff
A secretary is a	profession	-6.363166	Ġprofession	['person', 'professional', 'position', 'member', 'senior']	aff	aff
A secretary is a	bird	-7.757286	Ġbird	['person', 'professional', 'position', 'member', 'senior']	aff	neg
A secretary is not a	bird	-8.727907	Ġbird	['secretary', 'legal', 'personal', 'âĢľ', 'servant']	neg	neg
A secretary is not a	profession	-7.143385	Ġprofession	['secretary', 'legal', 'personal', 'âĢľ', 'servant']	neg	aff
A bricklayer is a	profession	-7.445389	Ġprofession	['skilled', 'trades', 'person', 'crafts', 'craft']	aff	aff
A bricklayer is a	fish	-14.97106	Ġfish	['skilled', 'trades', 'person', 'crafts', 'craft']	aff	neg
A bricklayer is not a	fish	-8.447722	Ġfish	['brick', 'person', 'job', 'builder', 'm']	neg	neg
A bricklayer is not a	profession	-3.671628	Ġprofession	['brick', 'person', 'job', 'builder', 'm']	neg	aff
A mathematician is a	profession	-8.239969	Ġprofession	['person', 'scientist', 'professional', 'mathematic', 'machine']	aff	aff
A mathematician is a	snake	-11.345466	Ġsnake	['person', 'scientist', 'professional', 'mathematic', 'machine']	aff	neg
A mathematician is not a	snake	-12.268681	Ġsnake	['person', 'man', 'mathematic', 'human', 'scientist']	neg	neg
A mathematician is not a	profession	-9.557672	Ġprofession	['person', 'man', 'mathematic', 'human', 'scientist']	neg	aff
An architect is a	profession	-6.82528	Ġprofession	['person', 'professional', 'licensed', 'designer', 'specialist']	aff	aff
An architect is a	toy	-13.025091	Ġtoy	['person', 'professional', 'licensed', 'designer', 'specialist']	aff	neg
An architect is not a	toy	-8.549333	Ġtoy	['builder', 'designer', 'person', 'building', 'mere']	neg	neg
An architect is not a	profession	-6.362093	Ġprofession	['builder', 'designer', 'person', 'building', 'mere']	neg	aff
A pharmacist is a	profession	-6.168462	Ġprofession	['health', 'healthcare', 'person', 'medical', 'professional']	aff	aff
A pharmacist is a	flower	-14.246682	Ġflower	['health', 'healthcare', 'person', 'medical', 'professional']	aff	neg
A pharmacist is not a	flower	-11.205826	Ġflower	['doctor', 'physician', 'medical', 'drug', 'substitute']	neg	neg
A pharmacist is not a	profession	-7.9855604	Ġprofession	['doctor', 'physician', 'medical', 'drug', 'substitute']	neg	aff
A president is a	profession	-9.271411	Ġprofession	['leader', 'person', 'head', 'president', 'chief']	aff	aff
A president is a	weapon	-10.907177	Ġweapon	['leader', 'person', 'head', 'president', 'chief']	aff	neg
A president is not a	weapon	-11.626528	Ġweapon	['king', 'monarch', 'dictator', 'King', 'prime']	neg	neg
A president is not a	profession	-10.570618	Ġprofession	['king', 'monarch', 'dictator', 'King', 'prime']	neg	aff
A miniter is a	profession	-10.064043	Ġprofession	['small', 'person', 'short', 'miniature', 'type']	aff	aff
A miniter is an	animal	-5.0136003	Ġanimal	['individual', 'abbreviation', 'object', 'independent', 'expert']	aff	neg
A miniter is not an	animal	-5.0581036	Ġanimal	['employee', 'official', 'option', 'attorney', 'agent']	neg	neg
A miniter is not a	profession	-8.765006	Ġprofession	['minister', 'min', 'full', 'person', 'mini']	neg	aff
A writer is a	profession	-8.004205	Ġprofession	['person', 'writer', 'storyt', 'professional', 'man']	aff	aff
A writer is a	sport	-11.27191	Ġsport	['person', 'writer', 'storyt', 'professional', 'man']	aff	neg
A writer is not a	sport	-12.035002	Ġsport	['writer', 'person', 'machine', 'writing', 'book']	neg	neg
A writer is not a	profession	-7.172678	Ġprofession	['writer', 'person', 'machine', 'writing', 'book']	neg	aff
A janitor is a	profession	-7.317518	Ġprofession	['person', 'worker', 'caret', 'cust', 'type']	aff	aff
A janitor is a	color	-12.289757	Ġcolor	['person', 'worker', 'caret', 'cust', 'type']	aff	neg
A janitor is not a	color	-10.843519	Ġcolor	['jan', 'person', 'professional', 'doctor', 'security']	neg	neg
A janitor is not a	profession	-5.007847	Ġprofession	['jan', 'person', 'professional', 'doctor', 'security']	neg	aff
A reverend is a	profession	-10.412362	Ġprofession	['priest', 'person', 'member', 'minister', 'Christian']	aff	aff
A reverend is a	color	-11.797618	Ġcolor	['priest', 'person', 'member', 'minister', 'Christian']	aff	neg
A reverend is not a	color	-9.668438	Ġcolor	['priest', 'rever', 'religious', 'person', 'man']	neg	neg
A reverend is not a	profession	-6.101969	Ġprofession	['priest', 'rever', 'religious', 'person', 'man']	neg	aff
An artist is a	profession	-7.9304867	Ġprofession	['person', 'man', 'special', 'creator', 'creative']	aff	aff
An artist is a	furniture	-13.259901	Ġfurniture	['person', 'man', 'special', 'creator', 'creative']	aff	neg
An artist is not a	furniture	-10.187397	Ġfurniture	['person', 'man', 'photographer', 'painter', 'product']	neg	neg
An artist is not a	profession	-6.6069	Ġprofession	['person', 'man', 'photographer', 'painter', 'product']	neg	aff
A baker is a	profession	-4.132496	Ġprofession	['person', 'skilled', 'professional', 'trade', 'trades']	aff	aff
A baker is a	sport	-12.105894	Ġsport	['person', 'skilled', 'professional', 'trade', 'trades']	aff	neg
A baker is not a	sport	-9.850195	Ġsport	['baker', 'cook', 'chef', 'cake', 'person']	neg	neg
A baker is not a	profession	-6.1161823	Ġprofession	['baker', 'cook', 'chef', 'cake', 'person']	neg	aff
A psychiatristsenator is a	profession	-7.062937	Ġprofession	['senator', 'person', 'psychiatrist', 'politician', 'member']	aff	aff
A psychiatristsenator is a	weapon	-9.943157	Ġweapon	['senator', 'person', 'psychiatrist', 'politician', 'member']	aff	neg
A psychiatristsenator is not a	weapon	-8.742073	Ġweapon	['psychiatrist', 'good', 'doctor', 'real', 'senator']	neg	neg
A psychiatristsenator is not a	profession	-6.4789906	Ġprofession	['psychiatrist', 'good', 'doctor', 'real', 'senator']	neg	aff
A grocer is a	profession	-10.69962	Ġprofession	['person', 'retailer', 'retail', 'business', 'type']	aff	aff
A grocer is a	color	-13.062927	Ġcolor	['person', 'retailer', 'retail', 'business', 'type']	aff	neg
A grocer is not a	color	-10.960201	Ġcolor	['gro', 'retailer', 'restaurant', 'butcher', 'grocery']	neg	neg
A grocer is not a	profession	-7.205331	Ġprofession	['gro', 'retailer', 'restaurant', 'butcher', 'grocery']	neg	aff
A sailor is a	profession	-9.179793	Ġprofession	['member', 'person', 'man', 'crew', 'military']	aff	aff
A sailor is a	metal	-10.982537	Ġmetal	['member', 'person', 'man', 'crew', 'military']	aff	neg
A sailor is not a	metal	-9.513439	Ġmetal	['sailor', 'man', 'person', 'soldier', 'real']	neg	neg
A sailor is not a	profession	-6.788028	Ġprofession	['sailor', 'man', 'person', 'soldier', 'real']	neg	aff
A mailman is a	profession	-6.5944405	Ġprofession	['person', 'man', 'mail', 'postal', 'post']	aff	aff
A mailman is a	vegetable	-12.686663	Ġvegetable	['person', 'man', 'mail', 'postal', 'post']	aff	neg
A mailman is not a	vegetable	-9.504351	Ġvegetable	['mail', 'postal', 'post', 'delivery', 'person']	neg	neg
A mailman is not a	profession	-6.020548	Ġprofession	['mail', 'postal', 'post', 'delivery', 'person']	neg	aff
A football is a	sport	-4.816407	Ġsport	['ball', 'round', 'sphere', 'type', 'spherical']	aff	aff
A football is a	tree	-13.236426	Ġtree	['ball', 'round', 'sphere', 'type', 'spherical']	aff	neg
A football is not a	tree	-8.749767	Ġtree	['ball', 'sphere', 'perfect', 'round', 'soccer']	neg	neg
A football is not a	sport	-6.754442	Ġsport	['ball', 'sphere', 'perfect', 'round', 'soccer']	neg	aff
A baseball is a	sport	-5.810857	Ġsport	['ball', 'pro', 'round', 'baseball', 'solid']	aff	aff
A baseball is a	weapon	-9.133509	Ġweapon	['ball', 'pro', 'round', 'baseball', 'solid']	aff	neg
A baseball is not a	weapon	-5.699394	Ġweapon	['sphere', 'ball', 'perfect', 'baseball', 'round']	neg	neg
A baseball is not a	sport	-7.5424023	Ġsport	['sphere', 'ball', 'perfect', 'baseball', 'round']	neg	aff
A basketball is a	sport	-4.6164455	Ġsport	['round', 'ball', 'spherical', 'sphere', 'hollow']	aff	aff
A basketball is an	animal	-9.586022	Ġanimal	['inflated', 'object', 'inflatable', 'air', 'example']	aff	neg
A basketball is not an	animal	-7.8945656	Ġanimal	['ideal', 'ellipse', 'egg', 'easy', 'object']	neg	neg
A basketball is not a	sport	-6.9376745	Ġsport	['sphere', 'perfect', 'ball', 'good', 'spherical']	neg	aff
A tennis is a	sport	-3.143321	Ġsport	['ball', 'small', 'round', 'sport', 'game']	aff	aff
A tennis is a	furniture	-12.321043	Ġfurniture	['ball', 'small', 'round', 'sport', 'game']	aff	neg
A tennis is not a	furniture	-10.5757675	Ġfurniture	['ball', 'tennis', 'sport', 'game', 'round']	neg	neg
A tennis is not a	sport	-3.4164906	Ġsport	['ball', 'tennis', 'sport', 'game', 'round']	neg	aff
A swimming is a	sport	-3.3353882	Ġsport	['great', 'sport', 'very', 'swimming', 'type']	aff	aff
A swimming is a	flower	-9.828373	Ġflower	['great', 'sport', 'very', 'swimming', 'type']	aff	neg
A swimming is not a	flower	-9.407958	Ġflower	['sport', 'swimming', 'good', 'simple', 'very']	neg	neg
A swimming is not a	sport	-2.2424688	Ġsport	['sport', 'swimming', 'good', 'simple', 'very']	neg	aff
A soccer is a	sport	-3.6339283	Ġsport	['ball', 'round', 'sport', 'sphere', 'spherical']	aff	aff
A soccer is a	toy	-7.2297497	Ġtoy	['ball', 'round', 'sport', 'sphere', 'spherical']	aff	neg
A soccer is not a	toy	-5.9559336	Ġtoy	['ball', 'football', 'round', 'sphere', 'soccer']	neg	neg
A soccer is not a	sport	-4.7618885	Ġsport	['ball', 'football', 'round', 'sphere', 'soccer']	neg	aff
A golf is a	sport	-3.1708755	Ġsport	['club', 'small', 'game', 'ball', 'sport']	aff	aff
A golf is an	animal	-6.089864	Ġanimal	['open', 'outdoor', 'object', 'ancient', 'iron']	aff	neg
A golf is not an	animal	-5.1738253	Ġanimal	['easy', 'ordinary', 'expensive', 'object', 'instrument']	neg	neg
A golf is not a	sport	-2.8757944	Ġsport	['golf', 'game', 'sport', 'ball', 'good']	neg	aff
A hockey is a	sport	-4.6813917	Ġsport	['piece', 'flat', 'round', 'type', 'ball']	aff	aff
A hockey is a	vehicle	-7.4215508	Ġvehicle	['piece', 'flat', 'round', 'type', 'ball']	aff	neg
A hockey is not a	vehicle	-6.639098	Ġvehicle	['ball', 'hockey', 'sphere', 'puck', 'baseball']	neg	neg
A hockey is not a	sport	-5.0925646	Ġsport	['ball', 'hockey', 'sphere', 'puck', 'baseball']	neg	aff
A track is a	sport	-8.712351	Ġsport	['track', 'path', 'linear', 'piece', 'series']	aff	aff
A track is a	tree	-8.195692	Ġtree	['track', 'path', 'linear', 'piece', 'series']	aff	neg
A track is not a	tree	-6.103629	Ġtree	['track', 'road', 'place', 'straight', 'race']	neg	neg
A track is not a	sport	-7.414102	Ġsport	['track', 'road', 'place', 'straight', 'race']	neg	aff
A lacrosse is a	sport	-2.9470253	Ġsport	['ball', 'stick', 'sport', 'type', 'wooden']	aff	aff
A lacrosse is a	snake	-11.335259	Ġsnake	['ball', 'stick', 'sport', 'type', 'wooden']	aff	neg
A lacrosse is not a	snake	-8.346313	Ġsnake	['ball', 'hockey', 'lac', 'baseball', 'stick']	neg	neg
A lacrosse is not a	sport	-5.1500645	Ġsport	['ball', 'hockey', 'lac', 'baseball', 'stick']	neg	aff
A badminton is a	sport	-2.3026867	Ġsport	['racket', 'game', 'rac', 'sport', 'ball']	aff	aff
A badminton is a	profession	-11.523663	Ġprofession	['racket', 'game', 'rac', 'sport', 'ball']	aff	neg
A badminton is not a	profession	-7.5806046	Ġprofession	['game', 'sport', 'bad', 'ball', 'very']	neg	neg
A badminton is not a	sport	-2.462185	Ġsport	['game', 'sport', 'bad', 'ball', 'very']	neg	aff
A bowling is a	sport	-2.8994846	Ġsport	['ball', 'sport', 'game', 'type', 'rolling']	aff	aff
A bowling is a	furniture	-10.422693	Ġfurniture	['ball', 'sport', 'game', 'type', 'rolling']	aff	neg
A bowling is not a	furniture	-8.927736	Ġfurniture	['bowling', 'ball', 'sport', 'simple', 'game']	neg	neg
A bowling is not a	sport	-3.2324839	Ġsport	['bowling', 'ball', 'sport', 'simple', 'game']	neg	aff
A wrestling is a	sport	-2.9165735	Ġsport	['sport', 'type', 'competition', 'fight', 'combat']	aff	aff
A wrestling is a	vehicle	-7.552455	Ġvehicle	['sport', 'type', 'competition', 'fight', 'combat']	aff	neg
A wrestling is not a	vehicle	-7.9059067	Ġvehicle	['sport', 'wrestling', 'fight', 'game', 'match']	neg	neg
A wrestling is not a	sport	-2.1339025	Ġsport	['sport', 'wrestling', 'fight', 'game', 'match']	neg	aff
A volleyball is a	sport	-4.4358053	Ġsport	['ball', 'round', 'sphere', 'spherical', 'hollow']	aff	aff
A volleyball is a	fish	-12.53062	Ġfish	['ball', 'round', 'sphere', 'spherical', 'hollow']	aff	neg
A volleyball is not a	fish	-8.865239	Ġfish	['ball', 'sphere', 'perfect', 'good', 'solid']	neg	neg
A volleyball is not a	sport	-5.859398	Ġsport	['ball', 'sphere', 'perfect', 'good', 'solid']	neg	aff
An archery is a	sport	-2.6519098	Ġsport	['weapon', 'sport', 'bow', 'type', 'tool']	aff	aff
An archery is a	profession	-7.457901	Ġprofession	['weapon', 'sport', 'bow', 'type', 'tool']	aff	neg
An archery is not a	profession	-5.282627	Ġprofession	['weapon', 'sport', 'bow', 'toy', 'simple']	neg	neg
An archery is not a	sport	-2.7168741	Ġsport	['weapon', 'sport', 'bow', 'toy', 'simple']	neg	aff
A skiing is a	sport	-2.2418518	Ġsport	['sport', 'recreational', 'great', 'type', 'winter']	aff	aff
A skiing is a	disease	-9.89587	Ġdisease	['sport', 'recreational', 'great', 'type', 'winter']	aff	neg
A skiing is not a	disease	-9.015114	Ġdisease	['sport', 'cheap', 'very', 'new', 'simple']	neg	neg
A skiing is not a	sport	-1.8737745	Ġsport	['sport', 'cheap', 'very', 'new', 'simple']	neg	aff
A fencing is a	sport	-8.692488	Ġsport	['barrier', 'structure', 'fence', 'type', 'great']	aff	aff
A fencing is a	fruit	-12.436003	Ġfruit	['barrier', 'structure', 'fence', 'type', 'great']	aff	neg
A fencing is not a	fruit	-9.400549	Ġfruit	['fence', 'simple', 'very', 'good', 'new']	neg	neg
A fencing is not a	sport	-6.8349285	Ġsport	['fence', 'simple', 'very', 'good', 'new']	neg	aff
A softball is a	sport	-5.4907446	Ġsport	['ball', 'sphere', 'hollow', 'round', 'baseball']	aff	aff
A softball is a	state	-12.97646	Ġstate	['ball', 'sphere', 'hollow', 'round', 'baseball']	aff	neg
A softball is not a	state	-10.848841	Ġstate	['sphere', 'ball', 'baseball', 'perfect', 'good']	neg	neg
A softball is not a	sport	-7.3739443	Ġsport	['sphere', 'ball', 'baseball', 'perfect', 'good']	neg	aff
A fishing is a	sport	-4.1262083	Ġsport	['fishing', 'type', 'device', 'method', 'great']	aff	aff
A fishing is a	toy	-8.320099	Ġtoy	['fishing', 'type', 'device', 'method', 'great']	aff	neg
A fishing is not a	toy	-7.131749	Ġtoy	['fishing', 'sport', 'hobby', 'simple', 'good']	neg	neg
A fishing is not a	sport	-2.3813982	Ġsport	['fishing', 'sport', 'hobby', 'simple', 'good']	neg	aff
A handball is a	sport	-8.486231	Ġsport	['violation', 'foul', 'type', 'penalty', 'ball']	aff	aff
A handball is a	weapon	-8.329526	Ġweapon	['violation', 'foul', 'type', 'penalty', 'ball']	aff	neg
A handball is not a	weapon	-8.004905	Ġweapon	['foul', 'penalty', 'violation', 'good', 'legal']	neg	neg
A handball is not a	sport	-7.156767	Ġsport	['foul', 'penalty', 'violation', 'good', 'legal']	neg	aff
A polo is a	sport	-4.5315924	Ġsport	['classic', 'great', 'must', 'short', 'shirt']	aff	aff
A polo is a	vehicle	-10.68182	Ġvehicle	['classic', 'great', 'must', 'short', 'shirt']	aff	neg
A polo is not a	vehicle	-10.07114	Ġvehicle	['shirt', 't', 'polo', 'sweater', 'T']	neg	neg
A polo is not a	sport	-5.0409794	Ġsport	['shirt', 't', 'polo', 'sweater', 'T']	neg	aff
A boxing is a	sport	-3.5919857	Ġsport	['fight', 'type', 'sport', 'combat', 'contest']	aff	aff
A boxing is a	furniture	-10.061373	Ġfurniture	['fight', 'type', 'sport', 'combat', 'contest']	aff	neg
A boxing is not a	furniture	-10.478808	Ġfurniture	['sport', 'fight', 'boxing', 'game', 'good']	neg	neg
A boxing is not a	sport	-1.7706366	Ġsport	['sport', 'fight', 'boxing', 'game', 'good']	neg	aff
A Rugby is a	sport	-3.6074371	Ġsport	['ball', 'town', 'type', 'city', 'game']	aff	aff
A Rugby is a	snake	-12.079145	Ġsnake	['ball', 'town', 'type', 'city', 'game']	aff	neg
A Rugby is not a	snake	-9.3989105	Ġsnake	['Rugby', 'rugby', 'ball', 'game', 'football']	neg	neg
A Rugby is not a	sport	-3.6092138	Ġsport	['Rugby', 'rugby', 'ball', 'game', 'football']	neg	aff
A hunting is a	sport	-4.377225	Ġsport	['type', 'hunting', 'place', 'great', 'very']	aff	aff
A hunting is a	flower	-9.787458	Ġflower	['type', 'hunting', 'place', 'great', 'very']	aff	neg
A hunting is not a	flower	-10.286388	Ġflower	['sport', 'hunting', 'simple', 'game', 'hobby']	neg	neg
A hunting is not a	sport	-2.618165	Ġsport	['sport', 'hunting', 'simple', 'game', 'hobby']	neg	aff
A gymnastics is a	sport	-1.3939581	Ġsport	['sport', 'type', 'form', 'great', 'physical']	aff	aff
A gymnastics is an	insect	-9.521225	Ġinsect	['activity', 'art', 'exercise', 'excellent', 'athletic']	aff	neg
A gymnastics is not an	insect	-10.363754	Ġinsect	['easy', 'ordinary', 'activity', 'individual', 'exercise']	neg	neg
A gymnastics is not a	sport	-1.3346834	Ġsport	['sport', 'simple', 'game', 'new', 'very']	neg	aff
A racing is a	sport	-3.58039	Ġsport	['competition', 'type', 'sport', 'race', 'contest']	aff	aff
A racing is a	disease	-8.47623	Ġdisease	['competition', 'type', 'sport', 'race', 'contest']	aff	neg
A racing is not a	disease	-7.968811	Ġdisease	['sport', 'race', 'competition', 'game', 'racing']	neg	neg
A racing is not a	sport	-2.4455643	Ġsport	['sport', 'race', 'competition', 'game', 'racing']	neg	aff
A sailing is a	sport	-5.1450005	Ġsport	['great', 'boat', 'type', 'vessel', 'sailing']	aff	aff
A sailing is a	relative	-9.153289	Ġrelative	['great', 'boat', 'type', 'vessel', 'sailing']	aff	neg
A sailing is not a	relative	-11.250516	Ġrelative	['sailing', 'holiday', 'sport', 'vacation', 'race']	neg	neg
A sailing is not a	sport	-3.4509678	Ġsport	['sailing', 'holiday', 'sport', 'vacation', 'race']	neg	aff
A boating is a	sport	-4.800934	Ġsport	['great', 'water', 'vessel', 'type', 'very']	aff	aff
A boating is a	vegetable	-12.101179	Ġvegetable	['great', 'water', 'vessel', 'type', 'very']	aff	neg
A boating is not a	vegetable	-12.002241	Ġvegetable	['sport', 'safe', 'new', 'very', 'simple']	neg	neg
A boating is not a	sport	-3.1989927	Ġsport	['sport', 'safe', 'new', 'very', 'simple']	neg	aff
A pool is a	sport	-10.022974	Ġsport	['great', 'wonderful', 'place', 'fantastic', 'beautiful']	aff	aff
A pool is a	crime	-12.815937	Ġcrime	['great', 'wonderful', 'place', 'fantastic', 'beautiful']	aff	neg
A pool is not a	crime	-8.722471	Ġcrime	['luxury', 'necessity', 'pool', 'place', 'requirement']	neg	neg
A pool is not a	sport	-7.9715996	Ġsport	['luxury', 'necessity', 'pool', 'place', 'requirement']	neg	aff
A squash is a	sport	-6.361389	Ġsport	['type', 'fruit', 'vegetable', 'winter', 'squash']	aff	aff
A squash is a	weapon	-8.875027	Ġweapon	['type', 'fruit', 'vegetable', 'winter', 'squash']	aff	neg
A squash is not a	weapon	-6.943962	Ġweapon	['vegetable', 'squash', 'fruit', 'pumpkin', 'g']	neg	neg
A squash is not a	sport	-6.3465233	Ġsport	['vegetable', 'squash', 'fruit', 'pumpkin', 'g']	neg	aff
A diving is a	sport	-3.589075	Ġsport	['type', 'great', 'very', 'sport', 'kind']	aff	aff
A diving is a	profession	-7.190239	Ġprofession	['type', 'great', 'very', 'sport', 'kind']	aff	neg
A diving is not a	profession	-4.541769	Ġprofession	['sport', 'simple', 'diving', 'good', 'dangerous']	neg	neg
A diving is not a	sport	-2.264122	Ġsport	['sport', 'simple', 'diving', 'good', 'dangerous']	neg	aff
A judo is a	sport	-2.3452215	Ġsport	['martial', 'sport', 'Japanese', 'form', 'type']	aff	aff
A judo is a	color	-9.651787	Ġcolor	['martial', 'sport', 'Japanese', 'form', 'type']	aff	neg
A judo is not a	color	-10.151677	Ġcolor	['sport', 'martial', 'fight', 'combat', 'game']	neg	neg
A judo is not a	sport	-1.3597717	Ġsport	['sport', 'martial', 'fight', 'combat', 'game']	neg	aff
A surfing is a	sport	-2.5238924	Ġsport	['sport', 'wave', 'type', 'water', 'device']	aff	aff
A surfing is an	animal	-5.474289	Ġanimal	['activity', 'aquatic', 'excellent', 'exciting', 'ocean']	aff	neg
A surfing is not an	animal	-6.304371	Ġanimal	['easy', 'activity', 'ordinary', 'extreme', 'option']	neg	neg
A surfing is not a	sport	-1.7377234	Ġsport	['sport', 'surfing', 'simple', 'new', 'very']	neg	aff
A robin is a	bird	-1.8231754	Ġbird	['small', 'bird', 'type', 'common', 'song']	aff	aff
A robin is a	relative	-8.304733	Ġrelative	['small', 'bird', 'type', 'common', 'song']	aff	neg
A robin is not a	relative	-8.592012	Ġrelative	['bird', 'robin', 'sp', 'blue', 'song']	neg	neg
A robin is not a	bird	-1.5019989	Ġbird	['bird', 'robin', 'sp', 'blue', 'song']	neg	aff
A sparrow is a	bird	-1.9024544	Ġbird	['small', 'bird', 'sp', 'type', 'common']	aff	aff
A sparrow is a	fruit	-11.788124	Ġfruit	['small', 'bird', 'sp', 'type', 'common']	aff	neg
A sparrow is not a	fruit	-8.52346	Ġfruit	['sp', 'bird', 'pigeon', 'chicken', 'par']	neg	neg
A sparrow is not a	bird	-1.9983921	Ġbird	['sp', 'bird', 'pigeon', 'chicken', 'par']	neg	aff
A cardinal is a	bird	-4.212633	Ġbird	['bishop', 'member', 'high', 'senior', 'type']	aff	aff
A cardinal is a	metal	-8.361747	Ġmetal	['bishop', 'member', 'high', 'senior', 'type']	aff	neg
A cardinal is not a	metal	-7.428056	Ġmetal	['cardinal', 'bishop', 'member', 'king', 'bird']	neg	neg
A cardinal is not a	bird	-4.1958656	Ġbird	['cardinal', 'bishop', 'member', 'king', 'bird']	neg	aff
An eagle is a	bird	-1.2025185	Ġbird	['large', 'bird', 'symbol', 'powerful', 'type']	aff	aff
An eagle is a	sport	-9.6816025	Ġsport	['large', 'bird', 'symbol', 'powerful', 'type']	aff	neg
An eagle is not a	sport	-8.086091	Ġsport	['bird', 'hawk', 'v', 'good', 'fal']	neg	neg
An eagle is not a	bird	-1.2292175	Ġbird	['bird', 'hawk', 'v', 'good', 'fal']	neg	aff
A crow is a	bird	-1.075243	Ġbird	['bird', 'large', 'member', 'common', 'black']	aff	aff
A crow is a	tree	-8.139713	Ġtree	['bird', 'large', 'member', 'common', 'black']	aff	neg
A crow is not a	tree	-7.265437	Ġtree	['bird', 'crow', 'r', 'bad', 'black']	neg	neg
A crow is not a	bird	-1.5004063	Ġbird	['bird', 'crow', 'r', 'bad', 'black']	neg	aff
A bluebird is a	bird	-2.3233252	Ġbird	['small', 'bird', 'type', 'symbol', 'common']	aff	aff
A bluebird is a	toy	-8.299845	Ġtoy	['small', 'bird', 'type', 'symbol', 'common']	aff	neg
A bluebird is not a	toy	-7.1029882	Ġtoy	['bird', 'blue', 'rare', 'type', 'common']	neg	neg
A bluebird is not a	bird	-1.5497303	Ġbird	['bird', 'blue', 'rare', 'type', 'common']	neg	aff
A canary is a	bird	-2.039607	Ġbird	['small', 'bird', 'type', 'song', 'yellow']	aff	aff
A canary is a	toy	-8.376104	Ġtoy	['small', 'bird', 'type', 'song', 'yellow']	aff	neg
A canary is not a	toy	-5.0556364	Ġtoy	['bird', 'good', 'par', 'pet', 'can']	neg	neg
A canary is not a	bird	-1.7774487	Ġbird	['bird', 'good', 'par', 'pet', 'can']	neg	aff
A parrakeet is a	bird	-2.272829	Ġbird	['small', 'par', 'type', 'bird', 'member']	aff	aff
A parrakeet is a	vegetable	-10.628203	Ġvegetable	['small', 'par', 'type', 'bird', 'member']	aff	neg
A parrakeet is not a	vegetable	-9.311231	Ġvegetable	['par', 'bird', 'p', 'good', 'pet']	neg	neg
A parrakeet is not a	bird	-2.386959	Ġbird	['par', 'bird', 'p', 'good', 'pet']	neg	aff
A hawk is a	bird	-0.7835388	Ġbird	['bird', 'r', 'type', 'predatory', 'predator']	aff	aff
A hawk is a	toy	-10.074104	Ġtoy	['bird', 'r', 'type', 'predatory', 'predator']	aff	neg
A hawk is not a	toy	-6.2585983	Ġtoy	['bird', 'hawk', 'fal', 'r', 'chicken']	neg	neg
A hawk is not a	bird	-1.3101559	Ġbird	['bird', 'hawk', 'fal', 'r', 'chicken']	neg	aff
A blackbird is a	bird	-1.8107033	Ġbird	['bird', 'black', 'type', 'common', 'member']	aff	aff
A blackbird is a	furniture	-14.300762	Ġfurniture	['bird', 'black', 'type', 'common', 'member']	aff	neg
A blackbird is not a	furniture	-12.708141	Ġfurniture	['crow', 'black', 'bird', 'type', 'sp']	neg	neg
A blackbird is not a	bird	-2.5264702	Ġbird	['crow', 'black', 'bird', 'type', 'sp']	neg	aff
A wren is a	bird	-2.7105322	Ġbird	['small', 'w', 'bird', 'tiny', 'very']	aff	aff
A wren is a	vegetable	-12.73487	Ġvegetable	['small', 'w', 'bird', 'tiny', 'very']	aff	neg
A wren is not a	vegetable	-10.419	Ġvegetable	['bird', 'w', 'big', 'large', 'small']	neg	neg
A wren is not a	bird	-1.7431021	Ġbird	['bird', 'w', 'big', 'large', 'small']	neg	aff
An oriole is a	bird	-1.8396511	Ġbird	['passer', 'bird', 'New', 'song', 'type']	aff	aff
An oriole is a	vegetable	-11.74424	Ġvegetable	['passer', 'bird', 'New', 'song', 'type']	aff	neg
An oriole is not a	vegetable	-8.880227	Ġvegetable	['bird', 'type', 'par', 'humming', 'fin']	neg	neg
An oriole is not a	bird	-1.999588	Ġbird	['bird', 'type', 'par', 'humming', 'fin']	neg	aff
A parrot is a	bird	-0.6031532	Ġbird	['bird', 'type', 'par', 'member', 'species']	aff	aff
A parrot is a	city	-11.168744	Ġcity	['bird', 'type', 'par', 'member', 'species']	aff	neg
A parrot is not a	city	-10.4316435	Ġcity	['bird', 'dog', 'pet', 'par', 'good']	neg	neg
A parrot is not a	bird	-2.1190224	Ġbird	['bird', 'dog', 'pet', 'par', 'good']	neg	aff
A pigeon is a	bird	-0.89230347	Ġbird	['bird', 'pigeon', 'member', 'domestic', 'type']	aff	aff
A pigeon is a	tree	-9.288111	Ġtree	['bird', 'pigeon', 'member', 'domestic', 'type']	aff	neg
A pigeon is not a	tree	-7.5121803	Ġtree	['bird', 'pigeon', 'dog', 'pet', 'rat']	neg	neg
A pigeon is not a	bird	-1.4720144	Ġbird	['bird', 'pigeon', 'dog', 'pet', 'rat']	neg	aff
A hummingbird is a	bird	-1.616375	Ġbird	['bird', 'small', 'type', 'tiny', 'very']	aff	aff
A hummingbird is an	insect	-2.7909565	Ġinsect	['amazing', 'insect', 'animal', 'extremely', 'example']	aff	neg
A hummingbird is not an	insect	-1.1998291	Ġinsect	['insect', 'easy', 'ordinary', 'animal', 'actual']	neg	neg
A hummingbird is not a	bird	-1.358921	Ġbird	['bird', 'humming', 'bee', 'type', 'very']	neg	aff
A starling is a	bird	-1.6023226	Ġbird	['bird', 'small', 'passer', 'member', 'type']	aff	aff
A starling is a	relative	-7.153388	Ġrelative	['bird', 'small', 'passer', 'member', 'type']	aff	neg
A starling is not a	relative	-7.993684	Ġrelative	['bird', 'star', 'type', 'song', 'sp']	neg	neg
A starling is not a	bird	-1.9609814	Ġbird	['bird', 'star', 'type', 'song', 'sp']	neg	aff
A woodpecker is a	bird	-0.535532	Ġbird	['bird', 'type', 'member', 'small', 'species']	aff	aff
A woodpecker is a	metal	-12.165691	Ġmetal	['bird', 'type', 'member', 'small', 'species']	aff	neg
A woodpecker is not a	metal	-8.102395	Ġmetal	['bird', 'wood', 'good', 'type', 'very']	neg	neg
A woodpecker is not a	bird	-1.4845352	Ġbird	['bird', 'wood', 'good', 'type', 'very']	neg	aff
A vulture is a	bird	-1.3488026	Ġbird	['scav', 'bird', 'large', 'type', 'r']	aff	aff
A vulture is a	flower	-12.294646	Ġflower	['scav', 'bird', 'large', 'type', 'r']	aff	neg
A vulture is not a	flower	-8.722922	Ġflower	['bird', 'scav', 'good', 'type', 'very']	neg	neg
A vulture is not a	bird	-1.5010128	Ġbird	['bird', 'scav', 'good', 'type', 'very']	neg	aff
A swallow is a	bird	-1.4182367	Ġbird	['bird', 'small', 'type', 'swallow', 'common']	aff	aff
A swallow is a	furniture	-12.589662	Ġfurniture	['bird', 'small', 'type', 'swallow', 'common']	aff	neg
A swallow is not a	furniture	-12.886755	Ġfurniture	['bird', 'swallow', 'sp', 'dove', 'sign']	neg	neg
A swallow is not a	bird	-1.448492	Ġbird	['bird', 'swallow', 'sp', 'dove', 'sign']	neg	aff
A chicken is a	bird	-1.1846905	Ġbird	['bird', 'domestic', 'chicken', 'type', 'small']	aff	aff
A chicken is a	city	-10.787397	Ġcity	['bird', 'domestic', 'chicken', 'type', 'small']	aff	neg
A chicken is not a	city	-9.399193	Ġcity	['chicken', 'bird', 'pig', 'cow', 'hen']	neg	neg
A chicken is not a	bird	-2.3208714	Ġbird	['chicken', 'bird', 'pig', 'cow', 'hen']	neg	aff
A dove is a	bird	-1.3585739	Ġbird	['symbol', 'bird', 'pigeon', 'white', 'type']	aff	aff
A dove is a	relative	-8.365097	Ġrelative	['symbol', 'bird', 'pigeon', 'white', 'type']	aff	neg
A dove is not a	relative	-9.6513	Ġrelative	['pigeon', 'dove', 'bird', 'chicken', 'hawk']	neg	neg
A dove is not a	bird	-2.2349339	Ġbird	['pigeon', 'dove', 'bird', 'chicken', 'hawk']	neg	aff
A duck is a	bird	-1.4953642	Ġbird	['bird', 'duck', 'water', 'large', 'type']	aff	aff
A duck is a	disease	-10.606127	Ġdisease	['bird', 'duck', 'water', 'large', 'type']	aff	neg
A duck is not a	disease	-10.440573	Ġdisease	['duck', 'bird', 'chicken', 'fish', 'dog']	neg	neg
A duck is not a	bird	-2.084279	Ġbird	['duck', 'bird', 'chicken', 'fish', 'dog']	neg	aff
An owl is a	bird	-1.1638432	Ġbird	['bird', 'type', 'member', 'noct', 'large']	aff	aff
An owl is a	disease	-10.465313	Ġdisease	['bird', 'type', 'member', 'noct', 'large']	aff	neg
An owl is not a	disease	-10.089799	Ġdisease	['bird', 'cat', 'good', 'hawk', 'type']	neg	neg
An owl is not a	bird	-0.9778862	Ġbird	['bird', 'cat', 'good', 'hawk', 'type']	neg	aff
A redbird is a	bird	-1.7691021	Ġbird	['bird', 'type', 'red', 'small', 'common']	aff	aff
A redbird is a	country	-9.120014	Ġcountry	['bird', 'type', 'red', 'small', 'common']	aff	neg
A redbird is not a	country	-9.076677	Ġcountry	['bird', 'red', 'cardinal', 'robin', 'rare']	neg	neg
A redbird is not a	bird	-1.6087074	Ġbird	['bird', 'red', 'cardinal', 'robin', 'rare']	neg	aff
A thrush is a	bird	-1.8413448	Ġbird	['bird', 'type', 'small', 'song', 'common']	aff	aff
A thrush is a	color	-9.71264	Ġcolor	['bird', 'type', 'small', 'song', 'common']	aff	neg
A thrush is not a	color	-8.181707	Ġcolor	['bird', 'disease', 'type', 'single', 'very']	neg	neg
A thrush is not a	bird	-1.9848032	Ġbird	['bird', 'disease', 'type', 'single', 'very']	neg	aff
A falcon is a	bird	-1.1084843	Ġbird	['bird', 'predatory', 'r', 'type', 'member']	aff	aff
A falcon is a	relative	-8.110172	Ġrelative	['bird', 'predatory', 'r', 'type', 'member']	aff	neg
A falcon is not a	relative	-8.697092	Ġrelative	['bird', 'hawk', 'fal', 'r', 'type']	neg	neg
A falcon is not a	bird	-1.574667	Ġbird	['bird', 'hawk', 'fal', 'r', 'type']	neg	aff
A jay is a	bird	-1.3665457	Ġbird	['bird', 'j', 'type', 'small', 'member']	aff	aff
A jay is a	fish	-7.5477934	Ġfish	['bird', 'j', 'type', 'small', 'member']	aff	neg
A jay is not a	fish	-7.13356	Ġfish	['bird', 'par', 'j', 'crow', 'blue']	neg	neg
A jay is not a	bird	-1.8248978	Ġbird	['bird', 'par', 'j', 'crow', 'blue']	neg	aff
A pheasant is a	bird	-1.3552399	Ġbird	['bird', 'game', 'type', 'large', 'member']	aff	aff
A pheasant is a	fish	-8.899376	Ġfish	['bird', 'game', 'type', 'large', 'member']	aff	neg
A pheasant is not a	fish	-4.928602	Ġfish	['chicken', 'bird', 'duck', 'turkey', 'par']	neg	neg
A pheasant is not a	bird	-2.1934996	Ġbird	['chicken', 'bird', 'duck', 'turkey', 'par']	neg	aff
A finch is a	bird	-1.8880062	Ġbird	['small', 'type', 'bird', 'passer', 'song']	aff	aff
A finch is a	vehicle	-11.458366	Ġvehicle	['small', 'type', 'bird', 'passer', 'song']	aff	neg
A finch is not a	vehicle	-10.511196	Ġvehicle	['bird', 'fin', 'par', 'type', 'sp']	neg	neg
A finch is not a	bird	-1.494895	Ġbird	['bird', 'fin', 'par', 'type', 'sp']	neg	aff
A mockingbird is a	bird	-1.4212685	Ġbird	['bird', 'type', 'song', 'small', 'common']	aff	aff
A mockingbird is a	snake	-9.805098	Ġsnake	['bird', 'type', 'song', 'small', 'common']	aff	neg
A mockingbird is not a	snake	-8.2934265	Ġsnake	['bird', 'real', 'mocking', 'type', 'song']	neg	neg
A mockingbird is not a	bird	-1.5983524	Ġbird	['bird', 'real', 'mocking', 'type', 'song']	neg	aff
A buzzard is a	bird	-1.1351013	Ġbird	['bird', 'large', 'medium', 'type', 'r']	aff	aff
A buzzard is a	metal	-13.171623	Ġmetal	['bird', 'large', 'medium', 'type', 'r']	aff	neg
A buzzard is not a	metal	-10.16218	Ġmetal	['bird', 'hawk', 'r', 'v', 'type']	neg	neg
A buzzard is not a	bird	-2.0454264	Ġbird	['bird', 'hawk', 'r', 'v', 'type']	neg	aff
An ostrich is a	bird	-2.8397808	Ġbird	['large', 'flight', 'bird', 'species', 'big']	aff	aff
An ostrich is a	color	-11.520478	Ġcolor	['large', 'flight', 'bird', 'species', 'big']	aff	neg
An ostrich is not a	color	-8.364281	Ġcolor	['bird', 'good', 'dinosaur', 'horse', 'flight']	neg	neg
An ostrich is not a	bird	-0.81620216	Ġbird	['bird', 'good', 'dinosaur', 'horse', 'flight']	neg	aff
A flamingo is a	bird	-1.8528976	Ġbird	['type', 'bird', 'large', 'w', 'species']	aff	aff
A flamingo is a	relative	-9.026338	Ġrelative	['type', 'bird', 'large', 'w', 'species']	aff	neg
A flamingo is not a	relative	-7.9710455	Ġrelative	['bird', 'fish', 'duck', 'type', 'pink']	neg	neg
A flamingo is not a	bird	-1.1631317	Ġbird	['bird', 'fish', 'duck', 'type', 'pink']	neg	aff
A lark is a	bird	-1.4228096	Ġbird	['bird', 'small', 'song', 'member', 'type']	aff	aff
A lark is a	fruit	-11.637783	Ġfruit	['bird', 'small', 'song', 'member', 'type']	aff	neg
A lark is not a	fruit	-8.384812	Ġfruit	['bird', 'l', 'song', 'sp', 'type']	neg	neg
A lark is not a	bird	-1.1407185	Ġbird	['bird', 'l', 'song', 'sp', 'type']	neg	aff
A peacock is a	bird	-1.8222218	Ġbird	['male', 'bird', 'large', 'type', 'beautiful']	aff	aff
A peacock is a	sport	-11.511357	Ġsport	['male', 'bird', 'large', 'type', 'beautiful']	aff	neg
A peacock is not a	sport	-9.530024	Ġsport	['bird', 'pe', 'chicken', 'type', 'par']	neg	neg
A peacock is not a	bird	-1.2689285	Ġbird	['bird', 'pe', 'chicken', 'type', 'par']	neg	aff
A turkey is a	bird	-1.775629	Ġbird	['large', 'bird', 'type', 'domestic', 'big']	aff	aff
A turkey is an	animal	-2.6110706	Ġanimal	['edible', 'excellent', 'animal', 'American', 'omn']	aff	neg
A turkey is not an	animal	-2.1175556	Ġanimal	['animal', 'easy', 'ordinary', 'exotic', 'option']	neg	neg
A turkey is not a	bird	-2.1517887	Ġbird	['chicken', 'bird', 'turkey', 'good', 'pig']	neg	aff
A penguin is a	bird	-2.0018253	Ġbird	['flight', 'bird', 'p', 'species', 'type']	aff	aff
A penguin is a	city	-11.524118	Ġcity	['flight', 'bird', 'p', 'species', 'type']	aff	neg
A penguin is not a	city	-10.29752	Ġcity	['bird', 'fish', 'duck', 'p', 'flight']	neg	neg
A penguin is not a	bird	-1.3150196	Ġbird	['bird', 'fish', 'duck', 'p', 'flight']	neg	aff
A raven is a	bird	-1.6971941	Ġbird	['large', 'bird', 'black', 'type', 'member']	aff	aff
A raven is a	snake	-11.410225	Ġsnake	['large', 'bird', 'black', 'type', 'member']	aff	neg
A raven is not a	snake	-8.893939	Ġsnake	['crow', 'bird', 'black', 'r', 'very']	neg	neg
A raven is not a	bird	-1.7249975	Ġbird	['crow', 'bird', 'black', 'r', 'very']	neg	aff
A swan is a	bird	-2.0550308	Ġbird	['large', 'bird', 'water', 'type', 'species']	aff	aff
A swan is a	country	-11.776171	Ġcountry	['large', 'bird', 'water', 'type', 'species']	aff	neg
A swan is not a	country	-9.683833	Ġcountry	['duck', 'bird', 'sw', 'goose', 'water']	neg	neg
A swan is not a	bird	-1.8409538	Ġbird	['duck', 'bird', 'sw', 'goose', 'water']	neg	aff
A crane is a	bird	-12.027788	Ġbird	['machine', 'type', 'piece', 'large', 'mechanical']	aff	aff
A crane is an	animal	-6.5322046	Ġanimal	['important', 'essential', 'instrument', 'apparatus', 'amazing']	aff	neg
A crane is not an	animal	-3.4472942	Ġanimal	['easy', 'ordinary', 'animal', 'everyday', 'item']	neg	neg
A crane is not a	bird	-4.6691647	Ġbird	['crane', 'toy', 'machine', 'tool', 'simple']	neg	aff
A geese is a	bird	-1.8509836	Ġbird	['large', 'bird', 'water', 'type', 'big']	aff	aff
A geese is a	vehicle	-8.4478855	Ġvehicle	['large', 'bird', 'water', 'type', 'big']	aff	neg
A geese is not a	vehicle	-7.2097845	Ġvehicle	['goose', 'bird', 'duck', 'good', 'type']	neg	neg
A geese is not a	bird	-2.0441914	Ġbird	['goose', 'bird', 'duck', 'good', 'type']	neg	aff
A chickadee is a	bird	-2.2490482	Ġbird	['small', 'bird', 'type', 'song', 'common']	aff	aff
A chickadee is a	vegetable	-11.926069	Ġvegetable	['small', 'bird', 'type', 'song', 'common']	aff	neg
A chickadee is not a	vegetable	-9.095404	Ġvegetable	['bird', 'sp', 'par', 'chicken', 'chick']	neg	neg
A chickadee is not a	bird	-2.139059	Ġbird	['bird', 'sp', 'par', 'chicken', 'chick']	neg	aff
A pelican is a	bird	-1.7907162	Ġbird	['large', 'bird', 'type', 'water', 'pel']	aff	aff
A pelican is a	metal	-12.660863	Ġmetal	['large', 'bird', 'type', 'water', 'pel']	aff	neg
A pelican is not a	metal	-9.807545	Ġmetal	['bird', 'duck', 'fish', 'p', 'se']	neg	neg
A pelican is not a	bird	-1.6234989	Ġbird	['bird', 'duck', 'fish', 'p', 'se']	neg	aff
A stork is a	bird	-2.337164	Ġbird	['large', 'bird', 'w', 'long', 'member']	aff	aff
A stork is a	relative	-8.191257	Ġrelative	['large', 'bird', 'w', 'long', 'member']	aff	neg
A stork is not a	relative	-7.6067524	Ġrelative	['bird', 'st', 'type', 'good', 'duck']	neg	neg
A stork is not a	bird	-0.9541626	Ġbird	['bird', 'st', 'type', 'good', 'duck']	neg	aff
A warbler is a	bird	-2.0918388	Ġbird	['small', 'bird', 'member', 'song', 'passer']	aff	aff
A warbler is a	weapon	-11.463343	Ġweapon	['small', 'bird', 'member', 'song', 'passer']	aff	neg
A warbler is not a	weapon	-6.266014	Ġweapon	['bird', 'war', 'type', 'sp', 'song']	neg	neg
A warbler is not a	bird	-1.6990242	Ġbird	['bird', 'war', 'type', 'sp', 'song']	neg	aff
A car is a	vehicle	-2.3659725	Ġvehicle	['self', 'vehicle', 'whe', 'car', 'valuable']	aff	aff
A car is a	crime	-11.236227	Ġcrime	['self', 'vehicle', 'whe', 'car', 'valuable']	aff	neg
A car is not a	crime	-7.88984	Ġcrime	['toy', 'luxury', 'good', 'necessity', 'car']	neg	neg
A car is not a	vehicle	-6.092024	Ġvehicle	['toy', 'luxury', 'good', 'necessity', 'car']	neg	aff
A bus is a	vehicle	-3.3042164	Ġvehicle	['road', 'large', 'type', 'bus', 'common']	aff	aff
A bus is a	state	-9.069412	Ġstate	['road', 'large', 'type', 'bus', 'common']	aff	neg
A bus is not a	state	-8.267194	Ġstate	['car', 'bus', 'place', 'school', 'home']	neg	neg
A bus is not a	vehicle	-4.215214	Ġvehicle	['car', 'bus', 'place', 'school', 'home']	neg	aff
An airplane is a	vehicle	-2.227934	Ġvehicle	['vehicle', 'complex', 'fixed', 'powered', 'flying']	aff	aff
An airplane is a	sport	-9.969961	Ġsport	['vehicle', 'complex', 'fixed', 'powered', 'flying']	aff	neg
An airplane is not a	sport	-8.079402	Ġsport	['car', 'flying', 'toy', 'bird', 'good']	neg	neg
An airplane is not a	vehicle	-3.7701244	Ġvehicle	['car', 'flying', 'toy', 'bird', 'good']	neg	aff
A train is a	vehicle	-2.0970736	Ġvehicle	['form', 'series', 'vehicle', 'connected', 'great']	aff	aff
A train is a	profession	-12.355406	Ġprofession	['form', 'series', 'vehicle', 'connected', 'great']	aff	neg
A train is not a	profession	-9.551222	Ġprofession	['car', 'place', 'bus', 'vehicle', 'train']	neg	neg
A train is not a	vehicle	-3.083377	Ġvehicle	['car', 'place', 'bus', 'vehicle', 'train']	neg	aff
A truck is a	vehicle	-1.408391	Ġvehicle	['vehicle', 'motor', 'large', 'heavy', 'commercial']	aff	aff
A truck is a	profession	-12.883601	Ġprofession	['vehicle', 'motor', 'large', 'heavy', 'commercial']	aff	neg
A truck is not a	profession	-10.506739	Ġprofession	['car', 'toy', 'vehicle', 'truck', 'small']	neg	neg
A truck is not a	vehicle	-3.1293344	Ġvehicle	['car', 'toy', 'vehicle', 'truck', 'small']	neg	aff
A bicycle is a	vehicle	-1.5801487	Ġvehicle	['vehicle', 'human', 'great', 'two', 'type']	aff	aff
A bicycle is a	vegetable	-12.490705	Ġvegetable	['vehicle', 'human', 'great', 'two', 'type']	aff	neg
A bicycle is not a	vegetable	-10.323475	Ġvegetable	['toy', 'motor', 'car', 'vehicle', 'motorcycle']	neg	neg
A bicycle is not a	vehicle	-2.2605076	Ġvehicle	['toy', 'motor', 'car', 'vehicle', 'motorcycle']	neg	aff
A motorcycle is a	vehicle	-2.8204327	Ġvehicle	['two', 'vehicle', 'single', 'motor', 'great']	aff	aff
A motorcycle is a	furniture	-13.378149	Ġfurniture	['two', 'vehicle', 'single', 'motor', 'great']	aff	neg
A motorcycle is not a	furniture	-9.581525	Ġfurniture	['car', 'toy', 'vehicle', 'motor', 'motorcycle']	neg	neg
A motorcycle is not a	vehicle	-2.7321854	Ġvehicle	['car', 'toy', 'vehicle', 'motor', 'motorcycle']	neg	aff
A boat is a	vehicle	-4.325287	Ġvehicle	['water', 'vessel', 'small', 'floating', 'narrow']	aff	aff
A boat is an	insect	-7.074767	ĠIn	['excellent', 'important', 'amazing', 'object', 'essential']	aff	neg
A boat is not an	insect	-8.454142	Ġinsect	['island', 'ordinary', 'object', 'option', 'investment']	neg	neg
A boat is not a	vehicle	-3.5858946	Ġvehicle	['toy', 'home', 'car', 'boat', 'house']	neg	aff
A scooter is a	vehicle	-2.1755219	Ġvehicle	['vehicle', 'great', 'two', 'small', 'type']	aff	aff
A scooter is a	state	-10.585527	Ġstate	['vehicle', 'great', 'two', 'small', 'type']	aff	neg
A scooter is not a	state	-9.333609	Ġstate	['motorcycle', 'car', 'motor', 'toy', 'bike']	neg	neg
A scooter is not a	vehicle	-3.2448587	Ġvehicle	['motorcycle', 'car', 'motor', 'toy', 'bike']	neg	aff
A wagon is a	vehicle	-2.7058525	Ġvehicle	['heavy', 'whe', 'type', 'vehicle', 'non']	aff	aff
A wagon is a	bird	-11.409557	Ġbird	['heavy', 'whe', 'type', 'vehicle', 'non']	aff	neg
A wagon is not a	bird	-6.5944433	Ġbird	['car', 'vehicle', 'wagon', 'horse', 'toy']	neg	neg
A wagon is not a	vehicle	-3.1078787	Ġvehicle	['car', 'vehicle', 'wagon', 'horse', 'toy']	neg	aff
A bike is a	vehicle	-2.5048866	Ġvehicle	['great', 'two', 'vehicle', 'very', 'bike']	aff	aff
A bike is a	tree	-10.785947	Ġtree	['great', 'two', 'vehicle', 'very', 'bike']	aff	neg
A bike is not a	tree	-8.904982	Ġtree	['toy', 'car', 'bike', 'vehicle', 'necessity']	neg	neg
A bike is not a	vehicle	-3.7982826	Ġvehicle	['toy', 'car', 'bike', 'vehicle', 'necessity']	neg	aff
A ship is a	vehicle	-6.532299	Ġvehicle	['large', 'long', 'big', 'water', 'floating']	aff	aff
A ship is a	fish	-10.699699	Ġfish	['large', 'long', 'big', 'water', 'floating']	aff	neg
A ship is not a	fish	-5.782077	Ġfish	['ship', 'home', 'boat', 'machine', 'house']	neg	neg
A ship is not a	vehicle	-4.3133535	Ġvehicle	['ship', 'home', 'boat', 'machine', 'house']	neg	aff
A tricycle is a	vehicle	-1.6053123	Ġvehicle	['three', 'vehicle', 'human', 'type', 'bicycle']	aff	aff
A tricycle is a	profession	-14.262333	Ġprofession	['three', 'vehicle', 'human', 'type', 'bicycle']	aff	neg
A tricycle is not a	profession	-10.679403	Ġprofession	['car', 'bicycle', 'motorcycle', 'vehicle', 'motor']	neg	neg
A tricycle is not a	vehicle	-2.4422264	Ġvehicle	['car', 'bicycle', 'motorcycle', 'vehicle', 'motor']	neg	aff
A tractor is a	vehicle	-1.5386295	Ġvehicle	['vehicle', 'heavy', 'piece', 'type', 'powerful']	aff	aff
A tractor is a	furniture	-14.427853	Ġfurniture	['vehicle', 'heavy', 'piece', 'type', 'powerful']	aff	neg
A tractor is not a	furniture	-11.005493	Ġfurniture	['tractor', 'car', 'toy', 'vehicle', 'truck']	neg	neg
A tractor is not a	vehicle	-3.0429478	Ġvehicle	['tractor', 'car', 'toy', 'vehicle', 'truck']	neg	aff
A taxi is a	vehicle	-2.1554737	Ġvehicle	['vehicle', 'car', 'great', 'small', 'type']	aff	aff
A taxi is a	profession	-11.055857	Ġprofession	['vehicle', 'car', 'great', 'small', 'type']	aff	neg
A taxi is not a	profession	-10.551256	Ġprofession	['lim', 'public', 'bus', 'car', 'private']	neg	neg
A taxi is not a	vehicle	-3.843606	Ġvehicle	['lim', 'public', 'bus', 'car', 'private']	neg	aff
A cart is a	vehicle	-2.6591473	Ġvehicle	['whe', 'vehicle', 'small', 'type', 'simple']	aff	aff
A cart is an	insect	-8.6596575	Ġinsect	['object', 'item', 'open', 'important', 'essential']	aff	neg
A cart is not an	insect	-7.053687	Ġinsect	['animal', 'automobile', 'object', 'easy', 'appropriate']	neg	neg
A cart is not a	vehicle	-3.159586	Ġvehicle	['car', 'cart', 'vehicle', 'horse', 'toy']	neg	aff
A jeep is a	vehicle	-2.547989	Ġvehicle	['four', 'type', 'vehicle', 'car', '']	aff	aff
A jeep is a	flower	-13.720118	Ġflower	['four', 'type', 'vehicle', 'car', '']	aff	neg
A jeep is not a	flower	-10.433836	Ġflower	['car', 'vehicle', 'luxury', 'jeep', '']	neg	neg
A jeep is not a	vehicle	-2.455329	Ġvehicle	['car', 'vehicle', 'luxury', 'jeep', '']	neg	aff
A jet is a	vehicle	-4.7096796	Ġvehicle	['high', 'type', 'device', 'plane', 'fast']	aff	aff
A jet is a	color	-7.8910847	Ġcolor	['high', 'type', 'device', 'plane', 'fast']	aff	neg
A jet is not a	color	-9.378444	Ġcolor	['plane', 'jet', 'rocket', 'car', 'good']	neg	neg
A jet is not a	vehicle	-5.8177576	Ġvehicle	['plane', 'jet', 'rocket', 'car', 'good']	neg	aff
A streetcar is a	vehicle	-3.8852406	Ġvehicle	['rail', 'railway', 'light', 'passenger', 'tram']	aff	aff
A streetcar is an	insect	-8.428788	Ġinsect	['electric', 'urban', 'ideal', 'excellent', 'electrical']	aff	neg
A streetcar is not an	insect	-9.354397	ĠIn	['electric', 'alternative', 'automobile', 'L', 'appropriate']	neg	neg
A streetcar is not a	vehicle	-5.7827015	Ġvehicle	['bus', 'train', 'street', 'tram', 't']	neg	aff
A trailer is a	vehicle	-2.3758125	Ġvehicle	['vehicle', 'great', 'small', 'device', 'type']	aff	aff
A trailer is a	flower	-12.737536	Ġflower	['vehicle', 'great', 'small', 'device', 'type']	aff	neg
A trailer is not a	flower	-10.538874	Ġflower	['home', 'vehicle', 'trailer', 'car', 'toy']	neg	neg
A trailer is not a	vehicle	-2.9787111	Ġvehicle	['home', 'vehicle', 'trailer', 'car', 'toy']	neg	aff
A skates is a	vehicle	-4.6707172	Ġvehicle	['type', 'flat', 'device', 'shoe', 'kind']	aff	aff
A skates is a	profession	-10.41321	Ġprofession	['type', 'flat', 'device', 'shoe', 'kind']	aff	neg
A skates is not a	profession	-9.08238	Ġprofession	['fish', 'skate', 'shoe', 'skateboard', 'type']	neg	neg
A skates is not a	vehicle	-6.4030495	Ġvehicle	['fish', 'skate', 'shoe', 'skateboard', 'type']	neg	aff
A cab is a	vehicle	-2.839201	Ġvehicle	['type', 'vehicle', 'taxi', 'tax', 'small']	aff	aff
A cab is a	furniture	-10.83202	Ġfurniture	['type', 'vehicle', 'taxi', 'tax', 'small']	aff	neg
A cab is not a	furniture	-10.253271	Ġfurniture	['taxi', 'car', 'lim', 'bus', 'cab']	neg	neg
A cab is not a	vehicle	-4.602048	Ġvehicle	['taxi', 'car', 'lim', 'bus', 'cab']	neg	aff
A helicopter is a	vehicle	-4.980878	Ġvehicle	['type', 'fixed', 'heavier', 'plane', 'rotor']	aff	aff
A helicopter is a	vegetable	-16.52934	Ġvegetable	['type', 'fixed', 'heavier', 'plane', 'rotor']	aff	neg
A helicopter is not a	vegetable	-11.085327	Ġvegetable	['plane', 'car', 'toy', 'helicopter', 'flying']	neg	neg
A helicopter is not a	vehicle	-4.223957	Ġvehicle	['plane', 'car', 'toy', 'helicopter', 'flying']	neg	aff
A subway is a	vehicle	-5.6710386	Ġvehicle	['rapid', 'type', 'system', 'railway', 'public']	aff	aff
A subway is a	weapon	-11.190816	Ġweapon	['rapid', 'type', 'system', 'railway', 'public']	aff	neg
A subway is not a	weapon	-6.4376535	Ġweapon	['subway', 'bus', 'train', 'place', 'good']	neg	neg
A subway is not a	vehicle	-5.4888334	Ġvehicle	['subway', 'bus', 'train', 'place', 'good']	neg	aff
A motorbike is a	vehicle	-2.8410902	Ġvehicle	['two', 'great', 'vehicle', 'type', 'motor']	aff	aff
A motorbike is a	vegetable	-13.046335	Ġvegetable	['two', 'great', 'vehicle', 'type', 'motor']	aff	neg
A motorbike is not a	vegetable	-10.634346	Ġvegetable	['toy', 'car', 'vehicle', 'luxury', 'cheap']	neg	neg
A motorbike is not a	vehicle	-2.8840675	Ġvehicle	['toy', 'car', 'vehicle', 'luxury', 'cheap']	neg	aff
A tank is a	vehicle	-4.945202	Ġvehicle	['container', 'large', 'combat', 'tank', 'storage']	aff	aff
A tank is a	furniture	-12.040049	Ġfurniture	['container', 'large', 'combat', 'tank', 'storage']	aff	neg
A tank is not a	furniture	-9.326754	Ġfurniture	['tank', 'weapon', 'car', 'toy', 'good']	neg	neg
A tank is not a	vehicle	-4.092334	Ġvehicle	['tank', 'weapon', 'car', 'toy', 'good']	neg	aff
A carriage is a	vehicle	-1.6338253	Ġvehicle	['vehicle', 'whe', 'type', 'four', 'small']	aff	aff
A carriage is a	color	-9.8400135	Ġcolor	['vehicle', 'whe', 'type', 'four', 'small']	aff	neg
A carriage is not a	color	-9.903843	Ġcolor	['car', 'carriage', 'horse', 'vehicle', 'house']	neg	neg
A carriage is not a	vehicle	-3.0727015	Ġvehicle	['car', 'carriage', 'horse', 'vehicle', 'house']	neg	aff
A Honda is a	vehicle	-3.5458622	Ġvehicle	['car', 'great', 'Honda', 'Japanese', 'popular']	aff	aff
A Honda is a	furniture	-13.313899	Ġfurniture	['car', 'great', 'Honda', 'Japanese', 'popular']	aff	neg
A Honda is not a	furniture	-11.176447	Ġfurniture	['car', 'Honda', 'luxury', 'typical', 'Toyota']	neg	neg
A Honda is not a	vehicle	-4.952986	Ġvehicle	['car', 'Honda', 'luxury', 'typical', 'Toyota']	neg	aff
A horse is a	vehicle	-8.100228	Ġvehicle	['horse', 'large', 'hoof', 'mamm', 'four']	aff	aff
A horse is a	metal	-10.740665	Ġmetal	['horse', 'large', 'hoof', 'mamm', 'four']	aff	neg
A horse is not a	metal	-7.54988	Ġmetal	['horse', 'machine', 'car', 'living', 'dog']	neg	neg
A horse is not a	vehicle	-5.1825047	Ġvehicle	['horse', 'machine', 'car', 'living', 'dog']	neg	aff
A feet is a	vehicle	-9.530142	Ġvehicle	['unit', 'measurement', 'measure', 'non', 'linear']	aff	aff
A feet is a	crime	-11.232091	Ġcrime	['unit', 'measurement', 'measure', 'non', 'linear']	aff	neg
A feet is not a	crime	-8.587168	Ġcrime	['foot', 'unit', 'measure', 'yard', 'good']	neg	neg
A feet is not a	vehicle	-6.6825	Ġvehicle	['foot', 'unit', 'measure', 'yard', 'good']	neg	aff
A sled is a	vehicle	-2.4296532	Ġvehicle	['flat', 'vehicle', 'device', 'simple', 'type']	aff	aff
A sled is a	vegetable	-13.44607	Ġvegetable	['flat', 'vehicle', 'device', 'simple', 'type']	aff	neg
A sled is not a	vegetable	-9.434913	Ġvegetable	['sled', 'toy', 'snow', 'car', 'tob']	neg	neg
A sled is not a	vehicle	-3.6887684	Ġvehicle	['sled', 'toy', 'snow', 'car', 'tob']	neg	aff
A cycle is a	vehicle	-7.9096727	Ġvehicle	['sequence', 'closed', 'repeating', 'group', 'set']	aff	aff
A cycle is a	fruit	-10.318568	Ġfruit	['sequence', 'closed', 'repeating', 'group', 'set']	aff	neg
A cycle is not a	fruit	-8.142006	Ġfruit	['cycle', 'loop', 'circle', 'closed', 'bicycle']	neg	neg
A cycle is not a	vehicle	-5.3397408	Ġvehicle	['cycle', 'loop', 'circle', 'closed', 'bicycle']	neg	aff
A rocket is a	vehicle	-2.4143906	Ġvehicle	['missile', 'vehicle', 'device', 'rocket', 'space']	aff	aff
A rocket is a	metal	-8.287685	Ġmetal	['missile', 'vehicle', 'device', 'rocket', 'space']	aff	neg
A rocket is not a	metal	-8.29782	Ġmetal	['rocket', 'missile', 'plane', 'gun', 'car']	neg	neg
A rocket is not a	vehicle	-4.1996756	Ġvehicle	['rocket', 'missile', 'plane', 'gun', 'car']	neg	aff
A van is a	vehicle	-2.006423	Ġvehicle	['type', 'vehicle', 'great', 'very', 'kind']	aff	aff
A van is an	animal	-8.753475	Ġanimal	['excellent', 'essential', 'important', 'ideal', 'enclosed']	aff	neg
A van is not an	animal	-5.627795	Ġanimal	['SUV', 'RV', 'ambulance', 'ordinary', 'automobile']	neg	neg
A van is not a	vehicle	-3.2742853	Ġvehicle	['car', 'van', 'truck', 'bus', 'vehicle']	neg	aff
A doll is a	toy	-1.666687	Ġtoy	['model', 'toy', 'soft', 'small', 'representation']	aff	aff
A doll is an	animal	-7.0424814	Ġanimal	['object', 'imitation', 'articulated', 'item', 'in']	aff	neg
A doll is not an	animal	-4.3722143	Ġanimal	['object', 'ordinary', 'in', 'easy', 'accessory']	neg	neg
A doll is not a	toy	-1.6667118	Ġtoy	['toy', 'doll', 'child', 'person', 'real']	neg	aff
A ball is a	toy	-8.1572275	Ġtoy	['round', 'spherical', 'rounded', 'small', 'solid']	aff	aff
A ball is a	metal	-10.3781	Ġmetal	['round', 'spherical', 'rounded', 'small', 'solid']	aff	neg
A ball is not a	metal	-8.604041	Ġmetal	['ball', 'sphere', 'perfect', 'solid', 'bill']	neg	neg
A ball is not a	toy	-5.009609	Ġtoy	['ball', 'sphere', 'perfect', 'solid', 'bill']	neg	aff
A car is a	toy	-10.020288	Ġtoy	['self', 'vehicle', 'whe', 'car', 'valuable']	aff	aff
A car is a	city	-10.725401	Ġcity	['self', 'vehicle', 'whe', 'car', 'valuable']	aff	neg
A car is not a	city	-7.2598867	Ġcity	['toy', 'luxury', 'good', 'necessity', 'car']	neg	neg
A car is not a	toy	-2.1079855	Ġtoy	['toy', 'luxury', 'good', 'necessity', 'car']	neg	aff
A gun is a	toy	-10.113936	Ġtoy	['weapon', 'portable', 'device', 'tool', 'type']	aff	aff
A gun is a	weapon	-1.6952724	Ġweapon	['weapon', 'portable', 'device', 'tool', 'type']	aff	neg
A gun is not a	weapon	-2.419693	Ġweapon	['toy', 'tool', 'weapon', 'gun', 'good']	neg	neg
A gun is not a	toy	-1.5645866	Ġtoy	['toy', 'tool', 'weapon', 'gun', 'good']	neg	aff
A truck is a	toy	-11.728303	Ġtoy	['vehicle', 'motor', 'large', 'heavy', 'commercial']	aff	aff
A truck is a	snake	-14.44286	Ġsnake	['vehicle', 'motor', 'large', 'heavy', 'commercial']	aff	neg
A truck is not a	snake	-10.450131	Ġsnake	['car', 'toy', 'vehicle', 'truck', 'small']	neg	neg
A truck is not a	toy	-2.8588686	Ġtoy	['car', 'toy', 'vehicle', 'truck', 'small']	neg	aff
A train is a	toy	-13.184602	Ġtoy	['form', 'series', 'vehicle', 'connected', 'great']	aff	aff
A train is a	vehicle	-2.0970736	Ġvehicle	['form', 'series', 'vehicle', 'connected', 'great']	aff	neg
A train is not a	vehicle	-3.083377	Ġvehicle	['car', 'place', 'bus', 'vehicle', 'train']	neg	neg
A train is not a	toy	-3.870575	Ġtoy	['car', 'place', 'bus', 'vehicle', 'train']	neg	aff
A game is a	toy	-7.9541607	Ġtoy	['structured', 'system', 'form', 'set', 'game']	aff	aff
A game is a	relative	-11.558238	Ġrelative	['structured', 'system', 'form', 'set', 'game']	aff	neg
A game is not a	relative	-13.164497	Ġrelative	['game', 'toy', 'good', 'work', 'thing']	neg	neg
A game is not a	toy	-4.2335014	Ġtoy	['game', 'toy', 'good', 'work', 'thing']	neg	aff
A block is a	toy	-10.323658	Ġtoy	['group', 'solid', 'unit', 'fundamental', 'collection']	aff	aff
A block is a	flower	-12.115764	Ġflower	['group', 'solid', 'unit', 'fundamental', 'collection']	aff	neg
A block is not a	flower	-8.975866	Ġflower	['block', 'good', 'simple', 'single', 'building']	neg	neg
A block is not a	toy	-5.9217405	Ġtoy	['block', 'good', 'simple', 'single', 'building']	neg	aff
A bat is a	toy	-10.035923	Ġtoy	['flying', 'mamm', 'small', 'type', 'bat']	aff	aff
A bat is an	insect	-4.060299	Ġinsect	['animal', 'order', 'amazing', 'excellent', 'interesting']	aff	neg
A bat is not an	insect	-1.1703033	Ġinsect	['insect', 'animal', 'airplane', 'ordinary', 'aircraft']	neg	neg
A bat is not a	toy	-7.090582	Ġtoy	['bird', 'flying', 'mouse', 'rod', 'mamm']	neg	aff
A top is a	toy	-8.327569	Ġtoy	['garment', 'piece', 'type', 'sleeve', 'clothing']	aff	aff
A top is a	tree	-8.095057	Ġtree	['garment', 'piece', 'type', 'sleeve', 'clothing']	aff	neg
A top is not a	tree	-7.359	Ġtree	['top', 'bottom', 'dress', 'hat', 'shirt']	neg	neg
A top is not a	toy	-6.4076767	Ġtoy	['top', 'bottom', 'dress', 'hat', 'shirt']	neg	aff
A boat is a	toy	-10.859608	Ġtoy	['water', 'vessel', 'small', 'floating', 'narrow']	aff	aff
A boat is a	relative	-11.020044	Ġrelative	['water', 'vessel', 'small', 'floating', 'narrow']	aff	neg
A boat is not a	relative	-13.012574	Ġrelative	['toy', 'home', 'car', 'boat', 'house']	neg	neg
A boat is not a	toy	-2.26157	Ġtoy	['toy', 'home', 'car', 'boat', 'house']	neg	aff
A dollhouse is a	toy	-2.5337276	Ġtoy	['miniature', 'small', 'toy', 'great', 'model']	aff	aff
A dollhouse is a	tree	-10.379395	Ġtree	['miniature', 'small', 'toy', 'great', 'model']	aff	neg
A dollhouse is not a	tree	-7.542774	Ġtree	['toy', 'doll', 'play', 'simple', 'child']	neg	neg
A dollhouse is not a	toy	-1.779561	Ġtoy	['toy', 'doll', 'play', 'simple', 'child']	neg	aff
A wagon is a	toy	-10.415514	Ġtoy	['heavy', 'whe', 'type', 'vehicle', 'non']	aff	aff
A wagon is a	furniture	-12.082035	Ġfurniture	['heavy', 'whe', 'type', 'vehicle', 'non']	aff	neg
A wagon is not a	furniture	-8.428719	Ġfurniture	['car', 'vehicle', 'wagon', 'horse', 'toy']	neg	neg
A wagon is not a	toy	-3.5713787	Ġtoy	['car', 'vehicle', 'wagon', 'horse', 'toy']	neg	aff
A bike is a	toy	-8.764792	Ġtoy	['great', 'two', 'vehicle', 'very', 'bike']	aff	aff
A bike is an	animal	-8.150234	Ġanimal	['excellent', 'important', 'essential', 'amazing', 'ideal']	aff	neg
A bike is not an	animal	-5.7314987	Ġanimal	['ordinary', 'accessory', 'object', 'expensive', 'easy']	neg	neg
A bike is not a	toy	-1.4785595	Ġtoy	['toy', 'car', 'bike', 'vehicle', 'necessity']	neg	aff
A jacks is a	toy	-6.75235	Ġtoy	['tool', 'device', 'type', 'small', 'mechanical']	aff	aff
A jacks is an	insect	-6.90417	Ġinsect	['instrument', 'object', 'important', 'apparatus', 'old']	aff	neg
A jacks is not an	insect	-6.0889835	Ġinsect	['instrument', 'ordinary', 'easy', 'option', 'uncommon']	neg	neg
A jacks is not a	toy	-4.9590387	Ġtoy	['jack', 'j', 'tool', 'good', 'very']	neg	aff
A puzzle is a	toy	-4.9792767	Ġtoy	['game', 'problem', 'type', 'puzzle', 'question']	aff	aff
A puzzle is a	tree	-12.2169695	Ġtree	['game', 'problem', 'type', 'puzzle', 'question']	aff	neg
A puzzle is not a	tree	-8.830916	Ġtree	['puzzle', 'problem', 'game', 'mystery', 'r']	neg	neg
A puzzle is not a	toy	-4.5502186	Ġtoy	['puzzle', 'problem', 'game', 'mystery', 'r']	neg	aff
A rattle is a	toy	-1.941081	Ġtoy	['toy', 'musical', 'small', 'type', 'noise']	aff	aff
A rattle is a	vehicle	-7.8699512	Ġvehicle	['toy', 'musical', 'small', 'type', 'noise']	aff	neg
A rattle is not a	vehicle	-8.590451	Ġvehicle	['toy', 'r', 'good', 'ratt', 'bad']	neg	neg
A rattle is not a	toy	-1.0425272	Ġtoy	['toy', 'r', 'good', 'ratt', 'bad']	neg	aff
A bicycle is a	toy	-9.174593	Ġtoy	['vehicle', 'human', 'great', 'two', 'type']	aff	aff
A bicycle is an	animal	-6.3934946	Ġanimal	['excellent', 'important', 'efficient', 'ideal', 'effective']	aff	neg
A bicycle is not an	animal	-4.822794	Ġanimal	['automobile', 'ordinary', 'object', 'easy', 'accessory']	neg	neg
A bicycle is not a	toy	-1.4402428	Ġtoy	['toy', 'motor', 'car', 'vehicle', 'motorcycle']	neg	aff
A tricycle is a	toy	-7.9126444	Ġtoy	['three', 'vehicle', 'human', 'type', 'bicycle']	aff	aff
A tricycle is a	vegetable	-11.558248	Ġvegetable	['three', 'vehicle', 'human', 'type', 'bicycle']	aff	neg
A tricycle is not a	vegetable	-9.512068	Ġvegetable	['car', 'bicycle', 'motorcycle', 'vehicle', 'motor']	neg	neg
A tricycle is not a	toy	-2.9277544	Ġtoy	['car', 'bicycle', 'motorcycle', 'vehicle', 'motor']	neg	aff
A balloon is a	toy	-7.573904	Ġtoy	['flexible', 'type', 'bag', 'round', 'spherical']	aff	aff
A balloon is a	snake	-16.312315	Ġsnake	['flexible', 'type', 'bag', 'round', 'spherical']	aff	neg
A balloon is not a	snake	-8.938126	Ġsnake	['toy', 'balloon', 'good', 'very', 'solid']	neg	neg
A balloon is not a	toy	-2.323079	Ġtoy	['toy', 'balloon', 'good', 'very', 'solid']	neg	aff
A YoYo is a	toy	-1.9609709	Ġtoy	['toy', 'small', 'type', 'simple', 'great']	aff	aff
A YoYo is a	crime	-10.124868	Ġcrime	['toy', 'small', 'type', 'simple', 'great']	aff	neg
A YoYo is not a	crime	-7.540921	Ġcrime	['Yo', 'toy', 'Toy', 'yo', 'weapon']	neg	neg
A YoYo is not a	toy	-2.0938148	Ġtoy	['Yo', 'toy', 'Toy', 'yo', 'weapon']	neg	aff
A marbles is a	toy	-2.9681425	Ġtoy	['small', 'game', 'round', 'toy', 'glass']	aff	aff
A marbles is a	furniture	-11.898187	Ġfurniture	['small', 'game', 'round', 'toy', 'glass']	aff	neg
A marbles is not a	furniture	-9.47118	Ġfurniture	['good', 'ball', 'marble', 'toy', 'solid']	neg	neg
A marbles is not a	toy	-3.6097193	Ġtoy	['good', 'ball', 'marble', 'toy', 'solid']	neg	aff
A rope is a	toy	-9.599083	Ġtoy	['length', 'flexible', 'long', 'thin', 'group']	aff	aff
A rope is an	insect	-9.621681	ĠIn	['object', 'extremely', 'assembly', 'elong', 'arrangement']	aff	neg
A rope is not an	insect	-7.1942863	ĠIn	['object', 'in', 'ideal', 'infinite', 'ordinary']	neg	neg
A rope is not a	toy	-3.687295	Ġtoy	['rope', 'ladder', 'good', 'toy', 'chain']	neg	aff
A horse is a	toy	-10.221608	Ġtoy	['horse', 'large', 'hoof', 'mamm', 'four']	aff	aff
A horse is a	fish	-11.869957	Ġfish	['horse', 'large', 'hoof', 'mamm', 'four']	aff	neg
A horse is not a	fish	-7.5443974	Ġfish	['horse', 'machine', 'car', 'living', 'dog']	neg	neg
A horse is not a	toy	-3.960722	Ġtoy	['horse', 'machine', 'car', 'living', 'dog']	neg	aff
A skates is a	toy	-5.6901436	Ġtoy	['type', 'flat', 'device', 'shoe', 'kind']	aff	aff
A skates is a	city	-6.4646425	Ġcity	['type', 'flat', 'device', 'shoe', 'kind']	aff	neg
A skates is not a	city	-8.043476	Ġcity	['fish', 'skate', 'shoe', 'skateboard', 'type']	neg	neg
A skates is not a	toy	-4.2472153	Ġtoy	['fish', 'skate', 'shoe', 'skateboard', 'type']	neg	aff
A animals is a	toy	-8.65836	Ġtoy	['living', 'creature', 'group', 'multic', 'species']	aff	aff
A animals is a	fish	-7.8251266	Ġfish	['living', 'creature', 'group', 'multic', 'species']	aff	neg
A animals is not a	fish	-6.0255246	Ġfish	['human', 'living', 'person', 'machine', 'thing']	neg	neg
A animals is not a	toy	-5.409918	Ġtoy	['human', 'living', 'person', 'machine', 'thing']	neg	aff
A books is a	toy	-9.213097	Ġtoy	['collection', 'set', 'book', 'great', 'written']	aff	aff
A books is a	weapon	-7.9750023	Ġweapon	['collection', 'set', 'book', 'great', 'written']	aff	neg
A books is not a	weapon	-5.7845984	Ġweapon	['book', 'good', 'thing', 'luxury', 'commodity']	neg	neg
A books is not a	toy	-5.2438984	Ġtoy	['book', 'good', 'thing', 'luxury', 'commodity']	neg	aff
A dishes is a	toy	-11.397037	Ġtoy	['flat', 'container', 'shallow', 'small', 'little']	aff	aff
A dishes is a	profession	-12.789425	Ġprofession	['flat', 'container', 'shallow', 'small', 'little']	aff	neg
A dishes is not a	profession	-9.515749	Ġprofession	['dish', 'meal', 'complete', 'dishes', 'full']	neg	neg
A dishes is not a	toy	-6.7327633	Ġtoy	['dish', 'meal', 'complete', 'dishes', 'full']	neg	aff
A drum is a	toy	-10.2955885	Ġtoy	['musical', 'piece', 'percussion', 'member', 'cylindrical']	aff	aff
A drum is a	vegetable	-13.869717	Ġvegetable	['musical', 'piece', 'percussion', 'member', 'cylindrical']	aff	neg
A drum is not a	vegetable	-9.165714	Ġvegetable	['drum', 'musical', 'simple', 'percussion', 'very']	neg	neg
A drum is not a	toy	-4.8070946	Ġtoy	['drum', 'musical', 'simple', 'percussion', 'very']	neg	aff
A fire is a	toy	-11.625387	Ġtoy	['chemical', 'very', 'rapid', 'good', 'fire']	aff	aff
A fire is a	profession	-12.599593	Ġprofession	['chemical', 'very', 'rapid', 'good', 'fire']	aff	neg
A fire is not a	profession	-8.833748	Ġprofession	['good', 'natural', 'place', 'pleasant', 'common']	neg	neg
A fire is not a	toy	-4.3221235	Ġtoy	['good', 'natural', 'place', 'pleasant', 'common']	neg	aff
An engine is a	toy	-12.540003	Ġtoy	['machine', 'device', 'heat', 'power', 'mechanical']	aff	aff
An engine is an	insect	-9.400171	ĠIn	['engine', 'integral', 'important', 'internal', 'apparatus']	aff	neg
An engine is not an	insect	-9.056593	ĠIn	['engine', 'easy', 'ordinary', 'efficient', 'end']	neg	neg
An engine is not a	toy	-4.40555	Ġtoy	['simple', 'machine', 'very', 'car', 'single']	neg	aff
A football is a	toy	-9.389601	Ġtoy	['ball', 'round', 'sphere', 'type', 'spherical']	aff	aff
A football is a	snake	-13.966777	Ġsnake	['ball', 'round', 'sphere', 'type', 'spherical']	aff	neg
A football is not a	snake	-9.496715	Ġsnake	['ball', 'sphere', 'perfect', 'round', 'soccer']	neg	neg
A football is not a	toy	-4.810606	Ġtoy	['ball', 'sphere', 'perfect', 'round', 'soccer']	neg	aff
A cards is a	toy	-7.878551	Ġtoy	['small', 'piece', 'card', 'flat', 'tool']	aff	aff
A cards is a	fish	-12.032734	Ġfish	['small', 'piece', 'card', 'flat', 'tool']	aff	neg
A cards is not a	fish	-8.650368	Ġfish	['card', 'good', 'game', 'cards', 'valid']	neg	neg
A cards is not a	toy	-5.67778	Ġtoy	['card', 'good', 'game', 'cards', 'valid']	neg	aff
A crayons is a	toy	-7.2749195	Ġtoy	['colored', 'stick', 'writing', 'small', 'wax']	aff	aff
A crayons is a	fruit	-9.536154	Ġfruit	['colored', 'stick', 'writing', 'small', 'wax']	aff	neg
A crayons is not a	fruit	-4.9638615	Ġfruit	['cray', 'tool', 'toy', 'good', 'color']	neg	neg
A crayons is not a	toy	-3.3145761	Ġtoy	['cray', 'tool', 'toy', 'good', 'color']	neg	aff
A Monopoly is a	toy	-9.44841	Ġtoy	['market', 'game', 'situation', 'company', 'Market']	aff	aff
A Monopoly is a	snake	-13.530735	Ġsnake	['market', 'game', 'situation', 'company', 'Market']	aff	neg
A Monopoly is not a	snake	-10.955982	ĠSnake	['good', 'Market', 'free', 'game', 'Free']	neg	neg
A Monopoly is not a	toy	-7.2687683	ĠToy	['good', 'Market', 'free', 'game', 'Free']	neg	aff
A tractor is a	toy	-11.854364	Ġtoy	['vehicle', 'heavy', 'piece', 'type', 'powerful']	aff	aff
A tractor is a	fish	-14.77078	Ġfish	['vehicle', 'heavy', 'piece', 'type', 'powerful']	aff	neg
A tractor is not a	fish	-9.717774	Ġfish	['tractor', 'car', 'toy', 'vehicle', 'truck']	neg	neg
A tractor is not a	toy	-2.9151268	Ġtoy	['tractor', 'car', 'toy', 'vehicle', 'truck']	neg	aff
A baseball is a	toy	-9.822739	Ġtoy	['ball', 'pro', 'round', 'baseball', 'solid']	aff	aff
A baseball is an	animal	-8.813698	Ġanimal	['object', 'item', 'important', 'ob', 'example']	aff	neg
A baseball is not an	animal	-7.91181	Ġanimal	['apple', 'egg', 'object', 'ideal', 'oval']	neg	neg
A baseball is not a	toy	-6.304433	Ġtoy	['sphere', 'ball', 'perfect', 'baseball', 'round']	neg	aff
A glove is a	toy	-10.466039	Ġtoy	['garment', 'covering', 'protective', 'glove', 'piece']	aff	aff
A glove is a	relative	-10.9682045	Ġrelative	['garment', 'covering', 'protective', 'glove', 'piece']	aff	neg
A glove is not a	relative	-10.63426	Ġrelative	['glove', 'tool', 'hand', 'good', 'weapon']	neg	neg
A glove is not a	toy	-4.6237793	Ġtoy	['glove', 'tool', 'hand', 'good', 'weapon']	neg	aff
A swing is a	toy	-5.216799	Ġtoy	['pend', 'type', 'device', 'hanging', 'simple']	aff	aff
A swing is a	crime	-9.420942	Ġcrime	['pend', 'type', 'device', 'hanging', 'simple']	aff	neg
A swing is not a	crime	-7.959241	Ġcrime	['swing', 'pend', 'toy', 'good', 'simple']	neg	neg
A swing is not a	toy	-3.25492	Ġtoy	['swing', 'pend', 'toy', 'good', 'simple']	neg	aff
A carrot is a	vegetable	-3.8272486	Ġvegetable	['root', 'type', 'kind', 'carrot', 'tub']	aff	aff
A carrot is an	animal	-5.5460043	Ġanimal	['orange', 'edible', 'underground', 'elong', 'important']	aff	neg
A carrot is not an	animal	-3.7676363	Ġanimal	['orange', 'apple', 'animal', 'ordinary', 'enemy']	neg	neg
A carrot is not a	vegetable	-2.6703024	Ġvegetable	['carrot', 'vegetable', 'normal', 'stick', 'real']	neg	aff
A pea is a	vegetable	-5.373336	Ġvegetable	['most', 'type', 'green', 'plant', 'seed']	aff	aff
A pea is a	fish	-13.4149685	Ġfish	['most', 'type', 'green', 'plant', 'seed']	aff	neg
A pea is not a	fish	-5.9482193	Ġfish	['pea', 'bean', 'vegetable', 'pod', 'fruit']	neg	neg
A pea is not a	vegetable	-3.0926342	Ġvegetable	['pea', 'bean', 'vegetable', 'pod', 'fruit']	neg	aff
A corn is a	vegetable	-12.919222	Ġvegetable	['thick', 'small', 'hard', 'hardened', 'call']	aff	aff
A corn is a	color	-11.968426	Ġcolor	['thick', 'small', 'hard', 'hardened', 'call']	aff	neg
A corn is not a	color	-11.158442	Ġcolor	['wart', 'tumor', 'cancer', 'call', 'disease']	neg	neg
A corn is not a	vegetable	-6.5536127	Ġvegetable	['wart', 'tumor', 'cancer', 'call', 'disease']	neg	aff
A bean is a	vegetable	-5.710451	Ġvegetable	['seed', 'type', 'small', 'plant', 'leg']	aff	aff
A bean is a	flower	-8.101874	Ġflower	['seed', 'type', 'small', 'plant', 'leg']	aff	neg
A bean is not a	flower	-5.228307	Ġflower	['bean', 'vegetable', 'leg', 'fruit', 'seed']	neg	neg
A bean is not a	vegetable	-2.0272093	Ġvegetable	['bean', 'vegetable', 'leg', 'fruit', 'seed']	neg	aff
A potato is a	vegetable	-2.3316145	Ġvegetable	['st', 'tub', 'vegetable', 'root', 'type']	aff	aff
A potato is a	furniture	-16.872692	Ġfurniture	['st', 'tub', 'vegetable', 'root', 'type']	aff	neg
A potato is not a	furniture	-11.899116	Ġfurniture	['vegetable', 'potato', 'fruit', 'root', 'plant']	neg	neg
A potato is not a	vegetable	-1.3503437	Ġvegetable	['vegetable', 'potato', 'fruit', 'root', 'plant']	neg	aff
A tomato is a	vegetable	-4.126115	Ġvegetable	['fruit', 'type', 'nutritious', 'berry', 'botanical']	aff	aff
A tomato is a	state	-9.15229	Ġstate	['fruit', 'type', 'nutritious', 'berry', 'botanical']	aff	neg
A tomato is not a	state	-11.401104	Ġstate	['fruit', 'vegetable', 'berry', 'tomato', 'potato']	neg	neg
A tomato is not a	vegetable	-0.9007683	Ġvegetable	['fruit', 'vegetable', 'berry', 'tomato', 'potato']	neg	aff
A lettuce is a	vegetable	-2.3611002	Ġvegetable	['plant', 'leaf', 'vegetable', 'type', 'member']	aff	aff
A lettuce is a	toy	-11.46644	Ġtoy	['plant', 'leaf', 'vegetable', 'type', 'member']	aff	neg
A lettuce is not a	toy	-7.6246195	Ġtoy	['vegetable', 'lettuce', 'salad', 'fruit', 'plant']	neg	neg
A lettuce is not a	vegetable	-1.673274	Ġvegetable	['vegetable', 'lettuce', 'salad', 'fruit', 'plant']	neg	aff
A spinach is a	vegetable	-2.8106775	Ġvegetable	['plant', 'leaf', 'green', 'vegetable', 'type']	aff	aff
A spinach is a	country	-11.387012	Ġcountry	['plant', 'leaf', 'green', 'vegetable', 'type']	aff	neg
A spinach is not a	country	-9.572554	Ġcountry	['vegetable', 'fruit', 'plant', 'spinach', 'type']	neg	neg
A spinach is not a	vegetable	-2.053403	Ġvegetable	['vegetable', 'fruit', 'plant', 'spinach', 'type']	neg	aff
An asparagus is a	vegetable	-1.9937458	Ġvegetable	['vegetable', 'perennial', 'plant', 'type', 'member']	aff	aff
An asparagus is a	disease	-8.378823	Ġdisease	['vegetable', 'perennial', 'plant', 'type', 'member']	aff	neg
An asparagus is not a	disease	-8.1061	Ġdisease	['vegetable', 'plant', 'fruit', 'tree', 'single']	neg	neg
An asparagus is not a	vegetable	-1.381134	Ġvegetable	['vegetable', 'plant', 'fruit', 'tree', 'single']	neg	aff
A broccoli is a	vegetable	-2.0350971	Ġvegetable	['vegetable', 'member', 'plant', 'flowering', 'type']	aff	aff
A broccoli is a	state	-9.839582	Ġstate	['vegetable', 'member', 'plant', 'flowering', 'type']	aff	neg
A broccoli is not a	state	-9.911316	Ġstate	['vegetable', 'flower', 'tree', 'fruit', 'broccoli']	neg	neg
A broccoli is not a	vegetable	-1.7453022	Ġvegetable	['vegetable', 'flower', 'tree', 'fruit', 'broccoli']	neg	aff
A celery is a	vegetable	-2.1328964	Ġvegetable	['vegetable', 'plant', 'type', 'long', 'bi']	aff	aff
A celery is a	flower	-6.532922	Ġflower	['vegetable', 'plant', 'type', 'long', 'bi']	aff	neg
A celery is not a	flower	-3.9229946	Ġflower	['vegetable', 'fruit', 'celery', 'root', 'flower']	neg	neg
A celery is not a	vegetable	-1.538064	Ġvegetable	['vegetable', 'fruit', 'celery', 'root', 'flower']	neg	aff
A cabbage is a	vegetable	-2.2353182	Ġvegetable	['vegetable', 'cabbage', 'plant', 'type', 'member']	aff	aff
A cabbage is a	sport	-11.192761	Ġsport	['vegetable', 'cabbage', 'plant', 'type', 'member']	aff	neg
A cabbage is not a	sport	-10.051894	Ġsport	['cabbage', 'vegetable', 'head', 'fruit', 'lettuce']	neg	neg
A cabbage is not a	vegetable	-2.2137241	Ġvegetable	['cabbage', 'vegetable', 'head', 'fruit', 'lettuce']	neg	aff
A string beans is a	vegetable	-2.9964342	Ġvegetable	['type', 'string', 'long', 'vegetable', 'plant']	aff	aff
A string beans is a	bird	-10.353922	Ġbird	['type', 'string', 'long', 'vegetable', 'plant']	aff	neg
A string beans is not a	bird	-7.6446643	Ġbird	['bean', 'string', 'type', 'vegetable', 'fruit']	neg	neg
A string beans is not a	vegetable	-3.0217667	Ġvegetable	['bean', 'string', 'type', 'vegetable', 'fruit']	neg	aff
A cauliflower is a	vegetable	-2.6127386	Ġvegetable	['member', 'vegetable', 'plant', 'flower', 'type']	aff	aff
A cauliflower is a	metal	-11.379184	Ġmetal	['member', 'vegetable', 'plant', 'flower', 'type']	aff	neg
A cauliflower is not a	metal	-9.546104	Ġmetal	['flower', 'cabbage', 'vegetable', 'cauliflower', 'tree']	neg	neg
A cauliflower is not a	vegetable	-2.359456	Ġvegetable	['flower', 'cabbage', 'vegetable', 'cauliflower', 'tree']	neg	aff
A beets is a	vegetable	-2.4073334	Ġvegetable	['root', 'vegetable', 'plant', 'type', 'beet']	aff	aff
A beets is a	flower	-6.6211796	Ġflower	['root', 'vegetable', 'plant', 'type', 'beet']	aff	neg
A beets is not a	flower	-5.3630514	Ġflower	['beet', 'vegetable', 'fruit', 'be', 'root']	neg	neg
A beets is not a	vegetable	-2.041069	Ġvegetable	['beet', 'vegetable', 'fruit', 'be', 'root']	neg	aff
A squash is a	vegetable	-2.3276148	Ġvegetable	['type', 'fruit', 'vegetable', 'winter', 'squash']	aff	aff
A squash is a	relative	-7.7475624	Ġrelative	['type', 'fruit', 'vegetable', 'winter', 'squash']	aff	neg
A squash is not a	relative	-8.281898	Ġrelative	['vegetable', 'squash', 'fruit', 'pumpkin', 'g']	neg	neg
A squash is not a	vegetable	-1.6201916	Ġvegetable	['vegetable', 'squash', 'fruit', 'pumpkin', 'g']	neg	aff
An onion is a	vegetable	-1.0894337	Ġvegetable	['vegetable', 'type', 'bi', 'bulb', 'plant']	aff	aff
An onion is a	weapon	-10.226416	Ġweapon	['vegetable', 'type', 'bi', 'bulb', 'plant']	aff	neg
An onion is not a	weapon	-6.1005564	Ġweapon	['vegetable', 'potato', 'bulb', 'fruit', 'ball']	neg	neg
An onion is not a	vegetable	-1.78829	Ġvegetable	['vegetable', 'potato', 'bulb', 'fruit', 'ball']	neg	aff
A radish is a	vegetable	-2.6646767	Ġvegetable	['root', 'vegetable', 'plant', 'crunchy', 'type']	aff	aff
A radish is an	insect	-10.636569	Ġinsect	['edible', 'annual', 'herb', 'easy', 'excellent']	aff	neg
A radish is not an	insect	-4.8013573	Ġinsect	['apple', 'ordinary', 'onion', 'animal', 'easy']	neg	neg
A radish is not a	vegetable	-1.9203234	Ġvegetable	['vegetable', 'root', 'rad', 'carrot', 'fruit']	neg	aff
A cucumber is a	vegetable	-2.929617	Ġvegetable	['member', 'creeping', 'fruit', 'plant', 'vegetable']	aff	aff
A cucumber is a	metal	-12.103595	Ġmetal	['member', 'creeping', 'fruit', 'plant', 'vegetable']	aff	neg
A cucumber is not a	metal	-10.455427	Ġmetal	['vegetable', 'fruit', 'cucumber', 'mel', 'type']	neg	neg
A cucumber is not a	vegetable	-1.3941765	Ġvegetable	['vegetable', 'fruit', 'cucumber', 'mel', 'type']	neg	aff
A turnip is a	vegetable	-2.3588047	Ġvegetable	['root', 'vegetable', 'plant', 'type', 'bi']	aff	aff
A turnip is a	color	-11.948204	Ġcolor	['root', 'vegetable', 'plant', 'type', 'bi']	aff	neg
A turnip is not a	color	-7.8924294	Ġcolor	['vegetable', 'root', 'turn', 'potato', 'rad']	neg	neg
A turnip is not a	vegetable	-1.7700367	Ġvegetable	['vegetable', 'root', 'turn', 'potato', 'rad']	neg	aff
A kale is a	vegetable	-2.8889236	Ġvegetable	['type', 'plant', 'vegetable', 'leaf', 'member']	aff	aff
A kale is a	profession	-12.854599	Ġprofession	['type', 'plant', 'vegetable', 'leaf', 'member']	aff	neg
A kale is not a	profession	-12.217457	Ġprofession	['cabbage', 'lettuce', 'kale', 'vegetable', 'salad']	neg	neg
A kale is not a	vegetable	-3.2549963	Ġvegetable	['cabbage', 'lettuce', 'kale', 'vegetable', 'salad']	neg	aff
A parsley is a	vegetable	-5.7585897	Ġvegetable	['bi', 'herb', 'plant', 'type', 'kind']	aff	aff
A parsley is a	disease	-9.041109	Ġdisease	['bi', 'herb', 'plant', 'type', 'kind']	aff	neg
A parsley is not a	disease	-8.327983	Ġdisease	['parsley', 'herb', 'weed', 'plant', 'vegetable']	neg	neg
A parsley is not a	vegetable	-3.7062855	Ġvegetable	['parsley', 'herb', 'weed', 'plant', 'vegetable']	neg	aff
A peppers is a	vegetable	-2.9838734	Ġvegetable	['fruit', 'plant', 'vegetable', 'type', 'pepper']	aff	aff
A peppers is a	metal	-9.232903	Ġmetal	['fruit', 'plant', 'vegetable', 'type', 'pepper']	aff	neg
A peppers is not a	metal	-8.998882	Ġmetal	['pepper', 'vegetable', 'fruit', 'peppers', 'bell']	neg	neg
A peppers is not a	vegetable	-2.2519007	Ġvegetable	['pepper', 'vegetable', 'fruit', 'peppers', 'bell']	neg	aff
A fly is an	insect	-0.53783226	Ġinsect	['insect', 'animal', 'excellent', 'annoying', 'in']	aff	aff
A fly is a	country	-11.635145	Ġcountry	['fly', 'small', 'type', 'common', 'flying']	aff	neg
A fly is not a	country	-10.1334305	Ġcountry	['bird', 'fly', 'fish', 'good', 'bee']	neg	neg
A fly is not an	insect	-0.54919815	Ġinsect	['insect', 'animal', 'airplane', 'aircraft', 'elephant']	neg	aff
An ant is an	insect	-0.41189957	Ġinsect	['insect', 'in', 'animal', 'ant', 'amazing']	aff	aff
An ant is a	fish	-9.908089	Ġfish	['small', 'member', 'very', 'common', 'social']	aff	neg
An ant is not a	fish	-5.3319674	Ġfish	['human', 'bee', 'very', 'robot', 'person']	neg	neg
An ant is not an	insect	-1.4408875	Ġinsect	['ant', 'insect', 'animal', 'elephant', 'individual']	neg	aff
A bee is an	insect	-0.33798218	Ġinsect	['insect', 'animal', 'in', 'amazing', 'example']	aff	aff
A bee is a	metal	-11.019739	Ġmetal	['flying', 'type', 'bee', 'small', 'member']	aff	neg
A bee is not a	metal	-9.865336	Ġmetal	['fly', 'bee', 'flower', 'bird', 'bug']	neg	neg
A bee is not an	insect	-0.45248222	Ġinsect	['insect', 'animal', 'in', 'ant', 'easy']	neg	aff
A mosquito is an	insect	-0.44834328	Ġinsect	['insect', 'annoying', 'in', 'ar', 'animal']	aff	aff
A mosquito is a	city	-11.362681	Ġcity	['small', 'flying', 'type', 'tiny', 'female']	aff	neg
A mosquito is not a	city	-8.698197	Ġcity	['mosquito', 'bird', 'good', 'big', 'fly']	neg	neg
A mosquito is not an	insect	-0.890543	Ġinsect	['insect', 'animal', 'ordinary', 'easy', 'attractive']	neg	aff
A spider is an	insect	-2.6921997	Ġinsect	['ar', 'in', 'air', 'insect', 'animal']	aff	aff
A spider is a	furniture	-14.390966	Ġfurniture	['small', 'spider', 'creature', 'type', 'very']	aff	neg
A spider is not a	furniture	-11.538561	Ġfurniture	['bug', 'spider', 'fly', 'good', 'bird']	neg	neg
A spider is not an	insect	-0.20446396	Ġinsect	['insect', 'animal', 'ar', 'in', 'ant']	neg	aff
A beetle is an	insect	-0.19660759	Ġinsect	['insect', 'animal', 'organism', 'in', 'order']	aff	aff
A beetle is a	vegetable	-8.796909	Ġvegetable	['type', 'kind', 'member', 'small', 'beetle']	aff	neg
A beetle is not a	vegetable	-6.600663	Ġvegetable	['bug', 'bird', 'beetle', 'good', 'fly']	neg	neg
A beetle is not an	insect	-0.40657997	Ġinsect	['insect', 'animal', 'easy', 'ant', 'ordinary']	neg	aff
A roach is an	insect	-0.70765305	Ġinsect	['insect', 'animal', 'annoying', 'extremely', 'old']	aff	aff
A roach is a	city	-8.360674	Ġcity	['ro', 'type', 'small', 'cock', 'common']	aff	neg
A roach is not a	city	-9.485211	Ġcity	['ro', 'cock', 'good', 'bug', 'dog']	neg	neg
A roach is not an	insect	-0.6810627	Ġinsect	['insect', 'animal', 'attractive', 'ant', 'easy']	neg	aff
A wasp is an	insect	-0.17499161	Ġinsect	['insect', 'animal', 'excellent', 'annoying', 'extremely']	aff	aff
A wasp is a	tree	-9.594916	Ġtree	['flying', 'st', 'type', 'member', 'was']	aff	neg
A wasp is not a	tree	-9.035361	Ġtree	['bee', 'was', 'fly', 'good', 'type']	neg	neg
A wasp is not an	insect	-0.43300056	Ġinsect	['insect', 'animal', 'ant', 'easy', 'ordinary']	neg	aff
A grasshopper is an	insect	-0.23173141	Ġinsect	['insect', 'orth', 'animal', 'example', 'edible']	aff	aff
A grasshopper is a	fruit	-10.065311	Ġfruit	['type', 'member', 'kind', 'jumping', 'le']	aff	neg
A grasshopper is not a	fruit	-6.509432	Ġfruit	['bug', 'grass', 'bird', 'cricket', 'good']	neg	neg
A grasshopper is not an	insect	-0.10198784	Ġinsect	['insect', 'animal', 'ant', 'ordinary', 'amphib']	neg	aff
A ladybug is an	insect	-0.43342018	Ġinsect	['insect', 'adorable', 'example', 'orange', 'excellent']	aff	aff
A ladybug is a	toy	-8.127318	Ġtoy	['small', 'type', 'beetle', 'common', 'tiny']	aff	neg
A ladybug is not a	toy	-6.807598	Ġtoy	['bug', 'beetle', 'lady', 'true', 'type']	neg	neg
A ladybug is not an	insect	-0.15909958	Ġinsect	['insect', 'actual', 'animal', 'ordinary', 'easy']	neg	aff
A gnat is an	insect	-0.7120018	Ġinsect	['insect', 'annoying', 'extremely', 'irritating', 'order']	aff	aff
A gnat is a	fruit	-9.46366	Ġfruit	['small', 'tiny', 'flying', 'type', 'common']	aff	neg
A gnat is not a	fruit	-5.267705	Ġfruit	['mosquito', 'fly', 'bee', 'g', 'bug']	neg	neg
A gnat is not an	insect	-0.41118622	Ġinsect	['insect', 'animal', 'easy', 'actual', 'annoying']	neg	aff
A moth is an	insect	-0.13043022	Ġinsect	['insect', 'adult', 'animal', 'in', 'ancient']	aff	aff
A moth is a	furniture	-13.583418	Ġfurniture	['type', 'moth', 'member', 'small', 'kind']	aff	neg
A moth is not a	furniture	-11.584497	Ġfurniture	['butterfly', 'bird', 'moth', 'fly', 'bug']	neg	neg
A moth is not an	insect	-0.3504467	Ġinsect	['insect', 'animal', 'easy', 'attractive', 'alien']	neg	aff
A flea is an	insect	-0.43133354	Ġinsect	['insect', 'annoying', 'external', 'extremely', 'ect']	aff	aff
A flea is a	fruit	-12.4198	Ġfruit	['small', 'wing', 'type', 'tiny', 'paras']	aff	neg
A flea is not a	fruit	-7.0803843	Ġfruit	['dog', 'fly', 'flea', 'good', 'big']	neg	neg
A flea is not an	insect	-0.47249794	Ġinsect	['insect', 'animal', 'easy', 'ordinary', 'actual']	neg	aff
A butterfly is an	insect	-0.22113228	Ġinsect	['insect', 'example', 'animal', 'in', 'amazing']	aff	aff
A butterfly is a	vehicle	-10.458362	Ġvehicle	['flying', 'mainly', 'mostly', 'small', 'type']	aff	neg
A butterfly is not a	vehicle	-8.381027	Ġvehicle	['bird', 'butterfly', 'flower', 'cater', 'fly']	neg	neg
A butterfly is not an	insect	-0.28165054	Ġinsect	['insect', 'animal', 'object', 'ordinary', 'airplane']	neg	aff
A bug is an	insect	-2.5069046	Ġinsect	['error', 'insect', 'unexpected', 'issue', 'unwanted']	aff	aff
A bug is a	city	-11.808311	Ġcity	['bug', 'software', 'problem', 'flaw', 'defect']	aff	neg
A bug is not a	city	-10.388605	Ġcity	['bug', 'feature', 'bad', 'problem', 'flaw']	neg	neg
A bug is not an	insect	-2.3910074	Ġinsect	['error', 'insect', 'animal', 'issue', 'excuse']	neg	aff
A cockroach is an	insect	-0.5057049	Ġinsect	['insect', 'extremely', 'in', 'ar', 'animal']	aff	aff
A cockroach is a	vegetable	-9.296443	Ġvegetable	['member', 'type', 'common', 'very', 'cock']	aff	neg
A cockroach is not a	vegetable	-7.6399584	Ġvegetable	['good', 'very', 'creature', 'bird', 'bug']	neg	neg
A cockroach is not an	insect	-0.46634674	Ġinsect	['insect', 'animal', 'easy', 'ideal', 'ordinary']	neg	aff
A termite is an	insect	-0.155262	Ġinsect	['insect', 'animal', 'in', 'organism', 'e']	aff	aff
A termite is a	crime	-12.579108	Ġcrime	['small', 'type', 'social', 'e', 'tiny']	aff	neg
A termite is not a	crime	-10.981441	Ġcrime	['bee', 'bug', 'pest', 'term', 'good']	neg	neg
A termite is not an	insect	-0.21678352	Ġinsect	['insect', 'animal', 'ant', 'easy', 'ordinary']	neg	aff
A hornet is an	insect	-0.40270996	Ġinsect	['insect', 'aggressive', 'animal', 'extremely', 'especially']	aff	aff
A hornet is a	metal	-12.116884	Ġmetal	['large', 'type', 'was', 'member', 'st']	aff	neg
A hornet is not a	metal	-10.246619	Ġmetal	['bee', 'was', 'type', 'honey', 'single']	neg	neg
A hornet is not an	insect	-0.7249317	Ġinsect	['insect', 'ant', 'ordinary', 'aggressive', 'animal']	neg	aff
A cricket is an	insect	-0.15226936	Ġinsect	['insect', 'orth', 'in', 'animal', 'important']	aff	aff
A cricket is a	flower	-9.574376	Ġflower	['small', 'type', 'bug', 'grass', 'kind']	aff	neg
A cricket is not a	flower	-7.2549925	Ġflower	['bird', 'cricket', 'bug', 'good', 'bat']	neg	neg
A cricket is not an	insect	-0.1593132	Ġinsect	['insect', 'animal', 'easy', 'ordinary', 'amphib']	neg	aff
A caterpillar is an	insect	-0.703619	Ġinsect	['insect', 'animal', 'immature', 'intermediate', 'early']	aff	aff
A caterpillar is a	vegetable	-7.799116	Ġvegetable	['lar', 'worm', 'stage', 'type', 'baby']	aff	neg
A caterpillar is not a	vegetable	-6.0328217	Ġvegetable	['butterfly', 'worm', 'cater', 'bug', 'moth']	neg	neg
A caterpillar is not an	insect	-0.5156841	Ġinsect	['insect', 'animal', 'easy', 'adult', 'ugly']	neg	aff
A tick is an	insect	-1.4659386	Ġinsect	['ar', 'insect', 'external', 'ect', 'eight']	aff	aff
A tick is a	crime	-12.4526825	Ġcrime	['small', 'parasite', 'blood', 'paras', 'type']	aff	neg
A tick is not a	crime	-9.532141	Ġcrime	['tick', 'bug', 'mosquito', 'fly', 'spider']	neg	neg
A tick is not an	insect	-0.32555962	Ġinsect	['insect', 'animal', 'easy', 'ordinary', 'ant']	neg	aff
A centipede is an	insect	-1.5761871	Ġinsect	['in', 'ar', 'insect', 'animal', 'elong']	aff	aff
A centipede is a	country	-11.070328	Ġcountry	['long', 'type', 'terrestrial', 'very', 'creature']	aff	neg
A centipede is not a	country	-10.33748	Ġcountry	['spider', 'cent', 'bug', 'worm', 'snake']	neg	neg
A centipede is not an	insect	-0.2727375	Ġinsect	['insect', 'animal', 'ar', 'in', 'ant']	neg	aff
A dragonfly is an	insect	-0.25045776	Ġinsect	['insect', 'aquatic', 'amazing', 'elegant', 'aerial']	aff	aff
A dragonfly is a	country	-13.43729	Ġcountry	['type', 'flying', 'beautiful', 'large', 'member']	aff	neg
A dragonfly is not a	country	-11.691095	Ġcountry	['butterfly', 'dragon', 'fly', 'bee', 'bird']	neg	neg
A dragonfly is not an	insect	-0.26619148	Ġinsect	['insect', 'ordinary', 'easy', 'aquatic', 'actual']	neg	aff
A silverfish is an	insect	-0.32468796	Ġinsect	['insect', 'elong', 'invasive', 'urban', 'annoying']	aff	aff
A silverfish is a	color	-10.115825	Ġcolor	['small', 'wing', 'common', 'type', 'tiny']	aff	neg
A silverfish is not a	color	-10.376484	Ġcolor	['fish', 'true', 'type', 'dangerous', 'real']	neg	neg
A silverfish is not an	insect	-0.72701263	Ġinsect	['insect', 'actual', 'aquatic', 'animal', 'uncommon']	neg	aff
A worm is an	insect	-5.3558435	Ġinsect	['animal', 'infectious', 'independent', 'infection', 'extremely']	aff	aff
A worm is a	metal	-9.576734	Ġmetal	['type', 'self', 'computer', 'program', 'malicious']	aff	neg
A worm is not a	metal	-8.746492	Ġmetal	['worm', 'parasite', 'fish', 'real', 'snake']	neg	neg
A worm is not an	insect	-1.8253803	Ġinsect	['animal', 'insect', 'earth', 'in', 'actual']	neg	aff
A locust is an	insect	-0.2258892	Ġinsect	['insect', 'edible', 'agricultural', 'immature', 'herb']	aff	aff
A locust is a	relative	-7.369664	Ġrelative	['type', 'grass', 'short', 'member', 'species']	aff	neg
A locust is not a	relative	-7.914727	Ġrelative	['grass', 'bird', 'loc', 'beetle', 'bug']	neg	neg
A locust is not an	insect	-0.31134224	Ġinsect	['insect', 'ordinary', 'ant', 'animal', 'individual']	neg	aff
A horsefly is an	insect	-0.59931755	Ġinsect	['insect', 'annoying', 'animal', 'aquatic', 'extremely']	aff	aff
A horsefly is a	city	-11.937452	Ġcity	['type', 'large', 'fly', 'species', 'biting']	aff	neg
A horsefly is not a	city	-10.501949	Ġcity	['fly', 'horse', 'true', 'type', 'mosquito']	neg	neg
A horsefly is not an	insect	-0.79870033	Ġinsect	['insect', 'ordinary', 'actual', 'easy', 'animal']	neg	aff
A rose is a	flower	-2.7439795	Ġflower	['rose', 'wo', 'flower', 'flowering', 'perennial']	aff	aff
A rose is an	insect	-6.4571276	Ġinsect	['ang', 'orn', 'important', 'excellent', 'herb']	aff	neg
A rose is not an	insect	-6.4528656	Ġinsect	['apple', 'orange', 'orch', 'onion', 'object']	neg	neg
A rose is not a	flower	-4.103815	Ġflower	['rose', 'flower', 'weed', 'Rose', 'red']	neg	aff
A lotus is a	flower	-2.0475292	Ġflower	['plant', 'flower', 'symbol', 'beautiful', 'type']	aff	aff
A lotus is a	profession	-16.200937	Ġprofession	['plant', 'flower', 'symbol', 'beautiful', 'type']	aff	neg
A lotus is not a	profession	-11.8864975	Ġprofession	['flower', 'lot', 'water', 'plant', 'common']	neg	neg
A lotus is not a	flower	-1.7106781	Ġflower	['flower', 'lot', 'water', 'plant', 'common']	neg	aff
A carnation is a	flower	-1.3192616	Ġflower	['flower', 'type', 'plant', 'r', 'flowering']	aff	aff
A carnation is a	fruit	-9.063623	Ġfruit	['flower', 'type', 'plant', 'r', 'flowering']	aff	neg
A carnation is not a	fruit	-6.367159	Ġfruit	['rose', 'flower', 'carn', 'd', 'type']	neg	neg
A carnation is not a	flower	-1.7892065	Ġflower	['rose', 'flower', 'carn', 'd', 'type']	neg	aff
A daisy is a	flower	-1.5985489	Ġflower	['flower', 'common', 'type', 'perennial', 'flowering']	aff	aff
A daisy is a	vegetable	-9.944559	Ġvegetable	['flower', 'common', 'type', 'perennial', 'flowering']	aff	neg
A daisy is not a	vegetable	-7.2679195	Ġvegetable	['flower', 'd', 'single', 'weed', 'real']	neg	neg
A daisy is not a	flower	-1.2790127	Ġflower	['flower', 'd', 'single', 'weed', 'real']	neg	aff
A violet is a	flower	-2.421156	Ġflower	['type', 'flower', 'violet', 'sweet', 'purple']	aff	aff
A violet is a	disease	-9.186131	Ġdisease	['type', 'flower', 'violet', 'sweet', 'purple']	aff	neg
A violet is not a	disease	-9.592249	Ġdisease	['violet', 'blue', 'flower', 'purple', 'color']	neg	neg
A violet is not a	flower	-3.0801754	Ġflower	['violet', 'blue', 'flower', 'purple', 'color']	neg	aff
A orchid is a	flower	-2.741003	Ġflower	['plant', 'flowering', 'flower', 'perennial', 'type']	aff	aff
A orchid is a	fish	-11.720194	Ġfish	['plant', 'flowering', 'flower', 'perennial', 'type']	aff	neg
A orchid is not a	fish	-6.8491325	Ġfish	['plant', 'flower', 'single', 'c', 'type']	neg	neg
A orchid is not a	flower	-2.2116222	Ġflower	['plant', 'flower', 'single', 'c', 'type']	neg	aff
A chrysanthemum is a	flower	-2.3979454	Ġflower	['perennial', 'flower', 'flowering', 'plant', 'popular']	aff	aff
A chrysanthemum is an	animal	-7.825096	Ġanimal	['herb', 'orn', 'annual', 'autumn', 'attractive']	aff	neg
A chrysanthemum is not an	animal	-4.637885	Ġanimal	['easy', 'ordinary', 'apple', 'orch', 'herb']	neg	neg
A chrysanthemum is not a	flower	-1.9216614	Ġflower	['flower', 'd', 'ch', 'rose', 'single']	neg	aff
A lily is a	flower	-1.5397339	Ġflower	['flower', 'plant', 'flowering', 'l', 'member']	aff	aff
A lily is an	insect	-5.8507195	Ġinsect	['elegant', 'herb', 'attractive', 'orn', 'emblem']	aff	neg
A lily is not an	insect	-3.7237606	Ġinsect	['orch', 'ordinary', 'easy', 'herb', 'apple']	neg	neg
A lily is not a	flower	-1.694768	Ġflower	['flower', 'l', 'rose', 'weed', 'plant']	neg	aff
A pansy is a	flower	-2.4480295	Ġflower	['type', 'flower', 'plant', 'flowering', 'small']	aff	aff
A pansy is a	vegetable	-8.758246	Ġvegetable	['type', 'flower', 'plant', 'flowering', 'small']	aff	neg
A pansy is not a	vegetable	-4.514784	Ġvegetable	['pans', 'flower', 'type', 'plant', 'weed']	neg	neg
A pansy is not a	flower	-1.8355122	Ġflower	['pans', 'flower', 'type', 'plant', 'weed']	neg	aff
A petunia is a	flower	-3.0456495	Ġflower	['flowering', 'plant', 'type', 'genus', 'flower']	aff	aff
A petunia is a	vegetable	-9.095678	Ġvegetable	['flowering', 'plant', 'type', 'genus', 'flower']	aff	neg
A petunia is not a	vegetable	-5.0446577	Ġvegetable	['pet', 'flower', 'plant', 'type', 'true']	neg	neg
A petunia is not a	flower	-2.7920399	Ġflower	['pet', 'flower', 'plant', 'type', 'true']	neg	aff
A gardenia is a	flower	-3.6939917	Ġflower	['flowering', 'beautiful', 'shr', 'plant', 'popular']	aff	aff
A gardenia is a	disease	-9.019099	Ġdisease	['flowering', 'beautiful', 'shr', 'plant', 'popular']	aff	neg
A gardenia is not a	disease	-7.11627	Ġdisease	['plant', 'difficult', 'rose', 'good', 'very']	neg	neg
A gardenia is not a	flower	-3.672637	Ġflower	['plant', 'difficult', 'rose', 'good', 'very']	neg	aff
A daffodil is a	flower	-1.7532578	Ġflower	['flower', 'perennial', 'bulb', 'type', 'flowering']	aff	aff
A daffodil is an	insect	-5.87801	Ġinsect	['example', 'herb', 'early', 'emblem', 'easy']	aff	neg
A daffodil is not an	insect	-4.6222496	Ġinsect	['onion', 'apple', 'orch', 'easy', 'orange']	neg	neg
A daffodil is not a	flower	-2.0096111	Ġflower	['d', 'flower', 'tul', 'l', 'narciss']	neg	aff
A dandelion is a	flower	-2.555664	Ġflower	['weed', 'flower', 'common', 'perennial', 'plant']	aff	aff
A dandelion is a	fruit	-9.241942	Ġfruit	['weed', 'flower', 'common', 'perennial', 'plant']	aff	neg
A dandelion is not a	fruit	-7.763896	Ġfruit	['weed', 'flower', 'd', 'single', 'plant']	neg	neg
A dandelion is not a	flower	-2.3893585	Ġflower	['weed', 'flower', 'd', 'single', 'plant']	neg	aff
An iris is a	flower	-3.614398	Ġflower	['type', 'circular', 'device', 'flower', 'part']	aff	aff
An iris is a	state	-9.185532	Ġstate	['type', 'circular', 'device', 'flower', 'part']	aff	neg
An iris is not a	state	-7.778468	Ġstate	['flower', 'plant', 'type', 'single', 'rose']	neg	neg
An iris is not a	flower	-1.6751766	Ġflower	['flower', 'plant', 'type', 'single', 'rose']	neg	aff
A lilac is a	flower	-3.2269993	Ġflower	['flowering', 'shr', 'type', 'member', 'decid']	aff	aff
A lilac is a	fish	-14.224285	Ġfish	['flowering', 'shr', 'type', 'member', 'decid']	aff	neg
A lilac is not a	fish	-8.02833	Ġfish	['flower', 'tree', 'lil', 'rose', 'plant']	neg	neg
A lilac is not a	flower	-2.0556107	Ġflower	['flower', 'tree', 'lil', 'rose', 'plant']	neg	aff
A geranium is a	flower	-3.1775007	Ġflower	['flowering', 'perennial', 'plant', 'type', 'flower']	aff	aff
A geranium is a	disease	-9.569323	Ġdisease	['flowering', 'perennial', 'plant', 'type', 'flower']	aff	neg
A geranium is not a	disease	-8.288615	Ġdisease	['ger', 'flower', 'plant', 'true', 'type']	neg	neg
A geranium is not a	flower	-2.057372	Ġflower	['ger', 'flower', 'plant', 'true', 'type']	neg	aff
A peony is a	flower	-2.6591358	Ġflower	['perennial', 'flowering', 'beautiful', 'flower', 'plant']	aff	aff
A peony is a	vehicle	-12.043931	Ġvehicle	['perennial', 'flowering', 'beautiful', 'flower', 'plant']	aff	neg
A peony is not a	vehicle	-10.610624	Ġvehicle	['rose', 'flower', 'pe', 'plant', 'perennial']	neg	neg
A peony is not a	flower	-1.942131	Ġflower	['rose', 'flower', 'pe', 'plant', 'perennial']	neg	aff
A sunflower is a	flower	-2.3688889	Ġflower	['large', 'flower', 'type', 'bright', 'plant']	aff	aff
A sunflower is a	tree	-9.065438	Ġtree	['large', 'flower', 'type', 'bright', 'plant']	aff	neg
A sunflower is not a	tree	-4.443899	Ġtree	['flower', 'sun', 'single', 'weed', 'plant']	neg	neg
A sunflower is not a	flower	-1.1392555	Ġflower	['flower', 'sun', 'single', 'weed', 'plant']	neg	aff
An azalea is a	flower	-4.5667353	Ġflower	['flowering', 'type', 'shr', 'plant', 'beautiful']	aff	aff
An azalea is a	state	-10.239553	Ġstate	['flowering', 'type', 'shr', 'plant', 'beautiful']	aff	neg
An azalea is not a	state	-9.672449	Ġstate	['rose', 'plant', 'type', 'shr', 'rh']	neg	neg
An azalea is not a	flower	-4.4859133	Ġflower	['rose', 'plant', 'type', 'shr', 'rh']	neg	aff
A gladiola is a	flower	-2.4910927	Ġflower	['type', 'perennial', 'tall', 'flower', 'plant']	aff	aff
A gladiola is a	relative	-7.884547	Ġrelative	['type', 'perennial', 'tall', 'flower', 'plant']	aff	neg
A gladiola is not a	relative	-8.273503	Ġrelative	['gl', 'flower', 'c', 'type', 'l']	neg	neg
A gladiola is not a	flower	-2.5411625	Ġflower	['gl', 'flower', 'c', 'type', 'l']	neg	aff
A tulip is a	flower	-2.970273	Ġflower	['perennial', 'plant', 'spring', 'type', 'flower']	aff	aff
A tulip is a	tree	-10.128946	Ġtree	['perennial', 'plant', 'spring', 'type', 'flower']	aff	neg
A tulip is not a	tree	-5.0548725	Ġtree	['tul', 'flower', 'l', 'rose', 'single']	neg	neg
A tulip is not a	flower	-1.7602873	Ġflower	['tul', 'flower', 'l', 'rose', 'single']	neg	aff
A snapdragon is a	flower	-2.4006414	Ġflower	['plant', 'flower', 'flowering', 'type', 'beautiful']	aff	aff
A snapdragon is a	fish	-11.727871	Ġfish	['plant', 'flower', 'flowering', 'type', 'beautiful']	aff	neg
A snapdragon is not a	fish	-6.1552505	Ġfish	['real', 'true', 'flower', 'type', 'plant']	neg	neg
A snapdragon is not a	flower	-2.5696154	Ġflower	['real', 'true', 'flower', 'type', 'plant']	neg	aff
A poppy is a	flower	-2.0257149	Ġflower	['flowering', 'flower', 'plant', 'type', 'beautiful']	aff	aff
A poppy is a	toy	-11.523263	Ġtoy	['flowering', 'flower', 'plant', 'type', 'beautiful']	aff	neg
A poppy is not a	toy	-6.419489	Ġtoy	['flower', 'weed', 'pop', 'rose', 'symbol']	neg	neg
A poppy is not a	flower	-1.1947823	Ġflower	['flower', 'weed', 'pop', 'rose', 'symbol']	neg	aff
A zinnia is a	flower	-2.4093628	Ġflower	['flower', 'type', 'flowering', 'beautiful', 'plant']	aff	aff
A zinnia is an	animal	-9.198999	Ġanimal	['annual', 'easy', 'herb', 'orn', 'attractive']	aff	neg
A zinnia is not an	animal	-3.9587593	Ġanimal	['annual', 'easy', 'ordinary', 'exotic', 'unusual']	neg	neg
A zinnia is not a	flower	-2.485097	Ġflower	['z', 'flower', 'weed', 'plant', 'type']	neg	aff
A jonquil is a	flower	-2.7753162	Ġflower	['type', 'perennial', 'bulb', 'flower', 'member']	aff	aff
A jonquil is a	furniture	-15.995819	Ġfurniture	['type', 'perennial', 'bulb', 'flower', 'member']	aff	neg
A jonquil is not a	furniture	-11.66422	Ġfurniture	['type', 'd', 'flower', 'l', 'true']	neg	neg
A jonquil is not a	flower	-2.7023	Ġflower	['type', 'd', 'flower', 'l', 'true']	neg	aff
A buttercup is a	flower	-1.9727325	Ġflower	['flower', 'yellow', 'plant', 'type', 'small']	aff	aff
A buttercup is a	crime	-14.880203	Ġcrime	['flower', 'yellow', 'plant', 'type', 'small']	aff	neg
A buttercup is not a	crime	-11.012638	Ġcrime	['flower', 'cup', 'real', 'type', 'd']	neg	neg
A buttercup is not a	flower	-1.3507566	Ġflower	['flower', 'cup', 'real', 'type', 'd']	neg	aff
A marigold is a	flower	-1.7622375	Ġflower	['flower', 'plant', 'type', 'bright', 'flowering']	aff	aff
A marigold is an	animal	-7.8242493	Ġanimal	['annual', 'orange', 'herb', 'edible', 'orn']	aff	neg
A marigold is not an	animal	-4.610796	Ġanimal	['actual', 'edible', 'ordinary', 'insect', 'herb']	neg	neg
A marigold is not a	flower	-2.0381508	Ġflower	['flower', 'mar', 'true', 'type', 'd']	neg	aff
A magnolia is a	flower	-3.3519154	Ġflower	['tree', 'large', 'flowering', 'type', 'beautiful']	aff	aff
A magnolia is a	bird	-11.67971	Ġbird	['tree', 'large', 'flowering', 'type', 'beautiful']	aff	neg
A magnolia is not a	bird	-6.4558363	Ġbird	['tree', 'magn', 'flower', 'rose', 'type']	neg	neg
A magnolia is not a	flower	-3.514535	Ġflower	['tree', 'magn', 'flower', 'rose', 'type']	neg	aff
An aster is a	flower	-5.3143673	Ġflower	['star', 'symbol', 'small', 'type', 'group']	aff	aff
An aster is a	weapon	-10.325776	Ġweapon	['star', 'symbol', 'small', 'type', 'group']	aff	neg
An aster is not a	weapon	-8.579436	Ġweapon	['star', 'symbol', 'cross', 'flower', 'bullet']	neg	neg
An aster is not a	flower	-4.555312	Ġflower	['star', 'symbol', 'cross', 'flower', 'bullet']	neg	aff
A hyacinth is a	flower	-2.5601273	Ġflower	['bulb', 'flower', 'flowering', 'perennial', 'type']	aff	aff
A hyacinth is a	bird	-11.923814	Ġbird	['bulb', 'flower', 'flowering', 'perennial', 'type']	aff	neg
A hyacinth is not a	bird	-6.5525665	Ġbird	['flower', 'hy', 'bulb', 'plant', 'type']	neg	neg
A hyacinth is not a	flower	-2.003275	Ġflower	['flower', 'hy', 'bulb', 'plant', 'type']	neg	aff
A camellia is a	flower	-3.5244875	Ġflower	['flowering', 'plant', 'shr', 'type', 'beautiful']	aff	aff
A camellia is a	weapon	-13.13682	Ġweapon	['flowering', 'plant', 'shr', 'type', 'beautiful']	aff	neg
A camellia is not a	weapon	-9.4413595	Ġweapon	['rose', 'cam', 'plant', 'tree', 'flower']	neg	neg
A camellia is not a	flower	-3.2304382	Ġflower	['rose', 'cam', 'plant', 'tree', 'flower']	neg	aff
A cancer is a	disease	-1.3392086	Ġdisease	['disease', 'group', 'malignant', 'tumor', 'collection']	aff	aff
A cancer is an	animal	-8.229005	Ġanimal	['abnormal', 'un', 'uncont', 'out', 'illness']	aff	neg
A cancer is not an	animal	-4.770425	Ġanimal	['isolated', 'illness', 'entity', 'accident', 'individual']	neg	neg
A cancer is not a	disease	-1.7279844	Ġdisease	['single', 'disease', 'simple', 'singular', 'thing']	neg	aff
A tuberculosis is a	disease	-1.838995	Ġdisease	['disease', 'bacterial', 'contagious', 'chronic', 'serious']	aff	aff
A tuberculosis is a	vegetable	-13.651966	Ġvegetable	['disease', 'bacterial', 'contagious', 'chronic', 'serious']	aff	neg
A tuberculosis is not a	vegetable	-10.064693	Ġvegetable	['disease', 'contagious', 'sexually', 'new', 'problem']	neg	neg
A tuberculosis is not a	disease	-2.077012	Ġdisease	['disease', 'contagious', 'sexually', 'new', 'problem']	neg	aff
A measles is a	disease	-3.142147	Ġdisease	['highly', 'viral', 'very', 'contagious', 'serious']	aff	aff
A measles is a	color	-11.829528	Ġcolor	['highly', 'viral', 'very', 'contagious', 'serious']	aff	neg
A measles is not a	color	-11.846352	Ġcolor	['disease', 'common', 'new', 'serious', 'very']	neg	neg
A measles is not a	disease	-2.3200521	Ġdisease	['disease', 'common', 'new', 'serious', 'very']	neg	aff
A polio is a	disease	-2.4548445	Ġdisease	['virus', 'viral', 'disease', 'highly', 'contagious']	aff	aff
A polio is an	insect	-6.451005	Ġinsect	['acute', 'infectious', 'infection', 'illness', 'extremely']	aff	neg
A polio is not an	insect	-5.609001	Ġinsect	['infectious', 'infection', 'easy', 'illness', 'ordinary']	neg	neg
A polio is not a	disease	-1.9467707	Ġdisease	['disease', 'pol', 'virus', 'new', 'common']	neg	aff
A mumps is a	disease	-3.0323544	Ġdisease	['viral', 'contagious', 'highly', 'virus', 'disease']	aff	aff
A mumps is a	city	-11.157734	Ġcity	['viral', 'contagious', 'highly', 'virus', 'disease']	aff	neg
A mumps is not a	city	-9.014736	Ġcity	['disease', 'serious', 'common', 'very', 'dangerous']	neg	neg
A mumps is not a	disease	-2.3254719	Ġdisease	['disease', 'serious', 'common', 'very', 'dangerous']	neg	aff
A cold is a	disease	-5.018056	Ġdisease	['viral', 'common', 'mild', 'contagious', 'virus']	aff	aff
A cold is an	insect	-7.6559505	ĠIn	['infection', 'upper', 'inflammation', 'illness', 'acute']	aff	neg
A cold is not an	insect	-7.1455765	ĠIn	['illness', 'infection', 'infectious', 'emergency', 'allergy']	neg	neg
A cold is not a	disease	-1.7862873	Ġdisease	['disease', 'serious', 'cold', 'life', 'big']	neg	aff
A smallpox is a	disease	-2.1747704	Ġdisease	['viral', 'highly', 'disease', 'contagious', 'serious']	aff	aff
A smallpox is a	state	-9.476131	Ġstate	['viral', 'highly', 'disease', 'contagious', 'serious']	aff	neg
A smallpox is not a	state	-8.66894	Ġstate	['small', 'disease', 'common', 'virus', 'new']	neg	neg
A smallpox is not a	disease	-2.3034344	Ġdisease	['small', 'disease', 'common', 'virus', 'new']	neg	aff
A leukemia is a	disease	-4.1262207	Ġdisease	['cancer', 'type', 'form', 'malignant', 'malign']	aff	aff
A leukemia is a	crime	-13.549709	Ġcrime	['cancer', 'type', 'form', 'malignant', 'malign']	aff	neg
A leukemia is not a	crime	-10.244189	Ġcrime	['single', 'disease', 'specific', 'cancer', 'type']	neg	neg
A leukemia is not a	disease	-2.08469	Ġdisease	['single', 'disease', 'specific', 'cancer', 'type']	neg	aff
A mononucleosis is a	disease	-2.0741997	Ġdisease	['viral', 'disease', 'common', 'contagious', 'virus']	aff	aff
A mononucleosis is a	country	-12.731476	Ġcountry	['viral', 'disease', 'common', 'contagious', 'virus']	aff	neg
A mononucleosis is not a	country	-10.458673	Ġcountry	['disease', 'serious', 'single', 'dangerous', 'contagious']	neg	neg
A mononucleosis is not a	disease	-1.493309	Ġdisease	['disease', 'serious', 'single', 'dangerous', 'contagious']	neg	aff
A malaria is a	disease	-1.5236435	Ġdisease	['disease', 'mosquito', 'paras', 'serious', 'vector']	aff	aff
A malaria is a	profession	-12.794144	Ġprofession	['disease', 'mosquito', 'paras', 'serious', 'vector']	aff	neg
A malaria is not a	profession	-10.408577	Ġprofession	['disease', 'single', 'new', 'life', 'mosquito']	neg	neg
A malaria is not a	disease	-1.5067358	Ġdisease	['disease', 'single', 'new', 'life', 'mosquito']	neg	aff
A syphilis is a	disease	-2.90656	Ġdisease	['sexually', 'bacterial', 'disease', 'ven', 'very']	aff	aff
A syphilis is an	insect	-7.555316	ĠIn	['infection', 'infectious', 'STD', 'ST', 'inflammatory']	aff	neg
A syphilis is not an	insect	-6.4583426	Ġinsect	['STD', 'easy', 'infection', 'infectious', 'ST']	neg	neg
A syphilis is not a	disease	-2.1035366	Ġdisease	['disease', 'sexually', 'ven', 'common', 'new']	neg	aff
A pneumonia is a	disease	-2.340105	Ġdisease	['lung', 'disease', 'serious', 'condition', 'type']	aff	aff
A pneumonia is a	city	-12.575945	Ġcity	['lung', 'disease', 'serious', 'condition', 'type']	aff	neg
A pneumonia is not a	city	-10.028915	Ġcity	['disease', 'single', 'common', 'specific', 'simple']	neg	neg
A pneumonia is not a	disease	-1.3200626	Ġdisease	['disease', 'single', 'common', 'specific', 'simple']	neg	aff
A flu is a	disease	-3.8027906	Ġdisease	['viral', 'contagious', 'virus', 'common', 'respiratory']	aff	aff
A flu is a	relative	-10.134653	Ġrelative	['viral', 'contagious', 'virus', 'common', 'respiratory']	aff	neg
A flu is not a	relative	-9.933947	Ġrelative	['cold', 'fun', 'disease', 'pleasant', 'serious']	neg	neg
A flu is not a	disease	-2.624609	Ġdisease	['cold', 'fun', 'disease', 'pleasant', 'serious']	neg	aff
A leprosy is a	disease	-1.979909	Ġdisease	['chronic', 'disease', 'skin', 'bacterial', 'contagious']	aff	aff
A leprosy is a	vegetable	-12.6264105	Ġvegetable	['chronic', 'disease', 'skin', 'bacterial', 'contagious']	aff	neg
A leprosy is not a	vegetable	-10.5637455	Ġvegetable	['disease', 'le', 'contagious', 'single', 'curse']	neg	neg
A leprosy is not a	disease	-1.9796486	Ġdisease	['disease', 'le', 'contagious', 'single', 'curse']	neg	aff
A typhoid is a	disease	-2.4130573	Ġdisease	['bacterial', 'disease', 'serious', 'type', 'contagious']	aff	aff
A typhoid is an	insect	-7.0921373	Ġinsect	['infection', 'infectious', 'acute', 'illness', 'intestinal']	aff	neg
A typhoid is not an	insect	-4.797866	Ġinsect	['easy', 'infectious', 'infection', 'illness', 'uncommon']	neg	neg
A typhoid is not a	disease	-1.8591747	Ġdisease	['disease', 'single', 'type', 'common', 'new']	neg	aff
A diphtheria is a	disease	-2.5503197	Ġdisease	['bacterial', 'serious', 'highly', 'disease', 'contagious']	aff	aff
A diphtheria is a	state	-8.919785	Ġstate	['bacterial', 'serious', 'highly', 'disease', 'contagious']	aff	neg
A diphtheria is not a	state	-7.627714	Ġstate	['disease', 'single', 'very', 'common', 'new']	neg	neg
A diphtheria is not a	disease	-1.8046637	Ġdisease	['disease', 'single', 'very', 'common', 'new']	neg	aff
A diabetes is a	disease	-1.5968437	Ġdisease	['disease', 'chronic', 'condition', 'metabolic', 'serious']	aff	aff
A diabetes is an	insect	-10.223132	ĠIn	['end', 'illness', 'incur', 'ail', 'autoimmune']	aff	neg
A diabetes is not an	insect	-8.5308695	Ġinsect	['illness', 'easy', 'incur', 'infectious', 'inevitable']	neg	neg
A diabetes is not a	disease	-1.1045961	Ġdisease	['disease', 'death', 'single', 'life', 'simple']	neg	aff
A gonorrhea is a	disease	-3.7715645	Ġdisease	['sexually', 'bacterial', 'common', 'very', 'type']	aff	aff
A gonorrhea is a	city	-11.23654	Ġcity	['sexually', 'bacterial', 'common', 'very', 'type']	aff	neg
A gonorrhea is not a	city	-9.049097	Ġcity	['disease', 'sexually', 'serious', 'very', 'life']	neg	neg
A gonorrhea is not a	disease	-2.225769	Ġdisease	['disease', 'sexually', 'serious', 'very', 'life']	neg	aff
A arthritis is a	disease	-2.1650515	Ġdisease	['disease', 'condition', 'chronic', 'joint', 'common']	aff	aff
A arthritis is a	tree	-11.693726	Ġtree	['disease', 'condition', 'chronic', 'joint', 'common']	aff	neg
A arthritis is not a	tree	-10.749338	Ġtree	['disease', 'single', 'specific', 'condition', 'life']	neg	neg
A arthritis is not a	disease	-1.1276131	Ġdisease	['disease', 'single', 'specific', 'condition', 'life']	neg	aff
A cholera is a	disease	-2.0092993	Ġdisease	['disease', 'bacterial', 'water', 'severe', 'serious']	aff	aff
A cholera is an	animal	-9.285666	Ġanimal	['acute', 'infectious', 'infection', 'intestinal', 'epidemic']	aff	neg
A cholera is not an	animal	-4.2640867	Ġanimal	['infectious', 'easy', 'epidemic', 'infection', 'illness']	neg	neg
A cholera is not a	disease	-2.0149355	Ġdisease	['disease', 'new', 'common', 'single', 'chol']	neg	aff
A hepatitis is a	disease	-1.9322224	Ġdisease	['liver', 'disease', 'viral', 'condition', 'medical']	aff	aff
A hepatitis is a	state	-5.7723274	Ġstate	['liver', 'disease', 'viral', 'condition', 'medical']	aff	neg
A hepatitis is not a	state	-7.6220217	Ġstate	['disease', 'single', 'specific', 'virus', 'good']	neg	neg
A hepatitis is not a	disease	-1.0528069	Ġdisease	['disease', 'single', 'specific', 'virus', 'good']	neg	aff
An alcoholism is a	disease	-1.8653421	Ġdisease	['disease', 'chronic', 'condition', 'serious', 'medical']	aff	aff
An alcoholism is a	vegetable	-13.004499	Ġvegetable	['disease', 'chronic', 'condition', 'serious', 'medical']	aff	neg
An alcoholism is not a	vegetable	-11.386667	Ġvegetable	['disease', 'simple', 'problem', 'choice', 'crime']	neg	neg
An alcoholism is not a	disease	-1.3253746	Ġdisease	['disease', 'simple', 'problem', 'choice', 'crime']	neg	aff
A beriberi is a	disease	-1.2678499	Ġdisease	['disease', 'condition', 'serious', 'vitamin', 'type']	aff	aff
A beriberi is a	vegetable	-9.018697	Ġvegetable	['disease', 'condition', 'serious', 'vitamin', 'type']	aff	neg
A beriberi is not a	vegetable	-7.468116	Ġvegetable	['disease', 'single', 'rare', 'good', 'type']	neg	neg
A beriberi is not a	disease	-1.381196	Ġdisease	['disease', 'single', 'rare', 'good', 'type']	neg	aff
A rickets is a	disease	-1.8918076	Ġdisease	['disease', 'condition', 'bone', 'disorder', 'childhood']	aff	aff
A rickets is a	furniture	-13.700161	Ġfurniture	['disease', 'condition', 'bone', 'disorder', 'childhood']	aff	neg
A rickets is not a	furniture	-12.654506	Ġfurniture	['disease', 'single', 'rare', 'common', 'specific']	neg	neg
A rickets is not a	disease	-1.0343075	Ġdisease	['disease', 'single', 'rare', 'common', 'specific']	neg	aff
A virus is a	disease	-4.7505436	Ġdisease	['small', 'microscopic', 'tiny', 'type', 'micro']	aff	aff
A virus is a	state	-9.415695	Ġstate	['small', 'microscopic', 'tiny', 'type', 'micro']	aff	neg
A virus is not a	state	-9.346296	Ġstate	['living', 'bacter', 'life', 'bacteria', 'cell']	neg	neg
A virus is not a	disease	-4.311328	Ġdisease	['living', 'bacter', 'life', 'bacteria', 'cell']	neg	aff
An oak is a	tree	-0.25962067	Ġtree	['tree', 'type', 'decid', 'species', 'flowering']	aff	aff
An oak is a	toy	-13.9501095	Ġtoy	['tree', 'type', 'decid', 'species', 'flowering']	aff	neg
An oak is not a	toy	-7.5000753	Ġtoy	['tree', 'single', 'type', 'fruit', 'simple']	neg	neg
An oak is not a	tree	-0.627388	Ġtree	['tree', 'single', 'type', 'fruit', 'simple']	neg	aff
A maple is a	tree	-0.7177696	Ġtree	['tree', 'type', 'plant', 'member', 'species']	aff	aff
A maple is a	weapon	-12.697697	Ġweapon	['tree', 'type', 'plant', 'member', 'species']	aff	neg
A maple is not a	weapon	-7.5396776	Ġweapon	['tree', 'maple', 'single', 'sugar', 'good']	neg	neg
A maple is not a	tree	-1.5688658	Ġtree	['tree', 'maple', 'single', 'sugar', 'good']	neg	aff
A pine is a	tree	-1.3413429	Ġtree	['con', 'tree', 'type', 'pine', 'plant']	aff	aff
A pine is a	metal	-11.452264	Ġmetal	['con', 'tree', 'type', 'pine', 'plant']	aff	neg
A pine is not a	metal	-9.68367	Ġmetal	['tree', 'pine', 'con', 'spr', 'fir']	neg	neg
A pine is not a	tree	-1.2910824	Ġtree	['tree', 'pine', 'con', 'spr', 'fir']	neg	aff
A elm is a	tree	-1.5978441	Ġtree	['tree', 'type', 'decid', 'tall', 'large']	aff	aff
A elm is a	color	-9.993576	Ġcolor	['tree', 'type', 'decid', 'tall', 'large']	aff	neg
A elm is not a	color	-8.898663	Ġcolor	['tree', 'good', 'type', 'very', 'fruit']	neg	neg
A elm is not a	tree	-1.4200974	Ġtree	['tree', 'good', 'type', 'very', 'fruit']	neg	aff
An apple is a	tree	-5.8929996	Ġtree	['sweet', 'fruit', 'type', 'great', 'perfect']	aff	aff
An apple is a	state	-11.057983	Ġstate	['sweet', 'fruit', 'type', 'great', 'perfect']	aff	neg
An apple is not a	state	-9.93231	Ġstate	['perfect', 'fruit', 'piece', 'banana', 'good']	neg	neg
An apple is not a	tree	-4.257311	Ġtree	['perfect', 'fruit', 'piece', 'banana', 'good']	neg	aff
A birch is a	tree	-1.0596523	Ġtree	['tree', 'thin', 'short', 'hard', 'hardwood']	aff	aff
A birch is a	profession	-12.308717	Ġprofession	['tree', 'thin', 'short', 'hard', 'hardwood']	aff	neg
A birch is not a	profession	-11.524231	Ġprofession	['tree', 'bir', 'type', 'single', 'true']	neg	neg
A birch is not a	tree	-0.9294739	Ġtree	['tree', 'bir', 'type', 'single', 'true']	neg	aff
A cherry is a	tree	-5.730961	Ġtree	['fruit', 'sweet', 'f', 'small', 'type']	aff	aff
A cherry is a	sport	-13.962099	Ġsport	['fruit', 'sweet', 'f', 'small', 'type']	aff	neg
A cherry is not a	sport	-9.885784	Ġsport	['cherry', 'fruit', 'berry', 'stone', 'type']	neg	neg
A cherry is not a	tree	-3.8668575	Ġtree	['cherry', 'fruit', 'berry', 'stone', 'type']	neg	aff
A dogwood is a	tree	-2.447506	Ġtree	['flowering', 'decid', 'tree', 'small', 'type']	aff	aff
A dogwood is a	sport	-12.205259	Ġsport	['flowering', 'decid', 'tree', 'small', 'type']	aff	neg
A dogwood is not a	sport	-10.328012	Ġsport	['tree', 'dog', 'true', 'type', 'single']	neg	neg
A dogwood is not a	tree	-1.6604347	Ġtree	['tree', 'dog', 'true', 'type', 'single']	neg	aff
A spruce is a	tree	-0.8079395	Ġtree	['tree', 'con', 'type', 'need', 'species']	aff	aff
A spruce is a	sport	-11.873627	Ġsport	['tree', 'con', 'type', 'need', 'species']	aff	neg
A spruce is not a	sport	-10.049483	Ġsport	['tree', 'pine', 'spr', 'con', 'fir']	neg	neg
A spruce is not a	tree	-1.7544832	Ġtree	['tree', 'pine', 'spr', 'con', 'fir']	neg	aff
A redwood is a	tree	-1.3858461	Ġtree	['tree', 'con', 'giant', 'type', 'species']	aff	aff
A redwood is a	bird	-10.382666	Ġbird	['tree', 'con', 'giant', 'type', 'species']	aff	neg
A redwood is not a	bird	-6.235858	Ġbird	['tree', 'single', 'red', 'type', 'species']	neg	neg
A redwood is not a	tree	-0.86714554	Ġtree	['tree', 'single', 'red', 'type', 'species']	neg	aff
A peach is a	tree	-3.3651438	Ġtree	['fruit', 'sweet', 'stone', 'juicy', 'delicious']	aff	aff
A peach is a	relative	-10.563505	Ġrelative	['fruit', 'sweet', 'stone', 'juicy', 'delicious']	aff	neg
A peach is not a	relative	-8.044785	Ġrelative	['peach', 'fruit', 'plum', 'stone', 'pear']	neg	neg
A peach is not a	tree	-4.626732	Ġtree	['peach', 'fruit', 'plum', 'stone', 'pear']	neg	aff
A walnut is a	tree	-2.7721434	Ġtree	['type', 'fruit', 'nut', 'tree', 'large']	aff	aff
A walnut is a	furniture	-12.13077	Ġfurniture	['type', 'fruit', 'nut', 'tree', 'large']	aff	neg
A walnut is not a	furniture	-11.679583	Ġfurniture	['nut', 'tree', 'fruit', 'walnut', 'true']	neg	neg
A walnut is not a	tree	-2.9793377	Ġtree	['nut', 'tree', 'fruit', 'walnut', 'true']	neg	aff
A fir is a	tree	-1.5766096	Ġtree	['con', 'tree', 'type', 'fir', 'pine']	aff	aff
A fir is a	fruit	-9.509922	Ġfruit	['con', 'tree', 'type', 'fir', 'pine']	aff	neg
A fir is not a	fruit	-6.0615654	Ġfruit	['tree', 'pine', 'spr', 'fir', 'con']	neg	neg
A fir is not a	tree	-1.539093	Ġtree	['tree', 'pine', 'spr', 'fir', 'con']	neg	aff
A hickory is a	tree	-1.4196949	Ġtree	['decid', 'tree', 'type', 'species', 'common']	aff	aff
A hickory is an	insect	-6.827405	Ġinsect	['American', 'oak', 'edible', 'extremely', 'excellent']	aff	neg
A hickory is not an	insect	-5.2466774	Ġinsect	['oak', 'apple', 'actual', 'ordinary', 'easy']	neg	neg
A hickory is not a	tree	-1.6252174	Ġtree	['tree', 'h', 'nut', 'type', 'single']	neg	aff
A pear is a	tree	-4.31888	Ġtree	['fruit', 'type', 'sweet', 'stone', 'delicious']	aff	aff
A pear is a	weapon	-12.060744	Ġweapon	['fruit', 'type', 'sweet', 'stone', 'delicious']	aff	neg
A pear is not a	weapon	-7.849101	Ġweapon	['fruit', 'peach', 'pear', 'perfect', 'type']	neg	neg
A pear is not a	tree	-4.6134796	Ġtree	['fruit', 'peach', 'pear', 'perfect', 'type']	neg	aff
A sycamore is a	tree	-1.8528976	Ġtree	['tree', 'large', 'decid', 'type', 'tall']	aff	aff
A sycamore is an	animal	-7.3603277	Ġanimal	['ancient', 'orn', 'enormous', 'interesting', 'unusual']	aff	neg
A sycamore is not an	animal	-6.004595	Ġanimal	['oak', 'easy', 'ever', 'ordinary', 'apple']	neg	neg
A sycamore is not a	tree	-2.0041142	Ġtree	['maple', 'tree', 'type', 'true', 's']	neg	aff
An ash is a	tree	-3.1667528	Ġtree	['type', 'fine', 'tree', 'solid', 'pow']	aff	aff
An ash is a	bird	-9.193599	Ġbird	['type', 'fine', 'tree', 'solid', 'pow']	aff	neg
An ash is not a	bird	-5.7270803	Ġbird	['tree', 'type', 'rock', 'wood', 'good']	neg	neg
An ash is not a	tree	-1.4519596	Ġtree	['tree', 'type', 'rock', 'wood', 'good']	neg	aff
A poplar is a	tree	-1.5062199	Ġtree	['decid', 'tree', 'species', 'genus', 'large']	aff	aff
A poplar is a	profession	-15.051584	Ġprofession	['decid', 'tree', 'species', 'genus', 'large']	aff	neg
A poplar is not a	profession	-10.425548	Ġprofession	['tree', 'pop', 'pine', 'type', 'good']	neg	neg
A poplar is not a	tree	-1.4881344	Ġtree	['tree', 'pop', 'pine', 'type', 'good']	neg	aff
A willow is a	tree	-1.7510757	Ġtree	['tree', 'type', 'plant', 'decid', 'shr']	aff	aff
A willow is a	sport	-11.674405	Ġsport	['tree', 'type', 'plant', 'decid', 'shr']	aff	neg
A willow is not a	sport	-10.375452	Ġsport	['tree', 'will', 'plant', 'true', 'type']	neg	neg
A willow is not a	tree	-0.901783	Ġtree	['tree', 'will', 'plant', 'true', 'type']	neg	aff
A chestnut is a	tree	-2.684843	Ġtree	['fruit', 'nut', 'large', 'type', 'tree']	aff	aff
A chestnut is a	color	-11.057588	Ġcolor	['fruit', 'nut', 'large', 'type', 'tree']	aff	neg
A chestnut is not a	color	-7.0374594	Ġcolor	['nut', 'chest', 'type', 'fruit', 'tree']	neg	neg
A chestnut is not a	tree	-3.5503702	Ġtree	['nut', 'chest', 'type', 'fruit', 'tree']	neg	aff
A cedar is a	tree	-2.0806227	Ġtree	['con', 'tree', 'soft', 'type', 'member']	aff	aff
A cedar is a	vehicle	-10.988338	Ġvehicle	['con', 'tree', 'soft', 'type', 'member']	aff	neg
A cedar is not a	vehicle	-10.215776	Ġvehicle	['tree', 'cedar', 'pine', 'con', 'true']	neg	neg
A cedar is not a	tree	-1.4627886	Ġtree	['tree', 'cedar', 'pine', 'con', 'true']	neg	aff
An evergreen is a	tree	-2.697855	Ġtree	['plant', 'tree', 'type', 'perennial', 'wo']	aff	aff
An evergreen is an	insect	-5.2005987	Ġinsect	['herb', 'organism', 'ideal', 'animal', 'umbrella']	aff	neg
An evergreen is not an	insect	-5.142501	Ġinsect	['ever', 'actual', 'annual', 'herb', 'easy']	neg	neg
An evergreen is not a	tree	-1.7477312	Ġtree	['plant', 'tree', 'type', 'species', 'true']	neg	aff
A palm is a	tree	-1.7209387	Ġtree	['tree', 'type', 'member', 'palm', 'wo']	aff	aff
A palm is a	vehicle	-10.939222	Ġvehicle	['tree', 'type', 'member', 'palm', 'wo']	aff	neg
A palm is not a	vehicle	-9.127554	Ġvehicle	['tree', 'plant', 'hand', 'fruit', 'palm']	neg	neg
A palm is not a	tree	-0.8882618	Ġtree	['tree', 'plant', 'hand', 'fruit', 'palm']	neg	aff
A beech is a	tree	-0.90628815	Ġtree	['tree', 'decid', 'type', 'large', 'be']	aff	aff
A beech is a	vehicle	-10.847155	Ġvehicle	['tree', 'decid', 'type', 'large', 'be']	aff	neg
A beech is not a	vehicle	-9.077379	Ġvehicle	['tree', 'be', 'type', 'good', 'con']	neg	neg
A beech is not a	tree	-1.2155628	Ġtree	['tree', 'be', 'type', 'good', 'con']	neg	aff
An orange is a	tree	-5.7389727	Ġtree	['citrus', 'fruit', 'sweet', 'type', 'delicious']	aff	aff
An orange is an	animal	-8.65632	Ġanimal	['orange', 'edible', 'oval', 'excellent', 'amazing']	aff	neg
An orange is not an	animal	-5.4912815	Ġanimal	['orange', 'apple', 'object', 'easy', 'apr']	neg	neg
An orange is not a	tree	-4.686817	Ġtree	['fruit', 't', 'perfect', 'citrus', 'piece']	neg	aff
A magnolia is a	tree	-2.0710545	Ġtree	['tree', 'large', 'flowering', 'type', 'beautiful']	aff	aff
A magnolia is a	vehicle	-11.698374	Ġvehicle	['tree', 'large', 'flowering', 'type', 'beautiful']	aff	neg
A magnolia is not a	vehicle	-9.324095	Ġvehicle	['tree', 'magn', 'flower', 'rose', 'type']	neg	neg
A magnolia is not a	tree	-1.7284718	Ġtree	['tree', 'magn', 'flower', 'rose', 'type']	neg	aff
A tulip is a	tree	-10.128946	Ġtree	['perennial', 'plant', 'spring', 'type', 'flower']	aff	aff
A tulip is a	toy	-12.629166	Ġtoy	['perennial', 'plant', 'spring', 'type', 'flower']	aff	neg
A tulip is not a	toy	-8.02132	Ġtoy	['tul', 'flower', 'l', 'rose', 'single']	neg	neg
A tulip is not a	tree	-5.0548725	Ġtree	['tul', 'flower', 'l', 'rose', 'single']	neg	aff
A locust is a	tree	-5.2271357	Ġtree	['type', 'grass', 'short', 'member', 'species']	aff	aff
A locust is an	insect	-0.2258892	Ġinsect	['insect', 'edible', 'agricultural', 'immature', 'herb']	aff	neg
A locust is not an	insect	-0.31134224	Ġinsect	['insect', 'ordinary', 'ant', 'animal', 'individual']	neg	neg
A locust is not a	tree	-6.14365	Ġtree	['grass', 'bird', 'loc', 'beetle', 'bug']	neg	aff
A plum is a	tree	-5.788419	Ġtree	['fruit', 'stone', 'type', 'dr', 'sweet']	aff	aff
A plum is a	weapon	-11.29627	Ġweapon	['fruit', 'stone', 'type', 'dr', 'sweet']	aff	neg
A plum is not a	weapon	-9.389253	Ġweapon	['plum', 'fruit', 'peach', 'cherry', 'stone']	neg	neg
A plum is not a	tree	-5.0825367	Ġtree	['plum', 'fruit', 'peach', 'cherry', 'stone']	neg	aff
A cottonwood is a	tree	-1.6141491	Ġtree	['tree', 'decid', 'type', 'large', 'fast']	aff	aff
A cottonwood is a	fish	-10.896284	Ġfish	['tree', 'decid', 'type', 'large', 'fast']	aff	neg
A cottonwood is not a	fish	-8.462818	Ġfish	['tree', 'good', 'true', 'hardwood', 'very']	neg	neg
A cottonwood is not a	tree	-1.4155369	Ġtree	['tree', 'good', 'true', 'hardwood', 'very']	neg	aff
A gingo is a	tree	-5.4162827	Ġtree	['small', 'type', 'g', 'person', 'word']	aff	aff
A gingo is a	furniture	-10.120199	Ġfurniture	['small', 'type', 'g', 'person', 'word']	aff	neg
A gingo is not a	furniture	-10.075784	Ġfurniture	['g', 'word', 'person', 'real', 'new']	neg	neg
A gingo is not a	tree	-4.705323	Ġtree	['g', 'word', 'person', 'real', 'new']	neg	aff
A sequoia is a	tree	-1.9406452	Ġtree	['type', 'tree', 'large', 'giant', 'tall']	aff	aff
A sequoia is a	toy	-11.88769	Ġtoy	['type', 'tree', 'large', 'giant', 'tall']	aff	neg
A sequoia is not a	toy	-7.5562544	Ġtoy	['tree', 'type', 'sequ', 'red', 'giant']	neg	neg
A sequoia is not a	tree	-1.1353836	Ġtree	['tree', 'type', 'sequ', 'red', 'giant']	neg	aff
A Christmas is a	tree	-5.7483587	Ġtree	['time', 'special', 'holiday', 'Christmas', 'celebration']	aff	aff
A Christmas is a	color	-10.3166275	Ġcolor	['time', 'special', 'holiday', 'Christmas', 'celebration']	aff	neg
A Christmas is not a	color	-12.1029625	Ġcolor	['Christmas', 'complete', 'true', 'real', 'holiday']	neg	neg
A Christmas is not a	tree	-8.7830105	Ġtree	['Christmas', 'complete', 'true', 'real', 'holiday']	neg	aff
A holly is a	tree	-3.2708511	Ġtree	['plant', 'shr', 'h', 'species', 'member']	aff	aff
A holly is a	snake	-10.14885	Ġsnake	['plant', 'shr', 'h', 'species', 'member']	aff	neg
A holly is not a	snake	-9.213692	Ġsnake	['h', 'tree', 'true', 'Christmas', 'berry']	neg	neg
A holly is not a	tree	-1.8731279	Ġtree	['h', 'tree', 'true', 'Christmas', 'berry']	neg	aff
A mimosa is a	tree	-9.135904	Ġtree	['cocktail', 'classic', 'drink', 'simple', 'popular']	aff	aff
A mimosa is a	metal	-11.766119	Ġmetal	['cocktail', 'classic', 'drink', 'simple', 'popular']	aff	neg
A mimosa is not a	metal	-10.225072	Ġmetal	['cocktail', 'mim', 'drink', 'flower', 'tree']	neg	neg
A mimosa is not a	tree	-3.2154417	Ġtree	['cocktail', 'mim', 'drink', 'flower', 'tree']	neg	aff
A cypress is a	tree	-1.4420395	Ġtree	['con', 'tree', 'type', 'tall', 'member']	aff	aff
A cypress is a	country	-9.600105	Ġcountry	['con', 'tree', 'type', 'tall', 'member']	aff	neg
A cypress is not a	country	-8.917982	Ġcountry	['tree', 'pine', 'c', 'con', 'cedar']	neg	neg
A cypress is not a	tree	-1.365408	Ġtree	['tree', 'pine', 'c', 'con', 'cedar']	neg	aff
A lemon is a	tree	-6.2317524	Ġtree	['citrus', 'type', 'fruit', 'small', 'round']	aff	aff
A lemon is a	relative	-8.76396	Ġrelative	['citrus', 'type', 'fruit', 'small', 'round']	aff	neg
A lemon is not a	relative	-8.948316	Ġrelative	['lemon', 'fruit', 'citrus', 'sweet', 'lime']	neg	neg
A lemon is not a	tree	-5.6660566	Ġtree	['lemon', 'fruit', 'citrus', 'sweet', 'lime']	neg	aff
A mulberry is a	tree	-2.188301	Ġtree	['fruit', 'small', 'tree', 'type', 'decid']	aff	aff
A mulberry is a	sport	-12.0510845	Ġsport	['fruit', 'small', 'tree', 'type', 'decid']	aff	neg
A mulberry is not a	sport	-10.789045	Ġsport	['berry', 'fruit', 'tree', 'mul', 'type']	neg	neg
A mulberry is not a	tree	-2.5106544	Ġtree	['berry', 'fruit', 'tree', 'mul', 'type']	neg	aff
A trout is a	fish	-1.5100117	Ġfish	['freshwater', 'fish', 'type', 'species', 'member']	aff	aff
A trout is a	profession	-15.663659	Ġprofession	['freshwater', 'fish', 'type', 'species', 'member']	aff	neg
A trout is not a	profession	-12.493958	Ġprofession	['fish', 'salmon', 'trout', 'cat', 'bass']	neg	neg
A trout is not a	fish	-1.6676388	Ġfish	['fish', 'salmon', 'trout', 'cat', 'bass']	neg	aff
A bass is a	fish	-2.9331665	Ġfish	['type', 'string', 'bass', 'musical', 'fish']	aff	aff
A bass is a	vehicle	-9.22351	Ġvehicle	['type', 'string', 'bass', 'musical', 'fish']	aff	neg
A bass is not a	vehicle	-7.6176243	Ġvehicle	['bass', 'fish', 'guitar', 'good', 'musical']	neg	neg
A bass is not a	fish	-2.7586927	Ġfish	['bass', 'fish', 'guitar', 'good', 'musical']	neg	aff
A shark is a	fish	-0.6196289	Ġfish	['fish', 'shark', 'type', 'species', 'cart']	aff	aff
A shark is a	flower	-11.250069	Ġflower	['fish', 'shark', 'type', 'species', 'cart']	aff	neg
A shark is not a	flower	-9.016411	Ġflower	['fish', 'shark', 'dog', 'human', 'whale']	neg	neg
A shark is not a	fish	-1.0104027	Ġfish	['fish', 'shark', 'dog', 'human', 'whale']	neg	aff
A herring is a	fish	-2.5787086	Ġfish	['small', 'for', 'h', 'type', 'fish']	aff	aff
A herring is a	fruit	-11.039785	Ġfruit	['small', 'for', 'h', 'type', 'fish']	aff	neg
A herring is not a	fruit	-6.8029118	Ġfruit	['fish', 'h', 'salmon', 'type', 'bird']	neg	neg
A herring is not a	fish	-1.5997744	Ġfish	['fish', 'h', 'salmon', 'type', 'bird']	neg	aff
A catfish is a	fish	-1.6905613	Ġfish	['fish', 'freshwater', 'type', 'member', 'ray']	aff	aff
A catfish is a	flower	-10.506876	Ġflower	['fish', 'freshwater', 'type', 'member', 'ray']	aff	neg
A catfish is not a	flower	-8.498991	Ġflower	['fish', 'cat', 'true', 'type', 'real']	neg	neg
A catfish is not a	fish	-0.86317444	Ġfish	['fish', 'cat', 'true', 'type', 'real']	neg	aff
A perch is a	fish	-4.2724237	Ġfish	['type', 'place', 'small', 'platform', 'piece']	aff	aff
A perch is a	furniture	-7.676553	Ġfurniture	['type', 'place', 'small', 'platform', 'piece']	aff	neg
A perch is not a	furniture	-8.153194	Ġfurniture	['perch', 'place', 'bird', 'fish', 'chair']	neg	neg
A perch is not a	fish	-3.3423882	Ġfish	['perch', 'place', 'bird', 'fish', 'chair']	neg	aff
A salmon is a	fish	-1.3011913	Ġfish	['fish', 'type', 'salmon', 'species', 'member']	aff	aff
A salmon is a	weapon	-10.601517	Ġweapon	['fish', 'type', 'salmon', 'species', 'member']	aff	neg
A salmon is not a	weapon	-8.925127	Ġweapon	['fish', 'salmon', 'trout', 'bird', 'chicken']	neg	neg
A salmon is not a	fish	-1.2171907	Ġfish	['fish', 'salmon', 'trout', 'bird', 'chicken']	neg	aff
A tuna is a	fish	-1.6723156	Ġfish	['salt', 'fish', 'type', 'large', 'species']	aff	aff
A tuna is a	country	-10.983597	Ġcountry	['salt', 'fish', 'type', 'large', 'species']	aff	neg
A tuna is not a	country	-9.866999	Ġcountry	['fish', 'tuna', 'dolphin', 'type', 'whale']	neg	neg
A tuna is not a	fish	-0.9088898	Ġfish	['fish', 'tuna', 'dolphin', 'type', 'whale']	neg	aff
A goldfish is a	fish	-2.9548817	Ġfish	['freshwater', 'type', 'domestic', 'fish', 'common']	aff	aff
A goldfish is a	snake	-12.677063	Ġsnake	['freshwater', 'type', 'domestic', 'fish', 'common']	aff	neg
A goldfish is not a	snake	-7.5112486	Ġsnake	['good', 'fish', 'gold', 'pet', 'very']	neg	neg
A goldfish is not a	fish	-2.4249115	Ġfish	['good', 'fish', 'gold', 'pet', 'very']	neg	aff
A swordfish is a	fish	-2.1168957	Ġfish	['large', 'fish', 'type', 'long', 'species']	aff	aff
A swordfish is a	toy	-10.657659	Ġtoy	['large', 'fish', 'type', 'long', 'species']	aff	neg
A swordfish is not a	toy	-7.835745	Ġtoy	['fish', 'sword', 'type', 'shark', 'true']	neg	neg
A swordfish is not a	fish	-1.1100693	Ġfish	['fish', 'sword', 'type', 'shark', 'true']	neg	aff
A sunfish is a	fish	-2.423131	Ġfish	['type', 'large', 'fish', 'species', 'member']	aff	aff
A sunfish is a	crime	-14.047424	Ġcrime	['type', 'large', 'fish', 'species', 'member']	aff	neg
A sunfish is not a	crime	-14.253598	Ġcrime	['fish', 'type', 'shark', 'true', 'real']	neg	neg
A sunfish is not a	fish	-1.2848568	Ġfish	['fish', 'type', 'shark', 'true', 'real']	neg	aff
A whale is a	fish	-5.6315613	Ġfish	['large', 'marine', 'mamm', 'very', 'type']	aff	aff
A whale is an	animal	-1.3812943	Ġanimal	['aquatic', 'animal', 'enormous', 'example', 'extremely']	aff	neg
A whale is not an	animal	-0.8923321	Ġanimal	['animal', 'ordinary', 'island', 'aquatic', 'object']	neg	neg
A whale is not a	fish	-0.6679363	Ġfish	['fish', 'dolphin', 'whale', 'mamm', 'bird']	neg	aff
A rock is a	fish	-13.243858	Ġfish	['solid', 'naturally', 'hard', 'natural', 'rock']	aff	aff
A rock is a	profession	-13.011861	Ġprofession	['solid', 'naturally', 'hard', 'natural', 'rock']	aff	neg
A rock is not a	profession	-10.907995	Ġprofession	['rock', 'living', 'stone', 'solid', 'tree']	neg	neg
A rock is not a	fish	-6.5587893	Ġfish	['rock', 'living', 'stone', 'solid', 'tree']	neg	aff
A cod is a	fish	-1.4842033	Ġfish	['fish', 'type', 'member', 'cod', 'salt']	aff	aff
A cod is a	fruit	-9.295075	Ġfruit	['fish', 'type', 'member', 'cod', 'salt']	aff	neg
A cod is not a	fruit	-6.2273626	Ġfruit	['cod', 'fish', 'dog', 'cat', 'h']	neg	neg
A cod is not a	fish	-1.7280769	Ġfish	['cod', 'fish', 'dog', 'cat', 'h']	neg	aff
A bluegil is a	fish	-3.0236254	Ġfish	['type', 'hybrid', 'blue', 'fish', 'small']	aff	aff
A bluegil is a	furniture	-13.392507	Ġfurniture	['type', 'hybrid', 'blue', 'fish', 'small']	aff	neg
A bluegil is not a	furniture	-12.968231	Ġfurniture	['blue', 'fish', 'g', 'true', 'type']	neg	neg
A bluegil is not a	fish	-2.615673	Ġfish	['blue', 'fish', 'g', 'true', 'type']	neg	aff
A carp is a	fish	-1.8050518	Ġfish	['fish', 'freshwater', 'type', 'member', 'common']	aff	aff
A carp is an	animal	-3.3977394	Ġanimal	['aquatic', 'omn', 'animal', 'important', 'edible']	aff	neg
A carp is not an	animal	-2.971014	Ġanimal	['ordinary', 'easy', 'animal', 'exotic', 'aquarium']	neg	neg
A carp is not a	fish	-1.5272255	Ġfish	['fish', 'carp', 'cat', 'good', 'type']	neg	aff
A pike is a	fish	-2.257597	Ġfish	['fish', 'freshwater', 'large', 'type', 'long']	aff	aff
A pike is an	insect	-6.677476	Ġinsect	['elong', 'aggressive', 'ambush', 'extremely', 'aquatic']	aff	neg
A pike is not an	insect	-5.328228	Ġinsect	['easy', 'ordinary', 'aggressive', 'e', 'ideal']	neg	neg
A pike is not a	fish	-1.9401188	Ġfish	['fish', 'p', 'good', 'predator', 'shark']	neg	aff
A minnow is a	fish	-2.5436487	Ġfish	['small', 'fish', 'type', 'freshwater', 'very']	aff	aff
A minnow is a	country	-12.14651	Ġcountry	['small', 'fish', 'type', 'freshwater', 'very']	aff	neg
A minnow is not a	country	-10.54051	Ġcountry	['fish', 'min', 'small', 'big', 'type']	neg	neg
A minnow is not a	fish	-1.4819775	Ġfish	['fish', 'min', 'small', 'big', 'type']	neg	aff
A guppy is a	fish	-2.6900806	Ġfish	['small', 'freshwater', 'type', 'tropical', 'fish']	aff	aff
A guppy is a	state	-11.501232	Ġstate	['small', 'freshwater', 'type', 'tropical', 'fish']	aff	neg
A guppy is not a	state	-8.647096	Ġstate	['fish', 'g', 'good', 'gold', 'type']	neg	neg
A guppy is not a	fish	-1.62463	Ġfish	['fish', 'g', 'good', 'gold', 'type']	neg	aff
A flounder is a	fish	-2.682557	Ġfish	['flat', 'type', 'fish', 'kind', 'species']	aff	aff
A flounder is a	toy	-10.419739	Ġtoy	['flat', 'type', 'fish', 'kind', 'species']	aff	neg
A flounder is not a	toy	-7.1850214	Ġtoy	['fish', 'flat', 'type', 'fl', 'true']	neg	neg
A flounder is not a	fish	-1.4013357	Ġfish	['fish', 'flat', 'type', 'fl', 'true']	neg	aff
A marlin is a	fish	-1.4751053	Ġfish	['fish', 'large', 'type', 'species', 'salt']	aff	aff
A marlin is an	animal	-4.1220427	Ġanimal	['ocean', 'open', 'extremely', 'offshore', 'important']	aff	neg
A marlin is not an	animal	-3.3907003	Ġanimal	['easy', 'ordinary', 'everyday', 'average', 'animal']	neg	neg
A marlin is not a	fish	-1.7558079	Ġfish	['fish', 'shark', 'sword', 'whale', 'dolphin']	neg	aff
A shrimp is a	fish	-5.893508	Ġfish	['crust', 'small', 'type', 'dec', 'swimming']	aff	aff
A shrimp is a	color	-12.310872	Ġcolor	['crust', 'small', 'type', 'dec', 'swimming']	aff	neg
A shrimp is not a	color	-9.768885	Ġcolor	['fish', 'shrimp', 'pr', 'lobster', 'crab']	neg	neg
A shrimp is not a	fish	-1.2688894	Ġfish	['fish', 'shrimp', 'pr', 'lobster', 'crab']	neg	aff
A barracuda is a	fish	-2.0764122	Ġfish	['fish', 'large', 'predatory', 'type', 'species']	aff	aff
A barracuda is a	sport	-7.0008163	Ġsport	['fish', 'large', 'predatory', 'type', 'species']	aff	neg
A barracuda is not a	sport	-7.996599	Ġsport	['shark', 'fish', 'type', 'true', 'good']	neg	neg
A barracuda is not a	fish	-2.304491	Ġfish	['shark', 'fish', 'type', 'true', 'good']	neg	aff
A bluefish is a	fish	-2.3830605	Ġfish	['fish', 'species', 'type', 'member', 'popular']	aff	aff
A bluefish is a	disease	-11.60351	Ġdisease	['fish', 'species', 'type', 'member', 'popular']	aff	neg
A bluefish is not a	disease	-9.090958	Ġdisease	['blue', 'fish', 'true', 'good', 'shark']	neg	neg
A bluefish is not a	fish	-2.2457218	Ġfish	['blue', 'fish', 'true', 'good', 'shark']	neg	aff
A mackerel is a	fish	-1.6003876	Ġfish	['fish', 'type', 'member', 'salt', 'medium']	aff	aff
A mackerel is a	metal	-8.184453	Ġmetal	['fish', 'type', 'member', 'salt', 'medium']	aff	neg
A mackerel is not a	metal	-8.343079	Ġmetal	['fish', 'm', 'type', 'shark', 'salmon']	neg	neg
A mackerel is not a	fish	-1.8068514	Ġfish	['fish', 'm', 'type', 'shark', 'salmon']	neg	aff
A sailfish is a	fish	-2.0363312	Ġfish	['fish', 'species', 'type', 'popular', 'large']	aff	aff
A sailfish is a	crime	-13.990529	Ġcrime	['fish', 'species', 'type', 'popular', 'large']	aff	neg
A sailfish is not a	crime	-13.779247	Ġcrime	['fish', 'shark', 'type', 'sword', 'dolphin']	neg	neg
A sailfish is not a	fish	-1.6560059	Ġfish	['fish', 'shark', 'type', 'sword', 'dolphin']	neg	aff
A porpoise is a	fish	-4.573346	Ġfish	['small', 'marine', 'type', 'cet', 'member']	aff	aff
A porpoise is a	sport	-10.996786	Ġsport	['small', 'marine', 'type', 'cet', 'member']	aff	neg
A porpoise is not a	sport	-10.989532	Ġsport	['dolphin', 'whale', 'fish', 'por', 'type']	neg	neg
A porpoise is not a	fish	-2.9942465	Ġfish	['dolphin', 'whale', 'fish', 'por', 'type']	neg	aff
A shad is a	fish	-1.7808704	Ġfish	['type', 'fish', 'species', 'h', 'member']	aff	aff
A shad is a	weapon	-10.128714	Ġweapon	['type', 'fish', 'species', 'h', 'member']	aff	neg
A shad is not a	weapon	-7.394595	Ġweapon	['fish', 'sh', 'type', 'shark', 'salmon']	neg	neg
A shad is not a	fish	-1.7908287	Ġfish	['fish', 'sh', 'type', 'shark', 'salmon']	neg	aff
A spot is a	fish	-9.554683	Ġfish	['small', 'place', 'location', 'type', 'spot']	aff	aff
A spot is a	relative	-8.514299	Ġrelative	['small', 'place', 'location', 'type', 'spot']	aff	neg
A spot is not a	relative	-9.758835	Ġrelative	['spot', 'place', 'good', 'point', 'single']	neg	neg
A spot is not a	fish	-7.4004984	Ġfish	['spot', 'place', 'good', 'point', 'single']	neg	aff
A lobster is a	fish	-5.9124155	Ġfish	['crust', 'type', 'marine', 'large', 'shell']	aff	aff
A lobster is a	vegetable	-8.9897	Ġvegetable	['crust', 'type', 'marine', 'large', 'shell']	aff	neg
A lobster is not a	vegetable	-4.571185	Ġvegetable	['fish', 'crab', 'crust', 'lobster', 'shell']	neg	neg
A lobster is not a	fish	-1.3630772	Ġfish	['fish', 'crab', 'crust', 'lobster', 'shell']	neg	aff
A haddock is a	fish	-1.8829288	Ġfish	['type', 'fish', 'species', 'member', 'salt']	aff	aff
A haddock is a	tree	-11.440461	Ġtree	['type', 'fish', 'species', 'member', 'salt']	aff	neg
A haddock is not a	tree	-7.551075	Ġtree	['h', 'fish', 'cod', 'type', 'dog']	neg	neg
A haddock is not a	fish	-2.325513	Ġfish	['h', 'fish', 'cod', 'type', 'dog']	neg	aff
A muskie is a	fish	-2.0940876	Ġfish	['large', 'fish', 'type', 'freshwater', 'very']	aff	aff
A muskie is a	city	-11.498176	Ġcity	['large', 'fish', 'type', 'freshwater', 'very']	aff	neg
A muskie is not a	city	-9.918091	Ġcity	['fish', 'mus', 'bass', 'cat', 'monster']	neg	neg
A muskie is not a	fish	-2.1389837	Ġfish	['fish', 'mus', 'bass', 'cat', 'monster']	neg	aff
A crappie is a	fish	-2.25815	Ġfish	['freshwater', 'type', 'fish', 'species', 'member']	aff	aff
A crappie is a	bird	-11.021514	Ġbird	['freshwater', 'type', 'fish', 'species', 'member']	aff	neg
A crappie is not a	bird	-7.1722317	Ġbird	['fish', 'cat', 'type', 'cr', 'trout']	neg	neg
A crappie is not a	fish	-2.1497974	Ġfish	['fish', 'cat', 'type', 'cr', 'trout']	neg	aff
An angel is a	fish	-12.70627	Ġfish	['supernatural', 'messenger', 'spiritual', 'spirit', 'person']	aff	aff
An angel is a	vegetable	-12.16474	Ġvegetable	['supernatural', 'messenger', 'spiritual', 'spirit', 'person']	aff	neg
An angel is not a	vegetable	-10.102558	Ġvegetable	['person', 'human', 'fairy', 'being', 'creature']	neg	neg
An angel is not a	fish	-8.801943	Ġfish	['person', 'human', 'fairy', 'being', 'creature']	neg	aff
A crab is a	fish	-6.387142	Ġfish	['crust', 'marine', 'dec', 'type', 'sea']	aff	aff
A crab is a	fruit	-8.386378	Ġfruit	['crust', 'marine', 'dec', 'type', 'sea']	aff	neg
A crab is not a	fruit	-5.2309427	Ġfruit	['fish', 'crust', 'crab', 'lobster', 'shell']	neg	neg
A crab is not a	fish	-1.4535894	Ġfish	['fish', 'crust', 'crab', 'lobster', 'shell']	neg	aff
A halibut is a	fish	-2.5426102	Ġfish	['flat', 'large', 'type', 'fish', 'species']	aff	aff
A halibut is a	vegetable	-9.597507	Ġvegetable	['flat', 'large', 'type', 'fish', 'species']	aff	neg
A halibut is not a	vegetable	-6.1672726	Ġvegetable	['fish', 'hal', 'flat', 'type', 'salmon']	neg	neg
A halibut is not a	fish	-1.4631901	Ġfish	['fish', 'hal', 'flat', 'type', 'salmon']	neg	aff
A white is a	fish	-7.4029493	Ġfish	['white', 'wine', 'type', 'color', 'light']	aff	aff
A white is a	disease	-9.108998	Ġdisease	['white', 'wine', 'type', 'color', 'light']	aff	neg
A white is not a	disease	-8.522026	Ġdisease	['white', 'color', 'black', 'colour', 'neutral']	neg	neg
A white is not a	fish	-8.103485	Ġfish	['white', 'color', 'black', 'colour', 'neutral']	neg	aff
A sardine is a	fish	-3.154955	Ġfish	['small', 'type', 'fish', 'species', 'member']	aff	aff
A sardine is an	insect	-6.7802067	Ġinsect	['oily', 'oil', 'extremely', 'ocean', 'edible']	aff	neg
A sardine is not an	insect	-3.478325	Ġinsect	['easy', 'animal', 'ordinary', 'actual', 'insect']	neg	neg
A sardine is not a	fish	-1.2219238	Ġfish	['fish', 's', 'type', 'small', 'can']	neg	aff
A blowfish is a	fish	-2.1172333	Ġfish	['type', 'fish', 'small', 'member', 'kind']	aff	aff
A blowfish is a	bird	-8.628398	Ġbird	['type', 'fish', 'small', 'member', 'kind']	aff	neg
A blowfish is not a	bird	-5.8809767	Ġbird	['fish', 'real', 'type', 'blow', 'good']	neg	neg
A blowfish is not a	fish	-1.2983656	Ġfish	['fish', 'real', 'type', 'blow', 'good']	neg	aff
An eel is a	fish	-2.1568842	Ġfish	['long', 'snake', 'fish', 'ray', 'type']	aff	aff
An eel is a	state	-9.324593	Ġstate	['long', 'snake', 'fish', 'ray', 'type']	aff	neg
An eel is not a	state	-9.536947	Ġstate	['fish', 'snake', 'type', 'true', 'good']	neg	neg
An eel is not a	fish	-0.49194145	Ġfish	['fish', 'snake', 'type', 'true', 'good']	neg	aff
A oyster is a	fish	-6.3575068	Ġfish	['b', 'type', 'moll', 'marine', 'shell']	aff	aff
A oyster is a	flower	-9.449434	Ġflower	['b', 'type', 'moll', 'marine', 'shell']	aff	neg
A oyster is not a	flower	-6.025981	Ġflower	['fish', 'moll', 'shell', 'clam', 'fruit']	neg	neg
A oyster is not a	fish	-1.480175	Ġfish	['fish', 'moll', 'shell', 'clam', 'fruit']	neg	aff
A walleye is a	fish	-1.7880211	Ġfish	['fish', 'freshwater', 'type', 'species', 'member']	aff	aff
A walleye is a	bird	-9.308057	Ġbird	['fish', 'freshwater', 'type', 'species', 'member']	aff	neg
A walleye is not a	bird	-7.4245415	Ġbird	['fish', 'bass', 'trout', 'true', 'wal']	neg	neg
A walleye is not a	fish	-2.685028	Ġfish	['fish', 'bass', 'trout', 'true', 'wal']	neg	aff
A clam is a	fish	-6.8062515	Ġfish	['b', 'common', 'type', 'member', 'kind']	aff	aff
A clam is a	sport	-12.872516	Ġsport	['b', 'common', 'type', 'member', 'kind']	aff	neg
A clam is not a	sport	-9.294695	Ġsport	['clam', 'fish', 'moll', 'shell', 'cl']	neg	neg
A clam is not a	fish	-2.0238485	Ġfish	['clam', 'fish', 'moll', 'shell', 'cl']	neg	aff
A whiting is a	fish	-2.415494	Ġfish	['small', 'type', 'fish', 'white', 'species']	aff	aff
A whiting is a	bird	-7.57522	Ġbird	['small', 'type', 'fish', 'white', 'species']	aff	neg
A whiting is not a	bird	-5.489908	Ġbird	['wh', 'fish', 'white', 'type', 'cod']	neg	neg
A whiting is not a	fish	-2.6607103	Ġfish	['wh', 'fish', 'white', 'type', 'cod']	neg	aff
A dolphin is a	fish	-3.8099566	Ġfish	['mamm', 'marine', 'type', 'sea', 'member']	aff	aff
A dolphin is a	flower	-10.812704	Ġflower	['mamm', 'marine', 'type', 'sea', 'member']	aff	neg
A dolphin is not a	flower	-9.641599	Ġflower	['fish', 'whale', 'mamm', 'dog', 'human']	neg	neg
A dolphin is not a	fish	-0.5386734	Ġfish	['fish', 'whale', 'mamm', 'dog', 'human']	neg	aff
A piranha is a	fish	-1.8469524	Ġfish	['fish', 'species', 'type', 'carniv', 'freshwater']	aff	aff
A piranha is a	vegetable	-10.112893	Ġvegetable	['fish', 'species', 'type', 'carniv', 'freshwater']	aff	neg
A piranha is not a	vegetable	-7.224043	Ġvegetable	['fish', 'shark', 'vegetarian', 'type', 'good']	neg	neg
A piranha is not a	fish	-2.2102814	Ġfish	['fish', 'shark', 'vegetarian', 'type', 'good']	neg	aff
A rattle is a	snake	-9.940376	Ġsnake	['toy', 'musical', 'small', 'type', 'noise']	aff	aff
A rattle is a	color	-10.744444	Ġcolor	['toy', 'musical', 'small', 'type', 'noise']	aff	neg
A rattle is not a	color	-9.589926	Ġcolor	['toy', 'r', 'good', 'ratt', 'bad']	neg	neg
A rattle is not a	snake	-5.86747	Ġsnake	['toy', 'r', 'good', 'ratt', 'bad']	neg	aff
A black is a	snake	-9.58037	Ġsnake	['black', 'type', 'color', 'person', 'card']	aff	aff
A black is a	weapon	-7.353409	Ġweapon	['black', 'type', 'color', 'person', 'card']	aff	neg
A black is not a	weapon	-7.636548	Ġweapon	['black', 'color', 'white', 'colour', 'person']	neg	neg
A black is not a	snake	-8.649166	Ġsnake	['black', 'color', 'white', 'colour', 'person']	neg	aff
A cobra is a	snake	-1.5398941	Ġsnake	['snake', 'type', 'member', 'venom', 'poisonous']	aff	aff
A cobra is a	color	-8.549226	Ġcolor	['snake', 'type', 'member', 'venom', 'poisonous']	aff	neg
A cobra is not a	color	-8.1124325	Ġcolor	['snake', 'c', 'poisonous', 'good', 'very']	neg	neg
A cobra is not a	snake	-1.6351509	Ġsnake	['snake', 'c', 'poisonous', 'good', 'very']	neg	aff
A copperhead is a	snake	-2.0799847	Ġsnake	['venom', 'type', 'snake', 'poisonous', 'species']	aff	aff
A copperhead is an	insect	-5.0748224	Ġinsect	['American', 'extremely', 'animal', 'eastern', 'aggressive']	aff	neg
A copperhead is not an	insect	-4.9906454	Ġinsect	['aggressive', 'all', 'actual', 'animal', 'exotic']	neg	neg
A copperhead is not a	snake	-2.67803	Ġsnake	['ratt', 'poisonous', 'venom', 'snake', 'type']	neg	aff
A garter is a	snake	-8.379051	Ġsnake	['band', 'piece', 'type', 'decorative', 'strip']	aff	aff
A garter is a	sport	-10.947752	Ġsport	['band', 'piece', 'type', 'decorative', 'strip']	aff	neg
A garter is not a	sport	-9.505218	Ġsport	['g', 'belt', 'piece', 'necessary', 'sock']	neg	neg
A garter is not a	snake	-5.3682127	Ġsnake	['g', 'belt', 'piece', 'necessary', 'sock']	neg	aff
A garden is a	snake	-13.486175	Ġsnake	['place', 'great', 'space', 'beautiful', 'living']	aff	aff
A garden is a	profession	-12.491461	Ġprofession	['place', 'great', 'space', 'beautiful', 'living']	aff	neg
A garden is not a	profession	-8.928691	Ġprofession	['garden', 'place', 'collection', 'static', 'space']	neg	neg
A garden is not a	snake	-11.314645	Ġsnake	['garden', 'place', 'collection', 'static', 'space']	neg	aff
A python is a	snake	-2.2588978	Ġsnake	['non', 'snake', 'large', 'rept', 'type']	aff	aff
A python is a	profession	-12.534012	Ġprofession	['non', 'snake', 'large', 'rept', 'type']	aff	neg
A python is not a	profession	-11.852978	Ġprofession	['snake', 'pet', 'rept', 'good', 'real']	neg	neg
A python is not a	snake	-1.0761461	Ġsnake	['snake', 'pet', 'rept', 'good', 'real']	neg	aff
A coral is a	snake	-13.240817	Ġsnake	['small', 'tiny', 'marine', 'colony', 'type']	aff	aff
A coral is a	sport	-11.126762	Ġsport	['small', 'tiny', 'marine', 'colony', 'type']	aff	neg
A coral is not a	sport	-11.073775	Ġsport	['plant', 'rock', 'single', 'flower', 'fish']	neg	neg
A coral is not a	snake	-8.933555	Ġsnake	['plant', 'rock', 'single', 'flower', 'fish']	neg	aff
A boa is a	snake	-2.055091	Ġsnake	['snake', 'large', 'non', 'type', 'con']	aff	aff
A boa is a	vehicle	-9.665657	Ġvehicle	['snake', 'large', 'non', 'type', 'con']	aff	neg
A boa is not a	vehicle	-10.193571	Ġvehicle	['snake', 'python', 'pet', 'good', 'con']	neg	neg
A boa is not a	snake	-1.0091248	Ġsnake	['snake', 'python', 'pet', 'good', 'con']	neg	aff
A cottonmouth is a	snake	-2.711853	Ġsnake	['venom', 'type', 'snake', 'large', 'poisonous']	aff	aff
A cottonmouth is a	crime	-14.369358	Ġcrime	['venom', 'type', 'snake', 'large', 'poisonous']	aff	neg
A cottonmouth is not a	crime	-11.386941	Ġcrime	['snake', 'good', 'type', 'venom', 'poisonous']	neg	neg
A cottonmouth is not a	snake	-2.3079786	Ġsnake	['snake', 'good', 'type', 'venom', 'poisonous']	neg	aff
A green is a	snake	-9.692009	Ġsnake	['type', 'golf', 'par', 'shot', 'green']	aff	aff
A green is a	furniture	-10.746574	Ġfurniture	['type', 'golf', 'par', 'shot', 'green']	aff	neg
A green is not a	furniture	-11.314907	Ġfurniture	['green', 'good', 'hole', 'bad', 'place']	neg	neg
A green is not a	snake	-9.293267	Ġsnake	['green', 'good', 'hole', 'bad', 'place']	neg	aff
A king is a	snake	-8.649284	Ġsnake	['male', 'monarch', 'person', 'man', 'king']	aff	aff
A king is a	sport	-11.550978	Ġsport	['male', 'monarch', 'person', 'man', 'king']	aff	neg
A king is not a	sport	-9.422747	Ġsport	['king', 'man', 'god', 'person', 'good']	neg	neg
A king is not a	snake	-9.667397	Ġsnake	['king', 'man', 'god', 'person', 'good']	neg	aff
A grass is a	snake	-10.810936	Ġsnake	['plant', 'flowering', 'green', 'type', 'herb']	aff	aff
A grass is a	city	-10.970398	Ġcity	['plant', 'flowering', 'green', 'type', 'herb']	aff	neg
A grass is not a	city	-9.03846	Ġcity	['weed', 'grass', 'tree', 'plant', 'flower']	neg	neg
A grass is not a	snake	-6.835642	Ġsnake	['weed', 'grass', 'tree', 'plant', 'flower']	neg	aff
A diamondback is a	snake	-2.2939348	Ġsnake	['type', 'snake', 'species', 'venom', 'poisonous']	aff	aff
A diamondback is a	tree	-7.214137	Ġtree	['type', 'snake', 'species', 'venom', 'poisonous']	aff	neg
A diamondback is not a	tree	-6.8670034	Ġtree	['snake', 'type', 'ratt', 'diamond', 'poisonous']	neg	neg
A diamondback is not a	snake	-1.9302635	Ġsnake	['snake', 'type', 'ratt', 'diamond', 'poisonous']	neg	aff
A water is a	snake	-11.743261	Ġsnake	['liquid', 'substance', 'mixture', 'chemical', 'solution']	aff	aff
A water is a	tree	-8.680504	Ġtree	['liquid', 'substance', 'mixture', 'chemical', 'solution']	aff	neg
A water is not a	tree	-7.563422	Ġtree	['liquid', 'good', 'pure', 'solvent', 'water']	neg	neg
A water is not a	snake	-9.912286	Ġsnake	['liquid', 'good', 'pure', 'solvent', 'water']	neg	aff
A bull is a	snake	-12.190008	Ġsnake	['male', 'ca', 'mature', 'bull', 'bo']	aff	aff
A bull is a	toy	-9.891269	Ġtoy	['male', 'ca', 'mature', 'bull', 'bo']	aff	neg
A bull is not a	toy	-5.162018	Ġtoy	['bull', 'cow', 'horse', 'man', 'dog']	neg	neg
A bull is not a	snake	-9.316941	Ġsnake	['bull', 'cow', 'horse', 'man', 'dog']	neg	aff
A moccasin is a	snake	-13.376402	Ġsnake	['type', 'shoe', 'soft', 'traditional', 'kind']	aff	aff
A moccasin is a	color	-12.616114	Ġcolor	['type', 'shoe', 'soft', 'traditional', 'kind']	aff	neg
A moccasin is not a	color	-9.390112	Ġcolor	['shoe', 'boot', 'slip', 'type', 'm']	neg	neg
A moccasin is not a	snake	-5.9456463	Ġsnake	['shoe', 'boot', 'slip', 'type', 'm']	neg	aff
A milk is a	snake	-12.581705	Ġsnake	['liquid', 'mixture', 'dairy', 'milk', 'white']	aff	aff
A milk is a	furniture	-12.945373	Ġfurniture	['liquid', 'mixture', 'dairy', 'milk', 'white']	aff	neg
A milk is not a	furniture	-10.370771	Ġfurniture	['milk', 'food', 'good', 'liquid', 'dairy']	neg	neg
A milk is not a	snake	-8.943409	Ġsnake	['milk', 'food', 'good', 'liquid', 'dairy']	neg	aff
An asp is a	snake	-3.3889856	Ġsnake	['venom', 'type', 'small', 'snake', 'web']	aff	aff
An asp is a	relative	-8.416462	Ġrelative	['venom', 'type', 'small', 'snake', 'web']	aff	neg
An asp is not a	relative	-8.437756	Ġrelative	['snake', 'spider', 'fish', 'venom', 'poisonous']	neg	neg
An asp is not a	snake	-1.4436045	Ġsnake	['snake', 'spider', 'fish', 'venom', 'poisonous']	neg	aff
A black jacket is a	snake	-14.195856	Ġsnake	['must', 'wardrobe', 'staple', 'classic', 'versatile']	aff	aff
A black jacket is a	disease	-15.155912	Ġdisease	['must', 'wardrobe', 'staple', 'classic', 'versatile']	aff	neg
A black jacket is not a	disease	-11.549633	Ġdisease	['fashion', 'black', 'must', 'basic', 'piece']	neg	neg
A black jacket is not a	snake	-12.381643	Ġsnake	['fashion', 'black', 'must', 'basic', 'piece']	neg	aff
An anaconda is a	snake	-2.3159103	Ġsnake	['large', 'type', 'snake', 'giant', 'species']	aff	aff
An anaconda is an	animal	-2.5328045	Ġanimal	['aquatic', 'enormous', 'extremely', 'animal', 'amazing']	aff	neg
An anaconda is not an	animal	-1.5914879	Ġanimal	['animal', 'all', 'ordinary', 'actual', 'aggressive']	neg	neg
An anaconda is not a	snake	-1.6523628	Ġsnake	['snake', 'type', 'python', 'venom', 'dinosaur']	neg	aff
A viper is a	snake	-1.6833229	Ġsnake	['snake', 'venom', 'type', 'poisonous', 'member']	aff	aff
A viper is a	sport	-11.674328	Ġsport	['snake', 'venom', 'type', 'poisonous', 'member']	aff	neg
A viper is not a	sport	-10.557449	Ġsport	['snake', 'viper', 'good', 'venom', 'c']	neg	neg
A viper is not a	snake	-1.4428349	Ġsnake	['snake', 'viper', 'good', 'venom', 'c']	neg	aff
Chicago is a	city	-1.1394567	Ġcity	['city', 'great', 'major', 'big', 'beautiful']	aff	aff
Chicago is a	sport	-9.419529	Ġsport	['city', 'great', 'major', 'big', 'beautiful']	aff	neg
Chicago is not a	sport	-8.045397	Ġsport	['city', 'place', 'big', 'cheap', 'very']	neg	neg
Chicago is not a	city	-1.4772139	Ġcity	['city', 'place', 'big', 'cheap', 'very']	neg	aff
Washington is a	city	-2.363616	Ġcity	['state', 'city', 'great', 'beautiful', 'very']	aff	aff
Washington is a	color	-9.410227	Ġcolor	['state', 'city', 'great', 'beautiful', 'very']	aff	neg
Washington is not a	color	-9.710541	Ġcolor	['state', 'place', 'good', 'city', 'big']	neg	neg
Washington is not a	city	-3.6341105	Ġcity	['state', 'place', 'good', 'city', 'big']	neg	aff
Baltimore is a	city	-1.1827745	Ġcity	['city', 'great', 'major', 'beautiful', 'port']	aff	aff
Baltimore is a	snake	-10.375612	Ġsnake	['city', 'great', 'major', 'beautiful', 'port']	aff	neg
Baltimore is not a	snake	-10.511721	Ġsnake	['city', 'place', 'big', 'safe', 'very']	neg	neg
Baltimore is not a	city	-1.5667667	Ġcity	['city', 'place', 'big', 'safe', 'very']	neg	aff
London is a	city	-1.4244499	Ġcity	['city', 'great', 'vibrant', 'very', 'fantastic']	aff	aff
London is a	country	-8.074001	Ġcountry	['city', 'great', 'vibrant', 'very', 'fantastic']	aff	neg
London is not a	country	-5.693532	Ġcountry	['city', 'cheap', 'place', 'very', 'big']	neg	neg
London is not a	city	-1.3149157	Ġcity	['city', 'cheap', 'place', 'very', 'big']	neg	aff
Paris is a	city	-1.2620697	Ġcity	['city', 'beautiful', 'great', 'wonderful', 'very']	aff	aff
Paris is a	snake	-10.766115	Ġsnake	['city', 'beautiful', 'great', 'wonderful', 'very']	aff	neg
Paris is not a	snake	-11.237946	Ġsnake	['city', 'place', 'cheap', 'big', 'very']	neg	neg
Paris is not a	city	-1.1649418	Ġcity	['city', 'place', 'cheap', 'big', 'very']	neg	aff
Miami is a	city	-1.3941193	Ġcity	['city', 'great', 'vibrant', 'beautiful', 'major']	aff	aff
Miami is a	profession	-14.063056	Ġprofession	['city', 'great', 'vibrant', 'beautiful', 'major']	aff	neg
Miami is not a	profession	-13.02292	Ġprofession	['city', 'place', 'cheap', 'big', 'very']	neg	neg
Miami is not a	city	-1.371458	Ġcity	['city', 'place', 'cheap', 'big', 'very']	neg	aff
Boston is a	city	-1.2551193	Ġcity	['city', 'great', 'beautiful', 'wonderful', 'very']	aff	aff
Boston is a	fruit	-12.779678	Ġfruit	['city', 'great', 'beautiful', 'wonderful', 'very']	aff	neg
Boston is not a	fruit	-12.3206215	Ġfruit	['city', 'place', 'big', 'cheap', 'very']	neg	neg
Boston is not a	city	-1.4533854	Ġcity	['city', 'place', 'big', 'cheap', 'very']	neg	aff
Philadelphia is a	city	-0.91739464	Ġcity	['city', 'great', 'beautiful', 'big', 'major']	aff	aff
Philadelphia is a	flower	-11.659796	Ġflower	['city', 'great', 'beautiful', 'big', 'major']	aff	neg
Philadelphia is not a	flower	-11.414937	Ġflower	['city', 'place', 'big', 'very', 'cheap']	neg	neg
Philadelphia is not a	city	-1.2997665	Ġcity	['city', 'place', 'big', 'very', 'cheap']	neg	aff
Detroit is a	city	-0.9660921	Ġcity	['city', 'great', 'major', 'place', 'big']	aff	aff
Detroit is a	country	-8.789356	Ġcountry	['city', 'great', 'major', 'place', 'big']	aff	neg
Detroit is not a	country	-6.8686876	Ġcountry	['city', 'place', 'good', 'safe', 'pretty']	neg	neg
Detroit is not a	city	-1.5030003	Ġcity	['city', 'place', 'good', 'safe', 'pretty']	neg	aff
Dallas is a	city	-1.32584	Ġcity	['city', 'great', 'big', 'large', 'major']	aff	aff
Dallas is an	animal	-6.858859	Ġanimal	['American', 'amazing', 'exciting', 'international', 'independent']	aff	neg
Dallas is not an	animal	-6.4186115	Ġanimal	['easy', 'area', 'ideal', 'inexpensive', 'island']	neg	neg
Dallas is not a	city	-1.4998426	Ġcity	['city', 'place', 'big', 'very', 'town']	neg	aff
Champaign is a	city	-0.6612263	Ġcity	['city', 'vibrant', 'town', 'great', 'small']	aff	aff
Champaign is a	furniture	-12.502918	Ġfurniture	['city', 'vibrant', 'town', 'great', 'small']	aff	neg
Champaign is not a	furniture	-11.685297	Ġfurniture	['city', 'big', 'place', 'very', 'large']	neg	neg
Champaign is not a	city	-1.9154148	Ġcity	['city', 'big', 'place', 'very', 'large']	neg	aff
Rome is a	city	-1.1884823	Ġcity	['city', 'beautiful', 'great', 'very', 'wonderful']	aff	aff
Rome is a	fruit	-11.863305	Ġfruit	['city', 'beautiful', 'great', 'very', 'wonderful']	aff	neg
Rome is not a	fruit	-10.982656	Ġfruit	['city', 'place', 'cheap', 'good', 'destination']	neg	neg
Rome is not a	city	-1.1180344	Ġcity	['city', 'place', 'cheap', 'good', 'destination']	neg	aff
Urbana is a	city	-1.1484251	Ġcity	['city', 'small', 'town', 'community', 'great']	aff	aff
Urbana is a	furniture	-10.347597	Ġfurniture	['city', 'small', 'town', 'community', 'great']	aff	neg
Urbana is not a	furniture	-10.690714	Ġfurniture	['city', 'big', 'place', 'town', 'large']	neg	neg
Urbana is not a	city	-2.2428675	Ġcity	['city', 'big', 'place', 'town', 'large']	neg	aff
Cleveland is a	city	-1.0965595	Ġcity	['city', 'great', 'small', 'town', 'beautiful']	aff	aff
Cleveland is a	metal	-9.975342	Ġmetal	['city', 'great', 'small', 'town', 'beautiful']	aff	neg
Cleveland is not a	metal	-10.125174	Ġmetal	['city', 'place', 'big', 'very', 'town']	neg	neg
Cleveland is not a	city	-1.5832434	Ġcity	['city', 'place', 'big', 'very', 'town']	neg	aff
Pittsburg is a	city	-0.6113529	Ġcity	['city', 'small', 'town', 'great', 'beautiful']	aff	aff
Pittsburg is a	toy	-12.576188	Ġtoy	['city', 'small', 'town', 'great', 'beautiful']	aff	neg
Pittsburg is not a	toy	-8.897318	Ġtoy	['city', 'big', 'place', 'large', 'very']	neg	neg
Pittsburg is not a	city	-1.9162865	Ġcity	['city', 'big', 'place', 'large', 'very']	neg	aff
Denver is a	city	-1.4131222	Ġcity	['city', 'great', 'beautiful', 'vibrant', 'wonderful']	aff	aff
Denver is an	insect	-7.907675	ĠIn	['amazing', 'exciting', 'excellent', 'ideal', 'awesome']	aff	neg
Denver is not an	insect	-9.56946	ĠIn	['easy', 'area', 'inexpensive', 'ideal', 'island']	neg	neg
Denver is not a	city	-1.5018167	Ġcity	['city', 'big', 'place', 'very', 'cheap']	neg	aff
Houston is a	city	-1.4156628	Ġcity	['city', 'great', 'big', 'large', 'major']	aff	aff
Houston is a	snake	-11.098171	Ġsnake	['city', 'great', 'big', 'large', 'major']	aff	neg
Houston is not a	snake	-10.617643	Ġsnake	['city', 'place', 'very', 'big', 'cheap']	neg	neg
Houston is not a	city	-1.4097328	Ġcity	['city', 'place', 'very', 'big', 'cheap']	neg	aff
Tokyo is a	city	-1.368391	Ġcity	['city', 'huge', 'great', 'big', 'very']	aff	aff
Tokyo is a	bird	-9.849473	Ġbird	['city', 'huge', 'great', 'big', 'very']	aff	neg
Tokyo is not a	bird	-9.431519	Ġbird	['city', 'place', 'cheap', 'very', 'big']	neg	neg
Tokyo is not a	city	-1.2070885	Ġcity	['city', 'place', 'cheap', 'very', 'big']	neg	aff
Springfield is a	city	-0.94342136	Ġcity	['city', 'town', 'small', 'great', 'beautiful']	aff	aff
Springfield is a	profession	-13.468807	Ġprofession	['city', 'town', 'small', 'great', 'beautiful']	aff	neg
Springfield is not a	profession	-12.353997	Ġprofession	['city', 'big', 'place', 'town', 'very']	neg	neg
Springfield is not a	city	-2.0179472	Ġcity	['city', 'big', 'place', 'town', 'very']	neg	aff
Moscow is a	city	-1.3367624	Ġcity	['city', 'very', 'great', 'huge', 'beautiful']	aff	aff
Moscow is a	weapon	-12.1633	Ġweapon	['city', 'very', 'great', 'huge', 'beautiful']	aff	neg
Moscow is not a	weapon	-11.26881	Ġweapon	['city', 'place', 'big', 'very', 'cheap']	neg	neg
Moscow is not a	city	-1.6127338	Ġcity	['city', 'place', 'big', 'very', 'cheap']	neg	aff
Atlanta is a	city	-1.2695866	Ġcity	['city', 'great', 'major', 'beautiful', 'vibrant']	aff	aff
Atlanta is a	metal	-10.571224	Ġmetal	['city', 'great', 'major', 'beautiful', 'vibrant']	aff	neg
Atlanta is not a	metal	-10.299769	Ġmetal	['city', 'place', 'big', 'cheap', 'very']	neg	neg
Atlanta is not a	city	-1.4943914	Ġcity	['city', 'place', 'big', 'cheap', 'very']	neg	aff
Berlin is a	city	-1.1623373	Ġcity	['city', 'great', 'very', 'vibrant', 'beautiful']	aff	aff
Berlin is a	color	-10.193735	Ġcolor	['city', 'great', 'very', 'vibrant', 'beautiful']	aff	neg
Berlin is not a	color	-10.367043	Ġcolor	['city', 'place', 'cheap', 'big', 'very']	neg	neg
Berlin is not a	city	-1.2571316	Ġcity	['city', 'place', 'cheap', 'big', 'very']	neg	aff
Tampa is a	city	-1.2649364	Ġcity	['city', 'great', 'major', 'vibrant', 'beautiful']	aff	aff
Tampa is a	color	-11.338542	Ġcolor	['city', 'great', 'major', 'vibrant', 'beautiful']	aff	neg
Tampa is not a	color	-11.965312	Ġcolor	['city', 'place', 'big', 'very', 'bad']	neg	neg
Tampa is not a	city	-1.5542717	Ġcity	['city', 'place', 'big', 'very', 'bad']	neg	aff
Annapolis is a	city	-1.191082	Ġcity	['city', 'small', 'beautiful', 'great', 'town']	aff	aff
Annapolis is a	tree	-9.719116	Ġtree	['city', 'small', 'beautiful', 'great', 'town']	aff	neg
Annapolis is not a	tree	-9.364166	Ġtree	['city', 'big', 'place', 'large', 'town']	neg	neg
Annapolis is not a	city	-2.1375341	Ġcity	['city', 'big', 'place', 'large', 'town']	neg	aff
Peoria is a	city	-0.7386503	Ġcity	['city', 'great', 'small', 'town', 'vibrant']	aff	aff
Peoria is a	vegetable	-13.50291	Ġvegetable	['city', 'great', 'small', 'town', 'vibrant']	aff	neg
Peoria is not a	vegetable	-10.913059	Ġvegetable	['city', 'big', 'place', 'very', 'large']	neg	neg
Peoria is not a	city	-1.8172121	Ġcity	['city', 'big', 'place', 'very', 'large']	neg	aff
Bethesda is a	city	-2.0826178	Ġcity	['city', 'small', 'suburb', 'neighborhood', 'town']	aff	aff
Bethesda is a	color	-11.000853	Ġcolor	['city', 'small', 'suburb', 'neighborhood', 'town']	aff	neg
Bethesda is not a	color	-12.050827	Ġcolor	['city', 'stranger', 'fan', 'big', 'place']	neg	neg
Bethesda is not a	city	-2.7493553	Ġcity	['city', 'stranger', 'fan', 'big', 'place']	neg	aff
Seattle is a	city	-1.3412247	Ġcity	['city', 'great', 'beautiful', 'vibrant', 'wonderful']	aff	aff
Seattle is a	disease	-12.887001	Ġdisease	['city', 'great', 'beautiful', 'vibrant', 'wonderful']	aff	neg
Seattle is not a	disease	-11.196089	Ġdisease	['city', 'place', 'big', 'cheap', 'very']	neg	neg
Seattle is not a	city	-1.5281115	Ġcity	['city', 'place', 'big', 'cheap', 'very']	neg	aff
Reno is a	city	-1.3002977	Ġcity	['city', 'great', 'beautiful', 'small', 'vibrant']	aff	aff
Reno is a	sport	-9.096249	Ġsport	['city', 'great', 'beautiful', 'small', 'vibrant']	aff	neg
Reno is not a	sport	-8.566183	Ġsport	['city', 'big', 'place', 'very', 'town']	neg	neg
Reno is not a	city	-1.9373026	Ġcity	['city', 'big', 'place', 'very', 'town']	neg	aff
Columbus is a	city	-1.0352163	Ġcity	['city', 'great', 'small', 'beautiful', 'town']	aff	aff
Columbus is a	relative	-9.335239	Ġrelative	['city', 'great', 'small', 'beautiful', 'town']	aff	neg
Columbus is not a	relative	-9.995683	Ġrelative	['city', 'big', 'place', 'very', 'large']	neg	neg
Columbus is not a	city	-2.1022263	Ġcity	['city', 'big', 'place', 'very', 'large']	neg	aff
Minneapolis is a	city	-1.1057663	Ġcity	['city', 'great', 'vibrant', 'beautiful', 'major']	aff	aff
Minneapolis is a	fish	-11.590964	Ġfish	['city', 'great', 'vibrant', 'beautiful', 'major']	aff	neg
Minneapolis is not a	fish	-8.666718	Ġfish	['city', 'place', 'big', 'very', 'small']	neg	neg
Minneapolis is not a	city	-1.5986557	Ġcity	['city', 'place', 'big', 'very', 'small']	neg	aff
Decatur is a	city	-0.7802849	Ġcity	['city', 'small', 'town', 'great', 'suburb']	aff	aff
Decatur is a	state	-7.970978	Ġstate	['city', 'small', 'town', 'great', 'suburb']	aff	neg
Decatur is not a	state	-5.300935	Ġstate	['city', 'big', 'place', 'large', 'town']	neg	neg
Decatur is not a	city	-2.072938	Ġcity	['city', 'big', 'place', 'large', 'town']	neg	aff
Madrid is a	city	-1.3785753	Ġcity	['city', 'beautiful', 'great', 'very', 'big']	aff	aff
Madrid is a	toy	-11.642323	Ġtoy	['city', 'beautiful', 'great', 'very', 'big']	aff	neg
Madrid is not a	toy	-10.513978	Ġtoy	['city', 'very', 'big', 'place', 'cheap']	neg	neg
Madrid is not a	city	-1.3551397	Ġcity	['city', 'very', 'big', 'place', 'cheap']	neg	aff
Milwaukee is a	city	-1.0146885	Ġcity	['city', 'great', 'major', 'beautiful', 'big']	aff	aff
Milwaukee is a	flower	-12.795467	Ġflower	['city', 'great', 'major', 'beautiful', 'big']	aff	neg
Milwaukee is not a	flower	-11.635107	Ġflower	['city', 'big', 'place', 'very', 'large']	neg	neg
Milwaukee is not a	city	-1.4544201	Ġcity	['city', 'big', 'place', 'very', 'large']	neg	aff
Richmond is a	city	-1.3780317	Ġcity	['city', 'town', 'small', 'great', 'beautiful']	aff	aff
Richmond is a	snake	-12.572756	Ġsnake	['city', 'town', 'small', 'great', 'beautiful']	aff	neg
Richmond is not a	snake	-11.342472	Ġsnake	['city', 'place', 'big', 'town', 'very']	neg	neg
Richmond is not a	city	-1.8256636	Ġcity	['city', 'place', 'big', 'town', 'very']	neg	aff
Rockville is a	city	-0.8198757	Ġcity	['city', 'town', 'small', 'great', 'suburb']	aff	aff
Rockville is a	sport	-11.085724	Ġsport	['city', 'town', 'small', 'great', 'suburb']	aff	neg
Rockville is not a	sport	-8.946068	Ġsport	['city', 'place', 'big', 'town', 'large']	neg	neg
Rockville is not a	city	-2.1145535	Ġcity	['city', 'place', 'big', 'town', 'large']	neg	aff
Memphis is a	city	-1.0043135	Ġcity	['city', 'great', 'vibrant', 'very', 'place']	aff	aff
Memphis is a	bird	-9.285641	Ġbird	['city', 'great', 'vibrant', 'very', 'place']	aff	neg
Memphis is not a	bird	-8.535221	Ġbird	['city', 'place', 'big', 'very', 'town']	neg	neg
Memphis is not a	city	-1.5174313	Ġcity	['city', 'place', 'big', 'very', 'town']	neg	aff
California is a	state	-1.4604855	Ġstate	['state', 'great', 'beautiful', 'big', 'place']	aff	aff
California is a	disease	-11.70816	Ġdisease	['state', 'great', 'beautiful', 'big', 'place']	aff	neg
California is not a	disease	-11.105713	Ġdisease	['state', 'good', 'âĢľ', 'stranger', 'place']	neg	neg
California is not a	state	-1.8145189	Ġstate	['state', 'good', 'âĢľ', 'stranger', 'place']	neg	aff
Maryland is a	state	-1.0541887	Ġstate	['state', 'great', 'beautiful', 'mid', 'small']	aff	aff
Maryland is a	furniture	-13.17367	Ġfurniture	['state', 'great', 'beautiful', 'mid', 'small']	aff	neg
Maryland is not a	furniture	-12.551438	Ġfurniture	['state', 'no', 'community', 'âĢľ', 'big']	neg	neg
Maryland is not a	state	-1.9934063	Ġstate	['state', 'no', 'community', 'âĢľ', 'big']	neg	aff
Florida is a	state	-1.4650011	Ġstate	['state', 'great', 'popular', 'beautiful', 'large']	aff	aff
Florida is a	fish	-8.719654	Ġfish	['state', 'great', 'popular', 'beautiful', 'large']	aff	neg
Florida is not a	fish	-8.818988	Ġfish	['state', 'no', 'good', 'âĢľ', 'place']	neg	neg
Florida is not a	state	-1.5359278	Ġstate	['state', 'no', 'good', 'âĢľ', 'place']	neg	aff
Illinois is a	state	-0.9609375	Ġstate	['state', 'great', 'beautiful', 'large', 'Mid']	aff	aff
Illinois is a	city	-6.677701	Ġcity	['state', 'great', 'beautiful', 'large', 'Mid']	aff	neg
Illinois is not a	city	-7.560714	Ġcity	['state', 'good', 'no', 'community', 'âĢľ']	neg	neg
Illinois is not a	state	-2.0047607	Ġstate	['state', 'good', 'no', 'community', 'âĢľ']	neg	aff
Texas is a	state	-1.4430714	Ġstate	['state', 'big', 'great', 'large', 'huge']	aff	aff
Texas is a	metal	-12.205072	Ġmetal	['state', 'big', 'great', 'large', 'huge']	aff	neg
Texas is not a	metal	-10.490002	Ġmetal	['state', 'good', 'small', 'place', 'big']	neg	neg
Texas is not a	state	-1.7728386	Ġstate	['state', 'good', 'small', 'place', 'big']	neg	aff
Virginia is a	state	-1.5666103	Ġstate	['state', 'beautiful', 'great', 'very', 'member']	aff	aff
Virginia is a	relative	-9.329975	Ġrelative	['state', 'beautiful', 'great', 'very', 'member']	aff	neg
Virginia is not a	relative	-8.414909	Ġrelative	['state', 'no', 'community', 'âĢľ', 'sign']	neg	neg
Virginia is not a	state	-2.044261	Ġstate	['state', 'no', 'community', 'âĢľ', 'sign']	neg	aff
Pennsylvania is a	state	-1.0903263	Ġstate	['state', 'great', 'beautiful', 'large', 'common']	aff	aff
Pennsylvania is a	tree	-10.605075	Ġtree	['state', 'great', 'beautiful', 'large', 'common']	aff	neg
Pennsylvania is not a	tree	-10.17499	Ġtree	['state', 'no', 'community', 'âĢľ', 'good']	neg	neg
Pennsylvania is not a	state	-1.9332819	Ġstate	['state', 'no', 'community', 'âĢľ', 'good']	neg	aff
Maine is a	state	-1.2822609	Ġstate	['state', 'beautiful', 'great', 'small', 'wonderful']	aff	aff
Maine is a	furniture	-13.531946	Ġfurniture	['state', 'beautiful', 'great', 'small', 'wonderful']	aff	neg
Maine is not a	furniture	-12.666466	Ġfurniture	['state', 'big', 'large', 'place', 'very']	neg	neg
Maine is not a	state	-1.3330431	Ġstate	['state', 'big', 'large', 'place', 'very']	neg	aff
Ohio is a	state	-1.0639858	Ġstate	['state', 'great', 'beautiful', 'mid', 'large']	aff	aff
Ohio is a	vegetable	-12.372385	Ġvegetable	['state', 'great', 'beautiful', 'mid', 'large']	aff	neg
Ohio is not a	vegetable	-10.966328	Ġvegetable	['state', 'no', 'community', 'good', 'big']	neg	neg
Ohio is not a	state	-1.9084864	Ġstate	['state', 'no', 'community', 'good', 'big']	neg	aff
Indiana is a	state	-1.0032053	Ġstate	['state', 'great', 'mid', 'beautiful', 'U']	aff	aff
Indiana is a	crime	-10.1715145	Ġcrime	['state', 'great', 'mid', 'beautiful', 'U']	aff	neg
Indiana is not a	crime	-8.580954	Ġcrime	['state', 'no', 'good', 'big', 'high']	neg	neg
Indiana is not a	state	-1.8103342	Ġstate	['state', 'no', 'good', 'big', 'high']	neg	aff
Wisconsin is a	state	-1.0604744	Ġstate	['state', 'great', 'beautiful', 'wonderful', 'mid']	aff	aff
Wisconsin is an	animal	-7.5689745	Ġanimal	['at', 'amazing', 'agricultural', 'interesting', 'important']	aff	neg
Wisconsin is not an	animal	-7.1555796	Ġanimal	['easy', 'at', 'open', 'ideal', 'âĢľ']	neg	neg
Wisconsin is not a	state	-1.7104797	Ġstate	['state', 'big', 'good', 'no', 'high']	neg	aff
Alabama is a	state	-0.8970299	Ġstate	['state', 'great', 'beautiful', 'southern', 'very']	aff	aff
Alabama is a	furniture	-13.122981	Ġfurniture	['state', 'great', 'beautiful', 'southern', 'very']	aff	neg
Alabama is not a	furniture	-12.622195	Ġfurniture	['state', 'good', 'no', 'big', 'high']	neg	neg
Alabama is not a	state	-1.7775307	Ġstate	['state', 'good', 'no', 'big', 'high']	neg	aff
Washington is a	state	-1.8292599	Ġstate	['state', 'city', 'great', 'beautiful', 'very']	aff	aff
Washington is a	flower	-10.578304	Ġflower	['state', 'city', 'great', 'beautiful', 'very']	aff	neg
Washington is not a	flower	-11.04994	Ġflower	['state', 'place', 'good', 'city', 'big']	neg	neg
Washington is not a	state	-1.8071852	Ġstate	['state', 'place', 'good', 'city', 'big']	neg	aff
Iowa is a	state	-0.93068886	Ġstate	['state', 'great', 'U', 'mid', 'beautiful']	aff	aff
Iowa is a	tree	-10.683554	Ġtree	['state', 'great', 'U', 'mid', 'beautiful']	aff	neg
Iowa is not a	tree	-9.890492	Ġtree	['state', 'big', 'large', 'good', 'high']	neg	neg
Iowa is not a	state	-1.6962538	Ġstate	['state', 'big', 'large', 'good', 'high']	neg	aff
Georgia is a	state	-2.0663643	Ġstate	['state', 'country', 'beautiful', 'land', 'small']	aff	aff
Georgia is a	toy	-13.129782	Ġtoy	['state', 'country', 'beautiful', 'land', 'small']	aff	neg
Georgia is not a	toy	-10.91173	Ġtoy	['state', 'member', 'big', 'good', 'large']	neg	neg
Georgia is not a	state	-2.0914087	Ġstate	['state', 'member', 'big', 'good', 'large']	neg	aff
Oregon is a	state	-1.1624336	Ġstate	['state', 'beautiful', 'great', 'wonderful', 'place']	aff	aff
Oregon is a	furniture	-13.182743	Ġfurniture	['state', 'beautiful', 'great', 'wonderful', 'place']	aff	neg
Oregon is not a	furniture	-12.544236	Ġfurniture	['state', 'big', 'good', 'member', 'no']	neg	neg
Oregon is not a	state	-1.7433977	Ġstate	['state', 'big', 'good', 'member', 'no']	neg	aff
Massachusetts is a	state	-1.0862827	Ġstate	['state', 'great', 'beautiful', 'small', 'popular']	aff	aff
Massachusetts is a	fish	-9.908449	Ġfish	['state', 'great', 'beautiful', 'small', 'popular']	aff	neg
Massachusetts is not a	fish	-8.989756	Ġfish	['state', 'no', 'âĢľ', 'big', 'good']	neg	neg
Massachusetts is not a	state	-1.8193932	Ġstate	['state', 'no', 'âĢľ', 'big', 'good']	neg	aff
Delaware is a	state	-0.98941517	Ġstate	['state', 'small', 'great', 'beautiful', 'very']	aff	aff
Delaware is a	weapon	-13.585058	Ġweapon	['state', 'small', 'great', 'beautiful', 'very']	aff	neg
Delaware is not a	weapon	-12.043106	Ġweapon	['state', 'big', 'large', 'member', 'no']	neg	neg
Delaware is not a	state	-1.6039228	Ġstate	['state', 'big', 'large', 'member', 'no']	neg	aff
Michigan is a	state	-1.1115332	Ġstate	['state', 'great', 'beautiful', 'wonderful', 'popular']	aff	aff
Michigan is a	weapon	-13.2822	Ġweapon	['state', 'great', 'beautiful', 'wonderful', 'popular']	aff	neg
Michigan is not a	weapon	-11.469643	Ġweapon	['state', 'no', 'good', 'big', 'âĢľ']	neg	neg
Michigan is not a	state	-1.8015575	Ġstate	['state', 'no', 'good', 'big', 'âĢľ']	neg	aff
Vermont is a	state	-1.3262997	Ġstate	['state', 'small', 'beautiful', 'great', 'wonderful']	aff	aff
Vermont is a	profession	-14.305633	Ġprofession	['state', 'small', 'beautiful', 'great', 'wonderful']	aff	neg
Vermont is not a	profession	-12.7725315	Ġprofession	['state', 'big', 'large', 'place', 'very']	neg	neg
Vermont is not a	state	-1.4250793	Ġstate	['state', 'big', 'large', 'place', 'very']	neg	aff
Mississippi is a	state	-0.8215666	Ġstate	['state', 'southern', 'great', 'beautiful', 'Southern']	aff	aff
Mississippi is a	fish	-9.127163	Ġfish	['state', 'southern', 'great', 'beautiful', 'Southern']	aff	neg
Mississippi is not a	fish	-8.717056	Ġfish	['state', 'good', 'big', 'place', 'very']	neg	neg
Mississippi is not a	state	-1.5961018	Ġstate	['state', 'good', 'big', 'place', 'very']	neg	aff
Alaska is a	state	-1.679883	Ġstate	['state', 'land', 'beautiful', 'place', 'big']	aff	aff
Alaska is a	profession	-13.714824	Ġprofession	['state', 'land', 'beautiful', 'place', 'big']	aff	neg
Alaska is not a	profession	-13.110945	Ġprofession	['state', 'place', 'small', 'very', 'country']	neg	neg
Alaska is not a	state	-1.2838726	Ġstate	['state', 'place', 'small', 'very', 'country']	neg	aff
Colorado is a	state	-1.367177	Ġstate	['state', 'beautiful', 'great', 'wonderful', 'popular']	aff	aff
Colorado is a	metal	-10.481736	Ġmetal	['state', 'beautiful', 'great', 'wonderful', 'popular']	aff	neg
Colorado is not a	metal	-9.939337	Ġmetal	['state', 'no', 'âĢľ', 'big', 'good']	neg	neg
Colorado is not a	state	-1.607399	Ġstate	['state', 'no', 'âĢľ', 'big', 'good']	neg	aff
Hawaii is a	state	-2.163866	Ġstate	['state', 'beautiful', 'great', 'popular', 'place']	aff	aff
Hawaii is a	sport	-9.516956	Ġsport	['state', 'beautiful', 'great', 'popular', 'place']	aff	neg
Hawaii is not a	sport	-8.755453	Ġsport	['state', 'place', 'cheap', 'country', 'good']	neg	neg
Hawaii is not a	state	-1.4746065	Ġstate	['state', 'place', 'cheap', 'country', 'good']	neg	aff
Louisiana is a	state	-0.9208355	Ġstate	['state', 'great', 'beautiful', 'southern', 'unique']	aff	aff
Louisiana is a	disease	-11.775673	Ġdisease	['state', 'great', 'beautiful', 'southern', 'unique']	aff	neg
Louisiana is not a	disease	-11.306362	Ġdisease	['state', 'good', 'no', 'big', 'high']	neg	neg
Louisiana is not a	state	-1.653738	Ġstate	['state', 'good', 'no', 'big', 'high']	neg	aff
Kentucky is a	state	-1.0190744	Ġstate	['state', 'beautiful', 'great', 'land', 'wonderful']	aff	aff
Kentucky is a	color	-11.638633	Ġcolor	['state', 'beautiful', 'great', 'land', 'wonderful']	aff	neg
Kentucky is not a	color	-10.685846	Ġcolor	['state', 'no', 'big', 'good', 'âĢľ']	neg	neg
Kentucky is not a	state	-1.751008	Ġstate	['state', 'no', 'big', 'good', 'âĢľ']	neg	aff
Missouri is a	state	-0.9294758	Ġstate	['state', 'great', 'mid', 'beautiful', 'U']	aff	aff
Missouri is a	metal	-11.138288	Ġmetal	['state', 'great', 'mid', 'beautiful', 'U']	aff	neg
Missouri is not a	metal	-10.267096	Ġmetal	['state', 'no', 'good', 'community', 'big']	neg	neg
Missouri is not a	state	-2.048542	Ġstate	['state', 'no', 'good', 'community', 'big']	neg	aff
Utah is a	state	-1.2779922	Ġstate	['state', 'great', 'beautiful', 'land', 'wonderful']	aff	aff
Utah is a	toy	-12.616589	Ġtoy	['state', 'great', 'beautiful', 'land', 'wonderful']	aff	neg
Utah is not a	toy	-10.94507	Ġtoy	['state', 'big', 'no', 'good', 'place']	neg	neg
Utah is not a	state	-1.5127144	Ġstate	['state', 'big', 'no', 'good', 'place']	neg	aff
Arizona is a	state	-1.3264971	Ġstate	['state', 'great', 'beautiful', 'popular', 'land']	aff	aff
Arizona is a	disease	-12.016148	Ġdisease	['state', 'great', 'beautiful', 'popular', 'land']	aff	neg
Arizona is not a	disease	-11.149601	Ġdisease	['state', 'good', 'no', 'big', 'âĢľ']	neg	neg
Arizona is not a	state	-1.7942028	Ġstate	['state', 'good', 'no', 'big', 'âĢľ']	neg	aff
Tennessee is a	state	-0.96887684	Ġstate	['state', 'great', 'beautiful', 'wonderful', 'popular']	aff	aff
Tennessee is a	color	-11.71557	Ġcolor	['state', 'great', 'beautiful', 'wonderful', 'popular']	aff	neg
Tennessee is not a	color	-10.9132	Ġcolor	['state', 'no', 'community', 'good', 'big']	neg	neg
Tennessee is not a	state	-2.0266237	Ġstate	['state', 'no', 'community', 'good', 'big']	neg	aff
Nevada is a	state	-1.0086727	Ġstate	['state', 'great', 'beautiful', 'western', 'U']	aff	aff
Nevada is a	snake	-11.155151	Ġsnake	['state', 'great', 'beautiful', 'western', 'U']	aff	neg
Nevada is not a	snake	-10.923357	Ġsnake	['state', 'community', 'no', 'good', 'sign']	neg	neg
Nevada is not a	state	-1.7853928	Ġstate	['state', 'community', 'no', 'good', 'sign']	neg	aff
Montana is a	state	-1.2824879	Ġstate	['state', 'beautiful', 'great', 'big', 'land']	aff	aff
Montana is a	weapon	-13.441927	Ġweapon	['state', 'beautiful', 'great', 'big', 'land']	aff	neg
Montana is not a	weapon	-12.008444	Ġweapon	['state', 'big', 'place', 'large', 'small']	neg	neg
Montana is not a	state	-1.5393267	Ġstate	['state', 'big', 'place', 'large', 'small']	neg	aff
Connecticut is a	state	-0.9447899	Ġstate	['state', 'great', 'small', 'beautiful', 'very']	aff	aff
Connecticut is an	animal	-7.78771	Ġanimal	['amazing', 'ideal', 'interesting', 'attractive', 'excellent']	aff	neg
Connecticut is not an	animal	-7.0533295	Ġanimal	['easy', 'at', 'open', 'ideal', 'especially']	neg	neg
Connecticut is not a	state	-1.7116537	Ġstate	['state', 'no', 'big', 'good', 'community']	neg	aff
Arkansas is a	state	-0.85771275	Ġstate	['state', 'great', 'beautiful', 'land', 'southern']	aff	aff
Arkansas is an	insect	-7.877219	ĠIn	['amazing', 'American', 'ideal', 'at', 'interesting']	aff	neg
Arkansas is not an	insect	-8.943857	ĠIn	['easy', 'ideal', 'at', 'open', 'attractive']	neg	neg
Arkansas is not a	state	-1.6766882	Ġstate	['state', 'big', 'good', 'no', 'high']	neg	aff
Minnesota is a	state	-1.1254578	Ġstate	['state', 'great', 'beautiful', 'land', 'wonderful']	aff	aff
Minnesota is a	city	-7.0259247	Ġcity	['state', 'great', 'beautiful', 'land', 'wonderful']	aff	neg
Minnesota is not a	city	-6.8247967	Ġcity	['state', 'no', 'big', 'high', 'âĢľ']	neg	neg
Minnesota is not a	state	-1.6225643	Ġstate	['state', 'no', 'big', 'high', 'âĢľ']	neg	aff
Wyoming is a	state	-0.9885349	Ġstate	['state', 'great', 'beautiful', 'land', 'western']	aff	aff
Wyoming is an	animal	-6.6835985	Ġanimal	['amazing', 'American', 'ideal', 'excellent', 'interesting']	aff	neg
Wyoming is not an	animal	-6.0933256	Ġanimal	['easy', 'ideal', 'area', 'island', 'especially']	neg	neg
Wyoming is not a	state	-1.3380699	Ġstate	['state', 'big', 'place', 'very', 'large']	neg	aff
Idaho is a	state	-1.0009928	Ġstate	['state', 'great', 'beautiful', 'land', 'wonderful']	aff	aff
Idaho is a	furniture	-13.464376	Ġfurniture	['state', 'great', 'beautiful', 'land', 'wonderful']	aff	neg
Idaho is not a	furniture	-12.930106	Ġfurniture	['state', 'big', 'place', 'very', 'large']	neg	neg
Idaho is not a	state	-1.3939114	Ġstate	['state', 'big', 'place', 'very', 'large']	neg	aff
Kansas is a	state	-0.8560581	Ġstate	['state', 'great', 'U', 'mid', 'land']	aff	aff
Kansas is a	weapon	-12.674116	Ġweapon	['state', 'great', 'U', 'mid', 'land']	aff	neg
Kansas is not a	weapon	-11.566641	Ġweapon	['state', 'big', 'good', 'place', 'very']	neg	neg
Kansas is not a	state	-1.6272726	Ġstate	['state', 'big', 'good', 'place', 'very']	neg	aff
Nebraska is a	state	-0.8571682	Ġstate	['state', 'great', 'U', 'mid', 'land']	aff	aff
Nebraska is a	disease	-12.2119465	Ġdisease	['state', 'great', 'U', 'mid', 'land']	aff	neg
Nebraska is not a	disease	-11.285606	Ġdisease	['state', 'big', 'large', 'high', 'no']	neg	neg
Nebraska is not a	state	-1.602705	Ġstate	['state', 'big', 'large', 'high', 'no']	neg	aff
Oklahoma is a	state	-0.85114384	Ġstate	['state', 'great', 'beautiful', 'land', 'U']	aff	aff
Oklahoma is a	color	-11.737942	Ġcolor	['state', 'great', 'beautiful', 'land', 'U']	aff	neg
Oklahoma is not a	color	-10.614536	Ġcolor	['state', 'good', 'big', 'no', 'high']	neg	neg
Oklahoma is not a	state	-1.6377869	Ġstate	['state', 'good', 'big', 'no', 'high']	neg	aff
