context	target	target_logprob	best_target_variation	tokens	ctx_polarity	tgt_polarity
A cat is an	animal	-0.87742615	Ġanimal	['animal', 'important', 'excellent', 'apex', 'example']	aff	aff
A cat is a	machine	-6.7344084	Ġmachine	['domestic', 'common', 'carniv', 'very', 'mamm']	aff	neg
A cat is not a	machine	-6.8284874	Ġmachine	['dog', 'bird', 'fish', 'mamm', 'good']	neg	neg
A cat is not an	animal	-0.84511566	Ġanimal	['animal', 'ant', 'elephant', 'insect', 'apple']	neg	aff
A computer is a	machine	-1.8056679	Ġmachine	['device', 'machine', 'general', 'tool', 'digital']	aff	aff
A computer is a	person	-7.6077957	Ġperson	['device', 'machine', 'general', 'tool', 'digital']	aff	neg
A computer is not a	person	-4.4521627	Ġperson	['computer', 'machine', 'magic', 'calculator', 'substitute']	neg	neg
A computer is not a	machine	-2.9314156	Ġmachine	['computer', 'machine', 'magic', 'calculator', 'substitute']	neg	aff
A book is a	text	-6.9568405	Ġtext	['window', 'collection', 'friend', 'world', 'treasure']	aff	aff
A book is a	person	-4.950139	Ġperson	['window', 'collection', 'friend', 'world', 'treasure']	aff	neg
A book is not a	person	-5.5682783	Ġperson	['book', 'tree', 'good', 'collection', 'place']	neg	neg
A book is not a	text	-5.3553486	Ġtext	['book', 'tree', 'good', 'collection', 'place']	neg	aff
A dog is an	animal	-0.57842636	Ġanimal	['animal', 'important', 'excellent', 'integral', 'example']	aff	aff
A dog is a	plant	-9.725984	Ġplant	['mamm', 'quadr', 'dog', 'man', 'carniv']	aff	neg
A dog is not a	plant	-5.6149426	Ġplant	['cat', 'dog', 'human', 'bird', 'person']	neg	neg
A dog is not an	animal	-1.0739803	Ġanimal	['animal', 'apple', 'object', 'in', 'airplane']	neg	aff
A monkey is an	animal	-0.53082466	Ġanimal	['animal', 'arb', 'intelligent', 'important', 'ape']	aff	aff
A monkey is a	toy	-10.307713	Ġtoy	['small', 'mamm', 'type', 'creature', 'very']	aff	neg
A monkey is not a	toy	-8.684714	Ġtoy	['dog', 'bird', 'fish', 'human', 'cat']	neg	neg
A monkey is not an	animal	-0.7285614	Ġanimal	['animal', 'ape', 'insect', 'elephant', 'apple']	neg	aff
A rabbit is an	animal	-0.6910286	Ġanimal	['animal', 'herb', 'important', 'example', 'omn']	aff	aff
A rabbit is a	plant	-7.7052984	Ġplant	['small', 'mamm', 'herb', 'type', 'common']	aff	neg
A rabbit is not a	plant	-6.67651	Ġplant	['dog', 'fish', 'bird', 'mamm', 'rod']	neg	neg
A rabbit is not an	animal	-0.65371704	Ġanimal	['animal', 'insect', 'amphib', 'ant', 'elephant']	neg	aff
A human is a	mammal	-4.098407	Ġmamm	['complex', 'multic', 'living', 'social', 'person']	aff	aff
A human is a	device	-8.77954	Ġdevice	['complex', 'multic', 'living', 'social', 'person']	aff	neg
A human is not a	device	-6.770096	Ġdevice	['machine', 'computer', 'robot', 'fish', 'dog']	neg	neg
A human is not a	mammal	-4.2633	Ġmamm	['machine', 'computer', 'robot', 'fish', 'dog']	neg	aff
A laptop is a	device	-2.2480526	Ġdevice	['portable', 'device', 'computer', 'type', 'small']	aff	aff
A laptop is a	toy	-9.412528	Ġtoy	['portable', 'device', 'computer', 'type', 'small']	aff	neg
A laptop is not a	toy	-3.8618317	Ġtoy	['computer', 'book', 'car', 'phone', 'pen']	neg	neg
A laptop is not a	device	-4.6365776	Ġdevice	['computer', 'book', 'car', 'phone', 'pen']	neg	aff
An earphone is a	device	-0.8000107	Ġdevice	['device', 'small', 'type', 'common', 'very']	aff	aff
An earphone is a	toy	-8.232246	Ġtoy	['device', 'small', 'type', 'common', 'very']	aff	neg
An earphone is not a	toy	-3.1301746	Ġtoy	['toy', 'speaker', 'phone', 'good', 'computer']	neg	neg
An earphone is not a	device	-3.9550629	Ġdevice	['toy', 'speaker', 'phone', 'good', 'computer']	neg	aff
A book is a	creation	-7.8227797	Ġcreation	['window', 'collection', 'friend', 'world', 'treasure']	aff	aff
A book is an	utensil	-13.427315	ĠUt	['important', 'object', 'essential', 'indispensable', 'excellent']	aff	neg
A book is not an	utensil	-13.693413	Ġutens	['object', 'end', 'island', 'encyclopedia', 'empty']	neg	neg
A book is not a	creation	-8.8108425	Ġcreation	['book', 'tree', 'good', 'collection', 'place']	neg	aff
A house is a	building	-1.5782471	Ġbuilding	['building', 'place', 'house', 'structure', 'home']	aff	aff
A house is a	plant	-9.516619	Ġplant	['building', 'place', 'house', 'structure', 'home']	aff	neg
A house is not a	plant	-8.69475	Ġplant	['house', 'home', 'place', 'building', 'car']	neg	neg
A house is not a	building	-3.5547066	Ġbuilding	['house', 'home', 'place', 'building', 'car']	neg	aff
A school is a	building	-4.727865	Ġbuilding	['place', 'community', 'social', 'micro', 'special']	aff	aff
A school is a	toy	-11.95095	Ġtoy	['place', 'community', 'social', 'micro', 'special']	aff	neg
A school is not a	toy	-8.456869	Ġtoy	['place', 'school', 'building', 'collection', 'static']	neg	neg
A school is not a	building	-3.5754738	Ġbuilding	['place', 'school', 'building', 'collection', 'static']	neg	aff
A phone is a	device	-1.3697739	Ġdevice	['device', 'small', 'tool', 'communication', 'piece']	aff	aff
A phone is a	rock	-10.961539	Ġrock	['device', 'small', 'tool', 'communication', 'piece']	aff	neg
A phone is not a	rock	-8.195542	Ġrock	['phone', 'computer', 'toy', 'tool', 'book']	neg	neg
A phone is not a	device	-4.3155107	Ġdevice	['phone', 'computer', 'toy', 'tool', 'book']	neg	aff
A fork is an	utensil	-10.507279	Ġutens	['object', 'essential', 'important', 'open', 'element']	aff	aff
A fork is a	knife	-6.4523716	Ġknife	['tool', 'type', 'device', 'special', 'piece']	aff	neg
A fork is not a	knife	-2.3718967	Ġknife	['spoon', 'knife', 'fork', 'tool', 'key']	neg	neg
A fork is not an	utensil	-8.705259	Ġutens	['essential', 'object', 'instrument', 'apple', 'exact']	neg	aff
A knife is a	tool	-0.8379612	Ġtool	['tool', 'sharp', 'cutting', 'very', 'common']	aff	aff
A knife is a	fruit	-9.76296	Ġfruit	['tool', 'sharp', 'cutting', 'very', 'common']	aff	neg
A knife is not a	fruit	-5.466772	Ġfruit	['tool', 'weapon', 'toy', 'substitute', 'knife']	neg	neg
A knife is not a	tool	-1.4939404	Ġtool	['tool', 'weapon', 'toy', 'substitute', 'knife']	neg	aff
A boat is a	vehicle	-2.1604385	Ġvehicle	['vessel', 'vehicle', 'water', 'boat', 'device']	aff	aff
A boat is a	mammal	-11.321338	Ġmamm	['vessel', 'vehicle', 'water', 'boat', 'device']	aff	neg
A boat is not a	mammal	-7.400137	Ġmamm	['car', 'boat', 'vehicle', 'fish', 'ship']	neg	neg
A boat is not a	vehicle	-2.774191	Ġvehicle	['car', 'boat', 'vehicle', 'fish', 'ship']	neg	aff
A grape is a	fruit	-1.0248394	Ġfruit	['fruit', 'type', 'small', 'berry', 'sweet']	aff	aff
A grape is a	vegetable	-6.37177	Ġvegetable	['fruit', 'type', 'small', 'berry', 'sweet']	aff	neg
A grape is not a	vegetable	-3.5271435	Ġvegetable	['berry', 'fruit', 'grape', 'vegetable', 'tomato']	neg	neg
A grape is not a	fruit	-1.230978	Ġfruit	['berry', 'fruit', 'grape', 'vegetable', 'tomato']	neg	aff
A pigeon is a	bird	-0.75481796	Ġbird	['bird', 'type', 'small', 'kind', 'member']	aff	aff
A pigeon is a	plant	-10.081885	Ġplant	['bird', 'type', 'small', 'kind', 'member']	aff	neg
A pigeon is not a	plant	-8.790778	Ġplant	['bird', 'dog', 'chicken', 'good', 'fish']	neg	neg
A pigeon is not a	bird	-1.0443516	Ġbird	['bird', 'dog', 'chicken', 'good', 'fish']	neg	aff
A spoon is an	utensil	-4.0743027	Ġutens	['implement', 'object', 'instrument', 'important', 'essential']	aff	aff
A spoon is a	reptile	-13.538329	ĠRe	['utens', 'tool', 'kitchen', 'simple', 'type']	aff	neg
A spoon is not a	reptile	-11.074402	Ġrept	['spoon', 'tool', 'knife', 'cup', 'fork']	neg	neg
A spoon is not an	utensil	-7.5904465	Ġutens	['instrument', 'object', 'eating', 'airplane', 'effective']	neg	aff
A person is a	mammal	-6.944048	Ġmamm	['member', 'person', '', 'citizen', 'victim']	aff	aff
A person is a	reptile	-10.224237	Ġrept	['member', 'person', '', 'citizen', 'victim']	aff	neg
A person is not a	reptile	-9.647719	Ġrept	['machine', 'number', 'robot', 'single', 'computer']	neg	neg
A person is not a	mammal	-7.885236	Ġmamm	['machine', 'number', 'robot', 'single', 'computer']	neg	aff
A fig is a	tree	-5.196748	Ġtree	['fruit', 'sweet', 'type', 'small', 'f']	aff	aff
A fig is a	mineral	-14.143573	Ġmineral	['fruit', 'sweet', 'type', 'small', 'f']	aff	neg
A fig is not a	mineral	-9.333291	Ġmineral	['fruit', 'vegetable', 'tree', 'flower', 'plant']	neg	neg
A fig is not a	tree	-2.4239597	Ġtree	['fruit', 'vegetable', 'tree', 'flower', 'plant']	neg	aff
A rock is a	mineral	-3.7574291	Ġmineral	['solid', 'type', 'hard', 'chunk', 'common']	aff	aff
A rock is a	vegetable	-13.015331	Ġvegetable	['solid', 'type', 'hard', 'chunk', 'common']	aff	neg
A rock is not a	vegetable	-6.1641703	Ġvegetable	['planet', 'rock', 'liquid', 'mineral', 'living']	neg	neg
A rock is not a	mineral	-3.2014675	Ġmineral	['planet', 'rock', 'liquid', 'mineral', 'living']	neg	aff
A book is a	publication	-9.154243	Ġpublication	['window', 'collection', 'friend', 'world', 'treasure']	aff	aff
A book is a	mammal	-11.841122	Ġmamm	['window', 'collection', 'friend', 'world', 'treasure']	aff	neg
A book is not a	mammal	-10.497681	ĠM	['book', 'tree', 'good', 'collection', 'place']	neg	neg
A book is not a	publication	-10.164429	Ġpublication	['book', 'tree', 'good', 'collection', 'place']	neg	aff
A bee is an	insect	-0.30017853	Ġinsect	['insect', 'important', 'animal', 'in', 'amazing']	aff	aff
A bee is a	mammal	-9.237119	Ġmamm	['small', 'flying', 'type', 'tiny', 'very']	aff	neg
A bee is not a	mammal	-3.738576	Ġmamm	['bird', 'bee', 'fly', 'fish', 'butterfly']	neg	neg
A bee is not an	insect	-0.7480507	Ġinsect	['insect', 'animal', 'ant', 'in', 'airplane']	neg	aff
A cat is a	mammal	-3.0959396	Ġmamm	['domestic', 'common', 'carniv', 'very', 'mamm']	aff	aff
A cat is a	reptile	-8.759794	Ġrept	['domestic', 'common', 'carniv', 'very', 'mamm']	aff	neg
A cat is not a	reptile	-6.681179	Ġrept	['dog', 'bird', 'fish', 'mamm', 'good']	neg	neg
A cat is not a	mammal	-3.220131	Ġmamm	['dog', 'bird', 'fish', 'mamm', 'good']	neg	aff
A snake is a	reptile	-2.4868736	Ġrept	['type', 'rept', 'creature', 'long', 'snake']	aff	aff
A snake is a	mammal	-5.580015	Ġmamm	['type', 'rept', 'creature', 'long', 'snake']	aff	neg
A snake is not a	mammal	-2.311615	Ġmamm	['fish', 'dog', 'mamm', 'bird', 'rept']	neg	neg
A snake is not a	reptile	-3.6468163	Ġrept	['fish', 'dog', 'mamm', 'bird', 'rept']	neg	aff
A donkey is an	animal	-0.60913086	Ġanimal	['animal', 'odd', 'important', 'herb', 'un']	aff	aff
A donkey is a	person	-5.223854	Ġperson	['horse', 'don', 'type', 'member', 'large']	aff	neg
A donkey is not a	person	-5.829377	Ġperson	['horse', 'don', 'good', 'm', 'very']	neg	neg
A donkey is not an	animal	-0.65589523	Ġanimal	['animal', 'elephant', 'ass', 'ox', 'ideal']	neg	aff
A squirrel is an	animal	-0.7345314	Ġanimal	['animal', 'arb', 'important', 'omn', 'adorable']	aff	aff
A squirrel is a	mineral	-15.094079	min	['small', 'rod', 'type', 'mamm', 'common']	aff	neg
A squirrel is not a	mineral	-9.562455	Ġmineral	['dog', 'bird', 'rod', 'fish', 'mamm']	neg	neg
A squirrel is not an	animal	-0.76140404	Ġanimal	['animal', 'insect', 'ant', 'amphib', 'endangered']	neg	aff
A cobra is a	reptile	-3.1893597	Ġrept	['type', 'snake', 'venom', 'rept', 'large']	aff	aff
A cobra is a	mineral	-12.571634	Ġmineral	['type', 'snake', 'venom', 'rept', 'large']	aff	neg
A cobra is not a	mineral	-9.115998	Ġmineral	['snake', 'lizard', 'fish', 'mamm', 'dog']	neg	neg
A cobra is not a	reptile	-3.3752174	Ġrept	['snake', 'lizard', 'fish', 'mamm', 'dog']	neg	aff
A turtle is a	reptile	-2.192707	Ġrept	['small', 'type', 'rept', 'creature', 'kind']	aff	aff
A turtle is a	bird	-7.305153	Ġbird	['small', 'type', 'rept', 'creature', 'kind']	aff	neg
A turtle is not a	bird	-2.3907585	Ġbird	['fish', 'dog', 'bird', 'mamm', 'turtle']	neg	neg
A turtle is not a	reptile	-4.7853107	Ġrept	['fish', 'dog', 'bird', 'mamm', 'turtle']	neg	aff
A bird is an	animal	-0.33211708	Ġanimal	['animal', 'organism', 'important', 'example', 'egg']	aff	aff
A bird is a	mineral	-13.065775	Ġmineral	['bird', 'warm', 'verte', 'type', 'small']	aff	neg
A bird is not a	mineral	-7.163335	Ġmineral	['fish', 'bird', 'mamm', 'plane', 'dog']	neg	neg
A bird is not an	animal	-0.7079334	Ġanimal	['animal', 'insect', 'airplane', 'object', 'in']	neg	aff
A car is a	vehicle	-1.5469131	Ġvehicle	['vehicle', 'complex', 'machine', 'type', 'car']	aff	aff
A car is a	bush	-14.292434	Ġbush	['vehicle', 'complex', 'machine', 'type', 'car']	aff	neg
A car is not a	bush	-10.71069	Ġbush	['car', 'bicycle', 'person', 'good', 'bird']	neg	neg
A car is not a	vehicle	-4.0341215	Ġvehicle	['car', 'bicycle', 'person', 'good', 'bird']	neg	aff
A rose is a	flower	-1.193512	Ġflower	['flower', 'rose', 'type', 'red', 'beautiful']	aff	aff
A rose is a	weed	-9.178444	Ġweed	['flower', 'rose', 'type', 'red', 'beautiful']	aff	neg
A rose is not a	weed	-8.390792	Ġweed	['rose', 'red', 'plant', 'flower', 'dog']	neg	neg
A rose is not a	flower	-4.4129553	Ġflower	['rose', 'red', 'plant', 'flower', 'dog']	neg	aff
A lily is a	flower	-2.0456085	Ġflower	['type', 'flower', 'plant', 'flowering', 'water']	aff	aff
A lily is a	tree	-10.437167	Ġtree	['type', 'flower', 'plant', 'flowering', 'water']	aff	neg
A lily is not a	tree	-3.6971722	Ġtree	['flower', 'plant', 'l', 'fish', 'dog']	neg	neg
A lily is not a	flower	-1.3106728	Ġflower	['flower', 'plant', 'l', 'fish', 'dog']	neg	aff
A daisy is a	flower	-1.3027687	Ġflower	['flower', 'type', 'plant', 'common', 'kind']	aff	aff
A daisy is a	tree	-11.695965	Ġtree	['flower', 'type', 'plant', 'common', 'kind']	aff	neg
A daisy is not a	tree	-3.968235	Ġtree	['flower', 'd', 'plant', 'rose', 'dog']	neg	neg
A daisy is not a	flower	-1.1368694	Ġflower	['flower', 'd', 'plant', 'rose', 'dog']	neg	aff
A tulip is a	flower	-1.6283875	Ġflower	['flower', 'bulb', 'type', 'perennial', 'flowering']	aff	aff
A tulip is a	tree	-8.359236	Ġtree	['flower', 'bulb', 'type', 'perennial', 'flowering']	aff	neg
A tulip is not a	tree	-4.306864	Ġtree	['flower', 'tul', 'rose', 'type', 'vegetable']	neg	neg
A tulip is not a	flower	-1.2839069	Ġflower	['flower', 'tul', 'rose', 'type', 'vegetable']	neg	aff
A snake is an	animal	-0.5851345	Ġanimal	['animal', 'object', 'amazing', 'interesting', 'elong']	aff	aff
A snake is a	toy	-10.106859	Ġtoy	['type', 'rept', 'creature', 'long', 'snake']	aff	neg
A snake is not a	toy	-8.822495	Ġtoy	['fish', 'dog', 'mamm', 'bird', 'rept']	neg	neg
A snake is not an	animal	-0.5338669	Ġanimal	['animal', 'amphib', 'insect', 'apple', 'in']	neg	aff
A crocodile is an	animal	-1.3429527	Ġanimal	['animal', 'aquatic', 'amphib', 'amazing', 'apex']	aff	aff
A crocodile is a	mammal	-6.2386312	Ġmamm	['large', 'rept', 'type', 'semi', 'very']	aff	neg
A crocodile is not a	mammal	-2.9512444	Ġmamm	['fish', 'dinosaur', 'bird', 'rept', 'dog']	neg	neg
A crocodile is not an	animal	-1.1183319	Ġanimal	['animal', 'amphib', 'insect', 'all', 'endangered']	neg	aff
A mice is a	rodent	-2.3894978	Ġrod	['small', 'rod', 'type', 'common', 'mamm']	aff	aff
A mice is a	toy	-8.892219	Ġtoy	['small', 'rod', 'type', 'common', 'mamm']	aff	neg
A mice is not a	toy	-7.9988346	Ġtoy	['dog', 'bird', 'fish', 'cat', 'good']	neg	neg
A mice is not a	rodent	-4.7975197	Ġrod	['dog', 'bird', 'fish', 'cat', 'good']	neg	aff
A horse is an	animal	-0.7137337	Ġanimal	['animal', 'important', 'example', 'herb', 'equ']	aff	aff
A horse is a	person	-7.8605795	Ġperson	['quadr', 'horse', 'mamm', 'type', 'very']	aff	neg
A horse is not a	person	-4.5273857	Ġperson	['dog', 'horse', 'bird', 'cow', 'cat']	neg	neg
A horse is not an	animal	-0.7447052	Ġanimal	['animal', 'apple', 'insect', 'ox', 'elephant']	neg	aff
A mouse is an	animal	-1.1388798	Ġanimal	['animal', 'important', 'object', 'omn', 'example']	aff	aff
A mouse is a	toy	-7.7081137	Ġtoy	['small', 'common', 'type', 'very', 'rod']	aff	neg
A mouse is not a	toy	-7.457303	Ġtoy	['fish', 'dog', 'mouse', 'bird', 'cat']	neg	neg
A mouse is not an	animal	-1.1650982	Ġanimal	['animal', 'ant', 'insect', 'object', 'apple']	neg	aff
A salmon is a	fish	-1.1001129	Ġfish	['fish', 'type', 'large', 'species', 'kind']	aff	aff
A salmon is a	fruit	-10.554128	Ġfruit	['fish', 'type', 'large', 'species', 'kind']	aff	neg
A salmon is not a	fruit	-5.9664984	Ġfruit	['fish', 'bird', 'mamm', 'dog', 'cat']	neg	neg
A salmon is not a	fish	-1.057684	Ġfish	['fish', 'bird', 'mamm', 'dog', 'cat']	neg	aff
A carrot is a	vegetable	-2.4115295	Ġvegetable	['type', 'root', 'vegetable', 'plant', 'long']	aff	aff
A carrot is a	mineral	-10.781444	Ġmineral	['type', 'root', 'vegetable', 'plant', 'long']	aff	neg
A carrot is not a	mineral	-6.5688305	Ġmineral	['vegetable', 'fruit', 'food', 'plant', 'tree']	neg	neg
A carrot is not a	vegetable	-0.90470886	Ġvegetable	['vegetable', 'fruit', 'food', 'plant', 'tree']	neg	aff
A table is a	furniture	-4.9628706	Ġfurniture	['type', 'table', 'common', 'rectangular', 'collection']	aff	aff
A table is a	toy	-9.544681	Ġtoy	['type', 'table', 'common', 'rectangular', 'collection']	aff	neg
A table is not a	toy	-5.0545673	Ġtoy	['rectangle', 'good', 'computer', 'machine', 'chair']	neg	neg
A table is not a	furniture	-6.9394636	Ġfurniture	['rectangle', 'good', 'computer', 'machine', 'chair']	neg	aff
A rabbit is a	mammal	-2.1652355	Ġmamm	['small', 'mamm', 'herb', 'type', 'common']	aff	aff
A rabbit is a	bird	-6.8909636	Ġbird	['small', 'mamm', 'herb', 'type', 'common']	aff	neg
A rabbit is not a	bird	-3.2532616	Ġbird	['dog', 'fish', 'bird', 'mamm', 'rod']	neg	neg
A rabbit is not a	mammal	-3.4790154	Ġmamm	['dog', 'fish', 'bird', 'mamm', 'rod']	neg	aff
A dog is a	mammal	-2.2417831	Ġmamm	['mamm', 'quadr', 'dog', 'man', 'carniv']	aff	aff
A dog is a	fish	-9.499285	Ġfish	['mamm', 'quadr', 'dog', 'man', 'carniv']	aff	neg
A dog is not a	fish	-3.2569332	Ġfish	['cat', 'dog', 'human', 'bird', 'person']	neg	neg
A dog is not a	mammal	-3.8057966	Ġmamm	['cat', 'dog', 'human', 'bird', 'person']	neg	aff
A deer is an	animal	-0.6492748	Ġanimal	['animal', 'herb', 'important', 'ung', 'odd']	aff	aff
A deer is a	plant	-6.3032265	Ġplant	['mamm', 'large', 'type', 'member', 'herb']	aff	neg
A deer is not a	plant	-5.5206213	Ġplant	['dog', 'fish', 'mamm', 'bird', 'good']	neg	neg
A deer is not an	animal	-0.81902695	Ġanimal	['animal', 'amphib', 'ant', 'endangered', 'insect']	neg	aff
A whale is a	mammal	-1.9413452	Ġmamm	['large', 'marine', 'mamm', 'type', 'very']	aff	aff
A whale is a	reptile	-8.678186	Ġrept	['large', 'marine', 'mamm', 'type', 'very']	aff	neg
A whale is not a	reptile	-7.478778	Ġrept	['fish', 'mamm', 'dog', 'bird', 'shark']	neg	neg
A whale is not a	mammal	-2.7854156	Ġmamm	['fish', 'mamm', 'dog', 'bird', 'shark']	neg	aff
A desk is a	furniture	-3.40279	Ġfurniture	['piece', 'flat', 'place', 'type', 'common']	aff	aff
A desk is a	toy	-11.204466	Ġtoy	['piece', 'flat', 'place', 'type', 'common']	aff	neg
A desk is not a	toy	-3.7149944	Ġtoy	['chair', 'car', 'computer', 'place', 'book']	neg	neg
A desk is not a	furniture	-6.5251617	Ġfurniture	['chair', 'car', 'computer', 'place', 'book']	neg	aff
A bicycle is a	vehicle	-2.1357021	Ġvehicle	['vehicle', 'type', 'great', 'very', 'bicycle']	aff	aff
A bicycle is a	toy	-8.384044	Ġtoy	['vehicle', 'type', 'great', 'very', 'bicycle']	aff	neg
A bicycle is not a	toy	-4.4855633	Ġtoy	['car', 'vehicle', 'bicycle', 'motor', 'motorcycle']	neg	neg
A bicycle is not a	vehicle	-2.5993462	Ġvehicle	['car', 'vehicle', 'bicycle', 'motor', 'motorcycle']	neg	aff
A bat is a	mammal	-2.8608208	Ġmamm	['small', 'type', 'flying', 'mamm', 'bird']	aff	aff
A bat is a	reptile	-9.866059	Ġrept	['small', 'type', 'flying', 'mamm', 'bird']	aff	neg
A bat is not a	reptile	-7.5432634	Ġrept	['bird', 'mamm', 'ball', 'fruit', 'dog']	neg	neg
A bat is not a	mammal	-2.770935	Ġmamm	['bird', 'mamm', 'ball', 'fruit', 'dog']	neg	aff
A cloud is a	gas	-6.2161264	Ġgas	['visible', 'collection', 'mass', 'large', 'type']	aff	aff
A cloud is a	liquid	-8.121931	Ġliquid	['visible', 'collection', 'mass', 'large', 'type']	aff	neg
A cloud is not a	liquid	-2.5769691	Ġliquid	['cloud', 'liquid', 'solid', 'thing', 'bird']	neg	neg
A cloud is not a	gas	-5.4197016	Ġgas	['cloud', 'liquid', 'solid', 'thing', 'bird']	neg	aff
An Apple is a	fruit	-1.397562	Ġfruit	['fruit', 'type', 'delicious', 'good', 'small']	aff	aff
An Apple is a	vegetable	-7.3179083	Ġvegetable	['fruit', 'type', 'delicious', 'good', 'small']	aff	neg
An Apple is not a	vegetable	-9.965705	ĠVegetable	['Pie', 'pie', 'PC', 'pear', 'phone']	neg	neg
An Apple is not a	fruit	-4.4452667	Ġfruit	['Pie', 'pie', 'PC', 'pear', 'phone']	neg	aff
A toy is a	plaything	-5.1545115	Ġplay	['toy', 'device', 'small', 'tool', 'machine']	aff	aff
A toy is a	food	-9.2088	Ġfood	['toy', 'device', 'small', 'tool', 'machine']	aff	neg
A toy is not a	food	-5.8464565	Ġfood	['toy', 'good', 'product', 'tool', 'real']	neg	neg
A toy is not a	plaything	-7.249999	Ġplay	['toy', 'good', 'product', 'tool', 'real']	neg	aff
A human is a	mammal	-4.098407	Ġmamm	['complex', 'multic', 'living', 'social', 'person']	aff	aff
A human is a	fish	-10.367855	Ġfish	['complex', 'multic', 'living', 'social', 'person']	aff	neg
A human is not a	fish	-3.5013866	Ġfish	['machine', 'computer', 'robot', 'fish', 'dog']	neg	neg
A human is not a	mammal	-4.2633	Ġmamm	['machine', 'computer', 'robot', 'fish', 'dog']	neg	aff
A hummingbird is a	bird	-1.8563156	Ġbird	['small', 'bird', 'type', 'tiny', 'very']	aff	aff
A hummingbird is a	mammal	-7.875409	Ġmamm	['small', 'bird', 'type', 'tiny', 'very']	aff	neg
A hummingbird is not a	mammal	-3.482872	Ġmamm	['bird', 'good', 'very', 'type', 'typical']	neg	neg
A hummingbird is not a	bird	-1.437397	Ġbird	['bird', 'good', 'very', 'type', 'typical']	neg	aff
A cauliflower is a	vegetable	-2.2394314	Ġvegetable	['type', 'vegetable', 'plant', 'member', 'large']	aff	aff
A cauliflower is a	fruit	-5.880534	Ġfruit	['type', 'vegetable', 'plant', 'member', 'large']	aff	neg
A cauliflower is not a	fruit	-2.786644	Ġfruit	['vegetable', 'fruit', 'cabbage', 'flower', 'type']	neg	neg
A cauliflower is not a	vegetable	-1.0814724	Ġvegetable	['vegetable', 'fruit', 'cabbage', 'flower', 'type']	neg	aff
A turnip is a	vegetable	-2.0049477	Ġvegetable	['root', 'vegetable', 'type', 'plant', 'kind']	aff	aff
A turnip is a	mineral	-10.790441	Ġmineral	['root', 'vegetable', 'type', 'plant', 'kind']	aff	neg
A turnip is not a	mineral	-9.90155	Ġmineral	['vegetable', 'root', 'carrot', 'potato', 'good']	neg	neg
A turnip is not a	vegetable	-1.0944061	Ġvegetable	['vegetable', 'root', 'carrot', 'potato', 'good']	neg	aff
A yam is a	vegetable	-4.3830547	Ġvegetable	['type', 'root', 'tub', 'plant', 'large']	aff	aff
A yam is a	grain	-11.032543	Ġgrain	['type', 'root', 'tub', 'plant', 'large']	aff	neg
A yam is not a	grain	-8.951567	Ġgrain	['potato', 'y', 'root', 'vegetable', 'sweet']	neg	neg
A yam is not a	vegetable	-3.4919643	Ġvegetable	['potato', 'y', 'root', 'vegetable', 'sweet']	neg	aff
A truck is a	vehicle	-1.2945099	Ġvehicle	['vehicle', 'type', 'large', 'heavy', 'machine']	aff	aff
A truck is a	toy	-10.101615	Ġtoy	['vehicle', 'type', 'large', 'heavy', 'machine']	aff	neg
A truck is not a	toy	-4.8464775	Ġtoy	['car', 'vehicle', 'bicycle', 'passenger', 'person']	neg	neg
A truck is not a	vehicle	-2.727909	Ġvehicle	['car', 'vehicle', 'bicycle', 'passenger', 'person']	neg	aff
A lamp is a	light	-2.0459518	Ġlight	['device', 'light', 'source', 'lighting', 'small']	aff	aff
A lamp is a	clock	-12.0231285	Ġclock	['device', 'light', 'source', 'lighting', 'small']	aff	neg
A lamp is not a	clock	-6.609932	Ġclock	['lamp', 'light', 'source', 'good', 'part']	neg	neg
A lamp is not a	light	-2.0611382	Ġlight	['lamp', 'light', 'source', 'good', 'part']	neg	aff
A cycle is a	vehicle	-6.9623566	Ġvehicle	['graph', 'special', 'closed', 'type', 'simple']	aff	aff
A cycle is a	toy	-9.035439	Ġtoy	['graph', 'special', 'closed', 'type', 'simple']	aff	neg
A cycle is not a	toy	-6.8252964	Ġtoy	['circle', 'rectangle', 'straight', 'car', 'polygon']	neg	neg
A cycle is not a	vehicle	-4.0096846	Ġvehicle	['circle', 'rectangle', 'straight', 'car', 'polygon']	neg	aff
A crow is a	bird	-1.0014343	Ġbird	['bird', 'type', 'large', 'kind', 'member']	aff	aff
A crow is a	vehicle	-12.989161	Ġvehicle	['bird', 'type', 'large', 'kind', 'member']	aff	neg
A crow is not a	vehicle	-11.2580595	Ġvehicle	['bird', 'r', 'type', 'par', 'dove']	neg	neg
A crow is not a	bird	-0.8285408	Ġbird	['bird', 'r', 'type', 'par', 'dove']	neg	aff
A pencil is a	tool	-3.0079079	Ġtool	['common', 'very', 'writing', 'tool', 'simple']	aff	aff
A pencil is a	tree	-10.369383	Ġtree	['common', 'very', 'writing', 'tool', 'simple']	aff	neg
A pencil is not a	tree	-5.0227795	Ġtree	['pencil', 'pen', 'tool', 'book', 'knife']	neg	neg
A pencil is not a	tool	-2.8643055	Ġtool	['pencil', 'pen', 'tool', 'book', 'knife']	neg	aff
A snowflake is a	crystal	-3.9164925	Ġcrystal	['pattern', 'symmetric', 'fascinating', 'unique', 'beautiful']	aff	aff
A snowflake is a	liquid	-9.958423	Ġliquid	['pattern', 'symmetric', 'fascinating', 'unique', 'beautiful']	aff	neg
A snowflake is not a	liquid	-8.408093	Ġliquid	['snow', 'fract', 'fl', 'circle', 'regular']	neg	neg
A snowflake is not a	crystal	-4.383027	Ġcrystal	['snow', 'fract', 'fl', 'circle', 'regular']	neg	aff
A pearl is a	gem	-1.6636238	Ġgem	['gem', 'round', 'precious', 'hard', 'n']	aff	aff
A pearl is a	fruit	-10.879308	Ġfruit	['gem', 'round', 'precious', 'hard', 'n']	aff	neg
A pearl is not a	fruit	-2.4104939	Ġfruit	['seed', 'fish', 'fruit', 'gem', 'stone']	neg	neg
A pearl is not a	gem	-2.4943237	Ġgem	['seed', 'fish', 'fruit', 'gem', 'stone']	neg	aff
A fish is an	animal	-0.39027023	Ġanimal	['animal', 'organism', 'aquatic', 'in', 'important']	aff	aff
A fish is a	human	-8.374332	Ġhuman	['cold', 'type', 'verte', 'living', 'creature']	aff	neg
A fish is not a	human	-4.5086384	Ġhuman	['fish', 'bird', 'mamm', 'plant', 'dog']	neg	neg
A fish is not an	animal	-0.5691109	Ġanimal	['animal', 'object', 'insect', 'amphib', 'organism']	neg	aff
A mountain is a	landform	-2.0799675	Ġland	['large', 'natural', 'land', 'mountain', 'very']	aff	aff
A mountain is a	building	-8.098903	Ġbuilding	['large', 'natural', 'land', 'mountain', 'very']	aff	neg
A mountain is not a	building	-5.0123463	Ġbuilding	['mountain', 'flat', 'hill', 'simple', 'collection']	neg	neg
A mountain is not a	landform	-7.147291	Ġland	['mountain', 'flat', 'hill', 'simple', 'collection']	neg	aff
A university is a	school	-4.8155603	Ġschool	['place', 'non', '(n', 'legal', 'social']	aff	aff
A university is a	person	-7.2261496	Ġperson	['place', 'non', '(n', 'legal', 'social']	aff	neg
A university is not a	person	-7.0283813	Ġperson	['place', 'closed', 'collection', 'factory', 'single']	neg	neg
A university is not a	school	-3.814558	Ġschool	['place', 'closed', 'collection', 'factory', 'single']	neg	aff
A train is a	vehicle	-3.1064682	Ġvehicle	['series', 'collection', 'set', 'vehicle', 'train']	aff	aff
A train is a	plant	-10.527985	Ġplant	['series', 'collection', 'set', 'vehicle', 'train']	aff	neg
A train is not a	plant	-8.335473	Ġplant	['vehicle', 'train', 'car', 'place', 'single']	neg	neg
A train is not a	vehicle	-3.2060623	Ġvehicle	['vehicle', 'train', 'car', 'place', 'single']	neg	aff
A duck is a	bird	-0.8723049	Ġbird	['bird', 'type', 'water', 'small', 'common']	aff	aff
A duck is a	fish	-8.20348	Ġfish	['bird', 'type', 'water', 'small', 'common']	aff	neg
A duck is not a	fish	-2.5639515	Ġfish	['bird', 'fish', 'duck', 'dog', 'chicken']	neg	neg
A duck is not a	bird	-1.0271702	Ġbird	['bird', 'fish', 'duck', 'dog', 'chicken']	neg	aff
A horse is a	mammal	-3.0528278	Ġmamm	['quadr', 'horse', 'mamm', 'type', 'very']	aff	aff
A horse is an	insect	-7.0170107	Ġinsect	['animal', 'important', 'example', 'herb', 'equ']	aff	neg
A horse is not an	insect	-3.2074757	Ġinsect	['animal', 'apple', 'insect', 'ox', 'elephant']	neg	neg
A horse is not a	mammal	-3.4077892	Ġmamm	['dog', 'horse', 'bird', 'cow', 'cat']	neg	aff
A bird is a	vertebrate	-2.2636986	Ġverte	['bird', 'warm', 'verte', 'type', 'small']	aff	aff
A bird is an	invertebrate	-6.332302	Ġin	['animal', 'organism', 'important', 'example', 'egg']	aff	neg
A bird is not an	invertebrate	-3.7909203	Ġin	['animal', 'insect', 'airplane', 'object', 'in']	neg	neg
A bird is not a	vertebrate	-7.146269	Ġverte	['fish', 'bird', 'mamm', 'plane', 'dog']	neg	aff
A person is a	human	-5.0725727	Ġhuman	['member', 'person', '', 'citizen', 'victim']	aff	aff
A person is a	machine	-6.305784	Ġmachine	['member', 'person', '', 'citizen', 'victim']	aff	neg
A person is not a	machine	-2.358305	Ġmachine	['machine', 'number', 'robot', 'single', 'computer']	neg	neg
A person is not a	human	-4.814537	Ġhuman	['machine', 'number', 'robot', 'single', 'computer']	neg	aff
A building is a	structure	-1.7257175	Ġstructure	['structure', 'building', 'man', 'type', 'complex']	aff	aff
A building is a	plant	-9.755907	Ġplant	['structure', 'building', 'man', 'type', 'complex']	aff	neg
A building is not a	plant	-7.406435	Ġplant	['building', 'static', 'single', 'machine', 'house']	neg	neg
A building is not a	structure	-4.2178955	Ġstructure	['building', 'static', 'single', 'machine', 'house']	neg	aff
A tool is an	instrument	-2.1478806	Ġinstrument	['object', 'instrument', 'essential', 'important', 'item']	aff	aff
A tool is a	toy	-11.061119	Ġtoy	['tool', 'device', 'combination', 'means', 'general']	aff	neg
A tool is not a	toy	-3.8906994	Ġtoy	['tool', 'toy', 'mere', 'good', 'commodity']	neg	neg
A tool is not an	instrument	-2.664072	Ġinstrument	['object', 'end', 'instrument', 'asset', 'item']	neg	aff
A vegetable is a	plant	-1.0585747	Ġplant	['plant', 'living', 'food', 'product', 'type']	aff	aff
A vegetable is an	animal	-4.237816	Ġanimal	['edible', 'important', 'agricultural', 'organism', 'organic']	aff	neg
A vegetable is not an	animal	-0.46678734	Ġanimal	['animal', 'in', 'apple', 'organic', 'object']	neg	neg
A vegetable is not a	plant	-3.0376816	Ġplant	['fruit', 'vegetable', 'food', 'plant', 'living']	neg	aff
A banana is a	fruit	-0.9302063	Ġfruit	['fruit', 'type', 'yellow', 'berry', 'sweet']	aff	aff
A banana is a	vegetable	-6.6035557	Ġvegetable	['fruit', 'type', 'yellow', 'berry', 'sweet']	aff	neg
A banana is not a	vegetable	-3.120428	Ġvegetable	['fruit', 'bear', 'vegetable', 'banana', 'pear']	neg	neg
A banana is not a	fruit	-0.7119484	Ġfruit	['fruit', 'bear', 'vegetable', 'banana', 'pear']	neg	aff
A jackfruit is a	fruit	-2.2953033	Ġfruit	['large', 'fruit', 'tropical', 'type', 'very']	aff	aff
A jackfruit is a	rock	-13.253479	Ġrock	['large', 'fruit', 'tropical', 'type', 'very']	aff	neg
A jackfruit is not a	rock	-8.386001	Ġrock	['fruit', 'vegetable', 'tree', 'true', 'banana']	neg	neg
A jackfruit is not a	fruit	-0.8404331	Ġfruit	['fruit', 'vegetable', 'tree', 'true', 'banana']	neg	aff
A chicken is a	bird	-0.6962738	Ġbird	['bird', 'type', 'common', 'domestic', 'warm']	aff	aff
A chicken is a	mammal	-4.0771103	Ġmamm	['bird', 'type', 'common', 'domestic', 'warm']	aff	neg
A chicken is not a	mammal	-2.8860874	Ġmamm	['dog', 'bird', 'fish', 'mamm', 'chicken']	neg	neg
A chicken is not a	bird	-1.3139954	Ġbird	['dog', 'bird', 'fish', 'mamm', 'chicken']	neg	aff
A robin is a	bird	-0.8876152	Ġbird	['bird', 'type', 'small', 'kind', 'migr']	aff	aff
A robin is a	mammal	-6.3579035	Ġmamm	['bird', 'type', 'small', 'kind', 'migr']	aff	neg
A robin is not a	mammal	-3.0264263	Ġmamm	['bird', 'type', 'mamm', 'dog', 'fish']	neg	neg
A robin is not a	bird	-0.7592964	Ġbird	['bird', 'type', 'mamm', 'dog', 'fish']	neg	aff
A tiger is an	animal	-0.9471874	Ġanimal	['animal', 'apex', 'important', 'odd', 'amazing']	aff	aff
A tiger is a	machine	-8.704731	Ġmachine	['large', 'carniv', 'type', 'mamm', 'member']	aff	neg
A tiger is not a	machine	-8.222293	Ġmachine	['dog', 'cat', 'fish', 'bear', 'wolf']	neg	neg
A tiger is not an	animal	-0.79382706	Ġanimal	['animal', 'eagle', 'endangered', 'elephant', 'easy']	neg	aff
A mammal is an	animal	-0.22468185	Ġanimal	['animal', 'organism', 'end', 'egg', 'earth']	aff	aff
A mammal is a	plant	-10.403206	Ġplant	['warm', 'verte', 'member', 'tet', 'creature']	aff	neg
A mammal is not a	plant	-3.608492	Ġplant	['fish', 'bird', 'mamm', 'rept', 'human']	neg	neg
A mammal is not an	animal	-0.8317795	Ġanimal	['animal', 'insect', 'amphib', 'in', 'organism']	neg	aff
A reptile is an	animal	-0.15786362	Ġanimal	['animal', 'organism', 'am', 'ancient', 'egg']	aff	aff
A reptile is a	tool	-14.355232	Ġtool	['cold', 'tet', 'rept', 'creature', 'verte']	aff	neg
A reptile is not a	tool	-11.962067	Ġtool	['fish', 'mamm', 'bird', 'dinosaur', 'snake']	neg	neg
A reptile is not an	animal	-0.77430725	Ġanimal	['animal', 'amphib', 'insect', 'in', 'egg']	neg	aff
A bison is a	mammal	-4.073786	Ġmamm	['large', 'type', 'member', 'very', 'big']	aff	aff
A bison is a	bird	-9.455024	Ġbird	['large', 'type', 'member', 'very', 'big']	aff	neg
A bison is not a	bird	-4.438239	Ġbird	['cow', 'dog', 'horse', 'deer', 'bear']	neg	neg
A bison is not a	mammal	-4.517044	Ġmamm	['cow', 'dog', 'horse', 'deer', 'bear']	neg	aff
A plane is a	vehicle	-10.395902	Ġvehicle	['flat', 'surface', 'two', 'set', 'figure']	aff	aff
A plane is a	person	-12.274702	Ġperson	['flat', 'surface', 'two', 'set', 'figure']	aff	neg
A plane is not a	person	-7.844162	Ġperson	['polygon', 'poly', 'plane', 'line', 'surface']	neg	neg
A plane is not a	vehicle	-9.712413	Ġvehicle	['polygon', 'poly', 'plane', 'line', 'surface']	neg	aff
A chair is a	furniture	-2.7632122	Ġfurniture	['piece', 'chair', 'furniture', 'place', 'type']	aff	aff
A chair is a	person	-5.803319	Ġperson	['piece', 'chair', 'furniture', 'place', 'type']	aff	neg
A chair is not a	person	-5.328038	Ġperson	['chair', 'car', 'table', 'house', 'computer']	neg	neg
A chair is not a	furniture	-5.9875164	Ġfurniture	['chair', 'car', 'table', 'house', 'computer']	neg	aff
A ruler is a	tool	-1.6224346	Ġtool	['tool', 'straight', 'measuring', 'device', 'common']	aff	aff
A ruler is an	animal	-9.418497	Ġanimal	['instrument', 'important', 'object', 'essential', 'indispensable']	aff	neg
A ruler is not an	animal	-4.6724854	Ġanimal	['object', 'instrument', 'exact', 'absolute', 'essential']	neg	neg
A ruler is not a	tool	-3.004364	Ġtool	['straight', 'ruler', 'good', 'tool', 'measuring']	neg	aff
A book is a	literature	-7.3927574	Ġliterature	['window', 'collection', 'friend', 'world', 'treasure']	aff	aff
A book is a	furniture	-12.458494	Ġfurniture	['window', 'collection', 'friend', 'world', 'treasure']	aff	neg
A book is not a	furniture	-9.065488	Ġfurniture	['book', 'tree', 'good', 'collection', 'place']	neg	neg
A book is not a	literature	-8.445121	Ġliterature	['book', 'tree', 'good', 'collection', 'place']	neg	aff
A pencil is a	stationary	-7.745144	Ġstationary	['common', 'very', 'writing', 'tool', 'simple']	aff	aff
A pencil is a	food	-12.117195	Ġfood	['common', 'very', 'writing', 'tool', 'simple']	aff	neg
A pencil is not a	food	-6.109068	Ġfood	['pencil', 'pen', 'tool', 'book', 'knife']	neg	neg
A pencil is not a	stationary	-6.813465	Ġstationary	['pencil', 'pen', 'tool', 'book', 'knife']	neg	aff
A phone is an	instrument	-4.8004055	Ġinstrument	['electronic', 'essential', 'important', 'object', 'electrical']	aff	aff
A phone is a	valley	-14.486042	Ġvalley	['device', 'small', 'tool', 'communication', 'piece']	aff	neg
A phone is not a	valley	-12.6392975	Ġvalley	['phone', 'computer', 'toy', 'tool', 'book']	neg	neg
A phone is not an	instrument	-4.065609	Ġinstrument	['object', 'app', 'appliance', 'essential', 'iPhone']	neg	aff
A mouse is a	mammal	-3.6334648	Ġmamm	['small', 'common', 'type', 'very', 'rod']	aff	aff
A mouse is a	reptile	-8.919273	Ġrept	['small', 'common', 'type', 'very', 'rod']	aff	neg
A mouse is not a	reptile	-7.123909	Ġrept	['fish', 'dog', 'mouse', 'bird', 'cat']	neg	neg
A mouse is not a	mammal	-3.8586693	Ġmamm	['fish', 'dog', 'mouse', 'bird', 'cat']	neg	aff
A creeper is a	plant	-1.826374	Ġplant	['type', 'plant', 'vine', 'climbing', 'small']	aff	aff
A creeper is a	fish	-10.009586	Ġfish	['type', 'plant', 'vine', 'climbing', 'small']	aff	neg
A creeper is not a	fish	-7.5256357	Ġfish	['plant', 'vine', 'tree', 'type', 'true']	neg	neg
A creeper is not a	plant	-1.3093452	Ġplant	['plant', 'vine', 'tree', 'type', 'true']	neg	aff
A teacher is a	person	-1.9369984	Ġperson	['person', 'role', 'professional', 'teacher', 'guide']	aff	aff
A teacher is a	thing	-11.4539995	Ġthing	['person', 'role', 'professional', 'teacher', 'guide']	aff	neg
A teacher is not a	thing	-7.244693	Ġthing	['person', 'mere', 'teacher', 'robot', 'magician']	neg	neg
A teacher is not a	person	-2.1329098	Ġperson	['person', 'mere', 'teacher', 'robot', 'magician']	neg	aff
A doctor is a	person	-1.1464729	Ġperson	['person', 'professional', 'medical', 'doctor', 'specialist']	aff	aff
A doctor is an	animal	-7.3747454	Ġanimal	['expert', 'individual', 'important', 'essential', 'adult']	aff	neg
A doctor is not an	animal	-5.126726	Ġanimal	['engineer', 'expert', 'artist', 'actor', 'attorney']	neg	neg
A doctor is not a	person	-3.7400799	Ġperson	['doctor', 'person', 'magician', 'teacher', 'lawyer']	neg	aff
A lizard is a	reptile	-2.5272675	Ġrept	['small', 'rept', 'cold', 'type', 'creature']	aff	aff
A lizard is a	mammal	-4.6964836	Ġmamm	['small', 'rept', 'cold', 'type', 'creature']	aff	neg
A lizard is not a	mammal	-1.9860725	Ġmamm	['fish', 'dog', 'mamm', 'snake', 'bird']	neg	neg
A lizard is not a	reptile	-3.2999191	Ġrept	['fish', 'dog', 'mamm', 'snake', 'bird']	neg	aff
A skyscraper is a	building	-1.1490479	Ġbuilding	['building', 'tall', 'type', 'very', 'large']	aff	aff
A skyscraper is a	fish	-14.479681	Ġfish	['building', 'tall', 'type', 'very', 'large']	aff	neg
A skyscraper is not a	fish	-6.9939823	Ġfish	['building', 'skys', 'simple', 'house', 'single']	neg	neg
A skyscraper is not a	building	-2.2583408	Ġbuilding	['building', 'skys', 'simple', 'house', 'single']	neg	aff
A barn is a	building	-1.8372135	Ġbuilding	['structure', 'building', 'place', 'large', 'type']	aff	aff
A barn is a	bird	-8.87128	Ġbird	['structure', 'building', 'place', 'large', 'type']	aff	neg
A barn is not a	bird	-4.7922783	Ġbird	['place', 'house', 'home', 'typical', 'good']	neg	neg
A barn is not a	building	-3.5091438	Ġbuilding	['place', 'house', 'home', 'typical', 'good']	neg	aff
A rock is a	solid	-2.0556145	Ġsolid	['solid', 'type', 'hard', 'chunk', 'common']	aff	aff
A rock is a	liquid	-9.549587	Ġliquid	['solid', 'type', 'hard', 'chunk', 'common']	aff	neg
A rock is not a	liquid	-3.1708126	Ġliquid	['planet', 'rock', 'liquid', 'mineral', 'living']	neg	neg
A rock is not a	solid	-4.1976748	Ġsolid	['planet', 'rock', 'liquid', 'mineral', 'living']	neg	aff
A hammer is a	tool	-0.81183434	Ġtool	['tool', 'type', 'hand', 'simple', 'common']	aff	aff
A hammer is a	plant	-15.603019	Ġplant	['tool', 'type', 'hand', 'simple', 'common']	aff	neg
A hammer is not a	plant	-6.9616375	Ġplant	['tool', 'hammer', 'good', 'wrench', 'knife']	neg	neg
A hammer is not a	tool	-1.7800369	Ġtool	['tool', 'hammer', 'good', 'wrench', 'knife']	neg	aff
A hotel is a	building	-1.8753452	Ġbuilding	['place', 'building', 'business', 'type', 'commercial']	aff	aff
A hotel is a	machine	-8.001718	Ġmachine	['place', 'building', 'business', 'type', 'commercial']	aff	neg
A hotel is not a	machine	-6.117464	Ġmachine	['place', 'hotel', 'home', 'museum', 'house']	neg	neg
A hotel is not a	building	-4.4508886	Ġbuilding	['place', 'hotel', 'home', 'museum', 'house']	neg	aff
A cactus is a	plant	-9.372402	Ġplant	['connected', 'graph', 'type', 'special', 'simple']	aff	aff
A cactus is a	fish	-13.705866	Ġfish	['connected', 'graph', 'type', 'special', 'simple']	aff	neg
A cactus is not a	fish	-8.766091	Ġfish	['plant', 'c', 'type', 'tree', 'prick']	neg	neg
A cactus is not a	plant	-1.1996975	Ġplant	['plant', 'c', 'type', 'tree', 'prick']	neg	aff
A bush is a	plant	-3.0725365	Ġplant	['plant', 'small', 'group', 'type', 'collection']	aff	aff
A bush is a	fish	-11.141107	Ġfish	['plant', 'small', 'group', 'type', 'collection']	aff	neg
A bush is not a	fish	-7.9207144	Ġfish	['tree', 'bush', 'plant', 'forest', 'garden']	neg	neg
A bush is not a	plant	-2.7637196	Ġplant	['tree', 'bush', 'plant', 'forest', 'garden']	neg	aff
A herb is a	plant	-0.38167572	Ġplant	['plant', 'flowering', 'green', 'type', 'small']	aff	aff
A herb is a	fish	-16.233818	Ġfish	['plant', 'flowering', 'green', 'type', 'small']	aff	neg
A herb is not a	fish	-7.3148108	Ġfish	['plant', 'vegetable', 'tree', 'flower', 'medicinal']	neg	neg
A herb is not a	plant	-1.1760521	Ġplant	['plant', 'vegetable', 'tree', 'flower', 'medicinal']	neg	aff
A vine is a	plant	-1.3496914	Ġplant	['plant', 'type', 'wo', 'stem', 'climbing']	aff	aff
A vine is a	fish	-13.276469	Ġfish	['plant', 'type', 'wo', 'stem', 'climbing']	aff	neg
A vine is not a	fish	-6.789344	Ġfish	['plant', 'tree', 'vegetable', 'flower', 'true']	neg	neg
A vine is not a	plant	-1.0707436	Ġplant	['plant', 'tree', 'vegetable', 'flower', 'true']	neg	aff
A lily is a	plant	-2.4521942	Ġplant	['type', 'flower', 'plant', 'flowering', 'water']	aff	aff
A lily is a	person	-9.382703	Ġperson	['type', 'flower', 'plant', 'flowering', 'water']	aff	neg
A lily is not a	person	-6.1344786	Ġperson	['flower', 'plant', 'l', 'fish', 'dog']	neg	neg
A lily is not a	plant	-2.3953724	Ġplant	['flower', 'plant', 'l', 'fish', 'dog']	neg	aff
An airplane is a	vehicle	-2.476015	Ġvehicle	['vehicle', 'machine', 'flying', 'type', 'plane']	aff	aff
An airplane is a	drink	-15.940674	Ġdrink	['vehicle', 'machine', 'flying', 'type', 'plane']	aff	neg
An airplane is not a	drink	-10.720985	Ġdrink	['car', 'bird', 'plane', 'vehicle', 'very']	neg	neg
An airplane is not a	vehicle	-3.6513195	Ġvehicle	['car', 'bird', 'plane', 'vehicle', 'very']	neg	aff
A phone is a	gadget	-4.567301	Ġgadget	['device', 'small', 'tool', 'communication', 'piece']	aff	aff
A phone is a	food	-12.624039	Ġfood	['device', 'small', 'tool', 'communication', 'piece']	aff	neg
A phone is not a	food	-6.3905373	Ġfood	['phone', 'computer', 'toy', 'tool', 'book']	neg	neg
A phone is not a	gadget	-5.3942957	Ġgadget	['phone', 'computer', 'toy', 'tool', 'book']	neg	aff
A turtle is an	animal	-0.46513748	Ġanimal	['animal', 'amphib', 'important', 'ancient', 'interesting']	aff	aff
A turtle is a	toy	-9.659014	Ġtoy	['small', 'type', 'rept', 'creature', 'kind']	aff	neg
A turtle is not a	toy	-8.653221	Ġtoy	['fish', 'dog', 'bird', 'mamm', 'turtle']	neg	neg
A turtle is not an	animal	-0.47868538	Ġanimal	['animal', 'amphib', 'insect', 'ant', 'elephant']	neg	aff
A vegetable is a	food	-2.562317	Ġfood	['plant', 'living', 'food', 'product', 'type']	aff	aff
A vegetable is a	drink	-11.307438	Ġdrink	['plant', 'living', 'food', 'product', 'type']	aff	neg
A vegetable is not a	drink	-6.544634	Ġdrink	['fruit', 'vegetable', 'food', 'plant', 'living']	neg	neg
A vegetable is not a	food	-2.555212	Ġfood	['fruit', 'vegetable', 'food', 'plant', 'living']	neg	aff
A lark is a	bird	-0.9524441	Ġbird	['bird', 'type', 'small', 'kind', 'song']	aff	aff
A lark is a	mammal	-8.180322	Ġmamm	['bird', 'type', 'small', 'kind', 'song']	aff	neg
A lark is not a	mammal	-7.2460003	Ġmamm	['bird', 'type', 'l', 'song', 'kind']	neg	neg
A lark is not a	bird	-0.67614365	Ġbird	['bird', 'type', 'l', 'song', 'kind']	neg	aff
A thrush is a	bird	-1.5953579	Ġbird	['bird', 'small', 'type', 'song', 'kind']	aff	aff
A thrush is a	reptile	-10.719998	Ġrept	['bird', 'small', 'type', 'song', 'kind']	aff	neg
A thrush is not a	reptile	-9.681212	Ġrept	['bird', 'thr', 'type', 'song', 'kind']	neg	neg
A thrush is not a	bird	-0.57357025	Ġbird	['bird', 'thr', 'type', 'song', 'kind']	neg	aff
A canary is a	bird	-2.115261	Ġbird	['small', 'bird', 'type', 'song', 'yellow']	aff	aff
A canary is a	mineral	-12.393666	Ġmineral	['small', 'bird', 'type', 'song', 'yellow']	aff	neg
A canary is not a	mineral	-9.027482	Ġmineral	['bird', 'can', 'par', 'dog', 'type']	neg	neg
A canary is not a	bird	-0.8076153	Ġbird	['bird', 'can', 'par', 'dog', 'type']	neg	aff
A human is an	animal	-3.092493	Ġanimal	['individual', 'organism', 'animal', 'adult', 'open']	aff	aff
A human is a	mineral	-10.6771145	Ġmineral	['complex', 'multic', 'living', 'social', 'person']	aff	neg
A human is not a	mineral	-8.618466	Ġmineral	['machine', 'computer', 'robot', 'fish', 'dog']	neg	neg
A human is not an	animal	-1.6212921	Ġanimal	['animal', 'object', 'in', 'insect', 'organism']	neg	aff
A chair is a	seat	-4.216609	Ġseat	['piece', 'chair', 'furniture', 'place', 'type']	aff	aff
A chair is a	mammal	-11.4284935	ĠM	['piece', 'chair', 'furniture', 'place', 'type']	aff	neg
A chair is not a	mammal	-8.821207	Ġmamm	['chair', 'car', 'table', 'house', 'computer']	neg	neg
A chair is not a	seat	-6.003709	Ġseat	['chair', 'car', 'table', 'house', 'computer']	neg	aff
A pine is a	tree	-1.3717117	Ġtree	['tree', 'type', 'con', 'plant', 'tall']	aff	aff
A pine is a	person	-8.846896	Ġperson	['tree', 'type', 'con', 'plant', 'tall']	aff	neg
A pine is not a	person	-6.8334694	Ġperson	['tree', 'fruit', 'plant', 'pine', 'type']	neg	neg
A pine is not a	tree	-1.3360138	Ġtree	['tree', 'fruit', 'plant', 'pine', 'type']	neg	aff
A potato is a	vegetable	-2.8465424	Ġvegetable	['type', 'fruit', 'vegetable', 'good', 'tub']	aff	aff
A potato is a	fruit	-2.61413	Ġfruit	['type', 'fruit', 'vegetable', 'good', 'tub']	aff	neg
A potato is not a	fruit	-1.8534126	Ġfruit	['vegetable', 'fruit', 'potato', 'fish', 'food']	neg	neg
A potato is not a	vegetable	-1.4106522	Ġvegetable	['vegetable', 'fruit', 'potato', 'fish', 'food']	neg	aff
A pea is a	vegetable	-6.1381655	Ġvegetable	['small', 'type', 'seed', 'fruit', 'reproductive']	aff	aff
A pea is a	fruit	-2.6239853	Ġfruit	['small', 'type', 'seed', 'fruit', 'reproductive']	aff	neg
A pea is not a	fruit	-1.1775112	Ġfruit	['fruit', 'seed', 'vegetable', 'plant', 'fish']	neg	neg
A pea is not a	vegetable	-2.7389698	Ġvegetable	['fruit', 'seed', 'vegetable', 'plant', 'fish']	neg	aff
A frog is an	amphibian	-0.24795341	Ġamphib	['amphib', 'animal', 'insect', 'important', 'aquatic']	aff	aff
A frog is a	reptile	-5.938431	Ġrept	['small', 'type', 'common', 'creature', 'kind']	aff	neg
A frog is not a	reptile	-5.256321	Ġrept	['fish', 'dog', 'bird', 'frog', 'mamm']	neg	neg
A frog is not an	amphibian	-1.7005692	Ġamphib	['animal', 'amphib', 'insect', 'ant', 'easy']	neg	aff
A diamond is a	mineral	-3.2880993	Ġmineral	['precious', 'type', 'mineral', 'crystall', 'gem']	aff	aff
A diamond is a	toy	-10.3366585	Ġtoy	['precious', 'type', 'mineral', 'crystall', 'gem']	aff	neg
A diamond is not a	toy	-5.3991575	Ġtoy	['mineral', 'stone', 'diamond', 'rock', 'circle']	neg	neg
A diamond is not a	mineral	-1.0487747	Ġmineral	['mineral', 'stone', 'diamond', 'rock', 'circle']	neg	aff
A watch is a	timepiece	-1.7354813	Ġtime	['time', 'device', 'type', 'piece', 'small']	aff	aff
A watch is a	toy	-6.607849	Ġtoy	['time', 'device', 'type', 'piece', 'small']	aff	neg
A watch is not a	toy	-3.4192066	Ġtoy	['watch', 'clock', 'car', 'toy', 'simple']	neg	neg
A watch is not a	timepiece	-3.7543983	Ġtime	['watch', 'clock', 'car', 'toy', 'simple']	neg	aff
A knife is an	utensil	-8.088233	Ġutens	['essential', 'object', 'instrument', 'important', 'implement']	aff	aff
A knife is a	food	-11.355383	Ġfood	['tool', 'sharp', 'cutting', 'very', 'common']	aff	neg
A knife is not a	food	-4.3678064	Ġfood	['tool', 'weapon', 'toy', 'substitute', 'knife']	neg	neg
A knife is not an	utensil	-8.44613	Ġutens	['essential', 'instrument', 'object', 'ordinary', 'eating']	neg	aff
A plate is a	dish	-6.2434635	Ġdish	['flat', 'rectangular', 'thin', 'type', 'piece']	aff	aff
A plate is a	food	-7.2231436	Ġfood	['flat', 'rectangular', 'thin', 'type', 'piece']	aff	neg
A plate is not a	food	-4.507674	Ġfood	['solid', 'rectangle', 'square', 'circle', 'plate']	neg	neg
A plate is not a	dish	-5.0974894	Ġdish	['solid', 'rectangle', 'square', 'circle', 'plate']	neg	aff
A cup is a	dish	-8.563333	Ġdish	['unit', 'container', 'common', 'type', 'cylindrical']	aff	aff
A cup is a	food	-8.169419	Ġfood	['unit', 'container', 'common', 'type', 'cylindrical']	aff	neg
A cup is not a	food	-5.173847	Ġfood	['container', 'cup', 'bowl', 'can', 'rectangle']	neg	neg
A cup is not a	dish	-6.2775106	Ġdish	['container', 'cup', 'bowl', 'can', 'rectangle']	neg	aff
A zebra is a	mammal	-2.5484772	Ġmamm	['type', 'member', 'horse', 'mamm', 'large']	aff	aff
A zebra is a	fish	-13.229866	Ġfish	['type', 'member', 'horse', 'mamm', 'large']	aff	neg
A zebra is not a	fish	-5.835067	Ġfish	['horse', 'cat', 'dog', 'z', 'don']	neg	neg
A zebra is not a	mammal	-4.4564724	Ġmamm	['horse', 'cat', 'dog', 'z', 'don']	neg	aff
A cheetah is a	mammal	-4.2218227	Ġmamm	['very', 'fast', 'top', 'small', 'big']	aff	aff
A cheetah is a	reptile	-10.86387	Ġrept	['very', 'fast', 'top', 'small', 'big']	aff	neg
A cheetah is not a	reptile	-7.447407	Ġrept	['dog', 'cat', 'good', 'big', 'type']	neg	neg
A cheetah is not a	mammal	-4.337988	Ġmamm	['dog', 'cat', 'good', 'big', 'type']	neg	aff
A diamond is a	gem	-3.558546	Ġgem	['precious', 'type', 'mineral', 'crystall', 'gem']	aff	aff
A diamond is a	place	-7.442691	Ġplace	['precious', 'type', 'mineral', 'crystall', 'gem']	aff	neg
A diamond is not a	place	-7.972228	Ġplace	['mineral', 'stone', 'diamond', 'rock', 'circle']	neg	neg
A diamond is not a	gem	-4.1657143	Ġgem	['mineral', 'stone', 'diamond', 'rock', 'circle']	neg	aff
A baseball is a	sport	-7.1477795	Ġsport	['spherical', 'solid', 'sphere', 'small', 'hard']	aff	aff
A baseball is a	toy	-7.0611677	Ġtoy	['spherical', 'solid', 'sphere', 'small', 'hard']	aff	neg
A baseball is not a	toy	-5.9413786	Ġtoy	['sphere', 'ball', 'perfect', 'projectile', 'solid']	neg	neg
A baseball is not a	sport	-6.254998	Ġsport	['sphere', 'ball', 'perfect', 'projectile', 'solid']	neg	aff
A lamp is a	lighting	-3.591051	Ġlighting	['device', 'light', 'source', 'lighting', 'small']	aff	aff
A lamp is a	food	-12.012396	Ġfood	['device', 'light', 'source', 'lighting', 'small']	aff	neg
A lamp is not a	food	-6.7803698	Ġfood	['lamp', 'light', 'source', 'good', 'part']	neg	neg
A lamp is not a	lighting	-7.2532244	Ġlighting	['lamp', 'light', 'source', 'good', 'part']	neg	aff
A lizard is an	animal	-0.38661575	Ġanimal	['animal', 'amphib', 'insect', 'important', 'interesting']	aff	aff
A lizard is a	mineral	-13.888657	min	['small', 'rept', 'cold', 'type', 'creature']	aff	neg
A lizard is not a	mineral	-9.582158	Ġmineral	['fish', 'dog', 'mamm', 'snake', 'bird']	neg	neg
A lizard is not an	animal	-0.57154655	Ġanimal	['animal', 'insect', 'amphib', 'ant', 'in']	neg	aff
A computer is an	electronics	-8.527067	Ġelectronics	['electronic', 'information', 'intelligent', 'important', 'automatic']	aff	aff
A computer is a	furniture	-15.376457	Ġfurniture	['device', 'machine', 'general', 'tool', 'digital']	aff	neg
A computer is not a	furniture	-11.628268	Ġfurniture	['computer', 'machine', 'magic', 'calculator', 'substitute']	neg	neg
A computer is not an	electronics	-7.4247684	Ġelectronics	['object', 'electronic', 'appliance', 'ordinary', 'end']	neg	aff
A phone is an	electronic	-0.7984772	Ġelectronic	['electronic', 'essential', 'important', 'object', 'electrical']	aff	aff
A phone is a	mineral	-12.259639	Ġmineral	['device', 'small', 'tool', 'communication', 'piece']	aff	neg
A phone is not a	mineral	-10.80394	Ġmineral	['phone', 'computer', 'toy', 'tool', 'book']	neg	neg
A phone is not an	electronic	-3.5193233	Ġelectronic	['object', 'app', 'appliance', 'essential', 'iPhone']	neg	aff
A spider is an	invertebrate	-4.9717827	Ġin	['insect', 'animal', 'object', 'eight', 'organism']	aff	aff
A spider is a	vertebrate	-7.7152586	Ġverte	['type', 'creature', 'kind', 'point', 'spider']	aff	neg
A spider is not a	vertebrate	-6.8653765	Ġverte	['fish', 'spider', 'bird', 'fly', 'dog']	neg	neg
A spider is not an	invertebrate	-5.3402023	Ġin	['insect', 'ant', 'animal', 'ar', 'oct']	neg	aff
A bus is a	vehicle	-1.0576477	Ġvehicle	['vehicle', 'large', 'type', 'public', 'means']	aff	aff
A bus is a	flower	-12.189043	Ġflower	['vehicle', 'large', 'type', 'public', 'means']	aff	neg
A bus is not a	flower	-8.129696	Ġflower	['car', 'taxi', 'vehicle', 'place', 'train']	neg	neg
A bus is not a	vehicle	-3.1405582	Ġvehicle	['car', 'taxi', 'vehicle', 'place', 'train']	neg	aff
A drill is a	tool	-1.4125042	Ġtool	['tool', 'type', 'device', 'hand', 'power']	aff	aff
A drill is a	vegetable	-15.668716	Ġvegetable	['tool', 'type', 'device', 'hand', 'power']	aff	neg
A drill is not a	vegetable	-7.2762823	Ġvegetable	['tool', 'drill', 'weapon', 'hammer', 'toy']	neg	neg
A drill is not a	tool	-1.7639809	Ġtool	['tool', 'drill', 'weapon', 'hammer', 'toy']	neg	aff
A fir is a	tree	-1.4966774	Ġtree	['tree', 'type', 'con', 'kind', 'tall']	aff	aff
A fir is a	tool	-9.071535	Ġtool	['tree', 'type', 'con', 'kind', 'tall']	aff	neg
A fir is not a	tool	-9.56521	Ġtool	['tree', 'pine', 'pear', 'type', 'cherry']	neg	neg
A fir is not a	tree	-0.8709717	Ġtree	['tree', 'pine', 'pear', 'type', 'cherry']	neg	aff
A city is a	place	-1.453867	Ġplace	['place', 'complex', 'collection', 'large', 'living']	aff	aff
A city is a	thing	-8.721188	Ġthing	['place', 'complex', 'collection', 'large', 'living']	aff	neg
A city is not a	thing	-4.8765163	Ġthing	['place', 'city', 'single', 'collection', 'static']	neg	neg
A city is not a	place	-2.544447	Ġplace	['place', 'city', 'single', 'collection', 'static']	neg	aff
A church is a	building	-1.6601429	Ġbuilding	['place', 'building', 'community', 'house', 'holy']	aff	aff
A church is a	toy	-14.027567	Ġtoy	['place', 'building', 'community', 'house', 'holy']	aff	neg
A church is not a	toy	-8.711167	Ġtoy	['building', 'place', 'church', 'museum', 'club']	neg	neg
A church is not a	building	-1.7237301	Ġbuilding	['building', 'place', 'church', 'museum', 'club']	neg	aff
A mall is a	building	-3.4634895	Ġbuilding	['place', 'large', 'type', 'public', 'commercial']	aff	aff
A mall is a	person	-8.386198	Ġperson	['place', 'large', 'type', 'public', 'commercial']	aff	neg
A mall is not a	person	-6.100356	Ġperson	['place', 'building', 'good', 'typical', 'natural']	neg	neg
A mall is not a	building	-3.2445755	Ġbuilding	['place', 'building', 'good', 'typical', 'natural']	neg	aff
A school is an	institution	-1.2348671	Ġinstitution	['institution', 'educational', 'organization', 'important', 'entity']	aff	aff
A school is a	person	-7.8107157	Ġperson	['place', 'community', 'social', 'micro', 'special']	aff	neg
A school is not a	person	-7.4069033	Ġperson	['place', 'school', 'building', 'collection', 'static']	neg	neg
A school is not an	institution	-1.7680168	Ġinstitution	['institution', 'island', 'isolated', 'empty', 'end']	neg	aff
A cat is a	feline	-3.5302782	Ġf	['domestic', 'common', 'carniv', 'very', 'mamm']	aff	aff
A cat is a	canine	-6.791198	Ġcanine	['domestic', 'common', 'carniv', 'very', 'mamm']	aff	neg
A cat is not a	canine	-6.461439	Ġcanine	['dog', 'bird', 'fish', 'mamm', 'good']	neg	neg
A cat is not a	feline	-5.716712	Ġf	['dog', 'bird', 'fish', 'mamm', 'good']	neg	aff
A dog is a	canine	-4.6413994	Ġcanine	['mamm', 'quadr', 'dog', 'man', 'carniv']	aff	aff
A dog is a	feline	-7.22289	Ġf	['mamm', 'quadr', 'dog', 'man', 'carniv']	aff	neg
A dog is not a	feline	-5.97919	Ġf	['cat', 'dog', 'human', 'bird', 'person']	neg	neg
A dog is not a	canine	-7.3089685	Ġcanine	['cat', 'dog', 'human', 'bird', 'person']	neg	aff
A crocodile is a	reptile	-2.1709538	Ġrept	['large', 'rept', 'type', 'semi', 'very']	aff	aff
A crocodile is a	fish	-6.1409855	Ġfish	['large', 'rept', 'type', 'semi', 'very']	aff	neg
A crocodile is not a	fish	-1.0314445	Ġfish	['fish', 'dinosaur', 'bird', 'rept', 'dog']	neg	neg
A crocodile is not a	reptile	-2.8217735	Ġrept	['fish', 'dinosaur', 'bird', 'rept', 'dog']	neg	aff
A book is a	writing	-7.6903677	Ġwriting	['window', 'collection', 'friend', 'world', 'treasure']	aff	aff
A book is an	insect	-8.609356	Ġinsect	['important', 'object', 'essential', 'indispensable', 'excellent']	aff	neg
A book is not an	insect	-7.1322308	Ġinsect	['object', 'end', 'island', 'encyclopedia', 'empty']	neg	neg
A book is not a	writing	-8.096582	Ġwriting	['book', 'tree', 'good', 'collection', 'place']	neg	aff
A house is a	structure	-2.9121284	Ġstructure	['building', 'place', 'house', 'structure', 'home']	aff	aff
A house is a	tool	-7.64237	Ġtool	['building', 'place', 'house', 'structure', 'home']	aff	neg
A house is not a	tool	-7.883766	Ġtool	['house', 'home', 'place', 'building', 'car']	neg	neg
A house is not a	structure	-6.7047567	Ġstructure	['house', 'home', 'place', 'building', 'car']	neg	aff
A man is a	mammal	-7.9653606	Ġmamm	['certain', '', 'member', 'man', 'father']	aff	aff
A man is a	reptile	-9.395961	Ġrept	['certain', '', 'member', 'man', 'father']	aff	neg
A man is not a	reptile	-7.9565544	Ġrept	['machine', 'tree', 'number', 'man', 'bird']	neg	neg
A man is not a	mammal	-6.6000166	Ġmamm	['machine', 'tree', 'number', 'man', 'bird']	neg	aff
A woman is a	mammal	-5.6839094	Ġmamm	['', 'woman', 'person', 'mother', 'member']	aff	aff
A woman is a	reptile	-9.968403	ĠRe	['', 'woman', 'person', 'mother', 'member']	aff	neg
A woman is not a	reptile	-10.798035	Ġrept	['man', 'number', 'machine', 'person', 'woman']	neg	neg
A woman is not a	mammal	-6.8049955	Ġmamm	['man', 'number', 'machine', 'person', 'woman']	neg	aff
An elephant is a	mammal	-1.9639015	Ġmamm	['large', 'mamm', 'very', 'quadr', 'type']	aff	aff
An elephant is a	reptile	-8.054118	Ġrept	['large', 'mamm', 'very', 'quadr', 'type']	aff	neg
An elephant is not a	reptile	-7.2970085	Ġrept	['mouse', 'dog', 'fish', 'bird', 'cat']	neg	neg
An elephant is not a	mammal	-4.582573	Ġmamm	['mouse', 'dog', 'fish', 'bird', 'cat']	neg	aff
A balloon is a	toy	-4.8087826	Ġtoy	['device', 'sphere', 'type', 'simple', 'container']	aff	aff
A balloon is a	building	-9.982564	Ġbuilding	['device', 'sphere', 'type', 'simple', 'container']	aff	neg
A balloon is not a	building	-6.5846653	Ġbuilding	['solid', 'sphere', 'bird', 'machine', 'perfect']	neg	neg
A balloon is not a	toy	-5.6539745	Ġtoy	['solid', 'sphere', 'bird', 'machine', 'perfect']	neg	aff
A restaurant is a	building	-4.077175	Ġbuilding	['place', 'business', 'commercial', 'type', 'special']	aff	aff
A restaurant is a	fish	-11.487919	Ġfish	['place', 'business', 'commercial', 'type', 'special']	aff	neg
A restaurant is not a	fish	-8.021853	Ġfish	['place', 'restaurant', 'hotel', 'business', 'one']	neg	neg
A restaurant is not a	building	-5.1600904	Ġbuilding	['place', 'restaurant', 'hotel', 'business', 'one']	neg	aff
A whale is an	animal	-0.7597523	Ġanimal	['animal', 'aquatic', 'example', 'amazing', 'important']	aff	aff
A whale is a	plant	-9.564776	Ġplant	['large', 'marine', 'mamm', 'type', 'very']	aff	neg
A whale is not a	plant	-5.9136744	Ġplant	['fish', 'mamm', 'dog', 'bird', 'shark']	neg	neg
A whale is not an	animal	-0.45038986	Ġanimal	['animal', 'insect', 'amphib', 'ordinary', 'elephant']	neg	aff
A manager is a	leader	-2.7340317	Ġleader	['person', 'leader', 'type', 'professional', 'position']	aff	aff
A manager is a	follower	-8.390187	Ġfollower	['person', 'leader', 'type', 'professional', 'position']	aff	neg
A manager is not a	follower	-6.20899	Ġfollower	['leader', 'manager', 'position', 'person', '______']	neg	neg
A manager is not a	leader	-1.6357231	Ġleader	['leader', 'manager', 'position', 'person', '______']	neg	aff
A garden is a	place	-1.1807003	Ġplace	['place', 'beautiful', 'space', 'wonderful', 'great']	aff	aff
A garden is a	thing	-7.760457	Ġthing	['place', 'beautiful', 'space', 'wonderful', 'great']	aff	neg
A garden is not a	thing	-4.740052	Ġthing	['place', 'garden', 'simple', 'static', 'mere']	neg	neg
A garden is not a	place	-2.0996227	Ġplace	['place', 'garden', 'simple', 'static', 'mere']	neg	aff
A book is a	thing	-6.171256	Ġthing	['window', 'collection', 'friend', 'world', 'treasure']	aff	aff
A book is a	food	-9.374537	Ġfood	['window', 'collection', 'friend', 'world', 'treasure']	aff	neg
A book is not a	food	-6.6934643	Ġfood	['book', 'tree', 'good', 'collection', 'place']	neg	neg
A book is not a	thing	-4.571789	Ġthing	['book', 'tree', 'good', 'collection', 'place']	neg	aff
An ant is an	insect	-0.83210564	Ġinsect	['insect', 'animal', 'organism', 'important', 'in']	aff	aff
An ant is a	mammal	-8.3104725	Ġmamm	['small', 'tiny', 'very', 'type', 'creature']	aff	neg
An ant is not a	mammal	-4.849189	Ġmamm	['very', 'robot', 'fish', 'good', 'bird']	neg	neg
An ant is not an	insect	-1.7625408	Ġinsect	['ant', 'animal', 'insect', 'object', 'organism']	neg	aff
A saw is a	tool	-1.0442238	Ġtool	['tool', 'cutting', 'type', 'device', 'machine']	aff	aff
A saw is a	weapon	-5.8123627	Ġweapon	['tool', 'cutting', 'type', 'device', 'machine']	aff	neg
A saw is not a	weapon	-3.3282928	Ġweapon	['tool', 'knife', 'weapon', 'saw', 'drill']	neg	neg
A saw is not a	tool	-1.2163696	Ġtool	['tool', 'knife', 'weapon', 'saw', 'drill']	neg	aff
A zebra is an	animal	-1.1986961	Ġanimal	['animal', 'odd', 'equ', 'African', 'herb']	aff	aff
A zebra is a	plant	-8.100305	Ġplant	['type', 'member', 'horse', 'mamm', 'large']	aff	neg
A zebra is not a	plant	-8.087455	Ġplant	['horse', 'cat', 'dog', 'z', 'don']	neg	neg
A zebra is not an	animal	-1.6818657	Ġanimal	['ant', 'animal', 'ox', 'elephant', 'ape']	neg	aff
A coin is a	currency	-8.651446	Ġcurrency	['special', 'two', 'geometric', 'fair', 'rectangular']	aff	aff
A coin is a	card	-8.154084	Ġcard	['special', 'two', 'geometric', 'fair', 'rectangular']	aff	neg
A coin is not a	card	-8.934089	Ġcard	['perfect', 'simple', 'rectangle', 'geometric', 'regular']	neg	neg
A coin is not a	currency	-4.9289484	Ġcurrency	['perfect', 'simple', 'rectangle', 'geometric', 'regular']	neg	aff
A hawk is a	bird	-0.3900833	Ġbird	['bird', 'large', 'type', 'member', 'predatory']	aff	aff
A hawk is a	fish	-11.551889	Ġfish	['bird', 'large', 'type', 'member', 'predatory']	aff	neg
A hawk is not a	fish	-3.272686	Ġfish	['bird', 'dog', 'fish', 'type', 'mamm']	neg	neg
A hawk is not a	bird	-0.7426567	Ġbird	['bird', 'dog', 'fish', 'type', 'mamm']	neg	aff
A shark is a	fish	-1.8994274	Ġfish	['fish', 'large', 'type', 'marine', 'predator']	aff	aff
A shark is a	mammal	-4.9685116	Ġmamm	['fish', 'large', 'type', 'marine', 'predator']	aff	neg
A shark is not a	mammal	-2.57135	Ġmamm	['fish', 'mamm', 'dog', 'bird', 'plant']	neg	neg
A shark is not a	fish	-0.64071655	Ġfish	['fish', 'mamm', 'dog', 'bird', 'plant']	neg	aff
A daffodil is a	flower	-1.8937225	Ġflower	['type', 'flower', 'bulb', 'plant', 'kind']	aff	aff
A daffodil is a	tool	-9.441357	Ġtool	['type', 'flower', 'bulb', 'plant', 'kind']	aff	neg
A daffodil is not a	tool	-10.041005	Ġtool	['l', 'flower', 'd', 'type', 'rose']	neg	neg
A daffodil is not a	flower	-2.0270424	Ġflower	['l', 'flower', 'd', 'type', 'rose']	neg	aff
A pansy is a	flower	-2.385189	Ġflower	['type', 'plant', 'flower', 'small', 'common']	aff	aff
A pansy is a	tool	-9.322712	Ġtool	['type', 'plant', 'flower', 'small', 'common']	aff	neg
A pansy is not a	tool	-9.19674	Ġtool	['flower', 'type', 'vegetable', 'plant', 'real']	neg	neg
A pansy is not a	flower	-1.4654751	Ġflower	['flower', 'type', 'vegetable', 'plant', 'real']	neg	aff
An elephant is an	animal	-0.63311577	Ġanimal	['animal', 'example', 'elephant', 'enormous', 'important']	aff	aff
An elephant is a	toy	-10.625373	Ġtoy	['large', 'mamm', 'very', 'quadr', 'type']	aff	neg
An elephant is not a	toy	-7.602703	Ġtoy	['mouse', 'dog', 'fish', 'bird', 'cat']	neg	neg
An elephant is not an	animal	-0.81409836	Ġanimal	['animal', 'ant', 'insect', 'elephant', 'ordinary']	neg	aff
A lion is a	carnivore	-2.0406113	Ġcarniv	['carniv', 'large', 'predator', 'member', 'mamm']	aff	aff
A lion is a	herbivore	-6.3182793	Ġherb	['carniv', 'large', 'predator', 'member', 'mamm']	aff	neg
A lion is not a	herbivore	-4.1742573	Ġherb	['dog', 'bird', 'cat', 'mamm', 'fish']	neg	neg
A lion is not a	carnivore	-5.123557	Ġcarniv	['dog', 'bird', 'cat', 'mamm', 'fish']	neg	aff
A gazelle is an	ungulate	-3.3628006	Ġung	['animal', 'African', 'herb', 'ant', 'ung']	aff	aff
A gazelle is a	predator	-6.3251343	Ġpredator	['type', 'fast', 'very', 'mamm', 'small']	aff	neg
A gazelle is not a	predator	-4.2662487	Ġpredator	['horse', 'dog', 'type', 'bird', 'cat']	neg	neg
A gazelle is not an	ungulate	-6.4993134	Ġung	['animal', 'ant', 'elephant', 'ox', 'endangered']	neg	aff
A cow is a	mammal	-2.2668228	Ġmamm	['mamm', 'domestic', 'quadr', 'large', 'r']	aff	aff
A cow is a	reptile	-8.816709	Ġrept	['mamm', 'domestic', 'quadr', 'large', 'r']	aff	neg
A cow is not a	reptile	-7.0734844	Ġrept	['dog', 'horse', 'fish', 'bird', 'mamm']	neg	neg
A cow is not a	mammal	-3.5188293	Ġmamm	['dog', 'horse', 'fish', 'bird', 'mamm']	neg	aff
A cow is an	animal	-0.86343384	Ġanimal	['animal', 'important', 'example', 'odd', 'herb']	aff	aff
A cow is a	plant	-7.1294813	Ġplant	['mamm', 'domestic', 'quadr', 'large', 'r']	aff	neg
A cow is not a	plant	-5.1818886	Ġplant	['dog', 'horse', 'fish', 'bird', 'mamm']	neg	neg
A cow is not an	animal	-1.115593	Ġanimal	['animal', 'ox', 'herb', 'apple', 'elephant']	neg	aff
A fish is a	vertebrate	-2.679634	Ġverte	['cold', 'type', 'verte', 'living', 'creature']	aff	aff
A fish is an	invertebrate	-3.3258018	Ġin	['animal', 'organism', 'aquatic', 'in', 'important']	aff	neg
A fish is not an	invertebrate	-3.4138374	Ġin	['animal', 'object', 'insect', 'amphib', 'organism']	neg	neg
A fish is not a	vertebrate	-6.671668	Ġverte	['fish', 'bird', 'mamm', 'plant', 'dog']	neg	aff
A mosquito is an	insect	-0.5995617	Ġinsect	['insect', 'important', 'ar', 'organism', 'animal']	aff	aff
A mosquito is a	mammal	-9.191098	Ġmamm	['small', 'tiny', 'flying', 'type', 'very']	aff	neg
A mosquito is not a	mammal	-3.213232	Ġmamm	['bird', 'fish', 'fly', 'mamm', 'butterfly']	neg	neg
A mosquito is not an	insect	-0.9681835	Ġinsect	['insect', 'animal', 'ant', 'amphib', 'organism']	neg	aff
A cathedral is a	building	-2.3678856	Ġbuilding	['large', 'church', 'Christian', 'building', 'place']	aff	aff
A cathedral is a	bird	-16.706411	Ġbird	['large', 'church', 'Christian', 'building', 'place']	aff	neg
A cathedral is not a	bird	-8.023935	Ġbird	['building', 'church', 'place', 'house', 'simple']	neg	neg
A cathedral is not a	building	-1.6305542	Ġbuilding	['building', 'church', 'place', 'house', 'simple']	neg	aff
A palace is a	building	-1.3319836	Ġbuilding	['building', 'large', 'place', 'grand', 'very']	aff	aff
A palace is a	bird	-9.983155	Ġbird	['building', 'large', 'place', 'grand', 'very']	aff	neg
A palace is not a	bird	-6.5880423	Ġbird	['house', 'place', 'building', 'home', 'castle']	neg	neg
A palace is not a	building	-2.5196133	Ġbuilding	['house', 'place', 'building', 'home', 'castle']	neg	aff
A snake is a	creature	-2.6143055	Ġcreature	['type', 'rept', 'creature', 'long', 'snake']	aff	aff
A snake is a	building	-10.274758	Ġbuilding	['type', 'rept', 'creature', 'long', 'snake']	aff	neg
A snake is not a	building	-10.691397	Ġbuilding	['fish', 'dog', 'mamm', 'bird', 'rept']	neg	neg
A snake is not a	creature	-7.7414637	Ġcreature	['fish', 'dog', 'mamm', 'bird', 'rept']	neg	aff
A human is a	vertebrate	-5.5898867	Ġverte	['complex', 'multic', 'living', 'social', 'person']	aff	aff
A human is a	plant	-6.9765244	Ġplant	['complex', 'multic', 'living', 'social', 'person']	aff	neg
A human is not a	plant	-4.240161	Ġplant	['machine', 'computer', 'robot', 'fish', 'dog']	neg	neg
A human is not a	vertebrate	-8.439806	Ġverte	['machine', 'computer', 'robot', 'fish', 'dog']	neg	aff
A rat is a	mammal	-2.4650116	Ġmamm	['rod', 'small', 'mamm', 'common', 'type']	aff	aff
A rat is a	bird	-6.4148874	Ġbird	['rod', 'small', 'mamm', 'common', 'type']	aff	neg
A rat is not a	bird	-2.7832184	Ġbird	['dog', 'bird', 'fish', 'mouse', 'cat']	neg	neg
A rat is not a	mammal	-3.6767445	Ġmamm	['dog', 'bird', 'fish', 'mouse', 'cat']	neg	aff
A fork is a	tool	-2.2194767	Ġtool	['tool', 'type', 'device', 'special', 'piece']	aff	aff
A fork is a	vegetable	-11.1252365	Ġvegetable	['tool', 'type', 'device', 'special', 'piece']	aff	neg
A fork is not a	vegetable	-8.124964	Ġvegetable	['spoon', 'knife', 'fork', 'tool', 'key']	neg	neg
A fork is not a	tool	-2.9458084	Ġtool	['spoon', 'knife', 'fork', 'tool', 'key']	neg	aff
A napkin is a	cloth	-4.3225994	Ġcloth	['small', 'piece', 'square', 'sheet', 'type']	aff	aff
A napkin is a	toy	-10.888307	Ġtoy	['small', 'piece', 'square', 'sheet', 'type']	aff	neg
A napkin is not a	toy	-5.70685	Ġtoy	['book', 'piece', 'part', 'place', 'meal']	neg	neg
A napkin is not a	cloth	-6.275687	Ġcloth	['book', 'piece', 'part', 'place', 'meal']	neg	aff
An airplane is a	machine	-2.6654491	Ġmachine	['vehicle', 'machine', 'flying', 'type', 'plane']	aff	aff
An airplane is a	bird	-6.061817	Ġbird	['vehicle', 'machine', 'flying', 'type', 'plane']	aff	neg
An airplane is not a	bird	-2.203888	Ġbird	['car', 'bird', 'plane', 'vehicle', 'very']	neg	neg
An airplane is not a	machine	-4.07393	Ġmachine	['car', 'bird', 'plane', 'vehicle', 'very']	neg	aff
A cucumber is a	fruit	-1.8851566	Ġfruit	['type', 'fruit', 'plant', 'kind', 'vegetable']	aff	aff
A cucumber is a	vegetable	-3.365858	Ġvegetable	['type', 'fruit', 'plant', 'kind', 'vegetable']	aff	neg
A cucumber is not a	vegetable	-0.89473915	Ġvegetable	['vegetable', 'fruit', 'tomato', 'plant', 'mel']	neg	neg
A cucumber is not a	fruit	-1.3985233	Ġfruit	['vegetable', 'fruit', 'tomato', 'plant', 'mel']	neg	aff
A trout is a	fish	-1.4804859	Ġfish	['fish', 'type', 'freshwater', 'cold', 'kind']	aff	aff
A trout is a	plant	-8.603715	Ġplant	['fish', 'type', 'freshwater', 'cold', 'kind']	aff	neg
A trout is not a	plant	-4.8751955	Ġplant	['fish', 'mamm', 'cat', 'bird', 'dog']	neg	neg
A trout is not a	fish	-0.6108475	Ġfish	['fish', 'mamm', 'cat', 'bird', 'dog']	neg	aff
A rat is an	animal	-0.8385658	Ġanimal	['animal', 'omn', 'important', 'intelligent', 'excellent']	aff	aff
A rat is a	person	-6.652051	Ġperson	['rod', 'small', 'mamm', 'common', 'type']	aff	neg
A rat is not a	person	-4.903199	Ġperson	['dog', 'bird', 'fish', 'mouse', 'cat']	neg	neg
A rat is not an	animal	-0.9939041	Ġanimal	['animal', 'insect', 'apple', 'ideal', 'endangered']	neg	aff
A chef is a	cook	-3.701311	Ġcook	['person', 'professional', 'chef', 'type', 'cook']	aff	aff
A chef is a	musician	-8.550354	Ġmusician	['person', 'professional', 'chef', 'type', 'cook']	aff	neg
A chef is not a	musician	-5.9073925	Ġmusician	['chef', 'cook', 'mathematic', 'professional', 'doctor']	neg	neg
A chef is not a	cook	-3.004198	Ġcook	['chef', 'cook', 'mathematic', 'professional', 'doctor']	neg	aff
A doctor is a	professional	-2.4014187	Ġprofessional	['person', 'professional', 'medical', 'doctor', 'specialist']	aff	aff
A doctor is a	toy	-14.256895	Ġtoy	['person', 'professional', 'medical', 'doctor', 'specialist']	aff	neg
A doctor is not a	toy	-8.349078	Ġtoy	['doctor', 'person', 'magician', 'teacher', 'lawyer']	neg	neg
A doctor is not a	professional	-4.5087767	Ġprofessional	['doctor', 'person', 'magician', 'teacher', 'lawyer']	neg	aff
A lawyer is an	attorney	-2.8003845	Ġattorney	['individual', 'expert', 'advocate', 'important', 'attorney']	aff	aff
A lawyer is a	plumber	-12.716342	Ġplumber	['person', 'professional', 'legal', 'member', 'lawyer']	aff	neg
A lawyer is not a	plumber	-7.125326	Ġplumber	['doctor', 'lawyer', 'judge', 'professional', 'person']	neg	neg
A lawyer is not an	attorney	-2.5447388	Ġattorney	['expert', 'attorney', 'employee', 'accountant', 'advocate']	neg	aff
A teacher is an	educator	-1.7020187	Ġeducator	['educator', 'important', 'individual', 'example', 'essential']	aff	aff
A teacher is a	cashier	-10.975175	Ġcashier	['person', 'role', 'professional', 'teacher', 'guide']	aff	neg
A teacher is not a	cashier	-9.290504	Ġcashier	['person', 'mere', 'teacher', 'robot', 'magician']	neg	neg
A teacher is not an	educator	-3.560812	Ġeducator	['actor', 'expert', 'authority', 'employee', 'instructor']	neg	aff
A textbook is a	book	-1.7143288	Ġbook	['book', 'collection', 'type', 'set', 'tool']	aff	aff
A textbook is a	flower	-12.119821	Ġflower	['book', 'collection', 'type', 'set', 'tool']	aff	neg
A textbook is not a	flower	-8.762693	Ġflower	['book', 'textbook', 'single', 'good', 'tool']	neg	neg
A textbook is not a	book	-1.9811249	Ġbook	['book', 'textbook', 'single', 'good', 'tool']	neg	aff
A lotus is a	flower	-2.4950657	Ġflower	['type', 'floating', 'flower', 'plant', 'beautiful']	aff	aff
A lotus is an	insect	-6.552696	Ġinsect	['aquatic', 'important', 'ancient', 'elegant', 'iconic']	aff	neg
A lotus is not an	insect	-4.081362	Ġinsect	['aquatic', 'animal', 'ordinary', 'orch', 'apple']	neg	neg
A lotus is not a	flower	-2.523552	Ġflower	['tree', 'type', 'flower', 'plant', 'c']	neg	aff
A frog is an	animal	-2.083786	Ġanimal	['amphib', 'animal', 'insect', 'important', 'aquatic']	aff	aff
A frog is a	toy	-9.768894	Ġtoy	['small', 'type', 'common', 'creature', 'kind']	aff	neg
A frog is not a	toy	-9.190153	Ġtoy	['fish', 'dog', 'bird', 'frog', 'mamm']	neg	neg
A frog is not an	animal	-0.91147614	Ġanimal	['animal', 'amphib', 'insect', 'ant', 'easy']	neg	aff
A petunia is a	flower	-2.661295	Ġflower	['type', 'plant', 'flower', 'flowering', 'kind']	aff	aff
A petunia is a	person	-10.168808	Ġperson	['type', 'plant', 'flower', 'flowering', 'kind']	aff	neg
A petunia is not a	person	-6.2905912	Ġperson	['flower', 'tomato', 'dog', 'plant', 'type']	neg	neg
A petunia is not a	flower	-2.8201332	Ġflower	['flower', 'tomato', 'dog', 'plant', 'type']	neg	aff
A kitchen is a	room	-3.3204594	Ġroom	['place', 'space', 'busy', 'room', 'small']	aff	aff
A kitchen is a	house	-7.529253	Ġhouse	['place', 'space', 'busy', 'room', 'small']	aff	neg
A kitchen is not a	house	-6.3266344	Ġhouse	['place', 'room', 'good', 'space', 'very']	neg	neg
A kitchen is not a	room	-3.100811	Ġroom	['place', 'room', 'good', 'space', 'very']	neg	aff
A sunflower is a	flower	-3.0395107	Ġflower	['plant', 'type', 'fascinating', 'flower', 'beautiful']	aff	aff
A sunflower is a	fruit	-9.189886	Ġfruit	['plant', 'type', 'fascinating', 'flower', 'beautiful']	aff	neg
A sunflower is not a	fruit	-7.7041416	Ġfruit	['flower', 'sun', 'plant', 'real', 'bird']	neg	neg
A sunflower is not a	flower	-0.4879036	Ġflower	['flower', 'sun', 'plant', 'real', 'bird']	neg	aff
A blade is a	tool	-1.7071953	Ġtool	['cutting', 'tool', 'sharp', 'type', 'flat']	aff	aff
A blade is a	building	-10.6221485	Ġbuilding	['cutting', 'tool', 'sharp', 'type', 'flat']	aff	neg
A blade is not a	building	-7.6147003	Ġbuilding	['weapon', 'tool', 'knife', 'blade', 'sword']	neg	neg
A blade is not a	tool	-2.2841492	Ġtool	['weapon', 'tool', 'knife', 'blade', 'sword']	neg	aff
A celery is a	vegetable	-1.8154526	Ġvegetable	['vegetable', 'type', 'plant', 'tall', 'long']	aff	aff
A celery is a	legume	-6.750453	Ġleg	['vegetable', 'type', 'plant', 'tall', 'long']	aff	neg
A celery is not a	legume	-5.1202593	Ġleg	['vegetable', 'fruit', 'root', 'carrot', 'plant']	neg	neg
A celery is not a	vegetable	-0.5131855	Ġvegetable	['vegetable', 'fruit', 'root', 'carrot', 'plant']	neg	aff
A cherry is a	fruit	-1.5764389	Ġfruit	['fruit', 'small', 'type', 'round', 'sweet']	aff	aff
A cherry is a	nut	-7.3032255	Ġnut	['fruit', 'small', 'type', 'round', 'sweet']	aff	neg
A cherry is not a	nut	-3.9631891	Ġnut	['fruit', 'cherry', 'berry', 'type', 'stone']	neg	neg
A cherry is not a	fruit	-1.1497364	Ġfruit	['fruit', 'cherry', 'berry', 'type', 'stone']	neg	aff
A peach is a	fruit	-1.3981495	Ġfruit	['fruit', 'type', 'round', 'small', 'kind']	aff	aff
A peach is a	meat	-9.839942	Ġmeat	['fruit', 'type', 'round', 'small', 'kind']	aff	neg
A peach is not a	meat	-8.697283	Ġmeat	['fruit', 'pear', 'grape', 'banana', 'tomato']	neg	neg
A peach is not a	fruit	-1.9607983	Ġfruit	['fruit', 'pear', 'grape', 'banana', 'tomato']	neg	aff
A giraffe is a	mammal	-1.7009754	Ġmamm	['mamm', 'type', 'tall', 'long', 'very']	aff	aff
A giraffe is a	bird	-7.896536	Ġbird	['mamm', 'type', 'tall', 'long', 'very']	aff	neg
A giraffe is not a	bird	-3.9372034	Ġbird	['gir', 'horse', 'dog', 'mamm', 'good']	neg	neg
A giraffe is not a	mammal	-2.924675	Ġmamm	['gir', 'horse', 'dog', 'mamm', 'good']	neg	aff
A leopard is a	mammal	-3.0886326	Ġmamm	['large', 'carniv', 'type', 'big', 'predator']	aff	aff
A leopard is a	reptile	-7.552188	Ġrept	['large', 'carniv', 'type', 'big', 'predator']	aff	neg
A leopard is not a	reptile	-5.575082	Ġrept	['dog', 'cat', 'fish', 'bear', 'mamm']	neg	neg
A leopard is not a	mammal	-3.3900805	Ġmamm	['dog', 'cat', 'fish', 'bear', 'mamm']	neg	aff
A penguin is a	bird	-1.0512104	Ġbird	['bird', 'flight', 'type', 'seab', 'cold']	aff	aff
A penguin is a	number	-10.718046	Ġnumber	['bird', 'flight', 'type', 'seab', 'cold']	aff	neg
A penguin is not a	number	-10.267327	Ġnumber	['fish', 'bird', 'bear', 'dog', 'mamm']	neg	neg
A penguin is not a	bird	-1.5104504	Ġbird	['fish', 'bird', 'bear', 'dog', 'mamm']	neg	aff
An orange is a	fruit	-1.4635277	Ġfruit	['fruit', 'type', 'sphere', 'round', 'good']	aff	aff
An orange is a	drink	-11.130384	Ġdrink	['fruit', 'type', 'sphere', 'round', 'good']	aff	neg
An orange is not a	drink	-8.587589	Ġdrink	['fruit', 'good', 'pear', 'pie', 'vegetable']	neg	neg
An orange is not a	fruit	-1.2294769	Ġfruit	['fruit', 'good', 'pear', 'pie', 'vegetable']	neg	aff
A bike is a	vehicle	-3.2099075	Ġvehicle	['great', 'type', 'good', 'vehicle', 'very']	aff	aff
A bike is a	tree	-8.895467	Ġtree	['great', 'type', 'good', 'vehicle', 'very']	aff	neg
A bike is not a	tree	-7.0352325	Ġtree	['car', 'vehicle', 'toy', 'bicycle', 'horse']	neg	neg
A bike is not a	vehicle	-2.651764	Ġvehicle	['car', 'vehicle', 'toy', 'bicycle', 'horse']	neg	aff
A turkey is a	bird	-0.7298546	Ġbird	['bird', 'large', 'type', 'domestic', 'mamm']	aff	aff
A turkey is an	animal	-1.610117	Ġanimal	['important', 'animal', 'omn', 'excellent', 'egg']	aff	neg
A turkey is not an	animal	-0.73036194	Ġanimal	['animal', 'egg', 'easy', 'insect', 'amphib']	neg	neg
A turkey is not a	bird	-0.9867897	Ġbird	['bird', 'fish', 'dog', 'chicken', 'mamm']	neg	aff
A dolphin is a	mammal	-1.9222851	Ġmamm	['marine', 'mamm', 'type', 'large', 'fish']	aff	aff
A dolphin is a	reptile	-8.058111	Ġrept	['marine', 'mamm', 'type', 'large', 'fish']	aff	neg
A dolphin is not a	reptile	-6.1153154	Ġrept	['fish', 'mamm', 'bird', 'whale', 'dog']	neg	neg
A dolphin is not a	mammal	-2.0818424	Ġmamm	['fish', 'mamm', 'bird', 'whale', 'dog']	neg	aff
A bluebird is a	bird	-1.8283272	Ġbird	['small', 'type', 'bird', 'song', 'kind']	aff	aff
A bluebird is a	color	-8.722069	Ġcolor	['small', 'type', 'bird', 'song', 'kind']	aff	neg
A bluebird is not a	color	-7.6076393	Ġcolor	['bird', 'type', 'song', 'kind', 'real']	neg	neg
A bluebird is not a	bird	-0.48987007	Ġbird	['bird', 'type', 'song', 'kind', 'real']	neg	aff
A willow is a	tree	-1.8870239	Ġtree	['type', 'tree', 'plant', 'wo', 'shr']	aff	aff
A willow is a	tool	-8.8161955	Ġtool	['type', 'tree', 'plant', 'wo', 'shr']	aff	neg
A willow is not a	tool	-9.899769	Ġtool	['tree', 'type', 'will', 'plant', 'shr']	neg	neg
A willow is not a	tree	-0.5693207	Ġtree	['tree', 'type', 'will', 'plant', 'shr']	neg	aff
A glass is a	container	-1.5719948	Ġcontainer	['container', 'cylinder', 'type', 'solid', 'simple']	aff	aff
A glass is a	plant	-10.596676	Ġplant	['container', 'cylinder', 'type', 'solid', 'simple']	aff	neg
A glass is not a	plant	-7.9420595	Ġplant	['rectangle', 'sphere', 'cube', 'liquid', 'cup']	neg	neg
A glass is not a	container	-3.6986217	Ġcontainer	['rectangle', 'sphere', 'cube', 'liquid', 'cup']	neg	aff
A bear is a	mammal	-2.4243088	Ġmamm	['large', 'mamm', 'carniv', 'member', 'quadr']	aff	aff
A bear is a	reptile	-8.508759	Ġrept	['large', 'mamm', 'carniv', 'member', 'quadr']	aff	neg
A bear is not a	reptile	-6.295493	Ġrept	['dog', 'fish', 'bird', 'bear', 'mamm']	neg	neg
A bear is not a	mammal	-3.2227497	Ġmamm	['dog', 'fish', 'bird', 'bear', 'mamm']	neg	aff
A glider is an	aircraft	-0.66763306	Ġaircraft	['aircraft', 'unmanned', 'airplane', 'instrument', 'object']	aff	aff
A glider is a	building	-8.671648	Ġbuilding	['type', 'small', 'toy', 'model', 'device']	aff	neg
A glider is not a	building	-7.7863445	Ġbuilding	['gl', 'plane', 'bird', 'type', 'real']	neg	neg
A glider is not an	aircraft	-0.93437576	Ġaircraft	['aircraft', 'airplane', 'aer', 'object', 'air']	neg	aff
A helicopter is an	aircraft	-0.22551346	Ġaircraft	['aircraft', 'aerial', 'airplane', 'important', 'air']	aff	aff
A helicopter is a	mammal	-12.295368	Ġmamm	['type', 'flying', 'machine', 'heavy', 'multi']	aff	neg
A helicopter is not a	mammal	-9.100892	Ġmamm	['plane', 'bird', 'car', 'typical', 'fixed']	neg	neg
A helicopter is not an	aircraft	-1.5388699	Ġaircraft	['airplane', 'aircraft', 'ordinary', 'automobile', 'aer']	neg	aff
A blender is a	machine	-2.6733036	Ġmachine	['kitchen', 'device', 'machine', 'tool', 'household']	aff	aff
A blender is a	toy	-8.985767	Ġtoy	['kitchen', 'device', 'machine', 'tool', 'household']	aff	neg
A blender is not a	toy	-3.6475334	Ġtoy	['kitchen', 'food', 'tool', 'machine', 'substitute']	neg	neg
A blender is not a	machine	-3.2104301	Ġmachine	['kitchen', 'food', 'tool', 'machine', 'substitute']	neg	aff
A toaster is a	machine	-6.159774	Ġmachine	['kitchen', 'common', 'device', 'household', 'type']	aff	aff
A toaster is a	food	-5.5507965	Ġfood	['kitchen', 'common', 'device', 'household', 'type']	aff	neg
A toaster is not a	food	-4.6621428	Ġfood	['computer', 'car', 'good', 'very', 'toaster']	neg	neg
A toaster is not a	machine	-4.408723	Ġmachine	['computer', 'car', 'good', 'very', 'toaster']	neg	aff
A phone is an	appliance	-4.275734	Ġappliance	['electronic', 'essential', 'important', 'object', 'electrical']	aff	aff
A phone is a	mammal	-12.303084	Ġmamm	['device', 'small', 'tool', 'communication', 'piece']	aff	neg
A phone is not a	mammal	-9.639808	ĠM	['phone', 'computer', 'toy', 'tool', 'book']	neg	neg
A phone is not an	appliance	-2.815588	Ġappliance	['object', 'app', 'appliance', 'essential', 'iPhone']	neg	aff
A toy is a	thing	-3.958002	Ġthing	['toy', 'device', 'small', 'tool', 'machine']	aff	aff
A toy is a	bird	-8.928641	Ġbird	['toy', 'device', 'small', 'tool', 'machine']	aff	neg
A toy is not a	bird	-6.1185036	Ġbird	['toy', 'good', 'product', 'tool', 'real']	neg	neg
A toy is not a	thing	-4.523012	Ġthing	['toy', 'good', 'product', 'tool', 'real']	neg	aff
A novel is a	book	-2.4504318	Ġbook	['work', 'type', 'book', 'long', 'form']	aff	aff
A novel is a	film	-10.035074	Ġfilm	['work', 'type', 'book', 'long', 'form']	aff	neg
A novel is not a	film	-4.7019196	Ġfilm	['novel', 'book', 'single', 'collection', 'series']	neg	neg
A novel is not a	book	-3.29887	Ġbook	['novel', 'book', 'single', 'collection', 'series']	neg	aff
A drum is an	instrument	-0.7771034	Ġinstrument	['instrument', 'object', 'important', 'ancient', 'acoustic']	aff	aff
A drum is a	toy	-9.737166	Ġtoy	['musical', 'percussion', 'cylindrical', 'type', 'large']	aff	neg
A drum is not a	toy	-5.0470123	Ġtoy	['drum', 'musical', 'circle', 'simple', 'percussion']	neg	neg
A drum is not an	instrument	-0.6839237	Ġinstrument	['instrument', 'object', 'animal', 'ordinary', 'electronic']	neg	aff
A movie is an	entertainment	-3.4244862	Ġentertainment	['art', 'audio', 'important', 'experience', 'artistic']	aff	aff
A movie is a	person	-6.8476534	Ġperson	['series', 'story', 'sequence', 'film', 'work']	aff	neg
A movie is not a	person	-6.0363503	Ġperson	['movie', 'book', 'film', 'good', 'work']	neg	neg
A movie is not an	entertainment	-3.7839546	Ġentertainment	['event', 'object', 'experience', 'art', 'entertainment']	neg	aff
A house is a	dwelling	-4.394512	Ġdwelling	['building', 'place', 'house', 'structure', 'home']	aff	aff
A house is a	waterway	-8.608171	Ġwater	['building', 'place', 'house', 'structure', 'home']	aff	neg
A house is not a	waterway	-9.585855	Ġwater	['house', 'home', 'place', 'building', 'car']	neg	neg
A house is not a	dwelling	-6.0543633	Ġdwelling	['house', 'home', 'place', 'building', 'car']	neg	aff
A river is a	waterway	-4.318844	Ġwater	['river', 'body', 'natural', 'system', 'large']	aff	aff
A river is a	mountain	-10.053148	Ġmountain	['river', 'body', 'natural', 'system', 'large']	aff	neg
A river is not a	mountain	-6.885188	Ġmountain	['river', 'stream', 'lake', 'body', 'simple']	neg	neg
A river is not a	waterway	-4.529415	Ġwater	['river', 'stream', 'lake', 'body', 'simple']	neg	aff
A girl is a	person	-5.1595135	Ġperson	['', 'member', 'girl', 'year', 'certain']	aff	aff
A girl is a	boy	-6.2307034	Ġboy	['', 'member', 'girl', 'year', 'certain']	aff	neg
A girl is not a	boy	-2.785757	Ġboy	['girl', 'boy', 'number', 'child', 'person']	neg	neg
A girl is not a	person	-3.4583158	Ġperson	['girl', 'boy', 'number', 'child', 'person']	neg	aff
A steak is a	food	-3.0935078	Ġfood	['cut', 'piece', 'type', 'large', 'food']	aff	aff
A steak is a	flower	-14.879738	Ġflower	['cut', 'piece', 'type', 'large', 'food']	aff	neg
A steak is not a	flower	-6.6064415	Ġflower	['steak', 'vegetable', 'fish', 'sandwich', 'food']	neg	neg
A steak is not a	food	-3.649866	Ġfood	['steak', 'vegetable', 'fish', 'sandwich', 'food']	neg	aff
A shoe is a	clothing	-7.414735	Ġclothing	['type', 'piece', 'shoe', 'part', 'product']	aff	aff
A shoe is a	furniture	-9.407986	Ġfurniture	['type', 'piece', 'shoe', 'part', 'product']	aff	neg
A shoe is not a	furniture	-7.3192863	Ġfurniture	['shoe', 'car', 'house', 'book', 'boat']	neg	neg
A shoe is not a	clothing	-7.051141	Ġclothing	['shoe', 'car', 'house', 'book', 'boat']	neg	aff
A computer is an	equipment	-7.134506	Ġequipment	['electronic', 'information', 'intelligent', 'important', 'automatic']	aff	aff
A computer is a	drink	-17.57101	Ġdrink	['device', 'machine', 'general', 'tool', 'digital']	aff	neg
A computer is not a	drink	-10.769885	Ġdrink	['computer', 'machine', 'magic', 'calculator', 'substitute']	neg	neg
A computer is not an	equipment	-9.026394	Ġequipment	['object', 'electronic', 'appliance', 'ordinary', 'end']	neg	aff
A mouse is a	rodent	-3.2802925	Ġrod	['small', 'common', 'type', 'very', 'rod']	aff	aff
A mouse is a	bird	-8.608012	Ġbird	['small', 'common', 'type', 'very', 'rod']	aff	neg
A mouse is not a	bird	-2.7322216	Ġbird	['fish', 'dog', 'mouse', 'bird', 'cat']	neg	neg
A mouse is not a	rodent	-5.7605333	Ġrod	['fish', 'dog', 'mouse', 'bird', 'cat']	neg	aff
A nail is a	metal	-4.6687536	Ġmetal	['small', 'type', 'sharp', 'cylindrical', 'fast']	aff	aff
A nail is a	paper	-8.958885	Ġpaper	['small', 'type', 'sharp', 'cylindrical', 'fast']	aff	neg
A nail is not a	paper	-7.221303	Ġpaper	['tool', 'part', 'good', 'bird', 'nail']	neg	neg
A nail is not a	metal	-6.3616276	Ġmetal	['tool', 'part', 'good', 'bird', 'nail']	neg	aff
A driver is a	person	-1.0422363	Ġperson	['person', 'key', 'professional', 'driver', 'type']	aff	aff
A driver is a	machine	-6.5130205	Ġmachine	['person', 'key', 'professional', 'driver', 'type']	aff	neg
A driver is not a	machine	-4.4878845	Ġmachine	['passenger', 'person', 'driver', 'professional', 'vehicle']	neg	neg
A driver is not a	person	-3.002451	Ġperson	['passenger', 'person', 'driver', 'professional', 'vehicle']	neg	aff
A lake is a	pond	-5.344864	Ġpond	['body', 'large', 'place', 'natural', 'water']	aff	aff
A lake is a	mountain	-10.983797	Ġmountain	['body', 'large', 'place', 'natural', 'water']	aff	neg
A lake is not a	mountain	-6.9284134	Ġmountain	['lake', 'closed', 'place', 'single', 'fish']	neg	neg
A lake is not a	pond	-3.5955143	Ġpond	['lake', 'closed', 'place', 'single', 'fish']	neg	aff
A duck is an	animal	-1.0223885	Ġanimal	['animal', 'example', 'aquatic', 'amphib', 'odd']	aff	aff
A duck is a	fruit	-9.573618	Ġfruit	['bird', 'type', 'water', 'small', 'common']	aff	neg
A duck is not a	fruit	-6.847824	Ġfruit	['bird', 'fish', 'duck', 'dog', 'chicken']	neg	neg
A duck is not an	animal	-0.8919544	Ġanimal	['animal', 'eagle', 'amphib', 'airplane', 'owl']	neg	aff
A mackerel is a	fish	-1.869564	Ġfish	['type', 'fish', 'kind', 'member', 'small']	aff	aff
A mackerel is a	bird	-7.4460917	Ġbird	['type', 'fish', 'kind', 'member', 'small']	aff	neg
A mackerel is not a	bird	-4.859848	Ġbird	['fish', 'type', 'kind', 'salmon', 'real']	neg	neg
A mackerel is not a	fish	-0.5734806	Ġfish	['fish', 'type', 'kind', 'salmon', 'real']	neg	aff
A vase is a	decoration	-7.36366	Ġdecoration	['container', 'type', 'vessel', 'hollow', 'special']	aff	aff
A vase is a	tool	-5.531044	Ġtool	['container', 'type', 'vessel', 'hollow', 'special']	aff	neg
A vase is not a	tool	-4.6200266	Ġtool	['vase', 'cup', 'container', 'functional', 'bowl']	neg	neg
A vase is not a	decoration	-5.2651453	Ġdecoration	['vase', 'cup', 'container', 'functional', 'bowl']	neg	aff
A cat is a	carnivore	-2.9890614	Ġcarniv	['domestic', 'common', 'carniv', 'very', 'mamm']	aff	aff
A cat is a	herbivore	-8.260992	Ġherb	['domestic', 'common', 'carniv', 'very', 'mamm']	aff	neg
A cat is not a	herbivore	-7.60553	Ġherb	['dog', 'bird', 'fish', 'mamm', 'good']	neg	neg
A cat is not a	carnivore	-7.1105404	Ġcarniv	['dog', 'bird', 'fish', 'mamm', 'good']	neg	aff
A school is a	place	-0.91479874	Ġplace	['place', 'community', 'social', 'micro', 'special']	aff	aff
A school is a	device	-9.9084015	Ġdevice	['place', 'community', 'social', 'micro', 'special']	aff	neg
A school is not a	device	-8.372589	Ġdevice	['place', 'school', 'building', 'collection', 'static']	neg	neg
A school is not a	place	-1.1357193	Ġplace	['place', 'school', 'building', 'collection', 'static']	neg	aff
A python is a	snake	-2.2841434	Ġsnake	['type', 'snake', 'very', '', 'creature']	aff	aff
A python is a	mammal	-6.836088	Ġmamm	['type', 'snake', 'very', '', 'creature']	aff	neg
A python is not a	mammal	-2.694418	Ġmamm	['snake', 'dog', 'mamm', 'cat', 'bird']	neg	neg
A python is not a	snake	-1.5562	Ġsnake	['snake', 'dog', 'mamm', 'cat', 'bird']	neg	aff
A hawk is an	animal	-1.282383	Ġanimal	['animal', 'important', 'eagle', 'aerial', 'apex']	aff	aff
A hawk is a	reptile	-9.181575	Ġrept	['bird', 'large', 'type', 'member', 'predatory']	aff	neg
A hawk is not a	reptile	-7.1035194	Ġrept	['bird', 'dog', 'fish', 'type', 'mamm']	neg	neg
A hawk is not an	animal	-1.1182003	Ġanimal	['animal', 'eagle', 'owl', 'insect', 'ordinary']	neg	aff
A beach is a	place	-2.094656	Ġplace	['land', 'place', 'long', 'coastal', 'strip']	aff	aff
A beach is an	ocean	-6.24835	Ġocean	['area', 'important', 'ex', 'extremely', 'open']	aff	neg
A beach is not an	ocean	-2.4173565	Ġocean	['island', 'ocean', 'isolated', 'easy', 'ordinary']	neg	neg
A beach is not a	place	-2.1230278	Ġplace	['place', 'desert', 'beach', 'natural', 'lake']	neg	aff
A carnation is a	flower	-1.8612099	Ġflower	['type', 'flower', 'plant', 'flowering', 'beautiful']	aff	aff
A carnation is a	bee	-11.870227	Ġbee	['type', 'flower', 'plant', 'flowering', 'beautiful']	aff	neg
A carnation is not a	bee	-8.141102	Ġbee	['flower', 'type', 'plant', 'd', 'rose']	neg	neg
A carnation is not a	flower	-1.6558075	Ġflower	['flower', 'type', 'plant', 'd', 'rose']	neg	aff
A shoe is a	footwear	-4.282694	Ġfootwear	['type', 'piece', 'shoe', 'part', 'product']	aff	aff
A shoe is a	tool	-3.9019794	Ġtool	['type', 'piece', 'shoe', 'part', 'product']	aff	neg
A shoe is not a	tool	-4.5114565	Ġtool	['shoe', 'car', 'house', 'book', 'boat']	neg	neg
A shoe is not a	footwear	-8.304234	Ġfootwear	['shoe', 'car', 'house', 'book', 'boat']	neg	aff
A sailboat is a	watercraft	-2.8830204	Ġwater	['vessel', 'type', 'boat', 'water', 'small']	aff	aff
A sailboat is a	building	-10.809452	Ġbuilding	['vessel', 'type', 'boat', 'water', 'small']	aff	neg
A sailboat is not a	building	-7.0053577	Ġbuilding	['car', 'motor', 'ship', 'boat', 'vehicle']	neg	neg
A sailboat is not a	watercraft	-6.2067986	Ġwater	['car', 'motor', 'ship', 'boat', 'vehicle']	neg	aff
A clown is a	performer	-2.7743168	Ġperformer	['person', 'professional', 'type', 'performer', 'character']	aff	aff
A clown is a	doctor	-9.688976	Ġdoctor	['person', 'professional', 'type', 'performer', 'character']	aff	neg
A clown is not a	doctor	-3.8921547	Ġdoctor	['clown', 'person', 'real', 'professional', 'character']	neg	neg
A clown is not a	performer	-4.6796293	Ġperformer	['clown', 'person', 'real', 'professional', 'character']	neg	aff
A dog is a	pet	-4.6305704	Ġpet	['mamm', 'quadr', 'dog', 'man', 'carniv']	aff	aff
A dog is a	fruit	-8.909245	Ġfruit	['mamm', 'quadr', 'dog', 'man', 'carniv']	aff	neg
A dog is not a	fruit	-6.3664036	Ġfruit	['cat', 'dog', 'human', 'bird', 'person']	neg	neg
A dog is not a	pet	-3.5048542	Ġpet	['cat', 'dog', 'human', 'bird', 'person']	neg	aff
A plate is an	utensil	-11.076715	Ġutens	['object', 'important', 'essential', 'element', 'electronic']	aff	aff
A plate is a	toy	-9.972579	Ġtoy	['flat', 'rectangular', 'thin', 'type', 'piece']	aff	neg
A plate is not a	toy	-6.242937	Ġtoy	['solid', 'rectangle', 'square', 'circle', 'plate']	neg	neg
A plate is not an	utensil	-9.818944	Ġutens	['object', 'island', 'apple', 'instrument', 'entity']	neg	aff
A rose is a	plant	-4.0522957	Ġplant	['flower', 'rose', 'type', 'red', 'beautiful']	aff	aff
A rose is a	bird	-7.7876444	Ġbird	['flower', 'rose', 'type', 'red', 'beautiful']	aff	neg
A rose is not a	bird	-5.5860376	Ġbird	['rose', 'red', 'plant', 'flower', 'dog']	neg	neg
A rose is not a	plant	-4.305935	Ġplant	['rose', 'red', 'plant', 'flower', 'dog']	neg	aff
A vase is a	container	-1.7051525	Ġcontainer	['container', 'type', 'vessel', 'hollow', 'special']	aff	aff
A vase is a	bird	-11.087468	Ġbird	['container', 'type', 'vessel', 'hollow', 'special']	aff	neg
A vase is not a	bird	-5.7268877	Ġbird	['vase', 'cup', 'container', 'functional', 'bowl']	neg	neg
A vase is not a	container	-3.6182718	Ġcontainer	['vase', 'cup', 'container', 'functional', 'bowl']	neg	aff
A linnet is a	bird	-1.827404	Ġbird	['small', 'bird', 'type', 'song', 'kind']	aff	aff
A linnet is a	flower	-8.991376	Ġflower	['small', 'bird', 'type', 'song', 'kind']	aff	neg
A linnet is not a	flower	-7.1443615	Ġflower	['type', 'bird', 'kind', ':Ċ', '__']	neg	neg
A linnet is not a	bird	-1.4114208	Ġbird	['type', 'bird', 'kind', ':Ċ', '__']	neg	aff
A wasp is an	insect	-0.19044113	Ġinsect	['insect', 'important', 'in', 'e', 'amazing']	aff	aff
A wasp is a	mammal	-11.246185	Ġmamm	['social', 'flying', 'type', 'was', 'member']	aff	neg
A wasp is not a	mammal	-5.99786	Ġmamm	['bee', 'butterfly', 'fly', 'bird', 'was']	neg	neg
A wasp is not an	insect	-0.46543884	Ġinsect	['insect', 'ant', 'animal', 'in', 'egg']	neg	aff
A jigsaw is a	tool	-2.8993607	Ġtool	['puzzle', 'type', 'tool', 'piece', 'device']	aff	aff
A jigsaw is a	toy	-4.0380917	Ġtoy	['puzzle', 'type', 'tool', 'piece', 'device']	aff	neg
A jigsaw is not a	toy	-3.0359268	Ġtoy	['tool', 'toy', 'puzzle', 'single', 'j']	neg	neg
A jigsaw is not a	tool	-2.357296	Ġtool	['tool', 'toy', 'puzzle', 'single', 'j']	neg	aff
A fig is a	fruit	-1.094038	Ġfruit	['fruit', 'sweet', 'type', 'small', 'f']	aff	aff
A fig is a	chair	-17.722433	Ġchair	['fruit', 'sweet', 'type', 'small', 'f']	aff	neg
A fig is not a	chair	-11.062696	Ġchair	['fruit', 'vegetable', 'tree', 'flower', 'plant']	neg	neg
A fig is not a	fruit	-1.2197819	Ġfruit	['fruit', 'vegetable', 'tree', 'flower', 'plant']	neg	aff
A sailboat is a	vessel	-1.9947872	Ġvessel	['vessel', 'type', 'boat', 'water', 'small']	aff	aff
A sailboat is a	box	-9.806087	Ġbox	['vessel', 'type', 'boat', 'water', 'small']	aff	neg
A sailboat is not a	box	-9.087612	Ġbox	['car', 'motor', 'ship', 'boat', 'vehicle']	neg	neg
A sailboat is not a	vessel	-4.4741716	Ġvessel	['car', 'motor', 'ship', 'boat', 'vehicle']	neg	aff
A sword is a	weapon	-1.3619862	Ġweapon	['weapon', 'type', 'cutting', 'tool', 'long']	aff	aff
A sword is a	flower	-15.229907	Ġflower	['weapon', 'type', 'cutting', 'tool', 'long']	aff	neg
A sword is not a	flower	-7.319627	Ġflower	['weapon', 'knife', 'sword', 'tool', 'magic']	neg	neg
A sword is not a	weapon	-1.8316898	Ġweapon	['weapon', 'knife', 'sword', 'tool', 'magic']	neg	aff
A trumpet is an	instrument	-0.63593674	Ġinstrument	['instrument', 'example', 'open', 'important', 'air']	aff	aff
A trumpet is a	rock	-14.104094	Ġrock	['musical', 'brass', 'type', 'wind', 'kind']	aff	neg
A trumpet is not a	rock	-8.084496	Ġrock	['musical', 'drum', 'trumpet', 'horn', 'flute']	neg	neg
A trumpet is not an	instrument	-0.84347725	Ġinstrument	['instrument', 'animal', 'acoustic', 'object', 'insect']	neg	aff
A pot is a	vessel	-2.7670555	Ġvessel	['container', 'vessel', 'type', 'device', 'cooking']	aff	aff
A pot is a	tool	-4.447814	Ġtool	['container', 'vessel', 'type', 'device', 'cooking']	aff	neg
A pot is not a	tool	-5.0901356	Ġtool	['container', 'pot', 'pan', 'good', 'cup']	neg	neg
A pot is not a	vessel	-4.093752	Ġvessel	['container', 'pot', 'pan', 'good', 'cup']	neg	aff
A tomato is a	fruit	-1.0731335	Ġfruit	['fruit', 'type', 'berry', 'good', 'kind']	aff	aff
A tomato is a	candy	-12.007143	Ġcandy	['fruit', 'type', 'berry', 'good', 'kind']	aff	neg
A tomato is not a	candy	-8.279272	Ġcandy	['vegetable', 'fruit', 'tomato', 'potato', 'fish']	neg	neg
A tomato is not a	fruit	-1.6159382	Ġfruit	['vegetable', 'fruit', 'tomato', 'potato', 'fish']	neg	aff
A clock is a	timepiece	-1.859787	Ġtime	['device', 'time', 'circular', 'mechanical', 'tool']	aff	aff
A clock is a	fruit	-12.9882345	Ġfruit	['device', 'time', 'circular', 'mechanical', 'tool']	aff	neg
A clock is not a	fruit	-11.469197	Ġfruit	['perfect', 'machine', 'clock', 'computer', 'digital']	neg	neg
A clock is not a	timepiece	-3.7863731	Ġtime	['perfect', 'machine', 'clock', 'computer', 'digital']	neg	aff
An alligator is a	reptile	-2.321804	Ġrept	['type', 'large', 'rept', 'cro', 'semi']	aff	aff
An alligator is a	mammal	-6.422615	Ġmamm	['type', 'large', 'rept', 'cro', 'semi']	aff	neg
An alligator is not a	mammal	-4.434189	Ġmamm	['fish', 'dinosaur', 'cro', 'rept', 'lizard']	neg	neg
An alligator is not a	reptile	-2.54109	Ġrept	['fish', 'dinosaur', 'cro', 'rept', 'lizard']	neg	aff
A strawberry is a	fruit	-1.2936668	Ġfruit	['fruit', 'type', 'berry', 'sweet', 'red']	aff	aff
A strawberry is a	vegetable	-8.338586	Ġvegetable	['fruit', 'type', 'berry', 'sweet', 'red']	aff	neg
A strawberry is not a	vegetable	-2.5789776	Ġvegetable	['fruit', 'berry', 'vegetable', 'fish', 'tomato']	neg	neg
A strawberry is not a	fruit	-1.7070808	Ġfruit	['fruit', 'berry', 'vegetable', 'fish', 'tomato']	neg	aff
A eucalyptus is a	tree	-1.3051758	Ġtree	['tree', 'type', 'large', 'tall', 'kind']	aff	aff
A eucalyptus is a	river	-11.740997	Ġriver	['tree', 'type', 'large', 'tall', 'kind']	aff	neg
A eucalyptus is not a	river	-10.329032	Ġriver	['tree', 'type', 'true', 'fruit', 'c']	neg	neg
A eucalyptus is not a	tree	-0.99699783	Ġtree	['tree', 'type', 'true', 'fruit', 'c']	neg	aff
A pony is an	animal	-0.8447609	Ġanimal	['animal', 'equ', 'odd', 'important', 'herb']	aff	aff
A pony is a	fruit	-9.383077	Ġfruit	['horse', 'type', 'mamm', '', 'kind']	aff	neg
A pony is not a	fruit	-9.762809	Ġfruit	['horse', 'dog', 'mamm', 'don', 'm']	neg	neg
A pony is not an	animal	-0.68193054	Ġanimal	['animal', 'ox', 'elephant', 'equ', 'herb']	neg	aff
A puppy is an	animal	-0.9792061	Ġanimal	['animal', 'adorable', 'important', 'immature', 'infant']	aff	aff
A puppy is a	human	-5.4127455	Ġhuman	['young', 'dog', 'mamm', 'small', 'child']	aff	neg
A puppy is not a	human	-3.1963959	Ġhuman	['dog', 'pet', 'cat', 'child', 'person']	neg	neg
A puppy is not an	animal	-1.1483917	Ġanimal	['animal', 'adult', 'appropriate', 'infant', 'elephant']	neg	aff
A motorcycle is a	vehicle	-1.5333939	Ġvehicle	['vehicle', 'type', 'two', 'motorcycle', 'motor']	aff	aff
A motorcycle is an	animal	-5.795083	Ġanimal	['automobile', 'important', 'extremely', 'engine', 'expensive']	aff	neg
A motorcycle is not an	animal	-2.5697918	Ġanimal	['automobile', 'airplane', 'animal', 'ordinary', 'electric']	neg	neg
A motorcycle is not a	vehicle	-2.688036	Ġvehicle	['car', 'bicycle', 'vehicle', 'horse', 'type']	neg	aff
A zucchini is a	vegetable	-2.8226147	Ġvegetable	['type', 'vegetable', 'member', 'summer', 'kind']	aff	aff
A zucchini is a	fruit	-4.035591	Ġfruit	['type', 'vegetable', 'member', 'summer', 'kind']	aff	neg
A zucchini is not a	fruit	-3.1476555	Ġfruit	['vegetable', 'squash', 'cucumber', 'z', 'potato']	neg	neg
A zucchini is not a	vegetable	-1.8289585	Ġvegetable	['vegetable', 'squash', 'cucumber', 'z', 'potato']	neg	aff
A lion is an	animal	-1.6655121	Ġanimal	['apex', 'animal', 'important', 'example', 'omn']	aff	aff
A lion is a	bird	-6.814349	Ġbird	['carniv', 'large', 'predator', 'member', 'mamm']	aff	neg
A lion is not a	bird	-2.4779873	Ġbird	['dog', 'bird', 'cat', 'mamm', 'fish']	neg	neg
A lion is not an	animal	-0.94826317	Ġanimal	['animal', 'herb', 'insect', 'endangered', 'elephant']	neg	aff
A hat is a	clothing	-6.592041	Ġclothing	['type', 'piece', 'kind', 'round', 'part']	aff	aff
A hat is a	furniture	-10.330469	Ġfurniture	['type', 'piece', 'kind', 'round', 'part']	aff	neg
A hat is not a	furniture	-8.590622	Ġfurniture	['hat', 'piece', 'toy', 'part', 'helmet']	neg	neg
A hat is not a	clothing	-6.0176306	Ġclothing	['hat', 'piece', 'toy', 'part', 'helmet']	neg	aff
A glass is a	material	-6.8258066	Ġmaterial	['container', 'cylinder', 'type', 'solid', 'simple']	aff	aff
A glass is a	man	-7.3987722	Ġman	['container', 'cylinder', 'type', 'solid', 'simple']	aff	neg
A glass is not a	man	-7.3701563	Ġman	['rectangle', 'sphere', 'cube', 'liquid', 'cup']	neg	neg
A glass is not a	material	-8.832011	Ġmaterial	['rectangle', 'sphere', 'cube', 'liquid', 'cup']	neg	aff
A pizza is a	food	-8.4535475	Ġfood	['circle', 'circular', 'perfect', 'solid', 'flat']	aff	aff
A pizza is a	drink	-12.511566	Ġdrink	['circle', 'circular', 'perfect', 'solid', 'flat']	aff	neg
A pizza is not a	drink	-8.660428	Ġdrink	['circle', 'perfect', 'square', 'rectangle', 'sphere']	neg	neg
A pizza is not a	food	-5.7072687	Ġfood	['circle', 'perfect', 'square', 'rectangle', 'sphere']	neg	aff
A game is an	entertainment	-5.2821274	Ġentertainment	['activity', 'interactive', 'organized', 'abstract', 'event']	aff	aff
A game is a	person	-8.546516	Ġperson	['set', 'game', 'structured', 'form', 'process']	aff	neg
A game is not a	person	-7.7471886	Ġperson	['game', 'zero', 'contest', 'competition', 'series']	neg	neg
A game is not an	entertainment	-5.1662426	Ġentertainment	['event', 'algorithm', 'end', 'object', 'activity']	neg	aff
A leopard is an	animal	-0.9281597	Ġanimal	['animal', 'apex', 'important', 'endangered', 'amazing']	aff	aff
A leopard is an	amphibian	-7.157591	Ġamphib	['animal', 'apex', 'important', 'endangered', 'amazing']	aff	neg
A leopard is not an	amphibian	-3.9350567	Ġamphib	['animal', 'endangered', 'eagle', 'elephant', 'ant']	neg	neg
A leopard is not an	animal	-0.92077255	Ġanimal	['animal', 'endangered', 'eagle', 'elephant', 'ant']	neg	aff
A giraffe is an	animal	-0.903965	Ġanimal	['animal', 'odd', 'African', 'example', 'unusual']	aff	aff
A giraffe is an	insect	-8.35752	Ġinsect	['animal', 'odd', 'African', 'example', 'unusual']	aff	neg
A giraffe is not an	insect	-4.234352	Ġinsect	['ant', 'animal', 'ordinary', 'elephant', 'average']	neg	neg
A giraffe is not an	animal	-1.4185238	Ġanimal	['ant', 'animal', 'ordinary', 'elephant', 'average']	neg	aff
A seal is a	mammal	-7.665599	Ġmamm	['type', 'small', 'special', 'device', 'seal']	aff	aff
A seal is a	bird	-7.5063496	Ġbird	['type', 'small', 'special', 'device', 'seal']	aff	neg
A seal is not a	bird	-3.4533758	Ġbird	['fish', 'mamm', 'seal', 'dog', 'bird']	neg	neg
A seal is not a	mammal	-1.933651	Ġmamm	['fish', 'mamm', 'seal', 'dog', 'bird']	neg	aff
A ruler is a	stationary	-8.984422	Ġstationary	['tool', 'straight', 'measuring', 'device', 'common']	aff	aff
A ruler is a	toy	-8.01355	Ġtoy	['tool', 'straight', 'measuring', 'device', 'common']	aff	neg
A ruler is not a	toy	-6.5033016	Ġtoy	['straight', 'ruler', 'good', 'tool', 'measuring']	neg	neg
A ruler is not a	stationary	-7.930048	Ġstationary	['straight', 'ruler', 'good', 'tool', 'measuring']	neg	aff
A phone is an	electronics	-7.218045	Ġelectronics	['electronic', 'essential', 'important', 'object', 'electrical']	aff	aff
A phone is a	toy	-7.2756605	Ġtoy	['device', 'small', 'tool', 'communication', 'piece']	aff	neg
A phone is not a	toy	-3.0290337	Ġtoy	['phone', 'computer', 'toy', 'tool', 'book']	neg	neg
A phone is not an	electronics	-6.8530636	Ġelectronics	['object', 'app', 'appliance', 'essential', 'iPhone']	neg	aff
A cat is a	predator	-4.028281	Ġpredator	['domestic', 'common', 'carniv', 'very', 'mamm']	aff	aff
A cat is a	thing	-7.4803247	Ġthing	['domestic', 'common', 'carniv', 'very', 'mamm']	aff	neg
A cat is not a	thing	-8.824835	Ġthing	['dog', 'bird', 'fish', 'mamm', 'good']	neg	neg
A cat is not a	predator	-8.000703	Ġpredator	['dog', 'bird', 'fish', 'mamm', 'good']	neg	aff
A mineral is a	thing	-12.5127325	Ġthing	['naturally', 'natural', 'solid', 'pure', 'substance']	aff	aff
A mineral is an	animal	-10.904791	Ġanimal	['in', 'element', 'object', 'naturally', 'Earth']	aff	neg
A mineral is not an	animal	-2.4943867	Ġanimal	['element', 'organic', 'animal', 'organism', 'object']	neg	neg
A mineral is not a	thing	-6.614794	Ġthing	['mineral', 'living', 'rock', 'plant', 'metal']	neg	aff
A carrot is a	food	-3.4745464	Ġfood	['type', 'root', 'vegetable', 'plant', 'long']	aff	aff
A carrot is a	fruit	-5.0007906	Ġfruit	['type', 'root', 'vegetable', 'plant', 'long']	aff	neg
A carrot is not a	fruit	-1.8580551	Ġfruit	['vegetable', 'fruit', 'food', 'plant', 'tree']	neg	neg
A carrot is not a	food	-3.3793602	Ġfood	['vegetable', 'fruit', 'food', 'plant', 'tree']	neg	aff
An oak is a	tree	-1.5204792	Ġtree	['tree', 'type', 'large', 'decid', 'tall']	aff	aff
An oak is a	flower	-9.638014	Ġflower	['tree', 'type', 'large', 'decid', 'tall']	aff	neg
An oak is not a	flower	-5.1488504	Ġflower	['tree', 'fruit', 'type', 'nut', 'plant']	neg	neg
An oak is not a	tree	-0.8838577	Ġtree	['tree', 'fruit', 'type', 'nut', 'plant']	neg	aff
A beneficiary is a	person	-0.3082199	Ġperson	['person', 'party', 'beneficiary', 'natural', 'third']	aff	aff
A beneficiary is a	device	-9.443445	Ġdevice	['person', 'party', 'beneficiary', 'natural', 'third']	aff	neg
A beneficiary is not a	device	-10.891274	Ġdevice	['party', 'taxpayer', 'person', 'shareholder', 'participant']	neg	neg
A beneficiary is not a	person	-2.641407	Ġperson	['party', 'taxpayer', 'person', 'shareholder', 'participant']	neg	aff
A doctor is a	human	-5.6718807	Ġhuman	['person', 'professional', 'medical', 'doctor', 'specialist']	aff	aff
A doctor is a	machine	-10.011012	Ġmachine	['person', 'professional', 'medical', 'doctor', 'specialist']	aff	neg
A doctor is not a	machine	-4.635666	Ġmachine	['doctor', 'person', 'magician', 'teacher', 'lawyer']	neg	neg
A doctor is not a	human	-6.157652	Ġhuman	['doctor', 'person', 'magician', 'teacher', 'lawyer']	neg	aff
A teacher is a	human	-4.752037	Ġhuman	['person', 'role', 'professional', 'teacher', 'guide']	aff	aff
A teacher is a	desk	-14.835913	Ġdesk	['person', 'role', 'professional', 'teacher', 'guide']	aff	neg
A teacher is not a	desk	-11.5101795	Ġdesk	['person', 'mere', 'teacher', 'robot', 'magician']	neg	neg
A teacher is not a	human	-5.5835934	Ġhuman	['person', 'mere', 'teacher', 'robot', 'magician']	neg	aff
A student is a	human	-9.66657	Ġhuman	['member', 'participant', 'fan', '', 'certain']	aff	aff
A student is a	book	-6.507106	Ġbook	['member', 'participant', 'fan', '', 'certain']	aff	neg
A student is not a	book	-4.8514557	Ġbook	['number', 'good', 'student', 'robot', 'mathematic']	neg	neg
A student is not a	human	-6.0567055	Ġhuman	['number', 'good', 'student', 'robot', 'mathematic']	neg	aff
A horse is a	herbivore	-4.7163267	Ġherb	['quadr', 'horse', 'mamm', 'type', 'very']	aff	aff
A horse is a	mineral	-10.67755	Ġmineral	['quadr', 'horse', 'mamm', 'type', 'very']	aff	neg
A horse is not a	mineral	-8.124076	Ġmineral	['dog', 'horse', 'bird', 'cow', 'cat']	neg	neg
A horse is not a	herbivore	-6.700307	Ġherb	['dog', 'horse', 'bird', 'cow', 'cat']	neg	aff
A suit is a	clothing	-5.9492292	Ġclothing	['type', 'formal', 'garment', 'set', 'piece']	aff	aff
A suit is a	house	-9.88795	Ġhouse	['type', 'formal', 'garment', 'set', 'piece']	aff	neg
A suit is not a	house	-5.092842	Ġhouse	['suit', 'dress', 'piece', 'coat', 'type']	neg	neg
A suit is not a	clothing	-5.817505	Ġclothing	['suit', 'dress', 'piece', 'coat', 'type']	neg	aff
A road is a	structure	-5.3055553	Ġstructure	['place', 'long', 'network', 'straight', 'path']	aff	aff
A road is an	animal	-8.576108	Ġanimal	['important', 'essential', 'engineering', 'open', 'example']	aff	neg
A road is not an	animal	-5.0397444	Ġanimal	['island', 'object', 'empty', 'obstacle', 'end']	neg	neg
A road is not a	structure	-6.954747	Ġstructure	['straight', 'river', 'road', 'place', 'street']	neg	aff
A roof is a	structure	-2.3640842	Ġstructure	['structure', 'covering', 'roof', 'part', 'building']	aff	aff
A roof is a	toy	-14.861662	Ġtoy	['structure', 'covering', 'roof', 'part', 'building']	aff	neg
A roof is not a	toy	-7.9986496	Ġtoy	['roof', 'flat', 'simple', 'building', 'wall']	neg	neg
A roof is not a	structure	-3.941864	Ġstructure	['roof', 'flat', 'simple', 'building', 'wall']	neg	aff
A mirror is a	glass	-5.461689	Ġglass	['surface', 'reflective', 'device', 'plane', 'special']	aff	aff
A mirror is a	table	-8.960851	Ġtable	['surface', 'reflective', 'device', 'plane', 'special']	aff	neg
A mirror is not a	table	-8.0795555	Ġtable	['window', 'mirror', 'perfect', 'surface', 'physical']	neg	neg
A mirror is not a	glass	-5.791108	Ġglass	['window', 'mirror', 'perfect', 'surface', 'physical']	neg	aff
A mouse is a	pest	-6.908345	Ġpest	['small', 'common', 'type', 'very', 'rod']	aff	aff
A mouse is a	fish	-11.104233	Ġfish	['small', 'common', 'type', 'very', 'rod']	aff	neg
A mouse is not a	fish	-2.3635254	Ġfish	['fish', 'dog', 'mouse', 'bird', 'cat']	neg	neg
A mouse is not a	pest	-9.026862	Ġpest	['fish', 'dog', 'mouse', 'bird', 'cat']	neg	aff
A horse is a	beast	-4.786789	Ġbeast	['quadr', 'horse', 'mamm', 'type', 'very']	aff	aff
A horse is a	lion	-10.968162	Ġlion	['quadr', 'horse', 'mamm', 'type', 'very']	aff	neg
A horse is not a	lion	-6.2260237	Ġlion	['dog', 'horse', 'bird', 'cow', 'cat']	neg	neg
A horse is not a	beast	-7.305372	Ġbeast	['dog', 'horse', 'bird', 'cow', 'cat']	neg	aff
A sparrow is an	animal	-1.7942295	Ġanimal	['animal', 'ordinary', 'insect', 'important', 'interesting']	aff	aff
A sparrow is a	mammal	-7.747401	Ġmamm	['small', 'bird', 'common', 'type', 'kind']	aff	neg
A sparrow is not a	mammal	-5.529668	Ġmamm	['bird', 'par', 'pigeon', 'chicken', 'type']	neg	neg
A sparrow is not an	animal	-1.6202374	Ġanimal	['animal', 'eagle', 'owl', 'insect', 'ant']	neg	aff
A fish is a	food	-7.6198883	Ġfood	['cold', 'type', 'verte', 'living', 'creature']	aff	aff
A fish is a	mineral	-8.408302	min	['cold', 'type', 'verte', 'living', 'creature']	aff	neg
A fish is not a	mineral	-5.80956	Ġmineral	['fish', 'bird', 'mamm', 'plant', 'dog']	neg	neg
A fish is not a	food	-4.377597	Ġfood	['fish', 'bird', 'mamm', 'plant', 'dog']	neg	aff
A house is a	residence	-6.8784037	Ġresidence	['building', 'place', 'house', 'structure', 'home']	aff	aff
A house is a	furniture	-10.008643	Ġfurniture	['building', 'place', 'house', 'structure', 'home']	aff	neg
A house is not a	furniture	-7.661132	Ġfurniture	['house', 'home', 'place', 'building', 'car']	neg	neg
A house is not a	residence	-7.1293583	Ġresidence	['house', 'home', 'place', 'building', 'car']	neg	aff
A lamp is an	electronics	-9.005357	Ġelectronics	['electrical', 'important', 'essential', 'object', 'apparatus']	aff	aff
A lamp is a	room	-8.305358	Ġroom	['device', 'light', 'source', 'lighting', 'small']	aff	neg
A lamp is not a	room	-7.6741343	Ġroom	['lamp', 'light', 'source', 'good', 'part']	neg	neg
A lamp is not an	electronics	-8.699981	Ġelectronics	['object', 'appliance', 'essential', 'ordinary', 'instrument']	neg	aff
A cloud is a	sky	-7.628976	Ġsky	['visible', 'collection', 'mass', 'large', 'type']	aff	aff
A cloud is a	ground	-11.549926	Ġground	['visible', 'collection', 'mass', 'large', 'type']	aff	neg
A cloud is not a	ground	-9.900873	Ġground	['cloud', 'liquid', 'solid', 'thing', 'bird']	neg	neg
A cloud is not a	sky	-7.870532	Ġsky	['cloud', 'liquid', 'solid', 'thing', 'bird']	neg	aff
A school is an	education	-5.0434647	Ġeducation	['institution', 'educational', 'organization', 'important', 'entity']	aff	aff
A school is a	fruit	-9.757413	Ġfruit	['place', 'community', 'social', 'micro', 'special']	aff	neg
A school is not a	fruit	-8.863316	Ġfruit	['place', 'school', 'building', 'collection', 'static']	neg	neg
A school is not an	education	-6.592846	Ġeducation	['institution', 'island', 'isolated', 'empty', 'end']	neg	aff
An elephant is a	herbivore	-5.0839596	Ġherb	['large', 'mamm', 'very', 'quadr', 'type']	aff	aff
An elephant is a	plant	-8.777104	Ġplant	['large', 'mamm', 'very', 'quadr', 'type']	aff	neg
An elephant is not a	plant	-7.1034527	Ġplant	['mouse', 'dog', 'fish', 'bird', 'cat']	neg	neg
An elephant is not a	herbivore	-8.061656	Ġherb	['mouse', 'dog', 'fish', 'bird', 'cat']	neg	aff
A radish is a	vegetable	-2.2151585	Ġvegetable	['root', 'type', 'vegetable', 'plant', 'common']	aff	aff
A radish is a	flower	-6.9476604	Ġflower	['root', 'type', 'vegetable', 'plant', 'common']	aff	neg
A radish is not a	flower	-4.385523	Ġflower	['vegetable', 'fruit', 'root', 'potato', 'carrot']	neg	neg
A radish is not a	vegetable	-0.80138016	Ġvegetable	['vegetable', 'fruit', 'root', 'potato', 'carrot']	neg	aff
A rock is an	aggregate	-2.8493233	Ġaggregate	['object', 'in', 'aggregate', 'important', 'example']	aff	aff
A rock is a	toy	-8.507938	Ġtoy	['solid', 'type', 'hard', 'chunk', 'common']	aff	neg
A rock is not a	toy	-6.4105015	Ġtoy	['planet', 'rock', 'liquid', 'mineral', 'living']	neg	neg
A rock is not an	aggregate	-6.6949997	Ġaggregate	['animal', 'element', 'object', 'atom', 'organism']	neg	aff
A tree is an	organism	-18.12331	Ġorganism	['und', 'ac', 'un', 'ordered', 'Und']	aff	aff
A tree is a	mammal	-14.352092	Ġmamm	['connected', 'graph', 'tree', 'type', 'special']	aff	neg
A tree is not a	mammal	-9.90246	Ġmamm	['tree', 'graph', 'plan', 'plant', 'group']	neg	neg
A tree is not an	organism	-3.8676014	Ġorganism	['animal', 'object', 'und', 'ac', 'empty']	neg	aff
A car is a	transport	-6.584771	Ġtransport	['vehicle', 'complex', 'machine', 'type', 'car']	aff	aff
A car is a	horse	-9.784559	Ġhorse	['vehicle', 'complex', 'machine', 'type', 'car']	aff	neg
A car is not a	horse	-4.490803	Ġhorse	['car', 'bicycle', 'person', 'good', 'bird']	neg	neg
A car is not a	transport	-9.417432	Ġtransport	['car', 'bicycle', 'person', 'good', 'bird']	neg	aff
An instrument is a	tool	-1.6876564	Ġtool	['device', 'tool', 'type', 'measuring', 'general']	aff	aff
An instrument is a	place	-9.096899	Ġplace	['device', 'tool', 'type', 'measuring', 'general']	aff	neg
An instrument is not a	place	-6.513446	Ġplace	['tool', 'machine', 'device', 'thing', 'mere']	neg	neg
An instrument is not a	tool	-2.7556534	Ġtool	['tool', 'machine', 'device', 'thing', 'mere']	neg	aff
A plant is an	organism	-0.6824894	Ġorganism	['organism', 'example', 'important', 'aut', 'essential']	aff	aff
A plant is a	toy	-11.595569	Ġtoy	['living', 'plant', 'complex', 'type', 'beautiful']	aff	neg
A plant is not a	toy	-6.640314	Ġtoy	['living', 'plant', 'machine', 'person', 'tree']	neg	neg
A plant is not an	organism	-1.1800652	Ġorganism	['animal', 'organism', 'object', 'individual', 'independent']	neg	aff
A wolf is an	animal	-1.9700432	Ġanimal	['apex', 'animal', 'important', 'omn', 'example']	aff	aff
A wolf is a	person	-8.338831	Ġperson	['carniv', 'large', 'member', 'predator', 'mamm']	aff	neg
A wolf is not a	person	-6.6451244	Ġperson	['dog', 'bird', 'cat', 'fish', 'wolf']	neg	neg
A wolf is not an	animal	-0.8975353	Ġanimal	['animal', 'eagle', 'herb', 'insect', 'endangered']	neg	aff
A table is a	surface	-5.1073275	Ġsurface	['type', 'table', 'common', 'rectangular', 'collection']	aff	aff
A table is a	house	-10.102859	Ġhouse	['type', 'table', 'common', 'rectangular', 'collection']	aff	neg
A table is not a	house	-6.7544317	Ġhouse	['rectangle', 'good', 'computer', 'machine', 'chair']	neg	neg
A table is not a	surface	-6.273178	Ġsurface	['rectangle', 'good', 'computer', 'machine', 'chair']	neg	aff
A bear is an	animal	-1.1008778	Ġanimal	['animal', 'omn', 'apex', 'important', 'example']	aff	aff
A bear is a	human	-8.370883	Ġhuman	['large', 'mamm', 'carniv', 'member', 'quadr']	aff	neg
A bear is not a	human	-4.2128115	Ġhuman	['dog', 'fish', 'bird', 'bear', 'mamm']	neg	neg
A bear is not an	animal	-0.6129379	Ġanimal	['animal', 'insect', 'amphib', 'endangered', 'easy']	neg	aff
A horse is a	vertebrate	-6.079417	Ġverte	['quadr', 'horse', 'mamm', 'type', 'very']	aff	aff
A horse is a	fish	-10.686624	Ġfish	['quadr', 'horse', 'mamm', 'type', 'very']	aff	neg
A horse is not a	fish	-3.5698252	Ġfish	['dog', 'horse', 'bird', 'cow', 'cat']	neg	neg
A horse is not a	vertebrate	-7.8265095	Ġverte	['dog', 'horse', 'bird', 'cow', 'cat']	neg	aff
A plane is a	transport	-12.18441	Ġtransport	['flat', 'surface', 'two', 'set', 'figure']	aff	aff
A plane is a	flower	-14.575214	Ġflower	['flat', 'surface', 'two', 'set', 'figure']	aff	neg
A plane is not a	flower	-11.345203	Ġflower	['polygon', 'poly', 'plane', 'line', 'surface']	neg	neg
A plane is not a	transport	-13.1451645	Ġtransport	['polygon', 'poly', 'plane', 'line', 'surface']	neg	aff
A carrot is a	root	-2.0652905	Ġroot	['type', 'root', 'vegetable', 'plant', 'long']	aff	aff
A carrot is a	building	-10.805987	Ġbuilding	['type', 'root', 'vegetable', 'plant', 'long']	aff	neg
A carrot is not a	building	-9.223959	Ġbuilding	['vegetable', 'fruit', 'food', 'plant', 'tree']	neg	neg
A carrot is not a	root	-5.992119	Ġroot	['vegetable', 'fruit', 'food', 'plant', 'tree']	neg	aff
A cow is a	pet	-8.777662	Ġpet	['mamm', 'domestic', 'quadr', 'large', 'r']	aff	aff
A cow is an	insect	-7.068308	Ġinsect	['animal', 'important', 'example', 'odd', 'herb']	aff	neg
A cow is not an	insect	-3.39011	Ġinsect	['animal', 'ox', 'herb', 'apple', 'elephant']	neg	neg
A cow is not a	pet	-4.913742	Ġpet	['dog', 'horse', 'fish', 'bird', 'mamm']	neg	aff
A carrot is a	herb	-6.559042	Ġherb	['type', 'root', 'vegetable', 'plant', 'long']	aff	aff
A carrot is a	pest	-13.335416	Ġpest	['type', 'root', 'vegetable', 'plant', 'long']	aff	neg
A carrot is not a	pest	-10.376983	Ġpest	['vegetable', 'fruit', 'food', 'plant', 'tree']	neg	neg
A carrot is not a	herb	-7.413658	Ġherb	['vegetable', 'fruit', 'food', 'plant', 'tree']	neg	aff
A vitamin is a	nutrient	-1.4386635	Ġnutrient	['nutrient', 'chemical', 'group', 'vital', 'substance']	aff	aff
A vitamin is a	toxin	-12.060185	Ġtoxin	['nutrient', 'chemical', 'group', 'vital', 'substance']	aff	neg
A vitamin is not a	toxin	-9.241323	Ġtoxin	['nutrient', 'substance', 'mineral', 'food', 'substitute']	neg	neg
A vitamin is not a	nutrient	-1.0393639	Ġnutrient	['nutrient', 'substance', 'mineral', 'food', 'substitute']	neg	aff
A bus is a	transport	-5.4289227	Ġtransport	['vehicle', 'large', 'type', 'public', 'means']	aff	aff
A bus is an	animal	-6.2510214	Ġanimal	['important', 'automobile', 'essential', 'efficient', 'urban']	aff	neg
A bus is not an	animal	-2.9231472	Ġanimal	['airplane', 'automobile', 'animal', 'object', 'ordinary']	neg	neg
A bus is not a	transport	-7.774742	Ġtransport	['car', 'taxi', 'vehicle', 'place', 'train']	neg	aff
A store is a	building	-4.312214	Ġbuilding	['place', 'business', 'commercial', 'type', 'retail']	aff	aff
A store is a	car	-10.112762	Ġcar	['place', 'business', 'commercial', 'type', 'retail']	aff	neg
A store is not a	car	-7.171689	Ġcar	['place', 'business', 'good', 'physical', 'simple']	neg	neg
A store is not a	building	-4.9222813	Ġbuilding	['place', 'business', 'good', 'physical', 'simple']	neg	aff
A sun is a	star	-0.9953499	Ġstar	['star', 'ball', 'large', 'massive', 'celestial']	aff	aff
A sun is a	planet	-4.693633	Ġplanet	['star', 'ball', 'large', 'massive', 'celestial']	aff	neg
A sun is not a	planet	-1.6984978	Ġplanet	['star', 'planet', 'ball', 'sun', 'sphere']	neg	neg
A sun is not a	star	-1.3209515	Ġstar	['star', 'planet', 'ball', 'sun', 'sphere']	neg	aff
A maple is a	tree	-1.1765308	Ġtree	['tree', 'type', 'large', 'decid', 'tall']	aff	aff
A maple is a	fruit	-5.340666	Ġfruit	['tree', 'type', 'large', 'decid', 'tall']	aff	neg
A maple is not a	fruit	-2.5975475	Ġfruit	['tree', 'fruit', 'type', 'maple', 'pear']	neg	neg
A maple is not a	tree	-1.2955894	Ġtree	['tree', 'fruit', 'type', 'maple', 'pear']	neg	aff
A plant is a	lifeform	-6.3126965	Ġlife	['living', 'plant', 'complex', 'type', 'beautiful']	aff	aff
A plant is a	mineral	-10.288275	Ġmineral	['living', 'plant', 'complex', 'type', 'beautiful']	aff	neg
A plant is not a	mineral	-6.7014093	Ġmineral	['living', 'plant', 'machine', 'person', 'tree']	neg	neg
A plant is not a	lifeform	-6.4041033	Ġlife	['living', 'plant', 'machine', 'person', 'tree']	neg	aff
A giraffe is a	herbivore	-4.330591	Ġherb	['mamm', 'type', 'tall', 'long', 'very']	aff	aff
A giraffe is a	rock	-14.075421	Ġrock	['mamm', 'type', 'tall', 'long', 'very']	aff	neg
A giraffe is not a	rock	-9.523439	Ġrock	['gir', 'horse', 'dog', 'mamm', 'good']	neg	neg
A giraffe is not a	herbivore	-6.761034	Ġherb	['gir', 'horse', 'dog', 'mamm', 'good']	neg	aff
A diamond is a	gemstone	-3.558546	Ġgem	['precious', 'type', 'mineral', 'crystall', 'gem']	aff	aff
A diamond is a	tree	-11.052516	Ġtree	['precious', 'type', 'mineral', 'crystall', 'gem']	aff	neg
A diamond is not a	tree	-6.5532494	Ġtree	['mineral', 'stone', 'diamond', 'rock', 'circle']	neg	neg
A diamond is not a	gemstone	-4.1657143	Ġgem	['mineral', 'stone', 'diamond', 'rock', 'circle']	neg	aff
A ruby is a	gem	-2.0761833	Ġgem	['precious', 'gem', 'type', 'red', 'rare']	aff	aff
A ruby is a	metal	-8.94221	Ġmetal	['precious', 'gem', 'type', 'red', 'rare']	aff	neg
A ruby is not a	metal	-4.786457	Ġmetal	['diamond', 'stone', 'gem', 'mineral', 'precious']	neg	neg
A ruby is not a	gem	-2.1948109	Ġgem	['diamond', 'stone', 'gem', 'mineral', 'precious']	neg	aff
A glock is a	gun	-3.9454126	Ġgun	['type', 'Glock', '', 'small', 'pistol']	aff	aff
A glock is a	toy	-5.923111	Ġtoy	['type', 'Glock', '', 'small', 'pistol']	aff	neg
A glock is not a	toy	-4.8070507	Ġtoy	['gun', 'Glock', 'g', 'pistol', 'real']	neg	neg
A glock is not a	gun	-1.6590614	Ġgun	['gun', 'Glock', 'g', 'pistol', 'real']	neg	aff
A cheetah is a	carnivore	-4.7861576	Ġcarniv	['very', 'fast', 'top', 'small', 'big']	aff	aff
A cheetah is a	plant	-10.488092	Ġplant	['very', 'fast', 'top', 'small', 'big']	aff	neg
A cheetah is not a	plant	-7.0196505	Ġplant	['dog', 'cat', 'good', 'big', 'type']	neg	neg
A cheetah is not a	carnivore	-5.9590893	Ġcarniv	['dog', 'cat', 'good', 'big', 'type']	neg	aff
A hippopotamus is a	mammal	-3.0045547	Ġmamm	['large', 'mamm', 'very', 'semi', 'huge']	aff	aff
A hippopotamus is a	reptile	-10.338064	Ġrept	['large', 'mamm', 'very', 'semi', 'huge']	aff	neg
A hippopotamus is not a	reptile	-7.001177	Ġrept	['fish', 'horse', 'mamm', 'hipp', 'dog']	neg	neg
A hippopotamus is not a	mammal	-2.0964222	Ġmamm	['fish', 'horse', 'mamm', 'hipp', 'dog']	neg	aff
A cheetah is an	animal	-2.0769272	Ġanimal	['African', 'animal', 'amazing', 'extremely', 'excellent']	aff	aff
A cheetah is a	bird	-7.0131845	Ġbird	['very', 'fast', 'top', 'small', 'big']	aff	neg
A cheetah is not a	bird	-4.1790257	Ġbird	['dog', 'cat', 'good', 'big', 'type']	neg	neg
A cheetah is not an	animal	-1.5517178	Ġanimal	['animal', 'endangered', 'ant', 'elephant', 'excellent']	neg	aff
A tiger is a	mammal	-2.8753185	Ġmamm	['large', 'carniv', 'type', 'mamm', 'member']	aff	aff
A tiger is a	plant	-8.031624	Ġplant	['large', 'carniv', 'type', 'mamm', 'member']	aff	neg
A tiger is not a	plant	-5.4709635	Ġplant	['dog', 'cat', 'fish', 'bear', 'wolf']	neg	neg
A tiger is not a	mammal	-3.5238724	Ġmamm	['dog', 'cat', 'fish', 'bear', 'wolf']	neg	aff
A valley is a	landform	-3.1506653	Ġland	['low', 'depression', 'region', 'land', 'type']	aff	aff
A valley is a	house	-12.322372	Ġhouse	['low', 'depression', 'region', 'land', 'type']	aff	neg
A valley is not a	house	-8.421266	Ġhouse	['place', 'flat', 'valley', 'mountain', 'depression']	neg	neg
A valley is not a	landform	-4.5647593	Ġland	['place', 'flat', 'valley', 'mountain', 'depression']	neg	aff
A sparrow is a	bird	-1.3066711	Ġbird	['small', 'bird', 'common', 'type', 'kind']	aff	aff
A sparrow is a	reptile	-12.19791	Ġrept	['small', 'bird', 'common', 'type', 'kind']	aff	neg
A sparrow is not a	reptile	-7.5669785	Ġrept	['bird', 'par', 'pigeon', 'chicken', 'type']	neg	neg
A sparrow is not a	bird	-0.919014	Ġbird	['bird', 'par', 'pigeon', 'chicken', 'type']	neg	aff
A computer is an	electronic	-0.53754234	Ġelectronic	['electronic', 'information', 'intelligent', 'important', 'automatic']	aff	aff
A computer is an	animal	-10.471765	Ġanimal	['electronic', 'information', 'intelligent', 'important', 'automatic']	aff	neg
A computer is not an	animal	-5.272669	Ġanimal	['object', 'electronic', 'appliance', 'ordinary', 'end']	neg	neg
A computer is not an	electronic	-2.8664112	Ġelectronic	['object', 'electronic', 'appliance', 'ordinary', 'end']	neg	aff
A coffee is a	drink	-2.0094109	Ġdrink	['beverage', 'drink', 'hot', 'popular', 'liquid']	aff	aff
A coffee is a	fruit	-7.2103596	Ġfruit	['beverage', 'drink', 'hot', 'popular', 'liquid']	aff	neg
A coffee is not a	fruit	-5.7931147	Ġfruit	['coffee', 'drink', 'beverage', 'cup', 'liquid']	neg	neg
A coffee is not a	drink	-2.5789566	Ġdrink	['coffee', 'drink', 'beverage', 'cup', 'liquid']	neg	aff
A juice is a	drink	-2.9282951	Ġdrink	['mixture', 'beverage', 'type', 'drink', 'liquid']	aff	aff
A juice is a	fruit	-5.147085	Ġfruit	['mixture', 'beverage', 'type', 'drink', 'liquid']	aff	neg
A juice is not a	fruit	-3.9099216	Ġfruit	['liquid', 'food', 'beverage', 'drink', 'meal']	neg	neg
A juice is not a	drink	-3.2575054	Ġdrink	['liquid', 'food', 'beverage', 'drink', 'meal']	neg	aff
A guitar is an	instrument	-0.5804539	Ġinstrument	['instrument', 'acoustic', 'important', 'electric', 'amazing']	aff	aff
A guitar is a	rock	-11.674117	Ġrock	['string', 'musical', 'fret', 'type', 'very']	aff	neg
A guitar is not a	rock	-7.047426	Ġrock	['piano', 'violin', 'musical', 'simple', 'toy']	neg	neg
A guitar is not an	instrument	-0.85969734	Ġinstrument	['instrument', 'easy', 'object', 'electronic', 'expensive']	neg	aff
A drink is a	fluid	-4.4891644	Ġfluid	['mixture', 'beverage', 'liquid', 'combination', 'drink']	aff	aff
A drink is a	gas	-10.165034	Ġgas	['mixture', 'beverage', 'liquid', 'combination', 'drink']	aff	neg
A drink is not a	gas	-6.354455	Ġgas	['meal', 'drink', 'beverage', 'food', 'liquid']	neg	neg
A drink is not a	fluid	-6.6863384	Ġfluid	['meal', 'drink', 'beverage', 'food', 'liquid']	neg	aff
A fish is a	creature	-3.1345644	Ġcreature	['cold', 'type', 'verte', 'living', 'creature']	aff	aff
A fish is a	building	-10.302408	Ġbuilding	['cold', 'type', 'verte', 'living', 'creature']	aff	neg
A fish is not a	building	-8.5425205	Ġbuilding	['fish', 'bird', 'mamm', 'plant', 'dog']	neg	neg
A fish is not a	creature	-6.3380957	Ġcreature	['fish', 'bird', 'mamm', 'plant', 'dog']	neg	aff
A bird is a	creature	-3.8829718	Ġcreature	['bird', 'warm', 'verte', 'type', 'small']	aff	aff
A bird is a	reptile	-7.7046213	Ġrept	['bird', 'warm', 'verte', 'type', 'small']	aff	neg
A bird is not a	reptile	-5.806095	Ġrept	['fish', 'bird', 'mamm', 'plane', 'dog']	neg	neg
A bird is not a	creature	-6.546177	Ġcreature	['fish', 'bird', 'mamm', 'plane', 'dog']	neg	aff
An egg is a	food	-6.143449	Ġfood	['spherical', 'small', 'common', 'sphere', 'type']	aff	aff
An egg is a	drink	-12.667896	Ġdrink	['spherical', 'small', 'common', 'sphere', 'type']	aff	neg
An egg is not a	drink	-7.9737015	Ġdrink	['sphere', 'bird', 'ball', 'perfect', 'fish']	neg	neg
An egg is not a	food	-4.809903	Ġfood	['sphere', 'bird', 'ball', 'perfect', 'fish']	neg	aff
A credit-card is a	plastic	-1.2633228	Ġplastic	['plastic', 'type', 'payment', 'card', 'financial']	aff	aff
A credit-card is a	coin	-11.659457	Ġcoin	['plastic', 'type', 'payment', 'card', 'financial']	aff	neg
A credit-card is not a	coin	-5.4837523	Ġcoin	['gift', 'credit', 'loan', 'piece', 'debit']	neg	neg
A credit-card is not a	plastic	-4.9509373	Ġplastic	['gift', 'credit', 'loan', 'piece', 'debit']	neg	aff
A hamburger is a	food	-2.4490318	Ġfood	['sandwich', 'food', 'type', 'dish', 'popular']	aff	aff
A hamburger is a	clothing	-12.37546	Ġclothing	['sandwich', 'food', 'type', 'dish', 'popular']	aff	neg
A hamburger is not a	clothing	-10.033362	Ġclothing	['sandwich', 'meal', 'food', 'burger', 'hamburger']	neg	neg
A hamburger is not a	food	-3.0557213	Ġfood	['sandwich', 'meal', 'food', 'burger', 'hamburger']	neg	aff
A bean is a	food	-5.9856434	Ġfood	['type', 'small', 'seed', 'single', 'reproductive']	aff	aff
A bean is a	mineral	-10.187714	Ġmineral	['type', 'small', 'seed', 'single', 'reproductive']	aff	neg
A bean is not a	mineral	-7.090349	Ġmineral	['bean', 'seed', 'plant', 'fruit', 'fish']	neg	neg
A bean is not a	food	-4.2572947	Ġfood	['bean', 'seed', 'plant', 'fruit', 'fish']	neg	aff
A jaguar is an	animal	-2.873293	Ġanimal	['apex', 'animal', 'endangered', 'amazing', 'extremely']	aff	aff
A jaguar is a	plant	-11.269348	Ġplant	['large', 'big', 'type', 'very', 'cat']	aff	neg
A jaguar is not a	plant	-6.377798	Ġplant	['cat', 'dog', 'type', 'good', 'big']	neg	neg
A jaguar is not an	animal	-1.8101082	Ġanimal	['animal', 'endangered', 'ant', 'eagle', 'insect']	neg	aff
A man is a	human	-9.755548	Ġhuman	['certain', '', 'member', 'man', 'father']	aff	aff
A man is a	machine	-8.120026	Ġmachine	['certain', '', 'member', 'man', 'father']	aff	neg
A man is not a	machine	-1.5838909	Ġmachine	['machine', 'tree', 'number', 'man', 'bird']	neg	neg
A man is not a	human	-4.9427423	Ġhuman	['machine', 'tree', 'number', 'man', 'bird']	neg	aff
A sickle is a	tool	-1.3097973	Ġtool	['tool', 'curved', 'type', 'traditional', 'sharp']	aff	aff
A sickle is a	flower	-12.744887	Ġflower	['tool', 'curved', 'type', 'traditional', 'sharp']	aff	neg
A sickle is not a	flower	-6.553583	Ġflower	['tool', 'weapon', 'knife', 'straight', 'regular']	neg	neg
A sickle is not a	tool	-2.176548	Ġtool	['tool', 'weapon', 'knife', 'straight', 'regular']	neg	aff
A map is a	document	-5.5217648	Ġdocument	['visual', 'representation', 'tool', 'map', 'two']	aff	aff
A map is a	story	-7.5746202	Ġstory	['visual', 'representation', 'tool', 'map', 'two']	aff	neg
A map is not a	story	-5.6412067	Ġstory	['map', 'representation', 'Âł', 'picture', 'world']	neg	neg
A map is not a	document	-5.2568808	Ġdocument	['map', 'representation', 'Âł', 'picture', 'world']	neg	aff
A book is a	story	-5.9195347	Ġstory	['window', 'collection', 'friend', 'world', 'treasure']	aff	aff
A book is a	fruit	-7.6605062	Ġfruit	['window', 'collection', 'friend', 'world', 'treasure']	aff	neg
A book is not a	fruit	-7.771329	Ġfruit	['book', 'tree', 'good', 'collection', 'place']	neg	neg
A book is not a	story	-4.8048153	Ġstory	['book', 'tree', 'good', 'collection', 'place']	neg	aff
A movie is a	story	-2.7648888	Ġstory	['series', 'story', 'sequence', 'film', 'work']	aff	aff
A movie is an	animal	-8.141326	Ġanimal	['art', 'audio', 'important', 'experience', 'artistic']	aff	neg
A movie is not an	animal	-5.697921	Ġanimal	['event', 'object', 'experience', 'art', 'entertainment']	neg	neg
A movie is not a	story	-4.1896725	Ġstory	['movie', 'book', 'film', 'good', 'work']	neg	aff
A cat is a	pet	-4.2678957	Ġpet	['domestic', 'common', 'carniv', 'very', 'mamm']	aff	aff
A cat is an	insect	-7.5318327	Ġinsect	['animal', 'important', 'excellent', 'apex', 'example']	aff	neg
A cat is not an	insect	-3.58646	Ġinsect	['animal', 'ant', 'elephant', 'insect', 'apple']	neg	neg
A cat is not a	pet	-5.706126	Ġpet	['dog', 'bird', 'fish', 'mamm', 'good']	neg	aff
A lion is a	mammal	-3.1059828	Ġmamm	['carniv', 'large', 'predator', 'member', 'mamm']	aff	aff
A lion is an	amphibian	-7.801092	Ġamphib	['apex', 'animal', 'important', 'example', 'omn']	aff	neg
A lion is not an	amphibian	-3.4565449	Ġamphib	['animal', 'herb', 'insect', 'endangered', 'elephant']	neg	neg
A lion is not a	mammal	-2.9435291	Ġmamm	['dog', 'bird', 'cat', 'mamm', 'fish']	neg	aff
A caterpillar is an	insect	-1.833477	Ġinsect	['immature', 'insect', 'organism', 'intermediate', 'important']	aff	aff
A caterpillar is a	mammal	-6.8703003	Ġmamm	['lar', 'cater', 'type', 'young', 'juvenile']	aff	neg
A caterpillar is not a	mammal	-3.8124962	Ġmamm	['cater', 'butterfly', 'worm', 'true', 'real']	neg	neg
A caterpillar is not an	insect	-0.7119312	Ġinsect	['insect', 'animal', 'ant', 'actual', 'adult']	neg	aff
A man is a	person	-4.247655	Ġperson	['certain', '', 'member', 'man', 'father']	aff	aff
A man is an	animal	-4.189369	Ġanimal	['hour', 'average', 'inch', 'integer', 'old']	aff	neg
A man is not an	animal	-1.6579952	Ġanimal	['island', 'animal', 'object', 'angel', 'apple']	neg	neg
A man is not a	person	-5.3779364	Ġperson	['machine', 'tree', 'number', 'man', 'bird']	neg	aff
A woman is a	person	-3.2935133	Ġperson	['', 'woman', 'person', 'mother', 'member']	aff	aff
A woman is a	thing	-8.220516	Ġthing	['', 'woman', 'person', 'mother', 'member']	aff	neg
A woman is not a	thing	-4.097637	Ġthing	['man', 'number', 'machine', 'person', 'woman']	neg	neg
A woman is not a	person	-3.495119	Ġperson	['man', 'number', 'machine', 'person', 'woman']	neg	aff
A sock is a	garment	-3.4098835	Ġgarment	['type', 'piece', 'small', 'kind', 'garment']	aff	aff
A sock is a	person	-7.6150227	Ġperson	['type', 'piece', 'small', 'kind', 'garment']	aff	neg
A sock is not a	person	-6.0320444	Ġperson	['hat', 'toy', 'shirt', 'part', 'good']	neg	neg
A sock is not a	garment	-6.592808	Ġgarment	['hat', 'toy', 'shirt', 'part', 'good']	neg	aff
A student is a	person	-5.1769676	Ġperson	['member', 'participant', 'fan', '', 'certain']	aff	aff
A student is a	thing	-14.188701	Ġthing	['member', 'participant', 'fan', '', 'certain']	aff	neg
A student is not a	thing	-6.5983343	Ġthing	['number', 'good', 'student', 'robot', 'mathematic']	neg	neg
A student is not a	person	-4.104418	Ġperson	['number', 'good', 'student', 'robot', 'mathematic']	neg	aff
A milk is a	drink	-5.053034	Ġdrink	['liquid', 'fluid', 'type', 'product', 'solution']	aff	aff
A milk is a	vegetable	-8.969068	Ġvegetable	['liquid', 'fluid', 'type', 'product', 'solution']	aff	neg
A milk is not a	vegetable	-4.4351063	Ġvegetable	['liquid', 'food', 'living', 'solid', 'good']	neg	neg
A milk is not a	drink	-4.497903	Ġdrink	['liquid', 'food', 'living', 'solid', 'good']	neg	aff
A water is a	drink	-6.885442	Ġdrink	['solution', 'mixture', 'liquid', 'substance', 'solvent']	aff	aff
A water is a	gas	-6.020936	Ġgas	['solution', 'mixture', 'liquid', 'substance', 'solvent']	aff	neg
A water is not a	gas	-3.425953	Ġgas	['liquid', 'solution', 'gas', 'fluid', 'good']	neg	neg
A water is not a	drink	-5.3864994	Ġdrink	['liquid', 'solution', 'gas', 'fluid', 'good']	neg	aff
A pearl is a	jewel	-5.827551	Ġjewel	['gem', 'round', 'precious', 'hard', 'n']	aff	aff
A pearl is a	tree	-11.752507	Ġtree	['gem', 'round', 'precious', 'hard', 'n']	aff	neg
A pearl is not a	tree	-7.2038727	Ġtree	['seed', 'fish', 'fruit', 'gem', 'stone']	neg	neg
A pearl is not a	jewel	-5.640955	Ġjewel	['seed', 'fish', 'fruit', 'gem', 'stone']	neg	aff
A ficus is a	tree	-2.2549572	Ġtree	['type', 'tree', 'large', 'plant', 'common']	aff	aff
A ficus is a	flower	-8.44996	Ġflower	['type', 'tree', 'large', 'plant', 'common']	aff	neg
A ficus is not a	flower	-4.3091974	Ġflower	['tree', 'type', 'fruit', 'plant', 'c']	neg	neg
A ficus is not a	tree	-1.4563046	Ġtree	['tree', 'type', 'fruit', 'plant', 'c']	neg	aff
A crane is a	bird	-13.296812	Ġbird	['machine', 'device', 'mechanical', 'type', 'lifting']	aff	aff
A crane is a	flower	-16.138311	Ġflower	['machine', 'device', 'mechanical', 'type', 'lifting']	aff	neg
A crane is not a	flower	-9.965403	Ġflower	['machine', 'vehicle', 'tool', 'robot', 'crane']	neg	neg
A crane is not a	bird	-7.0525846	Ġbird	['machine', 'vehicle', 'tool', 'robot', 'crane']	neg	aff
A jaguar is a	cat	-3.4647808	Ġcat	['large', 'big', 'type', 'very', 'cat']	aff	aff
A jaguar is a	reptile	-10.466499	Ġrept	['large', 'big', 'type', 'very', 'cat']	aff	neg
A jaguar is not a	reptile	-6.305064	Ġrept	['cat', 'dog', 'type', 'good', 'big']	neg	neg
A jaguar is not a	cat	-2.0618877	Ġcat	['cat', 'dog', 'type', 'good', 'big']	neg	aff
A sneaker is a	shoe	-1.8037891	Ġshoe	['type', 'shoe', 'piece', 'footwear', 'pair']	aff	aff
A sneaker is a	mineral	-14.317673	Ġmineral	['type', 'shoe', 'piece', 'footwear', 'pair']	aff	neg
A sneaker is not a	mineral	-11.844835	Ġmineral	['sne', 'shoe', 'pair', 'boot', 'sock']	neg	neg
A sneaker is not a	shoe	-1.3838959	Ġshoe	['sne', 'shoe', 'pair', 'boot', 'sock']	neg	aff
A volleyball is a	ball	-2.6309357	Ġball	['ball', 'spherical', 'popular', 'solid', 'type']	aff	aff
A volleyball is a	tool	-7.069889	Ġtool	['ball', 'spherical', 'popular', 'solid', 'type']	aff	neg
A volleyball is not a	tool	-5.226782	Ġtool	['ball', 'sphere', 'standard', 'basketball', 'very']	neg	neg
A volleyball is not a	ball	-1.9218311	Ġball	['ball', 'sphere', 'standard', 'basketball', 'very']	neg	aff
A train is a	machine	-4.822608	Ġmachine	['series', 'collection', 'set', 'vehicle', 'train']	aff	aff
A train is a	weapon	-9.593893	Ġweapon	['series', 'collection', 'set', 'vehicle', 'train']	aff	neg
A train is not a	weapon	-7.4002094	Ġweapon	['vehicle', 'train', 'car', 'place', 'single']	neg	neg
A train is not a	machine	-4.061919	Ġmachine	['vehicle', 'train', 'car', 'place', 'single']	neg	aff
A college is an	institution	-0.98233986	Ġinstitution	['institution', 'educational', 'organization', 'academic', 'independent']	aff	aff
A college is a	creature	-8.648744	Ġcreature	['place', 'community', 'learning', 'group', 'private']	aff	neg
A college is not a	creature	-10.44564	Ġcreature	['place', 'school', 'factory', 'collection', 'university']	neg	neg
A college is not an	institution	-1.8332863	Ġinstitution	['institution', 'island', 'ordinary', 'easy', 'isolated']	neg	aff
A child is a	person	-1.6736679	Ġperson	['person', 'child', 'bundle', 'living', 'human']	aff	aff
A child is an	adult	-4.2133446	Ġadult	['individual', 'innocent', 'asset', 'important', 'active']	aff	neg
A child is not an	adult	-0.9925518	Ġadult	['adult', 'empty', 'independent', 'object', 'infant']	neg	neg
A child is not a	person	-3.3088207	Ġperson	['small', 'miniature', 'little', 'person', 'blank']	neg	aff
A spy is a	person	-0.78759	Ġperson	['person', 'character', 'type', 'spy', 'professional']	aff	aff
A spy is a	thing	-8.625968	Ġthing	['person', 'character', 'type', 'spy', 'professional']	aff	neg
A spy is not a	thing	-8.655485	Ġthing	['spy', 'criminal', 'person', 'hero', 'soldier']	neg	neg
A spy is not a	person	-2.6165733	Ġperson	['spy', 'criminal', 'person', 'hero', 'soldier']	neg	aff
A hunter is a	person	-3.5308924	Ġperson	['type', 'game', 'person', '', 'man']	aff	aff
A hunter is an	animal	-1.621769	Ġanimal	['animal', 'individual', 'agent', 'object', 'entity']	aff	neg
A hunter is not an	animal	-1.6796646	Ġanimal	['animal', 'athlete', 'enemy', 'expert', 'object']	neg	neg
A hunter is not a	person	-3.1948805	Ġperson	['person', 'hunter', 'good', 'fish', 'bird']	neg	aff
A musician is a	person	-1.0693321	Ġperson	['person', 'composer', 'professional', 'man', 'musician']	aff	aff
A musician is an	animal	-7.2105675	Ġanimal	['individual', 'artist', 'expert', 'amateur', 'instrumental']	aff	neg
A musician is not an	animal	-5.0792484	Ġanimal	['engineer', 'artist', 'actor', 'instrument', 'expert']	neg	neg
A musician is not a	person	-3.4692163	Ġperson	['mathematic', 'musician', 'scientist', 'composer', 'person']	neg	aff
A machine is a	thing	-5.4704456	Ġthing	['device', 'tool', 'machine', 'mechanical', 'system']	aff	aff
A machine is a	person	-6.3710785	Ġperson	['device', 'tool', 'machine', 'mechanical', 'system']	aff	neg
A machine is not a	person	-2.4028416	Ġperson	['machine', 'person', 'living', 'human', 'computer']	neg	neg
A machine is not a	thing	-4.086032	Ġthing	['machine', 'person', 'living', 'human', 'computer']	neg	aff
A scientist is a	person	-0.71787834	Ġperson	['person', 'scientist', 'student', 'creator', 'curious']	aff	aff
A scientist is a	computer	-7.620016	Ġcomputer	['person', 'scientist', 'student', 'creator', 'curious']	aff	neg
A scientist is not a	computer	-5.2274942	Ġcomputer	['person', 'man', 'mere', 'machine', 'solitary']	neg	neg
A scientist is not a	person	-0.83065414	Ġperson	['person', 'man', 'mere', 'machine', 'solitary']	neg	aff
A professor is a	person	-1.3691082	Ġperson	['teacher', 'person', 'professional', 'professor', 'role']	aff	aff
A professor is a	building	-10.378091	Ġbuilding	['teacher', 'person', 'professional', 'professor', 'role']	aff	neg
A professor is not a	building	-9.398544	Ġbuilding	['teacher', 'professor', 'student', 'person', 'professional']	neg	neg
A professor is not a	person	-3.9132967	Ġperson	['teacher', 'professor', 'student', 'person', 'professional']	neg	aff
A kitten is an	animal	-2.0417042	Ġanimal	['adorable', 'immature', 'animal', 'infant', 'important']	aff	aff
A kitten is a	plant	-12.170515	Ġplant	['young', 'baby', 'juvenile', 'small', 'pet']	aff	neg
A kitten is not a	plant	-8.56211	Ġplant	['dog', 'cat', 'puppy', 'pet', 'child']	neg	neg
A kitten is not an	animal	-0.95409584	Ġanimal	['animal', 'adult', 'appropriate', 'infant', 'endangered']	neg	aff
A piano is an	instrument	-0.86403084	Ġinstrument	['instrument', 'expensive', 'important', 'acoustic', 'essential']	aff	aff
A piano is a	drink	-17.11198	Ġdrink	['musical', 'large', 'complex', 'string', 'very']	aff	neg
A piano is not a	drink	-10.156394	Ġdrink	['machine', 'piano', 'musical', 'simple', 'computer']	neg	neg
A piano is not an	instrument	-1.4071293	Ġinstrument	['instrument', 'object', 'ordinary', 'electronic', 'expensive']	neg	aff
A ship is a	vessel	-1.9840546	Ġvessel	['vessel', 'floating', 'large', 'ship', 'man']	aff	aff
A ship is a	mineral	-11.352511	Ġmineral	['vessel', 'floating', 'large', 'ship', 'man']	aff	neg
A ship is not a	mineral	-9.8114395	Ġmineral	['ship', 'boat', 'fish', 'bird', 'machine']	neg	neg
A ship is not a	vessel	-3.8103886	Ġvessel	['ship', 'boat', 'fish', 'bird', 'machine']	neg	aff
A noun is a	word	-0.4515934	Ġword	['word', 'part', 'type', 'noun', 'member']	aff	aff
A noun is a	verb	-10.611633	Ġverb	['word', 'part', 'type', 'noun', 'member']	aff	neg
A noun is not a	verb	-2.5282288	Ġverb	['person', 'verb', 'noun', 'word', 'type']	neg	neg
A noun is not a	word	-2.9180088	Ġword	['person', 'verb', 'noun', 'word', 'type']	neg	aff
An adjective is a	word	-0.31796265	Ġword	['word', 'part', 'type', 'noun', 'describing']	aff	aff
An adjective is a	verb	-7.9430084	Ġverb	['word', 'part', 'type', 'noun', 'describing']	aff	neg
An adjective is not a	verb	-1.8936768	Ġverb	['noun', 'verb', 'part', 'word', '(n']	neg	neg
An adjective is not a	word	-2.9475555	Ġword	['noun', 'verb', 'part', 'word', '(n']	neg	aff
A pronoun is a	word	-0.18368912	Ġword	['word', 'part', 'type', 'substitute', 'noun']	aff	aff
A pronoun is a	verb	-9.268807	Ġverb	['word', 'part', 'type', 'substitute', 'noun']	aff	neg
A pronoun is not a	verb	-2.6729832	Ġverb	['noun', 'word', 'verb', '(n', 'proper']	neg	neg
A pronoun is not a	word	-2.542925	Ġword	['noun', 'word', 'verb', '(n', 'proper']	neg	aff
A verb is a	word	-0.7750473	Ġword	['word', 'part', 'verb', 'very', 'member']	aff	aff
A verb is a	noun	-6.1095963	Ġnoun	['word', 'part', 'verb', 'very', 'member']	aff	neg
A verb is not a	noun	-2.1802368	Ġnoun	['word', 'verb', 'noun', 'part', 'very']	neg	neg
A verb is not a	word	-1.7820072	Ġword	['word', 'verb', 'noun', 'part', 'very']	neg	aff
An adverb is a	word	-0.36486053	Ġword	['word', 'part', 'type', 'kind', 'member']	aff	aff
An adverb is a	noun	-7.093322	Ġnoun	['word', 'part', 'type', 'kind', 'member']	aff	neg
An adverb is not a	noun	-1.5503807	Ġnoun	['noun', 'verb', 'part', 'word', 'type']	neg	neg
An adverb is not a	word	-2.362421	Ġword	['noun', 'verb', 'part', 'word', 'type']	neg	aff
A screwdriver is a	tool	-0.6540928	Ġtool	['tool', 'common', 'hand', 'simple', 'type']	aff	aff
A screwdriver is a	vegetable	-17.07483	Ġvegetable	['tool', 'common', 'hand', 'simple', 'type']	aff	neg
A screwdriver is not a	vegetable	-9.707729	Ġvegetable	['tool', 'screw', 'knife', 'wrench', 'substitute']	neg	neg
A screwdriver is not a	tool	-1.0296745	Ġtool	['tool', 'screw', 'knife', 'wrench', 'substitute']	neg	aff
A shack is a	building	-2.911909	Ġbuilding	['small', 'structure', 'type', 'temporary', 'building']	aff	aff
A shack is a	bird	-9.520291	Ġbird	['small', 'structure', 'type', 'temporary', 'building']	aff	neg
A shack is not a	bird	-6.787507	Ġbird	['house', 'building', 'home', 'shelter', 'place']	neg	neg
A shack is not a	building	-2.012638	Ġbuilding	['house', 'building', 'home', 'shelter', 'place']	neg	aff
A toaster is an	appliance	-1.2064724	Ġappliance	['appliance', 'essential', 'electrical', 'electric', 'indispensable']	aff	aff
A toaster is a	toy	-10.223747	Ġtoy	['kitchen', 'common', 'device', 'household', 'type']	aff	neg
A toaster is not a	toy	-4.0368958	Ġtoy	['computer', 'car', 'good', 'very', 'toaster']	neg	neg
A toaster is not an	appliance	-2.0859451	Ġappliance	['appliance', 'essential', 'electronic', 'expensive', 'oven']	neg	aff
A microwave is an	appliance	-0.8475628	Ġappliance	['appliance', 'electrical', 'electronic', 'electromagnetic', 'essential']	aff	aff
A microwave is a	plant	-15.143562	Ġplant	['device', 'kitchen', 'common', 'household', 'type']	aff	neg
A microwave is not a	plant	-8.4737	Ġplant	['good', 'stove', 'very', 'toaster', 'safe']	neg	neg
A microwave is not an	appliance	-1.8279495	Ġappliance	['oven', 'appliance', 'efficient', 'essential', 'expensive']	neg	aff
A coffeemaker is an	appliance	-0.76399994	Ġappliance	['appliance', 'essential', 'important', 'electric', 'indispensable']	aff	aff
A coffeemaker is a	food	-8.290433	Ġfood	['kitchen', 'device', 'machine', 'household', 'piece']	aff	neg
A coffeemaker is not a	food	-4.231574	Ġfood	['kitchen', 'device', 'machine', 'substitute', 'coffee']	neg	neg
A coffeemaker is not an	appliance	-0.7619896	Ġappliance	['appliance', 'essential', 'expensive', 'oven', 'ordinary']	neg	aff
A sofa is a	furniture	-2.9780045	Ġfurniture	['piece', 'large', 'type', 'furniture', 'very']	aff	aff
A sofa is a	toy	-12.763593	Ġtoy	['piece', 'large', 'type', 'furniture', 'very']	aff	neg
A sofa is not a	toy	-4.3788357	Ġtoy	['chair', 'bed', 'car', 'piece', 'book']	neg	neg
A sofa is not a	furniture	-5.6241617	Ġfurniture	['chair', 'bed', 'car', 'piece', 'book']	neg	aff
A lantern is a	light	-3.1396637	Ġlight	['device', 'container', 'type', 'light', 'tool']	aff	aff
A lantern is a	food	-9.422233	Ġfood	['device', 'container', 'type', 'light', 'tool']	aff	neg
A lantern is not a	food	-5.944191	Ġfood	['lamp', 'light', 'toy', 'tool', 'book']	neg	neg
A lantern is not a	light	-2.7429771	Ġlight	['lamp', 'light', 'toy', 'tool', 'book']	neg	aff
A hospital is a	building	-4.679491	Ġbuilding	['place', 'special', 'public', '(n', 'complex']	aff	aff
A hospital is a	river	-11.317536	Ġriver	['place', 'special', 'public', '(n', 'complex']	aff	neg
A hospital is not a	river	-10.451626	Ġriver	['place', 'hospital', 'typical', 'business', 'sterile']	neg	neg
A hospital is not a	building	-4.9467974	Ġbuilding	['place', 'hospital', 'typical', 'business', 'sterile']	neg	aff
A lock is a	device	-1.5559616	Ġdevice	['device', 'mechanism', 'type', 'system', 'combination']	aff	aff
A lock is a	garment	-12.042888	Ġgarment	['device', 'mechanism', 'type', 'system', 'combination']	aff	neg
A lock is not a	garment	-11.915626	Ġgarment	['lock', 'key', 'simple', 'machine', 'door']	neg	neg
A lock is not a	device	-5.305393	Ġdevice	['lock', 'key', 'simple', 'machine', 'door']	neg	aff
A suit is a	garment	-2.765192	Ġgarment	['type', 'formal', 'garment', 'set', 'piece']	aff	aff
A suit is a	tool	-7.753539	Ġtool	['type', 'formal', 'garment', 'set', 'piece']	aff	neg
A suit is not a	tool	-6.0708437	Ġtool	['suit', 'dress', 'piece', 'coat', 'type']	neg	neg
A suit is not a	garment	-4.248123	Ġgarment	['suit', 'dress', 'piece', 'coat', 'type']	neg	aff
A clamp is a	tool	-1.0398121	Ġtool	['tool', 'device', 'type', 'mechanical', 'simple']	aff	aff
A clamp is a	mineral	-14.92296	Ġmineral	['tool', 'device', 'type', 'mechanical', 'simple']	aff	neg
A clamp is not a	mineral	-10.08023	Ġmineral	['tool', 'type', 'part', 'device', 'measuring']	neg	neg
A clamp is not a	tool	-1.4699821	Ġtool	['tool', 'type', 'part', 'device', 'measuring']	neg	aff
A ruby is a	mineral	-4.983597	Ġmineral	['precious', 'gem', 'type', 'red', 'rare']	aff	aff
A ruby is a	toy	-10.64374	Ġtoy	['precious', 'gem', 'type', 'red', 'rare']	aff	neg
A ruby is not a	toy	-7.7718	Ġtoy	['diamond', 'stone', 'gem', 'mineral', 'precious']	neg	neg
A ruby is not a	mineral	-2.6784058	Ġmineral	['diamond', 'stone', 'gem', 'mineral', 'precious']	neg	aff
A doll is a	toy	-1.9927559	Ġtoy	['toy', 'small', 'doll', 'type', 'child']	aff	aff
A doll is a	creature	-10.2801285	Ġcreature	['toy', 'small', 'doll', 'type', 'child']	aff	neg
A doll is not a	creature	-8.750465	Ġcreature	['toy', 'doll', 'real', 'person', 'child']	neg	neg
A doll is not a	toy	-1.1095085	Ġtoy	['toy', 'doll', 'real', 'person', 'child']	neg	aff
A dog is a	creature	-4.2478466	Ġcreature	['mamm', 'quadr', 'dog', 'man', 'carniv']	aff	aff
A dog is a	building	-10.306986	Ġbuilding	['mamm', 'quadr', 'dog', 'man', 'carniv']	aff	neg
A dog is not a	building	-8.081264	Ġbuilding	['cat', 'dog', 'human', 'bird', 'person']	neg	neg
A dog is not a	creature	-8.340943	Ġcreature	['cat', 'dog', 'human', 'bird', 'person']	neg	aff
A sandwich is a	food	-1.45397	Ġfood	['food', 'flat', 'dish', 'piece', 'type']	aff	aff
A sandwich is a	tool	-7.961047	Ġtool	['food', 'flat', 'dish', 'piece', 'type']	aff	neg
A sandwich is not a	tool	-7.069854	Ġtool	['sandwich', 'meal', 'food', 'cake', 'dish']	neg	neg
A sandwich is not a	food	-3.1388588	Ġfood	['sandwich', 'meal', 'food', 'cake', 'dish']	neg	aff
A cake is a	dessert	-4.2227106	Ġdessert	['type', 'food', 'cylindrical', 'circular', 'cake']	aff	aff
A cake is a	toy	-10.869498	Ġtoy	['type', 'food', 'cylindrical', 'circular', 'cake']	aff	neg
A cake is not a	toy	-7.470006	Ġtoy	['cake', 'square', 'circle', 'good', 'rectangle']	neg	neg
A cake is not a	dessert	-5.9035196	Ġdessert	['cake', 'square', 'circle', 'good', 'rectangle']	neg	aff
A raccoon is an	animal	-1.5062275	Ġanimal	['omn', 'animal', 'arb', 'American', 'intelligent']	aff	aff
A raccoon is a	bird	-8.63152	Ġbird	['small', 'medium', 'very', 'mamm', 'type']	aff	neg
A raccoon is not a	bird	-4.8835697	Ġbird	['dog', 'bear', 'cat', 'true', 'rod']	neg	neg
A raccoon is not an	animal	-0.94555664	Ġanimal	['animal', 'endangered', 'appropriate', 'actual', 'easy']	neg	aff
A hut is a	building	-2.4716148	Ġbuilding	['place', 'structure', 'shelter', 'building', 'small']	aff	aff
A hut is an	insect	-7.78426	Ġinsect	['enclosed', 'essential', 'enclosure', 'important', 'object']	aff	neg
A hut is not an	insect	-5.4173317	Ġinsect	['object', 'animal', 'ordinary', 'apartment', 'island']	neg	neg
A hut is not a	building	-2.777094	Ġbuilding	['house', 'home', 'building', 'place', 'hotel']	neg	aff
A penguin is an	animal	-1.2295856	Ġanimal	['animal', 'aquatic', 'amazing', 'excellent', 'interesting']	aff	aff
A penguin is a	plant	-10.318745	Ġplant	['bird', 'flight', 'type', 'seab', 'cold']	aff	neg
A penguin is not a	plant	-6.8698645	Ġplant	['fish', 'bird', 'bear', 'dog', 'mamm']	neg	neg
A penguin is not an	animal	-0.9826908	Ġanimal	['animal', 'elephant', 'eagle', 'ant', 'insect']	neg	aff
A book is a	media	-10.693848	Ġmedia	['window', 'collection', 'friend', 'world', 'treasure']	aff	aff
A book is an	instrument	-4.3842487	Ġinstrument	['important', 'object', 'essential', 'indispensable', 'excellent']	aff	neg
A book is not an	instrument	-4.6592903	Ġinstrument	['object', 'end', 'island', 'encyclopedia', 'empty']	neg	neg
A book is not a	media	-8.811592	Ġmedia	['book', 'tree', 'good', 'collection', 'place']	neg	aff
A bridge is a	structure	-2.5258236	Ġstructure	['device', 'dental', 'structure', 'removable', 'type']	aff	aff
A bridge is a	toy	-11.132668	Ġtoy	['device', 'dental', 'structure', 'removable', 'type']	aff	neg
A bridge is not a	toy	-7.452238	Ġtoy	['bridge', 'building', 'single', 'solution', 'static']	neg	neg
A bridge is not a	structure	-4.1454506	Ġstructure	['bridge', 'building', 'single', 'solution', 'static']	neg	aff
A badger is an	animal	-0.523777	Ġanimal	['animal', 'important', 'omn', 'underground', 'American']	aff	aff
A badger is a	plant	-9.584169	Ġplant	['mamm', 'large', 'type', 'small', 'member']	aff	neg
A badger is not a	plant	-7.5296955	Ġplant	['dog', 'bear', 'bad', 'cat', 'type']	neg	neg
A badger is not an	animal	-0.48649025	Ġanimal	['animal', 'endangered', 'ant', 'elephant', 'insect']	neg	aff
A pulley is a	machine	-2.7397861	Ġmachine	['simple', 'device', 'mechanical', 'wheel', 'machine']	aff	aff
A pulley is a	person	-13.211669	Ġperson	['simple', 'device', 'mechanical', 'wheel', 'machine']	aff	neg
A pulley is not a	person	-9.839643	Ġperson	['machine', 'simple', 'lever', 'component', 'mechanical']	neg	neg
A pulley is not a	machine	-1.5973015	Ġmachine	['machine', 'simple', 'lever', 'component', 'mechanical']	neg	aff
A sapphire is a	mineral	-3.2623158	Ġmineral	['gem', 'precious', 'type', 'variety', 'blue']	aff	aff
A sapphire is a	gas	-13.530204	Ġgas	['gem', 'precious', 'type', 'variety', 'blue']	aff	neg
A sapphire is not a	gas	-7.6627913	Ġgas	['diamond', 'stone', 'mineral', 'gem', 'type']	neg	neg
A sapphire is not a	mineral	-2.096426	Ġmineral	['diamond', 'stone', 'mineral', 'gem', 'type']	neg	aff
A possum is an	animal	-1.0494461	Ġanimal	['animal', 'omn', 'Australian', 'arb', 'odd']	aff	aff
A possum is a	plant	-9.481071	Ġplant	['mars', 'common', 'type', 'mamm', 'small']	aff	neg
A possum is not a	plant	-8.981991	Ġplant	['mamm', 'bear', 'dog', 'cat', 'mouse']	neg	neg
A possum is not an	animal	-0.44246674	Ġanimal	['animal', 'o', 'actual', 'owl', 'appropriate']	neg	aff
A panther is an	animal	-1.5260391	Ġanimal	['animal', 'American', 'adult', 'endangered', 'umbrella']	aff	aff
A panther is a	toy	-12.436249	Ġtoy	['large', 'type', 'wild', 'big', 'member']	aff	neg
A panther is not a	toy	-10.271311	Ġtoy	['cat', 'pan', 'type', 'lion', 'real']	neg	neg
A panther is not an	animal	-0.49982834	Ġanimal	['animal', 'actual', 'endangered', 'eagle', 'ant']	neg	aff
A hamster is an	animal	-0.59383774	Ġanimal	['animal', 'omn', 'example', 'adorable', 'interesting']	aff	aff
A hamster is a	person	-8.059668	Ġperson	['small', 'type', 'very', 'cute', 'tiny']	aff	neg
A hamster is not a	person	-5.765456	Ġperson	['dog', 'good', 'cat', 'bird', 'fish']	neg	neg
A hamster is not an	animal	-1.5202141	Ġanimal	['animal', 'appropriate', 'ideal', 'endangered', 'elephant']	neg	aff
A tractor is a	vehicle	-1.6663303	Ġvehicle	['vehicle', 'machine', 'type', 'piece', 'farm']	aff	aff
A tractor is a	toy	-13.1019335	Ġtoy	['vehicle', 'machine', 'type', 'piece', 'farm']	aff	neg
A tractor is not a	toy	-4.5238743	Ġtoy	['car', 'vehicle', 'machine', 'type', 'tool']	neg	neg
A tractor is not a	vehicle	-2.453741	Ġvehicle	['car', 'vehicle', 'machine', 'type', 'tool']	neg	aff
A basil is a	plant	-2.1560287	Ġplant	['type', 'plant', 'herb', 'flowering', 'perennial']	aff	aff
A basil is a	tool	-7.454214	Ġtool	['type', 'plant', 'herb', 'flowering', 'perennial']	aff	neg
A basil is not a	tool	-10.276331	Ġtool	['tree', 'vegetable', 'type', 'tomato', 'herb']	neg	neg
A basil is not a	plant	-3.2303524	Ġplant	['tree', 'vegetable', 'type', 'tomato', 'herb']	neg	aff
A play is a	drama	-2.501852	Ġdrama	['form', 'drama', 'narrative', 'dramatic', 'work']	aff	aff
A play is a	person	-7.690442	Ġperson	['form', 'drama', 'narrative', 'dramatic', 'work']	aff	neg
A play is not a	person	-7.368737	Ġperson	['movie', 'play', 'film', 'story', 'game']	neg	neg
A play is not a	drama	-4.134799	Ġdrama	['movie', 'play', 'film', 'story', 'game']	neg	aff
A raspberry is a	fruit	-1.8539562	Ġfruit	['type', 'fruit', 'small', 'red', 'round']	aff	aff
A raspberry is a	vegetable	-7.3507643	Ġvegetable	['type', 'fruit', 'small', 'red', 'round']	aff	neg
A raspberry is not a	vegetable	-2.849906	Ġvegetable	['fruit', 'vegetable', 'berry', 'type', 'tree']	neg	neg
A raspberry is not a	fruit	-1.7969608	Ġfruit	['fruit', 'vegetable', 'berry', 'type', 'tree']	neg	aff
A canal is a	waterway	-2.549532	Ġwater	['water', 'long', 'channel', 'narrow', 'type']	aff	aff
A canal is a	road	-7.442519	Ġroad	['water', 'long', 'channel', 'narrow', 'type']	aff	neg
A canal is not a	road	-5.0881443	Ġroad	['river', 'canal', 'water', 'pipe', 'natural']	neg	neg
A canal is not a	waterway	-3.3030481	Ġwater	['river', 'canal', 'water', 'pipe', 'natural']	neg	aff
A flute is an	instrument	-0.6976242	Ġinstrument	['instrument', 'open', 'example', 'air', 'aer']	aff	aff
A flute is a	toy	-10.059989	Ġtoy	['musical', 'type', 'wind', 'kind', 'wood']	aff	neg
A flute is not a	toy	-5.1871843	Ġtoy	['musical', 'pipe', 'drum', 'wind', 'bird']	neg	neg
A flute is not an	instrument	-0.56217	Ġinstrument	['instrument', 'animal', 'object', 'aer', 'insect']	neg	aff
A swallow is a	bird	-0.3938141	Ġbird	['bird', 'type', 'small', 'common', 'kind']	aff	aff
A swallow is a	mammal	-7.2096367	Ġmamm	['bird', 'type', 'small', 'common', 'kind']	aff	neg
A swallow is not a	mammal	-5.9548693	Ġmamm	['bird', 'fish', 'duck', 'bat', 'swallow']	neg	neg
A swallow is not a	bird	-0.2673874	Ġbird	['bird', 'fish', 'duck', 'bat', 'swallow']	neg	aff
A platypus is a	mammal	-1.6984272	Ġmamm	['mamm', 'semi', 'unique', 'type', 'strange']	aff	aff
A platypus is a	reptile	-6.228511	Ġrept	['mamm', 'semi', 'unique', 'type', 'strange']	aff	neg
A platypus is not a	reptile	-5.278469	Ġrept	['mamm', 'duck', 'fish', 'rod', 'plat']	neg	neg
A platypus is not a	mammal	-1.1274452	Ġmamm	['mamm', 'duck', 'fish', 'rod', 'plat']	neg	aff
A squirrel is a	mammal	-3.6589108	Ġmamm	['small', 'rod', 'type', 'mamm', 'common']	aff	aff
A squirrel is an	insect	-5.3733883	Ġinsect	['animal', 'arb', 'important', 'omn', 'adorable']	aff	neg
A squirrel is not an	insect	-2.552742	Ġinsect	['animal', 'insect', 'ant', 'amphib', 'endangered']	neg	neg
A squirrel is not a	mammal	-3.0930824	Ġmamm	['dog', 'bird', 'rod', 'fish', 'mamm']	neg	aff
An antelope is an	animal	-0.6418934	Ġanimal	['animal', 'ung', 'herb', 'art', 'even']	aff	aff
An antelope is a	flower	-13.354173	Ġflower	['type', 'mamm', 'small', 'member', 'fast']	aff	neg
An antelope is not a	flower	-7.978817	Ġflower	['mamm', 'type', 'dog', 'horse', 'bird']	neg	neg
An antelope is not an	animal	-1.0138245	Ġanimal	['animal', 'ant', 'elephant', 'insect', 'endangered']	neg	aff
An ant is an	animal	-1.6215286	Ġanimal	['insect', 'animal', 'organism', 'important', 'in']	aff	aff
An ant is a	vegetable	-11.858268	Ġvegetable	['small', 'tiny', 'very', 'type', 'creature']	aff	neg
An ant is not a	vegetable	-7.04597	Ġvegetable	['very', 'robot', 'fish', 'good', 'bird']	neg	neg
An ant is not an	animal	-1.698204	Ġanimal	['ant', 'animal', 'insect', 'object', 'organism']	neg	aff
A stag is an	animal	-0.85621643	Ġanimal	['animal', 'herb', 'ung', 'old', 'odd']	aff	aff
A stag is a	building	-10.99716	Ġbuilding	['male', 'large', 'type', 'member', 'mamm']	aff	neg
A stag is not a	building	-9.854047	Ġbuilding	['bird', 'fish', 'type', 'dog', 'mamm']	neg	neg
A stag is not an	animal	-0.7663975	Ġanimal	['animal', 'ant', 'herb', 'insect', 'amphib']	neg	aff
A bumblebee is an	insect	-0.35875893	Ġinsect	['insect', 'important', 'amazing', 'animal', 'excellent']	aff	aff
A bumblebee is a	toy	-12.063328	Ġtoy	['type', 'social', 'small', 'flying', 'member']	aff	neg
A bumblebee is not a	toy	-11.053492	Ġtoy	['bee', 'fly', 'butterfly', 'true', 'type']	neg	neg
A bumblebee is not an	insect	-0.47585297	Ġinsect	['insect', 'ant', 'animal', 'actual', 'ordinary']	neg	aff
A van is a	vehicle	-1.4701462	Ġvehicle	['type', 'vehicle', 'large', 'kind', 'motor']	aff	aff
A van is a	device	-6.5988884	Ġdevice	['type', 'vehicle', 'large', 'kind', 'motor']	aff	neg
A van is not a	device	-8.931459	Ġdevice	['car', 'vehicle', 'truck', 'bicycle', 'type']	neg	neg
A van is not a	vehicle	-2.8874073	Ġvehicle	['car', 'vehicle', 'truck', 'bicycle', 'type']	neg	aff
A bat is an	animal	-1.1232033	Ġanimal	['animal', 'instrument', 'important', 'object', 'insect']	aff	aff
A bat is a	furniture	-10.823689	Ġfurniture	['small', 'type', 'flying', 'mamm', 'bird']	aff	neg
A bat is not a	furniture	-9.621644	Ġfurniture	['bird', 'mamm', 'ball', 'fruit', 'dog']	neg	neg
A bat is not an	animal	-0.5228443	Ġanimal	['animal', 'insect', 'instrument', 'airplane', 'object']	neg	aff
A bed is a	furniture	-3.3481846	Ġfurniture	['piece', 'common', 'rectangular', 'bed', 'furniture']	aff	aff
A bed is a	toy	-9.19824	Ġtoy	['piece', 'common', 'rectangular', 'bed', 'furniture']	aff	neg
A bed is not a	toy	-3.1986504	Ġtoy	['bed', 'toy', 'good', 'place', 'chair']	neg	neg
A bed is not a	furniture	-5.877138	Ġfurniture	['bed', 'toy', 'good', 'place', 'chair']	neg	aff
A pencil is an	instrument	-2.834713	Ġinstrument	['essential', 'everyday', 'important', 'indispensable', 'object']	aff	aff
A pencil is an	animal	-10.611643	Ġanimal	['essential', 'everyday', 'important', 'indispensable', 'object']	aff	neg
A pencil is not an	animal	-3.6162186	Ġanimal	['object', 'essential', 'er', 'instrument', 'apple']	neg	neg
A pencil is not an	instrument	-2.9318542	Ġinstrument	['object', 'essential', 'er', 'instrument', 'apple']	neg	aff
A computer is a	device	-1.4547653	Ġdevice	['device', 'machine', 'general', 'tool', 'digital']	aff	aff
A computer is a	fruit	-10.302401	Ġfruit	['device', 'machine', 'general', 'tool', 'digital']	aff	neg
A computer is not a	fruit	-9.975389	Ġfruit	['computer', 'machine', 'magic', 'calculator', 'substitute']	neg	neg
A computer is not a	device	-4.25126	Ġdevice	['computer', 'machine', 'magic', 'calculator', 'substitute']	neg	aff
A watch is a	gadget	-6.1901293	Ġgadget	['time', 'device', 'type', 'piece', 'small']	aff	aff
A watch is an	animal	-8.938636	Ġanimal	['object', 'important', 'expensive', 'instrument', 'essential']	aff	neg
A watch is not an	animal	-5.098939	Ġanimal	['object', 'ordinary', 'expensive', 'essential', 'in']	neg	neg
A watch is not a	gadget	-6.2650414	Ġgadget	['watch', 'clock', 'car', 'toy', 'simple']	neg	aff
A cake is a	sweet	-3.4605656	Ġsweet	['type', 'food', 'cylindrical', 'circular', 'cake']	aff	aff
A cake is a	vegetable	-9.75033	Ġvegetable	['type', 'food', 'cylindrical', 'circular', 'cake']	aff	neg
A cake is not a	vegetable	-4.7905674	Ġvegetable	['cake', 'square', 'circle', 'good', 'rectangle']	neg	neg
A cake is not a	sweet	-8.006545	Ġsweet	['cake', 'square', 'circle', 'good', 'rectangle']	neg	aff
A lever is a	machine	-4.969305	Ġmachine	['simple', 'rigid', 'tool', 'mechanical', 'lever']	aff	aff
A lever is a	toy	-10.13379	Ġtoy	['simple', 'rigid', 'tool', 'mechanical', 'lever']	aff	neg
A lever is not a	toy	-7.081444	Ġtoy	['lever', 'machine', 'rigid', 'simple', 'good']	neg	neg
A lever is not a	machine	-2.8728485	Ġmachine	['lever', 'machine', 'rigid', 'simple', 'good']	neg	aff
A shark is an	animal	-0.4919052	Ġanimal	['animal', 'aquatic', 'apex', 'organism', 'important']	aff	aff
A shark is a	toy	-12.494152	Ġtoy	['fish', 'large', 'type', 'marine', 'predator']	aff	neg
A shark is not a	toy	-9.230192	Ġtoy	['fish', 'mamm', 'dog', 'bird', 'plant']	neg	neg
A shark is not an	animal	-0.75479317	Ġanimal	['animal', 'amphib', 'insect', 'herb', 'in']	neg	aff
A ruby is a	gemstone	-2.0761833	Ġgem	['precious', 'gem', 'type', 'red', 'rare']	aff	aff
A ruby is a	plant	-11.716473	Ġplant	['precious', 'gem', 'type', 'red', 'rare']	aff	neg
A ruby is not a	plant	-5.912423	Ġplant	['diamond', 'stone', 'gem', 'mineral', 'precious']	neg	neg
A ruby is not a	gemstone	-2.1948109	Ġgem	['diamond', 'stone', 'gem', 'mineral', 'precious']	neg	aff
An armchair is a	furniture	-2.9297943	Ġfurniture	['piece', 'chair', 'type', 'furniture', 'seat']	aff	aff
An armchair is a	tool	-5.6421976	Ġtool	['piece', 'chair', 'type', 'furniture', 'seat']	aff	neg
An armchair is not a	tool	-5.1546736	Ġtool	['chair', 'piece', 'real', 'bed', 'furniture']	neg	neg
An armchair is not a	furniture	-3.540657	Ġfurniture	['chair', 'piece', 'real', 'bed', 'furniture']	neg	aff
A stencil is a	tool	-3.1248379	Ġtool	['flat', 'pattern', 'sheet', 'template', 'thin']	aff	aff
A stencil is a	furniture	-11.860433	Ġfurniture	['flat', 'pattern', 'sheet', 'template', 'thin']	aff	neg
A stencil is not a	furniture	-9.2299	Ġfurniture	['tool', 'piece', 'single', 'pattern', 'template']	neg	neg
A stencil is not a	tool	-2.8873634	Ġtool	['tool', 'piece', 'single', 'pattern', 'template']	neg	aff
An earphone is an	electronics	-7.8036776	Ġelectronics	['audio', 'electronic', 'important', 'electrical', 'essential']	aff	aff
An earphone is a	tool	-5.401108	Ġtool	['device', 'small', 'type', 'common', 'very']	aff	neg
An earphone is not a	tool	-4.005473	Ġtool	['toy', 'speaker', 'phone', 'good', 'computer']	neg	neg
An earphone is not an	electronics	-7.586608	Ġelectronics	['essential', 'instrument', 'electronic', 'appliance', 'expensive']	neg	aff
A skateboard is a	sport	-6.1581135	Ġsport	['type', 'popular', 'small', 'simple', 'vehicle']	aff	aff
A skateboard is a	game	-7.1440334	Ġgame	['type', 'popular', 'small', 'simple', 'vehicle']	aff	neg
A skateboard is not a	game	-7.5016336	Ġgame	['car', 'bicycle', 'toy', 'vehicle', 'bike']	neg	neg
A skateboard is not a	sport	-6.1854076	Ġsport	['car', 'bicycle', 'toy', 'vehicle', 'bike']	neg	aff
A brick is a	material	-7.1696253	Ġmaterial	['rectangular', 'solid', 'unit', 'cube', 'small']	aff	aff
A brick is a	flower	-11.443572	Ġflower	['rectangular', 'solid', 'unit', 'cube', 'small']	aff	neg
A brick is not a	flower	-6.832058	Ġflower	['building', 'brick', 'book', 'cube', 'square']	neg	neg
A brick is not a	material	-6.3927374	Ġmaterial	['building', 'brick', 'book', 'cube', 'square']	neg	aff
A windmill is a	machine	-2.4745064	Ġmachine	['device', 'machine', 'wind', 'type', 'great']	aff	aff
A windmill is a	mammal	-11.987233	ĠM	['device', 'machine', 'wind', 'type', 'great']	aff	neg
A windmill is not a	mammal	-8.81813	Ġmamm	['wind', 'mill', 'machine', 'typical', 'very']	neg	neg
A windmill is not a	machine	-2.898346	Ġmachine	['wind', 'mill', 'machine', 'typical', 'very']	neg	aff
A tree is a	plant	-8.151986	Ġplant	['connected', 'graph', 'tree', 'type', 'special']	aff	aff
A tree is a	mineral	-15.582832	Ġmineral	['connected', 'graph', 'tree', 'type', 'special']	aff	neg
A tree is not a	mineral	-11.240678	Ġmineral	['tree', 'graph', 'plan', 'plant', 'group']	neg	neg
A tree is not a	plant	-3.940137	Ġplant	['tree', 'graph', 'plan', 'plant', 'group']	neg	aff
A rock is a	stone	-5.631441	Ġstone	['solid', 'type', 'hard', 'chunk', 'common']	aff	aff
A rock is a	tree	-9.112508	Ġtree	['solid', 'type', 'hard', 'chunk', 'common']	aff	neg
A rock is not a	tree	-3.9072323	Ġtree	['planet', 'rock', 'liquid', 'mineral', 'living']	neg	neg
A rock is not a	stone	-4.2719145	Ġstone	['planet', 'rock', 'liquid', 'mineral', 'living']	neg	aff
A mole is a	mammal	-9.611555	Ġmamm	['unit', 'measure', 'large', 'fundamental', 'group']	aff	aff
A mole is a	fish	-12.004575	Ġfish	['unit', 'measure', 'large', 'fundamental', 'group']	aff	neg
A mole is not a	fish	-5.394987	Ġfish	['unit', 'living', 'type', 'small', 'person']	neg	neg
A mole is not a	mammal	-4.353981	Ġmamm	['unit', 'living', 'type', 'small', 'person']	neg	aff
A movie is a	media	-6.407135	Ġmedia	['series', 'story', 'sequence', 'film', 'work']	aff	aff
A movie is a	food	-12.591627	Ġfood	['series', 'story', 'sequence', 'film', 'work']	aff	neg
A movie is not a	food	-7.1235437	Ġfood	['movie', 'book', 'film', 'good', 'work']	neg	neg
A movie is not a	media	-8.486313	Ġmedia	['movie', 'book', 'film', 'good', 'work']	neg	aff
A paperback is a	book	-1.3224926	Ġbook	['book', 'type', 'thin', 'small', 'very']	aff	aff
A paperback is a	movie	-9.879638	Ġmovie	['book', 'type', 'thin', 'small', 'very']	aff	neg
A paperback is not a	movie	-6.6851234	Ġmovie	['book', 'good', 'real', 'hard', 'very']	neg	neg
A paperback is not a	book	-1.1493282	Ġbook	['book', 'good', 'real', 'hard', 'very']	neg	aff
A tower is a	structure	-2.4735603	Ġstructure	['geometric', 'structure', 'type', 'three', 'vertical']	aff	aff
A tower is a	cave	-16.827385	Ġcave	['geometric', 'structure', 'type', 'three', 'vertical']	aff	neg
A tower is not a	cave	-9.281368	Ġcave	['building', 'tree', 'simple', 'single', 'structure']	neg	neg
A tower is not a	structure	-3.6961498	Ġstructure	['building', 'tree', 'simple', 'single', 'structure']	neg	aff
An asylum is an	institution	-2.9043674	Ġinstitution	['area', 'official', 'institution', 'international', 'individual']	aff	aff
An asylum is a	game	-11.096548	Ġgame	['place', 'temporary', 'legal', 'country', 'safe']	aff	neg
An asylum is not a	game	-8.454812	Ġgame	['place', 'country', 'legal', 'right', 'permanent']	neg	neg
An asylum is not an	institution	-3.4078865	Ġinstitution	['asylum', 'option', 'institution', 'ideal', 'official']	neg	aff
A rice is a	grain	-4.0606794	Ġgrain	['type', 'plant', 'seed', 'food', 'grain']	aff	aff
A rice is a	fish	-10.16913	Ġfish	['type', 'plant', 'seed', 'food', 'grain']	aff	neg
A rice is not a	fish	-2.9413319	Ġfish	['vegetable', 'fruit', 'grain', 'fish', 'plant']	neg	neg
A rice is not a	grain	-2.786003	Ġgrain	['vegetable', 'fruit', 'grain', 'fish', 'plant']	neg	aff
A soup is a	food	-2.5370636	Ġfood	['dish', 'liquid', 'mixture', 'food', 'savory']	aff	aff
A soup is a	plant	-10.046818	Ġplant	['dish', 'liquid', 'mixture', 'food', 'savory']	aff	neg
A soup is not a	plant	-8.14817	Ġplant	['meal', 'dish', 'soup', 'liquid', 'food']	neg	neg
A soup is not a	food	-3.582941	Ġfood	['meal', 'dish', 'soup', 'liquid', 'food']	neg	aff
A ship is a	vehicle	-4.1667957	Ġvehicle	['vessel', 'floating', 'large', 'ship', 'man']	aff	aff
A ship is a	toy	-9.309357	Ġtoy	['vessel', 'floating', 'large', 'ship', 'man']	aff	neg
A ship is not a	toy	-6.010414	Ġtoy	['ship', 'boat', 'fish', 'bird', 'machine']	neg	neg
A ship is not a	vehicle	-4.240258	Ġvehicle	['ship', 'boat', 'fish', 'bird', 'machine']	neg	aff
A blueberry is a	fruit	-1.9895496	Ġfruit	['small', 'fruit', 'berry', 'type', 'sweet']	aff	aff
A blueberry is a	flower	-7.719863	Ġflower	['small', 'fruit', 'berry', 'type', 'sweet']	aff	neg
A blueberry is not a	flower	-4.8416224	Ġflower	['berry', 'fruit', 'fish', 'blue', 'seed']	neg	neg
A blueberry is not a	fruit	-2.0631504	Ġfruit	['berry', 'fruit', 'fish', 'blue', 'seed']	neg	aff
A shirt is a	clothing	-4.248211	Ġclothing	['garment', 'type', 'piece', 'kind', 'clothing']	aff	aff
A shirt is a	food	-11.155438	Ġfood	['garment', 'type', 'piece', 'kind', 'clothing']	aff	neg
A shirt is not a	food	-6.134322	Ġfood	['shirt', 'dress', 'T', 't', 'coat']	neg	neg
A shirt is not a	clothing	-6.269822	Ġclothing	['shirt', 'dress', 'T', 't', 'coat']	neg	aff
A dandelion is a	flower	-3.3424988	Ġflower	['plant', 'type', 'common', 'bi', 'flower']	aff	aff
A dandelion is a	tree	-9.284074	Ġtree	['plant', 'type', 'common', 'bi', 'flower']	aff	neg
A dandelion is not a	tree	-5.5857534	Ġtree	['flower', 'weed', 'd', 'true', 'plant']	neg	neg
A dandelion is not a	flower	-1.4053268	Ġflower	['flower', 'weed', 'd', 'true', 'plant']	neg	aff
A perfume is a	liquid	-2.4663067	Ġliquid	['mixture', 'liquid', 'product', 'substance', 'composition']	aff	aff
A perfume is a	solid	-6.0039406	Ġsolid	['mixture', 'liquid', 'product', 'substance', 'composition']	aff	neg
A perfume is not a	solid	-5.598445	Ġsolid	['drug', 'medicine', 'food', 'product', 'perfume']	neg	neg
A perfume is not a	liquid	-3.7443962	Ġliquid	['drug', 'medicine', 'food', 'product', 'perfume']	neg	aff
A cabbage is a	vegetable	-2.0273438	Ġvegetable	['plant', 'vegetable', 'type', 'kind', 'common']	aff	aff
A cabbage is a	furniture	-15.803892	Ġfurniture	['plant', 'vegetable', 'type', 'kind', 'common']	aff	neg
A cabbage is not a	furniture	-11.281124	Ġfurniture	['vegetable', 'fruit', 'fish', 'tomato', 'plant']	neg	neg
A cabbage is not a	vegetable	-1.0572605	Ġvegetable	['vegetable', 'fruit', 'fish', 'tomato', 'plant']	neg	aff
A pasta is a	dish	-3.3556976	Ġdish	['type', 'food', 'long', 'dish', 'pasta']	aff	aff
A pasta is a	building	-7.84373	Ġbuilding	['type', 'food', 'long', 'dish', 'pasta']	aff	neg
A pasta is not a	building	-8.333209	Ġbuilding	['pasta', 'vegetable', 'cake', 'food', 'dish']	neg	neg
A pasta is not a	dish	-3.405076	Ġdish	['pasta', 'vegetable', 'cake', 'food', 'dish']	neg	aff
A brownie is a	dessert	-2.991579	Ġdessert	['type', 'square', 'baked', 'dessert', 'sweet']	aff	aff
A brownie is a	fruit	-10.603266	Ġfruit	['type', 'square', 'baked', 'dessert', 'sweet']	aff	neg
A brownie is not a	fruit	-5.2621155	Ġfruit	['cake', 'cookie', 'pie', 'brown', 'dessert']	neg	neg
A brownie is not a	dessert	-3.3178482	Ġdessert	['cake', 'cookie', 'pie', 'brown', 'dessert']	neg	aff
A lounge is a	room	-1.7925243	Ġroom	['place', 'room', 'space', 'type', 'public']	aff	aff
A lounge is a	machine	-12.331382	Ġmachine	['place', 'room', 'space', 'type', 'public']	aff	neg
A lounge is not a	machine	-9.193627	Ġmachine	['place', 'room', 'restaurant', 'dining', 'bar']	neg	neg
A lounge is not a	room	-2.3774586	Ġroom	['place', 'room', 'restaurant', 'dining', 'bar']	neg	aff
A beach is a	coastline	-5.2397213	Ġcoastline	['land', 'place', 'long', 'coastal', 'strip']	aff	aff
A beach is a	forest	-10.776101	Ġforest	['land', 'place', 'long', 'coastal', 'strip']	aff	neg
A beach is not a	forest	-4.3974066	Ġforest	['place', 'desert', 'beach', 'natural', 'lake']	neg	neg
A beach is not a	coastline	-7.61753	Ġcoastline	['place', 'desert', 'beach', 'natural', 'lake']	neg	aff
A chicken is a	food	-6.7446747	Ġfood	['bird', 'type', 'common', 'domestic', 'warm']	aff	aff
A chicken is a	fruit	-10.504354	Ġfruit	['bird', 'type', 'common', 'domestic', 'warm']	aff	neg
A chicken is not a	fruit	-5.4209585	Ġfruit	['dog', 'bird', 'fish', 'mamm', 'chicken']	neg	neg
A chicken is not a	food	-7.2614393	Ġfood	['dog', 'bird', 'fish', 'mamm', 'chicken']	neg	aff
A koala is an	animal	-1.9426136	Ġanimal	['arb', 'animal', 'Australian', 'herb', 'unusual']	aff	aff
A koala is a	mineral	-16.444613	Ġmineral	['type', 'small', 'mars', 'kind', 'cute']	aff	neg
A koala is not a	mineral	-11.648563	Ġmineral	['bear', 'dog', 'monkey', 'ko', 'cat']	neg	neg
A koala is not an	animal	-0.70358276	Ġanimal	['animal', 'elephant', 'ape', 'insect', 'endangered']	neg	aff
An ostrich is a	bird	-0.49570084	Ġbird	['bird', 'large', 'flight', 'big', 'type']	aff	aff
An ostrich is a	mammal	-7.980879	Ġmamm	['bird', 'large', 'flight', 'big', 'type']	aff	neg
An ostrich is not a	mammal	-6.6712837	Ġmamm	['bird', 'chicken', 'duck', 'horse', 'dinosaur']	neg	neg
An ostrich is not a	bird	-0.66983604	Ġbird	['bird', 'chicken', 'duck', 'horse', 'dinosaur']	neg	aff
A salad is a	food	-3.387457	Ġfood	['dish', 'mixture', 'meal', 'combination', 'food']	aff	aff
A salad is a	drink	-6.9214687	Ġdrink	['dish', 'mixture', 'meal', 'combination', 'food']	aff	neg
A salad is not a	drink	-4.8483887	Ġdrink	['meal', 'dish', 'food', 'sandwich', 'complete']	neg	neg
A salad is not a	food	-3.2372246	Ġfood	['meal', 'dish', 'food', 'sandwich', 'complete']	neg	aff
A pineapple is a	fruit	-1.8529816	Ġfruit	['type', 'fruit', 'tropical', 'large', 'delicious']	aff	aff
A pineapple is a	vegetable	-7.6679707	Ġvegetable	['type', 'fruit', 'tropical', 'large', 'delicious']	aff	neg
A pineapple is not a	vegetable	-3.7486925	Ġvegetable	['fruit', 'berry', 'pear', 'banana', 'tree']	neg	neg
A pineapple is not a	fruit	-1.3076992	Ġfruit	['fruit', 'berry', 'pear', 'banana', 'tree']	neg	aff
An eagle is a	bird	-0.6611538	Ġbird	['bird', 'large', 'type', 'r', 'very']	aff	aff
An eagle is a	plant	-13.120266	Ġplant	['bird', 'large', 'type', 'r', 'very']	aff	neg
An eagle is not a	plant	-7.8835793	Ġplant	['bird', 'fish', 'type', 'mamm', 'dog']	neg	neg
An eagle is not a	bird	-0.9256363	Ġbird	['bird', 'fish', 'type', 'mamm', 'dog']	neg	aff
A bicycle is a	transport	-7.211809	Ġtransport	['vehicle', 'type', 'great', 'very', 'bicycle']	aff	aff
A bicycle is a	gemstone	-9.987241	Ġgem	['vehicle', 'type', 'great', 'very', 'bicycle']	aff	neg
A bicycle is not a	gemstone	-11.880087	Ġgem	['car', 'vehicle', 'bicycle', 'motor', 'motorcycle']	neg	neg
A bicycle is not a	transport	-8.056976	Ġtransport	['car', 'vehicle', 'bicycle', 'motor', 'motorcycle']	neg	aff
An iodine is an	element	-1.1692524	Ġelement	['element', 'atom', 'essential', 'important', 'is']	aff	aff
An iodine is a	mineral	-3.9934587	Ġmineral	['chemical', 'radioactive', 'type', 'compound', 'substance']	aff	neg
An iodine is not a	mineral	-3.9822788	Ġmineral	['metal', 'good', 'part', 'necessary', 'mineral']	neg	neg
An iodine is not an	element	-1.3088188	Ġelement	['element', 'essential', 'atom', 'alk', 'is']	neg	aff
A carbon is an	element	-0.5344963	Ġelement	['element', 'atom', 'essential', 'important', 'organic']	aff	aff
A carbon is a	device	-9.893679	Ġdevice	['type', 'very', 'non', 'fundamental', 'chemical']	aff	neg
A carbon is not a	device	-11.090361	Ġdevice	['metal', 'molecule', 'mineral', 'number', 'chemical']	neg	neg
A carbon is not an	element	-0.7531929	Ġelement	['element', 'atom', 'electron', 'acid', 'ion']	neg	aff
A salt is a	mineral	-5.3137903	Ġmineral	['compound', 'substance', 'chemical', 'combination', 'solid']	aff	aff
A salt is a	toy	-13.602425	Ġtoy	['compound', 'substance', 'chemical', 'combination', 'solid']	aff	neg
A salt is not a	toy	-7.736558	Ġtoy	['food', 'chemical', 'drug', 'single', 'mineral']	neg	neg
A salt is not a	mineral	-3.367113	Ġmineral	['food', 'chemical', 'drug', 'single', 'mineral']	neg	aff
A methane is a	gas	-2.7244186	Ġgas	['hydro', 'fl', 'gas', 'compound', 'color']	aff	aff
A methane is a	liquid	-8.428714	Ġliquid	['hydro', 'fl', 'gas', 'compound', 'color']	aff	neg
A methane is not a	liquid	-4.854041	Ġliquid	['greenhouse', 'gas', 'good', 'pollut', 'type']	neg	neg
A methane is not a	gas	-3.1844444	Ġgas	['greenhouse', 'gas', 'good', 'pollut', 'type']	neg	aff
A ladder is a	tool	-3.1064816	Ġtool	['straight', 'rod', 'very', 'tool', 'common']	aff	aff
A ladder is a	toy	-7.0953436	Ġtoy	['straight', 'rod', 'very', 'tool', 'common']	aff	neg
A ladder is not a	toy	-4.7346582	Ġtoy	['ladder', 'tool', 'straight', 'good', 'very']	neg	neg
A ladder is not a	tool	-2.7105827	Ġtool	['ladder', 'tool', 'straight', 'good', 'very']	neg	aff
A cup is a	container	-2.149187	Ġcontainer	['unit', 'container', 'common', 'type', 'cylindrical']	aff	aff
A cup is a	tool	-4.9670305	Ġtool	['unit', 'container', 'common', 'type', 'cylindrical']	aff	neg
A cup is not a	tool	-6.3163137	Ġtool	['container', 'cup', 'bowl', 'can', 'rectangle']	neg	neg
A cup is not a	container	-2.2736225	Ġcontainer	['container', 'cup', 'bowl', 'can', 'rectangle']	neg	aff
A puppy is a	dog	-1.7211685	Ġdog	['young', 'dog', 'mamm', 'small', 'child']	aff	aff
A puppy is a	cat	-7.270213	Ġcat	['young', 'dog', 'mamm', 'small', 'child']	aff	neg
A puppy is not a	cat	-2.6514492	Ġcat	['dog', 'pet', 'cat', 'child', 'person']	neg	neg
A puppy is not a	dog	-1.5460815	Ġdog	['dog', 'pet', 'cat', 'child', 'person']	neg	aff
A stone is a	rock	-6.084202	Ġrock	['point', 'type', 'small', 'positive', '']	aff	aff
A stone is a	place	-5.715554	Ġplace	['point', 'type', 'small', 'positive', '']	aff	neg
A stone is not a	place	-7.0839186	Ġplace	['living', 'plant', 'liquid', 'bird', 'fish']	neg	neg
A stone is not a	rock	-3.9801693	Ġrock	['living', 'plant', 'liquid', 'bird', 'fish']	neg	aff
A clay is a	material	-3.3255482	Ġmaterial	['natural', 'naturally', 'mixture', 'sediment', 'type']	aff	aff
A clay is a	person	-11.675507	Ġperson	['natural', 'naturally', 'mixture', 'sediment', 'type']	aff	neg
A clay is not a	person	-7.7724276	Ġperson	['mineral', 'liquid', 'solid', 'rock', 'material']	neg	neg
A clay is not a	material	-3.4024525	Ġmaterial	['mineral', 'liquid', 'solid', 'rock', 'material']	neg	aff
A dragon is a	creature	-2.444767	Ġcreature	['legendary', 'mythical', 'creature', 'myth', 'rept']	aff	aff
A dragon is a	plant	-10.473029	Ġplant	['legendary', 'mythical', 'creature', 'myth', 'rept']	aff	neg
A dragon is not a	plant	-4.4778404	Ġplant	['bird', 'fish', 'real', 'mamm', 'pet']	neg	neg
A dragon is not a	creature	-3.9827871	Ġcreature	['bird', 'fish', 'real', 'mamm', 'pet']	neg	aff
A beetle is an	insect	-0.22778511	Ġinsect	['insect', 'animal', 'in', 'ar', 'important']	aff	aff
A beetle is a	plant	-7.812604	Ġplant	['type', 'small', 'kind', 'tiny', 'flying']	aff	neg
A beetle is not a	plant	-6.0927763	Ġplant	['bird', 'butterfly', 'beetle', 'fly', 'bug']	neg	neg
A beetle is not an	insect	-0.6143398	Ġinsect	['insect', 'ant', 'animal', 'ar', 'easy']	neg	aff
A wheel is a	tool	-7.066969	Ġtool	['simple', 'circular', 'solid', 'type', 'circle']	aff	aff
A wheel is a	place	-8.298499	Ġplace	['simple', 'circular', 'solid', 'type', 'circle']	aff	neg
A wheel is not a	place	-6.5953093	Ġplace	['circle', 'sphere', 'perfect', 'simple', 'wheel']	neg	neg
A wheel is not a	tool	-6.3884735	Ġtool	['circle', 'sphere', 'perfect', 'simple', 'wheel']	neg	aff
A daisy is a	plant	-2.4549217	Ġplant	['flower', 'type', 'plant', 'common', 'kind']	aff	aff
A daisy is an	animal	-6.7915583	Ġanimal	['herb', 'example', 'orn', 'interesting', 'old']	aff	neg
A daisy is not an	animal	-1.28442	Ġanimal	['animal', 'apple', 'insect', 'easy', 'orch']	neg	neg
A daisy is not a	plant	-2.5804996	Ġplant	['flower', 'd', 'plant', 'rose', 'dog']	neg	aff
A holiday is a	break	-4.0314026	Ġbreak	['time', 'day', 'special', 'holiday', 'period']	aff	aff
A holiday is a	work	-8.128425	Ġwork	['time', 'day', 'special', 'holiday', 'period']	aff	neg
A holiday is not a	work	-5.11042	Ġwork	['holiday', 'day', 'vacation', 'time', 'rest']	neg	neg
A holiday is not a	break	-4.7879763	Ġbreak	['holiday', 'day', 'vacation', 'time', 'rest']	neg	aff
An insect is an	arthropod	-2.4085503	Ġar	['animal', 'in', 'organism', 'ar', 'insect']	aff	aff
An insect is a	mammal	-10.425206	Ġmamm	['small', 'tiny', 'type', 'creature', 'member']	aff	neg
An insect is not a	mammal	-4.5609636	Ġmamm	['living', 'fish', 'person', 'bird', 'human']	neg	neg
An insect is not an	arthropod	-5.469116	Ġar	['animal', 'insect', 'organism', 'object', 'in']	neg	aff
A lily is a	flora	-10.3270445	Ġflora	['type', 'flower', 'plant', 'flowering', 'water']	aff	aff
A lily is a	tool	-8.896053	Ġtool	['type', 'flower', 'plant', 'flowering', 'water']	aff	neg
A lily is not a	tool	-8.506373	Ġtool	['flower', 'plant', 'l', 'fish', 'dog']	neg	neg
A lily is not a	flora	-10.1083	Ġflora	['flower', 'plant', 'l', 'fish', 'dog']	neg	aff
A cardinal is a	bird	-0.7844982	Ġbird	['bird', 'type', 'large', 'kind', 'member']	aff	aff
A cardinal is a	tree	-10.224467	Ġtree	['bird', 'type', 'large', 'kind', 'member']	aff	neg
A cardinal is not a	tree	-5.9335766	Ġtree	['bird', 'type', 'real', 'dog', 'kind']	neg	neg
A cardinal is not a	bird	-0.79327774	Ġbird	['bird', 'type', 'real', 'dog', 'kind']	neg	aff
A swan is a	bird	-1.4306297	Ġbird	['large', 'bird', 'water', 'very', 'type']	aff	aff
A swan is a	plant	-11.202124	Ġplant	['large', 'bird', 'water', 'very', 'type']	aff	neg
A swan is not a	plant	-7.760564	Ġplant	['bird', 'duck', 'fish', 'sw', 'goose']	neg	neg
A swan is not a	bird	-0.850687	Ġbird	['bird', 'duck', 'fish', 'sw', 'goose']	neg	aff
A calliper is a	tool	-1.2766953	Ġtool	['tool', 'measuring', 'device', 'precision', 'type']	aff	aff
A calliper is a	weapon	-11.88184	Ġweapon	['tool', 'measuring', 'device', 'precision', 'type']	aff	neg
A calliper is not a	weapon	-6.889818	Ġweapon	['measuring', 'tool', 'type', 'unit', 'device']	neg	neg
A calliper is not a	tool	-2.0720615	Ġtool	['measuring', 'tool', 'type', 'unit', 'device']	neg	aff
A cathedral is a	church	-1.870184	Ġchurch	['large', 'church', 'Christian', 'building', 'place']	aff	aff
A cathedral is a	house	-3.6731396	Ġhouse	['large', 'church', 'Christian', 'building', 'place']	aff	neg
A cathedral is not a	house	-2.9083843	Ġhouse	['building', 'church', 'place', 'house', 'simple']	neg	neg
A cathedral is not a	church	-1.6348724	Ġchurch	['building', 'church', 'place', 'house', 'simple']	neg	aff
A pear is a	fruit	-1.5402031	Ġfruit	['fruit', 'type', 'round', 'kind', 'small']	aff	aff
A pear is a	vegetable	-7.1038284	Ġvegetable	['fruit', 'type', 'round', 'kind', 'small']	aff	neg
A pear is not a	vegetable	-3.7012405	Ġvegetable	['fruit', 'grape', 'pear', 'round', 'banana']	neg	neg
A pear is not a	fruit	-1.8970165	Ġfruit	['fruit', 'grape', 'pear', 'round', 'banana']	neg	aff
A watermelon is a	fruit	-1.9642715	Ġfruit	['type', 'fruit', 'large', 'member', 'very']	aff	aff
A watermelon is a	vegetable	-5.507015	Ġvegetable	['type', 'fruit', 'large', 'member', 'very']	aff	neg
A watermelon is not a	vegetable	-2.1075516	Ġvegetable	['fruit', 'mel', 'vegetable', 'water', 'true']	neg	neg
A watermelon is not a	fruit	-1.3327007	Ġfruit	['fruit', 'mel', 'vegetable', 'water', 'true']	neg	aff
A tugboat is a	vessel	-1.5494614	Ġvessel	['vessel', 'ship', 'type', 'specialized', 'large']	aff	aff
A tugboat is a	toy	-14.900991	Ġtoy	['vessel', 'ship', 'type', 'specialized', 'large']	aff	neg
A tugboat is not a	toy	-7.6128597	Ġtoy	['vessel', 'ship', 'commercial', 'war', 'tug']	neg	neg
A tugboat is not a	vessel	-2.2184963	Ġvessel	['vessel', 'ship', 'commercial', 'war', 'tug']	neg	aff
A poet is a	writer	-3.1055431	Ġwriter	['person', 'man', 'poet', 'writer', 'word']	aff	aff
A poet is a	tool	-8.127422	Ġtool	['person', 'man', 'poet', 'writer', 'word']	aff	neg
A poet is not a	tool	-8.241747	Ġtool	['person', 'man', 'machine', 'poet', 'mere']	neg	neg
A poet is not a	writer	-3.9081926	Ġwriter	['person', 'man', 'machine', 'poet', 'mere']	neg	aff
An athlete is a	sportsman	-5.030859	Ġsports	['person', 'professional', '', 'member', 'student']	aff	aff
An athlete is a	poet	-9.824685	Ġpoet	['person', 'professional', '', 'member', 'student']	aff	neg
An athlete is not a	poet	-7.6591787	Ġpoet	['machine', 'robot', 'professional', 'person', 'single']	neg	neg
An athlete is not a	sportsman	-5.4498034	Ġsports	['machine', 'robot', 'professional', 'person', 'single']	neg	aff
A musician is a	professional	-3.126482	Ġprofessional	['person', 'composer', 'professional', 'man', 'musician']	aff	aff
A musician is an	athlete	-7.6521864	Ġathlete	['individual', 'artist', 'expert', 'amateur', 'instrumental']	aff	neg
A musician is not an	athlete	-4.300516	Ġathlete	['engineer', 'artist', 'actor', 'instrument', 'expert']	neg	neg
A musician is not a	professional	-3.949236	Ġprofessional	['mathematic', 'musician', 'scientist', 'composer', 'person']	neg	aff
A cook is a	chef	-4.090708	Ġchef	['person', 'professional', 'worker', 'man', 'very']	aff	aff
A cook is a	waiter	-6.770772	Ġwaiter	['person', 'professional', 'worker', 'man', 'very']	aff	neg
A cook is not a	waiter	-3.8447714	Ġwaiter	['chef', 'doctor', 'professional', 'person', 'cook']	neg	neg
A cook is not a	chef	-2.3736916	Ġchef	['chef', 'doctor', 'professional', 'person', 'cook']	neg	aff
A shirt is a	garment	-1.4124775	Ġgarment	['garment', 'type', 'piece', 'kind', 'clothing']	aff	aff
A shirt is a	house	-9.708775	Ġhouse	['garment', 'type', 'piece', 'kind', 'clothing']	aff	neg
A shirt is not a	house	-4.9882793	Ġhouse	['shirt', 'dress', 'T', 't', 'coat']	neg	neg
A shirt is not a	garment	-4.9070396	Ġgarment	['shirt', 'dress', 'T', 't', 'coat']	neg	aff
A doorknob is a	furnishing	-15.538799	Ġfurn	['circular', 'type', 'cylindrical', 'simple', 'common']	aff	aff
A doorknob is a	computer	-13.092271	Ġcomputer	['circular', 'type', 'cylindrical', 'simple', 'common']	aff	neg
A doorknob is not a	computer	-5.2346888	Ġcomputer	['lever', 'part', 'door', 'good', 'machine']	neg	neg
A doorknob is not a	furnishing	-12.638197	Ġfurn	['lever', 'part', 'door', 'good', 'machine']	neg	aff
A spoon is an	utensil	-4.0743027	Ġutens	['implement', 'object', 'instrument', 'important', 'essential']	aff	aff
A spoon is a	toy	-9.0516615	Ġtoy	['utens', 'tool', 'kitchen', 'simple', 'type']	aff	neg
A spoon is not a	toy	-5.910818	Ġtoy	['spoon', 'tool', 'knife', 'cup', 'fork']	neg	neg
A spoon is not an	utensil	-7.5904465	Ġutens	['instrument', 'object', 'eating', 'airplane', 'effective']	neg	aff
A movie is a	film	-2.8024025	Ġfilm	['series', 'story', 'sequence', 'film', 'work']	aff	aff
A movie is a	place	-6.5678453	Ġplace	['series', 'story', 'sequence', 'film', 'work']	aff	neg
A movie is not a	place	-5.2617245	Ġplace	['movie', 'book', 'film', 'good', 'work']	neg	neg
A movie is not a	film	-3.1620789	Ġfilm	['movie', 'book', 'film', 'good', 'work']	neg	aff
A mansion is a	building	-2.2469387	Ġbuilding	['large', 'building', 'type', 'very', 'grand']	aff	aff
A mansion is an	apartment	-5.0194645	Ġapartment	['expensive', 'extremely', 'important', 'impressive', 'enormous']	aff	neg
A mansion is not an	apartment	-2.849369	Ġapartment	['ordinary', 'apartment', 'easy', 'object', 'island']	neg	neg
A mansion is not a	building	-3.3111477	Ġbuilding	['house', 'home', 'typical', 'building', 'place']	neg	aff
A monument is a	structure	-1.9290752	Ġstructure	['structure', 'large', 'monument', 'type', 'building']	aff	aff
A monument is a	toy	-11.867593	Ġtoy	['structure', 'large', 'monument', 'type', 'building']	aff	neg
A monument is not a	toy	-5.544958	Ġtoy	['building', 'simple', 'monument', 'statue', 'work']	neg	neg
A monument is not a	structure	-4.8662653	Ġstructure	['building', 'simple', 'monument', 'statue', 'work']	neg	aff
A candle is a	light	-3.267538	Ġlight	['common', 'simple', 'cylindrical', 'very', 'source']	aff	aff
A candle is a	sound	-10.650593	Ġsound	['common', 'simple', 'cylindrical', 'very', 'source']	aff	neg
A candle is not a	sound	-7.5629377	Ġsound	['candle', 'light', 'plant', 'good', 'tree']	neg	neg
A candle is not a	light	-2.7959576	Ġlight	['candle', 'light', 'plant', 'good', 'tree']	neg	aff
A poodle is a	dog	-1.4224815	Ġdog	['type', 'dog', 'breed', 'kind', 'domestic']	aff	aff
A poodle is a	bird	-8.12177	Ġbird	['type', 'dog', 'breed', 'kind', 'domestic']	aff	neg
A poodle is not a	bird	-4.5975018	Ġbird	['dog', 'breed', 'cat', 'type', 'mamm']	neg	neg
A poodle is not a	dog	-1.0581818	Ġdog	['dog', 'breed', 'cat', 'type', 'mamm']	neg	aff
A baby is a	human	-2.9967098	Ġhuman	['person', 'baby', 'new', 'human', 'child']	aff	aff
A baby is a	cat	-10.090383	Ġcat	['person', 'baby', 'new', 'human', 'child']	aff	neg
A baby is not a	cat	-7.690959	Ġcat	['person', 'small', 'product', 'consumer', 'baby']	neg	neg
A baby is not a	human	-3.471447	Ġhuman	['person', 'small', 'product', 'consumer', 'baby']	neg	aff
A snowflake is a	flake	-7.287078	Ġfl	['pattern', 'symmetric', 'fascinating', 'unique', 'beautiful']	aff	aff
A snowflake is a	cloud	-8.163607	Ġcloud	['pattern', 'symmetric', 'fascinating', 'unique', 'beautiful']	aff	neg
A snowflake is not a	cloud	-6.0890617	Ġcloud	['snow', 'fract', 'fl', 'circle', 'regular']	neg	neg
A snowflake is not a	flake	-3.0583763	Ġfl	['snow', 'fract', 'fl', 'circle', 'regular']	neg	aff
A violin is an	instrument	-0.39437866	Ġinstrument	['instrument', 'important', 'acoustic', 'ancient', 'essential']	aff	aff
A violin is a	toy	-10.075302	Ġtoy	['string', 'musical', 'type', 'bowed', 'very']	aff	neg
A violin is not a	toy	-4.0519505	Ġtoy	['musical', 'piano', 'string', 'guitar', 'violin']	neg	neg
A violin is not an	instrument	-0.81028366	Ġinstrument	['instrument', 'electronic', 'expensive', 'electric', 'object']	neg	aff
A spade is a	tool	-2.389986	Ġtool	['tool', 'type', 'flat', 'card', 'suit']	aff	aff
A spade is a	food	-7.3269625	Ġfood	['tool', 'type', 'flat', 'card', 'suit']	aff	neg
A spade is not a	food	-5.6123466	Ġfood	['fruit', 'vegetable', 'tool', 'club', 'type']	neg	neg
A spade is not a	tool	-2.8759289	Ġtool	['fruit', 'vegetable', 'tool', 'club', 'type']	neg	aff
An onion is a	vegetable	-1.9465504	Ġvegetable	['vegetable', 'type', 'fruit', 'plant', 'kind']	aff	aff
An onion is a	fruit	-2.2215118	Ġfruit	['vegetable', 'type', 'fruit', 'plant', 'kind']	aff	neg
An onion is not a	fruit	-1.4754944	Ġfruit	['vegetable', 'fruit', 'potato', 'plant', 'tomato']	neg	neg
An onion is not a	vegetable	-0.5715351	Ġvegetable	['vegetable', 'fruit', 'potato', 'plant', 'tomato']	neg	aff
A mailman is a	worker	-5.9942913	Ġworker	['', 'bit', 'walking', 'person', 'certain']	aff	aff
A mailman is a	police	-7.7090435	Ġpolice	['', 'bit', 'walking', 'person', 'certain']	aff	neg
A mailman is not a	police	-3.7582273	Ġpolice	['professional', 'doctor', 'teacher', 'person', 'police']	neg	neg
A mailman is not a	worker	-4.216852	Ġworker	['professional', 'doctor', 'teacher', 'person', 'police']	neg	aff
A policeman is a	worker	-6.0282345	Ġworker	['person', 'police', 'public', 'member', 'type']	aff	aff
A policeman is a	material	-11.178882	Ġmaterial	['person', 'police', 'public', 'member', 'type']	aff	neg
A policeman is not a	material	-9.289617	Ġmaterial	['police', 'policeman', 'soldier', 'hero', 'person']	neg	neg
A policeman is not a	worker	-7.0571527	Ġworker	['police', 'policeman', 'soldier', 'hero', 'person']	neg	aff
A sand is a	material	-3.9683323	Ġmaterial	['gran', 'natural', 'deposit', 'collection', 'type']	aff	aff
A sand is a	house	-12.702343	Ġhouse	['gran', 'natural', 'deposit', 'collection', 'type']	aff	neg
A sand is not a	house	-5.85058	Ġhouse	['sand', 'liquid', 'solid', 'desert', 'grain']	neg	neg
A sand is not a	material	-5.738248	Ġmaterial	['sand', 'liquid', 'solid', 'desert', 'grain']	neg	aff
A grapefruit is a	fruit	-2.7914371	Ġfruit	['type', 'large', 'citrus', 'fruit', 'round']	aff	aff
A grapefruit is a	color	-8.056311	Ġcolor	['type', 'large', 'citrus', 'fruit', 'round']	aff	neg
A grapefruit is not a	color	-8.564933	Ġcolor	['grape', 'citrus', 'true', 'real', 'fruit']	neg	neg
A grapefruit is not a	fruit	-3.0606403	Ġfruit	['grape', 'citrus', 'true', 'real', 'fruit']	neg	aff
A couch is a	furniture	-2.9333305	Ġfurniture	['piece', 'large', 'type', 'furniture', 'big']	aff	aff
A couch is a	building	-10.091246	Ġbuilding	['piece', 'large', 'type', 'furniture', 'big']	aff	neg
A couch is not a	building	-5.910018	Ġbuilding	['chair', 'bed', 'car', 'piece', 'table']	neg	neg
A couch is not a	furniture	-5.383027	Ġfurniture	['chair', 'bed', 'car', 'piece', 'table']	neg	aff
A lawyer is a	professional	-1.2742538	Ġprofessional	['person', 'professional', 'legal', 'member', 'lawyer']	aff	aff
A lawyer is a	judge	-7.3274117	Ġjudge	['person', 'professional', 'legal', 'member', 'lawyer']	aff	neg
A lawyer is not a	judge	-3.3149767	Ġjudge	['doctor', 'lawyer', 'judge', 'professional', 'person']	neg	neg
A lawyer is not a	professional	-3.3858528	Ġprofessional	['doctor', 'lawyer', 'judge', 'professional', 'person']	neg	aff
A brinjal is a	vegetable	-2.3327389	Ġvegetable	['type', 'vegetable', 'kind', 'purple', 'fruit']	aff	aff
A brinjal is a	fruit	-3.544241	Ġfruit	['type', 'vegetable', 'kind', 'purple', 'fruit']	aff	neg
A brinjal is not a	fruit	-2.7626877	Ġfruit	['vegetable', 'tomato', 'fruit', 'br', 'type']	neg	neg
A brinjal is not a	vegetable	-1.5797195	Ġvegetable	['vegetable', 'tomato', 'fruit', 'br', 'type']	neg	aff
A moon is a	satellite	-2.4666595	Ġsatellite	['celestial', 'natural', 'satellite', 'body', 'spherical']	aff	aff
A moon is a	star	-7.8638783	Ġstar	['celestial', 'natural', 'satellite', 'body', 'spherical']	aff	neg
A moon is not a	star	-1.8221283	Ġstar	['planet', 'star', 'perfect', 'satellite', 'sphere']	neg	neg
A moon is not a	satellite	-3.9348736	Ġsatellite	['planet', 'star', 'perfect', 'satellite', 'sphere']	neg	aff
A dresser is a	furniture	-2.050787	Ġfurniture	['piece', 'furniture', 'type', 'large', 'kind']	aff	aff
A dresser is a	house	-8.785673	Ġhouse	['piece', 'furniture', 'type', 'large', 'kind']	aff	neg
A dresser is not a	house	-5.3131065	Ġhouse	['bed', 'table', 'piece', 'chair', 'book']	neg	neg
A dresser is not a	furniture	-3.850398	Ġfurniture	['bed', 'table', 'piece', 'chair', 'book']	neg	aff
A canoe is a	boat	-2.529148	Ġboat	['type', 'boat', 'water', 'vessel', 'great']	aff	aff
A canoe is a	yacht	-10.755628	Ġyacht	['type', 'boat', 'water', 'vessel', 'great']	aff	neg
A canoe is not a	yacht	-6.532386	Ġyacht	['boat', 'car', 'vehicle', 'ship', 'motor']	neg	neg
A canoe is not a	boat	-1.4940186	Ġboat	['boat', 'car', 'vehicle', 'ship', 'motor']	neg	aff
A park is a	facility	-6.371173	Ġfacility	['place', 'public', 'green', 'space', 'great']	aff	aff
A park is a	paperwork	-17.428791	Ġpaperwork	['place', 'public', 'green', 'space', 'great']	aff	neg
A park is not a	paperwork	-14.383305	Ġpaperwork	['place', 'park', 'zoo', 'building', 'natural']	neg	neg
A park is not a	facility	-8.18347	Ġfacility	['place', 'park', 'zoo', 'building', 'natural']	neg	aff
A farm is a	land	-6.3678255	Ġland	['place', 'complex', 'community', 'system', 'self']	aff	aff
A farm is a	color	-12.25995	Ġcolor	['place', 'complex', 'community', 'system', 'self']	aff	neg
A farm is not a	color	-10.4962635	Ġcolor	['place', 'farm', 'closed', 'factory', 'natural']	neg	neg
A farm is not a	land	-6.3805857	Ġland	['place', 'farm', 'closed', 'factory', 'natural']	neg	aff
A disc is an	electronics	-10.829147	Ġelectronics	['important', 'object', 'essential', 'abstract', 'entity']	aff	aff
A disc is a	material	-7.8303013	Ġmaterial	['circular', 'flat', '', 'type', 'two']	aff	neg
A disc is not a	material	-7.340642	Ġmaterial	['sphere', 'circle', 'solid', 'ball', 'plane']	neg	neg
A disc is not an	electronics	-11.889503	Ġelectronics	['object', 'ellipse', 'atom', 'ideal', 'apple']	neg	aff
A window is a	structure	-5.415742	Ġstructure	['hole', 'window', 'rectangular', 'small', 'passage']	aff	aff
A window is a	place	-6.5716352	Ġplace	['hole', 'window', 'rectangular', 'small', 'passage']	aff	neg
A window is not a	place	-4.7211857	Ġplace	['window', 'hole', 'rectangle', 'door', 'good']	neg	neg
A window is not a	structure	-6.7648354	Ġstructure	['window', 'hole', 'rectangle', 'door', 'good']	neg	aff
A pumpkin is a	vegetable	-5.4294004	Ġvegetable	['type', 'fruit', 'solid', '', 'three']	aff	aff
A pumpkin is a	fruit	-2.210989	Ġfruit	['type', 'fruit', 'solid', '', 'three']	aff	neg
A pumpkin is not a	fruit	-1.3638592	Ġfruit	['fruit', 'vegetable', 'pumpkin', 'plant', 'tree']	neg	neg
A pumpkin is not a	vegetable	-2.2041435	Ġvegetable	['fruit', 'vegetable', 'pumpkin', 'plant', 'tree']	neg	aff
A bowl is an	utensil	-8.027302	Ġutens	['object', 'important', 'open', 'essential', 'item']	aff	aff
A bowl is a	toy	-8.619207	Ġtoy	['container', 'type', 'three', 'vessel', 'common']	aff	neg
A bowl is not a	toy	-6.2947273	Ġtoy	['container', 'bowl', 'cup', 'vase', 'good']	neg	neg
A bowl is not an	utensil	-8.851368	Ġutens	['object', 'empty', 'instrument', 'apple', 'appropriate']	neg	aff
A fox is a	mammal	-2.7256536	Ġmamm	['carniv', 'mamm', 'common', 'predator', 'type']	aff	aff
A fox is a	fish	-10.010889	Ġfish	['carniv', 'mamm', 'common', 'predator', 'type']	aff	neg
A fox is not a	fish	-3.1903114	Ġfish	['dog', 'bird', 'cat', 'fish', 'wolf']	neg	neg
A fox is not a	mammal	-3.710246	Ġmamm	['dog', 'bird', 'cat', 'fish', 'wolf']	neg	aff
A spider is an	arthropod	-4.383521	Ġar	['insect', 'animal', 'object', 'eight', 'organism']	aff	aff
A spider is a	plant	-7.38426	Ġplant	['type', 'creature', 'kind', 'point', 'spider']	aff	neg
A spider is not a	plant	-5.214901	Ġplant	['fish', 'spider', 'bird', 'fly', 'dog']	neg	neg
A spider is not an	arthropod	-3.4669266	Ġar	['insect', 'ant', 'animal', 'ar', 'oct']	neg	aff
A mountain is a	place	-4.4930344	Ġplace	['large', 'natural', 'land', 'mountain', 'very']	aff	aff
A mountain is a	thing	-9.040367	Ġthing	['large', 'natural', 'land', 'mountain', 'very']	aff	neg
A mountain is not a	thing	-6.353595	Ġthing	['mountain', 'flat', 'hill', 'simple', 'collection']	neg	neg
A mountain is not a	place	-5.1300945	Ġplace	['mountain', 'flat', 'hill', 'simple', 'collection']	neg	aff
A magazine is a	publication	-1.7341557	Ġpublication	['publication', 'period', 'printed', 'collection', 'book']	aff	aff
A magazine is a	drink	-14.678478	Ġdrink	['publication', 'period', 'printed', 'collection', 'book']	aff	neg
A magazine is not a	drink	-10.071894	Ġdrink	['book', 'magazine', 'newspaper', 'novel', 'single']	neg	neg
A magazine is not a	publication	-6.640727	Ġpublication	['book', 'magazine', 'newspaper', 'novel', 'single']	neg	aff
A desk is a	furnishing	-7.733759	Ġfurn	['piece', 'flat', 'place', 'type', 'common']	aff	aff
A desk is a	noun	-10.104905	Ġnoun	['piece', 'flat', 'place', 'type', 'common']	aff	neg
A desk is not a	noun	-8.247126	Ġnoun	['chair', 'car', 'computer', 'place', 'book']	neg	neg
A desk is not a	furnishing	-11.172325	Ġfurn	['chair', 'car', 'computer', 'place', 'book']	neg	aff
A lamp is a	decoration	-9.099615	Ġdecoration	['device', 'light', 'source', 'lighting', 'small']	aff	aff
A lamp is a	toy	-8.703695	Ġtoy	['device', 'light', 'source', 'lighting', 'small']	aff	neg
A lamp is not a	toy	-5.0523977	Ġtoy	['lamp', 'light', 'source', 'good', 'part']	neg	neg
A lamp is not a	decoration	-7.0022984	Ġdecoration	['lamp', 'light', 'source', 'good', 'part']	neg	aff
A pen is a	stationary	-7.2881804	Ġstationary	['tool', 'useful', '$', 'good', 'type']	aff	aff
A pen is a	food	-11.457307	Ġfood	['tool', 'useful', '$', 'good', 'type']	aff	neg
A pen is not a	food	-6.4898777	Ġfood	['pen', 'book', 'pencil', 'toy', 'key']	neg	neg
A pen is not a	stationary	-8.288549	Ġstationary	['pen', 'book', 'pencil', 'toy', 'key']	neg	aff
An eraser is a	stationary	-7.4493055	Ġstationary	['small', 'tool', 'type', 'common', 'piece']	aff	aff
An eraser is a	food	-12.674679	Ġfood	['small', 'tool', 'type', 'common', 'piece']	aff	neg
An eraser is not a	food	-4.077737	Ġfood	['tool', 'toy', 'book', 'pen', 'part']	neg	neg
An eraser is not a	stationary	-6.8604126	Ġstationary	['tool', 'toy', 'book', 'pen', 'part']	neg	aff
A library is a	building	-3.5465183	Ġbuilding	['place', 'collection', 'space', 'repository', 'building']	aff	aff
A library is a	drink	-15.792229	Ġdrink	['place', 'collection', 'space', 'repository', 'building']	aff	neg
A library is not a	drink	-13.215845	Ġdrink	['place', 'collection', 'static', 'library', 'quiet']	neg	neg
A library is not a	building	-3.905075	Ġbuilding	['place', 'collection', 'static', 'library', 'quiet']	neg	aff
A website is a	webpage	-4.9343834	Ġwebpage	['collection', 'website', 'place', 'type', 'web']	aff	aff
A website is a	computer	-3.4603825	Ġcomputer	['collection', 'website', 'place', 'type', 'web']	aff	neg
A website is not a	computer	-5.257161	Ġcomputer	['website', 'book', 'product', 'static', 'business']	neg	neg
A website is not a	webpage	-5.654949	ĠWeb	['website', 'book', 'product', 'static', 'business']	neg	aff
A king is a	ruler	-7.4229774	Ġruler	['piece', 'knight', 'square', 'king', 'special']	aff	aff
A king is a	servant	-9.982788	Ġservant	['piece', 'knight', 'square', 'king', 'special']	aff	neg
A king is not a	servant	-6.218463	Ġservant	['king', 'knight', 'common', 'man', 'person']	neg	neg
A king is not a	ruler	-5.468627	Ġruler	['king', 'knight', 'common', 'man', 'person']	neg	aff
A snowman is a	sculpture	-1.6334286	Ġsculpture	['sculpture', 'creation', 'figure', 'structure', 'three']	aff	aff
A snowman is a	building	-8.074017	Ġbuilding	['sculpture', 'creation', 'figure', 'structure', 'three']	aff	neg
A snowman is not a	building	-6.3822546	Ġbuilding	['snow', 'person', 'living', 'man', 'real']	neg	neg
A snowman is not a	sculpture	-6.1938906	Ġsculpture	['snow', 'person', 'living', 'man', 'real']	neg	aff
A vacuum is a	machine	-12.506098	Ġmachine	['space', 'region', 'place', 'state', 'volume']	aff	aff
A vacuum is a	pet	-17.146023	Ġpet	['space', 'region', 'place', 'state', 'volume']	aff	neg
A vacuum is not a	pet	-15.333097	Ġpet	['vacuum', 'place', 'void', 'complete', 'space']	neg	neg
A vacuum is not a	machine	-10.59179	Ġmachine	['vacuum', 'place', 'void', 'complete', 'space']	neg	aff
A robot is a	machine	-1.6151066	Ġmachine	['machine', 'robot', 'device', 'mechanical', 'type']	aff	aff
A robot is a	pet	-10.072345	Ġpet	['machine', 'robot', 'device', 'mechanical', 'type']	aff	neg
A robot is not a	pet	-6.8964024	Ġpet	['person', 'robot', 'human', 'machine', 'car']	neg	neg
A robot is not a	machine	-3.296009	Ġmachine	['person', 'robot', 'human', 'machine', 'car']	neg	aff
A seagull is a	bird	-1.4730892	Ġbird	['type', 'bird', 'large', 'kind', 'seab']	aff	aff
A seagull is a	mammal	-7.102952	Ġmamm	['type', 'bird', 'large', 'kind', 'seab']	aff	neg
A seagull is not a	mammal	-4.268981	Ġmamm	['bird', 'fish', 'type', 'dog', 'mamm']	neg	neg
A seagull is not a	bird	-0.6666279	Ġbird	['bird', 'fish', 'type', 'dog', 'mamm']	neg	aff
A dress is a	garment	-1.7937794	Ġgarment	['piece', 'garment', 'type', 'kind', 'very']	aff	aff
A dress is a	device	-7.9824324	Ġdevice	['piece', 'garment', 'type', 'kind', 'very']	aff	neg
A dress is not a	device	-7.654586	Ġdevice	['dress', 'piece', 'commodity', 'shirt', 'pair']	neg	neg
A dress is not a	garment	-4.8701897	Ġgarment	['dress', 'piece', 'commodity', 'shirt', 'pair']	neg	aff
A swamp is a	habitat	-3.8807316	Ġhabitat	['wet', 'type', 'land', 'body', 'low']	aff	aff
A swamp is a	tree	-10.029698	Ġtree	['wet', 'type', 'land', 'body', 'low']	aff	neg
A swamp is not a	tree	-6.328355	Ġtree	['forest', 'pond', 'lake', 'desert', 'swamp']	neg	neg
A swamp is not a	habitat	-7.0708714	Ġhabitat	['forest', 'pond', 'lake', 'desert', 'swamp']	neg	aff
A continent is a	landmass	-4.1077995	Ġland	['large', 'very', 'major', 'region', 'huge']	aff	aff
A continent is a	liquid	-13.635971	Ġliquid	['large', 'very', 'major', 'region', 'huge']	aff	neg
A continent is not a	liquid	-8.688557	Ġliquid	['geographical', 'place', 'natural', 'simple', 'physical']	neg	neg
A continent is not a	landmass	-3.5683422	Ġland	['geographical', 'place', 'natural', 'simple', 'physical']	neg	aff
An icecream is a	dessert	-1.8805714	Ġdessert	['dessert', 'sweet', 'type', 'frozen', 'food']	aff	aff
An icecream is a	plant	-9.852069	Ġplant	['dessert', 'sweet', 'type', 'frozen', 'food']	aff	neg
An ice cream is not a	plant	-6.8935146	Ġplant	['dessert', 'food', 'cake', 'fruit', 'meal']	neg	neg
An ice cream is not a	dessert	-2.3026295	Ġdessert	['dessert', 'food', 'cake', 'fruit', 'meal']	neg	aff
A cake is a	dish	-5.2975817	Ġdish	['type', 'food', 'cylindrical', 'circular', 'cake']	aff	aff
A cake is a	tree	-9.66438	Ġtree	['type', 'food', 'cylindrical', 'circular', 'cake']	aff	neg
A cake is not a	tree	-5.7641335	Ġtree	['cake', 'square', 'circle', 'good', 'rectangle']	neg	neg
A cake is not a	dish	-5.8104277	Ġdish	['cake', 'square', 'circle', 'good', 'rectangle']	neg	aff
A cookie is a	dessert	-16.843794	Ġdessert	['small', 'file', 'text', 'tiny', 'piece']	aff	aff
A cookie is a	toy	-19.093452	Ġtoy	['small', 'file', 'text', 'tiny', 'piece']	aff	neg
A cookie is not a	toy	-7.7680464	Ġtoy	['person', 'piece', 'living', 'real', 'virus']	neg	neg
A cookie is not a	dessert	-6.8900995	Ġdessert	['person', 'piece', 'living', 'real', 'virus']	neg	aff
A bird is an	organism	-3.0227528	Ġorganism	['animal', 'organism', 'important', 'example', 'egg']	aff	aff
A bird is a	toy	-11.46617	Ġtoy	['bird', 'warm', 'verte', 'type', 'small']	aff	neg
A bird is not a	toy	-8.8512335	Ġtoy	['fish', 'bird', 'mamm', 'plane', 'dog']	neg	neg
A bird is not an	organism	-4.5637646	Ġorganism	['animal', 'insect', 'airplane', 'object', 'in']	neg	aff
A mammal is a	vertebrate	-1.1592941	Ġverte	['warm', 'verte', 'member', 'tet', 'creature']	aff	aff
A mammal is a	place	-9.606031	Ġplace	['warm', 'verte', 'member', 'tet', 'creature']	aff	neg
A mammal is not a	place	-8.673431	Ġplace	['fish', 'bird', 'mamm', 'rept', 'human']	neg	neg
A mammal is not a	vertebrate	-4.7476187	Ġverte	['fish', 'bird', 'mamm', 'rept', 'human']	neg	aff
A relative is a	family	-2.9603806	Ġfamily	['person', 'close', 'member', 'family', 'relative']	aff	aff
A relative is a	furniture	-15.166224	Ġfurniture	['person', 'close', 'member', 'family', 'relative']	aff	neg
A relative is not a	furniture	-11.0998745	Ġfurniture	['stranger', 'person', 'relative', 'friend', 'family']	neg	neg
A relative is not a	family	-3.1434917	Ġfamily	['stranger', 'person', 'relative', 'friend', 'family']	neg	aff
A vehicle is a	transportation	-4.6026573	Ġtransportation	['vehicle', 'machine', 'complex', 'device', 'means']	aff	aff
A vehicle is a	bird	-11.308616	Ġbird	['vehicle', 'machine', 'complex', 'device', 'means']	aff	neg
A vehicle is not a	bird	-5.014039	Ġbird	['person', 'single', 'commodity', 'good', 'living']	neg	neg
A vehicle is not a	transportation	-7.421406	Ġtransportation	['person', 'single', 'commodity', 'good', 'living']	neg	aff
A vegetable is a	snack	-8.310204	Ġsnack	['plant', 'living', 'food', 'product', 'type']	aff	aff
A vegetable is an	insect	-7.4786043	Ġinsect	['edible', 'important', 'agricultural', 'organism', 'organic']	aff	neg
A vegetable is not an	insect	-4.692215	Ġinsect	['animal', 'in', 'apple', 'organic', 'object']	neg	neg
A vegetable is not a	snack	-5.932746	Ġsnack	['fruit', 'vegetable', 'food', 'plant', 'living']	neg	aff
A shoe is an	apparel	-7.959344	Ġapparel	['essential', 'item', 'important', 'object', 'indispensable']	aff	aff
A shoe is a	bottle	-10.743288	Ġbottle	['type', 'piece', 'shoe', 'part', 'product']	aff	neg
A shoe is not a	bottle	-6.7634153	Ġbottle	['shoe', 'car', 'house', 'book', 'boat']	neg	neg
A shoe is not an	apparel	-8.136044	Ġapparel	['object', 'apple', 'airplane', 'animal', 'umbrella']	neg	aff
A sock is an	apparel	-6.360985	Ġapparel	['item', 'article', 'essential', 'object', 'important']	aff	aff
A sock is a	shoe	-4.299904	Ġshoe	['type', 'piece', 'small', 'kind', 'garment']	aff	neg
A sock is not a	shoe	-4.2262936	Ġshoe	['hat', 'toy', 'shirt', 'part', 'good']	neg	neg
A sock is not an	apparel	-7.57452	Ġapparel	['animal', 'essential', 'object', 'item', 'apple']	neg	aff
A sheep is a	mammal	-2.4784565	Ġmamm	['domestic', 'mamm', 'type', 'quadr', 'member']	aff	aff
A sheep is a	plant	-7.7946205	Ġplant	['domestic', 'mamm', 'type', 'quadr', 'member']	aff	neg
A sheep is not a	plant	-6.0384283	Ġplant	['dog', 'horse', 'cow', 'bird', 'fish']	neg	neg
A sheep is not a	mammal	-3.7719946	Ġmamm	['dog', 'horse', 'cow', 'bird', 'fish']	neg	aff
A python is a	reptile	-5.1769266	Ġrept	['type', 'snake', 'very', '', 'creature']	aff	aff
A python is a	place	-7.7339554	Ġplace	['type', 'snake', 'very', '', 'creature']	aff	neg
A python is not a	place	-10.107586	Ġplace	['snake', 'dog', 'mamm', 'cat', 'bird']	neg	neg
A python is not a	reptile	-3.8763113	Ġrept	['snake', 'dog', 'mamm', 'cat', 'bird']	neg	aff
A river is an	ecosystem	-1.7334766	Ġecosystem	['important', 'ecosystem', 'essential', 'extremely', 'interconnected']	aff	aff
A river is a	landmass	-7.592827	Ġland	['river', 'body', 'natural', 'system', 'large']	aff	neg
A river is not a	landmass	-8.154837	Ġland	['river', 'stream', 'lake', 'body', 'simple']	neg	neg
A river is not an	ecosystem	-2.7023277	Ġecosystem	['ocean', 'ecosystem', 'island', 'isolated', 'ordinary']	neg	aff
An ocean is an	ecosystem	-4.1310024	Ġecosystem	['enormous', 'ocean', 'extremely', 'area', 'immense']	aff	aff
An ocean is a	desert	-10.088821	Ġdesert	['body', 'vast', 'large', 'huge', 'very']	aff	neg
An ocean is not a	desert	-4.7396708	Ġdesert	['closed', 'single', 'simple', 'body', 'place']	neg	neg
An ocean is not an	ecosystem	-2.603386	Ġecosystem	['ocean', 'island', 'ecosystem', 'infinite', 'isolated']	neg	aff
A poet is an	artist	-1.473053	Ġartist	['individual', 'artist', 'author', 'expert', 'observer']	aff	aff
A poet is a	food	-11.127381	Ġfood	['person', 'man', 'poet', 'writer', 'word']	aff	neg
A poet is not a	food	-9.536606	Ġfood	['person', 'man', 'machine', 'poet', 'mere']	neg	neg
A poet is not an	artist	-2.2272816	Ġartist	['artist', 'ordinary', 'author', 'expert', 'inventor']	neg	aff
A painter is an	artist	-0.6371403	Ġartist	['artist', 'individual', 'artisan', 'expert', 'employee']	aff	aff
A painter is a	furniture	-9.412134	Ġfurniture	['person', 'professional', 'crafts', 'man', 'painter']	aff	neg
A painter is not a	furniture	-7.3380775	Ġfurniture	['painter', 'person', 'mathematic', 'machine', 'crafts']	neg	neg
A painter is not an	artist	-0.8084755	Ġartist	['artist', 'engineer', 'architect', 'artisan', 'expert']	neg	aff
A musician is an	artist	-1.4226055	Ġartist	['individual', 'artist', 'expert', 'amateur', 'instrumental']	aff	aff
A musician is a	toy	-11.811558	Ġtoy	['person', 'composer', 'professional', 'man', 'musician']	aff	neg
A musician is not a	toy	-9.034183	Ġtoy	['mathematic', 'musician', 'scientist', 'composer', 'person']	neg	neg
A musician is not an	artist	-1.610384	Ġartist	['engineer', 'artist', 'actor', 'instrument', 'expert']	neg	aff
A stapler is a	stationary	-6.962225	Ġstationary	['tool', 'device', 'small', 'machine', 'common']	aff	aff
A stapler is a	pet	-14.414366	Ġpet	['tool', 'device', 'small', 'machine', 'common']	aff	neg
A stapler is not a	pet	-8.992868	Ġpet	['tool', 'toy', 'weapon', 'machine', 'hammer']	neg	neg
A stapler is not a	stationary	-6.4259653	Ġstationary	['tool', 'toy', 'weapon', 'machine', 'hammer']	neg	aff
A remote is a	device	-0.79076004	Ġdevice	['device', 'remote', 'small', 'type', 'control']	aff	aff
A remote is a	pet	-10.685313	Ġpet	['device', 'remote', 'small', 'type', 'control']	aff	neg
A remote is not a	pet	-9.20819	Ġpet	['remote', 'device', 'tool', 'key', 'replacement']	neg	neg
A remote is not a	device	-3.336399	Ġdevice	['remote', 'device', 'tool', 'key', 'replacement']	neg	aff
A watch is an	accessory	-3.2393742	Ġaccessory	['object', 'important', 'expensive', 'instrument', 'essential']	aff	aff
A watch is a	clothing	-9.398733	Ġclothing	['time', 'device', 'type', 'piece', 'small']	aff	neg
A watch is not a	clothing	-8.482132	Ġclothing	['watch', 'clock', 'car', 'toy', 'simple']	neg	neg
A watch is not an	accessory	-4.032528	Ġaccessory	['object', 'ordinary', 'expensive', 'essential', 'in']	neg	aff
A mineral is a	substance	-4.846895	Ġsubstance	['naturally', 'natural', 'solid', 'pure', 'substance']	aff	aff
A mineral is a	creature	-16.486109	Ġcreature	['naturally', 'natural', 'solid', 'pure', 'substance']	aff	neg
A mineral is not a	creature	-8.568823	Ġcreature	['mineral', 'living', 'rock', 'plant', 'metal']	neg	neg
A mineral is not a	substance	-4.4109173	Ġsubstance	['mineral', 'living', 'rock', 'plant', 'metal']	neg	aff
A backpack is a	bag	-3.5434265	Ġbag	['great', 'very', 'useful', 'tool', 'type']	aff	aff
A backpack is a	shoe	-10.512016	Ġshoe	['great', 'very', 'useful', 'tool', 'type']	aff	neg
A backpack is not a	shoe	-6.801895	Ġshoe	['necessity', 'bag', 'toy', 'necessary', 'backpack']	neg	neg
A backpack is not a	bag	-2.7789326	Ġbag	['necessity', 'bag', 'toy', 'necessary', 'backpack']	neg	aff
A well is a	structure	-4.145746	Ġstructure	['hole', 'vertical', 'well', 'cylindrical', 'deep']	aff	aff
A well is a	place	-4.0354223	Ġplace	['hole', 'vertical', 'well', 'cylindrical', 'deep']	aff	neg
A well is not a	place	-3.0701523	Ġplace	['simple', 'place', 'good', 'well', 'hole']	neg	neg
A well is not a	structure	-6.060359	Ġstructure	['simple', 'place', 'good', 'well', 'hole']	neg	aff
A saw is an	instrument	-2.1392307	Ġinstrument	['essential', 'important', 'instrument', 'implement', 'indispensable']	aff	aff
A saw is a	place	-8.213815	Ġplace	['tool', 'cutting', 'type', 'device', 'machine']	aff	neg
A saw is not a	place	-6.8657513	Ġplace	['tool', 'knife', 'weapon', 'saw', 'drill']	neg	neg
A saw is not an	instrument	-1.8487225	Ġinstrument	['instrument', 'essential', 'ordinary', 'axe', 'object']	neg	aff
A dove is a	bird	-0.5665283	Ġbird	['bird', 'type', 'common', 'symbol', 'small']	aff	aff
A dove is a	reptile	-10.333317	Ġrept	['bird', 'type', 'common', 'symbol', 'small']	aff	neg
A dove is not a	reptile	-6.59583	Ġrept	['bird', 'fish', 'dog', 'type', 'chicken']	neg	neg
A dove is not a	bird	-0.6091118	Ġbird	['bird', 'fish', 'dog', 'type', 'chicken']	neg	aff
A snail is a	mollusk	-6.4259577	Ġmoll	['very', 'creature', 'slow', 'bit', 'little']	aff	aff
A snail is a	reptile	-8.925751	Ġrept	['very', 'creature', 'slow', 'bit', 'little']	aff	neg
A snail is not a	reptile	-5.0488987	Ġrept	['fish', 'sn', 'worm', 'mamm', 'bird']	neg	neg
A snail is not a	mollusk	-5.364937	Ġmoll	['fish', 'sn', 'worm', 'mamm', 'bird']	neg	aff
A jellyfish is an	animal	-0.85474014	Ġanimal	['animal', 'organism', 'in', 'aquatic', 'umbrella']	aff	aff
A jellyfish is a	plant	-9.483419	Ġplant	['creature', 'type', 'simple', 'marine', 'kind']	aff	neg
A jellyfish is not a	plant	-7.1529236	Ġplant	['fish', 'true', 'jelly', 'real', 'typical']	neg	neg
A jellyfish is not an	animal	-0.14255905	Ġanimal	['animal', 'insect', 'actual', 'ordinary', 'in']	neg	aff
A pipe is a	tool	-3.364542	Ġtool	['device', 'cylindrical', 'conduit', 'passage', 'pipe']	aff	aff
A pipe is a	drink	-12.003932	Ġdrink	['device', 'cylindrical', 'conduit', 'passage', 'pipe']	aff	neg
A pipe is not a	drink	-7.286107	Ġdrink	['pipe', 'good', 'straight', 'tube', 'perfect']	neg	neg
A pipe is not a	tool	-4.721984	Ġtool	['pipe', 'good', 'straight', 'tube', 'perfect']	neg	aff
A hammer is an	instrument	-2.3199062	Ġinstrument	['essential', 'implement', 'object', 'instrument', 'important']	aff	aff
A hammer is a	dessert	-18.89246	D	['tool', 'type', 'hand', 'simple', 'common']	aff	neg
A hammer is not a	dessert	-10.304309	Ġdessert	['tool', 'hammer', 'good', 'wrench', 'knife']	neg	neg
A hammer is not an	instrument	-2.4498844	Ġinstrument	['instrument', 'object', 'effective', 'essential', 'animal']	neg	aff
A cake is a	food	-2.5452251	Ġfood	['type', 'food', 'cylindrical', 'circular', 'cake']	aff	aff
A cake is a	stew	-12.727232	ĠSt	['type', 'food', 'cylindrical', 'circular', 'cake']	aff	neg
A cake is not a	stew	-10.233934	Ġstew	['cake', 'square', 'circle', 'good', 'rectangle']	neg	neg
A cake is not a	food	-4.1228037	Ġfood	['cake', 'square', 'circle', 'good', 'rectangle']	neg	aff
A pie is a	food	-3.5815916	Ġfood	['type', 'circular', 'flat', '', 'three']	aff	aff
A pie is a	drink	-10.188652	Ġdrink	['type', 'circular', 'flat', '', 'three']	aff	neg
A pie is not a	drink	-6.3028526	Ġdrink	['pie', 'cake', 'square', 'pizza', 'circle']	neg	neg
A pie is not a	food	-3.9268837	Ġfood	['pie', 'cake', 'square', 'pizza', 'circle']	neg	aff
A sandwich is a	snack	-5.327879	Ġsnack	['food', 'flat', 'dish', 'piece', 'type']	aff	aff
A sandwich is a	drink	-11.338867	Ġdrink	['food', 'flat', 'dish', 'piece', 'type']	aff	neg
A sandwich is not a	drink	-5.186431	Ġdrink	['sandwich', 'meal', 'food', 'cake', 'dish']	neg	neg
A sandwich is not a	snack	-4.4387255	Ġsnack	['sandwich', 'meal', 'food', 'cake', 'dish']	neg	aff
A burger is a	food	-2.1339092	Ġfood	['food', 'dish', 'sandwich', 'type', 'popular']	aff	aff
A burger is a	drink	-10.147833	Ġdrink	['food', 'dish', 'sandwich', 'type', 'popular']	aff	neg
A burger is not a	drink	-6.786477	Ġdrink	['sandwich', 'food', 'burger', 'meal', 'pizza']	neg	neg
A burger is not a	food	-2.9609756	Ġfood	['sandwich', 'food', 'burger', 'meal', 'pizza']	neg	aff
A jade is a	gem	-3.3361168	Ġgem	['precious', 'type', 'stone', 'beautiful', 'mineral']	aff	aff
A jade is a	place	-8.832779	Ġplace	['precious', 'type', 'stone', 'beautiful', 'mineral']	aff	neg
A jade is not a	place	-8.481897	Ġplace	['rock', 'mineral', 'stone', 'diamond', 'gem']	neg	neg
A jade is not a	gem	-3.063549	Ġgem	['rock', 'mineral', 'stone', 'diamond', 'gem']	neg	aff
A cat is an	organism	-6.3917494	Ġorganism	['animal', 'important', 'excellent', 'apex', 'example']	aff	aff
A cat is a	mammal	-3.0959396	Ġmamm	['domestic', 'common', 'carniv', 'very', 'mamm']	aff	neg
A cat is not a	mammal	-3.220131	Ġmamm	['dog', 'bird', 'fish', 'mamm', 'good']	neg	neg
A cat is not an	organism	-5.687167	Ġorganism	['animal', 'ant', 'elephant', 'insect', 'apple']	neg	aff
An airplane is a	transport	-5.8407516	Ġtransport	['vehicle', 'machine', 'flying', 'type', 'plane']	aff	aff
An airplane is a	boat	-8.733514	Ġboat	['vehicle', 'machine', 'flying', 'type', 'plane']	aff	neg
An airplane is not a	boat	-4.172391	Ġboat	['car', 'bird', 'plane', 'vehicle', 'very']	neg	neg
An airplane is not a	transport	-8.11105	Ġtransport	['car', 'bird', 'plane', 'vehicle', 'very']	neg	aff
A laptop is a	computer	-2.2909603	Ġcomputer	['portable', 'device', 'computer', 'type', 'small']	aff	aff
A laptop is a	phone	-11.351008	Ġphone	['portable', 'device', 'computer', 'type', 'small']	aff	neg
A laptop is not a	phone	-3.1855507	Ġphone	['computer', 'book', 'car', 'phone', 'pen']	neg	neg
A laptop is not a	computer	-2.7142773	Ġcomputer	['computer', 'book', 'car', 'phone', 'pen']	neg	aff
A hill is a	landform	-3.321165	Ġland	['slope', 'type', 'natural', 'large', 'land']	aff	aff
A hill is a	flower	-12.592026	Ġflower	['slope', 'type', 'natural', 'large', 'land']	aff	neg
A hill is not a	flower	-9.1160145	Ġflower	['hill', 'mountain', 'flat', 'plane', 'good']	neg	neg
A hill is not a	landform	-6.3852673	Ġland	['hill', 'mountain', 'flat', 'plane', 'good']	neg	aff
A castle is a	building	-3.4537563	Ġbuilding	['large', 'fortified', 'type', 'structure', 'building']	aff	aff
A castle is a	fish	-16.42017	Ġfish	['large', 'fortified', 'type', 'structure', 'building']	aff	neg
A castle is not a	fish	-8.521199	Ġfish	['castle', 'place', 'fortress', 'building', 'house']	neg	neg
A castle is not a	building	-3.3239346	Ġbuilding	['castle', 'place', 'fortress', 'building', 'house']	neg	aff
A paper is a	material	-3.8174725	Ġmaterial	['sheet', 'flat', 'thin', 'medium', 'piece']	aff	aff
A paper is a	toy	-11.204224	Ġtoy	['sheet', 'flat', 'thin', 'medium', 'piece']	aff	neg
A paper is not a	toy	-6.136092	Ġtoy	['book', 'document', 'good', 'tree', 'product']	neg	neg
A paper is not a	material	-5.989623	Ġmaterial	['book', 'document', 'good', 'tree', 'product']	neg	aff
A tombstone is a	monument	-2.4777584	Ġmonument	['monument', 'type', 'stone', 'simple', 'memorial']	aff	aff
A tombstone is a	plaque	-8.1860895	Ġplaque	['monument', 'type', 'stone', 'simple', 'memorial']	aff	neg
A tombstone is not a	plaque	-8.572293	Ġplaque	['tomb', 'monument', 'grave', 'place', 'stone']	neg	neg
A tombstone is not a	monument	-2.642002	Ġmonument	['tomb', 'monument', 'grave', 'place', 'stone']	neg	aff
A popsicle is a	dessert	-5.666503	Ġdessert	['frozen', 'popular', 'type', 'stick', 'cold']	aff	aff
A popsicle is a	salad	-14.266071	Ġsalad	['frozen', 'popular', 'type', 'stick', 'cold']	aff	neg
A popsicle is not a	salad	-8.266982	Ġsalad	['drink', 'pie', 'cake', 'fruit', 'pops']	neg	neg
A popsicle is not a	dessert	-4.237672	Ġdessert	['drink', 'pie', 'cake', 'fruit', 'pops']	neg	aff
A monkey is a	primate	-3.6450806	Ġpr	['small', 'mamm', 'type', 'creature', 'very']	aff	aff
A monkey is a	bird	-5.6682415	Ġbird	['small', 'mamm', 'type', 'creature', 'very']	aff	neg
A monkey is not a	bird	-2.5603638	Ġbird	['dog', 'bird', 'fish', 'human', 'cat']	neg	neg
A monkey is not a	primate	-4.354951	Ġpr	['dog', 'bird', 'fish', 'human', 'cat']	neg	aff
A bouquet is a	gift	-5.3455687	Ġgift	['collection', 'beautiful', 'group', 'bunch', 'work']	aff	aff
A bouquet is a	plant	-6.3721104	Ġplant	['collection', 'beautiful', 'group', 'bunch', 'work']	aff	neg
A bouquet is not a	plant	-4.955206	Ġplant	['bouquet', 'flower', 'collection', 'single', 'random']	neg	neg
A bouquet is not a	gift	-4.9387026	Ġgift	['bouquet', 'flower', 'collection', 'single', 'random']	neg	aff
A doorknob is a	hardware	-5.4692593	Ġhardware	['circular', 'type', 'cylindrical', 'simple', 'common']	aff	aff
A doorknob is a	software	-13.697311	Ġsoftware	['circular', 'type', 'cylindrical', 'simple', 'common']	aff	neg
A doorknob is not a	software	-9.0683975	Ġsoftware	['lever', 'part', 'door', 'good', 'machine']	neg	neg
A doorknob is not a	hardware	-8.137878	Ġhardware	['lever', 'part', 'door', 'good', 'machine']	neg	aff
A month is a	timeframe	-8.763839	Ġtimeframe	['period', 'month', 'unit', 'leap', 'time']	aff	aff
A month is a	weight	-11.559829	Ġweight	['period', 'month', 'unit', 'leap', 'time']	aff	neg
A month is not a	weight	-11.649384	Ġweight	['fixed', 'month', 'good', 'constant', 'period']	neg	neg
A month is not a	timeframe	-8.821621	Ġtimeframe	['fixed', 'month', 'good', 'constant', 'period']	neg	aff
A day is a	timeframe	-9.577671	Ġtimeframe	['day', '', 'period', 'unit', 'little']	aff	aff
A day is a	weight	-11.382793	Ġweight	['day', '', 'period', 'unit', 'little']	aff	neg
A day is not a	weight	-11.945622	Ġweight	['day', 'constant', 'fixed', 'period', 'perfect']	neg	neg
A day is not a	timeframe	-10.498378	Ġtimeframe	['day', 'constant', 'fixed', 'period', 'perfect']	neg	aff
An year is a	timeframe	-11.9687	Ġtimeframe	['leap', 'period', 'year', 'unit', 'very']	aff	aff
An year is a	weight	-16.716805	Ġweight	['leap', 'period', 'year', 'unit', 'very']	aff	neg
An year is not a	weight	-13.867378	Ġweight	['whole', 'year', 'fixed', 'leap', 'perfect']	neg	neg
An year is not a	timeframe	-9.516232	Ġtimeframe	['whole', 'year', 'fixed', 'leap', 'perfect']	neg	aff
A soprano is a	singer	-3.2836876	Ġsinger	['female', 'type', 'high', 'woman', 'voice']	aff	aff
A soprano is a	piano	-13.247238	Ġpiano	['female', 'type', 'high', 'woman', 'voice']	aff	neg
A soprano is not a	piano	-7.799527	Ġpiano	['sopr', 'singer', 'type', 'man', 'woman']	neg	neg
A soprano is not a	singer	-3.1883955	Ġsinger	['sopr', 'singer', 'type', 'man', 'woman']	neg	aff
A soldier is a	person	-1.2080116	Ġperson	['person', 'member', 'soldier', 'man', 'professional']	aff	aff
A soldier is a	gun	-8.044795	Ġgun	['person', 'member', 'soldier', 'man', 'professional']	aff	neg
A soldier is not a	gun	-6.1804037	Ġgun	['soldier', 'person', 'hero', 'man', 'warrior']	neg	neg
A soldier is not a	person	-3.0589333	Ġperson	['soldier', 'person', 'hero', 'man', 'warrior']	neg	aff
A necktie is a	clothing	-5.8031235	Ġclothing	['piece', 'type', 'garment', 'long', 'neck']	aff	aff
A necktie is a	tree	-15.9118805	Ġtree	['piece', 'type', 'garment', 'long', 'neck']	aff	neg
A necktie is not a	tree	-7.549986	Ġtree	['tie', 'shirt', 'piece', 'hat', 'dress']	neg	neg
A necktie is not a	clothing	-5.512638	Ġclothing	['tie', 'shirt', 'piece', 'hat', 'dress']	neg	aff
A puppy is a	mammal	-2.891676	Ġmamm	['young', 'dog', 'mamm', 'small', 'child']	aff	aff
A puppy is a	plant	-11.290907	Ġplant	['young', 'dog', 'mamm', 'small', 'child']	aff	neg
A puppy is not a	plant	-7.3841934	Ġplant	['dog', 'pet', 'cat', 'child', 'person']	neg	neg
A puppy is not a	mammal	-5.921137	Ġmamm	['dog', 'pet', 'cat', 'child', 'person']	neg	aff
An oven is an	appliance	-0.86602974	Ġappliance	['appliance', 'essential', 'electric', 'electrical', 'important']	aff	aff
An oven is a	toy	-12.159825	Ġtoy	['type', 'device', 'cooking', 'kitchen', 'piece']	aff	neg
An oven is not a	toy	-6.3112392	Ġtoy	['stove', 'toaster', 'refrigerator', 'microwave', 'substitute']	neg	neg
An oven is not an	appliance	-1.2303715	Ġappliance	['oven', 'appliance', 'ordinary', 'electric', 'air']	neg	aff
A sawhorse is a	tool	-1.5683231	Ġtool	['tool', 'triangular', 'simple', 'type', 'piece']	aff	aff
A sawhorse is a	vehicle	-11.431361	Ġvehicle	['tool', 'triangular', 'simple', 'type', 'piece']	aff	neg
A sawhorse is not a	vehicle	-6.2840767	Ġvehicle	['horse', 'real', 'type', 'tool', 'saw']	neg	neg
A sawhorse is not a	tool	-3.7243004	Ġtool	['horse', 'real', 'type', 'tool', 'saw']	neg	aff
A housekeeper is a	person	-0.5677357	Ġperson	['person', 'professional', 'worker', 'member', 'type']	aff	aff
A housekeeper is a	toy	-14.574503	Ġtoy	['person', 'professional', 'worker', 'member', 'type']	aff	neg
A housekeeper is not a	toy	-9.742596	Ġtoy	['doctor', 'professional', 'nurse', 'manager', '(n']	neg	neg
A housekeeper is not a	person	-4.3186703	Ġperson	['doctor', 'professional', 'nurse', 'manager', '(n']	neg	aff
A carpenter is a	person	-1.072855	Ġperson	['person', 'skilled', 'crafts', 'trades', 'worker']	aff	aff
A carpenter is a	bird	-12.359194	Ġbird	['person', 'skilled', 'crafts', 'trades', 'worker']	aff	neg
A carpenter is not a	bird	-7.2199745	Ġbird	['person', 'doctor', '______', '____', 'professional']	neg	neg
A carpenter is not a	person	-2.4818172	Ġperson	['person', 'doctor', '______', '____', 'professional']	neg	aff
A coach is a	vehicle	-8.064708	Ġvehicle	['person', 'professional', 'teacher', 'coach', 'leader']	aff	aff
A coach is a	building	-9.757235	Ġbuilding	['person', 'professional', 'teacher', 'coach', 'leader']	aff	neg
A coach is not a	building	-9.321731	Ġbuilding	['teacher', 'coach', 'leader', 'manager', 'substitute']	neg	neg
A coach is not a	vehicle	-8.629559	Ġvehicle	['teacher', 'coach', 'leader', 'manager', 'substitute']	neg	aff
A map is a	paper	-7.7502975	Ġpaper	['visual', 'representation', 'tool', 'map', 'two']	aff	aff
A map is a	toy	-10.173236	Ġtoy	['visual', 'representation', 'tool', 'map', 'two']	aff	neg
A map is not a	toy	-6.263158	Ġtoy	['map', 'representation', 'Âł', 'picture', 'world']	neg	neg
A map is not a	paper	-6.85892	Ġpaper	['map', 'representation', 'Âł', 'picture', 'world']	neg	aff
A radio is a	device	-0.5013466	Ġdevice	['device', 'radio', 'common', 'very', 'small']	aff	aff
A radio is a	flower	-18.142681	Ġflower	['device', 'radio', 'common', 'very', 'small']	aff	neg
A radio is not a	flower	-10.2464695	Ġflower	['very', 'computer', 'good', 'device', 'necessary']	neg	neg
A radio is not a	device	-3.4611187	Ġdevice	['very', 'computer', 'good', 'device', 'necessary']	neg	aff
A goose is a	bird	-1.0567818	Ġbird	['bird', 'type', 'large', 'domestic', 'member']	aff	aff
A goose is a	mammal	-3.859807	Ġmamm	['bird', 'type', 'large', 'domestic', 'member']	aff	neg
A goose is not a	mammal	-4.853201	Ġmamm	['bird', 'dog', 'chicken', 'duck', 'horse']	neg	neg
A goose is not a	bird	-1.1593342	Ġbird	['bird', 'dog', 'chicken', 'duck', 'horse']	neg	aff
A teacher is a	guide	-3.1781063	Ġguide	['person', 'role', 'professional', 'teacher', 'guide']	aff	aff
A teacher is a	child	-6.0548754	Ġchild	['person', 'role', 'professional', 'teacher', 'guide']	aff	neg
A teacher is not a	child	-7.012479	Ġchild	['person', 'mere', 'teacher', 'robot', 'magician']	neg	neg
A teacher is not a	guide	-5.3073635	Ġguide	['person', 'mere', 'teacher', 'robot', 'magician']	neg	aff
A flashlight is a	light	-3.2492924	Ġlight	['device', 'small', 'type', 'common', 'simple']	aff	aff
A flashlight is a	toy	-5.503683	Ġtoy	['device', 'small', 'type', 'common', 'simple']	aff	neg
A flashlight is not a	toy	-4.13307	Ġtoy	['light', 'flashlight', 'lamp', 'very', 'good']	neg	neg
A flashlight is not a	light	-2.2547417	Ġlight	['light', 'flashlight', 'lamp', 'very', 'good']	neg	aff
A martini is a	drink	-1.7102833	Ġdrink	['cocktail', 'drink', 'mixed', 'mixture', 'glass']	aff	aff
A martini is a	food	-9.524006	Ġfood	['cocktail', 'drink', 'mixed', 'mixture', 'glass']	aff	neg
A martini is not a	food	-5.832777	Ġfood	['drink', 'cocktail', 'mart', 'meal', 'simple']	neg	neg
A martini is not a	drink	-2.059866	Ġdrink	['drink', 'cocktail', 'mart', 'meal', 'simple']	neg	aff
A basketball is a	sport	-6.8707924	Ġsport	['sphere', 'perfect', 'solid', 'three', 'spherical']	aff	aff
A basketball is a	building	-12.280195	Ġbuilding	['sphere', 'perfect', 'solid', 'three', 'spherical']	aff	neg
A basketball is not a	building	-9.714853	Ġbuilding	['sphere', 'ball', 'perfect', 'circle', 'polygon']	neg	neg
A basketball is not a	sport	-6.199404	Ġsport	['sphere', 'ball', 'perfect', 'circle', 'polygon']	neg	aff
A snowman is an	art	-4.0046597	Ġart	['arrangement', 'object', 'interesting', 'unordered', 'is']	aff	aff
A snowman is a	snowflake	-4.65736	Ġsnow	['sculpture', 'creation', 'figure', 'structure', 'three']	aff	neg
A snowman is not a	snowflake	-1.503645	Ġsnow	['snow', 'person', 'living', 'man', 'real']	neg	neg
A snowman is not an	art	-5.892956	Ġart	['animal', 'object', 'organism', 'actual', 'independent']	neg	aff
A petz is an	animal	-2.312481	Ġanimal	['animal', 'ancient', 'object', 'old', 'Italian']	aff	aff
A petz is a	toy	-5.9128656	Ġtoy	['type', 'small', 'unit', 'magical', 'pet']	aff	neg
A petz is not a	toy	-5.746195	Ġtoy	['pet', 'real', 'dog', 'type', 'traditional']	neg	neg
A petz is not an	animal	-0.74653244	Ġanimal	['animal', 'actual', 'official', 'object', 'insect']	neg	aff
A television is a	device	-2.1958904	Ġdevice	['device', 'household', 'television', 'rectangular', 'piece']	aff	aff
A television is a	furniture	-7.9108295	Ġfurniture	['device', 'household', 'television', 'rectangular', 'piece']	aff	neg
A television is not a	furniture	-7.759136	Ġfurniture	['good', 'necessity', 'television', 'computer', 'toy']	neg	neg
A television is not a	device	-4.205117	Ġdevice	['good', 'necessity', 'television', 'computer', 'toy']	neg	aff
An oven is a	device	-1.8395901	Ġdevice	['type', 'device', 'cooking', 'kitchen', 'piece']	aff	aff
An oven is a	food	-6.4907417	Ġfood	['type', 'device', 'cooking', 'kitchen', 'piece']	aff	neg
An oven is not a	food	-4.7723207	Ġfood	['stove', 'toaster', 'refrigerator', 'microwave', 'substitute']	neg	neg
An oven is not a	device	-4.7261877	Ġdevice	['stove', 'toaster', 'refrigerator', 'microwave', 'substitute']	neg	aff
A rag is a	cloth	-3.9716702	Ġcloth	['piece', 'small', 'type', 'scrap', 'loose']	aff	aff
A rag is a	stone	-11.146649	Ġstone	['piece', 'small', 'type', 'scrap', 'loose']	aff	neg
A rag is not a	stone	-8.380503	Ġstone	['rag', 'piece', 'rug', 'tool', 'fabric']	neg	neg
A rag is not a	cloth	-4.22223	Ġcloth	['rag', 'piece', 'rug', 'tool', 'fabric']	neg	aff
A sheep is an	animal	-0.5970173	Ġanimal	['animal', 'important', 'example', 'herb', 'ung']	aff	aff
A sheep is a	toy	-11.448523	Ġtoy	['domestic', 'mamm', 'type', 'quadr', 'member']	aff	neg
A sheep is not a	toy	-7.869361	Ġtoy	['dog', 'horse', 'cow', 'bird', 'fish']	neg	neg
A sheep is not an	animal	-0.63417244	Ġanimal	['animal', 'ox', 'ant', 'insect', 'apple']	neg	aff
A geranium is a	flower	-3.4196587	Ġflower	['type', 'plant', 'common', 'popular', 'perennial']	aff	aff
A geranium is a	shrub	-5.6275206	Ġshr	['type', 'plant', 'common', 'popular', 'perennial']	aff	neg
A geranium is not a	shrub	-6.2464457	Ġshr	['type', 'true', 'plant', 'flower', 'rose']	neg	neg
A geranium is not a	flower	-2.8411922	Ġflower	['type', 'true', 'plant', 'flower', 'rose']	neg	aff
A ray is a	fish	-14.386826	Ġfish	['part', 'line', 'straight', 'figure', 'geometric']	aff	aff
A ray is a	plant	-14.473177	Ġplant	['part', 'line', 'straight', 'figure', 'geometric']	aff	neg
A ray is not a	plant	-11.245127	Ġplant	['line', 'vector', 'curve', 'straight', 'segment']	neg	neg
A ray is not a	fish	-12.225476	Ġfish	['line', 'vector', 'curve', 'straight', 'segment']	neg	aff
A lemon is a	fruit	-1.570858	Ġfruit	['fruit', 'type', 'small', 'citrus', 'round']	aff	aff
A lemon is a	drink	-9.939308	Ġdrink	['fruit', 'type', 'small', 'citrus', 'round']	aff	neg
A lemon is not a	drink	-7.036667	Ġdrink	['fruit', 'lemon', 'pear', 'vegetable', 'banana']	neg	neg
A lemon is not a	fruit	-1.7534409	Ġfruit	['fruit', 'lemon', 'pear', 'vegetable', 'banana']	neg	aff
A discussion is a	talk	-7.4748764	Ġtalk	['form', 'type', 'conversation', 'method', 'discussion']	aff	aff
A discussion is a	fight	-11.701698	Ġfight	['form', 'type', 'conversation', 'method', 'discussion']	aff	neg
A discussion is not a	fight	-5.6158285	Ġfight	['debate', 'discussion', 'conversation', 'formal', 'meeting']	neg	neg
A discussion is not a	talk	-6.4108715	Ġtalk	['debate', 'discussion', 'conversation', 'formal', 'meeting']	neg	aff
A basketball is a	ball	-3.4069958	Ġball	['sphere', 'perfect', 'solid', 'three', 'spherical']	aff	aff
A basketball is a	fruit	-9.954594	Ġfruit	['sphere', 'perfect', 'solid', 'three', 'spherical']	aff	neg
A basketball is not a	fruit	-4.9450636	Ġfruit	['sphere', 'ball', 'perfect', 'circle', 'polygon']	neg	neg
A basketball is not a	ball	-2.7872257	Ġball	['sphere', 'ball', 'perfect', 'circle', 'polygon']	neg	aff
A pig is an	animal	-0.8910618	Ġanimal	['animal', 'odd', 'omn', 'important', 'example']	aff	aff
A pig is a	person	-7.077876	Ġperson	['mamm', 'quadr', 'member', 'domestic', 'type']	aff	neg
A pig is not a	person	-3.8601627	Ġperson	['dog', 'horse', 'fish', 'bird', 'cow']	neg	neg
A pig is not an	animal	-0.91371536	Ġanimal	['animal', 'apple', 'elephant', 'ox', 'insect']	neg	aff
A squirrel is a	mammalian	-3.6589108	Ġmamm	['small', 'rod', 'type', 'mamm', 'common']	aff	aff
A squirrel is a	bird	-8.101546	Ġbird	['small', 'rod', 'type', 'mamm', 'common']	aff	neg
A squirrel is not a	bird	-2.380413	Ġbird	['dog', 'bird', 'rod', 'fish', 'mamm']	neg	neg
A squirrel is not a	mammalian	-3.0930824	Ġmamm	['dog', 'bird', 'rod', 'fish', 'mamm']	neg	aff
A skunk is a	mammalian	-2.3030128	Ġmamm	['member', 'small', 'common', 'mamm', 'type']	aff	aff
A skunk is an	amphibian	-6.0821323	Ġamphib	['animal', 'omn', 'unpleasant', 'unusual', 'un']	aff	neg
A skunk is not an	amphibian	-5.3164787	Ġamphib	['animal', 'endangered', 'insect', 'ordinary', 'actual']	neg	neg
A skunk is not a	mammalian	-2.2236595	Ġmamm	['dog', 'mamm', 'cat', 'true', 'fish']	neg	aff
A rabbit is a	mammalian	-2.1652355	Ġmamm	['small', 'mamm', 'herb', 'type', 'common']	aff	aff
A rabbit is a	reptile	-8.660023	Ġrept	['small', 'mamm', 'herb', 'type', 'common']	aff	neg
A rabbit is not a	reptile	-5.4159794	Ġrept	['dog', 'fish', 'bird', 'mamm', 'rod']	neg	neg
A rabbit is not a	mammalian	-3.4790154	Ġmamm	['dog', 'fish', 'bird', 'mamm', 'rod']	neg	aff
A wallet is a	container	-2.7579002	Ġcontainer	['small', 'device', 'container', 'tool', 'type']	aff	aff
A wallet is a	building	-11.252213	Ġbuilding	['small', 'device', 'container', 'tool', 'type']	aff	neg
A wallet is not a	building	-9.024386	Ġbuilding	['necessity', 'place', 'bag', 'bank', 'necessary']	neg	neg
A wallet is not a	container	-4.96247	Ġcontainer	['necessity', 'place', 'bag', 'bank', 'necessary']	neg	aff
A harp is an	instrument	-0.8660755	Ġinstrument	['instrument', 'ancient', 'acoustic', 'important', 'orchest']	aff	aff
A harp is a	toy	-11.316736	Ġtoy	['musical', 'string', 'type', 'traditional', 'large']	aff	neg
A harp is not a	toy	-4.2181644	Ġtoy	['musical', 'piano', 'guitar', 'simple', 'string']	neg	neg
A harp is not an	instrument	-1.0191975	Ġinstrument	['instrument', 'easy', 'animal', 'object', 'electric']	neg	aff
A boy is a	human	-9.837031	Ġhuman	['certain', 'year', '', 'boy', 'quarter']	aff	aff
A boy is an	animal	-7.258685	Ġanimal	['hour', 'orphan', 'inch', 'only', 'integer']	aff	neg
A boy is not an	animal	-3.2757378	Ġanimal	['adult', 'infant', 'orphan', 'animal', 'apple']	neg	neg
A boy is not a	human	-5.5452585	Ġhuman	['boy', 'child', 'man', 'baby', 'little']	neg	aff
A mug is a	container	-2.3854446	Ġcontainer	['container', 'type', 'vessel', 'cup', 'small']	aff	aff
A mug is a	bottle	-7.279004	Ġbottle	['container', 'type', 'vessel', 'cup', 'small']	aff	neg
A mug is not a	bottle	-4.8740673	Ġbottle	['cup', 'container', 'bowl', 'mug', 'spoon']	neg	neg
A mug is not a	container	-2.9981136	Ġcontainer	['cup', 'container', 'bowl', 'mug', 'spoon']	neg	aff
A knife is a	weapon	-4.907215	Ġweapon	['tool', 'sharp', 'cutting', 'very', 'common']	aff	aff
A knife is an	electronic	-9.473844	Ġelectronic	['essential', 'object', 'instrument', 'important', 'implement']	aff	neg
A knife is not an	electronic	-4.6424274	Ġelectronic	['essential', 'instrument', 'object', 'ordinary', 'eating']	neg	neg
A knife is not a	weapon	-2.8880043	Ġweapon	['tool', 'weapon', 'toy', 'substitute', 'knife']	neg	aff
A statue is an	art	-3.7281265	Ġart	['object', 'important', 'image', 'artwork', 'art']	aff	aff
A statue is a	person	-5.099737	Ġperson	['three', 'sculpture', '', 'figure', 'large']	aff	neg
A statue is not a	person	-3.3683567	Ġperson	['work', 'painting', 'statue', 'living', 'sculpture']	neg	neg
A statue is not an	art	-3.0043964	Ġart	['object', 'art', 'artifact', 'artwork', 'ordinary']	neg	aff
A tangerine is a	fruit	-1.876728	Ġfruit	['fruit', 'type', 'citrus', 'kind', 'small']	aff	aff
A tangerine is a	vegetable	-8.006674	Ġvegetable	['fruit', 'type', 'citrus', 'kind', 'small']	aff	neg
A tangerine is not a	vegetable	-9.983774	Ġvegetable	['small', 'grape', 'pear', 'pom', 'citrus']	neg	neg
A tangerine is not a	fruit	-5.30497	Ġfruit	['small', 'grape', 'pear', 'pom', 'citrus']	neg	aff
A robber is a	criminal	-2.4264545	Ġcriminal	['person', 'criminal', 'thief', 'type', 'character']	aff	aff
A robber is a	policeman	-7.659705	Ġpoliceman	['person', 'criminal', 'thief', 'type', 'character']	aff	neg
A robber is not a	policeman	-5.767621	Ġpoliceman	['criminal', 'person', 'thief', 'hero', 'good']	neg	neg
A robber is not a	criminal	-1.949892	Ġcriminal	['criminal', 'person', 'thief', 'hero', 'good']	neg	aff
A skirt is a	clothing	-4.698761	Ġclothing	['garment', 'piece', 'type', 'kind', 'long']	aff	aff
A skirt is a	food	-13.35083	Ġfood	['garment', 'piece', 'type', 'kind', 'long']	aff	neg
A skirt is not a	food	-8.2175255	Ġfood	['dress', 'piece', 'part', 'skirt', 'pair']	neg	neg
A skirt is not a	clothing	-5.199089	Ġclothing	['dress', 'piece', 'part', 'skirt', 'pair']	neg	aff
A bread is a	food	-1.7278957	Ġfood	['food', 'baked', 'type', 'staple', 'piece']	aff	aff
A bread is a	drink	-11.040707	Ġdrink	['food', 'baked', 'type', 'staple', 'piece']	aff	neg
A bread is not a	drink	-6.155854	Ġdrink	['cake', 'sandwich', 'food', 'fruit', 'meal']	neg	neg
A bread is not a	food	-2.9333744	Ġfood	['cake', 'sandwich', 'food', 'fruit', 'meal']	neg	aff
A tea is a	drink	-2.3634796	Ġdrink	['beverage', 'drink', 'type', 'plant', 'tea']	aff	aff
A tea is a	game	-7.760915	Ġgame	['beverage', 'drink', 'type', 'plant', 'tea']	aff	neg
A tea is not a	game	-6.979309	Ġgame	['tea', 'drink', 'beverage', 'cup', 'simple']	neg	neg
A tea is not a	drink	-2.414196	Ġdrink	['tea', 'drink', 'beverage', 'cup', 'simple']	neg	aff
A coconut is a	fruit	-1.7453308	Ġfruit	['fruit', 'type', 'large', 'tropical', 'round']	aff	aff
A coconut is a	berry	-6.4208584	Ġberry	['fruit', 'type', 'large', 'tropical', 'round']	aff	neg
A coconut is not a	berry	-4.532655	Ġberry	['fruit', 'tree', 'nut', 'fish', 'vegetable']	neg	neg
A coconut is not a	fruit	-1.3583527	Ġfruit	['fruit', 'tree', 'nut', 'fish', 'vegetable']	neg	aff
A salad is a	snack	-5.6499634	Ġsnack	['dish', 'mixture', 'meal', 'combination', 'food']	aff	aff
A salad is a	weapon	-13.238421	Ġweapon	['dish', 'mixture', 'meal', 'combination', 'food']	aff	neg
A salad is not a	weapon	-9.668452	Ġweapon	['meal', 'dish', 'food', 'sandwich', 'complete']	neg	neg
A salad is not a	snack	-4.71165	Ġsnack	['meal', 'dish', 'food', 'sandwich', 'complete']	neg	aff
A noodles is a	food	-5.131459	Ġfood	['type', 'square', 'piece', 'rectangular', 'very']	aff	aff
A noodles is a	drink	-9.408373	Ġdrink	['type', 'square', 'piece', 'rectangular', 'very']	aff	neg
A noodles is not a	drink	-6.143382	Ġdrink	['fish', 'food', 'type', 'vegetable', 'fruit']	neg	neg
A noodles is not a	food	-3.1840343	Ġfood	['fish', 'food', 'type', 'vegetable', 'fruit']	neg	aff
A triangle is a	shape	-4.1877403	Ġshape	['polygon', 'three', 'geometric', '', 'figure']	aff	aff
A triangle is a	square	-8.577703	Ġsquare	['polygon', 'three', 'geometric', '', 'figure']	aff	neg
A triangle is not a	square	-2.67519	Ġsquare	['polygon', 'paralle', 'quadr', 'square', 'rectangle']	neg	neg
A triangle is not a	shape	-6.04152	Ġshape	['polygon', 'paralle', 'quadr', 'square', 'rectangle']	neg	aff
A telephone is a	device	-0.8330288	Ġdevice	['device', 'communication', 'tool', 'piece', 'telephone']	aff	aff
A telephone is a	tool	-2.9904804	Ġtool	['device', 'communication', 'tool', 'piece', 'telephone']	aff	neg
A telephone is not a	tool	-3.250925	Ġtool	['telephone', 'phone', 'computer', 'tool', 'necessary']	neg	neg
A telephone is not a	device	-3.6454868	Ġdevice	['telephone', 'phone', 'computer', 'tool', 'necessary']	neg	aff
A piano is a	device	-4.966938	Ġdevice	['musical', 'large', 'complex', 'string', 'very']	aff	aff
A piano is a	toy	-9.626173	Ġtoy	['musical', 'large', 'complex', 'string', 'very']	aff	neg
A piano is not a	toy	-4.762019	Ġtoy	['machine', 'piano', 'musical', 'simple', 'computer']	neg	neg
A piano is not a	device	-5.482771	Ġdevice	['machine', 'piano', 'musical', 'simple', 'computer']	neg	aff
A hurricane is a	storm	-2.7674484	Ġstorm	['large', 'tropical', 'storm', 'severe', 'type']	aff	aff
A hurricane is a	breeze	-12.4914875	Ġbreeze	['large', 'tropical', 'storm', 'severe', 'type']	aff	neg
A hurricane is not a	breeze	-6.915038	Ġbreeze	['storm', 'hurricane', 'tropical', 'single', 'small']	neg	neg
A hurricane is not a	storm	-2.2056656	Ġstorm	['storm', 'hurricane', 'tropical', 'single', 'small']	neg	aff
A party is a	celebration	-3.5895882	Ġcelebration	['social', 'place', 'gathering', 'great', 'type']	aff	aff
A party is a	mourning	-12.157059	Ġmourning	['social', 'place', 'gathering', 'great', 'type']	aff	neg
A party is not a	mourning	-10.436956	Ġmourning	['party', 'celebration', 'social', 'complete', 'good']	neg	neg
A party is not a	celebration	-2.8126335	Ġcelebration	['party', 'celebration', 'social', 'complete', 'good']	neg	aff
A door is a	structure	-3.41325	Ġstructure	['door', 'simple', 'rectangular', 'rectangle', 'device']	aff	aff
A door is a	wall	-6.312669	Ġwall	['door', 'simple', 'rectangular', 'rectangle', 'device']	aff	neg
A door is not a	wall	-4.3382254	Ġwall	['door', 'closed', 'window', 'machine', 'house']	neg	neg
A door is not a	structure	-6.3242426	Ġstructure	['door', 'closed', 'window', 'machine', 'house']	neg	aff
An envelope is a	letter	-4.897312	Ġletter	['rectangular', 'document', 'type', 'flat', 'piece']	aff	aff
An envelope is a	device	-3.4210644	Ġdevice	['rectangular', 'document', 'type', 'flat', 'piece']	aff	neg
An envelope is not a	device	-5.5532618	Ġdevice	['book', 'letter', 'document', 'part', 'good']	neg	neg
An envelope is not a	letter	-2.790493	Ġletter	['book', 'letter', 'document', 'part', 'good']	neg	aff
A gun is a	weapon	-1.5635281	Ġweapon	['weapon', 'device', 'tool', 'type', 'firearm']	aff	aff
A gun is a	toy	-6.1324472	Ġtoy	['weapon', 'device', 'tool', 'type', 'firearm']	aff	neg
A gun is not a	toy	-1.1277637	Ġtoy	['toy', 'weapon', 'gun', 'tool', 'magic']	neg	neg
A gun is not a	weapon	-1.9425507	Ġweapon	['toy', 'weapon', 'gun', 'tool', 'magic']	neg	aff
A watch is a	device	-2.7876797	Ġdevice	['time', 'device', 'type', 'piece', 'small']	aff	aff
A watch is a	food	-10.839283	Ġfood	['time', 'device', 'type', 'piece', 'small']	aff	neg
A watch is not a	food	-6.980714	Ġfood	['watch', 'clock', 'car', 'toy', 'simple']	neg	neg
A watch is not a	device	-3.937132	Ġdevice	['watch', 'clock', 'car', 'toy', 'simple']	neg	aff
A TV is a	device	-2.813734	Ġdevice	['device', 'rectangular', 'type', 'product', 'household']	aff	aff
A TV is a	furniture	-7.339633	Ġfurniture	['device', 'rectangular', 'type', 'product', 'household']	aff	neg
A TV is not a	furniture	-7.9887085	Ġfurniture	['TV', 'necessity', 'toaster', 'computer', 'toy']	neg	neg
A TV is not a	device	-4.9177017	Ġdevice	['TV', 'necessity', 'toaster', 'computer', 'toy']	neg	aff
A smartphone is a	device	-1.7877808	Ġdevice	['small', 'device', 'portable', 'mobile', 'type']	aff	aff
A smartphone is a	watch	-10.68324	Ġwatch	['small', 'device', 'portable', 'mobile', 'type']	aff	neg
A smartphone is not a	watch	-4.010084	Ġwatch	['computer', 'phone', 'smartphone', 'replacement', 'device']	neg	neg
A smartphone is not a	device	-3.8863869	Ġdevice	['computer', 'phone', 'smartphone', 'replacement', 'device']	neg	aff
A seal is an	animal	-3.0649853	Ġanimal	['object', 'important', 'animal', 'icon', 'element']	aff	aff
A seal is a	plant	-9.884212	Ġplant	['type', 'small', 'special', 'device', 'seal']	aff	neg
A seal is not a	plant	-7.006487	Ġplant	['fish', 'mamm', 'seal', 'dog', 'bird']	neg	neg
A seal is not an	animal	-0.49282837	Ġanimal	['animal', 'insect', 'organism', 'object', 'actual']	neg	aff
A platypus is an	animal	-1.4500847	Ġanimal	['animal', 'egg', 'unusual', 'Australian', 'odd']	aff	aff
A platypus is a	fish	-8.020097	Ġfish	['mamm', 'semi', 'unique', 'type', 'strange']	aff	neg
A platypus is not a	fish	-2.7654495	Ġfish	['mamm', 'duck', 'fish', 'rod', 'plat']	neg	neg
A platypus is not an	animal	-0.750721	Ġanimal	['animal', 'egg', 'ordinary', 'amphib', 'insect']	neg	aff
A spruce is a	tree	-2.0644512	Ġtree	['type', 'con', 'tree', 'species', 'genus']	aff	aff
A spruce is a	bush	-8.680647	Ġbush	['type', 'con', 'tree', 'species', 'genus']	aff	neg
A spruce is not a	bush	-5.9662724	Ġbush	['pine', 'tree', 'spr', 'type', 'fir']	neg	neg
A spruce is not a	tree	-1.7847195	Ġtree	['pine', 'tree', 'spr', 'type', 'fir']	neg	aff
A wrench is a	tool	-0.7707062	Ġtool	['tool', 'hand', 'type', 'simple', 'common']	aff	aff
A wrench is a	machine	-5.7898006	Ġmachine	['tool', 'hand', 'type', 'simple', 'common']	aff	neg
A wrench is not a	machine	-4.9267826	Ġmachine	['tool', 'screw', 'wrench', 'hammer', 'lever']	neg	neg
A wrench is not a	tool	-1.4319706	Ġtool	['tool', 'screw', 'wrench', 'hammer', 'lever']	neg	aff
A pan is an	utensil	-7.1038	Ġutens	['essential', 'important', 'object', 'indispensable', 'instrument']	aff	aff
A pan is a	pot	-8.459489	Ġpot	['rectangular', '', 'rectangle', 'type', 'container']	aff	neg
A pan is not a	pot	-4.040037	Ġpot	['pan', 'tool', 'container', 'spoon', 'bowl']	neg	neg
A pan is not an	utensil	-7.211734	Ġutens	['object', 'instrument', 'appliance', 'essential', 'item']	neg	aff
A pot is an	utensil	-8.372533	Ġutens	['object', 'essential', 'important', 'item', 'ancient']	aff	aff
A pot is a	flower	-10.180257	Ġflower	['container', 'vessel', 'type', 'device', 'cooking']	aff	neg
A pot is not a	flower	-7.197199	Ġflower	['container', 'pot', 'pan', 'good', 'cup']	neg	neg
A pot is not an	utensil	-8.78463	Ġutens	['object', 'instrument', 'oven', 'appliance', 'empty']	neg	aff
A baby is an	infant	-1.1630325	Ġinfant	['infant', 'individual', 'innocent', 'important', 'adorable']	aff	aff
A baby is a	grown-up	-8.656489	Ġgrown	['person', 'baby', 'new', 'human', 'child']	aff	neg
A baby is not a	grown-up	-5.1930685	Ġgrown	['person', 'small', 'product', 'consumer', 'baby']	neg	neg
A baby is not an	infant	-2.8479767	Ġinfant	['adult', 'empty', 'object', 'infant', 'independent']	neg	aff
A loom is a	tool	-2.574089	Ġtool	['device', 'machine', 'tool', 'piece', 'mechanical']	aff	aff
A loom is a	place	-8.956044	Ġplace	['device', 'machine', 'tool', 'piece', 'mechanical']	aff	neg
A loom is not a	place	-4.6300526	Ġplace	['machine', 'tool', 'computer', 'simple', 'piece']	neg	neg
A loom is not a	tool	-2.7529144	Ġtool	['machine', 'tool', 'computer', 'simple', 'piece']	neg	aff
A treatment is a	therapy	-5.1024075	Ġtherapy	['set', 'process', 'treatment', 'method', 'type']	aff	aff
A treatment is an	iPod	-14.258947	ĠiPod	['intervention', 'action', 'activity', 'important', 'effective']	aff	neg
A treatment is not an	iPod	-12.055907	ĠiPod	['option', 'intervention', 'effective', 'exact', 'event']	neg	neg
A treatment is not a	therapy	-5.0220537	Ġtherapy	['cure', 'one', 'treatment', 'vaccine', 'solution']	neg	aff
An ox is an	animal	-0.71334267	Ġanimal	['animal', 'important', 'ox', 'agricultural', 'ancient']	aff	aff
An ox is a	plant	-7.3176394	Ġplant	['large', 'domestic', 'common', 'very', 'quadr']	aff	neg
An ox is not a	plant	-6.2408857	Ġplant	['dog', 'horse', 'bird', 'fish', 'mamm']	neg	neg
An ox is not an	animal	-0.3043251	Ġanimal	['animal', 'ox', 'insect', 'elephant', 'apple']	neg	aff
A railroad is a	transportation	-3.569662	Ġtransportation	['long', 'series', 'railway', 'set', 'line']	aff	aff
A railroad is a	bus	-10.606355	Ġbus	['long', 'series', 'railway', 'set', 'line']	aff	neg
A railroad is not a	bus	-5.941684	Ġbus	['straight', 'single', 'road', 'place', 'train']	neg	neg
A railroad is not a	transportation	-5.57576	Ġtransportation	['straight', 'single', 'road', 'place', 'train']	neg	aff
A mower is a	machine	-1.840189	Ġmachine	['machine', 'tool', 'device', 'type', 'hand']	aff	aff
A mower is a	phone	-15.464645	Ġphone	['machine', 'tool', 'device', 'type', 'hand']	aff	neg
A mower is not a	phone	-8.082998	Ġphone	['tool', 'car', 'machine', 'vehicle', 'weapon']	neg	neg
A mower is not a	machine	-3.1189022	Ġmachine	['tool', 'car', 'machine', 'vehicle', 'weapon']	neg	aff
A factory is a	building	-4.7671337	Ġbuilding	['place', 'production', 'company', 'type', 'key']	aff	aff
A factory is a	store	-8.219247	Ġstore	['place', 'production', 'company', 'type', 'key']	aff	neg
A factory is not a	store	-7.216893	Ġstore	['place', 'single', 'simple', 'closed', 'perfect']	neg	neg
A factory is not a	building	-5.1060314	Ġbuilding	['place', 'single', 'simple', 'closed', 'perfect']	neg	aff
A broccoli is a	vegetable	-1.891161	Ġvegetable	['plant', 'vegetable', 'type', 'green', 'kind']	aff	aff
A broccoli is a	fruit	-5.8157415	Ġfruit	['plant', 'vegetable', 'type', 'green', 'kind']	aff	neg
A broccoli is not a	fruit	-2.162754	Ġfruit	['vegetable', 'fruit', 'tree', 'plant', 'flower']	neg	neg
A broccoli is not a	vegetable	-0.8617172	Ġvegetable	['vegetable', 'fruit', 'tree', 'plant', 'flower']	neg	aff
A beat is a	rhythm	-5.6059656	Ġrhythm	['unit', 'basic', 'regular', 'musical', 'rhyth']	aff	aff
A beat is a	melody	-10.433271	Ġmelody	['unit', 'basic', 'regular', 'musical', 'rhyth']	aff	neg
A beat is not a	melody	-7.2585716	Ġmelody	['unit', 'time', 'beat', 'musical', 'measure']	neg	neg
A beat is not a	rhythm	-4.826791	Ġrhythm	['unit', 'time', 'beat', 'musical', 'measure']	neg	aff
A country is a	land	-6.762375	Ġland	['political', 'community', 'social', 'country', 'state']	aff	aff
A country is a	sea	-10.022581	Ġsea	['political', 'community', 'social', 'country', 'state']	aff	neg
A country is not a	sea	-7.8945513	Ġsea	['country', 'nation', 'person', 'single', 'state']	neg	neg
A country is not a	land	-5.6229496	Ġland	['country', 'nation', 'person', 'single', 'state']	neg	aff
A console is a	furniture	-7.335886	Ġfurniture	['device', 'type', 'piece', 'place', 'platform']	aff	aff
A console is a	building	-6.0322075	Ġbuilding	['device', 'type', 'piece', 'place', 'platform']	aff	neg
A console is not a	building	-5.547636	Ġbuilding	['computer', 'console', 'place', 'machine', 'device']	neg	neg
A console is not a	furniture	-7.061903	Ġfurniture	['computer', 'console', 'place', 'machine', 'device']	neg	aff
A factory is a	workplace	-5.969512	Ġworkplace	['place', 'production', 'company', 'type', 'key']	aff	aff
A factory is a	mammal	-11.536929	ĠM	['place', 'production', 'company', 'type', 'key']	aff	neg
A factory is not a	mammal	-9.9484	ĠM	['place', 'single', 'simple', 'closed', 'perfect']	neg	neg
A factory is not a	workplace	-6.1313763	Ġworkplace	['place', 'single', 'simple', 'closed', 'perfect']	neg	aff
A farm is a	place	-1.771019	Ġplace	['place', 'complex', 'community', 'system', 'self']	aff	aff
A farm is a	mineral	-11.380089	Ġmineral	['place', 'complex', 'community', 'system', 'self']	aff	neg
A farm is not a	mineral	-10.304501	Ġmineral	['place', 'farm', 'closed', 'factory', 'natural']	neg	neg
A farm is not a	place	-2.310608	Ġplace	['place', 'farm', 'closed', 'factory', 'natural']	neg	aff
A transistor is a	device	-1.7953377	Ġdevice	['type', 'semiconductor', 'device', 'three', 'current']	aff	aff
A transistor is a	toy	-14.123369	Ġtoy	['type', 'semiconductor', 'device', 'three', 'current']	aff	neg
A transistor is not a	toy	-7.8780327	Ġtoy	['switch', 'perfect', 'simple', 'component', 'good']	neg	neg
A transistor is not a	device	-4.042967	Ġdevice	['switch', 'perfect', 'simple', 'component', 'good']	neg	aff
A viola is an	instrument	-0.36820602	Ġinstrument	['instrument', 'important', 'essential', 'intermediate', 'orchest']	aff	aff
A viola is a	place	-10.478749	Ġplace	['string', 'musical', 'type', 'member', 'bowed']	aff	neg
A viola is not a	place	-7.732626	Ġplace	['violin', 'viol', 'string', 'small', 'guitar']	neg	neg
A viola is not an	instrument	-0.84750175	Ġinstrument	['instrument', 'o', 'apple', 'important', 'electric']	neg	aff
A monarchy is a	government	-3.3788204	Ġgovernment	['form', 'system', 'political', 'type', 'government']	aff	aff
A monarchy is a	religion	-14.546101	Ġreligion	['form', 'system', 'political', 'type', 'government']	aff	neg
A monarchy is not a	religion	-8.1513405	Ġreligion	['form', 'democracy', 'government', 'political', 'system']	neg	neg
A monarchy is not a	government	-2.3846703	Ġgovernment	['form', 'democracy', 'government', 'political', 'system']	neg	aff
A telescope is a	device	-0.6438446	Ġdevice	['device', 'tool', 'scientific', 'type', 'piece']	aff	aff
A telescope is a	toy	-10.837577	Ġtoy	['device', 'tool', 'scientific', 'type', 'piece']	aff	neg
A telescope is not a	toy	-4.2232885	Ġtoy	['telescope', 'camera', 'simple', 'magic', 'microscope']	neg	neg
A telescope is not a	device	-3.962244	Ġdevice	['telescope', 'camera', 'simple', 'magic', 'microscope']	neg	aff
A mango is a	fruit	-1.2604713	Ġfruit	['fruit', 'type', 'large', 'tropical', 'sweet']	aff	aff
A mango is a	vegetable	-9.601781	Ġvegetable	['fruit', 'type', 'large', 'tropical', 'sweet']	aff	neg
A mango is not a	vegetable	-4.040537	Ġvegetable	['fruit', 'banana', 'type', 'tomato', 'pear']	neg	neg
A mango is not a	fruit	-1.4465237	Ġfruit	['fruit', 'banana', 'type', 'tomato', 'pear']	neg	aff
A pilot is a	professional	-2.8449879	Ġprofessional	['person', 'pilot', 'professional', 'highly', 'type']	aff	aff
A pilot is an	amateur	-6.9923573	Ġamateur	['individual', 'operator', 'employee', 'important', 'aircraft']	aff	neg
A pilot is not an	amateur	-5.6424036	Ġamateur	['engineer', 'astronaut', 'operator', 'employee', 'ordinary']	neg	neg
A pilot is not a	professional	-3.7130423	Ġprofessional	['pilot', 'doctor', 'person', 'professional', 'mechanic']	neg	aff
A manager is a	professional	-3.449072	Ġprofessional	['person', 'leader', 'type', 'professional', 'position']	aff	aff
A manager is an	amateur	-9.159328	Ġamateur	['individual', 'employee', 'important', 'organizational', 'agent']	aff	neg
A manager is not an	amateur	-7.209667	Ġamateur	['administrator', 'individual', 'expert', 'employee', 'owner']	neg	neg
A manager is not a	professional	-4.515691	Ġprofessional	['leader', 'manager', 'position', 'person', '______']	neg	aff
A doctrine is a	principle	-3.3887901	Ġprinciple	['set', 'system', 'body', 'theory', 'principle']	aff	aff
A doctrine is a	person	-7.8403406	Ġperson	['set', 'system', 'body', 'theory', 'principle']	aff	neg
A doctrine is not a	person	-6.0960712	Ġperson	['doctrine', 'theory', 'set', 'dog', 'law']	neg	neg
A doctrine is not a	principle	-4.247053	Ġprinciple	['doctrine', 'theory', 'set', 'dog', 'law']	neg	aff
A tennis is a	sport	-3.3441448	Ġsport	['ball', 'type', 'game', 'small', 'sport']	aff	aff
A tennis is a	vegetable	-9.71314	Ġvegetable	['ball', 'type', 'game', 'small', 'sport']	aff	neg
A tennis is not a	vegetable	-5.347769	Ġvegetable	['ball', 'very', 'sport', 'good', 'fruit']	neg	neg
A tennis is not a	sport	-3.9123287	Ġsport	['ball', 'very', 'sport', 'good', 'fruit']	neg	aff
A cap is a	clothing	-6.987015	Ġclothing	['type', 'small', 'cylindrical', 'piece', 'special']	aff	aff
A cap is a	person	-8.408824	Ġperson	['type', 'small', 'cylindrical', 'piece', 'special']	aff	neg
A cap is not a	person	-7.6121798	Ġperson	['hat', 'cap', 'helmet', 'piece', 'ball']	neg	neg
A cap is not a	clothing	-6.944359	Ġclothing	['hat', 'cap', 'helmet', 'piece', 'ball']	neg	aff
A chairman is a	human	-6.217433	Ġhuman	['person', 'member', 'position', 'type', 'leader']	aff	aff
A chairman is a	machine	-9.281936	Ġmachine	['person', 'member', 'position', 'type', 'leader']	aff	neg
A chairman is not a	machine	-7.511941	Ġmachine	['leader', 'position', 'manager', 'king', 'CEO']	neg	neg
A chairman is not a	human	-7.0250053	Ġhuman	['leader', 'position', 'manager', 'king', 'CEO']	neg	aff
A court is a	room	-7.3650627	Ġroom	['place', 'judicial', 'court', 'formal', 'legal']	aff	aff
A court is a	tree	-11.978219	Ġtree	['place', 'judicial', 'court', 'formal', 'legal']	aff	neg
A court is not a	tree	-9.4038725	Ġtree	['place', 'school', 'courtroom', 'court', 'forum']	neg	neg
A court is not a	room	-8.051992	Ġroom	['place', 'school', 'courtroom', 'court', 'forum']	neg	aff
A court is a	building	-4.7935047	Ġbuilding	['place', 'judicial', 'court', 'formal', 'legal']	aff	aff
A court is a	plant	-12.27228	Ġplant	['place', 'judicial', 'court', 'formal', 'legal']	aff	neg
A cout is not a	plant	-8.782506	Ġplant	['type', 'set', 'container', 'collection', 'class']	neg	neg
A cout is not a	building	-7.6844664	Ġbuilding	['type', 'set', 'container', 'collection', 'class']	neg	aff
A painting is a	drawing	-6.6880026	Ġdrawing	['work', 'visual', 'representation', 'window', 'picture']	aff	aff
A painting is a	sculpture	-7.2939234	Ġsculpture	['work', 'visual', 'representation', 'window', 'picture']	aff	neg
A painting is not a	sculpture	-6.4838705	Ġsculpture	['painting', 'photograph', 'window', 'mere', 'picture']	neg	neg
A painting is not a	drawing	-6.378433	Ġdrawing	['painting', 'photograph', 'window', 'mere', 'picture']	neg	aff
A guppy is a	fish	-3.4321842	Ġfish	['small', 'type', 'fish', 'kind', 'freshwater']	aff	aff
A guppy is a	reptile	-10.939715	Ġrept	['small', 'type', 'fish', 'kind', 'freshwater']	aff	neg
A guppy is not a	reptile	-6.9210835	Ġrept	['fish', 'g', 'type', 'real', 'dog']	neg	neg
A guppy is not a	fish	-1.0272751	Ġfish	['fish', 'g', 'type', 'real', 'dog']	neg	aff
A ginger is a	plant	-2.3414345	Ġplant	['type', 'plant', 'fruit', 'perennial', 'kind']	aff	aff
A ginger is a	flavor	-8.635281	Ġflavor	['type', 'plant', 'fruit', 'perennial', 'kind']	aff	neg
A ginger is not a	flavor	-8.743278	Ġflavor	['fruit', 'vegetable', 'type', 'root', 'tree']	neg	neg
A ginger is not a	plant	-3.4518795	Ġplant	['fruit', 'vegetable', 'type', 'root', 'tree']	neg	aff
A goat is an	animal	-0.79895973	Ġanimal	['animal', 'herb', 'important', 'ung', 'odd']	aff	aff
A goat is a	person	-7.3888607	Ġperson	['domestic', 'mamm', 'type', 'large', 'quadr']	aff	neg
A goat is not a	person	-5.2211456	Ġperson	['dog', 'horse', 'good', 'bird', 'cow']	neg	neg
A goat is not an	animal	-0.95882416	Ġanimal	['animal', 'herb', 'ox', 'apple', 'insect']	neg	aff
A submarine is a	vehicle	-2.1268387	Ġvehicle	['vehicle', 'type', 'vessel', 'ship', 'water']	aff	aff
A submarine is a	fish	-8.519503	Ġfish	['vehicle', 'type', 'vessel', 'ship', 'water']	aff	neg
A submarine is not a	fish	-3.7470207	Ġfish	['boat', 'ship', 'bird', 'plane', 'very']	neg	neg
A submarine is not a	vehicle	-3.8329391	Ġvehicle	['boat', 'ship', 'bird', 'plane', 'very']	neg	aff
A gift is a	present	-2.5700817	Ġpresent	['gift', 'present', 'token', 'thoughtful', 'special']	aff	aff
A gift is a	feeling	-6.879878	Ġfeeling	['gift', 'present', 'token', 'thoughtful', 'special']	aff	neg
A gift is not a	feeling	-8.087837	Ġfeeling	['gift', 'commodity', 'good', 'present', 'product']	neg	neg
A gift is not a	present	-3.7191782	Ġpresent	['gift', 'commodity', 'good', 'present', 'product']	neg	aff
A degree is a	document	-12.24949	Ġdocument	['unit', 'measure', 'measurement', 'basic', 'common']	aff	aff
A degree is a	person	-9.048308	Ġperson	['unit', 'measure', 'measurement', 'basic', 'common']	aff	neg
A degree is not a	person	-7.323409	Ġperson	['requirement', 'degree', 'number', 'unit', 'measure']	neg	neg
A degree is not a	document	-8.581273	Ġdocument	['requirement', 'degree', 'number', 'unit', 'measure']	neg	aff
A swimming is a	sport	-2.700491	Ġsport	['great', 'popular', 'very', 'sport', 'good']	aff	aff
A swimming is a	vegetable	-13.135063	Ġvegetable	['great', 'popular', 'very', 'sport', 'good']	aff	neg
A swimming is not a	vegetable	-9.975597	Ġvegetable	['sport', 'good', 'very', 'competitive', 'game']	neg	neg
A swimming is not a	sport	-1.9985657	Ġsport	['sport', 'good', 'very', 'competitive', 'game']	neg	aff
A basket is a	container	-1.4187851	Ġcontainer	['container', 'type', 'common', 'collection', 'simple']	aff	aff
A basket is a	material	-8.910553	Ġmaterial	['container', 'type', 'common', 'collection', 'simple']	aff	neg
A basket is not a	material	-8.047776	Ġmaterial	['container', 'box', 'bag', 'place', 'tree']	neg	neg
A basket is not a	container	-2.3510075	Ġcontainer	['container', 'box', 'bag', 'place', 'tree']	neg	aff
A television is an	electronics	-6.2765455	Ġelectronics	['electronic', 'essential', 'important', 'appliance', 'electrical']	aff	aff
A television is a	plant	-12.007986	Ġplant	['device', 'household', 'television', 'rectangular', 'piece']	aff	neg
A television is not a	plant	-7.814414	Ġplant	['good', 'necessity', 'television', 'computer', 'toy']	neg	neg
A television is not an	electronics	-6.8180237	Ġelectronics	['appliance', 'object', 'expensive', 'essential', 'electronic']	neg	aff
A butterfly is an	insect	-0.3951683	Ġinsect	['insect', 'in', 'animal', 'important', 'amazing']	aff	aff
A butterfly is a	mammal	-8.38748	Ġmamm	['type', 'kind', 'beautiful', 'fascinating', 'creature']	aff	neg
A butterfly is not a	mammal	-4.1746826	Ġmamm	['bird', 'butterfly', 'fish', 'fly', 'type']	neg	neg
A butterfly is not an	insect	-0.24465561	Ġinsect	['insect', 'animal', 'in', 'ant', 'amphib']	neg	aff
A pill is a	drug	-4.0158386	Ġdrug	['small', 'solid', 'round', 'sphere', 'circular']	aff	aff
A pill is a	food	-6.6714954	Ġfood	['small', 'solid', 'round', 'sphere', 'circular']	aff	neg
A pill is not a	food	-4.268158	Ġfood	['pill', 'magic', 'solution', 'drug', 'cure']	neg	neg
A pill is not a	drug	-3.0235844	Ġdrug	['pill', 'magic', 'solution', 'drug', 'cure']	neg	aff
A limousine is a	vehicle	-3.056591	Ġvehicle	['large', 'luxury', 'type', 'car', 'vehicle']	aff	aff
A limousine is a	flower	-12.899871	Ġflower	['large', 'luxury', 'type', 'car', 'vehicle']	aff	neg
A limousine is not a	flower	-8.635984	Ġflower	['car', 'taxi', 'lim', 'regular', 'type']	neg	neg
A limousine is not a	vehicle	-3.9583483	Ġvehicle	['car', 'taxi', 'lim', 'regular', 'type']	neg	aff
A turkey is an	animal	-1.610117	Ġanimal	['important', 'animal', 'omn', 'excellent', 'egg']	aff	aff
A turkey is a	plant	-10.007494	Ġplant	['bird', 'large', 'type', 'domestic', 'mamm']	aff	neg
A turkey is not a	plant	-6.3222895	Ġplant	['bird', 'fish', 'dog', 'chicken', 'mamm']	neg	neg
A turkey is not an	animal	-0.73036194	Ġanimal	['animal', 'egg', 'easy', 'insect', 'amphib']	neg	aff
A kangaroo is an	animal	-0.70521545	Ġanimal	['animal', 'Australian', 'unusual', 'herb', 'example']	aff	aff
A kangaroo is a	person	-9.159103	Ġperson	['large', 'mars', 'mamm', 'type', 'famous']	aff	neg
A kangaroo is not a	person	-6.76962	Ġperson	['dog', 'mamm', 'bird', 'good', 'fish']	neg	neg
A kangaroo is not an	animal	-0.6528282	Ġanimal	['animal', 'ant', 'endangered', 'insect', 'amphib']	neg	aff
A violine is an	instrument	-0.4930706	Ġinstrument	['instrument', 'important', 'essential', 'expensive', 'Italian']	aff	aff
A violine is a	person	-8.810763	Ġperson	['musical', 'string', 'type', 'kind', 'very']	aff	neg
A violin is not a	person	-6.1346283	Ġperson	['musical', 'piano', 'string', 'guitar', 'violin']	neg	neg
A violin is not an	instrument	-0.81028366	Ġinstrument	['instrument', 'electronic', 'expensive', 'electric', 'object']	neg	aff
A rug is a	covering	-4.5510464	Ġcovering	['piece', 'rectangular', 'textile', 'flat', 'square']	aff	aff
A rug is a	vegetable	-12.475244	Ġvegetable	['piece', 'rectangular', 'textile', 'flat', 'square']	aff	neg
A rug is not a	vegetable	-6.575697	Ġvegetable	['rug', 'piece', 'carpet', 'painting', 'wall']	neg	neg
A rug is not a	covering	-8.022533	Ġcovering	['rug', 'piece', 'carpet', 'painting', 'wall']	neg	aff
A parent is a	guardian	-3.7880707	Ġguardian	['person', 'child', 'parent', 'teacher', 'role']	aff	aff
A parent is a	child	-2.4405823	Ġchild	['person', 'child', 'parent', 'teacher', 'role']	aff	neg
A parent is not a	child	-3.1362114	Ġchild	['teacher', 'parent', 'child', 'person', 'substitute']	neg	neg
A parent is not a	guardian	-5.212473	Ġguardian	['teacher', 'parent', 'child', 'person', 'substitute']	neg	aff
A student is a	pupil	-8.929925	ĠP	['member', 'participant', 'fan', '', 'certain']	aff	aff
A student is a	child	-7.262994	Ġchild	['member', 'participant', 'fan', '', 'certain']	aff	neg
A student is not a	child	-4.0798798	Ġchild	['number', 'good', 'student', 'robot', 'mathematic']	neg	neg
A student is not a	pupil	-7.918684	Ġpupil	['number', 'good', 'student', 'robot', 'mathematic']	neg	aff
A bathroom is a	room	-2.7950077	Ġroom	['place', 'space', 'small', 'very', 'room']	aff	aff
A bathroom is a	house	-6.91485	Ġhouse	['place', 'space', 'small', 'very', 'room']	aff	neg
A bathroom is not a	house	-6.0849733	Ġhouse	['place', 'good', 'room', 'very', 'suitable']	neg	neg
A bathroom is not a	room	-3.2854252	Ġroom	['place', 'good', 'room', 'very', 'suitable']	neg	aff
A cloud is an	atmospheric	-4.184925	Ġatmospheric	['as', 'example', 'assembly', 'ensemble', 'aggregation']	aff	aff
A cloud is a	star	-10.8450165	Ġstar	['visible', 'collection', 'mass', 'large', 'type']	aff	neg
A cloud is not a	star	-5.5331287	Ġstar	['cloud', 'liquid', 'solid', 'thing', 'bird']	neg	neg
A cloud is not an	atmospheric	-8.299777	Ġatmospheric	['object', 'organism', 'entity', 'animal', 'atom']	neg	aff
A song is a	music	-5.903384	Ġmusic	['song', 'musical', 'collection', 'composition', 'piece']	aff	aff
A song is a	noise	-10.700395	Ġnoise	['song', 'musical', 'collection', 'composition', 'piece']	aff	neg
A song is not a	noise	-7.8461237	Ġnoise	['song', 'single', 'poem', 'movie', 'static']	neg	neg
A song is not a	music	-6.245778	Ġmusic	['song', 'single', 'poem', 'movie', 'static']	neg	aff
A fly is an	insect	-0.20052719	Ġinsect	['insect', 'ar', 'animal', 'organism', 'important']	aff	aff
A fly is a	tool	-10.4747095	Ġtool	['small', 'type', 'common', 'flying', 'wing']	aff	neg
A fly is not a	tool	-7.505967	Ġtool	['bird', 'fly', 'fish', 'fruit', 'good']	neg	neg
A fly is not an	insect	-0.63087463	Ġinsect	['insect', 'animal', 'ant', 'object', 'organism']	neg	aff
A worm is an	invertebrate	-1.6085129	Ġin	['animal', 'in', 'organism', 'important', 'example']	aff	aff
A worm is a	vertebrate	-7.4978094	Ġverte	['type', 'small', 'soft', 'very', 'segmented']	aff	neg
A worm is not a	vertebrate	-4.4803543	Ġverte	['fish', 'snake', 'worm', 'mamm', 'type']	neg	neg
A worm is not an	invertebrate	-4.6106224	Ġin	['animal', 'insect', 'in', 'amphib', 'appropriate']	neg	aff
A mother is a	person	-3.7659225	Ġperson	['woman', 'mother', '', 'person', 'child']	aff	aff
A mother is a	computer	-8.9224615	Ġcomputer	['woman', 'mother', '', 'person', 'child']	aff	neg
A mother is not a	computer	-6.871299	Ġcomputer	['mother', 'parent', 'teacher', 'woman', 'child']	neg	neg
A mother is not a	person	-3.798891	Ġperson	['mother', 'parent', 'teacher', 'woman', 'child']	neg	aff
A sibling is a	family	-4.1238194	Ġfamily	['person', 'child', 'relative', 'sibling', 'close']	aff	aff
A sibling is a	machine	-12.6076145	Ġmachine	['person', 'child', 'relative', 'sibling', 'close']	aff	neg
A sibling is not a	machine	-10.692976	Ġmachine	['child', 'parent', 'relative', 'friend', 'brother']	neg	neg
A sibling is not a	family	-3.464159	Ġfamily	['child', 'parent', 'relative', 'friend', 'brother']	neg	aff
A vacation is a	trip	-3.132534	Ġtrip	['time', 'great', 'wonderful', 'trip', 'period']	aff	aff
A vacation is a	time	-1.7163525	Ġtime	['time', 'great', 'wonderful', 'trip', 'period']	aff	neg
A vacation is not a	time	-3.2489948	Ġtime	['vacation', 'holiday', 'time', 'trip', 'necessity']	neg	neg
A vacation is not a	trip	-3.2835274	Ġtrip	['vacation', 'holiday', 'time', 'trip', 'necessity']	neg	aff
A fireplace is a	structure	-4.7976236	Ġstructure	['great', 'device', 'wonderful', 'fire', 'very']	aff	aff
A fireplace is a	creature	-10.238998	Ġcreature	['great', 'device', 'wonderful', 'fire', 'very']	aff	neg
A fireplace is not a	creature	-8.890285	Ġcreature	['good', 'fire', 'place', 'very', 'safe']	neg	neg
A fireplace is not a	structure	-7.846075	Ġstructure	['good', 'fire', 'place', 'very', 'safe']	neg	aff
A basenji is a	dog	-1.9262276	Ġdog	['breed', 'type', 'dog', 'small', 'rare']	aff	aff
A basenji is a	cat	-7.2961674	Ġcat	['breed', 'type', 'dog', 'small', 'rare']	aff	neg
A basenji is not a	cat	-4.0764675	Ġcat	['dog', 'type', 'true', 'breed', 'typical']	neg	neg
A basenji is not a	dog	-1.7884331	Ġdog	['dog', 'type', 'true', 'breed', 'typical']	neg	aff
A chihuahua is a	dog	-2.115059	Ġdog	['small', 'type', 'dog', 'breed', 'very']	aff	aff
A chihuahua is a	reptile	-11.084994	Ġrept	['small', 'type', 'dog', 'breed', 'very']	aff	neg
A chihuahua is not a	reptile	-7.1338224	Ġrept	['dog', 'breed', 'type', 'cat', 'good']	neg	neg
A chihuahua is not a	dog	-1.3148174	Ġdog	['dog', 'breed', 'type', 'cat', 'good']	neg	aff
A dalmatian is a	dog	-1.2074032	Ġdog	['breed', 'dog', 'type', 'kind', 'domestic']	aff	aff
A dalmatian is a	horse	-10.722776	Ġhorse	['breed', 'dog', 'type', 'kind', 'domestic']	aff	neg
A dalmatian is not a	horse	-7.576729	Ġhorse	['dog', 'breed', 'type', 'pure', 'real']	neg	neg
A dalmatian is not a	dog	-1.2773151	Ġdog	['dog', 'breed', 'type', 'pure', 'real']	neg	aff
A labrador is a	dog	-1.9126339	Ġdog	['type', 'breed', 'dog', 'kind', 'large']	aff	aff
A labrador is a	bird	-8.507097	Ġbird	['type', 'breed', 'dog', 'kind', 'large']	aff	neg
A labrador is not a	bird	-4.5709314	Ġbird	['dog', 'type', 'breed', 'good', 'cat']	neg	neg
A labrador is not a	dog	-1.5190048	Ġdog	['dog', 'type', 'breed', 'good', 'cat']	neg	aff
A crocus is a	flower	-1.7366829	Ġflower	['flower', 'type', 'small', 'very', 'bulb']	aff	aff
A crocus is a	bird	-10.754258	Ġbird	['flower', 'type', 'small', 'very', 'bulb']	aff	neg
A crocus is not a	bird	-6.3495817	Ġbird	['flower', 'l', 'c', 'type', 'rose']	neg	neg
A crocus is not a	flower	-1.072689	Ġflower	['flower', 'l', 'c', 'type', 'rose']	neg	aff
A raddish is a	vegetable	-4.4910154	Ġvegetable	['type', 'number', 'data', 'positive', 'tree']	aff	aff
A raddish is a	flower	-8.355236	Ġflower	['type', 'number', 'data', 'positive', 'tree']	aff	neg
A raddish is not a	flower	-7.1646776	Ġflower	['vegetable', 'root', 'rad', 'potato', 'type']	neg	neg
A raddish is not a	vegetable	-2.0437412	Ġvegetable	['vegetable', 'root', 'rad', 'potato', 'type']	neg	aff
A delphinium is a	flower	-3.6722088	Ġflower	['type', 'genus', 'plant', 'perennial', 'species']	aff	aff
A delphinium is an	insect	-6.926935	Ġinsect	['orn', 'herb', 'annual', 'ever', 'upright']	aff	neg
A delphinium is not an	insect	-3.6162605	Ġinsect	['animal', 'orch', 'herb', 'apple', 'oak']	neg	neg
A delphinium is not a	flower	-3.6387157	Ġflower	['type', 'd', 'l', 'c', 'dog']	neg	aff
A chisel is a	tool	-0.49636078	Ġtool	['tool', 'hand', 'type', 'cutting', 'common']	aff	aff
A chisel is an	insect	-10.361135	ĠIn	['essential', 'important', 'object', 'iron', 'implement']	aff	neg
A chisel is not an	insect	-6.5667057	Ġinsect	['essential', 'instrument', 'ins', 'electrical', 'ordinary']	neg	neg
A chisel is not a	tool	-1.1755753	Ġtool	['tool', 'knife', 'type', 'cutting', 'sharp']	neg	aff
A money is a	currency	-4.574256	Ġcurrency	['medium', 'unit', 'tool', 'financial', 'form']	aff	aff
A money is a	tool	-3.2201366	Ġtool	['medium', 'unit', 'tool', 'financial', 'form']	aff	neg
A money is not a	tool	-4.8601847	Ġtool	['good', 'number', 'commodity', 'thing', 'currency']	neg	neg
A money is not a	currency	-3.7983036	Ġcurrency	['good', 'number', 'commodity', 'thing', 'currency']	neg	aff
A boulder is a	rock	-2.7875004	Ġrock	['large', 'rock', 'type', 'big', 'massive']	aff	aff
A boulder is a	mammal	-10.463865	Ġmamm	['large', 'rock', 'type', 'big', 'massive']	aff	neg
A boulder is not a	mammal	-5.788248	Ġmamm	['rock', 'living', 'ball', 'bird', 'fish']	neg	neg
A boulder is not a	rock	-2.870016	Ġrock	['rock', 'living', 'ball', 'bird', 'fish']	neg	aff
A classroom is a	room	-4.104292	Ġroom	['place', 'space', 'rectangular', 'learning', 'special']	aff	aff
A classroom is a	tree	-10.358764	Ġtree	['place', 'space', 'rectangular', 'learning', 'special']	aff	neg
A classroom is not a	tree	-5.9363394	Ġtree	['place', 'classroom', 'closed', 'good', 'space']	neg	neg
A classroom is not a	room	-4.606086	Ġroom	['place', 'classroom', 'closed', 'good', 'space']	neg	aff
A park is a	place	-0.88482475	Ġplace	['place', 'public', 'green', 'space', 'great']	aff	aff
A park is an	insect	-10.084121	Ġinsect	['area', 'important', 'open', 'outdoor', 'urban']	aff	neg
A park is not an	insect	-7.1944103	Ġinsect	['island', 'empty', 'ordinary', 'object', 'isolated']	neg	neg
A park is not a	place	-1.8390102	Ġplace	['place', 'park', 'zoo', 'building', 'natural']	neg	aff
A drink is a	beverage	-1.7593784	Ġbeverage	['mixture', 'beverage', 'liquid', 'combination', 'drink']	aff	aff
A drink is a	pie	-13.633068	Ġpie	['mixture', 'beverage', 'liquid', 'combination', 'drink']	aff	neg
A drink is not a	pie	-9.672779	Ġpie	['meal', 'drink', 'beverage', 'food', 'liquid']	neg	neg
A drink is not a	beverage	-2.2903728	Ġbeverage	['meal', 'drink', 'beverage', 'food', 'liquid']	neg	aff
A dinosaur is a	reptile	-3.7647705	Ġrept	['pre', 'fossil', 'type', 'large', 'creature']	aff	aff
A dinosaur is a	mammal	-6.3894806	Ġmamm	['pre', 'fossil', 'type', 'large', 'creature']	aff	neg
A dinosaur is not a	mammal	-3.0794067	Ġmamm	['dinosaur', 'fish', 'bird', 'living', 'mamm']	neg	neg
A dinosaur is not a	reptile	-4.466695	Ġrept	['dinosaur', 'fish', 'bird', 'living', 'mamm']	neg	aff
A gull is a	bird	-1.6220837	Ġbird	['type', 'bird', 'large', 'seab', 'member']	aff	aff
A gull is a	mammal	-9.724588	Ġmamm	['type', 'bird', 'large', 'seab', 'member']	aff	neg
A gull is not a	mammal	-5.303217	Ġmamm	['bird', 'fish', 'g', 'duck', 'dog']	neg	neg
A gull is not a	bird	-1.1908684	Ġbird	['bird', 'fish', 'g', 'duck', 'dog']	neg	aff
A liver is an	organ	-0.56681633	Ġorgan	['organ', 'important', 'essential', 'amazing', 'internal']	aff	aff
A liver is a	glass	-12.755065	Ġglass	['vital', 'large', 'very', 'complex', 'major']	aff	neg
A liver is not a	glass	-9.5119915	Ġglass	['single', 'part', 'very', 'solid', 'simple']	neg	neg
A liver is not an	organ	-0.48649788	Ġorgan	['organ', 'essential', 'important', 'animal', 'in']	neg	aff
A coat is a	garment	-2.0954018	Ġgarment	['garment', 'piece', 'type', 'must', 'great']	aff	aff
A coat is a	house	-8.500077	Ġhouse	['garment', 'piece', 'type', 'must', 'great']	aff	neg
A coat is not a	house	-5.595091	Ġhouse	['coat', 'piece', 'hat', 'necessity', 'shirt']	neg	neg
A coat is not a	garment	-4.433399	Ġgarment	['coat', 'piece', 'hat', 'necessity', 'shirt']	neg	aff
A bedroom is a	room	-1.963625	Ġroom	['place', 'room', 'space', 'small', 'private']	aff	aff
A bedroom is a	house	-5.8596087	Ġhouse	['place', 'room', 'space', 'small', 'private']	aff	neg
A bedroom is not a	house	-4.2348156	Ġhouse	['place', 'good', 'room', 'living', 'home']	neg	neg
A bedroom is not a	room	-3.1674747	Ġroom	['place', 'good', 'room', 'living', 'home']	neg	aff
A garlic is a	vegetable	-4.3695955	Ġvegetable	['perennial', 'plant', 'bulb', 'type', 'herb']	aff	aff
A garlic is a	fruit	-7.038172	Ġfruit	['perennial', 'plant', 'bulb', 'type', 'herb']	aff	neg
A garlic is not a	fruit	-2.0786285	Ġfruit	['vegetable', 'fruit', 'tomato', 'plant', 'potato']	neg	neg
A garlic is not a	vegetable	-0.7600441	Ġvegetable	['vegetable', 'fruit', 'tomato', 'plant', 'potato']	neg	aff
A wallet is an	accessory	-2.9609184	Ġaccessory	['essential', 'important', 'indispensable', 'item', 'object']	aff	aff
A wallet is a	food	-11.289611	Ġfood	['small', 'device', 'container', 'tool', 'type']	aff	neg
A wallet is not a	food	-7.1423264	Ġfood	['necessity', 'place', 'bag', 'bank', 'necessary']	neg	neg
A wallet is not an	accessory	-2.2692776	Ġaccessory	['essential', 'object', 'accessory', 'item', 'expensive']	neg	aff
A race is a	competition	-1.2532997	Ġcompetition	['competition', 'contest', 'type', 'race', 'competitive']	aff	aff
A race is a	party	-8.594102	Ġparty	['competition', 'contest', 'type', 'race', 'competitive']	aff	neg
A race is not a	party	-5.721036	Ġparty	['competition', 'race', 'game', 'contest', 'sport']	neg	neg
A race is not a	competition	-1.8524055	Ġcompetition	['competition', 'race', 'game', 'contest', 'sport']	neg	aff
A university is an	institution	-1.4450169	Ġinstitution	['educational', 'institution', 'organization', 'independent', 'important']	aff	aff
A university is a	tree	-8.091309	Ġtree	['place', 'non', '(n', 'legal', 'social']	aff	neg
A university is not a	tree	-5.95743	Ġtree	['place', 'closed', 'collection', 'factory', 'single']	neg	neg
A university is not an	institution	-1.912693	Ġinstitution	['institution', 'isolated', 'island', 'empty', 'entity']	neg	aff
A belt is an	accessory	-4.7546597	Ġaccessory	['important', 'essential', 'elastic', 'endless', 'indispensable']	aff	aff
A belt is a	food	-10.79496	Ġfood	['flexible', 'type', 'belt', 'device', 'loop']	aff	neg
A belt is not a	food	-5.4014864	Ġfood	['single', 'simple', 'good', 'rope', 'part']	neg	neg
A belt is not an	accessory	-5.4586535	Ġaccessory	['object', 'ideal', 'elastic', 'independent', 'item']	neg	aff
A carp is a	fish	-4.500717	Ġfish	['type', 'large', 'kind', 'domestic', 'water']	aff	aff
A carp is a	reptile	-6.8875256	Ġrept	['type', 'large', 'kind', 'domestic', 'water']	aff	neg
A carp is not a	reptile	-6.8437004	Ġrept	['fish', 'dog', 'horse', 'bird', 'type']	neg	neg
A carp is not a	fish	-0.6913738	Ġfish	['fish', 'dog', 'horse', 'bird', 'type']	neg	aff
A washer is a	machine	-3.2415218	Ġmachine	['tool', 'type', 'device', 'machine', 'mechanical']	aff	aff
A washer is a	person	-5.8079805	Ġperson	['tool', 'type', 'device', 'machine', 'mechanical']	aff	neg
A washer is not a	person	-6.0057898	Ġperson	['tool', 'machine', 'part', 'type', 'good']	neg	neg
A washer is not a	machine	-3.0510292	Ġmachine	['tool', 'machine', 'part', 'type', 'good']	neg	aff
A dryer is a	machine	-2.2327824	Ġmachine	['device', 'machine', 'type', 'mechanical', 'piece']	aff	aff
A dryer is a	place	-7.999069	Ġplace	['device', 'machine', 'type', 'mechanical', 'piece']	aff	neg
A dryer is not a	place	-4.297085	Ġplace	['machine', 'device', 'good', 'washing', 'place']	neg	neg
A dryer is not a	machine	-2.4681473	Ġmachine	['machine', 'device', 'good', 'washing', 'place']	neg	aff
A stove is a	device	-1.9765263	Ġdevice	['device', 'piece', 'type', 'heating', 'kitchen']	aff	aff
A stove is a	room	-5.700573	Ġroom	['device', 'piece', 'type', 'heating', 'kitchen']	aff	neg
A stove is not a	room	-6.486351	Ġroom	['stove', 'car', 'kitchen', 'machine', 'piece']	neg	neg
A stove is not a	device	-5.005397	Ġdevice	['stove', 'car', 'kitchen', 'machine', 'piece']	neg	aff
A souffle is a	recipe	-5.7433643	Ġrecipe	['light', 'French', 'type', 'delicate', 'dish']	aff	aff
A souffle is a	tool	-12.493964	Ġtool	['light', 'French', 'type', 'delicate', 'dish']	aff	neg
A souffle is not a	tool	-8.277772	Ġtool	['cake', 'dessert', 'dish', 'type', 'soup']	neg	neg
A souffle is not a	recipe	-5.052162	Ġrecipe	['cake', 'dessert', 'dish', 'type', 'soup']	neg	aff
A plum is a	fruit	-1.702528	Ġfruit	['fruit', 'type', 'small', 'f', 'sweet']	aff	aff
A plum is a	tool	-11.467352	Ġtool	['fruit', 'type', 'small', 'f', 'sweet']	aff	neg
A plum is not a	tool	-10.745987	Ġtool	['fruit', 'grape', 'berry', 'type', 'pear']	neg	neg
A plum is not a	fruit	-1.2943916	Ġfruit	['fruit', 'grape', 'berry', 'type', 'pear']	neg	aff
A meeting is an	event	-2.3827	Ġevent	['important', 'activity', 'organized', 'event', 'organizational']	aff	aff
A meeting is a	person	-8.312684	Ġperson	['meeting', 'type', 'formal', 'form', 'gathering']	aff	neg
A meeting is not a	person	-7.9884434	Ġperson	['meeting', 'party', 'conference', 'social', 'conversation']	neg	neg
A meeting is not an	event	-0.64645004	Ġevent	['event', 'end', 'activity', 'ordinary', 'opportunity']	neg	aff
An anvil is a	tool	-2.2300758	Ġtool	['heavy', 'large', 'tool', 'piece', 'metal']	aff	aff
An anvil is a	rock	-7.3731976	Ġrock	['heavy', 'large', 'tool', 'piece', 'metal']	aff	neg
An anvil is not a	rock	-7.1626253	Ġrock	['tool', 'machine', 'part', 'piece', 'very']	neg	neg
An anvil is not a	tool	-2.1219769	Ġtool	['tool', 'machine', 'part', 'piece', 'very']	neg	aff
A scissor is a	tool	-1.4849339	Ġtool	['tool', 'pair', 'common', 'device', 'mechanical']	aff	aff
A scissor is a	plant	-12.522911	Ġplant	['tool', 'pair', 'common', 'device', 'mechanical']	aff	neg
An scissor is not a	plant	-7.9453344	Ġplant	['lever', 'tool', 'machine', 'simple', 'knife']	neg	neg
An scissor is not a	tool	-2.4729023	Ġtool	['lever', 'tool', 'machine', 'simple', 'knife']	neg	aff
A screw is a	tool	-4.653921	Ġtool	['type', 'fast', 'cylindrical', 'mechanical', 'machine']	aff	aff
A screw is a	drink	-17.509514	Ġdrink	['type', 'fast', 'cylindrical', 'mechanical', 'machine']	aff	neg
A screw is not a	drink	-9.765109	Ġdrink	['screw', 'tool', 'part', 'nut', 'wrench']	neg	neg
A screw is not a	tool	-3.0494957	Ġtool	['screw', 'tool', 'part', 'nut', 'wrench']	neg	aff
A manager is a	supervisor	-5.3293886	Ġsupervisor	['person', 'leader', 'type', 'professional', 'position']	aff	aff
A manager is a	place	-9.255967	Ġplace	['person', 'leader', 'type', 'professional', 'position']	aff	neg
A manager is not a	place	-9.360442	Ġplace	['leader', 'manager', 'position', 'person', '______']	neg	neg
A manager is not a	supervisor	-4.6343117	Ġsupervisor	['leader', 'manager', 'position', 'person', '______']	neg	aff
A motel is a	building	-2.0280304	Ġbuilding	['place', 'building', 'type', 'business', 'facility']	aff	aff
A motel is an	animal	-7.1456165	Ġanimal	['establishment', 'accommodation', 'institution', 'inn', 'organization']	aff	neg
A model is not an	animal	-6.972168	Ġanimal	['exact', 'end', 'object', 'explanation', 'answer']	neg	neg
A model is not a	building	-7.3595667	Ġbuilding	['model', 'map', 'reality', 'representation', 'theory']	neg	aff
An autobiography is a	book	-1.8914146	Ġbook	['book', 'written', 'narrative', 'story', 'type']	aff	aff
An autobiography is a	chair	-16.278458	Ġchair	['book', 'written', 'narrative', 'story', 'type']	aff	neg
An autobiography is not a	chair	-13.371555	Ġchair	['diary', 'biography', 'story', 'novel', 'history']	neg	neg
An autobiography is not a	book	-3.3190231	Ġbook	['diary', 'biography', 'story', 'novel', 'history']	neg	aff
A wren is a	bird	-1.8988953	Ġbird	['small', 'bird', 'type', 'tiny', 'song']	aff	aff
A wren is a	mammal	-10.4737	Ġmamm	['small', 'bird', 'type', 'tiny', 'song']	aff	neg
A wren is not a	mammal	-5.4022884	Ġmamm	['bird', 'w', 'song', 'r', 'par']	neg	neg
A wren is not a	bird	-0.9233494	Ġbird	['bird', 'w', 'song', 'r', 'par']	neg	aff
A spider is an	arachnid	-4.383521	Ġar	['insect', 'animal', 'object', 'eight', 'organism']	aff	aff
A spider is a	plant	-7.38426	Ġplant	['type', 'creature', 'kind', 'point', 'spider']	aff	neg
A spider is not a	plant	-5.214901	Ġplant	['fish', 'spider', 'bird', 'fly', 'dog']	neg	neg
A spider is not an	arachnid	-3.4669266	Ġar	['insect', 'ant', 'animal', 'ar', 'oct']	neg	aff
A blouse is a	clothing	-6.478366	Ġclothing	['type', 'piece', 'kind', 'woman', 'garment']	aff	aff
A blouse is a	jewelry	-14.311975	Ġjewelry	['type', 'piece', 'kind', 'woman', 'garment']	aff	neg
A blouse is not a	jewelry	-9.58934	Ġjewelry	['dress', 'shirt', 'skirt', 'coat', 'jacket']	neg	neg
A blouse is not a	clothing	-7.28181	Ġclothing	['dress', 'shirt', 'skirt', 'coat', 'jacket']	neg	aff
A cape is a	clothing	-5.5728884	Ġclothing	['piece', 'type', 'garment', 'large', 'long']	aff	aff
A cape is a	drink	-12.284065	Ġdrink	['piece', 'type', 'garment', 'large', 'long']	aff	neg
A cape is not a	drink	-9.053471	Ġdrink	['piece', 'hat', 'type', 'coat', 'shirt']	neg	neg
A cape is not a	clothing	-4.5715084	Ġclothing	['piece', 'hat', 'type', 'coat', 'shirt']	neg	aff
A metro is a	train	-7.227229	Ġtrain	['unit', 'measure', 'standard', 'metric', 'common']	aff	aff
A metro is a	bus	-9.51914	Ġbus	['unit', 'measure', 'standard', 'metric', 'common']	aff	neg
A metro is not a	bus	-5.2689924	Ġbus	['place', 'train', 'good', 'subway', 'metro']	neg	neg
A metro is not a	train	-3.8709984	Ġtrain	['place', 'train', 'good', 'subway', 'metro']	neg	aff
A macaw is a	bird	-2.4408627	Ġbird	['type', 'large', 'bird', 'species', 'par']	aff	aff
A macaw is a	grain	-16.297764	Ġgrain	['type', 'large', 'bird', 'species', 'par']	aff	neg
A macaw is not a	grain	-11.418493	Ġgrain	['par', 'bird', 'type', 'mac', 'true']	neg	neg
A macaw is not a	bird	-2.776802	Ġbird	['par', 'bird', 'type', 'mac', 'true']	neg	aff
An eel is a	fish	-1.8707676	Ġfish	['fish', 'type', 'long', 'snake', 'cold']	aff	aff
An eel is a	vegetable	-12.372112	Ġvegetable	['fish', 'type', 'long', 'snake', 'cold']	aff	neg
An eel is not a	vegetable	-10.603463	Ġvegetable	['fish', 'snake', 'true', 'type', 'mamm']	neg	neg
An eel is not a	fish	-0.05160141	Ġfish	['fish', 'snake', 'true', 'type', 'mamm']	neg	aff
A pelican is a	bird	-1.7042313	Ġbird	['type', 'bird', 'large', 'kind', 'small']	aff	aff
A pelican is a	bacterium	-10.246906	Ġbacter	['type', 'bird', 'large', 'kind', 'small']	aff	neg
A pelican is not a	bacterium	-10.953034	Ġbacter	['bird', 'fish', 'type', 'p', 'duck']	neg	neg
A pelican is not a	bird	-0.7972145	Ġbird	['bird', 'fish', 'type', 'p', 'duck']	neg	aff
A bunny is an	animal	-0.75232506	Ġanimal	['animal', 'odd', 'adorable', 'object', 'integer']	aff	aff
A bunny is a	fungus	-10.126806	ĠF	['small', 'type', 'mamm', 'cute', 'very']	aff	neg
A bunny is not a	fungus	-9.910434	ĠF	['dog', 'horse', 'bird', 'fish', 'rabbit']	neg	neg
A bunny is not an	animal	-0.7275524	Ġanimal	['animal', 'insect', 'ant', 'elephant', 'amphib']	neg	aff
A spaceship is a	vehicle	-3.0608158	Ġvehicle	['spacecraft', 'vehicle', '', 'spaceship', 'closed']	aff	aff
A spaceship is a	toy	-7.160202	Ġtoy	['spacecraft', 'vehicle', '', 'spaceship', 'closed']	aff	neg
A spaceship is not a	toy	-4.6627045	Ġtoy	['car', 'spaceship', 'place', 'vehicle', 'good']	neg	neg
A spaceship is not a	vehicle	-3.7995615	Ġvehicle	['car', 'spaceship', 'place', 'vehicle', 'good']	neg	aff
A toucan is a	bird	-1.1514587	Ġbird	['bird', 'type', 'large', 'tropical', 'kind']	aff	aff
A toucan is a	fruit	-4.435281	Ġfruit	['bird', 'type', 'large', 'tropical', 'kind']	aff	neg
A toucan is not a	fruit	-4.712288	Ġfruit	['bird', 'par', 'type', 'duck', 'tou']	neg	neg
A toucan is not a	bird	-1.0606842	Ġbird	['bird', 'par', 'type', 'duck', 'tou']	neg	aff
A koi is a	fish	-2.813364	Ġfish	['type', 'fancy', 'fish', 'Japanese', 'freshwater']	aff	aff
A koi is a	plant	-9.767975	Ġplant	['type', 'fancy', 'fish', 'Japanese', 'freshwater']	aff	neg
A koi is not a	plant	-7.407772	Ġplant	['fish', 'dog', 'real', 'gold', 'carp']	neg	neg
A koi is not a	fish	-1.2891006	Ġfish	['fish', 'dog', 'real', 'gold', 'carp']	neg	aff
A brush is a	tool	-0.976717	Ġtool	['tool', 'device', 'type', 'cleaning', 'simple']	aff	aff
A brush is a	toy	-8.224772	Ġtoy	['tool', 'device', 'type', 'cleaning', 'simple']	aff	neg
A brush is not a	toy	-4.0625563	Ġtoy	['tool', 'brush', 'machine', 'toy', 'knife']	neg	neg
A brush is not a	tool	-1.6396275	Ġtool	['tool', 'brush', 'machine', 'toy', 'knife']	neg	aff
A wheelbarrow is a	vehicle	-2.7934895	Ġvehicle	['tool', 'simple', 'vehicle', 'container', 'hand']	aff	aff
A wheelbarrow is a	flower	-13.514203	Ġflower	['tool', 'simple', 'vehicle', 'container', 'hand']	aff	neg
A wheelbarrow is not a	flower	-7.7588367	Ġflower	['vehicle', 'tool', 'machine', 'car', 'very']	neg	neg
A wheelbarrow is not a	vehicle	-2.2336235	Ġvehicle	['vehicle', 'tool', 'machine', 'car', 'very']	neg	aff
A unicycle is a	vehicle	-1.6634731	Ġvehicle	['bicycle', 'vehicle', 'simple', 'type', 'mode']	aff	aff
A unicycle is a	flower	-19.840702	Ġflower	['bicycle', 'vehicle', 'simple', 'type', 'mode']	aff	neg
A unicycle is not a	flower	-13.827112	Ġflower	['bicycle', 'car', 'motorcycle', 'vehicle', 'bike']	neg	neg
A unicycle is not a	vehicle	-2.7907143	Ġvehicle	['bicycle', 'car', 'motorcycle', 'vehicle', 'bike']	neg	aff
A bike is a	machine	-4.94388	Ġmachine	['great', 'type', 'good', 'vehicle', 'very']	aff	aff
A bike is a	flower	-13.187597	Ġflower	['great', 'type', 'good', 'vehicle', 'very']	aff	neg
A bike is not a	flower	-9.513088	Ġflower	['car', 'vehicle', 'toy', 'bicycle', 'horse']	neg	neg
A bike is not a	machine	-6.191536	Ġmachine	['car', 'vehicle', 'toy', 'bicycle', 'horse']	neg	aff
A skateboard is a	vehicle	-3.319397	Ġvehicle	['type', 'popular', 'small', 'simple', 'vehicle']	aff	aff
A skateboard is a	flower	-15.622072	Ġflower	['type', 'popular', 'small', 'simple', 'vehicle']	aff	neg
A skateboard is not a	flower	-9.247898	Ġflower	['car', 'bicycle', 'toy', 'vehicle', 'bike']	neg	neg
A skateboard is not a	vehicle	-2.6406193	Ġvehicle	['car', 'bicycle', 'toy', 'vehicle', 'bike']	neg	aff
A stroller is a	vehicle	-1.7472324	Ġvehicle	['vehicle', 'whe', 'device', 'piece', 'type']	aff	aff
A stroller is a	flower	-13.623692	Ġflower	['vehicle', 'whe', 'device', 'piece', 'type']	aff	neg
A stroller is not a	flower	-9.637976	Ġflower	['car', 'vehicle', 'bicycle', 'toy', 'wheelchair']	neg	neg
A stroller is not a	vehicle	-2.3361588	Ġvehicle	['car', 'vehicle', 'bicycle', 'toy', 'wheelchair']	neg	aff
A wagon is a	vehicle	-1.1111526	Ġvehicle	['vehicle', 'type', 'cart', 'simple', 'device']	aff	aff
A wagon is a	flower	-13.722826	Ġflower	['vehicle', 'type', 'cart', 'simple', 'device']	aff	neg
A wagon is not a	flower	-8.816844	Ġflower	['car', 'vehicle', 'bicycle', 'horse', 'type']	neg	neg
A wagon is not a	vehicle	-1.9278126	Ġvehicle	['car', 'vehicle', 'bicycle', 'horse', 'type']	neg	aff
A corporation is a	business	-1.5942669	Ġbusiness	['legal', 'business', 'separate', 'company', 'type']	aff	aff
A corporation is a	toy	-15.714188	Ġtoy	['legal', 'business', 'separate', 'company', 'type']	aff	neg
A corporation is not a	toy	-13.469524	Ġtoy	['person', 'legal', 'natural', 'citizen', 'tax']	neg	neg
A corporation is not a	business	-6.7300606	Ġbusiness	['person', 'legal', 'natural', 'citizen', 'tax']	neg	aff
A camera is a	device	-0.85217094	Ġdevice	['device', 'tool', 'camera', 'machine', 'type']	aff	aff
A camera is a	plant	-12.51803	Ġplant	['device', 'tool', 'camera', 'machine', 'type']	aff	neg
A camera is not a	plant	-8.902014	Ġplant	['camera', 'lens', 'perfect', 'simple', 'tool']	neg	neg
A camera is not a	device	-4.317788	Ġdevice	['camera', 'lens', 'perfect', 'simple', 'tool']	neg	aff
A chainsaw is a	tool	-1.6595249	Ġtool	['tool', 'type', 'power', 'powerful', 'saw']	aff	aff
A chainsaw is a	toy	-10.338282	Ġtoy	['tool', 'type', 'power', 'powerful', 'saw']	aff	neg
A chainsaw is not a	toy	-1.0897808	Ġtoy	['toy', 'tool', 'kitchen', 'good', 'drill']	neg	neg
A chainsaw is not a	tool	-2.7334824	Ġtool	['toy', 'tool', 'kitchen', 'good', 'drill']	neg	aff
A bobcat is a	carnivore	-3.3035393	Ġcarniv	['wild', 'medium', 'small', 'type', 'carniv']	aff	aff
A bobcat is a	plant	-11.528103	Ġplant	['wild', 'medium', 'small', 'type', 'carniv']	aff	neg
A bobcat is not a	plant	-9.622756	Ġplant	['cat', 'wolf', 'f', 'true', 'type']	neg	neg
A bobcat is not a	carnivore	-8.340365	Ġcarniv	['cat', 'wolf', 'f', 'true', 'type']	neg	aff
A tractor is a	machine	-1.9893379	Ġmachine	['vehicle', 'machine', 'type', 'piece', 'farm']	aff	aff
A tractor is an	animal	-5.2917385	Ġanimal	['agricultural', 'important', 'engine', 'essential', 'extremely']	aff	neg
A tractor is not an	animal	-1.826971	Ġanimal	['animal', 'automobile', 'airplane', 'aircraft', 'engine']	neg	neg
A tractor is not a	machine	-3.1693687	Ġmachine	['car', 'vehicle', 'machine', 'type', 'tool']	neg	aff
A camel is a	mammals	-9.22218	ĠM	['large', 'domestic', 'type', 'mamm', 'quadr']	aff	aff
A camel is a	reptile	-8.089456	Ġrept	['large', 'domestic', 'type', 'mamm', 'quadr']	aff	neg
A camel is not a	reptile	-6.0414925	Ġrept	['horse', 'dog', 'bird', 'mamm', 'type']	neg	neg
A camel is not a	mammals	-7.305641	ĠM	['horse', 'dog', 'bird', 'mamm', 'type']	neg	aff
An apartment is a	house	-3.8585644	Ġhouse	['place', 'living', 'space', 'type', 'small']	aff	aff
An apartment is a	plant	-12.556086	Ġplant	['place', 'living', 'space', 'type', 'small']	aff	neg
An apartment is not a	plant	-10.467471	Ġplant	['home', 'house', 'place', 'hotel', 'good']	neg	neg
An apartment is not a	house	-1.9581108	Ġhouse	['home', 'house', 'place', 'hotel', 'good']	neg	aff
