context	target	target_logprob	best_target_variation	tokens	ctx_polarity	tgt_polarity
"Complete the sentence below with only one category word.\nSentence: ""A cat is an ___."" Completed sentence: A cat is an"	animal	-0.375288	▁animal	['animal', '_', 'm', '(', 'pet']	aff	aff
"Complete the sentence below with only one category word.\nSentence: ""A cat is a ___."" Completed sentence: A cat is a"	machine	-6.053789	▁	['m', 'pet', '_', 'cat', 'animal']	aff	neg
"Complete the sentence below with only one category word.\nSentence: ""A cat is not a ___."" Completed sentence: A cat is not a"	machine	-6.106556	▁	['pet', '_', 'dog', 'm', 'bird']	neg	neg
"Complete the sentence below with only one category word.\nSentence: ""A cat is not an ___."" Completed sentence: A cat is not an"	animal	-0.35173225	▁animal	['animal', '_', 'object', '__', '(']	neg	aff
"Complete the sentence below with only one category word.\nSentence: ""A computer is a ___."" Completed sentence: A computer is a"	machine	-1.9476557	▁machine	['_', 'machine', 'tool', 'device', 'computer']	aff	aff
"Complete the sentence below with only one category word.\nSentence: ""A computer is a ___."" Completed sentence: A computer is a"	person	-5.920019	▁	['_', 'machine', 'tool', 'device', 'computer']	aff	neg
"Complete the sentence below with only one category word.\nSentence: ""A computer is not a ___."" Completed sentence: A computer is not a"	person	-4.937373	▁person	['_', 'tool', 'machine', 'device', 'human']	neg	neg
"Complete the sentence below with only one category word.\nSentence: ""A computer is not a ___."" Completed sentence: A computer is not a"	machine	-2.9218378	▁machine	['_', 'tool', 'machine', 'device', 'human']	neg	aff
"Complete the sentence below with only one category word.\nSentence: ""A book is a ___."" Completed sentence: A book is a"	text	-5.636017	▁	['_', 'book', 'medium', '__', '(']	aff	aff
"Complete the sentence below with only one category word.\nSentence: ""A book is a ___."" Completed sentence: A book is a"	person	-5.636017	▁	['_', 'book', 'medium', '__', '(']	aff	neg
"Complete the sentence below with only one category word.\nSentence: ""A book is not a ___."" Completed sentence: A book is not a"	person	-5.847866	▁	['_', 'book', 'category', 'thing', 'friend']	neg	neg
"Complete the sentence below with only one category word.\nSentence: ""A book is not a ___."" Completed sentence: A book is not a"	text	-5.623867	▁text	['_', 'book', 'category', 'thing', 'friend']	neg	aff
"Complete the sentence below with only one category word.\nSentence: ""A dog is an ___."" Completed sentence: A dog is an"	animal	-0.37259293	▁animal	['animal', '_', '(', 'pet', '__']	aff	aff
"Complete the sentence below with only one category word.\nSentence: ""A dog is a ___."" Completed sentence: A dog is a"	plant	-5.752469	▁	['pet', '_', 'm', 'cat', 'animal']	aff	neg
"Complete the sentence below with only one category word.\nSentence: ""A dog is not a ___."" Completed sentence: A dog is not a"	plant	-6.242218	▁	['cat', 'pet', '_', 'm', 'animal']	neg	neg
"Complete the sentence below with only one category word.\nSentence: ""A dog is not an ___."" Completed sentence: A dog is not an"	animal	-0.47974205	▁animal	['animal', '_', 'object', 'instrument', '(']	neg	aff
"Complete the sentence below with only one category word.\nSentence: ""A monkey is an ___."" Completed sentence: A monkey is an"	animal	-0.6435299	▁animal	['animal', '_', 'm', 'a', '(']	aff	aff
"Complete the sentence below with only one category word.\nSentence: ""A monkey is a ___."" Completed sentence: A monkey is a"	toy	-5.984908	▁	['m', '_', 'prim', 'animal', 'M']	aff	neg
"Complete the sentence below with only one category word.\nSentence: ""A monkey is not a ___."" Completed sentence: A monkey is not a"	toy	-5.9733267	▁	['m', '_', 'cat', 'animal', 'pet']	neg	neg
"Complete the sentence below with only one category word.\nSentence: ""A monkey is not an ___."" Completed sentence: A monkey is not an"	animal	-0.46783447	▁animal	['animal', '_', 'a', 'm', 'A']	neg	aff
"Complete the sentence below with only one category word.\nSentence: ""A rabbit is an ___."" Completed sentence: A rabbit is an"	animal	-0.91563606	▁animal	['animal', '_', 'm', '__', 'her']	aff	aff
"Complete the sentence below with only one category word.\nSentence: ""A rabbit is a ___."" Completed sentence: A rabbit is a"	plant	-5.9684753	▁	['m', '_', 'pet', 'animal', 'M']	aff	neg
"Complete the sentence below with only one category word.\nSentence: ""A rabbit is not a ___."" Completed sentence: A rabbit is not a"	plant	-6.1729984	▁	['m', '_', 'cat', 'pet', 'bird']	neg	neg
"Complete the sentence below with only one category word.\nSentence: ""A rabbit is not an ___."" Completed sentence: A rabbit is not an"	animal	-0.49959373	▁animal	['animal', '_', 'm', '__', '...']	neg	aff
"Complete the sentence below with only one category word.\nSentence: ""A human is a ___."" Completed sentence: A human is a"	mammal	-1.8714018	▁m	['_', 'm', 'person', 'living', 'animal']	aff	aff
"Complete the sentence below with only one category word.\nSentence: ""A human is a ___."" Completed sentence: A human is a"	device	-5.923732	▁	['_', 'm', 'person', 'living', 'animal']	aff	neg
"Complete the sentence below with only one category word.\nSentence: ""A human is not a ___."" Completed sentence: A human is not a"	device	-5.9978323	▁	['_', 'animal', 'person', 'm', 'cat']	neg	neg
"Complete the sentence below with only one category word.\nSentence: ""A human is not a ___."" Completed sentence: A human is not a"	mammal	-3.43365	▁m	['_', 'animal', 'person', 'm', 'cat']	neg	aff
"Complete the sentence below with only one category word.\nSentence: ""A laptop is a ___."" Completed sentence: A laptop is a"	device	-3.555108	▁device	['computer', '_', 'port', 'category', 'device']	aff	aff
"Complete the sentence below with only one category word.\nSentence: ""A laptop is a ___."" Completed sentence: A laptop is a"	toy	-5.739394	▁	['computer', '_', 'port', 'category', 'device']	aff	neg
"Complete the sentence below with only one category word.\nSentence: ""A laptop is not a ___."" Completed sentence: A laptop is not a"	toy	-4.46861	▁to	['computer', '_', 'category', 'device', 'mobile']	neg	neg
"Complete the sentence below with only one category word.\nSentence: ""A laptop is not a ___."" Completed sentence: A laptop is not a"	device	-3.40761	▁device	['computer', '_', 'category', 'device', 'mobile']	neg	aff
"Complete the sentence below with only one category word.\nSentence: ""An earphone is a ___."" Completed sentence: An earphone is a"	device	-2.0908995	▁device	['_', 'device', 'head', 'piece', 'category']	aff	aff
"Complete the sentence below with only one category word.\nSentence: ""An earphone is a ___."" Completed sentence: An earphone is a"	toy	-5.813773	▁	['_', 'device', 'head', 'piece', 'category']	aff	neg
"Complete the sentence below with only one category word.\nSentence: ""An earphone is not a ___."" Completed sentence: An earphone is not a"	toy	-4.2316093	▁to	['_', 'device', 'head', 'musical', 'category']	neg	neg
"Complete the sentence below with only one category word.\nSentence: ""An earphone is not a ___."" Completed sentence: An earphone is not a"	device	-2.5892363	▁device	['_', 'device', 'head', 'musical', 'category']	neg	aff
"Complete the sentence below with only one category word.\nSentence: ""A book is a ___."" Completed sentence: A book is a"	creation	-5.636017	▁	['_', 'book', 'medium', '__', '(']	aff	aff
"Complete the sentence below with only one category word.\nSentence: ""A book is an ___."" Completed sentence: A book is an"	utensil	-6.0953503	▁	['object', '_', 'instrument', 'information', 'article']	aff	neg
"Complete the sentence below with only one category word.\nSentence: ""A book is not an ___."" Completed sentence: A book is not an"	utensil	-5.938369	▁	['object', '_', 'article', 'instrument', 'entertain']	neg	neg
"Complete the sentence below with only one category word.\nSentence: ""A book is not a ___."" Completed sentence: A book is not a"	creation	-5.847866	▁	['_', 'book', 'category', 'thing', 'friend']	neg	aff
"Complete the sentence below with only one category word.\nSentence: ""A house is a ___."" Completed sentence: A house is a"	building	-1.7039576	▁building	['building', '_', 'home', 'place', 'structure']	aff	aff
"Complete the sentence below with only one category word.\nSentence: ""A house is a ___."" Completed sentence: A house is a"	plant	-5.9068108	▁	['building', '_', 'home', 'place', 'structure']	aff	neg
"Complete the sentence below with only one category word.\nSentence: ""A house is not a ___."" Completed sentence: A house is not a"	plant	-5.8525896	▁	['home', '_', 'building', 'house', 'place']	neg	neg
"Complete the sentence below with only one category word.\nSentence: ""A house is not a ___."" Completed sentence: A house is not a"	building	-2.6640368	▁building	['home', '_', 'building', 'house', 'place']	neg	aff
"Complete the sentence below with only one category word.\nSentence: ""A school is a ___."" Completed sentence: A school is a"	building	-1.5305128	▁building	['place', 'building', '_', 'learning', 'school']	aff	aff
"Complete the sentence below with only one category word.\nSentence: ""A school is a ___."" Completed sentence: A school is a"	toy	-6.410719	▁	['place', 'building', '_', 'learning', 'school']	aff	neg
"Complete the sentence below with only one category word.\nSentence: ""A school is not a ___."" Completed sentence: A school is not a"	toy	-6.2179527	▁	['place', 'building', '_', 'school', 'business']	neg	neg
"Complete the sentence below with only one category word.\nSentence: ""A school is not a ___."" Completed sentence: A school is not a"	building	-2.2522373	▁building	['place', 'building', '_', 'school', 'business']	neg	aff
"Complete the sentence below with only one category word.\nSentence: ""A phone is a ___."" Completed sentence: A phone is a"	device	-2.6824894	▁device	['_', 'communication', 'device', 'tool', 'computer']	aff	aff
"Complete the sentence below with only one category word.\nSentence: ""A phone is a ___."" Completed sentence: A phone is a"	rock	-5.99584	▁	['_', 'communication', 'device', 'tool', 'computer']	aff	neg
"Complete the sentence below with only one category word.\nSentence: ""A phone is not a ___."" Completed sentence: A phone is not a"	rock	-6.061099	▁	['_', 'tool', 'computer', 'device', 'phone']	neg	neg
"Complete the sentence below with only one category word.\nSentence: ""A phone is not a ___."" Completed sentence: A phone is not a"	device	-3.0649424	▁device	['_', 'tool', 'computer', 'device', 'phone']	neg	aff
"Complete the sentence below with only one category word.\nSentence: ""A fork is an ___."" Completed sentence: A fork is an"	utensil	-0.90558815	▁ut	['ut', 'e', '_', 'implement', 'object']	aff	aff
"Complete the sentence below with only one category word.\nSentence: ""A fork is a ___."" Completed sentence: A fork is a"	knife	-6.080179	▁	['ut', '_', 'tool', 'kitchen', 'cut']	aff	neg
"Complete the sentence below with only one category word.\nSentence: ""A fork is not a ___."" Completed sentence: A fork is not a"	knife	-3.7987413	▁kn	['ut', 'tool', '_', 'sp', 'cut']	neg	neg
"Complete the sentence below with only one category word.\nSentence: ""A fork is not an ___."" Completed sentence: A fork is not an"	utensil	-0.93101597	▁ut	['ut', 'instrument', 'implement', '_', 'e']	neg	aff
"Complete the sentence below with only one category word.\nSentence: ""A knife is a ___."" Completed sentence: A knife is a"	tool	-1.6124935	▁tool	['tool', 'weapon', '_', 'cutting', 'kitchen']	aff	aff
"Complete the sentence below with only one category word.\nSentence: ""A knife is a ___."" Completed sentence: A knife is a"	fruit	-6.191327	▁	['tool', 'weapon', '_', 'cutting', 'kitchen']	aff	neg
"Complete the sentence below with only one category word.\nSentence: ""A knife is not a ___."" Completed sentence: A knife is not a"	fruit	-6.2321978	▁fruit	['weapon', 'tool', '_', 'ut', 'cutting']	neg	neg
"Complete the sentence below with only one category word.\nSentence: ""A knife is not a ___."" Completed sentence: A knife is not a"	tool	-1.7828684	▁tool	['weapon', 'tool', '_', 'ut', 'cutting']	neg	aff
"Complete the sentence below with only one category word.\nSentence: ""A boat is a ___."" Completed sentence: A boat is a"	vehicle	-1.6171875	▁vehicle	['vehicle', 'water', '_', 'vessel', 'transport']	aff	aff
"Complete the sentence below with only one category word.\nSentence: ""A boat is a ___."" Completed sentence: A boat is a"	mammal	-6.1873493	▁	['vehicle', 'water', '_', 'vessel', 'transport']	aff	neg
"Complete the sentence below with only one category word.\nSentence: ""A boat is not a ___."" Completed sentence: A boat is not a"	mammal	-6.036808	▁	['vehicle', '_', 'car', 'transport', 'water']	neg	neg
"Complete the sentence below with only one category word.\nSentence: ""A boat is not a ___."" Completed sentence: A boat is not a"	vehicle	-1.991745	▁vehicle	['vehicle', '_', 'car', 'transport', 'water']	neg	aff
"Complete the sentence below with only one category word.\nSentence: ""A grape is a ___."" Completed sentence: A grape is a"	fruit	-0.35497665	▁fruit	['fruit', '_', 'ber', 'F', 'veget']	aff	aff
"Complete the sentence below with only one category word.\nSentence: ""A grape is a ___."" Completed sentence: A grape is a"	vegetable	-4.1535006	▁veget	['fruit', '_', 'ber', 'F', 'veget']	aff	neg
"Complete the sentence below with only one category word.\nSentence: ""A grape is not a ___."" Completed sentence: A grape is not a"	vegetable	-2.630745	▁veget	['fruit', 'veget', '_', 'food', 'ber']	neg	neg
"Complete the sentence below with only one category word.\nSentence: ""A grape is not a ___."" Completed sentence: A grape is not a"	fruit	-0.7324543	▁fruit	['fruit', 'veget', '_', 'food', 'ber']	neg	aff
"Complete the sentence below with only one category word.\nSentence: ""A pigeon is a ___."" Completed sentence: A pigeon is a"	bird	-0.6362362	▁bird	['bird', '_', 'flying', '(', 'Bird']	aff	aff
"Complete the sentence below with only one category word.\nSentence: ""A pigeon is a ___."" Completed sentence: A pigeon is a"	plant	-6.2648916	▁	['bird', '_', 'flying', '(', 'Bird']	aff	neg
"Complete the sentence below with only one category word.\nSentence: ""A pigeon is not a ___."" Completed sentence: A pigeon is not a"	plant	-6.30569	▁	['bird', '_', 'm', 'pet', 'cat']	neg	neg
"Complete the sentence below with only one category word.\nSentence: ""A pigeon is not a ___."" Completed sentence: A pigeon is not a"	bird	-0.75344276	▁bird	['bird', '_', 'm', 'pet', 'cat']	neg	aff
"Complete the sentence below with only one category word.\nSentence: ""A spoon is an ___."" Completed sentence: A spoon is an"	utensil	-0.84003067	▁ut	['ut', '_', 'e', 'implement', 'object']	aff	aff
"Complete the sentence below with only one category word.\nSentence: ""A spoon is a ___."" Completed sentence: A spoon is a"	reptile	-6.3781853	▁	['ut', '_', 'tool', 'kitchen', 'category']	aff	neg
"Complete the sentence below with only one category word.\nSentence: ""A spoon is not a ___."" Completed sentence: A spoon is not a"	reptile	-6.5406284	▁	['ut', 'tool', '_', 'category', 'kitchen']	neg	neg
"Complete the sentence below with only one category word.\nSentence: ""A spoon is not an ___."" Completed sentence: A spoon is not an"	utensil	-1.1258497	▁ut	['ut', 'instrument', 'implement', 'object', '_']	neg	aff
"Complete the sentence below with only one category word.\nSentence: ""A person is a ___."" Completed sentence: A person is a"	mammal	-4.592306	▁m	['human', '_', 'person', 'category', 'living']	aff	aff
"Complete the sentence below with only one category word.\nSentence: ""A person is a ___."" Completed sentence: A person is a"	reptile	-5.818781	▁	['human', '_', 'person', 'category', 'living']	aff	neg
"Complete the sentence below with only one category word.\nSentence: ""A person is not a ___."" Completed sentence: A person is not a"	reptile	-5.8091784	▁	['_', 'human', 'person', 'thing', 'citiz']	neg	neg
"Complete the sentence below with only one category word.\nSentence: ""A person is not a ___."" Completed sentence: A person is not a"	mammal	-5.7785997	▁m	['_', 'human', 'person', 'thing', 'citiz']	neg	aff
"Complete the sentence below with only one category word.\nSentence: ""A fig is a ___."" Completed sentence: A fig is a"	tree	-4.8651667	▁tree	['fruit', '_', 'F', 'veget', 'food']	aff	aff
"Complete the sentence below with only one category word.\nSentence: ""A fig is a ___."" Completed sentence: A fig is a"	mineral	-6.3086004	▁	['fruit', '_', 'F', 'veget', 'food']	aff	neg
"Complete the sentence below with only one category word.\nSentence: ""A fig is not a ___."" Completed sentence: A fig is not a"	mineral	-5.968526	▁	['fruit', 'veget', '_', 'food', 'F']	neg	neg
"Complete the sentence below with only one category word.\nSentence: ""A fig is not a ___."" Completed sentence: A fig is not a"	tree	-5.1405115	▁tree	['fruit', 'veget', '_', 'food', 'F']	neg	aff
"Complete the sentence below with only one category word.\nSentence: ""A rock is a ___."" Completed sentence: A rock is a"	mineral	-2.2170677	▁min	['_', 'min', 'rock', 'solid', 'natural']	aff	aff
"Complete the sentence below with only one category word.\nSentence: ""A rock is a ___."" Completed sentence: A rock is a"	vegetable	-5.148721	▁	['_', 'min', 'rock', 'solid', 'natural']	aff	neg
"Complete the sentence below with only one category word.\nSentence: ""A rock is not a ___."" Completed sentence: A rock is not a"	vegetable	-3.204523	▁veget	['_', 'veget', 'rock', 'category', 'fruit']	neg	neg
"Complete the sentence below with only one category word.\nSentence: ""A rock is not a ___."" Completed sentence: A rock is not a"	mineral	-4.6574926	▁min	['_', 'veget', 'rock', 'category', 'fruit']	neg	aff
"Complete the sentence below with only one category word.\nSentence: ""A book is a ___."" Completed sentence: A book is a"	publication	-4.990752	▁publication	['_', 'book', 'medium', '__', '(']	aff	aff
"Complete the sentence below with only one category word.\nSentence: ""A book is a ___."" Completed sentence: A book is a"	mammal	-5.636017	▁	['_', 'book', 'medium', '__', '(']	aff	neg
"Complete the sentence below with only one category word.\nSentence: ""A book is not a ___."" Completed sentence: A book is not a"	mammal	-5.847866	▁	['_', 'book', 'category', 'thing', 'friend']	neg	neg
"Complete the sentence below with only one category word.\nSentence: ""A book is not a ___."" Completed sentence: A book is not a"	publication	-5.847866	▁	['_', 'book', 'category', 'thing', 'friend']	neg	aff
"Complete the sentence below with only one category word.\nSentence: ""A bee is an ___."" Completed sentence: A bee is an"	insect	-0.67453766	▁insect	['insect', 'animal', '_', 'in', 'IN']	aff	aff
"Complete the sentence below with only one category word.\nSentence: ""A bee is a ___."" Completed sentence: A bee is a"	mammal	-5.078884	▁m	['insect', '_', 'flying', 'animal', 'bug']	aff	neg
"Complete the sentence below with only one category word.\nSentence: ""A bee is not a ___."" Completed sentence: A bee is not a"	mammal	-3.8720608	▁m	['bird', '_', 'bug', 'insect', 'animal']	neg	neg
"Complete the sentence below with only one category word.\nSentence: ""A bee is not an ___."" Completed sentence: A bee is not an"	insect	-0.987278	▁insect	['animal', 'insect', '_', 'in', 'In']	neg	aff
"Complete the sentence below with only one category word.\nSentence: ""A cat is a ___."" Completed sentence: A cat is a"	mammal	-1.6391582	▁m	['m', 'pet', '_', 'cat', 'animal']	aff	aff
"Complete the sentence below with only one category word.\nSentence: ""A cat is a ___."" Completed sentence: A cat is a"	reptile	-6.053789	▁	['m', 'pet', '_', 'cat', 'animal']	aff	neg
"Complete the sentence below with only one category word.\nSentence: ""A cat is not a ___."" Completed sentence: A cat is not a"	reptile	-6.106556	▁	['pet', '_', 'dog', 'm', 'bird']	neg	neg
"Complete the sentence below with only one category word.\nSentence: ""A cat is not a ___."" Completed sentence: A cat is not a"	mammal	-2.8638515	▁m	['pet', '_', 'dog', 'm', 'bird']	neg	aff
"Complete the sentence below with only one category word.\nSentence: ""A snake is a ___."" Completed sentence: A snake is a"	reptile	-1.0291643	▁re	['re', '_', 'animal', 'verte', 'm']	aff	aff
"Complete the sentence below with only one category word.\nSentence: ""A snake is a ___."" Completed sentence: A snake is a"	mammal	-3.4940996	▁m	['re', '_', 'animal', 'verte', 'm']	aff	neg
"Complete the sentence below with only one category word.\nSentence: ""A snake is not a ___."" Completed sentence: A snake is not a"	mammal	-2.3470783	▁m	['_', 'm', 're', 'animal', 'cat']	neg	neg
"Complete the sentence below with only one category word.\nSentence: ""A snake is not a ___."" Completed sentence: A snake is not a"	reptile	-2.5999374	▁re	['_', 'm', 're', 'animal', 'cat']	neg	aff
"Complete the sentence below with only one category word.\nSentence: ""A donkey is an ___."" Completed sentence: A donkey is an"	animal	-0.74095917	▁animal	['animal', '_', 'm', '__', '(']	aff	aff
"Complete the sentence below with only one category word.\nSentence: ""A donkey is a ___."" Completed sentence: A donkey is a"	person	-5.375086	▁	['m', '_', 'quad', 'animal', 'farm']	aff	neg
"Complete the sentence below with only one category word.\nSentence: ""A donkey is not a ___."" Completed sentence: A donkey is not a"	person	-5.7498913	▁	['m', '_', 'horse', 'animal', 'pet']	neg	neg
"Complete the sentence below with only one category word.\nSentence: ""A donkey is not an ___."" Completed sentence: A donkey is not an"	animal	-0.4655609	▁animal	['animal', '_', 'm', 'ele', '__']	neg	aff
"Complete the sentence below with only one category word.\nSentence: ""A squirrel is an ___."" Completed sentence: A squirrel is an"	animal	-0.81726456	▁animal	['animal', '_', 'm', 'rod', 'M']	aff	aff
"Complete the sentence below with only one category word.\nSentence: ""A squirrel is a ___."" Completed sentence: A squirrel is a"	mineral	-6.246932	▁	['m', 'rod', '_', 'M', 'animal']	aff	neg
"Complete the sentence below with only one category word.\nSentence: ""A squirrel is not a ___."" Completed sentence: A squirrel is not a"	mineral	-6.3676376	▁	['m', '_', 'bird', 'cat', 'pet']	neg	neg
"Complete the sentence below with only one category word.\nSentence: ""A squirrel is not an ___."" Completed sentence: A squirrel is not an"	animal	-0.564497	▁animal	['animal', '_', 'm', 'insect', '(']	neg	aff
"Complete the sentence below with only one category word.\nSentence: ""A cobra is a ___."" Completed sentence: A cobra is a"	reptile	-1.5337038	▁re	['re', '_', 's', 'animal', 'm']	aff	aff
"Complete the sentence below with only one category word.\nSentence: ""A cobra is a ___."" Completed sentence: A cobra is a"	mineral	-6.453556	▁	['re', '_', 's', 'animal', 'm']	aff	neg
"Complete the sentence below with only one category word.\nSentence: ""A cobra is not a ___."" Completed sentence: A cobra is not a"	mineral	-6.4268827	▁	['_', 'm', 's', 're', 'cat']	neg	neg
"Complete the sentence below with only one category word.\nSentence: ""A cobra is not a ___."" Completed sentence: A cobra is not a"	reptile	-2.6511164	▁re	['_', 'm', 's', 're', 'cat']	neg	aff
"Complete the sentence below with only one category word.\nSentence: ""A turtle is a ___."" Completed sentence: A turtle is a"	reptile	-1.1087942	▁re	['re', '_', 'm', 'verte', 'animal']	aff	aff
"Complete the sentence below with only one category word.\nSentence: ""A turtle is a ___."" Completed sentence: A turtle is a"	bird	-4.9576035	▁bird	['re', '_', 'm', 'verte', 'animal']	aff	neg
"Complete the sentence below with only one category word.\nSentence: ""A turtle is not a ___."" Completed sentence: A turtle is not a"	bird	-2.6805658	▁bird	['_', 'm', 're', 'bird', 'fish']	neg	neg
"Complete the sentence below with only one category word.\nSentence: ""A turtle is not a ___."" Completed sentence: A turtle is not a"	reptile	-2.562045	▁re	['_', 'm', 're', 'bird', 'fish']	neg	aff
"Complete the sentence below with only one category word.\nSentence: ""A bird is an ___."" Completed sentence: A bird is an"	animal	-0.6309738	▁animal	['animal', '_', 'av', '(', '...']	aff	aff
"Complete the sentence below with only one category word.\nSentence: ""A bird is a ___."" Completed sentence: A bird is a"	mineral	-5.582141	▁	['_', 'bird', 'flying', 'm', 'fe']	aff	neg
"Complete the sentence below with only one category word.\nSentence: ""A bird is not a ___."" Completed sentence: A bird is not a"	mineral	-5.8784122	▁	['_', 'm', 'bird', 'cat', 'pet']	neg	neg
"Complete the sentence below with only one category word.\nSentence: ""A bird is not an ___."" Completed sentence: A bird is not an"	animal	-0.48498154	▁animal	['animal', '_', 'insect', 'object', 'm']	neg	aff
"Complete the sentence below with only one category word.\nSentence: ""A car is a ___."" Completed sentence: A car is a"	vehicle	-1.2684355	▁vehicle	['vehicle', '_', 'transport', 'machine', 'mode']	aff	aff
"Complete the sentence below with only one category word.\nSentence: ""A car is a ___."" Completed sentence: A car is a"	bush	-5.4514723	▁	['vehicle', '_', 'transport', 'machine', 'mode']	aff	neg
"Complete the sentence below with only one category word.\nSentence: ""A car is not a ___."" Completed sentence: A car is not a"	bush	-5.632494	▁	['vehicle', '_', 'car', 'transport', 'machine']	neg	neg
"Complete the sentence below with only one category word.\nSentence: ""A car is not a ___."" Completed sentence: A car is not a"	vehicle	-2.1062994	▁vehicle	['vehicle', '_', 'car', 'transport', 'machine']	neg	aff
"Complete the sentence below with only one category word.\nSentence: ""A rose is a ___."" Completed sentence: A rose is a"	flower	-0.7923727	▁flower	['flower', '_', 'plant', 'F', 'beautiful']	aff	aff
"Complete the sentence below with only one category word.\nSentence: ""A rose is a ___."" Completed sentence: A rose is a"	weed	-5.467286	▁	['flower', '_', 'plant', 'F', 'beautiful']	aff	neg
"Complete the sentence below with only one category word.\nSentence: ""A rose is not a ___."" Completed sentence: A rose is not a"	weed	-5.0055265	▁we	['flower', '_', 'fruit', 'veget', 'plant']	neg	neg
"Complete the sentence below with only one category word.\nSentence: ""A rose is not a ___."" Completed sentence: A rose is not a"	flower	-1.851923	▁flower	['flower', '_', 'fruit', 'veget', 'plant']	neg	aff
"Complete the sentence below with only one category word.\nSentence: ""A lily is a ___."" Completed sentence: A lily is a"	flower	-0.8415613	▁flower	['flower', '_', 'plant', 'F', 'flow']	aff	aff
"Complete the sentence below with only one category word.\nSentence: ""A lily is a ___."" Completed sentence: A lily is a"	tree	-5.7392774	▁	['flower', '_', 'plant', 'F', 'flow']	aff	neg
"Complete the sentence below with only one category word.\nSentence: ""A lily is not a ___."" Completed sentence: A lily is not a"	tree	-5.7619257	▁tree	['flower', '_', 'plant', 'veget', 'F']	neg	neg
"Complete the sentence below with only one category word.\nSentence: ""A lily is not a ___."" Completed sentence: A lily is not a"	flower	-1.170598	▁flower	['flower', '_', 'plant', 'veget', 'F']	neg	aff
"Complete the sentence below with only one category word.\nSentence: ""A daisy is a ___."" Completed sentence: A daisy is a"	flower	-0.8039093	▁flower	['flower', '_', 'plant', 'F', 'flow']	aff	aff
"Complete the sentence below with only one category word.\nSentence: ""A daisy is a ___."" Completed sentence: A daisy is a"	tree	-5.695096	▁	['flower', '_', 'plant', 'F', 'flow']	aff	neg
"Complete the sentence below with only one category word.\nSentence: ""A daisy is not a ___."" Completed sentence: A daisy is not a"	tree	-5.770683	▁	['flower', '_', 'plant', 'veget', 'F']	neg	neg
"Complete the sentence below with only one category word.\nSentence: ""A daisy is not a ___."" Completed sentence: A daisy is not a"	flower	-1.2046938	▁flower	['flower', '_', 'plant', 'veget', 'F']	neg	aff
"Complete the sentence below with only one category word.\nSentence: ""A tulip is a ___."" Completed sentence: A tulip is a"	flower	-0.8601084	▁flower	['flower', '_', 'plant', 'F', 'bul']	aff	aff
"Complete the sentence below with only one category word.\nSentence: ""A tulip is a ___."" Completed sentence: A tulip is a"	tree	-5.565821	▁	['flower', '_', 'plant', 'F', 'bul']	aff	neg
"Complete the sentence below with only one category word.\nSentence: ""A tulip is not a ___."" Completed sentence: A tulip is not a"	tree	-5.600107	▁	['flower', 'plant', '_', 'veget', 'F']	neg	neg
"Complete the sentence below with only one category word.\nSentence: ""A tulip is not a ___."" Completed sentence: A tulip is not a"	flower	-1.3139343	▁flower	['flower', 'plant', '_', 'veget', 'F']	neg	aff
"Complete the sentence below with only one category word.\nSentence: ""A snake is an ___."" Completed sentence: A snake is an"	animal	-0.69499207	▁animal	['animal', '_', 're', 'am', 'verte']	aff	aff
"Complete the sentence below with only one category word.\nSentence: ""A snake is a ___."" Completed sentence: A snake is a"	toy	-6.357215	▁	['re', '_', 'animal', 'verte', 'm']	aff	neg
"Complete the sentence below with only one category word.\nSentence: ""A snake is not a ___."" Completed sentence: A snake is not a"	toy	-6.3409863	▁to	['_', 'm', 're', 'animal', 'cat']	neg	neg
"Complete the sentence below with only one category word.\nSentence: ""A snake is not an ___."" Completed sentence: A snake is not an"	animal	-0.5020542	▁animal	['animal', '_', 'am', 'insect', 'm']	neg	aff
"Complete the sentence below with only one category word.\nSentence: ""A crocodile is an ___."" Completed sentence: A crocodile is an"	animal	-1.2760639	▁animal	['animal', '_', 're', 'am', 'aqu']	aff	aff
"Complete the sentence below with only one category word.\nSentence: ""A crocodile is a ___."" Completed sentence: A crocodile is a"	mammal	-2.774187	▁m	['re', '_', 'm', 'verte', 'animal']	aff	neg
"Complete the sentence below with only one category word.\nSentence: ""A crocodile is not a ___."" Completed sentence: A crocodile is not a"	mammal	-1.6964703	▁m	['m', '_', 'bird', 're', 'fish']	neg	neg
"Complete the sentence below with only one category word.\nSentence: ""A crocodile is not an ___."" Completed sentence: A crocodile is not an"	animal	-0.7541733	▁animal	['animal', '_', 'am', 'm', 'aqu']	neg	aff
"Complete the sentence below with only one category word.\nSentence: ""A mice is a ___."" Completed sentence: A mice is a"	rodent	-2.5595255	▁rod	['_', 'mouse', 'rod', 'animal', 'cat']	aff	aff
"Complete the sentence below with only one category word.\nSentence: ""A mice is a ___."" Completed sentence: A mice is a"	toy	-6.0271654	▁	['_', 'mouse', 'rod', 'animal', 'cat']	aff	neg
"Complete the sentence below with only one category word.\nSentence: ""A mice is not a ___."" Completed sentence: A mice is not a"	toy	-6.011569	▁to	['cat', 'mouse', '_', 'animal', 'pet']	neg	neg
"Complete the sentence below with only one category word.\nSentence: ""A mice is not a ___."" Completed sentence: A mice is not a"	rodent	-4.7366858	▁rod	['cat', 'mouse', '_', 'animal', 'pet']	neg	aff
"Complete the sentence below with only one category word.\nSentence: ""A horse is an ___."" Completed sentence: A horse is an"	animal	-0.40364265	▁animal	['animal', '_', '__', '(', 'm']	aff	aff
"Complete the sentence below with only one category word.\nSentence: ""A horse is a ___."" Completed sentence: A horse is a"	person	-4.9483833	▁	['_', 'm', 'quad', 'pet', 'animal']	aff	neg
"Complete the sentence below with only one category word.\nSentence: ""A horse is not a ___."" Completed sentence: A horse is not a"	person	-5.798399	▁person	['pet', '_', 'cat', 'm', 'animal']	neg	neg
"Complete the sentence below with only one category word.\nSentence: ""A horse is not an ___."" Completed sentence: A horse is not an"	animal	-0.36514664	▁animal	['animal', '_', 'object', 'instrument', 'ele']	neg	aff
"Complete the sentence below with only one category word.\nSentence: ""A mouse is an ___."" Completed sentence: A mouse is an"	animal	-0.6821232	▁animal	['animal', '_', 'm', 'rod', '(']	aff	aff
"Complete the sentence below with only one category word.\nSentence: ""A mouse is a ___."" Completed sentence: A mouse is a"	toy	-6.3746433	▁	['m', 'rod', '_', 'pet', 'quad']	aff	neg
"Complete the sentence below with only one category word.\nSentence: ""A mouse is not a ___."" Completed sentence: A mouse is not a"	toy	-5.4752026	▁to	['cat', 'pet', '_', 'm', 'bird']	neg	neg
"Complete the sentence below with only one category word.\nSentence: ""A mouse is not an ___."" Completed sentence: A mouse is not an"	animal	-0.43681717	▁animal	['animal', '_', 'insect', 'ele', 'object']	neg	aff
"Complete the sentence below with only one category word.\nSentence: ""A salmon is a ___."" Completed sentence: A salmon is a"	fish	-0.849803	▁fish	['fish', '_', 'verte', 'm', 'fin']	aff	aff
"Complete the sentence below with only one category word.\nSentence: ""A salmon is a ___."" Completed sentence: A salmon is a"	fruit	-4.3343525	▁F	['fish', '_', 'verte', 'm', 'fin']	aff	neg
"Complete the sentence below with only one category word.\nSentence: ""A salmon is not a ___."" Completed sentence: A salmon is not a"	fruit	-5.26824	▁fruit	['fish', 'm', '_', 'bird', 'cat']	neg	neg
"Complete the sentence below with only one category word.\nSentence: ""A salmon is not a ___."" Completed sentence: A salmon is not a"	fish	-1.2516422	▁fish	['fish', 'm', '_', 'bird', 'cat']	neg	aff
"Complete the sentence below with only one category word.\nSentence: ""A carrot is a ___."" Completed sentence: A carrot is a"	vegetable	-0.61589813	▁veget	['veget', 'fruit', '_', 'root', 'plant']	aff	aff
"Complete the sentence below with only one category word.\nSentence: ""A carrot is a ___."" Completed sentence: A carrot is a"	mineral	-6.1242056	▁	['veget', 'fruit', '_', 'root', 'plant']	aff	neg
"Complete the sentence below with only one category word.\nSentence: ""A carrot is not a ___."" Completed sentence: A carrot is not a"	mineral	-6.050709	▁	['veget', 'fruit', '_', 'food', 'flower']	neg	neg
"Complete the sentence below with only one category word.\nSentence: ""A carrot is not a ___."" Completed sentence: A carrot is not a"	vegetable	-1.0948639	▁veget	['veget', 'fruit', '_', 'food', 'flower']	neg	aff
"Complete the sentence below with only one category word.\nSentence: ""A table is a ___."" Completed sentence: A table is a"	furniture	-1.1226234	▁furn	['furn', 'piece', '_', 'F', '__']	aff	aff
"Complete the sentence below with only one category word.\nSentence: ""A table is a ___."" Completed sentence: A table is a"	toy	-5.6681623	▁	['furn', 'piece', '_', 'F', '__']	aff	neg
"Complete the sentence below with only one category word.\nSentence: ""A table is not a ___."" Completed sentence: A table is not a"	toy	-5.654444	▁	['furn', 'chair', '_', 'piece', 'category']	neg	neg
"Complete the sentence below with only one category word.\nSentence: ""A table is not a ___."" Completed sentence: A table is not a"	furniture	-1.836956	▁furn	['furn', 'chair', '_', 'piece', 'category']	neg	aff
"Complete the sentence below with only one category word.\nSentence: ""A rabbit is a ___."" Completed sentence: A rabbit is a"	mammal	-0.887063	▁m	['m', '_', 'pet', 'animal', 'M']	aff	aff
"Complete the sentence below with only one category word.\nSentence: ""A rabbit is a ___."" Completed sentence: A rabbit is a"	bird	-5.9684753	▁	['m', '_', 'pet', 'animal', 'M']	aff	neg
"Complete the sentence below with only one category word.\nSentence: ""A rabbit is not a ___."" Completed sentence: A rabbit is not a"	bird	-3.3075418	▁bird	['m', '_', 'cat', 'pet', 'bird']	neg	neg
"Complete the sentence below with only one category word.\nSentence: ""A rabbit is not a ___."" Completed sentence: A rabbit is not a"	mammal	-1.7322073	▁m	['m', '_', 'cat', 'pet', 'bird']	neg	aff
"Complete the sentence below with only one category word.\nSentence: ""A dog is a ___."" Completed sentence: A dog is a"	mammal	-2.2709808	▁m	['pet', '_', 'm', 'cat', 'animal']	aff	aff
"Complete the sentence below with only one category word.\nSentence: ""A dog is a ___."" Completed sentence: A dog is a"	fish	-5.752469	▁	['pet', '_', 'm', 'cat', 'animal']	aff	neg
"Complete the sentence below with only one category word.\nSentence: ""A dog is not a ___."" Completed sentence: A dog is not a"	fish	-5.623766	▁fish	['cat', 'pet', '_', 'm', 'animal']	neg	neg
"Complete the sentence below with only one category word.\nSentence: ""A dog is not a ___."" Completed sentence: A dog is not a"	mammal	-3.648162	▁m	['cat', 'pet', '_', 'm', 'animal']	neg	aff
"Complete the sentence below with only one category word.\nSentence: ""A deer is an ___."" Completed sentence: A deer is an"	animal	-0.8710842	▁animal	['animal', '_', 'm', 'her', '(']	aff	aff
"Complete the sentence below with only one category word.\nSentence: ""A deer is a ___."" Completed sentence: A deer is a"	plant	-5.554062	▁	['m', '_', 'animal', 'quad', 'her']	aff	neg
"Complete the sentence below with only one category word.\nSentence: ""A deer is not a ___."" Completed sentence: A deer is not a"	plant	-5.5938644	▁plant	['m', '_', 'bird', 'cat', 'animal']	neg	neg
"Complete the sentence below with only one category word.\nSentence: ""A deer is not an ___."" Completed sentence: A deer is not an"	animal	-0.6127567	▁animal	['animal', '_', 'm', 'her', '__']	neg	aff
"Complete the sentence below with only one category word.\nSentence: ""A whale is a ___."" Completed sentence: A whale is a"	mammal	-0.6625004	▁m	['m', '_', 'M', 'fish', 'animal']	aff	aff
"Complete the sentence below with only one category word.\nSentence: ""A whale is a ___."" Completed sentence: A whale is a"	reptile	-6.630617	▁	['m', '_', 'M', 'fish', 'animal']	aff	neg
"Complete the sentence below with only one category word.\nSentence: ""A whale is not a ___."" Completed sentence: A whale is not a"	reptile	-5.6723394	▁re	['m', 'fish', '_', 'bird', 'cat']	neg	neg
"Complete the sentence below with only one category word.\nSentence: ""A whale is not a ___."" Completed sentence: A whale is not a"	mammal	-1.3920326	▁m	['m', 'fish', '_', 'bird', 'cat']	neg	aff
"Complete the sentence below with only one category word.\nSentence: ""A desk is a ___."" Completed sentence: A desk is a"	furniture	-1.6133118	▁furn	['piece', 'furn', '_', 'place', 'F']	aff	aff
"Complete the sentence below with only one category word.\nSentence: ""A desk is a ___."" Completed sentence: A desk is a"	toy	-5.9214973	▁	['piece', 'furn', '_', 'place', 'F']	aff	neg
"Complete the sentence below with only one category word.\nSentence: ""A desk is not a ___."" Completed sentence: A desk is not a"	toy	-5.8251834	▁to	['furn', 'piece', '_', 'chair', 'place']	neg	neg
"Complete the sentence below with only one category word.\nSentence: ""A desk is not a ___."" Completed sentence: A desk is not a"	furniture	-2.0209436	▁furn	['furn', 'piece', '_', 'chair', 'place']	neg	aff
"Complete the sentence below with only one category word.\nSentence: ""A bicycle is a ___."" Completed sentence: A bicycle is a"	vehicle	-1.3667908	▁vehicle	['vehicle', '_', 'transport', 'mode', 'means']	aff	aff
"Complete the sentence below with only one category word.\nSentence: ""A bicycle is a ___."" Completed sentence: A bicycle is a"	toy	-5.4093046	▁	['vehicle', '_', 'transport', 'mode', 'means']	aff	neg
"Complete the sentence below with only one category word.\nSentence: ""A bicycle is not a ___."" Completed sentence: A bicycle is not a"	toy	-4.0195465	▁to	['vehicle', '_', 'transport', 'mode', 'car']	neg	neg
"Complete the sentence below with only one category word.\nSentence: ""A bicycle is not a ___."" Completed sentence: A bicycle is not a"	vehicle	-1.7176065	▁vehicle	['vehicle', '_', 'transport', 'mode', 'car']	neg	aff
"Complete the sentence below with only one category word.\nSentence: ""A bat is a ___."" Completed sentence: A bat is a"	mammal	-1.1396198	▁m	['m', '_', 'bird', 'flying', 'M']	aff	aff
"Complete the sentence below with only one category word.\nSentence: ""A bat is a ___."" Completed sentence: A bat is a"	reptile	-6.5946712	▁	['m', '_', 'bird', 'flying', 'M']	aff	neg
"Complete the sentence below with only one category word.\nSentence: ""A bat is not a ___."" Completed sentence: A bat is not a"	reptile	-6.4817257	▁re	['bird', 'm', '_', 'animal', 'cat']	neg	neg
"Complete the sentence below with only one category word.\nSentence: ""A bat is not a ___."" Completed sentence: A bat is not a"	mammal	-1.7852077	▁m	['bird', 'm', '_', 'animal', 'cat']	neg	aff
"Complete the sentence below with only one category word.\nSentence: ""A cloud is a ___."" Completed sentence: A cloud is a"	gas	-3.5922813	▁gas	['_', 'cloud', 'water', 'natural', 'category']	aff	aff
"Complete the sentence below with only one category word.\nSentence: ""A cloud is a ___."" Completed sentence: A cloud is a"	liquid	-5.027796	▁liquid	['_', 'cloud', 'water', 'natural', 'category']	aff	neg
"Complete the sentence below with only one category word.\nSentence: ""A cloud is not a ___."" Completed sentence: A cloud is not a"	liquid	-5.194746	▁liquid	['_', 'bird', 'category', 'cloud', 'n']	neg	neg
"Complete the sentence below with only one category word.\nSentence: ""A cloud is not a ___."" Completed sentence: A cloud is not a"	gas	-5.209528	▁gas	['_', 'bird', 'category', 'cloud', 'n']	neg	aff
"Complete the sentence below with only one category word.\nSentence: ""An Apple is a ___."" Completed sentence: An Apple is a"	fruit	-0.77635574	▁fruit	['fruit', 'F', '_', 'f', '__']	aff	aff
"Complete the sentence below with only one category word.\nSentence: ""An Apple is a ___."" Completed sentence: An Apple is a"	vegetable	-4.699312	▁veget	['fruit', 'F', '_', 'f', '__']	aff	neg
"Complete the sentence below with only one category word.\nSentence: ""An Apple is not a ___."" Completed sentence: An Apple is not a"	vegetable	-3.0880527	▁veget	['fruit', 'F', '_', 'veget', 'food']	neg	neg
"Complete the sentence below with only one category word.\nSentence: ""An Apple is not a ___."" Completed sentence: An Apple is not a"	fruit	-1.5812054	▁fruit	['fruit', 'F', '_', 'veget', 'food']	neg	aff
"Complete the sentence below with only one category word.\nSentence: ""A toy is a ___."" Completed sentence: A toy is a"	plaything	-2.833537	▁play	['_', 'category', 'play', 'to', 'thing']	aff	aff
"Complete the sentence below with only one category word.\nSentence: ""A toy is a ___."" Completed sentence: A toy is a"	food	-5.5974097	▁	['_', 'category', 'play', 'to', 'thing']	aff	neg
"Complete the sentence below with only one category word.\nSentence: ""A toy is not a ___."" Completed sentence: A toy is not a"	food	-3.846118	▁food	['_', 'tool', 'to', 'category', 'thing']	neg	neg
"Complete the sentence below with only one category word.\nSentence: ""A toy is not a ___."" Completed sentence: A toy is not a"	plaything	-3.9664078	▁play	['_', 'tool', 'to', 'category', 'thing']	neg	aff
"Complete the sentence below with only one category word.\nSentence: ""A human is a ___."" Completed sentence: A human is a"	mammal	-1.8714018	▁m	['_', 'm', 'person', 'living', 'animal']	aff	aff
"Complete the sentence below with only one category word.\nSentence: ""A human is a ___."" Completed sentence: A human is a"	fish	-5.923732	▁	['_', 'm', 'person', 'living', 'animal']	aff	neg
"Complete the sentence below with only one category word.\nSentence: ""A human is not a ___."" Completed sentence: A human is not a"	fish	-4.828313	▁fish	['_', 'animal', 'person', 'm', 'cat']	neg	neg
"Complete the sentence below with only one category word.\nSentence: ""A human is not a ___."" Completed sentence: A human is not a"	mammal	-3.43365	▁m	['_', 'animal', 'person', 'm', 'cat']	neg	aff
"Complete the sentence below with only one category word.\nSentence: ""A hummingbird is a ___."" Completed sentence: A hummingbird is a"	bird	-0.9130659	▁bird	['bird', '_', 'flying', 'B', 'm']	aff	aff
"Complete the sentence below with only one category word.\nSentence: ""A hummingbird is a ___."" Completed sentence: A hummingbird is a"	mammal	-3.8748665	▁m	['bird', '_', 'flying', 'B', 'm']	aff	neg
"Complete the sentence below with only one category word.\nSentence: ""A hummingbird is not a ___."" Completed sentence: A hummingbird is not a"	mammal	-2.5011702	▁m	['bird', '_', 'm', 'animal', 're']	neg	neg
"Complete the sentence below with only one category word.\nSentence: ""A hummingbird is not a ___."" Completed sentence: A hummingbird is not a"	bird	-1.1121826	▁bird	['bird', '_', 'm', 'animal', 're']	neg	aff
"Complete the sentence below with only one category word.\nSentence: ""A cauliflower is a ___."" Completed sentence: A cauliflower is a"	vegetable	-0.6353817	▁veget	['veget', '_', 'flower', 'fruit', 'plant']	aff	aff
"Complete the sentence below with only one category word.\nSentence: ""A cauliflower is a ___."" Completed sentence: A cauliflower is a"	fruit	-3.494154	▁fruit	['veget', '_', 'flower', 'fruit', 'plant']	aff	neg
"Complete the sentence below with only one category word.\nSentence: ""A cauliflower is not a ___."" Completed sentence: A cauliflower is not a"	fruit	-2.043332	▁fruit	['veget', 'fruit', '_', 'flower', 'food']	neg	neg
"Complete the sentence below with only one category word.\nSentence: ""A cauliflower is not a ___."" Completed sentence: A cauliflower is not a"	vegetable	-0.8916578	▁veget	['veget', 'fruit', '_', 'flower', 'food']	neg	aff
"Complete the sentence below with only one category word.\nSentence: ""A turnip is a ___."" Completed sentence: A turnip is a"	vegetable	-0.78599167	▁veget	['veget', 'root', '_', 'fruit', 'plant']	aff	aff
"Complete the sentence below with only one category word.\nSentence: ""A turnip is a ___."" Completed sentence: A turnip is a"	mineral	-6.078287	▁	['veget', 'root', '_', 'fruit', 'plant']	aff	neg
"Complete the sentence below with only one category word.\nSentence: ""A turnip is not a ___."" Completed sentence: A turnip is not a"	mineral	-6.091117	▁	['veget', 'fruit', '_', 'food', 'root']	neg	neg
"Complete the sentence below with only one category word.\nSentence: ""A turnip is not a ___."" Completed sentence: A turnip is not a"	vegetable	-0.9985981	▁veget	['veget', 'fruit', '_', 'food', 'root']	neg	aff
"Complete the sentence below with only one category word.\nSentence: ""A yam is a ___."" Completed sentence: A yam is a"	vegetable	-0.95825386	▁veget	['veget', 'fruit', 'root', '_', 'food']	aff	aff
"Complete the sentence below with only one category word.\nSentence: ""A yam is a ___."" Completed sentence: A yam is a"	grain	-6.2531147	▁	['veget', 'fruit', 'root', '_', 'food']	aff	neg
"Complete the sentence below with only one category word.\nSentence: ""A yam is not a ___."" Completed sentence: A yam is not a"	grain	-6.1956406	▁	['veget', 'fruit', 'food', '_', 'pot']	neg	neg
"Complete the sentence below with only one category word.\nSentence: ""A yam is not a ___."" Completed sentence: A yam is not a"	vegetable	-1.1170502	▁veget	['veget', 'fruit', 'food', '_', 'pot']	neg	aff
"Complete the sentence below with only one category word.\nSentence: ""A truck is a ___."" Completed sentence: A truck is a"	vehicle	-0.91950417	▁vehicle	['vehicle', '_', 'transport', 'car', 'tr']	aff	aff
"Complete the sentence below with only one category word.\nSentence: ""A truck is a ___."" Completed sentence: A truck is a"	toy	-5.6447554	▁	['vehicle', '_', 'transport', 'car', 'tr']	aff	neg
"Complete the sentence below with only one category word.\nSentence: ""A truck is not a ___."" Completed sentence: A truck is not a"	toy	-5.032358	▁to	['vehicle', 'car', '_', 'transport', 'tr']	neg	neg
"Complete the sentence below with only one category word.\nSentence: ""A truck is not a ___."" Completed sentence: A truck is not a"	vehicle	-1.6091394	▁vehicle	['vehicle', 'car', '_', 'transport', 'tr']	neg	aff
"Complete the sentence below with only one category word.\nSentence: ""A lamp is a ___."" Completed sentence: A lamp is a"	light	-1.7858877	▁light	['light', '_', 'furn', 'household', 'device']	aff	aff
"Complete the sentence below with only one category word.\nSentence: ""A lamp is a ___."" Completed sentence: A lamp is a"	clock	-5.7901735	▁	['light', '_', 'furn', 'household', 'device']	aff	neg
"Complete the sentence below with only one category word.\nSentence: ""A lamp is not a ___."" Completed sentence: A lamp is not a"	clock	-5.5020065	▁clock	['_', 'furn', 'light', 'category', 'tool']	neg	neg
"Complete the sentence below with only one category word.\nSentence: ""A lamp is not a ___."" Completed sentence: A lamp is not a"	light	-3.0590763	▁light	['_', 'furn', 'light', 'category', 'tool']	neg	aff
"Complete the sentence below with only one category word.\nSentence: ""A cycle is a ___."" Completed sentence: A cycle is a"	vehicle	-2.6433277	▁vehicle	['_', 'cycle', 'vehicle', 'wheel', 'machine']	aff	aff
"Complete the sentence below with only one category word.\nSentence: ""A cycle is a ___."" Completed sentence: A cycle is a"	toy	-5.7743435	▁	['_', 'cycle', 'vehicle', 'wheel', 'machine']	aff	neg
"Complete the sentence below with only one category word.\nSentence: ""A cycle is not a ___."" Completed sentence: A cycle is not a"	toy	-5.7513046	▁	['_', 'cycle', 'wheel', 'vehicle', 'b']	neg	neg
"Complete the sentence below with only one category word.\nSentence: ""A cycle is not a ___."" Completed sentence: A cycle is not a"	vehicle	-3.1260052	▁vehicle	['_', 'cycle', 'wheel', 'vehicle', 'b']	neg	aff
"Complete the sentence below with only one category word.\nSentence: ""A crow is a ___."" Completed sentence: A crow is a"	bird	-0.64686775	▁bird	['bird', '_', 'B', 'flying', '(']	aff	aff
"Complete the sentence below with only one category word.\nSentence: ""A crow is a ___."" Completed sentence: A crow is a"	vehicle	-6.0849075	▁	['bird', '_', 'B', 'flying', '(']	aff	neg
"Complete the sentence below with only one category word.\nSentence: ""A crow is not a ___."" Completed sentence: A crow is not a"	vehicle	-6.2522907	▁	['bird', '_', 'm', 'cat', 'animal']	neg	neg
"Complete the sentence below with only one category word.\nSentence: ""A crow is not a ___."" Completed sentence: A crow is not a"	bird	-0.79620934	▁bird	['bird', '_', 'm', 'cat', 'animal']	neg	aff
"Complete the sentence below with only one category word.\nSentence: ""A pencil is a ___."" Completed sentence: A pencil is a"	tool	-2.431694	▁tool	['writing', '_', 'tool', 'station', 'category']	aff	aff
"Complete the sentence below with only one category word.\nSentence: ""A pencil is a ___."" Completed sentence: A pencil is a"	tree	-5.66428	▁	['writing', '_', 'tool', 'station', 'category']	aff	neg
"Complete the sentence below with only one category word.\nSentence: ""A pencil is not a ___."" Completed sentence: A pencil is not a"	tree	-5.764182	▁	['tool', '_', 'writing', 'category', 'weapon']	neg	neg
"Complete the sentence below with only one category word.\nSentence: ""A pencil is not a ___."" Completed sentence: A pencil is not a"	tool	-2.2114067	▁tool	['tool', '_', 'writing', 'category', 'weapon']	neg	aff
"Complete the sentence below with only one category word.\nSentence: ""A snowflake is a ___."" Completed sentence: A snowflake is a"	crystal	-2.595809	▁cry	['_', 'cry', 'water', 'snow', 'fla']	aff	aff
"Complete the sentence below with only one category word.\nSentence: ""A snowflake is a ___."" Completed sentence: A snowflake is a"	liquid	-4.676448	▁liquid	['_', 'cry', 'water', 'snow', 'fla']	aff	neg
"Complete the sentence below with only one category word.\nSentence: ""A snowflake is not a ___."" Completed sentence: A snowflake is not a"	liquid	-5.078761	▁liquid	['_', 'snow', 'shape', 'leaf', 'solid']	neg	neg
"Complete the sentence below with only one category word.\nSentence: ""A snowflake is not a ___."" Completed sentence: A snowflake is not a"	crystal	-4.749357	▁cry	['_', 'snow', 'shape', 'leaf', 'solid']	neg	aff
"Complete the sentence below with only one category word.\nSentence: ""A pearl is a ___."" Completed sentence: A pearl is a"	gem	-2.1080904	▁gem	['j', '_', 'gem', 'pre', 'neck']	aff	aff
"Complete the sentence below with only one category word.\nSentence: ""A pearl is a ___."" Completed sentence: A pearl is a"	fruit	-5.384658	▁fruit	['j', '_', 'gem', 'pre', 'neck']	aff	neg
"Complete the sentence below with only one category word.\nSentence: ""A pearl is not a ___."" Completed sentence: A pearl is not a"	fruit	-3.4228392	▁fruit	['j', '_', 'gem', 'stone', 'diam']	neg	neg
"Complete the sentence below with only one category word.\nSentence: ""A pearl is not a ___."" Completed sentence: A pearl is not a"	gem	-2.9899416	▁gem	['j', '_', 'gem', 'stone', 'diam']	neg	aff
"Complete the sentence below with only one category word.\nSentence: ""A fish is an ___."" Completed sentence: A fish is an"	animal	-0.39621353	▁animal	['animal', '_', 'aqu', 'Animal', '(']	aff	aff
"Complete the sentence below with only one category word.\nSentence: ""A fish is a ___."" Completed sentence: A fish is a"	human	-5.430464	▁	['_', 'pet', 'verte', 'm', 'animal']	aff	neg
"Complete the sentence below with only one category word.\nSentence: ""A fish is not a ___."" Completed sentence: A fish is not a"	human	-5.7976665	▁human	['_', 'm', 'pet', 'cat', 'bird']	neg	neg
"Complete the sentence below with only one category word.\nSentence: ""A fish is not an ___."" Completed sentence: A fish is not an"	animal	-0.3697796	▁animal	['animal', '_', 'am', 'object', 'Animal']	neg	aff
"Complete the sentence below with only one category word.\nSentence: ""A mountain is a ___."" Completed sentence: A mountain is a"	landform	-3.0115547	▁land	['natural', '_', 'mountain', 'land', 'place']	aff	aff
"Complete the sentence below with only one category word.\nSentence: ""A mountain is a ___."" Completed sentence: A mountain is a"	building	-5.6883116	▁	['natural', '_', 'mountain', 'land', 'place']	aff	neg
"Complete the sentence below with only one category word.\nSentence: ""A mountain is not a ___."" Completed sentence: A mountain is not a"	building	-5.057537	▁building	['_', 'mountain', 'place', 'category', 'natural']	neg	neg
"Complete the sentence below with only one category word.\nSentence: ""A mountain is not a ___."" Completed sentence: A mountain is not a"	landform	-4.1568556	▁land	['_', 'mountain', 'place', 'category', 'natural']	neg	aff
"Complete the sentence below with only one category word.\nSentence: ""A university is a ___."" Completed sentence: A university is a"	school	-2.29181	▁school	['place', '_', 'school', 'college', 'learning']	aff	aff
"Complete the sentence below with only one category word.\nSentence: ""A university is a ___."" Completed sentence: A university is a"	person	-5.5951586	▁	['place', '_', 'school', 'college', 'learning']	aff	neg
"Complete the sentence below with only one category word.\nSentence: ""A university is not a ___."" Completed sentence: A university is not a"	person	-5.828287	▁	['place', 'school', '_', 'business', 'building']	neg	neg
"Complete the sentence below with only one category word.\nSentence: ""A university is not a ___."" Completed sentence: A university is not a"	school	-2.252781	▁school	['place', 'school', '_', 'business', 'building']	neg	aff
"Complete the sentence below with only one category word.\nSentence: ""A train is a ___."" Completed sentence: A train is a"	vehicle	-1.3453512	▁vehicle	['vehicle', 'transport', '_', 'mode', 'means']	aff	aff
"Complete the sentence below with only one category word.\nSentence: ""A train is a ___."" Completed sentence: A train is a"	plant	-6.3554564	▁	['vehicle', 'transport', '_', 'mode', 'means']	aff	neg
"Complete the sentence below with only one category word.\nSentence: ""A train is not a ___."" Completed sentence: A train is not a"	plant	-5.99405	▁	['vehicle', '_', 'car', 'transport', 'mode']	neg	neg
"Complete the sentence below with only one category word.\nSentence: ""A train is not a ___."" Completed sentence: A train is not a"	vehicle	-1.7581406	▁vehicle	['vehicle', '_', 'car', 'transport', 'mode']	neg	aff
"Complete the sentence below with only one category word.\nSentence: ""A duck is a ___."" Completed sentence: A duck is a"	bird	-0.9239073	▁bird	['bird', '_', 'water', 'm', 'animal']	aff	aff
"Complete the sentence below with only one category word.\nSentence: ""A duck is a ___."" Completed sentence: A duck is a"	fish	-6.5332813	▁	['bird', '_', 'water', 'm', 'animal']	aff	neg
"Complete the sentence below with only one category word.\nSentence: ""A duck is not a ___."" Completed sentence: A duck is not a"	fish	-4.4933395	▁fish	['bird', '_', 'm', 'animal', 'cat']	neg	neg
"Complete the sentence below with only one category word.\nSentence: ""A duck is not a ___."" Completed sentence: A duck is not a"	bird	-1.3324957	▁bird	['bird', '_', 'm', 'animal', 'cat']	neg	aff
"Complete the sentence below with only one category word.\nSentence: ""A horse is a ___."" Completed sentence: A horse is a"	mammal	-2.0139065	▁m	['_', 'm', 'quad', 'pet', 'animal']	aff	aff
"Complete the sentence below with only one category word.\nSentence: ""A horse is an ___."" Completed sentence: A horse is an"	insect	-5.985033	▁	['animal', '_', '__', '(', 'm']	aff	neg
"Complete the sentence below with only one category word.\nSentence: ""A horse is not an ___."" Completed sentence: A horse is not an"	insect	-5.408312	▁insect	['animal', '_', 'object', 'instrument', 'ele']	neg	neg
"Complete the sentence below with only one category word.\nSentence: ""A horse is not a ___."" Completed sentence: A horse is not a"	mammal	-2.9097834	▁m	['pet', '_', 'cat', 'm', 'animal']	neg	aff
"Complete the sentence below with only one category word.\nSentence: ""A bird is a ___."" Completed sentence: A bird is a"	vertebrate	-3.9958334	▁verte	['_', 'bird', 'flying', 'm', 'fe']	aff	aff
"Complete the sentence below with only one category word.\nSentence: ""A bird is an ___."" Completed sentence: A bird is an"	invertebrate	-6.007805	▁	['animal', '_', 'av', '(', '...']	aff	neg
"Complete the sentence below with only one category word.\nSentence: ""A bird is not an ___."" Completed sentence: A bird is not an"	invertebrate	-5.1712017	▁in	['animal', '_', 'insect', 'object', 'm']	neg	neg
"Complete the sentence below with only one category word.\nSentence: ""A bird is not a ___."" Completed sentence: A bird is not a"	vertebrate	-5.3813763	▁verte	['_', 'm', 'bird', 'cat', 'pet']	neg	aff
"Complete the sentence below with only one category word.\nSentence: ""A person is a ___."" Completed sentence: A person is a"	human	-1.7408724	▁human	['human', '_', 'person', 'category', 'living']	aff	aff
"Complete the sentence below with only one category word.\nSentence: ""A person is a ___."" Completed sentence: A person is a"	machine	-5.818781	▁	['human', '_', 'person', 'category', 'living']	aff	neg
"Complete the sentence below with only one category word.\nSentence: ""A person is not a ___."" Completed sentence: A person is not a"	machine	-4.9495707	▁machine	['_', 'human', 'person', 'thing', 'citiz']	neg	neg
"Complete the sentence below with only one category word.\nSentence: ""A person is not a ___."" Completed sentence: A person is not a"	human	-2.3394403	▁human	['_', 'human', 'person', 'thing', 'citiz']	neg	aff
"Complete the sentence below with only one category word.\nSentence: ""A building is a ___."" Completed sentence: A building is a"	structure	-1.3355942	▁structure	['structure', '_', 'building', 'house', 'place']	aff	aff
"Complete the sentence below with only one category word.\nSentence: ""A building is a ___."" Completed sentence: A building is a"	plant	-6.208086	▁	['structure', '_', 'building', 'house', 'place']	aff	neg
"Complete the sentence below with only one category word.\nSentence: ""A building is not a ___."" Completed sentence: A building is not a"	plant	-5.9972124	▁	['_', 'house', 'building', 'structure', 'place']	neg	neg
"Complete the sentence below with only one category word.\nSentence: ""A building is not a ___."" Completed sentence: A building is not a"	structure	-2.8475752	▁structure	['_', 'house', 'building', 'structure', 'place']	neg	aff
"Complete the sentence below with only one category word.\nSentence: ""A tool is an ___."" Completed sentence: A tool is an"	instrument	-1.6677666	▁instrument	['instrument', '_', 'implement', 'object', 'ut']	aff	aff
"Complete the sentence below with only one category word.\nSentence: ""A tool is a ___."" Completed sentence: A tool is a"	toy	-5.7140703	▁to	['_', 'category', 'device', 'machine', 'tool']	aff	neg
"Complete the sentence below with only one category word.\nSentence: ""A tool is not a ___."" Completed sentence: A tool is not a"	toy	-4.2223196	▁to	['_', 'category', 'weapon', 'n', 'machine']	neg	neg
"Complete the sentence below with only one category word.\nSentence: ""A tool is not an ___."" Completed sentence: A tool is not an"	instrument	-1.9823227	▁instrument	['instrument', '_', 'object', 'implement', 'app']	neg	aff
"Complete the sentence below with only one category word.\nSentence: ""A vegetable is a ___."" Completed sentence: A vegetable is a"	plant	-1.6039181	▁plant	['plant', 'fruit', 'food', '_', 'category']	aff	aff
"Complete the sentence below with only one category word.\nSentence: ""A vegetable is an ___."" Completed sentence: A vegetable is an"	animal	-2.158636	▁animal	['_', 'animal', 'ed', 'her', 'organ']	aff	neg
"Complete the sentence below with only one category word.\nSentence: ""A vegetable is not an ___."" Completed sentence: A vegetable is not an"	animal	-0.5537014	▁animal	['animal', '_', 'object', 'apple', 'fruit']	neg	neg
"Complete the sentence below with only one category word.\nSentence: ""A vegetable is not a ___."" Completed sentence: A vegetable is not a"	plant	-3.600624	▁plant	['fruit', 'food', '_', 'plant', 'meat']	neg	aff
"Complete the sentence below with only one category word.\nSentence: ""A banana is a ___."" Completed sentence: A banana is a"	fruit	-0.47335815	▁fruit	['fruit', '_', 'veget', 'food', 'F']	aff	aff
"Complete the sentence below with only one category word.\nSentence: ""A banana is a ___."" Completed sentence: A banana is a"	vegetable	-3.1992245	▁veget	['fruit', '_', 'veget', 'food', 'F']	aff	neg
"Complete the sentence below with only one category word.\nSentence: ""A banana is not a ___."" Completed sentence: A banana is not a"	vegetable	-2.0301914	▁veget	['fruit', 'veget', '_', 'food', 'F']	neg	neg
"Complete the sentence below with only one category word.\nSentence: ""A banana is not a ___."" Completed sentence: A banana is not a"	fruit	-0.87892914	▁fruit	['fruit', 'veget', '_', 'food', 'F']	neg	aff
"Complete the sentence below with only one category word.\nSentence: ""A jackfruit is a ___."" Completed sentence: A jackfruit is a"	fruit	-0.7667055	▁fruit	['fruit', 'veget', '_', 'tree', 'F']	aff	aff
"Complete the sentence below with only one category word.\nSentence: ""A jackfruit is a ___."" Completed sentence: A jackfruit is a"	rock	-6.0786543	▁	['fruit', 'veget', '_', 'tree', 'F']	aff	neg
"Complete the sentence below with only one category word.\nSentence: ""A jackfruit is not a ___."" Completed sentence: A jackfruit is not a"	rock	-6.004636	▁	['fruit', 'veget', '_', 'food', 'category']	neg	neg
"Complete the sentence below with only one category word.\nSentence: ""A jackfruit is not a ___."" Completed sentence: A jackfruit is not a"	fruit	-1.2818298	▁fruit	['fruit', 'veget', '_', 'food', 'category']	neg	aff
"Complete the sentence below with only one category word.\nSentence: ""A chicken is a ___."" Completed sentence: A chicken is a"	bird	-1.3145609	▁bird	['bird', '_', 'farm', 'm', 'animal']	aff	aff
"Complete the sentence below with only one category word.\nSentence: ""A chicken is a ___."" Completed sentence: A chicken is a"	mammal	-3.4479866	▁m	['bird', '_', 'farm', 'm', 'animal']	aff	neg
"Complete the sentence below with only one category word.\nSentence: ""A chicken is not a ___."" Completed sentence: A chicken is not a"	mammal	-2.9833918	▁m	['bird', '_', 'pet', 'm', 'cat']	neg	neg
"Complete the sentence below with only one category word.\nSentence: ""A chicken is not a ___."" Completed sentence: A chicken is not a"	bird	-1.6045609	▁bird	['bird', '_', 'pet', 'm', 'cat']	neg	aff
"Complete the sentence below with only one category word.\nSentence: ""A robin is a ___."" Completed sentence: A robin is a"	bird	-0.6696129	▁bird	['bird', '_', 'song', '(', 'B']	aff	aff
"Complete the sentence below with only one category word.\nSentence: ""A robin is a ___."" Completed sentence: A robin is a"	mammal	-5.195676	▁m	['bird', '_', 'song', '(', 'B']	aff	neg
"Complete the sentence below with only one category word.\nSentence: ""A robin is not a ___."" Completed sentence: A robin is not a"	mammal	-3.5611706	▁m	['bird', '_', 'm', 'song', 'animal']	neg	neg
"Complete the sentence below with only one category word.\nSentence: ""A robin is not a ___."" Completed sentence: A robin is not a"	bird	-0.7673731	▁bird	['bird', '_', 'm', 'song', 'animal']	neg	aff
"Complete the sentence below with only one category word.\nSentence: ""A tiger is an ___."" Completed sentence: A tiger is an"	animal	-1.0946484	▁animal	['animal', '_', 'm', 'cat', 'car']	aff	aff
"Complete the sentence below with only one category word.\nSentence: ""A tiger is a ___."" Completed sentence: A tiger is a"	machine	-6.125719	▁	['m', '_', 'cat', 'car', 'f']	aff	neg
"Complete the sentence below with only one category word.\nSentence: ""A tiger is not a ___."" Completed sentence: A tiger is not a"	machine	-6.25095	▁	['cat', 'm', '_', 'pet', 'animal']	neg	neg
"Complete the sentence below with only one category word.\nSentence: ""A tiger is not an ___."" Completed sentence: A tiger is not an"	animal	-0.67857265	▁animal	['animal', '_', 'm', 'cat', '__']	neg	aff
"Complete the sentence below with only one category word.\nSentence: ""A mammal is an ___."" Completed sentence: A mammal is an"	animal	-0.99695206	▁animal	['animal', '_', 'verte', 'organ', '__']	aff	aff
"Complete the sentence below with only one category word.\nSentence: ""A mammal is a ___."" Completed sentence: A mammal is a"	plant	-6.1196766	▁	['_', 'verte', 'm', 'animal', 'warm']	aff	neg
"Complete the sentence below with only one category word.\nSentence: ""A mammal is not a ___."" Completed sentence: A mammal is not a"	plant	-4.2914066	▁plant	['_', 'bird', 'fish', 're', 'cat']	neg	neg
"Complete the sentence below with only one category word.\nSentence: ""A mammal is not an ___."" Completed sentence: A mammal is not an"	animal	-1.9506807	▁animal	['_', 'animal', 'am', 'in', 'insect']	neg	aff
"Complete the sentence below with only one category word.\nSentence: ""A reptile is an ___."" Completed sentence: A reptile is an"	animal	-0.8482914	▁animal	['animal', '_', 'am', 'verte', '(']	aff	aff
"Complete the sentence below with only one category word.\nSentence: ""A reptile is a ___."" Completed sentence: A reptile is a"	tool	-5.7851276	▁	['_', 'verte', 'cold', 'animal', 'm']	aff	neg
"Complete the sentence below with only one category word.\nSentence: ""A reptile is not a ___."" Completed sentence: A reptile is not a"	tool	-6.486436	▁	['m', '_', 'bird', 'fish', 'animal']	neg	neg
"Complete the sentence below with only one category word.\nSentence: ""A reptile is not an ___."" Completed sentence: A reptile is not an"	animal	-1.101717	▁animal	['animal', '_', 'am', 'm', 'insect']	neg	aff
"Complete the sentence below with only one category word.\nSentence: ""A bison is a ___."" Completed sentence: A bison is a"	mammal	-0.8409605	▁m	['m', '_', 'her', 'animal', 'large']	aff	aff
"Complete the sentence below with only one category word.\nSentence: ""A bison is a ___."" Completed sentence: A bison is a"	bird	-5.5108023	▁bird	['m', '_', 'her', 'animal', 'large']	aff	neg
"Complete the sentence below with only one category word.\nSentence: ""A bison is not a ___."" Completed sentence: A bison is not a"	bird	-3.0219755	▁bird	['m', '_', 'cat', 'bird', 'animal']	neg	neg
"Complete the sentence below with only one category word.\nSentence: ""A bison is not a ___."" Completed sentence: A bison is not a"	mammal	-1.7829275	▁m	['m', '_', 'cat', 'bird', 'animal']	neg	aff
"Complete the sentence below with only one category word.\nSentence: ""A plane is a ___."" Completed sentence: A plane is a"	vehicle	-1.5571489	▁vehicle	['vehicle', '_', 'transport', 'flying', 'machine']	aff	aff
"Complete the sentence below with only one category word.\nSentence: ""A plane is a ___."" Completed sentence: A plane is a"	person	-6.059767	▁	['vehicle', '_', 'transport', 'flying', 'machine']	aff	neg
"Complete the sentence below with only one category word.\nSentence: ""A plane is not a ___."" Completed sentence: A plane is not a"	person	-6.067974	▁	['bird', 'vehicle', '_', 'car', 'transport']	neg	neg
"Complete the sentence below with only one category word.\nSentence: ""A plane is not a ___."" Completed sentence: A plane is not a"	vehicle	-2.068633	▁vehicle	['bird', 'vehicle', '_', 'car', 'transport']	neg	aff
"Complete the sentence below with only one category word.\nSentence: ""A chair is a ___."" Completed sentence: A chair is a"	furniture	-1.0158348	▁furn	['furn', 'piece', '_', 'chair', 'F']	aff	aff
"Complete the sentence below with only one category word.\nSentence: ""A chair is a ___."" Completed sentence: A chair is a"	person	-5.7734575	▁	['furn', 'piece', '_', 'chair', 'F']	aff	neg
"Complete the sentence below with only one category word.\nSentence: ""A chair is not a ___."" Completed sentence: A chair is not a"	person	-5.649169	▁	['furn', '_', 'chair', 'piece', 'category']	neg	neg
"Complete the sentence below with only one category word.\nSentence: ""A chair is not a ___."" Completed sentence: A chair is not a"	furniture	-1.5308895	▁furn	['furn', '_', 'chair', 'piece', 'category']	neg	aff
"Complete the sentence below with only one category word.\nSentence: ""A ruler is a ___."" Completed sentence: A ruler is a"	tool	-2.316267	▁tool	['_', 'meas', 'tool', '__', 'category']	aff	aff
"Complete the sentence below with only one category word.\nSentence: ""A ruler is an ___."" Completed sentence: A ruler is an"	animal	-6.2775564	▁	['instrument', '_', 'object', '__', 'implement']	aff	neg
"Complete the sentence below with only one category word.\nSentence: ""A ruler is not an ___."" Completed sentence: A ruler is not an"	animal	-4.0286427	▁animal	['instrument', '_', 'object', 'authority', 'official']	neg	neg
"Complete the sentence below with only one category word.\nSentence: ""A ruler is not a ___."" Completed sentence: A ruler is not a"	tool	-2.9982195	▁tool	['_', 'tool', 'leader', 'king', 'person']	neg	aff
"Complete the sentence below with only one category word.\nSentence: ""A book is a ___."" Completed sentence: A book is a"	literature	-5.636017	▁	['_', 'book', 'medium', '__', '(']	aff	aff
"Complete the sentence below with only one category word.\nSentence: ""A book is a ___."" Completed sentence: A book is a"	furniture	-5.636017	▁	['_', 'book', 'medium', '__', '(']	aff	neg
"Complete the sentence below with only one category word.\nSentence: ""A book is not a ___."" Completed sentence: A book is not a"	furniture	-4.7416525	▁furn	['_', 'book', 'category', 'thing', 'friend']	neg	neg
"Complete the sentence below with only one category word.\nSentence: ""A book is not a ___."" Completed sentence: A book is not a"	literature	-5.847866	▁	['_', 'book', 'category', 'thing', 'friend']	neg	aff
"Complete the sentence below with only one category word.\nSentence: ""A pencil is a ___."" Completed sentence: A pencil is a"	stationary	-3.6715727	▁station	['writing', '_', 'tool', 'station', 'category']	aff	aff
"Complete the sentence below with only one category word.\nSentence: ""A pencil is a ___."" Completed sentence: A pencil is a"	food	-5.66428	▁	['writing', '_', 'tool', 'station', 'category']	aff	neg
"Complete the sentence below with only one category word.\nSentence: ""A pencil is not a ___."" Completed sentence: A pencil is not a"	food	-5.500884	▁food	['tool', '_', 'writing', 'category', 'weapon']	neg	neg
"Complete the sentence below with only one category word.\nSentence: ""A pencil is not a ___."" Completed sentence: A pencil is not a"	stationary	-4.6621733	▁station	['tool', '_', 'writing', 'category', 'weapon']	neg	aff
"Complete the sentence below with only one category word.\nSentence: ""A phone is an ___."" Completed sentence: A phone is an"	instrument	-4.3362303	▁instrument	['electronic', '_', 'app', 'electron', 'elect']	aff	aff
"Complete the sentence below with only one category word.\nSentence: ""A phone is a ___."" Completed sentence: A phone is a"	valley	-5.99584	▁	['_', 'communication', 'device', 'tool', 'computer']	aff	neg
"Complete the sentence below with only one category word.\nSentence: ""A phone is not a ___."" Completed sentence: A phone is not a"	valley	-6.061099	▁	['_', 'tool', 'computer', 'device', 'phone']	neg	neg
"Complete the sentence below with only one category word.\nSentence: ""A phone is not an ___."" Completed sentence: A phone is not an"	instrument	-3.454051	▁instrument	['app', '_', 'electronic', 'object', 'instrument']	neg	aff
"Complete the sentence below with only one category word.\nSentence: ""A mouse is a ___."" Completed sentence: A mouse is a"	mammal	-1.4665241	▁m	['m', 'rod', '_', 'pet', 'quad']	aff	aff
"Complete the sentence below with only one category word.\nSentence: ""A mouse is a ___."" Completed sentence: A mouse is a"	reptile	-6.3746433	▁	['m', 'rod', '_', 'pet', 'quad']	aff	neg
"Complete the sentence below with only one category word.\nSentence: ""A mouse is not a ___."" Completed sentence: A mouse is not a"	reptile	-5.196206	▁re	['cat', 'pet', '_', 'm', 'bird']	neg	neg
"Complete the sentence below with only one category word.\nSentence: ""A mouse is not a ___."" Completed sentence: A mouse is not a"	mammal	-2.606039	▁m	['cat', 'pet', '_', 'm', 'bird']	neg	aff
"Complete the sentence below with only one category word.\nSentence: ""A creeper is a ___."" Completed sentence: A creeper is a"	plant	-1.7198687	▁plant	['plant', '_', 'clim', 'veget', 'v']	aff	aff
"Complete the sentence below with only one category word.\nSentence: ""A creeper is a ___."" Completed sentence: A creeper is a"	fish	-5.4936504	▁	['plant', '_', 'clim', 'veget', 'v']	aff	neg
"Complete the sentence below with only one category word.\nSentence: ""A creeper is not a ___."" Completed sentence: A creeper is not a"	fish	-5.5541935	▁	['plant', '_', 'veget', 'flower', 'clim']	neg	neg
"Complete the sentence below with only one category word.\nSentence: ""A creeper is not a ___."" Completed sentence: A creeper is not a"	plant	-2.3072767	▁plant	['plant', '_', 'veget', 'flower', 'clim']	neg	aff
"Complete the sentence below with only one category word.\nSentence: ""A teacher is a ___."" Completed sentence: A teacher is a"	person	-2.8501568	▁person	['_', 'professional', 'leader', 'person', 'guide']	aff	aff
"Complete the sentence below with only one category word.\nSentence: ""A teacher is a ___."" Completed sentence: A teacher is a"	thing	-6.323078	▁	['_', 'professional', 'leader', 'person', 'guide']	aff	neg
"Complete the sentence below with only one category word.\nSentence: ""A teacher is not a ___."" Completed sentence: A teacher is not a"	thing	-6.2095623	▁	['_', 'b', 'person', 'professional', 'friend']	neg	neg
"Complete the sentence below with only one category word.\nSentence: ""A teacher is not a ___."" Completed sentence: A teacher is not a"	person	-3.41253	▁person	['_', 'b', 'person', 'professional', 'friend']	neg	aff
"Complete the sentence below with only one category word.\nSentence: ""A doctor is a ___."" Completed sentence: A doctor is a"	person	-3.192957	▁person	['professional', '_', 'special', 'person', 'profession']	aff	aff
"Complete the sentence below with only one category word.\nSentence: ""A doctor is an ___."" Completed sentence: A doctor is an"	animal	-5.057369	▁animal	['_', 'expert', 'professional', '(', 'engineer']	aff	neg
"Complete the sentence below with only one category word.\nSentence: ""A doctor is not an ___."" Completed sentence: A doctor is not an"	animal	-3.6525803	▁animal	['_', 'expert', 'employee', 'engineer', 'artist']	neg	neg
"Complete the sentence below with only one category word.\nSentence: ""A doctor is not a ___."" Completed sentence: A doctor is not a"	person	-3.7673445	▁person	['_', 'professional', 'special', 'doctor', 'person']	neg	aff
"Complete the sentence below with only one category word.\nSentence: ""A lizard is a ___."" Completed sentence: A lizard is a"	reptile	-0.83426285	▁re	['re', '_', 'verte', 'animal', 'Re']	aff	aff
"Complete the sentence below with only one category word.\nSentence: ""A lizard is a ___."" Completed sentence: A lizard is a"	mammal	-3.9441557	▁m	['re', '_', 'verte', 'animal', 'Re']	aff	neg
"Complete the sentence below with only one category word.\nSentence: ""A lizard is not a ___."" Completed sentence: A lizard is not a"	mammal	-2.0383892	▁m	['_', 're', 'm', 'animal', 'bird']	neg	neg
"Complete the sentence below with only one category word.\nSentence: ""A lizard is not a ___."" Completed sentence: A lizard is not a"	reptile	-1.9994726	▁re	['_', 're', 'm', 'animal', 'bird']	neg	aff
"Complete the sentence below with only one category word.\nSentence: ""A skyscraper is a ___."" Completed sentence: A skyscraper is a"	building	-1.026886	▁building	['building', '_', 'tall', 'structure', 'tower']	aff	aff
"Complete the sentence below with only one category word.\nSentence: ""A skyscraper is a ___."" Completed sentence: A skyscraper is a"	fish	-5.955908	▁	['building', '_', 'tall', 'structure', 'tower']	aff	neg
"Complete the sentence below with only one category word.\nSentence: ""A skyscraper is not a ___."" Completed sentence: A skyscraper is not a"	fish	-5.967456	▁	['building', '_', 'house', 'tower', 'structure']	neg	neg
"Complete the sentence below with only one category word.\nSentence: ""A skyscraper is not a ___."" Completed sentence: A skyscraper is not a"	building	-1.3081541	▁building	['building', '_', 'house', 'tower', 'structure']	neg	aff
"Complete the sentence below with only one category word.\nSentence: ""A barn is a ___."" Completed sentence: A barn is a"	building	-1.0064602	▁building	['building', 'structure', 'house', '_', 'farm']	aff	aff
"Complete the sentence below with only one category word.\nSentence: ""A barn is a ___."" Completed sentence: A barn is a"	bird	-6.6329546	▁	['building', 'structure', 'house', '_', 'farm']	aff	neg
"Complete the sentence below with only one category word.\nSentence: ""A barn is not a ___."" Completed sentence: A barn is not a"	bird	-4.2983007	▁bird	['building', 'house', '_', 'farm', 'cat']	neg	neg
"Complete the sentence below with only one category word.\nSentence: ""A barn is not a ___."" Completed sentence: A barn is not a"	building	-1.8249006	▁building	['building', 'house', '_', 'farm', 'cat']	neg	aff
"Complete the sentence below with only one category word.\nSentence: ""A rock is a ___."" Completed sentence: A rock is a"	solid	-2.9075432	▁solid	['_', 'min', 'rock', 'solid', 'natural']	aff	aff
"Complete the sentence below with only one category word.\nSentence: ""A rock is a ___."" Completed sentence: A rock is a"	liquid	-5.148721	▁	['_', 'min', 'rock', 'solid', 'natural']	aff	neg
"Complete the sentence below with only one category word.\nSentence: ""A rock is not a ___."" Completed sentence: A rock is not a"	liquid	-3.9508352	▁liquid	['_', 'veget', 'rock', 'category', 'fruit']	neg	neg
"Complete the sentence below with only one category word.\nSentence: ""A rock is not a ___."" Completed sentence: A rock is not a"	solid	-4.3773813	▁solid	['_', 'veget', 'rock', 'category', 'fruit']	neg	aff
"Complete the sentence below with only one category word.\nSentence: ""A hammer is a ___."" Completed sentence: A hammer is a"	tool	-0.65970993	▁tool	['tool', '_', 'hand', '__', '(']	aff	aff
"Complete the sentence below with only one category word.\nSentence: ""A hammer is a ___."" Completed sentence: A hammer is a"	plant	-5.9369364	▁	['tool', '_', 'hand', '__', '(']	aff	neg
"Complete the sentence below with only one category word.\nSentence: ""A hammer is not a ___."" Completed sentence: A hammer is not a"	plant	-6.1511717	▁	['tool', '_', 'n', 'weapon', 'category']	neg	neg
"Complete the sentence below with only one category word.\nSentence: ""A hammer is not a ___."" Completed sentence: A hammer is not a"	tool	-0.90987015	▁tool	['tool', '_', 'n', 'weapon', 'category']	neg	aff
"Complete the sentence below with only one category word.\nSentence: ""A hotel is a ___."" Completed sentence: A hotel is a"	building	-2.3065119	▁building	['place', '_', 'business', 'building', 'hotel']	aff	aff
"Complete the sentence below with only one category word.\nSentence: ""A hotel is a ___."" Completed sentence: A hotel is a"	machine	-5.367201	▁	['place', '_', 'business', 'building', 'hotel']	aff	neg
"Complete the sentence below with only one category word.\nSentence: ""A hotel is not a ___."" Completed sentence: A hotel is not a"	machine	-5.62072	▁	['_', 'place', 'business', 'restaurant', 'building']	neg	neg
"Complete the sentence below with only one category word.\nSentence: ""A hotel is not a ___."" Completed sentence: A hotel is not a"	building	-3.1121702	▁building	['_', 'place', 'business', 'restaurant', 'building']	neg	aff
"Complete the sentence below with only one category word.\nSentence: ""A cactus is a ___."" Completed sentence: A cactus is a"	plant	-1.2286787	▁plant	['plant', '_', 'succ', 'desert', 'veget']	aff	aff
"Complete the sentence below with only one category word.\nSentence: ""A cactus is a ___."" Completed sentence: A cactus is a"	fish	-5.797825	▁	['plant', '_', 'succ', 'desert', 'veget']	aff	neg
"Complete the sentence below with only one category word.\nSentence: ""A cactus is not a ___."" Completed sentence: A cactus is not a"	fish	-5.719965	▁	['plant', 'flower', '_', 'veget', 'fruit']	neg	neg
"Complete the sentence below with only one category word.\nSentence: ""A cactus is not a ___."" Completed sentence: A cactus is not a"	plant	-1.6758566	▁plant	['plant', 'flower', '_', 'veget', 'fruit']	neg	aff
"Complete the sentence below with only one category word.\nSentence: ""A bush is a ___."" Completed sentence: A bush is a"	plant	-1.3924751	▁plant	['plant', '_', 'tree', 'shr', 'veget']	aff	aff
"Complete the sentence below with only one category word.\nSentence: ""A bush is a ___."" Completed sentence: A bush is a"	fish	-5.583433	▁	['plant', '_', 'tree', 'shr', 'veget']	aff	neg
"Complete the sentence below with only one category word.\nSentence: ""A bush is not a ___."" Completed sentence: A bush is not a"	fish	-5.6617584	▁	['plant', '_', 'tree', 'flower', 'veget']	neg	neg
"Complete the sentence below with only one category word.\nSentence: ""A bush is not a ___."" Completed sentence: A bush is not a"	plant	-2.2907333	▁plant	['plant', '_', 'tree', 'flower', 'veget']	neg	aff
"Complete the sentence below with only one category word.\nSentence: ""A herb is a ___."" Completed sentence: A herb is a"	plant	-1.3542366	▁plant	['plant', 'veget', '_', 'flower', 'leaf']	aff	aff
"Complete the sentence below with only one category word.\nSentence: ""A herb is a ___."" Completed sentence: A herb is a"	fish	-5.3885574	▁	['plant', 'veget', '_', 'flower', 'leaf']	aff	neg
"Complete the sentence below with only one category word.\nSentence: ""A herb is not a ___."" Completed sentence: A herb is not a"	fish	-5.8487577	▁	['veget', 'plant', 'fruit', 'flower', 'food']	neg	neg
"Complete the sentence below with only one category word.\nSentence: ""A herb is not a ___."" Completed sentence: A herb is not a"	plant	-2.2671232	▁plant	['veget', 'plant', 'fruit', 'flower', 'food']	neg	aff
"Complete the sentence below with only one category word.\nSentence: ""A vine is a ___."" Completed sentence: A vine is a"	plant	-1.1797094	▁plant	['plant', '_', 'veget', 'clim', 'fruit']	aff	aff
"Complete the sentence below with only one category word.\nSentence: ""A vine is a ___."" Completed sentence: A vine is a"	fish	-6.13237	▁	['plant', '_', 'veget', 'clim', 'fruit']	aff	neg
"Complete the sentence below with only one category word.\nSentence: ""A vine is not a ___."" Completed sentence: A vine is not a"	fish	-5.9791183	▁	['plant', 'fruit', 'veget', 'flower', '_']	neg	neg
"Complete the sentence below with only one category word.\nSentence: ""A vine is not a ___."" Completed sentence: A vine is not a"	plant	-1.8468761	▁plant	['plant', 'fruit', 'veget', 'flower', '_']	neg	aff
"Complete the sentence below with only one category word.\nSentence: ""A lily is a ___."" Completed sentence: A lily is a"	plant	-2.6264715	▁plant	['flower', '_', 'plant', 'F', 'flow']	aff	aff
"Complete the sentence below with only one category word.\nSentence: ""A lily is a ___."" Completed sentence: A lily is a"	person	-5.7392774	▁	['flower', '_', 'plant', 'F', 'flow']	aff	neg
"Complete the sentence below with only one category word.\nSentence: ""A lily is not a ___."" Completed sentence: A lily is not a"	person	-5.7766833	▁	['flower', '_', 'plant', 'veget', 'F']	neg	neg
"Complete the sentence below with only one category word.\nSentence: ""A lily is not a ___."" Completed sentence: A lily is not a"	plant	-2.7796888	▁plant	['flower', '_', 'plant', 'veget', 'F']	neg	aff
"Complete the sentence below with only one category word.\nSentence: ""An airplane is a ___."" Completed sentence: An airplane is a"	vehicle	-1.4102879	▁vehicle	['vehicle', 'machine', 'transport', '_', 'flying']	aff	aff
"Complete the sentence below with only one category word.\nSentence: ""An airplane is a ___."" Completed sentence: An airplane is a"	drink	-6.3942785	▁	['vehicle', 'machine', 'transport', '_', 'flying']	aff	neg
"Complete the sentence below with only one category word.\nSentence: ""An airplane is not a ___."" Completed sentence: An airplane is not a"	drink	-6.1805468	▁	['vehicle', '_', 'bird', 'machine', 'transport']	neg	neg
"Complete the sentence below with only one category word.\nSentence: ""An airplane is not a ___."" Completed sentence: An airplane is not a"	vehicle	-1.9940805	▁vehicle	['vehicle', '_', 'bird', 'machine', 'transport']	neg	aff
"Complete the sentence below with only one category word.\nSentence: ""A phone is a ___."" Completed sentence: A phone is a"	gadget	-4.1341343	▁g	['_', 'communication', 'device', 'tool', 'computer']	aff	aff
"Complete the sentence below with only one category word.\nSentence: ""A phone is a ___."" Completed sentence: A phone is a"	food	-5.99584	▁	['_', 'communication', 'device', 'tool', 'computer']	aff	neg
"Complete the sentence below with only one category word.\nSentence: ""A phone is not a ___."" Completed sentence: A phone is not a"	food	-5.394552	▁food	['_', 'tool', 'computer', 'device', 'phone']	neg	neg
"Complete the sentence below with only one category word.\nSentence: ""A phone is not a ___."" Completed sentence: A phone is not a"	gadget	-3.9059916	▁g	['_', 'tool', 'computer', 'device', 'phone']	neg	aff
"Complete the sentence below with only one category word.\nSentence: ""A turtle is an ___."" Completed sentence: A turtle is an"	animal	-1.1174355	▁animal	['animal', '_', 'am', 're', 'aqu']	aff	aff
"Complete the sentence below with only one category word.\nSentence: ""A turtle is a ___."" Completed sentence: A turtle is a"	toy	-6.254678	▁	['re', '_', 'm', 'verte', 'animal']	aff	neg
"Complete the sentence below with only one category word.\nSentence: ""A turtle is not a ___."" Completed sentence: A turtle is not a"	toy	-6.2610073	▁	['_', 'm', 're', 'bird', 'fish']	neg	neg
"Complete the sentence below with only one category word.\nSentence: ""A turtle is not an ___."" Completed sentence: A turtle is not an"	animal	-0.66980076	▁animal	['animal', '_', 'am', 'aqu', 'insect']	neg	aff
"Complete the sentence below with only one category word.\nSentence: ""A vegetable is a ___."" Completed sentence: A vegetable is a"	food	-2.1254883	▁food	['plant', 'fruit', 'food', '_', 'category']	aff	aff
"Complete the sentence below with only one category word.\nSentence: ""A vegetable is a ___."" Completed sentence: A vegetable is a"	drink	-5.6416397	▁	['plant', 'fruit', 'food', '_', 'category']	aff	neg
"Complete the sentence below with only one category word.\nSentence: ""A vegetable is not a ___."" Completed sentence: A vegetable is not a"	drink	-5.9641333	▁	['fruit', 'food', '_', 'plant', 'meat']	neg	neg
"Complete the sentence below with only one category word.\nSentence: ""A vegetable is not a ___."" Completed sentence: A vegetable is not a"	food	-1.8029308	▁food	['fruit', 'food', '_', 'plant', 'meat']	neg	aff
"Complete the sentence below with only one category word.\nSentence: ""A lark is a ___."" Completed sentence: A lark is a"	bird	-0.6139622	▁bird	['bird', '_', 'song', '(', '...']	aff	aff
"Complete the sentence below with only one category word.\nSentence: ""A lark is a ___."" Completed sentence: A lark is a"	mammal	-5.0519896	▁m	['bird', '_', 'song', '(', '...']	aff	neg
"Complete the sentence below with only one category word.\nSentence: ""A lark is not a ___."" Completed sentence: A lark is not a"	mammal	-4.020509	▁m	['bird', '_', 'song', 'm', 'pet']	neg	neg
"Complete the sentence below with only one category word.\nSentence: ""A lark is not a ___."" Completed sentence: A lark is not a"	bird	-0.84594345	▁bird	['bird', '_', 'song', 'm', 'pet']	neg	aff
"Complete the sentence below with only one category word.\nSentence: ""A thrush is a ___."" Completed sentence: A thrush is a"	bird	-0.7595768	▁bird	['bird', '_', 'song', '(', 'thr']	aff	aff
"Complete the sentence below with only one category word.\nSentence: ""A thrush is a ___."" Completed sentence: A thrush is a"	reptile	-5.779271	▁	['bird', '_', 'song', '(', 'thr']	aff	neg
"Complete the sentence below with only one category word.\nSentence: ""A thrush is not a ___."" Completed sentence: A thrush is not a"	reptile	-6.0480947	▁	['bird', '_', 'song', 'm', 'thr']	neg	neg
"Complete the sentence below with only one category word.\nSentence: ""A thrush is not a ___."" Completed sentence: A thrush is not a"	bird	-0.8881302	▁bird	['bird', '_', 'song', 'm', 'thr']	neg	aff
"Complete the sentence below with only one category word.\nSentence: ""A canary is a ___."" Completed sentence: A canary is a"	bird	-0.76584625	▁bird	['bird', '_', 'pet', 'song', '(']	aff	aff
"Complete the sentence below with only one category word.\nSentence: ""A canary is a ___."" Completed sentence: A canary is a"	mineral	-6.0429907	▁	['bird', '_', 'pet', 'song', '(']	aff	neg
"Complete the sentence below with only one category word.\nSentence: ""A canary is not a ___."" Completed sentence: A canary is not a"	mineral	-6.2639265	▁	['bird', '_', 'pet', 'm', 'song']	neg	neg
"Complete the sentence below with only one category word.\nSentence: ""A canary is not a ___."" Completed sentence: A canary is not a"	bird	-0.83641815	▁bird	['bird', '_', 'pet', 'm', 'song']	neg	aff
"Complete the sentence below with only one category word.\nSentence: ""A human is an ___."" Completed sentence: A human is an"	animal	-0.72636986	▁animal	['animal', '_', 'organ', 'm', '(']	aff	aff
"Complete the sentence below with only one category word.\nSentence: ""A human is a ___."" Completed sentence: A human is a"	mineral	-5.923732	▁	['_', 'm', 'person', 'living', 'animal']	aff	neg
"Complete the sentence below with only one category word.\nSentence: ""A human is not a ___."" Completed sentence: A human is not a"	mineral	-5.9978323	▁	['_', 'animal', 'person', 'm', 'cat']	neg	neg
"Complete the sentence below with only one category word.\nSentence: ""A human is not an ___."" Completed sentence: A human is not an"	animal	-0.52653694	▁animal	['animal', '_', 'object', 'organ', 'in']	neg	aff
"Complete the sentence below with only one category word.\nSentence: ""A chair is a ___."" Completed sentence: A chair is a"	seat	-5.007846	▁seat	['furn', 'piece', '_', 'chair', 'F']	aff	aff
"Complete the sentence below with only one category word.\nSentence: ""A chair is a ___."" Completed sentence: A chair is a"	mammal	-5.7734575	▁	['furn', 'piece', '_', 'chair', 'F']	aff	neg
"Complete the sentence below with only one category word.\nSentence: ""A chair is not a ___."" Completed sentence: A chair is not a"	mammal	-5.649169	▁	['furn', '_', 'chair', 'piece', 'category']	neg	neg
"Complete the sentence below with only one category word.\nSentence: ""A chair is not a ___."" Completed sentence: A chair is not a"	seat	-5.2693443	▁seat	['furn', '_', 'chair', 'piece', 'category']	neg	aff
"Complete the sentence below with only one category word.\nSentence: ""A pine is a ___."" Completed sentence: A pine is a"	tree	-1.0831175	▁tree	['tree', 'con', '_', 'plant', 'cone']	aff	aff
"Complete the sentence below with only one category word.\nSentence: ""A pine is a ___."" Completed sentence: A pine is a"	person	-5.9572163	▁	['tree', 'con', '_', 'plant', 'cone']	aff	neg
"Complete the sentence below with only one category word.\nSentence: ""A pine is not a ___."" Completed sentence: A pine is not a"	person	-5.9035835	▁	['tree', 'fruit', '_', 'plant', 'flower']	neg	neg
"Complete the sentence below with only one category word.\nSentence: ""A pine is not a ___."" Completed sentence: A pine is not a"	tree	-1.7752132	▁tree	['tree', 'fruit', '_', 'plant', 'flower']	neg	aff
"Complete the sentence below with only one category word.\nSentence: ""A potato is a ___."" Completed sentence: A potato is a"	vegetable	-0.54976845	▁veget	['veget', 'fruit', '_', 'food', 'root']	aff	aff
"Complete the sentence below with only one category word.\nSentence: ""A potato is a ___."" Completed sentence: A potato is a"	fruit	-2.1261654	▁fruit	['veget', 'fruit', '_', 'food', 'root']	aff	neg
"Complete the sentence below with only one category word.\nSentence: ""A potato is not a ___."" Completed sentence: A potato is not a"	fruit	-1.7297535	▁fruit	['veget', 'fruit', 'food', '_', 'plant']	neg	neg
"Complete the sentence below with only one category word.\nSentence: ""A potato is not a ___."" Completed sentence: A potato is not a"	vegetable	-0.96350765	▁veget	['veget', 'fruit', 'food', '_', 'plant']	neg	aff
"Complete the sentence below with only one category word.\nSentence: ""A pea is a ___."" Completed sentence: A pea is a"	vegetable	-0.6682224	▁veget	['veget', 'fruit', '_', 'leg', 'plant']	aff	aff
"Complete the sentence below with only one category word.\nSentence: ""A pea is a ___."" Completed sentence: A pea is a"	fruit	-2.360649	▁fruit	['veget', 'fruit', '_', 'leg', 'plant']	aff	neg
"Complete the sentence below with only one category word.\nSentence: ""A pea is not a ___."" Completed sentence: A pea is not a"	fruit	-1.9289417	▁fruit	['veget', 'fruit', '_', 'food', 'plant']	neg	neg
"Complete the sentence below with only one category word.\nSentence: ""A pea is not a ___."" Completed sentence: A pea is not a"	vegetable	-1.0040407	▁veget	['veget', 'fruit', '_', 'food', 'plant']	neg	aff
"Complete the sentence below with only one category word.\nSentence: ""A frog is an ___."" Completed sentence: A frog is an"	amphibian	-0.7913399	▁am	['am', 'animal', '_', 'Am', 'verte']	aff	aff
"Complete the sentence below with only one category word.\nSentence: ""A frog is a ___."" Completed sentence: A frog is a"	reptile	-3.4439535	▁re	['_', 'am', 'verte', 'animal', 'm']	aff	neg
"Complete the sentence below with only one category word.\nSentence: ""A frog is not a ___."" Completed sentence: A frog is not a"	reptile	-3.8914557	▁re	['_', 'm', 'pet', 'cat', 'animal']	neg	neg
"Complete the sentence below with only one category word.\nSentence: ""A frog is not an ___."" Completed sentence: A frog is not an"	amphibian	-1.9709902	▁am	['animal', 'am', '_', 'insect', 'in']	neg	aff
"Complete the sentence below with only one category word.\nSentence: ""A diamond is a ___."" Completed sentence: A diamond is a"	mineral	-3.8313522	▁min	['_', 'pre', 'stone', 'gem', 'j']	aff	aff
"Complete the sentence below with only one category word.\nSentence: ""A diamond is a ___."" Completed sentence: A diamond is a"	toy	-5.4864054	▁	['_', 'pre', 'stone', 'gem', 'j']	aff	neg
"Complete the sentence below with only one category word.\nSentence: ""A diamond is not a ___."" Completed sentence: A diamond is not a"	toy	-5.895134	▁	['_', 'j', 'stone', 'rock', 'gem']	neg	neg
"Complete the sentence below with only one category word.\nSentence: ""A diamond is not a ___."" Completed sentence: A diamond is not a"	mineral	-5.282325	▁min	['_', 'j', 'stone', 'rock', 'gem']	neg	aff
"Complete the sentence below with only one category word.\nSentence: ""A watch is a ___."" Completed sentence: A watch is a"	timepiece	-2.4977493	▁time	['_', 'time', 'clock', 'category', 'tool']	aff	aff
"Complete the sentence below with only one category word.\nSentence: ""A watch is a ___."" Completed sentence: A watch is a"	toy	-5.5102425	▁	['_', 'time', 'clock', 'category', 'tool']	aff	neg
"Complete the sentence below with only one category word.\nSentence: ""A watch is not a ___."" Completed sentence: A watch is not a"	toy	-4.01262	▁to	['_', 'j', 'clock', 'watch', 'category']	neg	neg
"Complete the sentence below with only one category word.\nSentence: ""A watch is not a ___."" Completed sentence: A watch is not a"	timepiece	-3.7118902	▁time	['_', 'j', 'clock', 'watch', 'category']	neg	aff
"Complete the sentence below with only one category word.\nSentence: ""A knife is an ___."" Completed sentence: A knife is an"	utensil	-2.4789333	▁ut	['instrument', 'object', '_', 'ut', 'implement']	aff	aff
"Complete the sentence below with only one category word.\nSentence: ""A knife is a ___."" Completed sentence: A knife is a"	food	-6.191327	▁	['tool', 'weapon', '_', 'cutting', 'kitchen']	aff	neg
"Complete the sentence below with only one category word.\nSentence: ""A knife is not a ___."" Completed sentence: A knife is not a"	food	-4.889048	▁food	['weapon', 'tool', '_', 'ut', 'cutting']	neg	neg
"Complete the sentence below with only one category word.\nSentence: ""A knife is not an ___."" Completed sentence: A knife is not an"	utensil	-2.4709854	▁ut	['instrument', 'object', '_', 'implement', 'ut']	neg	aff
"Complete the sentence below with only one category word.\nSentence: ""A plate is a ___."" Completed sentence: A plate is a"	dish	-2.4929266	▁d	['_', 'ut', 'd', 'flat', 'plate']	aff	aff
"Complete the sentence below with only one category word.\nSentence: ""A plate is a ___."" Completed sentence: A plate is a"	food	-3.6074505	▁food	['_', 'ut', 'd', 'flat', 'plate']	aff	neg
"Complete the sentence below with only one category word.\nSentence: ""A plate is not a ___."" Completed sentence: A plate is not a"	food	-2.859048	▁food	['_', 'ut', 'food', 'd', 'category']	neg	neg
"Complete the sentence below with only one category word.\nSentence: ""A plate is not a ___."" Completed sentence: A plate is not a"	dish	-3.2616653	▁d	['_', 'ut', 'food', 'd', 'category']	neg	aff
"Complete the sentence below with only one category word.\nSentence: ""A cup is a ___."" Completed sentence: A cup is a"	dish	-4.722513	▁d	['container', '_', 'cup', 'ut', 'vessel']	aff	aff
"Complete the sentence below with only one category word.\nSentence: ""A cup is a ___."" Completed sentence: A cup is a"	food	-5.430114	▁food	['container', '_', 'cup', 'ut', 'vessel']	aff	neg
"Complete the sentence below with only one category word.\nSentence: ""A cup is not a ___."" Completed sentence: A cup is not a"	food	-4.0701723	▁food	['_', 'cup', 'container', 'category', 'ut']	neg	neg
"Complete the sentence below with only one category word.\nSentence: ""A cup is not a ___."" Completed sentence: A cup is not a"	dish	-4.6859226	▁d	['_', 'cup', 'container', 'category', 'ut']	neg	aff
"Complete the sentence below with only one category word.\nSentence: ""A zebra is a ___."" Completed sentence: A zebra is a"	mammal	-1.3420124	▁m	['m', '_', 'horse', 'animal', '(']	aff	aff
"Complete the sentence below with only one category word.\nSentence: ""A zebra is a ___."" Completed sentence: A zebra is a"	fish	-5.690563	▁	['m', '_', 'horse', 'animal', '(']	aff	neg
"Complete the sentence below with only one category word.\nSentence: ""A zebra is not a ___."" Completed sentence: A zebra is not a"	fish	-3.7541752	▁fish	['horse', 'm', '_', 'cat', 'animal']	neg	neg
"Complete the sentence below with only one category word.\nSentence: ""A zebra is not a ___."" Completed sentence: A zebra is not a"	mammal	-2.1371632	▁m	['horse', 'm', '_', 'cat', 'animal']	neg	aff
"Complete the sentence below with only one category word.\nSentence: ""A cheetah is a ___."" Completed sentence: A cheetah is a"	mammal	-1.1631298	▁m	['m', '_', 'cat', 'car', 'f']	aff	aff
"Complete the sentence below with only one category word.\nSentence: ""A cheetah is a ___."" Completed sentence: A cheetah is a"	reptile	-6.3580685	▁	['m', '_', 'cat', 'car', 'f']	aff	neg
"Complete the sentence below with only one category word.\nSentence: ""A cheetah is not a ___."" Completed sentence: A cheetah is not a"	reptile	-5.7206583	▁re	['cat', 'm', '_', 'bird', 'car']	neg	neg
"Complete the sentence below with only one category word.\nSentence: ""A cheetah is not a ___."" Completed sentence: A cheetah is not a"	mammal	-1.9186487	▁m	['cat', 'm', '_', 'bird', 'car']	neg	aff
"Complete the sentence below with only one category word.\nSentence: ""A diamond is a ___."" Completed sentence: A diamond is a"	gem	-2.8615417	▁gem	['_', 'pre', 'stone', 'gem', 'j']	aff	aff
"Complete the sentence below with only one category word.\nSentence: ""A diamond is a ___."" Completed sentence: A diamond is a"	place	-5.4864054	▁	['_', 'pre', 'stone', 'gem', 'j']	aff	neg
"Complete the sentence below with only one category word.\nSentence: ""A diamond is not a ___."" Completed sentence: A diamond is not a"	place	-5.895134	▁	['_', 'j', 'stone', 'rock', 'gem']	neg	neg
"Complete the sentence below with only one category word.\nSentence: ""A diamond is not a ___."" Completed sentence: A diamond is not a"	gem	-3.484192	▁gem	['_', 'j', 'stone', 'rock', 'gem']	neg	aff
"Complete the sentence below with only one category word.\nSentence: ""A baseball is a ___."" Completed sentence: A baseball is a"	sport	-2.0253248	▁sport	['_', 'sport', 'ball', 'round', 'game']	aff	aff
"Complete the sentence below with only one category word.\nSentence: ""A baseball is a ___."" Completed sentence: A baseball is a"	toy	-3.3509512	▁to	['_', 'sport', 'ball', 'round', 'game']	aff	neg
"Complete the sentence below with only one category word.\nSentence: ""A baseball is not a ___."" Completed sentence: A baseball is not a"	toy	-3.2543468	▁to	['_', 'sport', 'ball', 'fruit', 'to']	neg	neg
"Complete the sentence below with only one category word.\nSentence: ""A baseball is not a ___."" Completed sentence: A baseball is not a"	sport	-2.7511168	▁sport	['_', 'sport', 'ball', 'fruit', 'to']	neg	aff
"Complete the sentence below with only one category word.\nSentence: ""A lamp is a ___."" Completed sentence: A lamp is a"	lighting	-1.7858877	▁light	['light', '_', 'furn', 'household', 'device']	aff	aff
"Complete the sentence below with only one category word.\nSentence: ""A lamp is a ___."" Completed sentence: A lamp is a"	food	-5.7901735	▁	['light', '_', 'furn', 'household', 'device']	aff	neg
"Complete the sentence below with only one category word.\nSentence: ""A lamp is not a ___."" Completed sentence: A lamp is not a"	food	-5.7913	▁	['_', 'furn', 'light', 'category', 'tool']	neg	neg
"Complete the sentence below with only one category word.\nSentence: ""A lamp is not a ___."" Completed sentence: A lamp is not a"	lighting	-3.0590763	▁light	['_', 'furn', 'light', 'category', 'tool']	neg	aff
"Complete the sentence below with only one category word.\nSentence: ""A lizard is an ___."" Completed sentence: A lizard is an"	animal	-1.2979183	▁animal	['animal', '_', 'am', 're', '(']	aff	aff
"Complete the sentence below with only one category word.\nSentence: ""A lizard is a ___."" Completed sentence: A lizard is a"	mineral	-6.016159	▁	['re', '_', 'verte', 'animal', 'Re']	aff	neg
"Complete the sentence below with only one category word.\nSentence: ""A lizard is not a ___."" Completed sentence: A lizard is not a"	mineral	-6.2878895	▁	['_', 're', 'm', 'animal', 'bird']	neg	neg
"Complete the sentence below with only one category word.\nSentence: ""A lizard is not an ___."" Completed sentence: A lizard is not an"	animal	-0.78935814	▁animal	['animal', '_', 'am', 'insect', 'm']	neg	aff
"Complete the sentence below with only one category word.\nSentence: ""A computer is an ___."" Completed sentence: A computer is an"	electronics	-3.9723797	▁electron	['electronic', '_', 'information', 'elect', 'electron']	aff	aff
"Complete the sentence below with only one category word.\nSentence: ""A computer is a ___."" Completed sentence: A computer is a"	furniture	-5.920019	▁	['_', 'machine', 'tool', 'device', 'computer']	aff	neg
"Complete the sentence below with only one category word.\nSentence: ""A computer is not a ___."" Completed sentence: A computer is not a"	furniture	-5.376154	▁furn	['_', 'tool', 'machine', 'device', 'human']	neg	neg
"Complete the sentence below with only one category word.\nSentence: ""A computer is not an ___."" Completed sentence: A computer is not an"	electronics	-4.6022243	▁electron	['_', 'app', 'electronic', 'object', 'office']	neg	aff
"Complete the sentence below with only one category word.\nSentence: ""A phone is an ___."" Completed sentence: A phone is an"	electronic	-1.0073929	▁electronic	['electronic', '_', 'app', 'electron', 'elect']	aff	aff
"Complete the sentence below with only one category word.\nSentence: ""A phone is a ___."" Completed sentence: A phone is a"	mineral	-5.99584	▁	['_', 'communication', 'device', 'tool', 'computer']	aff	neg
"Complete the sentence below with only one category word.\nSentence: ""A phone is not a ___."" Completed sentence: A phone is not a"	mineral	-6.061099	▁	['_', 'tool', 'computer', 'device', 'phone']	neg	neg
"Complete the sentence below with only one category word.\nSentence: ""A phone is not an ___."" Completed sentence: A phone is not an"	electronic	-2.178689	▁electronic	['app', '_', 'electronic', 'object', 'instrument']	neg	aff
"Complete the sentence below with only one category word.\nSentence: ""A spider is an ___."" Completed sentence: A spider is an"	invertebrate	-2.3371964	▁in	['animal', 'ar', '_', 'insect', 'in']	aff	aff
"Complete the sentence below with only one category word.\nSentence: ""A spider is a ___."" Completed sentence: A spider is a"	vertebrate	-4.3683233	▁verte	['_', 'animal', 'ar', 'insect', 'ara']	aff	neg
"Complete the sentence below with only one category word.\nSentence: ""A spider is not a ___."" Completed sentence: A spider is not a"	vertebrate	-3.8749313	▁verte	['animal', '_', 'insect', 'm', 'pet']	neg	neg
"Complete the sentence below with only one category word.\nSentence: ""A spider is not an ___."" Completed sentence: A spider is not an"	invertebrate	-3.1700401	▁in	['animal', 'insect', '_', 'in', 'ara']	neg	aff
"Complete the sentence below with only one category word.\nSentence: ""A bus is a ___."" Completed sentence: A bus is a"	vehicle	-1.1671257	▁vehicle	['vehicle', '_', 'transport', 'mode', 'public']	aff	aff
"Complete the sentence below with only one category word.\nSentence: ""A bus is a ___."" Completed sentence: A bus is a"	flower	-5.652502	▁	['vehicle', '_', 'transport', 'mode', 'public']	aff	neg
"Complete the sentence below with only one category word.\nSentence: ""A bus is not a ___."" Completed sentence: A bus is not a"	flower	-5.5317755	▁	['vehicle', '_', 'car', 'transport', 'mode']	neg	neg
"Complete the sentence below with only one category word.\nSentence: ""A bus is not a ___."" Completed sentence: A bus is not a"	vehicle	-1.5431814	▁vehicle	['vehicle', '_', 'car', 'transport', 'mode']	neg	aff
"Complete the sentence below with only one category word.\nSentence: ""A drill is a ___."" Completed sentence: A drill is a"	tool	-1.0231733	▁tool	['tool', '_', 'machine', 'hand', 'power']	aff	aff
"Complete the sentence below with only one category word.\nSentence: ""A drill is a ___."" Completed sentence: A drill is a"	vegetable	-6.2741966	▁	['tool', '_', 'machine', 'hand', 'power']	aff	neg
"Complete the sentence below with only one category word.\nSentence: ""A drill is not a ___."" Completed sentence: A drill is not a"	vegetable	-6.2884803	▁	['tool', '_', 'weapon', 'to', 'machine']	neg	neg
"Complete the sentence below with only one category word.\nSentence: ""A drill is not a ___."" Completed sentence: A drill is not a"	tool	-1.5409079	▁tool	['tool', '_', 'weapon', 'to', 'machine']	neg	aff
"Complete the sentence below with only one category word.\nSentence: ""A fir is a ___."" Completed sentence: A fir is a"	tree	-1.2010956	▁tree	['tree', 'con', '_', 'plant', 'cone']	aff	aff
"Complete the sentence below with only one category word.\nSentence: ""A fir is a ___."" Completed sentence: A fir is a"	tool	-5.9219036	▁	['tree', 'con', '_', 'plant', 'cone']	aff	neg
"Complete the sentence below with only one category word.\nSentence: ""A fir is not a ___."" Completed sentence: A fir is not a"	tool	-5.8164988	▁	['tree', '_', 'plant', 'fruit', 'flower']	neg	neg
"Complete the sentence below with only one category word.\nSentence: ""A fir is not a ___."" Completed sentence: A fir is not a"	tree	-1.6950197	▁tree	['tree', '_', 'plant', 'fruit', 'flower']	neg	aff
"Complete the sentence below with only one category word.\nSentence: ""A city is a ___."" Completed sentence: A city is a"	place	-2.0176535	▁place	['_', 'place', 'community', 'city', 'town']	aff	aff
"Complete the sentence below with only one category word.\nSentence: ""A city is a ___."" Completed sentence: A city is a"	thing	-6.170434	▁	['_', 'place', 'community', 'city', 'town']	aff	neg
"Complete the sentence below with only one category word.\nSentence: ""A city is not a ___."" Completed sentence: A city is not a"	thing	-5.3217382	▁thing	['place', '_', 'country', 'community', 'city']	neg	neg
"Complete the sentence below with only one category word.\nSentence: ""A city is not a ___."" Completed sentence: A city is not a"	place	-2.1952257	▁place	['place', '_', 'country', 'community', 'city']	neg	aff
"Complete the sentence below with only one category word.\nSentence: ""A church is a ___."" Completed sentence: A church is a"	building	-1.2748699	▁building	['building', 'place', '_', 'house', '(']	aff	aff
"Complete the sentence below with only one category word.\nSentence: ""A church is a ___."" Completed sentence: A church is a"	toy	-5.7404194	▁	['building', 'place', '_', 'house', '(']	aff	neg
"Complete the sentence below with only one category word.\nSentence: ""A church is not a ___."" Completed sentence: A church is not a"	toy	-5.789482	▁	['building', '_', 'place', 'house', 'temple']	neg	neg
"Complete the sentence below with only one category word.\nSentence: ""A church is not a ___."" Completed sentence: A church is not a"	building	-1.3092175	▁building	['building', '_', 'place', 'house', 'temple']	neg	aff
"Complete the sentence below with only one category word.\nSentence: ""A mall is a ___."" Completed sentence: A mall is a"	building	-3.2752295	▁building	['sho', '_', 'place', 'store', 'building']	aff	aff
"Complete the sentence below with only one category word.\nSentence: ""A mall is a ___."" Completed sentence: A mall is a"	person	-6.33424	▁	['sho', '_', 'place', 'store', 'building']	aff	neg
"Complete the sentence below with only one category word.\nSentence: ""A mall is not a ___."" Completed sentence: A mall is not a"	person	-6.4234285	▁	['place', '_', 'sho', 'store', 'public']	neg	neg
"Complete the sentence below with only one category word.\nSentence: ""A mall is not a ___."" Completed sentence: A mall is not a"	building	-3.8882093	▁building	['place', '_', 'sho', 'store', 'public']	neg	aff
"Complete the sentence below with only one category word.\nSentence: ""A school is an ___."" Completed sentence: A school is an"	institution	-1.2923117	▁institution	['institution', 'educational', '_', 'education', 'organization']	aff	aff
"Complete the sentence below with only one category word.\nSentence: ""A school is a ___."" Completed sentence: A school is a"	person	-6.410719	▁	['place', 'building', '_', 'learning', 'school']	aff	neg
"Complete the sentence below with only one category word.\nSentence: ""A school is not a ___."" Completed sentence: A school is not a"	person	-5.9903994	▁person	['place', 'building', '_', 'school', 'business']	neg	neg
"Complete the sentence below with only one category word.\nSentence: ""A school is not an ___."" Completed sentence: A school is not an"	institution	-1.1561213	▁institution	['institution', '_', 'organization', 'office', 'education']	neg	aff
"Complete the sentence below with only one category word.\nSentence: ""A cat is a ___."" Completed sentence: A cat is a"	feline	-3.8364506	▁f	['m', 'pet', '_', 'cat', 'animal']	aff	aff
"Complete the sentence below with only one category word.\nSentence: ""A cat is a ___."" Completed sentence: A cat is a"	canine	-6.053789	▁	['m', 'pet', '_', 'cat', 'animal']	aff	neg
"Complete the sentence below with only one category word.\nSentence: ""A cat is not a ___."" Completed sentence: A cat is not a"	canine	-6.106556	▁	['pet', '_', 'dog', 'm', 'bird']	neg	neg
"Complete the sentence below with only one category word.\nSentence: ""A cat is not a ___."" Completed sentence: A cat is not a"	feline	-5.2081165	▁f	['pet', '_', 'dog', 'm', 'bird']	neg	aff
"Complete the sentence below with only one category word.\nSentence: ""A dog is a ___."" Completed sentence: A dog is a"	canine	-4.9338856	▁can	['pet', '_', 'm', 'cat', 'animal']	aff	aff
"Complete the sentence below with only one category word.\nSentence: ""A dog is a ___."" Completed sentence: A dog is a"	feline	-5.752469	▁	['pet', '_', 'm', 'cat', 'animal']	aff	neg
"Complete the sentence below with only one category word.\nSentence: ""A dog is not a ___."" Completed sentence: A dog is not a"	feline	-5.912753	▁f	['cat', 'pet', '_', 'm', 'animal']	neg	neg
"Complete the sentence below with only one category word.\nSentence: ""A dog is not a ___."" Completed sentence: A dog is not a"	canine	-6.242218	▁	['cat', 'pet', '_', 'm', 'animal']	neg	aff
"Complete the sentence below with only one category word.\nSentence: ""A crocodile is a ___."" Completed sentence: A crocodile is a"	reptile	-1.0880938	▁re	['re', '_', 'm', 'verte', 'animal']	aff	aff
"Complete the sentence below with only one category word.\nSentence: ""A crocodile is a ___."" Completed sentence: A crocodile is a"	fish	-4.8997965	▁fish	['re', '_', 'm', 'verte', 'animal']	aff	neg
"Complete the sentence below with only one category word.\nSentence: ""A crocodile is not a ___."" Completed sentence: A crocodile is not a"	fish	-2.7561998	▁fish	['m', '_', 'bird', 're', 'fish']	neg	neg
"Complete the sentence below with only one category word.\nSentence: ""A crocodile is not a ___."" Completed sentence: A crocodile is not a"	reptile	-2.65938	▁re	['m', '_', 'bird', 're', 'fish']	neg	aff
"Complete the sentence below with only one category word.\nSentence: ""A book is a ___."" Completed sentence: A book is a"	writing	-5.156189	▁writing	['_', 'book', 'medium', '__', '(']	aff	aff
"Complete the sentence below with only one category word.\nSentence: ""A book is an ___."" Completed sentence: A book is an"	insect	-6.0953503	▁	['object', '_', 'instrument', 'information', 'article']	aff	neg
"Complete the sentence below with only one category word.\nSentence: ""A book is not an ___."" Completed sentence: A book is not an"	insect	-5.938369	▁	['object', '_', 'article', 'instrument', 'entertain']	neg	neg
"Complete the sentence below with only one category word.\nSentence: ""A book is not a ___."" Completed sentence: A book is not a"	writing	-5.847866	▁	['_', 'book', 'category', 'thing', 'friend']	neg	aff
"Complete the sentence below with only one category word.\nSentence: ""A house is a ___."" Completed sentence: A house is a"	structure	-2.9245138	▁structure	['building', '_', 'home', 'place', 'structure']	aff	aff
"Complete the sentence below with only one category word.\nSentence: ""A house is a ___."" Completed sentence: A house is a"	tool	-5.9068108	▁	['building', '_', 'home', 'place', 'structure']	aff	neg
"Complete the sentence below with only one category word.\nSentence: ""A house is not a ___."" Completed sentence: A house is not a"	tool	-5.8516207	▁tool	['home', '_', 'building', 'house', 'place']	neg	neg
"Complete the sentence below with only one category word.\nSentence: ""A house is not a ___."" Completed sentence: A house is not a"	structure	-4.313924	▁structure	['home', '_', 'building', 'house', 'place']	neg	aff
"Complete the sentence below with only one category word.\nSentence: ""A man is a ___."" Completed sentence: A man is a"	mammal	-4.0923405	▁m	['_', 'human', 'person', 'man', '(']	aff	aff
"Complete the sentence below with only one category word.\nSentence: ""A man is a ___."" Completed sentence: A man is a"	reptile	-5.9840274	▁	['_', 'human', 'person', 'man', '(']	aff	neg
"Complete the sentence below with only one category word.\nSentence: ""A man is not a ___."" Completed sentence: A man is not a"	reptile	-6.027218	▁	['_', 'human', 'person', 'man', 'thing']	neg	neg
"Complete the sentence below with only one category word.\nSentence: ""A man is not a ___."" Completed sentence: A man is not a"	mammal	-5.3204565	▁m	['_', 'human', 'person', 'man', 'thing']	neg	aff
"Complete the sentence below with only one category word.\nSentence: ""A woman is a ___."" Completed sentence: A woman is a"	mammal	-5.022867	▁M	['_', 'human', 'person', 'lady', 'woman']	aff	aff
"Complete the sentence below with only one category word.\nSentence: ""A woman is a ___."" Completed sentence: A woman is a"	reptile	-5.8362865	▁	['_', 'human', 'person', 'lady', 'woman']	aff	neg
"Complete the sentence below with only one category word.\nSentence: ""A woman is not a ___."" Completed sentence: A woman is not a"	reptile	-5.8352547	▁	['_', 'person', 'human', 'man', 'thing']	neg	neg
"Complete the sentence below with only one category word.\nSentence: ""A woman is not a ___."" Completed sentence: A woman is not a"	mammal	-5.8352547	▁	['_', 'person', 'human', 'man', 'thing']	neg	aff
"Complete the sentence below with only one category word.\nSentence: ""An elephant is a ___."" Completed sentence: An elephant is a"	mammal	-0.67465305	▁m	['m', '_', 'land', 'M', '(']	aff	aff
"Complete the sentence below with only one category word.\nSentence: ""An elephant is a ___."" Completed sentence: An elephant is a"	reptile	-6.34074	▁	['m', '_', 'land', 'M', '(']	aff	neg
"Complete the sentence below with only one category word.\nSentence: ""An elephant is not a ___."" Completed sentence: An elephant is not a"	reptile	-5.340205	▁re	['m', '_', 'cat', 'bird', 'pet']	neg	neg
"Complete the sentence below with only one category word.\nSentence: ""An elephant is not a ___."" Completed sentence: An elephant is not a"	mammal	-1.9712286	▁m	['m', '_', 'cat', 'bird', 'pet']	neg	aff
"Complete the sentence below with only one category word.\nSentence: ""A balloon is a ___."" Completed sentence: A balloon is a"	toy	-2.1321735	▁to	['_', 'to', 'vehicle', 'TO', 'flying']	aff	aff
"Complete the sentence below with only one category word.\nSentence: ""A balloon is a ___."" Completed sentence: A balloon is a"	building	-5.6707664	▁	['_', 'to', 'vehicle', 'TO', 'flying']	aff	neg
"Complete the sentence below with only one category word.\nSentence: ""A balloon is not a ___."" Completed sentence: A balloon is not a"	building	-5.9179916	▁	['_', 'bird', 'to', 'vehicle', 'category']	neg	neg
"Complete the sentence below with only one category word.\nSentence: ""A balloon is not a ___."" Completed sentence: A balloon is not a"	toy	-3.1433706	▁to	['_', 'bird', 'to', 'vehicle', 'category']	neg	aff
"Complete the sentence below with only one category word.\nSentence: ""A restaurant is a ___."" Completed sentence: A restaurant is a"	building	-3.6657572	▁building	['business', 'place', '_', 'restaurant', 'food']	aff	aff
"Complete the sentence below with only one category word.\nSentence: ""A restaurant is a ___."" Completed sentence: A restaurant is a"	fish	-6.2071753	▁	['business', 'place', '_', 'restaurant', 'food']	aff	neg
"Complete the sentence below with only one category word.\nSentence: ""A restaurant is not a ___."" Completed sentence: A restaurant is not a"	fish	-5.8842297	▁	['place', 'business', '_', 'restaurant', 'food']	neg	neg
"Complete the sentence below with only one category word.\nSentence: ""A restaurant is not a ___."" Completed sentence: A restaurant is not a"	building	-4.064657	▁building	['place', 'business', '_', 'restaurant', 'food']	neg	aff
"Complete the sentence below with only one category word.\nSentence: ""A whale is an ___."" Completed sentence: A whale is an"	animal	-1.0671692	▁animal	['animal', 'm', '_', 'M', 'aqu']	aff	aff
"Complete the sentence below with only one category word.\nSentence: ""A whale is a ___."" Completed sentence: A whale is a"	plant	-6.630617	▁	['m', '_', 'M', 'fish', 'animal']	aff	neg
"Complete the sentence below with only one category word.\nSentence: ""A whale is not a ___."" Completed sentence: A whale is not a"	plant	-6.366601	▁plant	['m', 'fish', '_', 'bird', 'cat']	neg	neg
"Complete the sentence below with only one category word.\nSentence: ""A whale is not an ___."" Completed sentence: A whale is not an"	animal	-0.62722397	▁animal	['animal', '_', 'm', 'aqu', 'am']	neg	aff
"Complete the sentence below with only one category word.\nSentence: ""A manager is a ___."" Completed sentence: A manager is a"	leader	-1.2635365	▁leader	['leader', '_', 'b', 'manager', 'person']	aff	aff
"Complete the sentence below with only one category word.\nSentence: ""A manager is a ___."" Completed sentence: A manager is a"	follower	-6.839301	▁	['leader', '_', 'b', 'manager', 'person']	aff	neg
"Complete the sentence below with only one category word.\nSentence: ""A manager is not a ___."" Completed sentence: A manager is not a"	follower	-6.7749014	▁	['leader', 'b', '_', 'manager', 'super']	neg	neg
"Complete the sentence below with only one category word.\nSentence: ""A manager is not a ___."" Completed sentence: A manager is not a"	leader	-1.9743252	▁leader	['leader', 'b', '_', 'manager', 'super']	neg	aff
"Complete the sentence below with only one category word.\nSentence: ""A garden is a ___."" Completed sentence: A garden is a"	place	-2.2355795	▁place	['_', 'place', 'garden', 'home', 'beautiful']	aff	aff
"Complete the sentence below with only one category word.\nSentence: ""A garden is a ___."" Completed sentence: A garden is a"	thing	-5.0595417	▁thing	['_', 'place', 'garden', 'home', 'beautiful']	aff	neg
"Complete the sentence below with only one category word.\nSentence: ""A garden is not a ___."" Completed sentence: A garden is not a"	thing	-4.5261564	▁thing	['_', 'place', 'flower', 'garden', 'plant']	neg	neg
"Complete the sentence below with only one category word.\nSentence: ""A garden is not a ___."" Completed sentence: A garden is not a"	place	-3.0472765	▁place	['_', 'place', 'flower', 'garden', 'plant']	neg	aff
"Complete the sentence below with only one category word.\nSentence: ""A book is a ___."" Completed sentence: A book is a"	thing	-4.5888004	▁thing	['_', 'book', 'medium', '__', '(']	aff	aff
"Complete the sentence below with only one category word.\nSentence: ""A book is a ___."" Completed sentence: A book is a"	food	-5.636017	▁	['_', 'book', 'medium', '__', '(']	aff	neg
"Complete the sentence below with only one category word.\nSentence: ""A book is not a ___."" Completed sentence: A book is not a"	food	-5.4026814	▁food	['_', 'book', 'category', 'thing', 'friend']	neg	neg
"Complete the sentence below with only one category word.\nSentence: ""A book is not a ___."" Completed sentence: A book is not a"	thing	-3.9352474	▁thing	['_', 'book', 'category', 'thing', 'friend']	neg	aff
"Complete the sentence below with only one category word.\nSentence: ""An ant is an ___."" Completed sentence: An ant is an"	insect	-0.71767426	▁insect	['insect', 'animal', 'in', '_', 'ar']	aff	aff
"Complete the sentence below with only one category word.\nSentence: ""An ant is a ___."" Completed sentence: An ant is a"	mammal	-4.113476	▁m	['insect', '_', 'bug', 'animal', 'in']	aff	neg
"Complete the sentence below with only one category word.\nSentence: ""An ant is not a ___."" Completed sentence: An ant is not a"	mammal	-2.8659878	▁m	['_', 'bird', 'bug', 'm', 'animal']	neg	neg
"Complete the sentence below with only one category word.\nSentence: ""An ant is not an ___."" Completed sentence: An ant is not an"	insect	-1.2343044	▁insect	['animal', 'insect', '_', 'in', 'ant']	neg	aff
"Complete the sentence below with only one category word.\nSentence: ""A saw is a ___."" Completed sentence: A saw is a"	tool	-1.0012398	▁tool	['tool', 'cutting', '_', 'hand', 'wood']	aff	aff
"Complete the sentence below with only one category word.\nSentence: ""A saw is a ___."" Completed sentence: A saw is a"	weapon	-5.9210544	▁weapon	['tool', 'cutting', '_', 'hand', 'wood']	aff	neg
"Complete the sentence below with only one category word.\nSentence: ""A saw is not a ___."" Completed sentence: A saw is not a"	weapon	-4.4065924	▁weapon	['tool', '_', 'n', 'category', 'machine']	neg	neg
"Complete the sentence below with only one category word.\nSentence: ""A saw is not a ___."" Completed sentence: A saw is not a"	tool	-1.2765875	▁tool	['tool', '_', 'n', 'category', 'machine']	neg	aff
"Complete the sentence below with only one category word.\nSentence: ""A zebra is an ___."" Completed sentence: A zebra is an"	animal	-1.194417	▁animal	['animal', '_', 'm', '__', '(']	aff	aff
"Complete the sentence below with only one category word.\nSentence: ""A zebra is a ___."" Completed sentence: A zebra is a"	plant	-5.690563	▁	['m', '_', 'horse', 'animal', '(']	aff	neg
"Complete the sentence below with only one category word.\nSentence: ""A zebra is not a ___."" Completed sentence: A zebra is not a"	plant	-6.116297	▁	['horse', 'm', '_', 'cat', 'animal']	neg	neg
"Complete the sentence below with only one category word.\nSentence: ""A zebra is not an ___."" Completed sentence: A zebra is not an"	animal	-0.7599411	▁animal	['animal', '_', 'm', 'horse', '__']	neg	aff
"Complete the sentence below with only one category word.\nSentence: ""A coin is a ___."" Completed sentence: A coin is a"	currency	-2.2699203	▁currency	['_', 'currency', 'coin', 'metal', 'money']	aff	aff
"Complete the sentence below with only one category word.\nSentence: ""A coin is a ___."" Completed sentence: A coin is a"	card	-5.6232862	▁	['_', 'currency', 'coin', 'metal', 'money']	aff	neg
"Complete the sentence below with only one category word.\nSentence: ""A coin is not a ___."" Completed sentence: A coin is not a"	card	-5.823472	▁	['_', 'currency', 'coin', 'category', 'money']	neg	neg
"Complete the sentence below with only one category word.\nSentence: ""A coin is not a ___."" Completed sentence: A coin is not a"	currency	-2.9298077	▁currency	['_', 'currency', 'coin', 'category', 'money']	neg	aff
"Complete the sentence below with only one category word.\nSentence: ""A hawk is a ___."" Completed sentence: A hawk is a"	bird	-0.91916466	▁bird	['bird', '_', 'ra', '(', 'B']	aff	aff
"Complete the sentence below with only one category word.\nSentence: ""A hawk is a ___."" Completed sentence: A hawk is a"	fish	-6.3538322	▁	['bird', '_', 'ra', '(', 'B']	aff	neg
"Complete the sentence below with only one category word.\nSentence: ""A hawk is not a ___."" Completed sentence: A hawk is not a"	fish	-5.5042305	▁fish	['bird', '_', 'm', 'cat', 'ra']	neg	neg
"Complete the sentence below with only one category word.\nSentence: ""A hawk is not a ___."" Completed sentence: A hawk is not a"	bird	-1.0062628	▁bird	['bird', '_', 'm', 'cat', 'ra']	neg	aff
"Complete the sentence below with only one category word.\nSentence: ""A shark is a ___."" Completed sentence: A shark is a"	fish	-1.265482	▁fish	['fish', 'm', '_', 'verte', 'M']	aff	aff
"Complete the sentence below with only one category word.\nSentence: ""A shark is a ___."" Completed sentence: A shark is a"	mammal	-1.81567	▁m	['fish', 'm', '_', 'verte', 'M']	aff	neg
"Complete the sentence below with only one category word.\nSentence: ""A shark is not a ___."" Completed sentence: A shark is not a"	mammal	-1.6112862	▁m	['fish', 'm', '_', 'cat', 'bird']	neg	neg
"Complete the sentence below with only one category word.\nSentence: ""A shark is not a ___."" Completed sentence: A shark is not a"	fish	-1.4857397	▁fish	['fish', 'm', '_', 'cat', 'bird']	neg	aff
"Complete the sentence below with only one category word.\nSentence: ""A daffodil is a ___."" Completed sentence: A daffodil is a"	flower	-1.0394545	▁flower	['flower', '_', 'plant', 'F', 'bul']	aff	aff
"Complete the sentence below with only one category word.\nSentence: ""A daffodil is a ___."" Completed sentence: A daffodil is a"	tool	-5.5518	▁	['flower', '_', 'plant', 'F', 'bul']	aff	neg
"Complete the sentence below with only one category word.\nSentence: ""A daffodil is not a ___."" Completed sentence: A daffodil is not a"	tool	-5.6403804	▁	['flower', '_', 'plant', 'veget', 'F']	neg	neg
"Complete the sentence below with only one category word.\nSentence: ""A daffodil is not a ___."" Completed sentence: A daffodil is not a"	flower	-1.4620657	▁flower	['flower', '_', 'plant', 'veget', 'F']	neg	aff
"Complete the sentence below with only one category word.\nSentence: ""A pansy is a ___."" Completed sentence: A pansy is a"	flower	-0.8258114	▁flower	['flower', '_', 'plant', 'F', 'veget']	aff	aff
"Complete the sentence below with only one category word.\nSentence: ""A pansy is a ___."" Completed sentence: A pansy is a"	tool	-5.481122	▁	['flower', '_', 'plant', 'F', 'veget']	aff	neg
"Complete the sentence below with only one category word.\nSentence: ""A pansy is not a ___."" Completed sentence: A pansy is not a"	tool	-5.5371556	▁	['flower', '_', 'veget', 'plant', 'F']	neg	neg
"Complete the sentence below with only one category word.\nSentence: ""A pansy is not a ___."" Completed sentence: A pansy is not a"	flower	-1.2279596	▁flower	['flower', '_', 'veget', 'plant', 'F']	neg	aff
"Complete the sentence below with only one category word.\nSentence: ""An elephant is an ___."" Completed sentence: An elephant is an"	animal	-0.86823463	▁animal	['animal', '_', 'm', '(', 'ele']	aff	aff
"Complete the sentence below with only one category word.\nSentence: ""An elephant is a ___."" Completed sentence: An elephant is a"	toy	-6.34074	▁	['m', '_', 'land', 'M', '(']	aff	neg
"Complete the sentence below with only one category word.\nSentence: ""An elephant is not a ___."" Completed sentence: An elephant is not a"	toy	-5.6381617	▁to	['m', '_', 'cat', 'bird', 'pet']	neg	neg
"Complete the sentence below with only one category word.\nSentence: ""An elephant is not an ___."" Completed sentence: An elephant is not an"	animal	-0.54001427	▁animal	['animal', '_', 'insect', 'm', 'am']	neg	aff
"Complete the sentence below with only one category word.\nSentence: ""A lion is a ___."" Completed sentence: A lion is a"	carnivore	-2.8874493	▁car	['m', '_', 'cat', 'car', 'M']	aff	aff
"Complete the sentence below with only one category word.\nSentence: ""A lion is a ___."" Completed sentence: A lion is a"	herbivore	-5.991538	▁	['m', '_', 'cat', 'car', 'M']	aff	neg
"Complete the sentence below with only one category word.\nSentence: ""A lion is not a ___."" Completed sentence: A lion is not a"	herbivore	-6.2098913	▁	['cat', '_', 'm', 'bird', 'animal']	neg	neg
"Complete the sentence below with only one category word.\nSentence: ""A lion is not a ___."" Completed sentence: A lion is not a"	carnivore	-4.4361916	▁car	['cat', '_', 'm', 'bird', 'animal']	neg	aff
"Complete the sentence below with only one category word.\nSentence: ""A gazelle is an ___."" Completed sentence: A gazelle is an"	ungulate	-3.5760622	▁ung	['animal', '_', 'her', 'm', 'ant']	aff	aff
"Complete the sentence below with only one category word.\nSentence: ""A gazelle is a ___."" Completed sentence: A gazelle is a"	predator	-5.8131323	▁	['m', '_', 'her', 'animal', 'quad']	aff	neg
"Complete the sentence below with only one category word.\nSentence: ""A gazelle is not a ___."" Completed sentence: A gazelle is not a"	predator	-4.8555126	▁pred	['m', '_', 'cat', 'bird', 'animal']	neg	neg
"Complete the sentence below with only one category word.\nSentence: ""A gazelle is not an ___."" Completed sentence: A gazelle is not an"	ungulate	-5.1762094	▁ung	['animal', '_', 'her', 'ant', 'm']	neg	aff
"Complete the sentence below with only one category word.\nSentence: ""A cow is a ___."" Completed sentence: A cow is a"	mammal	-1.2864208	▁m	['m', '_', 'animal', 'farm', 'quad']	aff	aff
"Complete the sentence below with only one category word.\nSentence: ""A cow is a ___."" Completed sentence: A cow is a"	reptile	-5.7036753	▁	['m', '_', 'animal', 'farm', 'quad']	aff	neg
"Complete the sentence below with only one category word.\nSentence: ""A cow is not a ___."" Completed sentence: A cow is not a"	reptile	-6.027152	▁	['_', 'pet', 'm', 'cat', 'animal']	neg	neg
"Complete the sentence below with only one category word.\nSentence: ""A cow is not a ___."" Completed sentence: A cow is not a"	mammal	-2.523223	▁m	['_', 'pet', 'm', 'cat', 'animal']	neg	aff
"Complete the sentence below with only one category word.\nSentence: ""A cow is an ___."" Completed sentence: A cow is an"	animal	-0.6233864	▁animal	['animal', '_', 'm', '__', '(']	aff	aff
"Complete the sentence below with only one category word.\nSentence: ""A cow is a ___."" Completed sentence: A cow is a"	plant	-5.7036753	▁	['m', '_', 'animal', 'farm', 'quad']	aff	neg
"Complete the sentence below with only one category word.\nSentence: ""A cow is not a ___."" Completed sentence: A cow is not a"	plant	-5.4437256	▁plant	['_', 'pet', 'm', 'cat', 'animal']	neg	neg
"Complete the sentence below with only one category word.\nSentence: ""A cow is not an ___."" Completed sentence: A cow is not an"	animal	-0.4542408	▁animal	['animal', '_', 'object', 'ele', 'm']	neg	aff
"Complete the sentence below with only one category word.\nSentence: ""A fish is a ___."" Completed sentence: A fish is a"	vertebrate	-2.606308	▁verte	['_', 'pet', 'verte', 'm', 'animal']	aff	aff
"Complete the sentence below with only one category word.\nSentence: ""A fish is an ___."" Completed sentence: A fish is an"	invertebrate	-5.803049	▁in	['animal', '_', 'aqu', 'Animal', '(']	aff	neg
"Complete the sentence below with only one category word.\nSentence: ""A fish is not an ___."" Completed sentence: A fish is not an"	invertebrate	-5.209491	▁in	['animal', '_', 'am', 'object', 'Animal']	neg	neg
"Complete the sentence below with only one category word.\nSentence: ""A fish is not a ___."" Completed sentence: A fish is not a"	vertebrate	-4.5955257	▁verte	['_', 'm', 'pet', 'cat', 'bird']	neg	aff
"Complete the sentence below with only one category word.\nSentence: ""A mosquito is an ___."" Completed sentence: A mosquito is an"	insect	-0.92165756	▁insect	['insect', 'animal', '_', 'in', 'ar']	aff	aff
"Complete the sentence below with only one category word.\nSentence: ""A mosquito is a ___."" Completed sentence: A mosquito is a"	mammal	-3.8940191	▁m	['_', 'insect', 'flying', 'fly', 'bug']	aff	neg
"Complete the sentence below with only one category word.\nSentence: ""A mosquito is not a ___."" Completed sentence: A mosquito is not a"	mammal	-3.3219242	▁m	['_', 'bird', 'bug', 'fly', 'insect']	neg	neg
"Complete the sentence below with only one category word.\nSentence: ""A mosquito is not an ___."" Completed sentence: A mosquito is not an"	insect	-1.0768528	▁insect	['animal', 'insect', '_', 'in', 'In']	neg	aff
"Complete the sentence below with only one category word.\nSentence: ""A cathedral is a ___."" Completed sentence: A cathedral is a"	building	-1.7868366	▁building	['church', 'building', '_', 'place', 'religious']	aff	aff
"Complete the sentence below with only one category word.\nSentence: ""A cathedral is a ___."" Completed sentence: A cathedral is a"	bird	-6.3819056	▁	['church', 'building', '_', 'place', 'religious']	aff	neg
"Complete the sentence below with only one category word.\nSentence: ""A cathedral is not a ___."" Completed sentence: A cathedral is not a"	bird	-6.252266	▁	['building', '_', 'church', 'place', 'temple']	neg	neg
"Complete the sentence below with only one category word.\nSentence: ""A cathedral is not a ___."" Completed sentence: A cathedral is not a"	building	-1.6671553	▁building	['building', '_', 'church', 'place', 'temple']	neg	aff
"Complete the sentence below with only one category word.\nSentence: ""A palace is a ___."" Completed sentence: A palace is a"	building	-1.3199701	▁building	['building', '_', 'palace', 'house', 'castle']	aff	aff
"Complete the sentence below with only one category word.\nSentence: ""A palace is a ___."" Completed sentence: A palace is a"	bird	-6.2269144	▁	['building', '_', 'palace', 'house', 'castle']	aff	neg
"Complete the sentence below with only one category word.\nSentence: ""A palace is not a ___."" Completed sentence: A palace is not a"	bird	-6.167674	▁	['house', 'building', 'home', '_', 'palace']	neg	neg
"Complete the sentence below with only one category word.\nSentence: ""A palace is not a ___."" Completed sentence: A palace is not a"	building	-2.1278105	▁building	['house', 'building', 'home', '_', 'palace']	neg	aff
"Complete the sentence below with only one category word.\nSentence: ""A snake is a ___."" Completed sentence: A snake is a"	creature	-5.2284727	▁creature	['re', '_', 'animal', 'verte', 'm']	aff	aff
"Complete the sentence below with only one category word.\nSentence: ""A snake is a ___."" Completed sentence: A snake is a"	building	-6.357215	▁	['re', '_', 'animal', 'verte', 'm']	aff	neg
"Complete the sentence below with only one category word.\nSentence: ""A snake is not a ___."" Completed sentence: A snake is not a"	building	-6.3650894	▁	['_', 'm', 're', 'animal', 'cat']	neg	neg
"Complete the sentence below with only one category word.\nSentence: ""A snake is not a ___."" Completed sentence: A snake is not a"	creature	-5.0254183	▁creature	['_', 'm', 're', 'animal', 'cat']	neg	aff
"Complete the sentence below with only one category word.\nSentence: ""A human is a ___."" Completed sentence: A human is a"	vertebrate	-3.5704384	▁verte	['_', 'm', 'person', 'living', 'animal']	aff	aff
"Complete the sentence below with only one category word.\nSentence: ""A human is a ___."" Completed sentence: A human is a"	plant	-5.8377104	▁plant	['_', 'm', 'person', 'living', 'animal']	aff	neg
"Complete the sentence below with only one category word.\nSentence: ""A human is not a ___."" Completed sentence: A human is not a"	plant	-4.4417963	▁plant	['_', 'animal', 'person', 'm', 'cat']	neg	neg
"Complete the sentence below with only one category word.\nSentence: ""A human is not a ___."" Completed sentence: A human is not a"	vertebrate	-5.647887	▁verte	['_', 'animal', 'person', 'm', 'cat']	neg	aff
"Complete the sentence below with only one category word.\nSentence: ""A rat is a ___."" Completed sentence: A rat is a"	mammal	-1.3260765	▁m	['m', 'rod', '_', 'pet', 'animal']	aff	aff
"Complete the sentence below with only one category word.\nSentence: ""A rat is a ___."" Completed sentence: A rat is a"	bird	-5.2286167	▁bird	['m', 'rod', '_', 'pet', 'animal']	aff	neg
"Complete the sentence below with only one category word.\nSentence: ""A rat is not a ___."" Completed sentence: A rat is not a"	bird	-3.4310694	▁bird	['pet', 'cat', 'm', '_', 'bird']	neg	neg
"Complete the sentence below with only one category word.\nSentence: ""A rat is not a ___."" Completed sentence: A rat is not a"	mammal	-2.0814266	▁m	['pet', 'cat', 'm', '_', 'bird']	neg	aff
"Complete the sentence below with only one category word.\nSentence: ""A fork is a ___."" Completed sentence: A fork is a"	tool	-2.8073883	▁tool	['ut', '_', 'tool', 'kitchen', 'cut']	aff	aff
"Complete the sentence below with only one category word.\nSentence: ""A fork is a ___."" Completed sentence: A fork is a"	vegetable	-6.080179	▁	['ut', '_', 'tool', 'kitchen', 'cut']	aff	neg
"Complete the sentence below with only one category word.\nSentence: ""A fork is not a ___."" Completed sentence: A fork is not a"	vegetable	-5.12356	▁veget	['ut', 'tool', '_', 'sp', 'cut']	neg	neg
"Complete the sentence below with only one category word.\nSentence: ""A fork is not a ___."" Completed sentence: A fork is not a"	tool	-2.3815012	▁tool	['ut', 'tool', '_', 'sp', 'cut']	neg	aff
"Complete the sentence below with only one category word.\nSentence: ""A napkin is a ___."" Completed sentence: A napkin is a"	cloth	-2.2597637	▁cloth	['_', 'cloth', 'piece', 'paper', 'table']	aff	aff
"Complete the sentence below with only one category word.\nSentence: ""A napkin is a ___."" Completed sentence: A napkin is a"	toy	-3.7596712	▁to	['_', 'cloth', 'piece', 'paper', 'table']	aff	neg
"Complete the sentence below with only one category word.\nSentence: ""A napkin is not a ___."" Completed sentence: A napkin is not a"	toy	-2.9479685	▁to	['_', 'to', 'cloth', 'nap', 'gar']	neg	neg
"Complete the sentence below with only one category word.\nSentence: ""A napkin is not a ___."" Completed sentence: A napkin is not a"	cloth	-3.1293592	▁cloth	['_', 'to', 'cloth', 'nap', 'gar']	neg	aff
"Complete the sentence below with only one category word.\nSentence: ""An airplane is a ___."" Completed sentence: An airplane is a"	machine	-2.192791	▁machine	['vehicle', 'machine', 'transport', '_', 'flying']	aff	aff
"Complete the sentence below with only one category word.\nSentence: ""An airplane is a ___."" Completed sentence: An airplane is a"	bird	-4.0729485	▁bird	['vehicle', 'machine', 'transport', '_', 'flying']	aff	neg
"Complete the sentence below with only one category word.\nSentence: ""An airplane is not a ___."" Completed sentence: An airplane is not a"	bird	-2.551857	▁bird	['vehicle', '_', 'bird', 'machine', 'transport']	neg	neg
"Complete the sentence below with only one category word.\nSentence: ""An airplane is not a ___."" Completed sentence: An airplane is not a"	machine	-3.0412111	▁machine	['vehicle', '_', 'bird', 'machine', 'transport']	neg	aff
"Complete the sentence below with only one category word.\nSentence: ""A cucumber is a ___."" Completed sentence: A cucumber is a"	fruit	-1.391037	▁fruit	['veget', 'fruit', '_', 'plant', 'food']	aff	aff
"Complete the sentence below with only one category word.\nSentence: ""A cucumber is a ___."" Completed sentence: A cucumber is a"	vegetable	-0.8517685	▁veget	['veget', 'fruit', '_', 'plant', 'food']	aff	neg
"Complete the sentence below with only one category word.\nSentence: ""A cucumber is not a ___."" Completed sentence: A cucumber is not a"	vegetable	-1.0435371	▁veget	['veget', 'fruit', '_', 'food', 'f']	neg	neg
"Complete the sentence below with only one category word.\nSentence: ""A cucumber is not a ___."" Completed sentence: A cucumber is not a"	fruit	-1.3242931	▁fruit	['veget', 'fruit', '_', 'food', 'f']	neg	aff
"Complete the sentence below with only one category word.\nSentence: ""A trout is a ___."" Completed sentence: A trout is a"	fish	-0.63881207	▁fish	['fish', '_', 'cold', 'fin', 'verte']	aff	aff
"Complete the sentence below with only one category word.\nSentence: ""A trout is a ___."" Completed sentence: A trout is a"	plant	-5.848727	▁	['fish', '_', 'cold', 'fin', 'verte']	aff	neg
"Complete the sentence below with only one category word.\nSentence: ""A trout is not a ___."" Completed sentence: A trout is not a"	plant	-6.177823	▁	['fish', '_', 'bird', 'cat', 'm']	neg	neg
"Complete the sentence below with only one category word.\nSentence: ""A trout is not a ___."" Completed sentence: A trout is not a"	fish	-1.0058212	▁fish	['fish', '_', 'bird', 'cat', 'm']	neg	aff
"Complete the sentence below with only one category word.\nSentence: ""A rat is an ___."" Completed sentence: A rat is an"	animal	-0.5573158	▁animal	['animal', '_', 'm', 'rod', '(']	aff	aff
"Complete the sentence below with only one category word.\nSentence: ""A rat is a ___."" Completed sentence: A rat is a"	person	-6.464916	▁	['m', 'rod', '_', 'pet', 'animal']	aff	neg
"Complete the sentence below with only one category word.\nSentence: ""A rat is not a ___."" Completed sentence: A rat is not a"	person	-6.086958	▁person	['pet', 'cat', 'm', '_', 'bird']	neg	neg
"Complete the sentence below with only one category word.\nSentence: ""A rat is not an ___."" Completed sentence: A rat is not an"	animal	-0.40721893	▁animal	['animal', '_', 'insect', 'm', 'ele']	neg	aff
"Complete the sentence below with only one category word.\nSentence: ""A chef is a ___."" Completed sentence: A chef is a"	cook	-2.249817	▁cook	['_', 'professional', 'cook', 'chef', 'worker']	aff	aff
"Complete the sentence below with only one category word.\nSentence: ""A chef is a ___."" Completed sentence: A chef is a"	musician	-6.3374834	▁	['_', 'professional', 'cook', 'chef', 'worker']	aff	neg
"Complete the sentence below with only one category word.\nSentence: ""A chef is not a ___."" Completed sentence: A chef is not a"	musician	-5.109602	▁music	['_', 'cook', 'chef', 'professional', 'b']	neg	neg
"Complete the sentence below with only one category word.\nSentence: ""A chef is not a ___."" Completed sentence: A chef is not a"	cook	-2.2940998	▁cook	['_', 'cook', 'chef', 'professional', 'b']	neg	aff
"Complete the sentence below with only one category word.\nSentence: ""A doctor is a ___."" Completed sentence: A doctor is a"	professional	-1.4936428	▁professional	['professional', '_', 'special', 'person', 'profession']	aff	aff
"Complete the sentence below with only one category word.\nSentence: ""A doctor is a ___."" Completed sentence: A doctor is a"	toy	-6.034978	▁	['professional', '_', 'special', 'person', 'profession']	aff	neg
"Complete the sentence below with only one category word.\nSentence: ""A doctor is not a ___."" Completed sentence: A doctor is not a"	toy	-6.1225863	▁	['_', 'professional', 'special', 'doctor', 'person']	neg	neg
"Complete the sentence below with only one category word.\nSentence: ""A doctor is not a ___."" Completed sentence: A doctor is not a"	professional	-2.5247498	▁professional	['_', 'professional', 'special', 'doctor', 'person']	neg	aff
"Complete the sentence below with only one category word.\nSentence: ""A lawyer is an ___."" Completed sentence: A lawyer is an"	attorney	-2.3309078	▁att	['_', 'att', 'expert', 'professional', 'officer']	aff	aff
"Complete the sentence below with only one category word.\nSentence: ""A lawyer is a ___."" Completed sentence: A lawyer is a"	plumber	-6.171137	▁	['professional', '_', 'lawyer', 'person', 'profession']	aff	neg
"Complete the sentence below with only one category word.\nSentence: ""A lawyer is not a ___."" Completed sentence: A lawyer is not a"	plumber	-6.3133287	▁	['_', 'professional', 'doctor', 'lawyer', 'person']	neg	neg
"Complete the sentence below with only one category word.\nSentence: ""A lawyer is not an ___."" Completed sentence: A lawyer is not an"	attorney	-2.6697845	▁att	['_', 'att', 'expert', 'honest', 'employee']	neg	aff
"Complete the sentence below with only one category word.\nSentence: ""A teacher is an ___."" Completed sentence: A teacher is an"	educator	-1.9110622	▁educ	['_', 'educ', 'expert', 'example', 'authority']	aff	aff
"Complete the sentence below with only one category word.\nSentence: ""A teacher is a ___."" Completed sentence: A teacher is a"	cashier	-6.323078	▁	['_', 'professional', 'leader', 'person', 'guide']	aff	neg
"Complete the sentence below with only one category word.\nSentence: ""A teacher is not a ___."" Completed sentence: A teacher is not a"	cashier	-5.803334	▁c	['_', 'b', 'person', 'professional', 'friend']	neg	neg
"Complete the sentence below with only one category word.\nSentence: ""A teacher is not an ___."" Completed sentence: A teacher is not an"	educator	-3.0104256	▁educ	['_', 'employee', 'educ', 'authority', 'expert']	neg	aff
"Complete the sentence below with only one category word.\nSentence: ""A textbook is a ___."" Completed sentence: A textbook is a"	book	-1.4406939	▁book	['book', '_', 'reference', 'tool', '__']	aff	aff
"Complete the sentence below with only one category word.\nSentence: ""A textbook is a ___."" Completed sentence: A textbook is a"	flower	-5.854094	▁	['book', '_', 'reference', 'tool', '__']	aff	neg
"Complete the sentence below with only one category word.\nSentence: ""A textbook is not a ___."" Completed sentence: A textbook is not a"	flower	-6.01229	▁	['book', '_', 'novel', 'dictionary', 'reference']	neg	neg
"Complete the sentence below with only one category word.\nSentence: ""A textbook is not a ___."" Completed sentence: A textbook is not a"	book	-1.7932272	▁book	['book', '_', 'novel', 'dictionary', 'reference']	neg	aff
"Complete the sentence below with only one category word.\nSentence: ""A lotus is a ___."" Completed sentence: A lotus is a"	flower	-0.8023157	▁flower	['flower', 'plant', '_', 'F', 'beautiful']	aff	aff
"Complete the sentence below with only one category word.\nSentence: ""A lotus is an ___."" Completed sentence: A lotus is an"	insect	-4.4395733	▁insect	['_', 'flower', 'aqu', 'animal', 'her']	aff	neg
"Complete the sentence below with only one category word.\nSentence: ""A lotus is not an ___."" Completed sentence: A lotus is not an"	insect	-3.0924559	▁insect	['animal', '_', 'insect', 'object', 'flower']	neg	neg
"Complete the sentence below with only one category word.\nSentence: ""A lotus is not a ___."" Completed sentence: A lotus is not a"	flower	-1.3827047	▁flower	['flower', '_', 'veget', 'plant', 'fruit']	neg	aff
"Complete the sentence below with only one category word.\nSentence: ""A frog is an ___."" Completed sentence: A frog is an"	animal	-1.6530533	▁animal	['am', 'animal', '_', 'Am', 'verte']	aff	aff
"Complete the sentence below with only one category word.\nSentence: ""A frog is a ___."" Completed sentence: A frog is a"	toy	-5.7254286	▁	['_', 'am', 'verte', 'animal', 'm']	aff	neg
"Complete the sentence below with only one category word.\nSentence: ""A frog is not a ___."" Completed sentence: A frog is not a"	toy	-5.294116	▁to	['_', 'm', 'pet', 'cat', 'animal']	neg	neg
"Complete the sentence below with only one category word.\nSentence: ""A frog is not an ___."" Completed sentence: A frog is not an"	animal	-0.69542503	▁animal	['animal', 'am', '_', 'insect', 'in']	neg	aff
"Complete the sentence below with only one category word.\nSentence: ""A petunia is a ___."" Completed sentence: A petunia is a"	flower	-1.0394611	▁flower	['flower', '_', 'plant', 'flow', 'veget']	aff	aff
"Complete the sentence below with only one category word.\nSentence: ""A petunia is a ___."" Completed sentence: A petunia is a"	person	-5.5463057	▁	['flower', '_', 'plant', 'flow', 'veget']	aff	neg
"Complete the sentence below with only one category word.\nSentence: ""A petunia is not a ___."" Completed sentence: A petunia is not a"	person	-5.631247	▁	['flower', 'veget', 'plant', '_', 'fruit']	neg	neg
"Complete the sentence below with only one category word.\nSentence: ""A petunia is not a ___."" Completed sentence: A petunia is not a"	flower	-1.5337105	▁flower	['flower', 'veget', 'plant', '_', 'fruit']	neg	aff
"Complete the sentence below with only one category word.\nSentence: ""A kitchen is a ___."" Completed sentence: A kitchen is a"	room	-1.2591934	▁room	['room', 'place', '_', 'work', 'category']	aff	aff
"Complete the sentence below with only one category word.\nSentence: ""A kitchen is a ___."" Completed sentence: A kitchen is a"	house	-4.347411	▁house	['room', 'place', '_', 'work', 'category']	aff	neg
"Complete the sentence below with only one category word.\nSentence: ""A kitchen is not a ___."" Completed sentence: A kitchen is not a"	house	-4.007104	▁house	['room', 'place', '_', 'd', 'kitchen']	neg	neg
"Complete the sentence below with only one category word.\nSentence: ""A kitchen is not a ___."" Completed sentence: A kitchen is not a"	room	-2.0865936	▁room	['room', 'place', '_', 'd', 'kitchen']	neg	aff
"Complete the sentence below with only one category word.\nSentence: ""A sunflower is a ___."" Completed sentence: A sunflower is a"	flower	-1.6862793	▁flower	['flower', 'plant', '_', 'veget', 'F']	aff	aff
"Complete the sentence below with only one category word.\nSentence: ""A sunflower is a ___."" Completed sentence: A sunflower is a"	fruit	-3.51894	▁F	['flower', 'plant', '_', 'veget', 'F']	aff	neg
"Complete the sentence below with only one category word.\nSentence: ""A sunflower is not a ___."" Completed sentence: A sunflower is not a"	fruit	-3.387988	▁fruit	['flower', 'plant', 'veget', '_', 'fruit']	neg	neg
"Complete the sentence below with only one category word.\nSentence: ""A sunflower is not a ___."" Completed sentence: A sunflower is not a"	flower	-2.2135134	▁flower	['flower', 'plant', 'veget', '_', 'fruit']	neg	aff
"Complete the sentence below with only one category word.\nSentence: ""A blade is a ___."" Completed sentence: A blade is a"	tool	-1.6740551	▁tool	['tool', 'weapon', 'cutting', '_', 'kn']	aff	aff
"Complete the sentence below with only one category word.\nSentence: ""A blade is a ___."" Completed sentence: A blade is a"	building	-6.5467978	▁	['tool', 'weapon', 'cutting', '_', 'kn']	aff	neg
"Complete the sentence below with only one category word.\nSentence: ""A blade is not a ___."" Completed sentence: A blade is not a"	building	-6.604894	▁	['weapon', 'tool', 'kn', '_', 'category']	neg	neg
"Complete the sentence below with only one category word.\nSentence: ""A blade is not a ___."" Completed sentence: A blade is not a"	tool	-2.0068254	▁tool	['weapon', 'tool', 'kn', '_', 'category']	neg	aff
"Complete the sentence below with only one category word.\nSentence: ""A celery is a ___."" Completed sentence: A celery is a"	vegetable	-0.80146027	▁veget	['veget', 'fruit', '_', 'plant', 'food']	aff	aff
"Complete the sentence below with only one category word.\nSentence: ""A celery is a ___."" Completed sentence: A celery is a"	legume	-6.2036934	▁	['veget', 'fruit', '_', 'plant', 'food']	aff	neg
"Complete the sentence below with only one category word.\nSentence: ""A celery is not a ___."" Completed sentence: A celery is not a"	legume	-6.1778193	▁	['veget', 'fruit', '_', 'food', 'plant']	neg	neg
"Complete the sentence below with only one category word.\nSentence: ""A celery is not a ___."" Completed sentence: A celery is not a"	vegetable	-1.2231569	▁veget	['veget', 'fruit', '_', 'food', 'plant']	neg	aff
"Complete the sentence below with only one category word.\nSentence: ""A cherry is a ___."" Completed sentence: A cherry is a"	fruit	-0.4235859	▁fruit	['fruit', '_', 'F', 'ber', 'f']	aff	aff
"Complete the sentence below with only one category word.\nSentence: ""A cherry is a ___."" Completed sentence: A cherry is a"	nut	-6.2345057	▁	['fruit', '_', 'F', 'ber', 'f']	aff	neg
"Complete the sentence below with only one category word.\nSentence: ""A cherry is not a ___."" Completed sentence: A cherry is not a"	nut	-5.8860703	▁	['fruit', 'veget', '_', 'food', 'ber']	neg	neg
"Complete the sentence below with only one category word.\nSentence: ""A cherry is not a ___."" Completed sentence: A cherry is not a"	fruit	-0.9524164	▁fruit	['fruit', 'veget', '_', 'food', 'ber']	neg	aff
"Complete the sentence below with only one category word.\nSentence: ""A peach is a ___."" Completed sentence: A peach is a"	fruit	-0.41201591	▁fruit	['fruit', '_', 'F', 'f', 'veget']	aff	aff
"Complete the sentence below with only one category word.\nSentence: ""A peach is a ___."" Completed sentence: A peach is a"	meat	-6.223589	▁	['fruit', '_', 'F', 'f', 'veget']	aff	neg
"Complete the sentence below with only one category word.\nSentence: ""A peach is not a ___."" Completed sentence: A peach is not a"	meat	-5.9004297	▁	['fruit', '_', 'veget', 'F', 'food']	neg	neg
"Complete the sentence below with only one category word.\nSentence: ""A peach is not a ___."" Completed sentence: A peach is not a"	fruit	-0.844141	▁fruit	['fruit', '_', 'veget', 'F', 'food']	neg	aff
"Complete the sentence below with only one category word.\nSentence: ""A giraffe is a ___."" Completed sentence: A giraffe is a"	mammal	-0.7297945	▁m	['m', '_', 'M', 'animal', 'land']	aff	aff
"Complete the sentence below with only one category word.\nSentence: ""A giraffe is a ___."" Completed sentence: A giraffe is a"	bird	-5.055414	▁bird	['m', '_', 'M', 'animal', 'land']	aff	neg
"Complete the sentence below with only one category word.\nSentence: ""A giraffe is not a ___."" Completed sentence: A giraffe is not a"	bird	-2.3909006	▁bird	['m', '_', 'cat', 'bird', 'animal']	neg	neg
"Complete the sentence below with only one category word.\nSentence: ""A giraffe is not a ___."" Completed sentence: A giraffe is not a"	mammal	-1.5792389	▁m	['m', '_', 'cat', 'bird', 'animal']	neg	aff
"Complete the sentence below with only one category word.\nSentence: ""A leopard is a ___."" Completed sentence: A leopard is a"	mammal	-1.6499434	▁m	['_', 'm', 'cat', 'f', 'car']	aff	aff
"Complete the sentence below with only one category word.\nSentence: ""A leopard is a ___."" Completed sentence: A leopard is a"	reptile	-5.7573214	▁	['_', 'm', 'cat', 'f', 'car']	aff	neg
"Complete the sentence below with only one category word.\nSentence: ""A leopard is not a ___."" Completed sentence: A leopard is not a"	reptile	-5.9335346	▁	['cat', '_', 'm', 'f', 'fish']	neg	neg
"Complete the sentence below with only one category word.\nSentence: ""A leopard is not a ___."" Completed sentence: A leopard is not a"	mammal	-2.5229607	▁m	['cat', '_', 'm', 'f', 'fish']	neg	aff
"Complete the sentence below with only one category word.\nSentence: ""A penguin is a ___."" Completed sentence: A penguin is a"	bird	-0.834898	▁bird	['bird', '_', 'm', 'verte', 'animal']	aff	aff
"Complete the sentence below with only one category word.\nSentence: ""A penguin is a ___."" Completed sentence: A penguin is a"	number	-6.501546	▁	['bird', '_', 'm', 'verte', 'animal']	aff	neg
"Complete the sentence below with only one category word.\nSentence: ""A penguin is not a ___."" Completed sentence: A penguin is not a"	number	-6.6499987	▁	['bird', 'm', '_', 'cat', 'animal']	neg	neg
"Complete the sentence below with only one category word.\nSentence: ""A penguin is not a ___."" Completed sentence: A penguin is not a"	bird	-1.0916882	▁bird	['bird', 'm', '_', 'cat', 'animal']	neg	aff
"Complete the sentence below with only one category word.\nSentence: ""An orange is a ___."" Completed sentence: An orange is a"	fruit	-0.40123367	▁fruit	['fruit', '_', 'veget', 'f', 'F']	aff	aff
"Complete the sentence below with only one category word.\nSentence: ""An orange is a ___."" Completed sentence: An orange is a"	drink	-6.2473106	▁	['fruit', '_', 'veget', 'f', 'F']	aff	neg
"Complete the sentence below with only one category word.\nSentence: ""An orange is not a ___."" Completed sentence: An orange is not a"	drink	-5.9663067	▁	['fruit', 'veget', '_', 'food', 'f']	neg	neg
"Complete the sentence below with only one category word.\nSentence: ""An orange is not a ___."" Completed sentence: An orange is not a"	fruit	-0.93499565	▁fruit	['fruit', 'veget', '_', 'food', 'f']	neg	aff
"Complete the sentence below with only one category word.\nSentence: ""A bike is a ___."" Completed sentence: A bike is a"	vehicle	-1.4268446	▁vehicle	['vehicle', '_', 'transport', 'mode', 'means']	aff	aff
"Complete the sentence below with only one category word.\nSentence: ""A bike is a ___."" Completed sentence: A bike is a"	tree	-5.36007	▁	['vehicle', '_', 'transport', 'mode', 'means']	aff	neg
"Complete the sentence below with only one category word.\nSentence: ""A bike is not a ___."" Completed sentence: A bike is not a"	tree	-5.716527	▁	['vehicle', '_', 'transport', 'car', 'mode']	neg	neg
"Complete the sentence below with only one category word.\nSentence: ""A bike is not a ___."" Completed sentence: A bike is not a"	vehicle	-1.8325748	▁vehicle	['vehicle', '_', 'transport', 'car', 'mode']	neg	aff
"Complete the sentence below with only one category word.\nSentence: ""A turkey is a ___."" Completed sentence: A turkey is a"	bird	-0.82882214	▁bird	['bird', '_', 'f', 'farm', 'animal']	aff	aff
"Complete the sentence below with only one category word.\nSentence: ""A turkey is an ___."" Completed sentence: A turkey is an"	animal	-1.5859566	▁animal	['_', 'animal', 'bird', 'av', 'f']	aff	neg
"Complete the sentence below with only one category word.\nSentence: ""A turkey is not an ___."" Completed sentence: A turkey is not an"	animal	-0.82197094	▁animal	['animal', '_', 'bird', 'app', 'av']	neg	neg
"Complete the sentence below with only one category word.\nSentence: ""A turkey is not a ___."" Completed sentence: A turkey is not a"	bird	-1.0054998	▁bird	['bird', '_', 'm', 'pet', 'f']	neg	aff
"Complete the sentence below with only one category word.\nSentence: ""A dolphin is a ___."" Completed sentence: A dolphin is a"	mammal	-0.7017708	▁m	['m', '_', 'M', 'fish', 'verte']	aff	aff
"Complete the sentence below with only one category word.\nSentence: ""A dolphin is a ___."" Completed sentence: A dolphin is a"	reptile	-6.450056	▁	['m', '_', 'M', 'fish', 'verte']	aff	neg
"Complete the sentence below with only one category word.\nSentence: ""A dolphin is not a ___."" Completed sentence: A dolphin is not a"	reptile	-5.38303	▁re	['m', 'fish', '_', 'bird', 'cat']	neg	neg
"Complete the sentence below with only one category word.\nSentence: ""A dolphin is not a ___."" Completed sentence: A dolphin is not a"	mammal	-1.260787	▁m	['m', 'fish', '_', 'bird', 'cat']	neg	aff
"Complete the sentence below with only one category word.\nSentence: ""A bluebird is a ___."" Completed sentence: A bluebird is a"	bird	-0.8925867	▁bird	['bird', '_', 'song', '(', 'flying']	aff	aff
"Complete the sentence below with only one category word.\nSentence: ""A bluebird is a ___."" Completed sentence: A bluebird is a"	color	-5.8214664	▁	['bird', '_', 'song', '(', 'flying']	aff	neg
"Complete the sentence below with only one category word.\nSentence: ""A bluebird is not a ___."" Completed sentence: A bluebird is not a"	color	-5.7882605	▁color	['bird', '_', 'cat', 'm', 'pet']	neg	neg
"Complete the sentence below with only one category word.\nSentence: ""A bluebird is not a ___."" Completed sentence: A bluebird is not a"	bird	-1.0641136	▁bird	['bird', '_', 'cat', 'm', 'pet']	neg	aff
"Complete the sentence below with only one category word.\nSentence: ""A willow is a ___."" Completed sentence: A willow is a"	tree	-1.0184469	▁tree	['tree', '_', 'plant', 'shr', 'will']	aff	aff
"Complete the sentence below with only one category word.\nSentence: ""A willow is a ___."" Completed sentence: A willow is a"	tool	-5.7517548	▁	['tree', '_', 'plant', 'shr', 'will']	aff	neg
"Complete the sentence below with only one category word.\nSentence: ""A willow is not a ___."" Completed sentence: A willow is not a"	tool	-5.8624706	▁	['tree', '_', 'flower', 'bird', 'leaf']	neg	neg
"Complete the sentence below with only one category word.\nSentence: ""A willow is not a ___."" Completed sentence: A willow is not a"	tree	-1.5720158	▁tree	['tree', '_', 'flower', 'bird', 'leaf']	neg	aff
"Complete the sentence below with only one category word.\nSentence: ""A glass is a ___."" Completed sentence: A glass is a"	container	-1.506649	▁container	['container', '_', 'glass', 'liquid', 'vessel']	aff	aff
"Complete the sentence below with only one category word.\nSentence: ""A glass is a ___."" Completed sentence: A glass is a"	plant	-6.0322638	▁	['container', '_', 'glass', 'liquid', 'vessel']	aff	neg
"Complete the sentence below with only one category word.\nSentence: ""A glass is not a ___."" Completed sentence: A glass is not a"	plant	-5.972356	▁	['_', 'cup', 'container', 'category', 'glass']	neg	neg
"Complete the sentence below with only one category word.\nSentence: ""A glass is not a ___."" Completed sentence: A glass is not a"	container	-3.0566902	▁container	['_', 'cup', 'container', 'category', 'glass']	neg	aff
"Complete the sentence below with only one category word.\nSentence: ""A bear is a ___."" Completed sentence: A bear is a"	mammal	-0.99998	▁m	['m', '_', 'car', 'animal', 'M']	aff	aff
"Complete the sentence below with only one category word.\nSentence: ""A bear is a ___."" Completed sentence: A bear is a"	reptile	-5.763669	▁	['m', '_', 'car', 'animal', 'M']	aff	neg
"Complete the sentence below with only one category word.\nSentence: ""A bear is not a ___."" Completed sentence: A bear is not a"	reptile	-6.086361	▁	['cat', '_', 'm', 'bird', 'animal']	neg	neg
"Complete the sentence below with only one category word.\nSentence: ""A bear is not a ___."" Completed sentence: A bear is not a"	mammal	-2.1444626	▁m	['cat', '_', 'm', 'bird', 'animal']	neg	aff
"Complete the sentence below with only one category word.\nSentence: ""A glider is an ___."" Completed sentence: A glider is an"	aircraft	-1.5931053	▁aircraft	['aircraft', '_', 'air', 'aer', 'vehicle']	aff	aff
"Complete the sentence below with only one category word.\nSentence: ""A glider is a ___."" Completed sentence: A glider is a"	building	-5.680586	▁	['vehicle', '_', 'flying', 'to', 'plane']	aff	neg
"Complete the sentence below with only one category word.\nSentence: ""A glider is not a ___."" Completed sentence: A glider is not a"	building	-5.950589	▁	['vehicle', '_', 'bird', 'plane', 'to']	neg	neg
"Complete the sentence below with only one category word.\nSentence: ""A glider is not an ___."" Completed sentence: A glider is not an"	aircraft	-1.7213383	▁aircraft	['aircraft', 'air', '_', 'aer', 'animal']	neg	aff
"Complete the sentence below with only one category word.\nSentence: ""A helicopter is an ___."" Completed sentence: A helicopter is an"	aircraft	-1.5484695	▁aircraft	['aircraft', '_', 'aer', 'air', 'vehicle']	aff	aff
"Complete the sentence below with only one category word.\nSentence: ""A helicopter is a ___."" Completed sentence: A helicopter is a"	mammal	-6.1798954	▁	['flying', '_', 'vehicle', 'machine', 'transport']	aff	neg
"Complete the sentence below with only one category word.\nSentence: ""A helicopter is not a ___."" Completed sentence: A helicopter is not a"	mammal	-6.042288	▁	['vehicle', '_', 'bird', 'transport', 'plane']	neg	neg
"Complete the sentence below with only one category word.\nSentence: ""A helicopter is not an ___."" Completed sentence: A helicopter is not an"	aircraft	-2.0176811	▁aircraft	['_', 'aircraft', 'air', 'aer', 'animal']	neg	aff
"Complete the sentence below with only one category word.\nSentence: ""A blender is a ___."" Completed sentence: A blender is a"	machine	-3.4997568	▁machine	['kitchen', '_', 'app', 'tool', 'machine']	aff	aff
"Complete the sentence below with only one category word.\nSentence: ""A blender is a ___."" Completed sentence: A blender is a"	toy	-6.0609493	▁	['kitchen', '_', 'app', 'tool', 'machine']	aff	neg
"Complete the sentence below with only one category word.\nSentence: ""A blender is not a ___."" Completed sentence: A blender is not a"	toy	-4.045059	▁to	['_', 'kitchen', 'tool', 'category', 'machine']	neg	neg
"Complete the sentence below with only one category word.\nSentence: ""A blender is not a ___."" Completed sentence: A blender is not a"	machine	-3.5213737	▁machine	['_', 'kitchen', 'tool', 'category', 'machine']	neg	aff
"Complete the sentence below with only one category word.\nSentence: ""A toaster is a ___."" Completed sentence: A toaster is a"	machine	-3.5094166	▁machine	['kitchen', '_', 'app', 'household', 'machine']	aff	aff
"Complete the sentence below with only one category word.\nSentence: ""A toaster is a ___."" Completed sentence: A toaster is a"	food	-5.7032733	▁food	['kitchen', '_', 'app', 'household', 'machine']	aff	neg
"Complete the sentence below with only one category word.\nSentence: ""A toaster is not a ___."" Completed sentence: A toaster is not a"	food	-4.245819	▁food	['kitchen', '_', 'machine', 'app', 'device']	neg	neg
"Complete the sentence below with only one category word.\nSentence: ""A toaster is not a ___."" Completed sentence: A toaster is not a"	machine	-3.1561718	▁machine	['kitchen', '_', 'machine', 'app', 'device']	neg	aff
"Complete the sentence below with only one category word.\nSentence: ""A phone is an ___."" Completed sentence: A phone is an"	appliance	-3.1829891	▁app	['electronic', '_', 'app', 'electron', 'elect']	aff	aff
"Complete the sentence below with only one category word.\nSentence: ""A phone is a ___."" Completed sentence: A phone is a"	mammal	-5.8345804	▁M	['_', 'communication', 'device', 'tool', 'computer']	aff	neg
"Complete the sentence below with only one category word.\nSentence: ""A phone is not a ___."" Completed sentence: A phone is not a"	mammal	-6.061099	▁	['_', 'tool', 'computer', 'device', 'phone']	neg	neg
"Complete the sentence below with only one category word.\nSentence: ""A phone is not an ___."" Completed sentence: A phone is not an"	appliance	-1.7823868	▁app	['app', '_', 'electronic', 'object', 'instrument']	neg	aff
"Complete the sentence below with only one category word.\nSentence: ""A toy is a ___."" Completed sentence: A toy is a"	thing	-3.5036707	▁thing	['_', 'category', 'play', 'to', 'thing']	aff	aff
"Complete the sentence below with only one category word.\nSentence: ""A toy is a ___."" Completed sentence: A toy is a"	bird	-5.5974097	▁	['_', 'category', 'play', 'to', 'thing']	aff	neg
"Complete the sentence below with only one category word.\nSentence: ""A toy is not a ___."" Completed sentence: A toy is not a"	bird	-5.6429424	▁	['_', 'tool', 'to', 'category', 'thing']	neg	neg
"Complete the sentence below with only one category word.\nSentence: ""A toy is not a ___."" Completed sentence: A toy is not a"	thing	-3.706811	▁thing	['_', 'tool', 'to', 'category', 'thing']	neg	aff
"Complete the sentence below with only one category word.\nSentence: ""A novel is a ___."" Completed sentence: A novel is a"	book	-2.0442152	▁book	['_', 'book', 'work', 'story', 'piece']	aff	aff
"Complete the sentence below with only one category word.\nSentence: ""A novel is a ___."" Completed sentence: A novel is a"	film	-5.8166466	▁	['_', 'book', 'work', 'story', 'piece']	aff	neg
"Complete the sentence below with only one category word.\nSentence: ""A novel is not a ___."" Completed sentence: A novel is not a"	film	-5.8574476	▁film	['_', 'book', 'work', 'genre', 'novel']	neg	neg
"Complete the sentence below with only one category word.\nSentence: ""A novel is not a ___."" Completed sentence: A novel is not a"	book	-2.44528	▁book	['_', 'book', 'work', 'genre', 'novel']	neg	aff
"Complete the sentence below with only one category word.\nSentence: ""A drum is an ___."" Completed sentence: A drum is an"	instrument	-0.42634964	▁instrument	['instrument', '_', 'musical', 'per', 'Inst']	aff	aff
"Complete the sentence below with only one category word.\nSentence: ""A drum is a ___."" Completed sentence: A drum is a"	toy	-6.258253	▁	['musical', 'per', '_', 'instrument', 'drum']	aff	neg
"Complete the sentence below with only one category word.\nSentence: ""A drum is not a ___."" Completed sentence: A drum is not a"	toy	-4.5166655	▁to	['musical', '_', 'per', 'drum', 'instrument']	neg	neg
"Complete the sentence below with only one category word.\nSentence: ""A drum is not an ___."" Completed sentence: A drum is not an"	instrument	-0.49868584	▁instrument	['instrument', '_', 'Inst', 'animal', 'musical']	neg	aff
"Complete the sentence below with only one category word.\nSentence: ""A movie is an ___."" Completed sentence: A movie is an"	entertainment	-1.6714382	▁entertain	['art', 'entertain', '_', 'Art', 'activity']	aff	aff
"Complete the sentence below with only one category word.\nSentence: ""A movie is a ___."" Completed sentence: A movie is a"	person	-5.63647	▁	['_', 'film', 'work', 'medium', 'form']	aff	neg
"Complete the sentence below with only one category word.\nSentence: ""A movie is not a ___."" Completed sentence: A movie is not a"	person	-5.6116867	▁	['_', 'book', 'work', 'film', 'movie']	neg	neg
"Complete the sentence below with only one category word.\nSentence: ""A movie is not an ___."" Completed sentence: A movie is not an"	entertainment	-2.2955656	▁entertain	['art', 'entertain', '_', 'experience', 'event']	neg	aff
"Complete the sentence below with only one category word.\nSentence: ""A house is a ___."" Completed sentence: A house is a"	dwelling	-3.542943	▁dwell	['building', '_', 'home', 'place', 'structure']	aff	aff
"Complete the sentence below with only one category word.\nSentence: ""A house is a ___."" Completed sentence: A house is a"	waterway	-5.9068108	▁	['building', '_', 'home', 'place', 'structure']	aff	neg
"Complete the sentence below with only one category word.\nSentence: ""A house is not a ___."" Completed sentence: A house is not a"	waterway	-5.8525896	▁	['home', '_', 'building', 'house', 'place']	neg	neg
"Complete the sentence below with only one category word.\nSentence: ""A house is not a ___."" Completed sentence: A house is not a"	dwelling	-4.470148	▁dwell	['home', '_', 'building', 'house', 'place']	neg	aff
"Complete the sentence below with only one category word.\nSentence: ""A river is a ___."" Completed sentence: A river is a"	waterway	-2.0881538	▁water	['body', '_', 'water', 'stream', 'natural']	aff	aff
"Complete the sentence below with only one category word.\nSentence: ""A river is a ___."" Completed sentence: A river is a"	mountain	-6.0803375	▁	['body', '_', 'water', 'stream', 'natural']	aff	neg
"Complete the sentence below with only one category word.\nSentence: ""A river is not a ___."" Completed sentence: A river is not a"	mountain	-5.342535	▁mountain	['_', 'river', 'body', 'stream', 'water']	neg	neg
"Complete the sentence below with only one category word.\nSentence: ""A river is not a ___."" Completed sentence: A river is not a"	waterway	-3.4476204	▁water	['_', 'river', 'body', 'stream', 'water']	neg	aff
"Complete the sentence below with only one category word.\nSentence: ""A girl is a ___."" Completed sentence: A girl is a"	person	-2.3262463	▁person	['_', 'person', 'human', 'girl', 'lady']	aff	aff
"Complete the sentence below with only one category word.\nSentence: ""A girl is a ___."" Completed sentence: A girl is a"	boy	-5.9241657	▁boy	['_', 'person', 'human', 'girl', 'lady']	aff	neg
"Complete the sentence below with only one category word.\nSentence: ""A girl is not a ___."" Completed sentence: A girl is not a"	boy	-4.274912	▁boy	['_', 'person', 'human', 'girl', 'woman']	neg	neg
"Complete the sentence below with only one category word.\nSentence: ""A girl is not a ___."" Completed sentence: A girl is not a"	person	-2.9830751	▁person	['_', 'person', 'human', 'girl', 'woman']	neg	aff
"Complete the sentence below with only one category word.\nSentence: ""A steak is a ___."" Completed sentence: A steak is a"	food	-1.5436678	▁food	['meat', 'food', '_', 'me', 'red']	aff	aff
"Complete the sentence below with only one category word.\nSentence: ""A steak is a ___."" Completed sentence: A steak is a"	flower	-6.037842	▁F	['meat', 'food', '_', 'me', 'red']	aff	neg
"Complete the sentence below with only one category word.\nSentence: ""A steak is not a ___."" Completed sentence: A steak is not a"	flower	-6.2210464	▁	['food', 'sand', 'meat', 'veget', 'me']	neg	neg
"Complete the sentence below with only one category word.\nSentence: ""A steak is not a ___."" Completed sentence: A steak is not a"	food	-1.9202223	▁food	['food', 'sand', 'meat', 'veget', 'me']	neg	aff
"Complete the sentence below with only one category word.\nSentence: ""A shoe is a ___."" Completed sentence: A shoe is a"	clothing	-2.8823996	▁cl	['_', 'foot', 'cl', 'category', 'sh']	aff	aff
"Complete the sentence below with only one category word.\nSentence: ""A shoe is a ___."" Completed sentence: A shoe is a"	furniture	-5.1369658	▁furn	['_', 'foot', 'cl', 'category', 'sh']	aff	neg
"Complete the sentence below with only one category word.\nSentence: ""A shoe is not a ___."" Completed sentence: A shoe is not a"	furniture	-3.855051	▁furn	['_', 'category', 'foot', 'cl', 'sh']	neg	neg
"Complete the sentence below with only one category word.\nSentence: ""A shoe is not a ___."" Completed sentence: A shoe is not a"	clothing	-3.2922668	▁cl	['_', 'category', 'foot', 'cl', 'sh']	neg	aff
"Complete the sentence below with only one category word.\nSentence: ""A computer is an ___."" Completed sentence: A computer is an"	equipment	-6.1226883	▁equipment	['electronic', '_', 'information', 'elect', 'electron']	aff	aff
"Complete the sentence below with only one category word.\nSentence: ""A computer is a ___."" Completed sentence: A computer is a"	drink	-5.920019	▁	['_', 'machine', 'tool', 'device', 'computer']	aff	neg
"Complete the sentence below with only one category word.\nSentence: ""A computer is not a ___."" Completed sentence: A computer is not a"	drink	-5.934556	▁	['_', 'tool', 'machine', 'device', 'human']	neg	neg
"Complete the sentence below with only one category word.\nSentence: ""A computer is not an ___."" Completed sentence: A computer is not an"	equipment	-5.282428	▁equipment	['_', 'app', 'electronic', 'object', 'office']	neg	aff
"Complete the sentence below with only one category word.\nSentence: ""A mouse is a ___."" Completed sentence: A mouse is a"	rodent	-1.7986717	▁rod	['m', 'rod', '_', 'pet', 'quad']	aff	aff
"Complete the sentence below with only one category word.\nSentence: ""A mouse is a ___."" Completed sentence: A mouse is a"	bird	-5.732044	▁bird	['m', 'rod', '_', 'pet', 'quad']	aff	neg
"Complete the sentence below with only one category word.\nSentence: ""A mouse is not a ___."" Completed sentence: A mouse is not a"	bird	-2.867774	▁bird	['cat', 'pet', '_', 'm', 'bird']	neg	neg
"Complete the sentence below with only one category word.\nSentence: ""A mouse is not a ___."" Completed sentence: A mouse is not a"	rodent	-4.375663	▁rod	['cat', 'pet', '_', 'm', 'bird']	neg	aff
"Complete the sentence below with only one category word.\nSentence: ""A nail is a ___."" Completed sentence: A nail is a"	metal	-2.5569935	▁metal	['tool', '_', 'metal', 'hardware', 'fast']	aff	aff
"Complete the sentence below with only one category word.\nSentence: ""A nail is a ___."" Completed sentence: A nail is a"	paper	-5.7308617	▁	['tool', '_', 'metal', 'hardware', 'fast']	aff	neg
"Complete the sentence below with only one category word.\nSentence: ""A nail is not a ___."" Completed sentence: A nail is not a"	paper	-5.839738	▁	['tool', '_', 'ham', 'n', 'category']	neg	neg
"Complete the sentence below with only one category word.\nSentence: ""A nail is not a ___."" Completed sentence: A nail is not a"	metal	-3.8409033	▁metal	['tool', '_', 'ham', 'n', 'category']	neg	aff
"Complete the sentence below with only one category word.\nSentence: ""A driver is a ___."" Completed sentence: A driver is a"	person	-1.856245	▁person	['person', '_', 'professional', 'vehicle', 'human']	aff	aff
"Complete the sentence below with only one category word.\nSentence: ""A driver is a ___."" Completed sentence: A driver is a"	machine	-4.2981377	▁machine	['person', '_', 'professional', 'vehicle', 'human']	aff	neg
"Complete the sentence below with only one category word.\nSentence: ""A driver is not a ___."" Completed sentence: A driver is not a"	machine	-5.30814	▁machine	['_', 'person', 'professional', 'driver', 'passenger']	neg	neg
"Complete the sentence below with only one category word.\nSentence: ""A driver is not a ___."" Completed sentence: A driver is not a"	person	-2.900836	▁person	['_', 'person', 'professional', 'driver', 'passenger']	neg	aff
"Complete the sentence below with only one category word.\nSentence: ""A lake is a ___."" Completed sentence: A lake is a"	pond	-5.952155	▁p	['body', '_', 'water', 'natural', 'lake']	aff	aff
"Complete the sentence below with only one category word.\nSentence: ""A lake is a ___."" Completed sentence: A lake is a"	mountain	-6.8552065	▁	['body', '_', 'water', 'natural', 'lake']	aff	neg
"Complete the sentence below with only one category word.\nSentence: ""A lake is not a ___."" Completed sentence: A lake is not a"	mountain	-4.5384436	▁mountain	['body', '_', 'place', 'water', 'river']	neg	neg
"Complete the sentence below with only one category word.\nSentence: ""A lake is not a ___."" Completed sentence: A lake is not a"	pond	-4.4224987	▁p	['body', '_', 'place', 'water', 'river']	neg	aff
"Complete the sentence below with only one category word.\nSentence: ""A duck is an ___."" Completed sentence: A duck is an"	animal	-1.0567303	▁animal	['animal', '_', 'bird', 'am', 'water']	aff	aff
"Complete the sentence below with only one category word.\nSentence: ""A duck is a ___."" Completed sentence: A duck is a"	fruit	-5.9356365	▁F	['bird', '_', 'water', 'm', 'animal']	aff	neg
"Complete the sentence below with only one category word.\nSentence: ""A duck is not a ___."" Completed sentence: A duck is not a"	fruit	-6.3363867	▁	['bird', '_', 'm', 'animal', 'cat']	neg	neg
"Complete the sentence below with only one category word.\nSentence: ""A duck is not an ___."" Completed sentence: A duck is not an"	animal	-0.5832062	▁animal	['animal', '_', 'bird', 'o', 'am']	neg	aff
"Complete the sentence below with only one category word.\nSentence: ""A mackerel is a ___."" Completed sentence: A mackerel is a"	fish	-0.5142269	▁fish	['fish', '_', 'fin', 'food', 'type']	aff	aff
"Complete the sentence below with only one category word.\nSentence: ""A mackerel is a ___."" Completed sentence: A mackerel is a"	bird	-5.3119125	▁bird	['fish', '_', 'fin', 'food', 'type']	aff	neg
"Complete the sentence below with only one category word.\nSentence: ""A mackerel is not a ___."" Completed sentence: A mackerel is not a"	bird	-3.123002	▁bird	['fish', '_', 'bird', 'cat', 'm']	neg	neg
"Complete the sentence below with only one category word.\nSentence: ""A mackerel is not a ___."" Completed sentence: A mackerel is not a"	fish	-0.88968563	▁fish	['fish', '_', 'bird', 'cat', 'm']	neg	aff
"Complete the sentence below with only one category word.\nSentence: ""A vase is a ___."" Completed sentence: A vase is a"	decoration	-4.282233	▁decor	['_', 'container', 'category', 'vessel', 'piece']	aff	aff
"Complete the sentence below with only one category word.\nSentence: ""A vase is a ___."" Completed sentence: A vase is a"	tool	-5.804879	▁tool	['_', 'container', 'category', 'vessel', 'piece']	aff	neg
"Complete the sentence below with only one category word.\nSentence: ""A vase is not a ___."" Completed sentence: A vase is not a"	tool	-3.8037405	▁tool	['_', 'category', 'furn', 'container', 'cup']	neg	neg
"Complete the sentence below with only one category word.\nSentence: ""A vase is not a ___."" Completed sentence: A vase is not a"	decoration	-5.082303	▁decor	['_', 'category', 'furn', 'container', 'cup']	neg	aff
"Complete the sentence below with only one category word.\nSentence: ""A cat is a ___."" Completed sentence: A cat is a"	carnivore	-4.655019	▁car	['m', 'pet', '_', 'cat', 'animal']	aff	aff
"Complete the sentence below with only one category word.\nSentence: ""A cat is a ___."" Completed sentence: A cat is a"	herbivore	-6.053789	▁	['m', 'pet', '_', 'cat', 'animal']	aff	neg
"Complete the sentence below with only one category word.\nSentence: ""A cat is not a ___."" Completed sentence: A cat is not a"	herbivore	-6.106556	▁	['pet', '_', 'dog', 'm', 'bird']	neg	neg
"Complete the sentence below with only one category word.\nSentence: ""A cat is not a ___."" Completed sentence: A cat is not a"	carnivore	-4.977931	▁car	['pet', '_', 'dog', 'm', 'bird']	neg	aff
"Complete the sentence below with only one category word.\nSentence: ""A school is a ___."" Completed sentence: A school is a"	place	-1.3379755	▁place	['place', 'building', '_', 'learning', 'school']	aff	aff
"Complete the sentence below with only one category word.\nSentence: ""A school is a ___."" Completed sentence: A school is a"	device	-6.410719	▁	['place', 'building', '_', 'learning', 'school']	aff	neg
"Complete the sentence below with only one category word.\nSentence: ""A school is not a ___."" Completed sentence: A school is not a"	device	-6.2179527	▁	['place', 'building', '_', 'school', 'business']	neg	neg
"Complete the sentence below with only one category word.\nSentence: ""A school is not a ___."" Completed sentence: A school is not a"	place	-1.7598858	▁place	['place', 'building', '_', 'school', 'business']	neg	aff
"Complete the sentence below with only one category word.\nSentence: ""A python is a ___."" Completed sentence: A python is a"	snake	-1.7925825	▁s	['_', 're', 's', 'm', 'animal']	aff	aff
"Complete the sentence below with only one category word.\nSentence: ""A python is a ___."" Completed sentence: A python is a"	mammal	-2.3851357	▁m	['_', 're', 's', 'm', 'animal']	aff	neg
"Complete the sentence below with only one category word.\nSentence: ""A python is not a ___."" Completed sentence: A python is not a"	mammal	-1.8970861	▁m	['m', '_', 'cat', 're', 's']	neg	neg
"Complete the sentence below with only one category word.\nSentence: ""A python is not a ___."" Completed sentence: A python is not a"	snake	-2.5585403	▁s	['m', '_', 'cat', 're', 's']	neg	aff
"Complete the sentence below with only one category word.\nSentence: ""A hawk is an ___."" Completed sentence: A hawk is an"	animal	-2.1810837	▁animal	['_', 'bird', 'animal', 'av', '(']	aff	aff
"Complete the sentence below with only one category word.\nSentence: ""A hawk is a ___."" Completed sentence: A hawk is a"	reptile	-6.3538322	▁	['bird', '_', 'ra', '(', 'B']	aff	neg
"Complete the sentence below with only one category word.\nSentence: ""A hawk is not a ___."" Completed sentence: A hawk is not a"	reptile	-5.964737	▁re	['bird', '_', 'm', 'cat', 'ra']	neg	neg
"Complete the sentence below with only one category word.\nSentence: ""A hawk is not an ___."" Completed sentence: A hawk is not an"	animal	-1.2849884	▁animal	['animal', '_', 'bird', 'o', 'e']	neg	aff
"Complete the sentence below with only one category word.\nSentence: ""A beach is a ___."" Completed sentence: A beach is a"	place	-1.7813396	▁place	['place', '_', 'natural', 'beach', 'sand']	aff	aff
"Complete the sentence below with only one category word.\nSentence: ""A beach is an ___."" Completed sentence: A beach is an"	ocean	-3.3030272	▁ocean	['_', 'out', 'environment', 'ocean', 'entertain']	aff	neg
"Complete the sentence below with only one category word.\nSentence: ""A beach is not an ___."" Completed sentence: A beach is not an"	ocean	-4.1394987	▁ocean	['_', 'object', 'activity', 'animal', 'entertain']	neg	neg
"Complete the sentence below with only one category word.\nSentence: ""A beach is not a ___."" Completed sentence: A beach is not a"	place	-2.1989422	▁place	['place', '_', 'beach', 'park', 'vac']	neg	aff
"Complete the sentence below with only one category word.\nSentence: ""A carnation is a ___."" Completed sentence: A carnation is a"	flower	-0.56145287	▁flower	['flower', '_', 'F', 'plant', 'flow']	aff	aff
"Complete the sentence below with only one category word.\nSentence: ""A carnation is a ___."" Completed sentence: A carnation is a"	bee	-5.953218	▁	['flower', '_', 'F', 'plant', 'flow']	aff	neg
"Complete the sentence below with only one category word.\nSentence: ""A carnation is not a ___."" Completed sentence: A carnation is not a"	bee	-5.613032	▁	['flower', '_', 'veget', 'plant', 'F']	neg	neg
"Complete the sentence below with only one category word.\nSentence: ""A carnation is not a ___."" Completed sentence: A carnation is not a"	flower	-1.1692066	▁flower	['flower', '_', 'veget', 'plant', 'F']	neg	aff
"Complete the sentence below with only one category word.\nSentence: ""A shoe is a ___."" Completed sentence: A shoe is a"	footwear	-1.7279463	▁foot	['_', 'foot', 'cl', 'category', 'sh']	aff	aff
"Complete the sentence below with only one category word.\nSentence: ""A shoe is a ___."" Completed sentence: A shoe is a"	tool	-5.134302	▁tool	['_', 'foot', 'cl', 'category', 'sh']	aff	neg
"Complete the sentence below with only one category word.\nSentence: ""A shoe is not a ___."" Completed sentence: A shoe is not a"	tool	-4.083206	▁tool	['_', 'category', 'foot', 'cl', 'sh']	neg	neg
"Complete the sentence below with only one category word.\nSentence: ""A shoe is not a ___."" Completed sentence: A shoe is not a"	footwear	-2.8670073	▁foot	['_', 'category', 'foot', 'cl', 'sh']	neg	aff
"Complete the sentence below with only one category word.\nSentence: ""A sailboat is a ___."" Completed sentence: A sailboat is a"	watercraft	-1.7429132	▁water	['water', '_', 'vessel', 'boat', 'vehicle']	aff	aff
"Complete the sentence below with only one category word.\nSentence: ""A sailboat is a ___."" Completed sentence: A sailboat is a"	building	-6.18649	▁	['water', '_', 'vessel', 'boat', 'vehicle']	aff	neg
"Complete the sentence below with only one category word.\nSentence: ""A sailboat is not a ___."" Completed sentence: A sailboat is not a"	building	-6.0802555	▁	['_', 'vehicle', 'boat', 'water', 'car']	neg	neg
"Complete the sentence below with only one category word.\nSentence: ""A sailboat is not a ___."" Completed sentence: A sailboat is not a"	watercraft	-3.1779823	▁water	['_', 'vehicle', 'boat', 'water', 'car']	neg	aff
"Complete the sentence below with only one category word.\nSentence: ""A clown is a ___."" Completed sentence: A clown is a"	performer	-3.1823387	▁perform	['_', 'person', 'com', 'fun', 'perform']	aff	aff
"Complete the sentence below with only one category word.\nSentence: ""A clown is a ___."" Completed sentence: A clown is a"	doctor	-5.3615046	▁	['_', 'person', 'com', 'fun', 'perform']	aff	neg
"Complete the sentence below with only one category word.\nSentence: ""A clown is not a ___."" Completed sentence: A clown is not a"	doctor	-5.018791	▁doctor	['_', 'person', 'human', 'man', 'fun']	neg	neg
"Complete the sentence below with only one category word.\nSentence: ""A clown is not a ___."" Completed sentence: A clown is not a"	performer	-4.8804007	▁perform	['_', 'person', 'human', 'man', 'fun']	neg	aff
"Complete the sentence below with only one category word.\nSentence: ""A dog is a ___."" Completed sentence: A dog is a"	pet	-1.2127314	▁pet	['pet', '_', 'm', 'cat', 'animal']	aff	aff
"Complete the sentence below with only one category word.\nSentence: ""A dog is a ___."" Completed sentence: A dog is a"	fruit	-5.752469	▁	['pet', '_', 'm', 'cat', 'animal']	aff	neg
"Complete the sentence below with only one category word.\nSentence: ""A dog is not a ___."" Completed sentence: A dog is not a"	fruit	-6.242218	▁	['cat', 'pet', '_', 'm', 'animal']	neg	neg
"Complete the sentence below with only one category word.\nSentence: ""A dog is not a ___."" Completed sentence: A dog is not a"	pet	-1.6389456	▁pet	['cat', 'pet', '_', 'm', 'animal']	neg	aff
"Complete the sentence below with only one category word.\nSentence: ""A plate is an ___."" Completed sentence: A plate is an"	utensil	-1.6055546	▁ut	['object', 'ut', '_', 'e', 'article']	aff	aff
"Complete the sentence below with only one category word.\nSentence: ""A plate is a ___."" Completed sentence: A plate is a"	toy	-5.851754	▁	['_', 'ut', 'd', 'flat', 'plate']	aff	neg
"Complete the sentence below with only one category word.\nSentence: ""A plate is not a ___."" Completed sentence: A plate is not a"	toy	-5.6086607	▁to	['_', 'ut', 'food', 'd', 'category']	neg	neg
"Complete the sentence below with only one category word.\nSentence: ""A plate is not an ___."" Completed sentence: A plate is not an"	utensil	-1.783452	▁ut	['ut', 'object', 'instrument', '_', 'app']	neg	aff
"Complete the sentence below with only one category word.\nSentence: ""A rose is a ___."" Completed sentence: A rose is a"	plant	-3.245101	▁plant	['flower', '_', 'plant', 'F', 'beautiful']	aff	aff
"Complete the sentence below with only one category word.\nSentence: ""A rose is a ___."" Completed sentence: A rose is a"	bird	-5.467286	▁	['flower', '_', 'plant', 'F', 'beautiful']	aff	neg
"Complete the sentence below with only one category word.\nSentence: ""A rose is not a ___."" Completed sentence: A rose is not a"	bird	-4.922824	▁bird	['flower', '_', 'fruit', 'veget', 'plant']	neg	neg
"Complete the sentence below with only one category word.\nSentence: ""A rose is not a ___."" Completed sentence: A rose is not a"	plant	-3.4798107	▁plant	['flower', '_', 'fruit', 'veget', 'plant']	neg	aff
"Complete the sentence below with only one category word.\nSentence: ""A vase is a ___."" Completed sentence: A vase is a"	container	-2.0300827	▁container	['_', 'container', 'category', 'vessel', 'piece']	aff	aff
"Complete the sentence below with only one category word.\nSentence: ""A vase is a ___."" Completed sentence: A vase is a"	bird	-5.8610687	▁	['_', 'container', 'category', 'vessel', 'piece']	aff	neg
"Complete the sentence below with only one category word.\nSentence: ""A vase is not a ___."" Completed sentence: A vase is not a"	bird	-5.8555756	▁	['_', 'category', 'furn', 'container', 'cup']	neg	neg
"Complete the sentence below with only one category word.\nSentence: ""A vase is not a ___."" Completed sentence: A vase is not a"	container	-3.5250645	▁container	['_', 'category', 'furn', 'container', 'cup']	neg	aff
"Complete the sentence below with only one category word.\nSentence: ""A linnet is a ___."" Completed sentence: A linnet is a"	bird	-0.6771736	▁bird	['bird', '_', 'song', '(', 'passer']	aff	aff
"Complete the sentence below with only one category word.\nSentence: ""A linnet is a ___."" Completed sentence: A linnet is a"	flower	-5.769409	▁	['bird', '_', 'song', '(', 'passer']	aff	neg
"Complete the sentence below with only one category word.\nSentence: ""A linnet is not a ___."" Completed sentence: A linnet is not a"	flower	-6.014145	▁	['bird', '_', 'm', 'song', 'pet']	neg	neg
"Complete the sentence below with only one category word.\nSentence: ""A linnet is not a ___."" Completed sentence: A linnet is not a"	bird	-0.8820715	▁bird	['bird', '_', 'm', 'song', 'pet']	neg	aff
"Complete the sentence below with only one category word.\nSentence: ""A wasp is an ___."" Completed sentence: A wasp is an"	insect	-0.45378304	▁insect	['insect', '_', 'animal', 'in', 'ar']	aff	aff
"Complete the sentence below with only one category word.\nSentence: ""A wasp is a ___."" Completed sentence: A wasp is a"	mammal	-5.745373	▁m	['insect', '_', 'flying', 'bug', 'animal']	aff	neg
"Complete the sentence below with only one category word.\nSentence: ""A wasp is not a ___."" Completed sentence: A wasp is not a"	mammal	-4.0854197	▁m	['bug', '_', 'insect', 'bird', 'fly']	neg	neg
"Complete the sentence below with only one category word.\nSentence: ""A wasp is not an ___."" Completed sentence: A wasp is not an"	insect	-0.6535053	▁insect	['insect', 'animal', '_', 'in', 'ant']	neg	aff
"Complete the sentence below with only one category word.\nSentence: ""A jigsaw is a ___."" Completed sentence: A jigsaw is a"	tool	-2.6568756	▁tool	['puzz', 'to', '_', 'tool', 'game']	aff	aff
"Complete the sentence below with only one category word.\nSentence: ""A jigsaw is a ___."" Completed sentence: A jigsaw is a"	toy	-2.2763767	▁to	['puzz', 'to', '_', 'tool', 'game']	aff	neg
"Complete the sentence below with only one category word.\nSentence: ""A jigsaw is not a ___."" Completed sentence: A jigsaw is not a"	toy	-2.3319283	▁to	['puzz', 'to', '_', 'tool', 'game']	neg	neg
"Complete the sentence below with only one category word.\nSentence: ""A jigsaw is not a ___."" Completed sentence: A jigsaw is not a"	tool	-2.7635517	▁tool	['puzz', 'to', '_', 'tool', 'game']	neg	aff
"Complete the sentence below with only one category word.\nSentence: ""A fig is a ___."" Completed sentence: A fig is a"	fruit	-0.39307213	▁fruit	['fruit', '_', 'F', 'veget', 'food']	aff	aff
"Complete the sentence below with only one category word.\nSentence: ""A fig is a ___."" Completed sentence: A fig is a"	chair	-6.3086004	▁	['fruit', '_', 'F', 'veget', 'food']	aff	neg
"Complete the sentence below with only one category word.\nSentence: ""A fig is not a ___."" Completed sentence: A fig is not a"	chair	-5.968526	▁	['fruit', 'veget', '_', 'food', 'F']	neg	neg
"Complete the sentence below with only one category word.\nSentence: ""A fig is not a ___."" Completed sentence: A fig is not a"	fruit	-0.91141033	▁fruit	['fruit', 'veget', '_', 'food', 'F']	neg	aff
"Complete the sentence below with only one category word.\nSentence: ""A sailboat is a ___."" Completed sentence: A sailboat is a"	vessel	-2.2901592	▁vessel	['water', '_', 'vessel', 'boat', 'vehicle']	aff	aff
"Complete the sentence below with only one category word.\nSentence: ""A sailboat is a ___."" Completed sentence: A sailboat is a"	box	-6.18649	▁	['water', '_', 'vessel', 'boat', 'vehicle']	aff	neg
"Complete the sentence below with only one category word.\nSentence: ""A sailboat is not a ___."" Completed sentence: A sailboat is not a"	box	-6.0802555	▁	['_', 'vehicle', 'boat', 'water', 'car']	neg	neg
"Complete the sentence below with only one category word.\nSentence: ""A sailboat is not a ___."" Completed sentence: A sailboat is not a"	vessel	-3.8132095	▁vessel	['_', 'vehicle', 'boat', 'water', 'car']	neg	aff
"Complete the sentence below with only one category word.\nSentence: ""A sword is a ___."" Completed sentence: A sword is a"	weapon	-0.631073	▁weapon	['weapon', '_', 'tool', '(', 'category']	aff	aff
"Complete the sentence below with only one category word.\nSentence: ""A sword is a ___."" Completed sentence: A sword is a"	flower	-6.284585	▁	['weapon', '_', 'tool', '(', 'category']	aff	neg
"Complete the sentence below with only one category word.\nSentence: ""A sword is not a ___."" Completed sentence: A sword is not a"	flower	-6.440555	▁	['weapon', 'tool', '_', 'kn', 'to']	neg	neg
"Complete the sentence below with only one category word.\nSentence: ""A sword is not a ___."" Completed sentence: A sword is not a"	weapon	-1.2807446	▁weapon	['weapon', 'tool', '_', 'kn', 'to']	neg	aff
"Complete the sentence below with only one category word.\nSentence: ""A trumpet is an ___."" Completed sentence: A trumpet is an"	instrument	-0.41823578	▁instrument	['instrument', 'musical', '_', 'Inst', 'br']	aff	aff
"Complete the sentence below with only one category word.\nSentence: ""A trumpet is a ___."" Completed sentence: A trumpet is a"	rock	-6.6631775	▁	['musical', 'br', '_', 'wind', 'instrument']	aff	neg
"Complete the sentence below with only one category word.\nSentence: ""A trumpet is not a ___."" Completed sentence: A trumpet is not a"	rock	-6.2539816	▁	['musical', '_', 'instrument', 'br', 'tool']	neg	neg
"Complete the sentence below with only one category word.\nSentence: ""A trumpet is not an ___."" Completed sentence: A trumpet is not an"	instrument	-0.5467148	▁instrument	['instrument', '_', 'musical', 'Inst', 'animal']	neg	aff
"Complete the sentence below with only one category word.\nSentence: ""A pot is a ___."" Completed sentence: A pot is a"	vessel	-2.864109	▁vessel	['container', '_', 'ut', 'vessel', 'kitchen']	aff	aff
"Complete the sentence below with only one category word.\nSentence: ""A pot is a ___."" Completed sentence: A pot is a"	tool	-4.1244	▁tool	['container', '_', 'ut', 'vessel', 'kitchen']	aff	neg
"Complete the sentence below with only one category word.\nSentence: ""A pot is not a ___."" Completed sentence: A pot is not a"	tool	-3.434184	▁tool	['_', 'ut', 'cup', 'tool', 'pot']	neg	neg
"Complete the sentence below with only one category word.\nSentence: ""A pot is not a ___."" Completed sentence: A pot is not a"	vessel	-4.1533346	▁vessel	['_', 'ut', 'cup', 'tool', 'pot']	neg	aff
"Complete the sentence below with only one category word.\nSentence: ""A tomato is a ___."" Completed sentence: A tomato is a"	fruit	-0.7371979	▁fruit	['fruit', 'veget', '_', 'f', 'plant']	aff	aff
"Complete the sentence below with only one category word.\nSentence: ""A tomato is a ___."" Completed sentence: A tomato is a"	candy	-6.488142	▁	['fruit', 'veget', '_', 'f', 'plant']	aff	neg
"Complete the sentence below with only one category word.\nSentence: ""A tomato is not a ___."" Completed sentence: A tomato is not a"	candy	-6.163661	▁	['fruit', 'veget', '_', 'food', 'f']	neg	neg
"Complete the sentence below with only one category word.\nSentence: ""A tomato is not a ___."" Completed sentence: A tomato is not a"	fruit	-0.97285557	▁fruit	['fruit', 'veget', '_', 'food', 'f']	neg	aff
"Complete the sentence below with only one category word.\nSentence: ""A clock is a ___."" Completed sentence: A clock is a"	timepiece	-2.4566326	▁time	['_', 'time', 'clock', 'device', 'machine']	aff	aff
"Complete the sentence below with only one category word.\nSentence: ""A clock is a ___."" Completed sentence: A clock is a"	fruit	-5.6335855	▁	['_', 'time', 'clock', 'device', 'machine']	aff	neg
"Complete the sentence below with only one category word.\nSentence: ""A clock is not a ___."" Completed sentence: A clock is not a"	fruit	-5.603434	▁	['_', 'clock', 'device', 'time', 'watch']	neg	neg
"Complete the sentence below with only one category word.\nSentence: ""A clock is not a ___."" Completed sentence: A clock is not a"	timepiece	-3.5535316	▁time	['_', 'clock', 'device', 'time', 'watch']	neg	aff
"Complete the sentence below with only one category word.\nSentence: ""An alligator is a ___."" Completed sentence: An alligator is a"	reptile	-0.96308136	▁re	['re', '_', 'm', 'cold', 'verte']	aff	aff
"Complete the sentence below with only one category word.\nSentence: ""An alligator is a ___."" Completed sentence: An alligator is a"	mammal	-2.9813566	▁m	['re', '_', 'm', 'cold', 'verte']	aff	neg
"Complete the sentence below with only one category word.\nSentence: ""An alligator is not a ___."" Completed sentence: An alligator is not a"	mammal	-1.8965235	▁m	['m', '_', 're', 'cat', 'bird']	neg	neg
"Complete the sentence below with only one category word.\nSentence: ""An alligator is not a ___."" Completed sentence: An alligator is not a"	reptile	-2.4181843	▁re	['m', '_', 're', 'cat', 'bird']	neg	aff
"Complete the sentence below with only one category word.\nSentence: ""A strawberry is a ___."" Completed sentence: A strawberry is a"	fruit	-0.40400505	▁fruit	['fruit', '_', 'ber', 'veget', 'F']	aff	aff
"Complete the sentence below with only one category word.\nSentence: ""A strawberry is a ___."" Completed sentence: A strawberry is a"	vegetable	-3.6378832	▁veget	['fruit', '_', 'ber', 'veget', 'F']	aff	neg
"Complete the sentence below with only one category word.\nSentence: ""A strawberry is not a ___."" Completed sentence: A strawberry is not a"	vegetable	-2.0329552	▁veget	['fruit', 'veget', '_', 'food', 'ber']	neg	neg
"Complete the sentence below with only one category word.\nSentence: ""A strawberry is not a ___."" Completed sentence: A strawberry is not a"	fruit	-0.96224976	▁fruit	['fruit', 'veget', '_', 'food', 'ber']	neg	aff
"Complete the sentence below with only one category word.\nSentence: ""A eucalyptus is a ___."" Completed sentence: A eucalyptus is a"	tree	-1.1320219	▁tree	['tree', 'plant', '_', 'flower', 'con']	aff	aff
"Complete the sentence below with only one category word.\nSentence: ""A eucalyptus is a ___."" Completed sentence: A eucalyptus is a"	river	-5.7577343	▁	['tree', 'plant', '_', 'flower', 'con']	aff	neg
"Complete the sentence below with only one category word.\nSentence: ""A eucalyptus is not a ___."" Completed sentence: A eucalyptus is not a"	river	-5.956174	▁	['tree', 'flower', '_', 'plant', 'fruit']	neg	neg
"Complete the sentence below with only one category word.\nSentence: ""A eucalyptus is not a ___."" Completed sentence: A eucalyptus is not a"	tree	-2.0403624	▁tree	['tree', 'flower', '_', 'plant', 'fruit']	neg	aff
"Complete the sentence below with only one category word.\nSentence: ""A pony is an ___."" Completed sentence: A pony is an"	animal	-0.5055027	▁animal	['animal', '_', '__', 'equ', 'horse']	aff	aff
"Complete the sentence below with only one category word.\nSentence: ""A pony is a ___."" Completed sentence: A pony is a"	fruit	-5.327016	▁	['horse', '_', 'pet', '__', 'animal']	aff	neg
"Complete the sentence below with only one category word.\nSentence: ""A pony is not a ___."" Completed sentence: A pony is not a"	fruit	-5.9576883	▁	['horse', 'pet', '_', 'cat', 'dog']	neg	neg
"Complete the sentence below with only one category word.\nSentence: ""A pony is not an ___."" Completed sentence: A pony is not an"	animal	-0.6606655	▁animal	['animal', '_', 'horse', 'equ', 'ele']	neg	aff
"Complete the sentence below with only one category word.\nSentence: ""A puppy is an ___."" Completed sentence: A puppy is an"	animal	-0.48449898	▁animal	"['animal', '_', 'pet', '__', '""']"	aff	aff
"Complete the sentence below with only one category word.\nSentence: ""A puppy is a ___."" Completed sentence: A puppy is a"	human	-5.8978624	▁	['pet', '_', 'dog', 'm', 'animal']	aff	neg
"Complete the sentence below with only one category word.\nSentence: ""A puppy is not a ___."" Completed sentence: A puppy is not a"	human	-4.8599043	▁human	['pet', 'dog', '_', 'cat', 'to']	neg	neg
"Complete the sentence below with only one category word.\nSentence: ""A puppy is not an ___."" Completed sentence: A puppy is not an"	animal	-0.81587696	▁animal	['animal', '_', 'object', 'pet', 'in']	neg	aff
"Complete the sentence below with only one category word.\nSentence: ""A motorcycle is a ___."" Completed sentence: A motorcycle is a"	vehicle	-1.1553993	▁vehicle	['vehicle', '_', 'transport', 'two', 'mode']	aff	aff
"Complete the sentence below with only one category word.\nSentence: ""A motorcycle is an ___."" Completed sentence: A motorcycle is an"	animal	-4.97375	▁	['_', 'vehicle', 'transport', 'autom', '(']	aff	neg
"Complete the sentence below with only one category word.\nSentence: ""A motorcycle is not an ___."" Completed sentence: A motorcycle is not an"	animal	-4.193063	▁animal	['_', 'autom', 'vehicle', 'app', 'transport']	neg	neg
"Complete the sentence below with only one category word.\nSentence: ""A motorcycle is not a ___."" Completed sentence: A motorcycle is not a"	vehicle	-1.5226955	▁vehicle	['vehicle', '_', 'car', 'transport', 'b']	neg	aff
"Complete the sentence below with only one category word.\nSentence: ""A zucchini is a ___."" Completed sentence: A zucchini is a"	vegetable	-0.7259941	▁veget	['veget', 'fruit', '_', 'squ', 'food']	aff	aff
"Complete the sentence below with only one category word.\nSentence: ""A zucchini is a ___."" Completed sentence: A zucchini is a"	fruit	-1.5644674	▁fruit	['veget', 'fruit', '_', 'squ', 'food']	aff	neg
"Complete the sentence below with only one category word.\nSentence: ""A zucchini is not a ___."" Completed sentence: A zucchini is not a"	fruit	-1.6342945	▁fruit	['veget', 'fruit', '_', 'food', 'category']	neg	neg
"Complete the sentence below with only one category word.\nSentence: ""A zucchini is not a ___."" Completed sentence: A zucchini is not a"	vegetable	-0.8317356	▁veget	['veget', 'fruit', '_', 'food', 'category']	neg	aff
"Complete the sentence below with only one category word.\nSentence: ""A lion is an ___."" Completed sentence: A lion is an"	animal	-0.9780083	▁animal	['animal', '_', 'm', 'cat', '(']	aff	aff
"Complete the sentence below with only one category word.\nSentence: ""A lion is a ___."" Completed sentence: A lion is a"	bird	-5.991538	▁	['m', '_', 'cat', 'car', 'M']	aff	neg
"Complete the sentence below with only one category word.\nSentence: ""A lion is not a ___."" Completed sentence: A lion is not a"	bird	-2.7897644	▁bird	['cat', '_', 'm', 'bird', 'animal']	neg	neg
"Complete the sentence below with only one category word.\nSentence: ""A lion is not an ___."" Completed sentence: A lion is not an"	animal	-0.6916065	▁animal	['animal', '_', 'm', '__', 'cat']	neg	aff
"Complete the sentence below with only one category word.\nSentence: ""A hat is a ___."" Completed sentence: A hat is a"	clothing	-2.0836859	▁cl	['_', 'cl', 'head', 'piece', 'gar']	aff	aff
"Complete the sentence below with only one category word.\nSentence: ""A hat is a ___."" Completed sentence: A hat is a"	furniture	-4.937586	▁F	['_', 'cl', 'head', 'piece', 'gar']	aff	neg
"Complete the sentence below with only one category word.\nSentence: ""A hat is not a ___."" Completed sentence: A hat is not a"	furniture	-4.812112	▁furn	['_', 'cl', 'category', 'hat', 'head']	neg	neg
"Complete the sentence below with only one category word.\nSentence: ""A hat is not a ___."" Completed sentence: A hat is not a"	clothing	-2.6010427	▁cl	['_', 'cl', 'category', 'hat', 'head']	neg	aff
"Complete the sentence below with only one category word.\nSentence: ""A glass is a ___."" Completed sentence: A glass is a"	material	-6.008194	▁material	['container', '_', 'glass', 'liquid', 'vessel']	aff	aff
"Complete the sentence below with only one category word.\nSentence: ""A glass is a ___."" Completed sentence: A glass is a"	man	-6.0322638	▁	['container', '_', 'glass', 'liquid', 'vessel']	aff	neg
"Complete the sentence below with only one category word.\nSentence: ""A glass is not a ___."" Completed sentence: A glass is not a"	man	-5.972356	▁	['_', 'cup', 'container', 'category', 'glass']	neg	neg
"Complete the sentence below with only one category word.\nSentence: ""A glass is not a ___."" Completed sentence: A glass is not a"	material	-5.920785	▁material	['_', 'cup', 'container', 'category', 'glass']	neg	aff
"Complete the sentence below with only one category word.\nSentence: ""A pizza is a ___."" Completed sentence: A pizza is a"	food	-0.87919426	▁food	['food', '_', 'me', 'd', 'sn']	aff	aff
"Complete the sentence below with only one category word.\nSentence: ""A pizza is a ___."" Completed sentence: A pizza is a"	drink	-5.7229195	▁	['food', '_', 'me', 'd', 'sn']	aff	neg
"Complete the sentence below with only one category word.\nSentence: ""A pizza is not a ___."" Completed sentence: A pizza is not a"	drink	-5.3882084	▁drink	['food', 'sand', '_', 'me', 'pie']	neg	neg
"Complete the sentence below with only one category word.\nSentence: ""A pizza is not a ___."" Completed sentence: A pizza is not a"	food	-1.5011292	▁food	['food', 'sand', '_', 'me', 'pie']	neg	aff
"Complete the sentence below with only one category word.\nSentence: ""A game is an ___."" Completed sentence: A game is an"	entertainment	-2.234129	▁entertain	['activity', '_', 'entertain', 'exercise', 'am']	aff	aff
"Complete the sentence below with only one category word.\nSentence: ""A game is a ___."" Completed sentence: A game is a"	person	-6.1867404	▁	['sport', '_', 'game', 'to', 'competition']	aff	neg
"Complete the sentence below with only one category word.\nSentence: ""A game is not a ___."" Completed sentence: A game is not a"	person	-6.113077	▁	['sport', '_', 'to', 'game', 'h']	neg	neg
"Complete the sentence below with only one category word.\nSentence: ""A game is not an ___."" Completed sentence: A game is not an"	entertainment	-2.2530107	▁entertain	['activity', 'entertain', 'art', '_', 'event']	neg	aff
"Complete the sentence below with only one category word.\nSentence: ""A leopard is an ___."" Completed sentence: A leopard is an"	animal	-1.5388756	▁animal	['_', 'animal', 'm', 'cat', 'f']	aff	aff
"Complete the sentence below with only one category word.\nSentence: ""A leopard is an ___."" Completed sentence: A leopard is an"	amphibian	-5.6737986	▁	['_', 'animal', 'm', 'cat', 'f']	aff	neg
"Complete the sentence below with only one category word.\nSentence: ""A leopard is not an ___."" Completed sentence: A leopard is not an"	amphibian	-4.9065905	▁am	['animal', '_', 'cat', 'm', '__']	neg	neg
"Complete the sentence below with only one category word.\nSentence: ""A leopard is not an ___."" Completed sentence: A leopard is not an"	animal	-1.0434065	▁animal	['animal', '_', 'cat', 'm', '__']	neg	aff
"Complete the sentence below with only one category word.\nSentence: ""A giraffe is an ___."" Completed sentence: A giraffe is an"	animal	-0.9677067	▁animal	['animal', '_', 'm', 'her', 'M']	aff	aff
"Complete the sentence below with only one category word.\nSentence: ""A giraffe is an ___."" Completed sentence: A giraffe is an"	insect	-6.545883	▁	['animal', '_', 'm', 'her', 'M']	aff	neg
"Complete the sentence below with only one category word.\nSentence: ""A giraffe is not an ___."" Completed sentence: A giraffe is not an"	insect	-4.6429462	▁insect	['animal', '_', 'm', 'ele', '__']	neg	neg
"Complete the sentence below with only one category word.\nSentence: ""A giraffe is not an ___."" Completed sentence: A giraffe is not an"	animal	-0.578537	▁animal	['animal', '_', 'm', 'ele', '__']	neg	aff
"Complete the sentence below with only one category word.\nSentence: ""A seal is a ___."" Completed sentence: A seal is a"	mammal	-0.6507149	▁m	['m', '_', 'M', 'marine', 'land']	aff	aff
"Complete the sentence below with only one category word.\nSentence: ""A seal is a ___."" Completed sentence: A seal is a"	bird	-5.053812	▁bird	['m', '_', 'M', 'marine', 'land']	aff	neg
"Complete the sentence below with only one category word.\nSentence: ""A seal is not a ___."" Completed sentence: A seal is not a"	bird	-2.611309	▁bird	['m', '_', 'fish', 'bird', 'cat']	neg	neg
"Complete the sentence below with only one category word.\nSentence: ""A seal is not a ___."" Completed sentence: A seal is not a"	mammal	-1.3268766	▁m	['m', '_', 'fish', 'bird', 'cat']	neg	aff
"Complete the sentence below with only one category word.\nSentence: ""A ruler is a ___."" Completed sentence: A ruler is a"	stationary	-5.892226	▁	['_', 'meas', 'tool', '__', 'category']	aff	aff
"Complete the sentence below with only one category word.\nSentence: ""A ruler is a ___."" Completed sentence: A ruler is a"	toy	-5.892226	▁	['_', 'meas', 'tool', '__', 'category']	aff	neg
"Complete the sentence below with only one category word.\nSentence: ""A ruler is not a ___."" Completed sentence: A ruler is not a"	toy	-5.8007994	▁to	['_', 'tool', 'leader', 'king', 'person']	neg	neg
"Complete the sentence below with only one category word.\nSentence: ""A ruler is not a ___."" Completed sentence: A ruler is not a"	stationary	-6.1803646	▁	['_', 'tool', 'leader', 'king', 'person']	neg	aff
"Complete the sentence below with only one category word.\nSentence: ""A phone is an ___."" Completed sentence: A phone is an"	electronics	-3.4313488	▁electron	['electronic', '_', 'app', 'electron', 'elect']	aff	aff
"Complete the sentence below with only one category word.\nSentence: ""A phone is a ___."" Completed sentence: A phone is a"	toy	-5.9791927	▁to	['_', 'communication', 'device', 'tool', 'computer']	aff	neg
"Complete the sentence below with only one category word.\nSentence: ""A phone is not a ___."" Completed sentence: A phone is not a"	toy	-3.6730356	▁to	['_', 'tool', 'computer', 'device', 'phone']	neg	neg
"Complete the sentence below with only one category word.\nSentence: ""A phone is not an ___."" Completed sentence: A phone is not an"	electronics	-4.1546955	▁electron	['app', '_', 'electronic', 'object', 'instrument']	neg	aff
"Complete the sentence below with only one category word.\nSentence: ""A cat is a ___."" Completed sentence: A cat is a"	predator	-6.053789	▁	['m', 'pet', '_', 'cat', 'animal']	aff	aff
"Complete the sentence below with only one category word.\nSentence: ""A cat is a ___."" Completed sentence: A cat is a"	thing	-6.053789	▁	['m', 'pet', '_', 'cat', 'animal']	aff	neg
"Complete the sentence below with only one category word.\nSentence: ""A cat is not a ___."" Completed sentence: A cat is not a"	thing	-5.5730467	▁thing	['pet', '_', 'dog', 'm', 'bird']	neg	neg
"Complete the sentence below with only one category word.\nSentence: ""A cat is not a ___."" Completed sentence: A cat is not a"	predator	-6.106556	▁	['pet', '_', 'dog', 'm', 'bird']	neg	aff
"Complete the sentence below with only one category word.\nSentence: ""A mineral is a ___."" Completed sentence: A mineral is a"	thing	-5.8226004	▁	['solid', '_', 'rock', 'chemical', 'min']	aff	aff
"Complete the sentence below with only one category word.\nSentence: ""A mineral is an ___."" Completed sentence: A mineral is an"	animal	-5.3292227	▁	['element', '_', 'in', 'organ', 'earth']	aff	neg
"Complete the sentence below with only one category word.\nSentence: ""A mineral is not an ___."" Completed sentence: A mineral is not an"	animal	-2.671564	▁animal	['organ', 'element', '_', 'animal', 'object']	neg	neg
"Complete the sentence below with only one category word.\nSentence: ""A mineral is not a ___."" Completed sentence: A mineral is not a"	thing	-5.8198576	▁	['rock', '_', 'plant', 'liquid', 'veget']	neg	aff
"Complete the sentence below with only one category word.\nSentence: ""A carrot is a ___."" Completed sentence: A carrot is a"	food	-4.2317076	▁food	['veget', 'fruit', '_', 'root', 'plant']	aff	aff
"Complete the sentence below with only one category word.\nSentence: ""A carrot is a ___."" Completed sentence: A carrot is a"	fruit	-2.2869844	▁fruit	['veget', 'fruit', '_', 'root', 'plant']	aff	neg
"Complete the sentence below with only one category word.\nSentence: ""A carrot is not a ___."" Completed sentence: A carrot is not a"	fruit	-1.7150478	▁fruit	['veget', 'fruit', '_', 'food', 'flower']	neg	neg
"Complete the sentence below with only one category word.\nSentence: ""A carrot is not a ___."" Completed sentence: A carrot is not a"	food	-3.3418102	▁food	['veget', 'fruit', '_', 'food', 'flower']	neg	aff
"Complete the sentence below with only one category word.\nSentence: ""An oak is a ___."" Completed sentence: An oak is a"	tree	-0.777771	▁tree	['tree', '_', 'plant', 'hard', '(']	aff	aff
"Complete the sentence below with only one category word.\nSentence: ""An oak is a ___."" Completed sentence: An oak is a"	flower	-4.869918	▁F	['tree', '_', 'plant', 'hard', '(']	aff	neg
"Complete the sentence below with only one category word.\nSentence: ""An oak is not a ___."" Completed sentence: An oak is not a"	flower	-3.6528397	▁flower	['tree', 'fruit', '_', 'plant', 'flower']	neg	neg
"Complete the sentence below with only one category word.\nSentence: ""An oak is not a ___."" Completed sentence: An oak is not a"	tree	-1.8479795	▁tree	['tree', 'fruit', '_', 'plant', 'flower']	neg	aff
"Complete the sentence below with only one category word.\nSentence: ""A beneficiary is a ___."" Completed sentence: A beneficiary is a"	person	-2.1017637	▁person	"['_', 'person', 'benef', '""', 'recip']"	aff	aff
"Complete the sentence below with only one category word.\nSentence: ""A beneficiary is a ___."" Completed sentence: A beneficiary is a"	device	-5.261614	▁	"['_', 'person', 'benef', '""', 'recip']"	aff	neg
"Complete the sentence below with only one category word.\nSentence: ""A beneficiary is not a ___."" Completed sentence: A beneficiary is not a"	device	-5.1789303	▁	['_', 'person', 'benef', 'he', 'recip']	neg	neg
"Complete the sentence below with only one category word.\nSentence: ""A beneficiary is not a ___."" Completed sentence: A beneficiary is not a"	person	-3.0932627	▁person	['_', 'person', 'benef', 'he', 'recip']	neg	aff
"Complete the sentence below with only one category word.\nSentence: ""A doctor is a ___."" Completed sentence: A doctor is a"	human	-4.3909874	▁human	['professional', '_', 'special', 'person', 'profession']	aff	aff
"Complete the sentence below with only one category word.\nSentence: ""A doctor is a ___."" Completed sentence: A doctor is a"	machine	-6.034978	▁	['professional', '_', 'special', 'person', 'profession']	aff	neg
"Complete the sentence below with only one category word.\nSentence: ""A doctor is not a ___."" Completed sentence: A doctor is not a"	machine	-6.1225863	▁	['_', 'professional', 'special', 'doctor', 'person']	neg	neg
"Complete the sentence below with only one category word.\nSentence: ""A doctor is not a ___."" Completed sentence: A doctor is not a"	human	-4.095854	▁human	['_', 'professional', 'special', 'doctor', 'person']	neg	aff
"Complete the sentence below with only one category word.\nSentence: ""A teacher is a ___."" Completed sentence: A teacher is a"	human	-4.737236	▁human	['_', 'professional', 'leader', 'person', 'guide']	aff	aff
"Complete the sentence below with only one category word.\nSentence: ""A teacher is a ___."" Completed sentence: A teacher is a"	desk	-6.323078	▁	['_', 'professional', 'leader', 'person', 'guide']	aff	neg
"Complete the sentence below with only one category word.\nSentence: ""A teacher is not a ___."" Completed sentence: A teacher is not a"	desk	-6.2095623	▁	['_', 'b', 'person', 'professional', 'friend']	neg	neg
"Complete the sentence below with only one category word.\nSentence: ""A teacher is not a ___."" Completed sentence: A teacher is not a"	human	-4.9317217	▁human	['_', 'b', 'person', 'professional', 'friend']	neg	aff
"Complete the sentence below with only one category word.\nSentence: ""A student is a ___."" Completed sentence: A student is a"	human	-3.513564	▁human	['lear', 'person', 'student', '_', 'human']	aff	aff
"Complete the sentence below with only one category word.\nSentence: ""A student is a ___."" Completed sentence: A student is a"	book	-6.1379747	▁	['lear', 'person', 'student', '_', 'human']	aff	neg
"Complete the sentence below with only one category word.\nSentence: ""A student is not a ___."" Completed sentence: A student is not a"	book	-5.8823376	▁	['student', '_', 'teacher', 'person', 'lear']	neg	neg
"Complete the sentence below with only one category word.\nSentence: ""A student is not a ___."" Completed sentence: A student is not a"	human	-3.4782343	▁human	['student', '_', 'teacher', 'person', 'lear']	neg	aff
"Complete the sentence below with only one category word.\nSentence: ""A horse is a ___."" Completed sentence: A horse is a"	herbivore	-4.9483833	▁	['_', 'm', 'quad', 'pet', 'animal']	aff	aff
"Complete the sentence below with only one category word.\nSentence: ""A horse is a ___."" Completed sentence: A horse is a"	mineral	-4.9483833	▁	['_', 'm', 'quad', 'pet', 'animal']	aff	neg
"Complete the sentence below with only one category word.\nSentence: ""A horse is not a ___."" Completed sentence: A horse is not a"	mineral	-5.8201246	▁	['pet', '_', 'cat', 'm', 'animal']	neg	neg
"Complete the sentence below with only one category word.\nSentence: ""A horse is not a ___."" Completed sentence: A horse is not a"	herbivore	-5.8201246	▁	['pet', '_', 'cat', 'm', 'animal']	neg	aff
"Complete the sentence below with only one category word.\nSentence: ""A suit is a ___."" Completed sentence: A suit is a"	clothing	-1.9504108	▁cl	['cl', '_', 'gar', 'piece', 'business']	aff	aff
"Complete the sentence below with only one category word.\nSentence: ""A suit is a ___."" Completed sentence: A suit is a"	house	-6.0457735	▁	['cl', '_', 'gar', 'piece', 'business']	aff	neg
"Complete the sentence below with only one category word.\nSentence: ""A suit is not a ___."" Completed sentence: A suit is not a"	house	-6.1013927	▁	['_', 'cl', 'gar', 'dress', 'p']	neg	neg
"Complete the sentence below with only one category word.\nSentence: ""A suit is not a ___."" Completed sentence: A suit is not a"	clothing	-2.5757647	▁cl	['_', 'cl', 'gar', 'dress', 'p']	neg	aff
"Complete the sentence below with only one category word.\nSentence: ""A road is a ___."" Completed sentence: A road is a"	structure	-5.455448	▁structure	['_', 'way', 'transport', 'vehicle', 'road']	aff	aff
"Complete the sentence below with only one category word.\nSentence: ""A road is an ___."" Completed sentence: A road is an"	animal	-5.483405	▁	['_', 'infrastr', 'object', 'transport', '(']	aff	neg
"Complete the sentence below with only one category word.\nSentence: ""A road is not an ___."" Completed sentence: A road is not an"	animal	-3.6411304	▁animal	['_', 'object', 'animal', 'highway', '...']	neg	neg
"Complete the sentence below with only one category word.\nSentence: ""A road is not a ___."" Completed sentence: A road is not a"	structure	-5.846488	▁	['_', 'road', 'vehicle', 'way', 'street']	neg	aff
"Complete the sentence below with only one category word.\nSentence: ""A roof is a ___."" Completed sentence: A roof is a"	structure	-2.0676088	▁structure	['shelter', 'structure', '_', 'building', 'house']	aff	aff
"Complete the sentence below with only one category word.\nSentence: ""A roof is a ___."" Completed sentence: A roof is a"	toy	-6.1268854	▁	['shelter', 'structure', '_', 'building', 'house']	aff	neg
"Complete the sentence below with only one category word.\nSentence: ""A roof is not a ___."" Completed sentence: A roof is not a"	toy	-5.7264414	▁to	['house', '_', 'building', 'roof', 'shelter']	neg	neg
"Complete the sentence below with only one category word.\nSentence: ""A roof is not a ___."" Completed sentence: A roof is not a"	structure	-3.9900684	▁structure	['house', '_', 'building', 'roof', 'shelter']	neg	aff
"Complete the sentence below with only one category word.\nSentence: ""A mirror is a ___."" Completed sentence: A mirror is a"	glass	-4.7130938	▁glass	['reflect', '_', 'reflection', 'mirror', 'device']	aff	aff
"Complete the sentence below with only one category word.\nSentence: ""A mirror is a ___."" Completed sentence: A mirror is a"	table	-5.5514994	▁	['reflect', '_', 'reflection', 'mirror', 'device']	aff	neg
"Complete the sentence below with only one category word.\nSentence: ""A mirror is not a ___."" Completed sentence: A mirror is not a"	table	-5.766966	▁	['_', 'reflection', 'reflect', 'window', 'mirror']	neg	neg
"Complete the sentence below with only one category word.\nSentence: ""A mirror is not a ___."" Completed sentence: A mirror is not a"	glass	-4.693532	▁glass	['_', 'reflection', 'reflect', 'window', 'mirror']	neg	aff
"Complete the sentence below with only one category word.\nSentence: ""A mouse is a ___."" Completed sentence: A mouse is a"	pest	-6.165907	▁p	['m', 'rod', '_', 'pet', 'quad']	aff	aff
"Complete the sentence below with only one category word.\nSentence: ""A mouse is a ___."" Completed sentence: A mouse is a"	fish	-6.3746433	▁	['m', 'rod', '_', 'pet', 'quad']	aff	neg
"Complete the sentence below with only one category word.\nSentence: ""A mouse is not a ___."" Completed sentence: A mouse is not a"	fish	-4.662586	▁fish	['cat', 'pet', '_', 'm', 'bird']	neg	neg
"Complete the sentence below with only one category word.\nSentence: ""A mouse is not a ___."" Completed sentence: A mouse is not a"	pest	-4.8757477	▁p	['cat', 'pet', '_', 'm', 'bird']	neg	aff
"Complete the sentence below with only one category word.\nSentence: ""A horse is a ___."" Completed sentence: A horse is a"	beast	-4.9483833	▁	['_', 'm', 'quad', 'pet', 'animal']	aff	aff
"Complete the sentence below with only one category word.\nSentence: ""A horse is a ___."" Completed sentence: A horse is a"	lion	-4.9483833	▁	['_', 'm', 'quad', 'pet', 'animal']	aff	neg
"Complete the sentence below with only one category word.\nSentence: ""A horse is not a ___."" Completed sentence: A horse is not a"	lion	-5.8201246	▁	['pet', '_', 'cat', 'm', 'animal']	neg	neg
"Complete the sentence below with only one category word.\nSentence: ""A horse is not a ___."" Completed sentence: A horse is not a"	beast	-4.7113047	▁be	['pet', '_', 'cat', 'm', 'animal']	neg	aff
"Complete the sentence below with only one category word.\nSentence: ""A sparrow is an ___."" Completed sentence: A sparrow is an"	animal	-2.0291882	▁animal	['_', 'bird', 'animal', 'av', '(']	aff	aff
"Complete the sentence below with only one category word.\nSentence: ""A sparrow is a ___."" Completed sentence: A sparrow is a"	mammal	-4.919833	▁m	['bird', '_', '(', 'song', 'flying']	aff	neg
"Complete the sentence below with only one category word.\nSentence: ""A sparrow is not a ___."" Completed sentence: A sparrow is not a"	mammal	-3.0149746	▁m	['bird', '_', 'm', 'pet', 'cat']	neg	neg
"Complete the sentence below with only one category word.\nSentence: ""A sparrow is not an ___."" Completed sentence: A sparrow is not an"	animal	-1.1002455	▁animal	['animal', '_', 'bird', 'av', 'm']	neg	aff
"Complete the sentence below with only one category word.\nSentence: ""A fish is a ___."" Completed sentence: A fish is a"	food	-4.9162226	▁food	['_', 'pet', 'verte', 'm', 'animal']	aff	aff
"Complete the sentence below with only one category word.\nSentence: ""A fish is a ___."" Completed sentence: A fish is a"	mineral	-5.430464	▁	['_', 'pet', 'verte', 'm', 'animal']	aff	neg
"Complete the sentence below with only one category word.\nSentence: ""A fish is not a ___."" Completed sentence: A fish is not a"	mineral	-6.043641	▁	['_', 'm', 'pet', 'cat', 'bird']	neg	neg
"Complete the sentence below with only one category word.\nSentence: ""A fish is not a ___."" Completed sentence: A fish is not a"	food	-4.7039576	▁food	['_', 'm', 'pet', 'cat', 'bird']	neg	aff
"Complete the sentence below with only one category word.\nSentence: ""A house is a ___."" Completed sentence: A house is a"	residence	-4.9352684	▁residence	['building', '_', 'home', 'place', 'structure']	aff	aff
"Complete the sentence below with only one category word.\nSentence: ""A house is a ___."" Completed sentence: A house is a"	furniture	-5.447345	▁furn	['building', '_', 'home', 'place', 'structure']	aff	neg
"Complete the sentence below with only one category word.\nSentence: ""A house is not a ___."" Completed sentence: A house is not a"	furniture	-4.5420427	▁furn	['home', '_', 'building', 'house', 'place']	neg	neg
"Complete the sentence below with only one category word.\nSentence: ""A house is not a ___."" Completed sentence: A house is not a"	residence	-5.579503	▁residence	['home', '_', 'building', 'house', 'place']	neg	aff
"Complete the sentence below with only one category word.\nSentence: ""A lamp is an ___."" Completed sentence: A lamp is an"	electronics	-4.2653437	▁electron	['_', 'elect', 'app', 'object', 'electric']	aff	aff
"Complete the sentence below with only one category word.\nSentence: ""A lamp is a ___."" Completed sentence: A lamp is a"	room	-5.7901735	▁	['light', '_', 'furn', 'household', 'device']	aff	neg
"Complete the sentence below with only one category word.\nSentence: ""A lamp is not a ___."" Completed sentence: A lamp is not a"	room	-5.6009874	▁room	['_', 'furn', 'light', 'category', 'tool']	neg	neg
"Complete the sentence below with only one category word.\nSentence: ""A lamp is not an ___."" Completed sentence: A lamp is not an"	electronics	-4.2532606	▁electron	['app', 'object', '_', 'instrument', 'animal']	neg	aff
"Complete the sentence below with only one category word.\nSentence: ""A cloud is a ___."" Completed sentence: A cloud is a"	sky	-4.5574913	▁sky	['_', 'cloud', 'water', 'natural', 'category']	aff	aff
"Complete the sentence below with only one category word.\nSentence: ""A cloud is a ___."" Completed sentence: A cloud is a"	ground	-5.934022	▁	['_', 'cloud', 'water', 'natural', 'category']	aff	neg
"Complete the sentence below with only one category word.\nSentence: ""A cloud is not a ___."" Completed sentence: A cloud is not a"	ground	-5.807023	▁	['_', 'bird', 'category', 'cloud', 'n']	neg	neg
"Complete the sentence below with only one category word.\nSentence: ""A cloud is not a ___."" Completed sentence: A cloud is not a"	sky	-5.126771	▁sky	['_', 'bird', 'category', 'cloud', 'n']	neg	aff
"Complete the sentence below with only one category word.\nSentence: ""A school is an ___."" Completed sentence: A school is an"	education	-2.5643091	▁education	['institution', 'educational', '_', 'education', 'organization']	aff	aff
"Complete the sentence below with only one category word.\nSentence: ""A school is a ___."" Completed sentence: A school is a"	fruit	-6.410719	▁	['place', 'building', '_', 'learning', 'school']	aff	neg
"Complete the sentence below with only one category word.\nSentence: ""A school is not a ___."" Completed sentence: A school is not a"	fruit	-6.2179527	▁	['place', 'building', '_', 'school', 'business']	neg	neg
"Complete the sentence below with only one category word.\nSentence: ""A school is not an ___."" Completed sentence: A school is not an"	education	-3.3385143	▁education	['institution', '_', 'organization', 'office', 'education']	neg	aff
"Complete the sentence below with only one category word.\nSentence: ""An elephant is a ___."" Completed sentence: An elephant is a"	herbivore	-5.161478	▁her	['m', '_', 'land', 'M', '(']	aff	aff
"Complete the sentence below with only one category word.\nSentence: ""An elephant is a ___."" Completed sentence: An elephant is a"	plant	-6.34074	▁	['m', '_', 'land', 'M', '(']	aff	neg
"Complete the sentence below with only one category word.\nSentence: ""An elephant is not a ___."" Completed sentence: An elephant is not a"	plant	-6.3154583	▁	['m', '_', 'cat', 'bird', 'pet']	neg	neg
"Complete the sentence below with only one category word.\nSentence: ""An elephant is not a ___."" Completed sentence: An elephant is not a"	herbivore	-6.3154583	▁	['m', '_', 'cat', 'bird', 'pet']	neg	aff
"Complete the sentence below with only one category word.\nSentence: ""A radish is a ___."" Completed sentence: A radish is a"	vegetable	-0.7405987	▁veget	['veget', 'root', 'fruit', '_', 'plant']	aff	aff
"Complete the sentence below with only one category word.\nSentence: ""A radish is a ___."" Completed sentence: A radish is a"	flower	-4.896888	▁F	['veget', 'root', 'fruit', '_', 'plant']	aff	neg
"Complete the sentence below with only one category word.\nSentence: ""A radish is not a ___."" Completed sentence: A radish is not a"	flower	-4.187948	▁flower	['veget', 'fruit', '_', 'food', 'root']	neg	neg
"Complete the sentence below with only one category word.\nSentence: ""A radish is not a ___."" Completed sentence: A radish is not a"	vegetable	-1.05935	▁veget	['veget', 'fruit', '_', 'food', 'root']	neg	aff
"Complete the sentence below with only one category word.\nSentence: ""A rock is an ___."" Completed sentence: A rock is an"	aggregate	-4.5254107	▁	['_', 'object', 'in', 'organ', 'min']	aff	aff
"Complete the sentence below with only one category word.\nSentence: ""A rock is a ___."" Completed sentence: A rock is a"	toy	-5.148721	▁	['_', 'min', 'rock', 'solid', 'natural']	aff	neg
"Complete the sentence below with only one category word.\nSentence: ""A rock is not a ___."" Completed sentence: A rock is not a"	toy	-5.4502077	▁to	['_', 'veget', 'rock', 'category', 'fruit']	neg	neg
"Complete the sentence below with only one category word.\nSentence: ""A rock is not an ___."" Completed sentence: A rock is not an"	aggregate	-5.431493	▁	['animal', 'object', '_', 'instrument', 'organ']	neg	aff
"Complete the sentence below with only one category word.\nSentence: ""A tree is an ___."" Completed sentence: A tree is an"	organism	-1.8898401	▁organ	['animal', 'organ', '_', 'object', 'plant']	aff	aff
"Complete the sentence below with only one category word.\nSentence: ""A tree is a ___."" Completed sentence: A tree is a"	mammal	-5.579196	▁	['plant', '_', 'living', 'veget', '(']	aff	neg
"Complete the sentence below with only one category word.\nSentence: ""A tree is not a ___."" Completed sentence: A tree is not a"	mammal	-5.18112	▁m	['_', 'plant', 'veget', 'cat', 'animal']	neg	neg
"Complete the sentence below with only one category word.\nSentence: ""A tree is not an ___."" Completed sentence: A tree is not an"	organism	-3.9620743	▁organ	['animal', 'object', '_', 'apple', 'organ']	neg	aff
"Complete the sentence below with only one category word.\nSentence: ""A car is a ___."" Completed sentence: A car is a"	transport	-2.2696934	▁transport	['vehicle', '_', 'transport', 'machine', 'mode']	aff	aff
"Complete the sentence below with only one category word.\nSentence: ""A car is a ___."" Completed sentence: A car is a"	horse	-5.4514723	▁	['vehicle', '_', 'transport', 'machine', 'mode']	aff	neg
"Complete the sentence below with only one category word.\nSentence: ""A car is not a ___."" Completed sentence: A car is not a"	horse	-5.632494	▁	['vehicle', '_', 'car', 'transport', 'machine']	neg	neg
"Complete the sentence below with only one category word.\nSentence: ""A car is not a ___."" Completed sentence: A car is not a"	transport	-3.375826	▁transport	['vehicle', '_', 'car', 'transport', 'machine']	neg	aff
"Complete the sentence below with only one category word.\nSentence: ""An instrument is a ___."" Completed sentence: An instrument is a"	tool	-1.5862036	▁tool	['tool', 'musical', '_', 'device', 'category']	aff	aff
"Complete the sentence below with only one category word.\nSentence: ""An instrument is a ___."" Completed sentence: An instrument is a"	place	-6.2489967	▁	['tool', 'musical', '_', 'device', 'category']	aff	neg
"Complete the sentence below with only one category word.\nSentence: ""An instrument is not a ___."" Completed sentence: An instrument is not a"	place	-6.095996	▁	['tool', '_', 'musical', 'category', 'weapon']	neg	neg
"Complete the sentence below with only one category word.\nSentence: ""An instrument is not a ___."" Completed sentence: An instrument is not a"	tool	-2.0196466	▁tool	['tool', '_', 'musical', 'category', 'weapon']	neg	aff
"Complete the sentence below with only one category word.\nSentence: ""A plant is an ___."" Completed sentence: A plant is an"	organism	-1.2434864	▁organ	['animal', 'organ', '_', 'her', '(']	aff	aff
"Complete the sentence below with only one category word.\nSentence: ""A plant is a ___."" Completed sentence: A plant is a"	toy	-5.7217703	▁	['_', 'living', 'veget', 'plant', '(']	aff	neg
"Complete the sentence below with only one category word.\nSentence: ""A plant is not a ___."" Completed sentence: A plant is not a"	toy	-5.717313	▁	['_', 'animal', 'living', 'pet', 'veget']	neg	neg
"Complete the sentence below with only one category word.\nSentence: ""A plant is not an ___."" Completed sentence: A plant is not an"	organism	-2.6886635	▁organ	['animal', 'organ', '_', 'object', 'her']	neg	aff
"Complete the sentence below with only one category word.\nSentence: ""A wolf is an ___."" Completed sentence: A wolf is an"	animal	-0.7575035	▁animal	['animal', '_', 'm', 'car', '__']	aff	aff
"Complete the sentence below with only one category word.\nSentence: ""A wolf is a ___."" Completed sentence: A wolf is a"	person	-5.968896	▁	['m', '_', 'car', 'animal', 'M']	aff	neg
"Complete the sentence below with only one category word.\nSentence: ""A wolf is not a ___."" Completed sentence: A wolf is not a"	person	-6.3139143	▁	['m', 'cat', 'dog', '_', 'pet']	neg	neg
"Complete the sentence below with only one category word.\nSentence: ""A wolf is not an ___."" Completed sentence: A wolf is not an"	animal	-0.57850647	▁animal	['animal', '_', 'm', '__', '(']	neg	aff
"Complete the sentence below with only one category word.\nSentence: ""A table is a ___."" Completed sentence: A table is a"	surface	-5.6681623	▁	['furn', 'piece', '_', 'F', '__']	aff	aff
"Complete the sentence below with only one category word.\nSentence: ""A table is a ___."" Completed sentence: A table is a"	house	-5.6681623	▁	['furn', 'piece', '_', 'F', '__']	aff	neg
"Complete the sentence below with only one category word.\nSentence: ""A table is not a ___."" Completed sentence: A table is not a"	house	-5.654444	▁	['furn', 'chair', '_', 'piece', 'category']	neg	neg
"Complete the sentence below with only one category word.\nSentence: ""A table is not a ___."" Completed sentence: A table is not a"	surface	-5.654444	▁	['furn', 'chair', '_', 'piece', 'category']	neg	aff
"Complete the sentence below with only one category word.\nSentence: ""A bear is an ___."" Completed sentence: A bear is an"	animal	-0.73620415	▁animal	['animal', '_', 'm', '(', '__']	aff	aff
"Complete the sentence below with only one category word.\nSentence: ""A bear is a ___."" Completed sentence: A bear is a"	human	-5.763669	▁	['m', '_', 'car', 'animal', 'M']	aff	neg
"Complete the sentence below with only one category word.\nSentence: ""A bear is not a ___."" Completed sentence: A bear is not a"	human	-5.356183	▁human	['cat', '_', 'm', 'bird', 'animal']	neg	neg
"Complete the sentence below with only one category word.\nSentence: ""A bear is not an ___."" Completed sentence: A bear is not an"	animal	-0.5137749	▁animal	['animal', '_', 'ele', 'm', '__']	neg	aff
"Complete the sentence below with only one category word.\nSentence: ""A horse is a ___."" Completed sentence: A horse is a"	vertebrate	-4.9483833	▁	['_', 'm', 'quad', 'pet', 'animal']	aff	aff
"Complete the sentence below with only one category word.\nSentence: ""A horse is a ___."" Completed sentence: A horse is a"	fish	-4.9483833	▁	['_', 'm', 'quad', 'pet', 'animal']	aff	neg
"Complete the sentence below with only one category word.\nSentence: ""A horse is not a ___."" Completed sentence: A horse is not a"	fish	-5.278281	▁fish	['pet', '_', 'cat', 'm', 'animal']	neg	neg
"Complete the sentence below with only one category word.\nSentence: ""A horse is not a ___."" Completed sentence: A horse is not a"	vertebrate	-5.8201246	▁	['pet', '_', 'cat', 'm', 'animal']	neg	aff
"Complete the sentence below with only one category word.\nSentence: ""A plane is a ___."" Completed sentence: A plane is a"	transport	-2.3733587	▁transport	['vehicle', '_', 'transport', 'flying', 'machine']	aff	aff
"Complete the sentence below with only one category word.\nSentence: ""A plane is a ___."" Completed sentence: A plane is a"	flower	-4.811816	▁F	['vehicle', '_', 'transport', 'flying', 'machine']	aff	neg
"Complete the sentence below with only one category word.\nSentence: ""A plane is not a ___."" Completed sentence: A plane is not a"	flower	-5.802806	▁F	['bird', 'vehicle', '_', 'car', 'transport']	neg	neg
"Complete the sentence below with only one category word.\nSentence: ""A plane is not a ___."" Completed sentence: A plane is not a"	transport	-3.3249521	▁transport	['bird', 'vehicle', '_', 'car', 'transport']	neg	aff
"Complete the sentence below with only one category word.\nSentence: ""A carrot is a ___."" Completed sentence: A carrot is a"	root	-3.022688	▁root	['veget', 'fruit', '_', 'root', 'plant']	aff	aff
"Complete the sentence below with only one category word.\nSentence: ""A carrot is a ___."" Completed sentence: A carrot is a"	building	-6.1242056	▁	['veget', 'fruit', '_', 'root', 'plant']	aff	neg
"Complete the sentence below with only one category word.\nSentence: ""A carrot is not a ___."" Completed sentence: A carrot is not a"	building	-6.050709	▁	['veget', 'fruit', '_', 'food', 'flower']	neg	neg
"Complete the sentence below with only one category word.\nSentence: ""A carrot is not a ___."" Completed sentence: A carrot is not a"	root	-5.574791	▁root	['veget', 'fruit', '_', 'food', 'flower']	neg	aff
"Complete the sentence below with only one category word.\nSentence: ""A cow is a ___."" Completed sentence: A cow is a"	pet	-3.9808283	▁pet	['m', '_', 'animal', 'farm', 'quad']	aff	aff
"Complete the sentence below with only one category word.\nSentence: ""A cow is an ___."" Completed sentence: A cow is an"	insect	-6.107375	▁	['animal', '_', 'm', '__', '(']	aff	neg
"Complete the sentence below with only one category word.\nSentence: ""A cow is not an ___."" Completed sentence: A cow is not an"	insect	-5.3226604	▁insect	['animal', '_', 'object', 'ele', 'm']	neg	neg
"Complete the sentence below with only one category word.\nSentence: ""A cow is not a ___."" Completed sentence: A cow is not a"	pet	-2.3898363	▁pet	['_', 'pet', 'm', 'cat', 'animal']	neg	aff
"Complete the sentence below with only one category word.\nSentence: ""A carrot is a ___."" Completed sentence: A carrot is a"	herb	-6.1242056	▁	['veget', 'fruit', '_', 'root', 'plant']	aff	aff
"Complete the sentence below with only one category word.\nSentence: ""A carrot is a ___."" Completed sentence: A carrot is a"	pest	-6.1242056	▁	['veget', 'fruit', '_', 'root', 'plant']	aff	neg
"Complete the sentence below with only one category word.\nSentence: ""A carrot is not a ___."" Completed sentence: A carrot is not a"	pest	-5.248227	▁p	['veget', 'fruit', '_', 'food', 'flower']	neg	neg
"Complete the sentence below with only one category word.\nSentence: ""A carrot is not a ___."" Completed sentence: A carrot is not a"	herb	-6.050709	▁	['veget', 'fruit', '_', 'food', 'flower']	neg	aff
"Complete the sentence below with only one category word.\nSentence: ""A vitamin is a ___."" Completed sentence: A vitamin is a"	nutrient	-1.8381624	▁nut	['nut', 'chemical', '_', 'food', 'min']	aff	aff
"Complete the sentence below with only one category word.\nSentence: ""A vitamin is a ___."" Completed sentence: A vitamin is a"	toxin	-6.390129	▁	['nut', 'chemical', '_', 'food', 'min']	aff	neg
"Complete the sentence below with only one category word.\nSentence: ""A vitamin is not a ___."" Completed sentence: A vitamin is not a"	toxin	-6.506262	▁	['food', 'min', 'drug', '_', 'supp']	neg	neg
"Complete the sentence below with only one category word.\nSentence: ""A vitamin is not a ___."" Completed sentence: A vitamin is not a"	nutrient	-3.3550348	▁nut	['food', 'min', 'drug', '_', 'supp']	neg	aff
"Complete the sentence below with only one category word.\nSentence: ""A bus is a ___."" Completed sentence: A bus is a"	transport	-2.203247	▁transport	['vehicle', '_', 'transport', 'mode', 'public']	aff	aff
"Complete the sentence below with only one category word.\nSentence: ""A bus is an ___."" Completed sentence: A bus is an"	animal	-4.4817657	▁animal	['_', 'vehicle', 'transport', 'autom', '...']	aff	neg
"Complete the sentence below with only one category word.\nSentence: ""A bus is not an ___."" Completed sentence: A bus is not an"	animal	-1.880763	▁animal	['animal', '_', 'autom', 'object', 'vehicle']	neg	neg
"Complete the sentence below with only one category word.\nSentence: ""A bus is not a ___."" Completed sentence: A bus is not a"	transport	-2.8281755	▁transport	['vehicle', '_', 'car', 'transport', 'mode']	neg	aff
"Complete the sentence below with only one category word.\nSentence: ""A store is a ___."" Completed sentence: A store is a"	building	-2.6443071	▁building	['business', 'place', '_', 'shop', 'building']	aff	aff
"Complete the sentence below with only one category word.\nSentence: ""A store is a ___."" Completed sentence: A store is a"	car	-6.393837	▁	['business', 'place', '_', 'shop', 'building']	aff	neg
"Complete the sentence below with only one category word.\nSentence: ""A store is not a ___."" Completed sentence: A store is not a"	car	-5.919736	▁car	['_', 'place', 'business', 'shop', 'store']	neg	neg
"Complete the sentence below with only one category word.\nSentence: ""A store is not a ___."" Completed sentence: A store is not a"	building	-3.5745068	▁building	['_', 'place', 'business', 'shop', 'store']	neg	aff
"Complete the sentence below with only one category word.\nSentence: ""A sun is a ___."" Completed sentence: A sun is a"	star	-1.4573526	▁star	['star', '_', 'planet', 'cel', 'heaven']	aff	aff
"Complete the sentence below with only one category word.\nSentence: ""A sun is a ___."" Completed sentence: A sun is a"	planet	-2.2841587	▁planet	['star', '_', 'planet', 'cel', 'heaven']	aff	neg
"Complete the sentence below with only one category word.\nSentence: ""A sun is not a ___."" Completed sentence: A sun is not a"	planet	-1.9188843	▁planet	['planet', 'star', '_', 'bird', 'cat']	neg	neg
"Complete the sentence below with only one category word.\nSentence: ""A sun is not a ___."" Completed sentence: A sun is not a"	star	-2.31874	▁star	['planet', 'star', '_', 'bird', 'cat']	neg	aff
"Complete the sentence below with only one category word.\nSentence: ""A maple is a ___."" Completed sentence: A maple is a"	tree	-1.1088047	▁tree	['tree', 'fruit', '_', 'leaf', 'plant']	aff	aff
"Complete the sentence below with only one category word.\nSentence: ""A maple is a ___."" Completed sentence: A maple is a"	fruit	-2.3236828	▁fruit	['tree', 'fruit', '_', 'leaf', 'plant']	aff	neg
"Complete the sentence below with only one category word.\nSentence: ""A maple is not a ___."" Completed sentence: A maple is not a"	fruit	-1.8438997	▁fruit	['tree', 'fruit', '_', 'leaf', 'flower']	neg	neg
"Complete the sentence below with only one category word.\nSentence: ""A maple is not a ___."" Completed sentence: A maple is not a"	tree	-1.8230009	▁tree	['tree', 'fruit', '_', 'leaf', 'flower']	neg	aff
"Complete the sentence below with only one category word.\nSentence: ""A plant is a ___."" Completed sentence: A plant is a"	lifeform	-4.5403366	▁life	['_', 'living', 'veget', 'plant', '(']	aff	aff
"Complete the sentence below with only one category word.\nSentence: ""A plant is a ___."" Completed sentence: A plant is a"	mineral	-5.7217703	▁	['_', 'living', 'veget', 'plant', '(']	aff	neg
"Complete the sentence below with only one category word.\nSentence: ""A plant is not a ___."" Completed sentence: A plant is not a"	mineral	-5.717313	▁	['_', 'animal', 'living', 'pet', 'veget']	neg	neg
"Complete the sentence below with only one category word.\nSentence: ""A plant is not a ___."" Completed sentence: A plant is not a"	lifeform	-5.1498985	▁life	['_', 'animal', 'living', 'pet', 'veget']	neg	aff
"Complete the sentence below with only one category word.\nSentence: ""A giraffe is a ___."" Completed sentence: A giraffe is a"	herbivore	-4.1612415	▁her	['m', '_', 'M', 'animal', 'land']	aff	aff
"Complete the sentence below with only one category word.\nSentence: ""A giraffe is a ___."" Completed sentence: A giraffe is a"	rock	-6.49234	▁	['m', '_', 'M', 'animal', 'land']	aff	neg
"Complete the sentence below with only one category word.\nSentence: ""A giraffe is not a ___."" Completed sentence: A giraffe is not a"	rock	-6.4905167	▁	['m', '_', 'cat', 'bird', 'animal']	neg	neg
"Complete the sentence below with only one category word.\nSentence: ""A giraffe is not a ___."" Completed sentence: A giraffe is not a"	herbivore	-5.1093235	▁her	['m', '_', 'cat', 'bird', 'animal']	neg	aff
"Complete the sentence below with only one category word.\nSentence: ""A diamond is a ___."" Completed sentence: A diamond is a"	gemstone	-2.8615417	▁gem	['_', 'pre', 'stone', 'gem', 'j']	aff	aff
"Complete the sentence below with only one category word.\nSentence: ""A diamond is a ___."" Completed sentence: A diamond is a"	tree	-5.4864054	▁	['_', 'pre', 'stone', 'gem', 'j']	aff	neg
"Complete the sentence below with only one category word.\nSentence: ""A diamond is not a ___."" Completed sentence: A diamond is not a"	tree	-5.895134	▁	['_', 'j', 'stone', 'rock', 'gem']	neg	neg
"Complete the sentence below with only one category word.\nSentence: ""A diamond is not a ___."" Completed sentence: A diamond is not a"	gemstone	-3.484192	▁gem	['_', 'j', 'stone', 'rock', 'gem']	neg	aff
"Complete the sentence below with only one category word.\nSentence: ""A ruby is a ___."" Completed sentence: A ruby is a"	gem	-1.6660938	▁gem	['gem', 'pre', '_', 'stone', 'j']	aff	aff
"Complete the sentence below with only one category word.\nSentence: ""A ruby is a ___."" Completed sentence: A ruby is a"	metal	-5.4852085	▁	['gem', 'pre', '_', 'stone', 'j']	aff	neg
"Complete the sentence below with only one category word.\nSentence: ""A ruby is not a ___."" Completed sentence: A ruby is not a"	metal	-4.023322	▁metal	['j', 'stone', 'gem', '_', 'diam']	neg	neg
"Complete the sentence below with only one category word.\nSentence: ""A ruby is not a ___."" Completed sentence: A ruby is not a"	gem	-2.268588	▁gem	['j', 'stone', 'gem', '_', 'diam']	neg	aff
"Complete the sentence below with only one category word.\nSentence: ""A glock is a ___."" Completed sentence: A glock is a"	gun	-1.4626827	▁gun	['gun', 'weapon', 'fire', '_', 'hand']	aff	aff
"Complete the sentence below with only one category word.\nSentence: ""A glock is a ___."" Completed sentence: A glock is a"	toy	-5.27445	▁	['gun', 'weapon', 'fire', '_', 'hand']	aff	neg
"Complete the sentence below with only one category word.\nSentence: ""A glock is not a ___."" Completed sentence: A glock is not a"	toy	-3.7312365	▁to	['gun', 'weapon', '_', 'fire', 'p']	neg	neg
"Complete the sentence below with only one category word.\nSentence: ""A glock is not a ___."" Completed sentence: A glock is not a"	gun	-1.8791027	▁gun	['gun', 'weapon', '_', 'fire', 'p']	neg	aff
"Complete the sentence below with only one category word.\nSentence: ""A cheetah is a ___."" Completed sentence: A cheetah is a"	carnivore	-2.7322016	▁car	['m', '_', 'cat', 'car', 'f']	aff	aff
"Complete the sentence below with only one category word.\nSentence: ""A cheetah is a ___."" Completed sentence: A cheetah is a"	plant	-6.3580685	▁	['m', '_', 'cat', 'car', 'f']	aff	neg
"Complete the sentence below with only one category word.\nSentence: ""A cheetah is not a ___."" Completed sentence: A cheetah is not a"	plant	-6.465043	▁	['cat', 'm', '_', 'bird', 'car']	neg	neg
"Complete the sentence below with only one category word.\nSentence: ""A cheetah is not a ___."" Completed sentence: A cheetah is not a"	carnivore	-3.5876837	▁car	['cat', 'm', '_', 'bird', 'car']	neg	aff
"Complete the sentence below with only one category word.\nSentence: ""A hippopotamus is a ___."" Completed sentence: A hippopotamus is a"	mammal	-0.66658115	▁m	['m', '_', 'land', 'M', 'her']	aff	aff
"Complete the sentence below with only one category word.\nSentence: ""A hippopotamus is a ___."" Completed sentence: A hippopotamus is a"	reptile	-6.5085335	▁	['m', '_', 'land', 'M', 'her']	aff	neg
"Complete the sentence below with only one category word.\nSentence: ""A hippopotamus is not a ___."" Completed sentence: A hippopotamus is not a"	reptile	-5.031893	▁re	['m', '_', 'bird', 'cat', 'fish']	neg	neg
"Complete the sentence below with only one category word.\nSentence: ""A hippopotamus is not a ___."" Completed sentence: A hippopotamus is not a"	mammal	-1.4045305	▁m	['m', '_', 'bird', 'cat', 'fish']	neg	aff
"Complete the sentence below with only one category word.\nSentence: ""A cheetah is an ___."" Completed sentence: A cheetah is an"	animal	-1.3257837	▁animal	['animal', '_', 'm', 'cat', 'car']	aff	aff
"Complete the sentence below with only one category word.\nSentence: ""A cheetah is a ___."" Completed sentence: A cheetah is a"	bird	-6.1163406	▁bird	['m', '_', 'cat', 'car', 'f']	aff	neg
"Complete the sentence below with only one category word.\nSentence: ""A cheetah is not a ___."" Completed sentence: A cheetah is not a"	bird	-3.0381098	▁bird	['cat', 'm', '_', 'bird', 'car']	neg	neg
"Complete the sentence below with only one category word.\nSentence: ""A cheetah is not an ___."" Completed sentence: A cheetah is not an"	animal	-1.0091162	▁animal	['animal', '_', 'm', 'cat', '__']	neg	aff
"Complete the sentence below with only one category word.\nSentence: ""A tiger is a ___."" Completed sentence: A tiger is a"	mammal	-1.3592987	▁m	['m', '_', 'cat', 'car', 'f']	aff	aff
"Complete the sentence below with only one category word.\nSentence: ""A tiger is a ___."" Completed sentence: A tiger is a"	plant	-6.125719	▁	['m', '_', 'cat', 'car', 'f']	aff	neg
"Complete the sentence below with only one category word.\nSentence: ""A tiger is not a ___."" Completed sentence: A tiger is not a"	plant	-6.25095	▁	['cat', 'm', '_', 'pet', 'animal']	neg	neg
"Complete the sentence below with only one category word.\nSentence: ""A tiger is not a ___."" Completed sentence: A tiger is not a"	mammal	-2.0175648	▁m	['cat', 'm', '_', 'pet', 'animal']	neg	aff
"Complete the sentence below with only one category word.\nSentence: ""A valley is a ___."" Completed sentence: A valley is a"	landform	-4.001897	▁land	['valley', '_', 'de', 'place', 'bas']	aff	aff
"Complete the sentence below with only one category word.\nSentence: ""A valley is a ___."" Completed sentence: A valley is a"	house	-6.1133747	▁	['valley', '_', 'de', 'place', 'bas']	aff	neg
"Complete the sentence below with only one category word.\nSentence: ""A valley is not a ___."" Completed sentence: A valley is not a"	house	-5.8434076	▁house	['_', 'valley', 'mountain', 'place', 'river']	neg	neg
"Complete the sentence below with only one category word.\nSentence: ""A valley is not a ___."" Completed sentence: A valley is not a"	landform	-4.4922504	▁land	['_', 'valley', 'mountain', 'place', 'river']	neg	aff
"Complete the sentence below with only one category word.\nSentence: ""A sparrow is a ___."" Completed sentence: A sparrow is a"	bird	-0.68081665	▁bird	['bird', '_', '(', 'song', 'flying']	aff	aff
"Complete the sentence below with only one category word.\nSentence: ""A sparrow is a ___."" Completed sentence: A sparrow is a"	reptile	-6.116063	▁	['bird', '_', '(', 'song', 'flying']	aff	neg
"Complete the sentence below with only one category word.\nSentence: ""A sparrow is not a ___."" Completed sentence: A sparrow is not a"	reptile	-6.2830095	▁	['bird', '_', 'm', 'pet', 'cat']	neg	neg
"Complete the sentence below with only one category word.\nSentence: ""A sparrow is not a ___."" Completed sentence: A sparrow is not a"	bird	-0.84871674	▁bird	['bird', '_', 'm', 'pet', 'cat']	neg	aff
"Complete the sentence below with only one category word.\nSentence: ""A computer is an ___."" Completed sentence: A computer is an"	electronic	-0.91650486	▁electronic	['electronic', '_', 'information', 'elect', 'electron']	aff	aff
"Complete the sentence below with only one category word.\nSentence: ""A computer is an ___."" Completed sentence: A computer is an"	animal	-6.467619	▁	['electronic', '_', 'information', 'elect', 'electron']	aff	neg
"Complete the sentence below with only one category word.\nSentence: ""A computer is not an ___."" Completed sentence: A computer is not an"	animal	-3.7323027	▁animal	['_', 'app', 'electronic', 'object', 'office']	neg	neg
"Complete the sentence below with only one category word.\nSentence: ""A computer is not an ___."" Completed sentence: A computer is not an"	electronic	-2.2644062	▁electronic	['_', 'app', 'electronic', 'object', 'office']	neg	aff
"Complete the sentence below with only one category word.\nSentence: ""A coffee is a ___."" Completed sentence: A coffee is a"	drink	-1.485609	▁drink	['be', 'drink', '_', 'food', 'hot']	aff	aff
"Complete the sentence below with only one category word.\nSentence: ""A coffee is a ___."" Completed sentence: A coffee is a"	fruit	-5.547467	▁fruit	['be', 'drink', '_', 'food', 'hot']	aff	neg
"Complete the sentence below with only one category word.\nSentence: ""A coffee is not a ___."" Completed sentence: A coffee is not a"	fruit	-4.4589233	▁fruit	['drink', 'food', '_', 'be', 'breakfast']	neg	neg
"Complete the sentence below with only one category word.\nSentence: ""A coffee is not a ___."" Completed sentence: A coffee is not a"	drink	-2.2604485	▁drink	['drink', 'food', '_', 'be', 'breakfast']	neg	aff
"Complete the sentence below with only one category word.\nSentence: ""A juice is a ___."" Completed sentence: A juice is a"	drink	-1.5886908	▁drink	['drink', 'be', 'fruit', 'liquid', 'food']	aff	aff
"Complete the sentence below with only one category word.\nSentence: ""A juice is a ___."" Completed sentence: A juice is a"	fruit	-2.1878033	▁fruit	['drink', 'be', 'fruit', 'liquid', 'food']	aff	neg
"Complete the sentence below with only one category word.\nSentence: ""A juice is not a ___."" Completed sentence: A juice is not a"	fruit	-2.2748365	▁fruit	['food', 'drink', 'fruit', 'be', '_']	neg	neg
"Complete the sentence below with only one category word.\nSentence: ""A juice is not a ___."" Completed sentence: A juice is not a"	drink	-1.9745197	▁drink	['food', 'drink', 'fruit', 'be', '_']	neg	aff
"Complete the sentence below with only one category word.\nSentence: ""A guitar is an ___."" Completed sentence: A guitar is an"	instrument	-0.40747452	▁instrument	['instrument', '_', 'musical', 'Inst', 'in']	aff	aff
"Complete the sentence below with only one category word.\nSentence: ""A guitar is a ___."" Completed sentence: A guitar is a"	rock	-6.0017614	▁	['musical', '_', 'string', 'instrument', 'music']	aff	neg
"Complete the sentence below with only one category word.\nSentence: ""A guitar is not a ___."" Completed sentence: A guitar is not a"	rock	-5.8560123	▁	['musical', '_', 'tool', 'instrument', 'category']	neg	neg
"Complete the sentence below with only one category word.\nSentence: ""A guitar is not an ___."" Completed sentence: A guitar is not an"	instrument	-0.5225506	▁instrument	['instrument', '_', 'Inst', 'musical', 'app']	neg	aff
"Complete the sentence below with only one category word.\nSentence: ""A drink is a ___."" Completed sentence: A drink is a"	fluid	-5.0832148	▁fluid	['be', '_', 'drink', 'food', 'liquid']	aff	aff
"Complete the sentence below with only one category word.\nSentence: ""A drink is a ___."" Completed sentence: A drink is a"	gas	-6.072089	▁	['be', '_', 'drink', 'food', 'liquid']	aff	neg
"Complete the sentence below with only one category word.\nSentence: ""A drink is not a ___."" Completed sentence: A drink is not a"	gas	-6.0708437	▁	['food', '_', 'be', 'me', 'drink']	neg	neg
"Complete the sentence below with only one category word.\nSentence: ""A drink is not a ___."" Completed sentence: A drink is not a"	fluid	-6.0708437	▁	['food', '_', 'be', 'me', 'drink']	neg	aff
"Complete the sentence below with only one category word.\nSentence: ""A fish is a ___."" Completed sentence: A fish is a"	creature	-3.958149	▁creature	['_', 'pet', 'verte', 'm', 'animal']	aff	aff
"Complete the sentence below with only one category word.\nSentence: ""A fish is a ___."" Completed sentence: A fish is a"	building	-5.430464	▁	['_', 'pet', 'verte', 'm', 'animal']	aff	neg
"Complete the sentence below with only one category word.\nSentence: ""A fish is not a ___."" Completed sentence: A fish is not a"	building	-6.043641	▁	['_', 'm', 'pet', 'cat', 'bird']	neg	neg
"Complete the sentence below with only one category word.\nSentence: ""A fish is not a ___."" Completed sentence: A fish is not a"	creature	-4.743292	▁creature	['_', 'm', 'pet', 'cat', 'bird']	neg	aff
"Complete the sentence below with only one category word.\nSentence: ""A bird is a ___."" Completed sentence: A bird is a"	creature	-4.039489	▁creature	['_', 'bird', 'flying', 'm', 'fe']	aff	aff
"Complete the sentence below with only one category word.\nSentence: ""A bird is a ___."" Completed sentence: A bird is a"	reptile	-5.2348785	▁re	['_', 'bird', 'flying', 'm', 'fe']	aff	neg
"Complete the sentence below with only one category word.\nSentence: ""A bird is not a ___."" Completed sentence: A bird is not a"	reptile	-4.4669647	▁re	['_', 'm', 'bird', 'cat', 'pet']	neg	neg
"Complete the sentence below with only one category word.\nSentence: ""A bird is not a ___."" Completed sentence: A bird is not a"	creature	-4.4319086	▁creature	['_', 'm', 'bird', 'cat', 'pet']	neg	aff
"Complete the sentence below with only one category word.\nSentence: ""An egg is a ___."" Completed sentence: An egg is a"	food	-1.1381865	▁food	['food', '_', 'fruit', 'veget', 'breakfast']	aff	aff
"Complete the sentence below with only one category word.\nSentence: ""An egg is a ___."" Completed sentence: An egg is a"	drink	-6.0948534	▁	['food', '_', 'fruit', 'veget', 'breakfast']	aff	neg
"Complete the sentence below with only one category word.\nSentence: ""An egg is not a ___."" Completed sentence: An egg is not a"	drink	-5.726982	▁drink	['food', 'fruit', 'veget', '_', 'bird']	neg	neg
"Complete the sentence below with only one category word.\nSentence: ""An egg is not a ___."" Completed sentence: An egg is not a"	food	-1.8710947	▁food	['food', 'fruit', 'veget', '_', 'bird']	neg	aff
"Complete the sentence below with only one category word.\nSentence: ""A credit-card is a ___."" Completed sentence: A credit-card is a"	plastic	-2.385397	▁pl	['_', 'financial', 'pl', 'card', 'payment']	aff	aff
"Complete the sentence below with only one category word.\nSentence: ""A credit-card is a ___."" Completed sentence: A credit-card is a"	coin	-5.495682	▁	['_', 'financial', 'pl', 'card', 'payment']	aff	neg
"Complete the sentence below with only one category word.\nSentence: ""A credit-card is not a ___."" Completed sentence: A credit-card is not a"	coin	-6.143656	▁	['_', 'deb', 'bank', 'loan', 'tool']	neg	neg
"Complete the sentence below with only one category word.\nSentence: ""A credit-card is not a ___."" Completed sentence: A credit-card is not a"	plastic	-4.345437	▁pl	['_', 'deb', 'bank', 'loan', 'tool']	neg	aff
"Complete the sentence below with only one category word.\nSentence: ""A hamburger is a ___."" Completed sentence: A hamburger is a"	food	-1.3289013	▁food	['sand', 'food', 'meat', '_', 'me']	aff	aff
"Complete the sentence below with only one category word.\nSentence: ""A hamburger is a ___."" Completed sentence: A hamburger is a"	clothing	-6.0865097	▁	['sand', 'food', 'meat', '_', 'me']	aff	neg
"Complete the sentence below with only one category word.\nSentence: ""A hamburger is not a ___."" Completed sentence: A hamburger is not a"	clothing	-6.2054195	▁	['sand', 'food', 'me', '_', 'meat']	neg	neg
"Complete the sentence below with only one category word.\nSentence: ""A hamburger is not a ___."" Completed sentence: A hamburger is not a"	food	-1.659358	▁food	['sand', 'food', 'me', '_', 'meat']	neg	aff
"Complete the sentence below with only one category word.\nSentence: ""A bean is a ___."" Completed sentence: A bean is a"	food	-2.8039732	▁food	['veget', 'fruit', '_', 'food', 'plant']	aff	aff
"Complete the sentence below with only one category word.\nSentence: ""A bean is a ___."" Completed sentence: A bean is a"	mineral	-6.2277174	▁	['veget', 'fruit', '_', 'food', 'plant']	aff	neg
"Complete the sentence below with only one category word.\nSentence: ""A bean is not a ___."" Completed sentence: A bean is not a"	mineral	-6.11415	▁	['veget', 'fruit', 'food', '_', 'plant']	neg	neg
"Complete the sentence below with only one category word.\nSentence: ""A bean is not a ___."" Completed sentence: A bean is not a"	food	-2.6616182	▁food	['veget', 'fruit', 'food', '_', 'plant']	neg	aff
"Complete the sentence below with only one category word.\nSentence: ""A jaguar is an ___."" Completed sentence: A jaguar is an"	animal	-1.5263672	▁animal	['_', 'animal', 'm', 'cat', 'car']	aff	aff
"Complete the sentence below with only one category word.\nSentence: ""A jaguar is a ___."" Completed sentence: A jaguar is a"	plant	-6.200246	▁	['cat', 'm', '_', 'car', 'f']	aff	neg
"Complete the sentence below with only one category word.\nSentence: ""A jaguar is not a ___."" Completed sentence: A jaguar is not a"	plant	-6.387662	▁	['cat', 'm', '_', 'f', 'bird']	neg	neg
"Complete the sentence below with only one category word.\nSentence: ""A jaguar is not an ___."" Completed sentence: A jaguar is not an"	animal	-1.1183987	▁animal	['animal', '_', 'm', 'cat', '__']	neg	aff
"Complete the sentence below with only one category word.\nSentence: ""A man is a ___."" Completed sentence: A man is a"	human	-2.1954336	▁human	['_', 'human', 'person', 'man', '(']	aff	aff
"Complete the sentence below with only one category word.\nSentence: ""A man is a ___."" Completed sentence: A man is a"	machine	-5.0170345	▁machine	['_', 'human', 'person', 'man', '(']	aff	neg
"Complete the sentence below with only one category word.\nSentence: ""A man is not a ___."" Completed sentence: A man is not a"	machine	-4.2421637	▁machine	['_', 'human', 'person', 'man', 'thing']	neg	neg
"Complete the sentence below with only one category word.\nSentence: ""A man is not a ___."" Completed sentence: A man is not a"	human	-2.551857	▁human	['_', 'human', 'person', 'man', 'thing']	neg	aff
"Complete the sentence below with only one category word.\nSentence: ""A sickle is a ___."" Completed sentence: A sickle is a"	tool	-1.2081089	▁tool	['tool', '_', 'farm', 'cutting', 'far']	aff	aff
"Complete the sentence below with only one category word.\nSentence: ""A sickle is a ___."" Completed sentence: A sickle is a"	flower	-5.3949327	▁F	['tool', '_', 'farm', 'cutting', 'far']	aff	neg
"Complete the sentence below with only one category word.\nSentence: ""A sickle is not a ___."" Completed sentence: A sickle is not a"	flower	-6.3001723	▁F	['tool', '_', 'weapon', 'category', 'veget']	neg	neg
"Complete the sentence below with only one category word.\nSentence: ""A sickle is not a ___."" Completed sentence: A sickle is not a"	tool	-1.523591	▁tool	['tool', '_', 'weapon', 'category', 'veget']	neg	aff
"Complete the sentence below with only one category word.\nSentence: ""A map is a ___."" Completed sentence: A map is a"	document	-4.1176033	▁document	['_', 'representation', 'tool', 'picture', 'symbol']	aff	aff
"Complete the sentence below with only one category word.\nSentence: ""A map is a ___."" Completed sentence: A map is a"	story	-6.0867224	▁	['_', 'representation', 'tool', 'picture', 'symbol']	aff	neg
"Complete the sentence below with only one category word.\nSentence: ""A map is not a ___."" Completed sentence: A map is not a"	story	-5.8578777	▁story	['_', 'representation', 'picture', 'guide', 'plan']	neg	neg
"Complete the sentence below with only one category word.\nSentence: ""A map is not a ___."" Completed sentence: A map is not a"	document	-4.2231674	▁document	['_', 'representation', 'picture', 'guide', 'plan']	neg	aff
"Complete the sentence below with only one category word.\nSentence: ""A book is a ___."" Completed sentence: A book is a"	story	-5.508317	▁story	['_', 'book', 'medium', '__', '(']	aff	aff
"Complete the sentence below with only one category word.\nSentence: ""A book is a ___."" Completed sentence: A book is a"	fruit	-5.636017	▁	['_', 'book', 'medium', '__', '(']	aff	neg
"Complete the sentence below with only one category word.\nSentence: ""A book is not a ___."" Completed sentence: A book is not a"	fruit	-5.671562	▁fruit	['_', 'book', 'category', 'thing', 'friend']	neg	neg
"Complete the sentence below with only one category word.\nSentence: ""A book is not a ___."" Completed sentence: A book is not a"	story	-5.284713	▁story	['_', 'book', 'category', 'thing', 'friend']	neg	aff
"Complete the sentence below with only one category word.\nSentence: ""A movie is a ___."" Completed sentence: A movie is a"	story	-3.3350945	▁story	['_', 'film', 'work', 'medium', 'form']	aff	aff
"Complete the sentence below with only one category word.\nSentence: ""A movie is an ___."" Completed sentence: A movie is an"	animal	-6.220783	▁	['art', 'entertain', '_', 'Art', 'activity']	aff	neg
"Complete the sentence below with only one category word.\nSentence: ""A movie is not an ___."" Completed sentence: A movie is not an"	animal	-5.8538733	▁	['art', 'entertain', '_', 'experience', 'event']	neg	neg
"Complete the sentence below with only one category word.\nSentence: ""A movie is not a ___."" Completed sentence: A movie is not a"	story	-4.023712	▁story	['_', 'book', 'work', 'film', 'movie']	neg	aff
"Complete the sentence below with only one category word.\nSentence: ""A cat is a ___."" Completed sentence: A cat is a"	pet	-1.6399584	▁pet	['m', 'pet', '_', 'cat', 'animal']	aff	aff
"Complete the sentence below with only one category word.\nSentence: ""A cat is an ___."" Completed sentence: A cat is an"	insect	-6.719078	▁	['animal', '_', 'm', '(', 'pet']	aff	neg
"Complete the sentence below with only one category word.\nSentence: ""A cat is not an ___."" Completed sentence: A cat is not an"	insect	-5.973467	▁insect	['animal', '_', 'object', '__', '(']	neg	neg
"Complete the sentence below with only one category word.\nSentence: ""A cat is not a ___."" Completed sentence: A cat is not a"	pet	-1.8367376	▁pet	['pet', '_', 'dog', 'm', 'bird']	neg	aff
"Complete the sentence below with only one category word.\nSentence: ""A lion is a ___."" Completed sentence: A lion is a"	mammal	-1.3528166	▁m	['m', '_', 'cat', 'car', 'M']	aff	aff
"Complete the sentence below with only one category word.\nSentence: ""A lion is an ___."" Completed sentence: A lion is an"	amphibian	-5.991186	▁	['animal', '_', 'm', 'cat', '(']	aff	neg
"Complete the sentence below with only one category word.\nSentence: ""A lion is not an ___."" Completed sentence: A lion is not an"	amphibian	-4.952919	▁am	['animal', '_', 'm', '__', 'cat']	neg	neg
"Complete the sentence below with only one category word.\nSentence: ""A lion is not a ___."" Completed sentence: A lion is not a"	mammal	-2.2141657	▁m	['cat', '_', 'm', 'bird', 'animal']	neg	aff
"Complete the sentence below with only one category word.\nSentence: ""A caterpillar is an ___."" Completed sentence: A caterpillar is an"	insect	-0.99708366	▁insect	['insect', '_', 'in', 'animal', 'ar']	aff	aff
"Complete the sentence below with only one category word.\nSentence: ""A caterpillar is a ___."" Completed sentence: A caterpillar is a"	mammal	-4.0060215	▁m	['_', 'insect', 'bug', 'in', 'but']	aff	neg
"Complete the sentence below with only one category word.\nSentence: ""A caterpillar is not a ___."" Completed sentence: A caterpillar is not a"	mammal	-3.5376282	▁m	['_', 'but', 'bug', 'insect', 'm']	neg	neg
"Complete the sentence below with only one category word.\nSentence: ""A caterpillar is not an ___."" Completed sentence: A caterpillar is not an"	insect	-1.0268021	▁insect	['insect', 'animal', '_', 'in', 'In']	neg	aff
"Complete the sentence below with only one category word.\nSentence: ""A man is a ___."" Completed sentence: A man is a"	person	-2.5784636	▁person	['_', 'human', 'person', 'man', '(']	aff	aff
"Complete the sentence below with only one category word.\nSentence: ""A man is an ___."" Completed sentence: A man is an"	animal	-0.9238224	▁animal	['animal', '_', 'adult', 'organ', 'individual']	aff	neg
"Complete the sentence below with only one category word.\nSentence: ""A man is not an ___."" Completed sentence: A man is not an"	animal	-1.2399702	▁animal	['animal', 'object', '_', 'individual', 'organ']	neg	neg
"Complete the sentence below with only one category word.\nSentence: ""A man is not a ___."" Completed sentence: A man is not a"	person	-3.045927	▁person	['_', 'human', 'person', 'man', 'thing']	neg	aff
"Complete the sentence below with only one category word.\nSentence: ""A woman is a ___."" Completed sentence: A woman is a"	person	-2.5551271	▁person	['_', 'human', 'person', 'lady', 'woman']	aff	aff
"Complete the sentence below with only one category word.\nSentence: ""A woman is a ___."" Completed sentence: A woman is a"	thing	-5.7132783	▁thing	['_', 'human', 'person', 'lady', 'woman']	aff	neg
"Complete the sentence below with only one category word.\nSentence: ""A woman is not a ___."" Completed sentence: A woman is not a"	thing	-3.7881536	▁thing	['_', 'person', 'human', 'man', 'thing']	neg	neg
"Complete the sentence below with only one category word.\nSentence: ""A woman is not a ___."" Completed sentence: A woman is not a"	person	-2.760829	▁person	['_', 'person', 'human', 'man', 'thing']	neg	aff
"Complete the sentence below with only one category word.\nSentence: ""A sock is a ___."" Completed sentence: A sock is a"	garment	-2.4484177	▁gar	['cl', '_', 'gar', 'foot', 'sh']	aff	aff
"Complete the sentence below with only one category word.\nSentence: ""A sock is a ___."" Completed sentence: A sock is a"	person	-6.2158947	▁	['cl', '_', 'gar', 'foot', 'sh']	aff	neg
"Complete the sentence below with only one category word.\nSentence: ""A sock is not a ___."" Completed sentence: A sock is not a"	person	-6.3314095	▁	['sh', '_', 'cl', 'gar', 'p']	neg	neg
"Complete the sentence below with only one category word.\nSentence: ""A sock is not a ___."" Completed sentence: A sock is not a"	garment	-3.096323	▁gar	['sh', '_', 'cl', 'gar', 'p']	neg	aff
"Complete the sentence below with only one category word.\nSentence: ""A student is a ___."" Completed sentence: A student is a"	person	-1.8764763	▁person	['lear', 'person', 'student', '_', 'human']	aff	aff
"Complete the sentence below with only one category word.\nSentence: ""A student is a ___."" Completed sentence: A student is a"	thing	-6.1379747	▁	['lear', 'person', 'student', '_', 'human']	aff	neg
"Complete the sentence below with only one category word.\nSentence: ""A student is not a ___."" Completed sentence: A student is not a"	thing	-5.8823376	▁	['student', '_', 'teacher', 'person', 'lear']	neg	neg
"Complete the sentence below with only one category word.\nSentence: ""A student is not a ___."" Completed sentence: A student is not a"	person	-2.744009	▁person	['student', '_', 'teacher', 'person', 'lear']	neg	aff
"Complete the sentence below with only one category word.\nSentence: ""A milk is a ___."" Completed sentence: A milk is a"	drink	-1.8787432	▁drink	['liquid', 'drink', 'food', '_', 'be']	aff	aff
"Complete the sentence below with only one category word.\nSentence: ""A milk is a ___."" Completed sentence: A milk is a"	vegetable	-6.2293167	▁	['liquid', 'drink', 'food', '_', 'be']	aff	neg
"Complete the sentence below with only one category word.\nSentence: ""A milk is not a ___."" Completed sentence: A milk is not a"	vegetable	-3.5853586	▁veget	['food', 'drink', 'fruit', '_', 'liquid']	neg	neg
"Complete the sentence below with only one category word.\nSentence: ""A milk is not a ___."" Completed sentence: A milk is not a"	drink	-2.4878616	▁drink	['food', 'drink', 'fruit', '_', 'liquid']	neg	aff
"Complete the sentence below with only one category word.\nSentence: ""A water is a ___."" Completed sentence: A water is a"	drink	-2.816455	▁drink	['liquid', '_', 'drink', 'fluid', 'be']	aff	aff
"Complete the sentence below with only one category word.\nSentence: ""A water is a ___."" Completed sentence: A water is a"	gas	-6.0364647	▁gas	['liquid', '_', 'drink', 'fluid', 'be']	aff	neg
"Complete the sentence below with only one category word.\nSentence: ""A water is not a ___."" Completed sentence: A water is not a"	gas	-5.3484983	▁gas	['liquid', '_', 'drink', 'food', 'fruit']	neg	neg
"Complete the sentence below with only one category word.\nSentence: ""A water is not a ___."" Completed sentence: A water is not a"	drink	-3.353053	▁drink	['liquid', '_', 'drink', 'food', 'fruit']	neg	aff
"Complete the sentence below with only one category word.\nSentence: ""A pearl is a ___."" Completed sentence: A pearl is a"	jewel	-1.7295303	▁j	['j', '_', 'gem', 'pre', 'neck']	aff	aff
"Complete the sentence below with only one category word.\nSentence: ""A pearl is a ___."" Completed sentence: A pearl is a"	tree	-6.2813816	▁	['j', '_', 'gem', 'pre', 'neck']	aff	neg
"Complete the sentence below with only one category word.\nSentence: ""A pearl is not a ___."" Completed sentence: A pearl is not a"	tree	-6.371236	▁	['j', '_', 'gem', 'stone', 'diam']	neg	neg
"Complete the sentence below with only one category word.\nSentence: ""A pearl is not a ___."" Completed sentence: A pearl is not a"	jewel	-1.9874191	▁j	['j', '_', 'gem', 'stone', 'diam']	neg	aff
"Complete the sentence below with only one category word.\nSentence: ""A ficus is a ___."" Completed sentence: A ficus is a"	tree	-1.7584305	▁tree	['plant', 'tree', '_', 'shr', 'fruit']	aff	aff
"Complete the sentence below with only one category word.\nSentence: ""A ficus is a ___."" Completed sentence: A ficus is a"	flower	-4.295288	▁flower	['plant', 'tree', '_', 'shr', 'fruit']	aff	neg
"Complete the sentence below with only one category word.\nSentence: ""A ficus is not a ___."" Completed sentence: A ficus is not a"	flower	-3.3440714	▁flower	['plant', 'tree', '_', 'fruit', 'flower']	neg	neg
"Complete the sentence below with only one category word.\nSentence: ""A ficus is not a ___."" Completed sentence: A ficus is not a"	tree	-2.4042816	▁tree	['plant', 'tree', '_', 'fruit', 'flower']	neg	aff
"Complete the sentence below with only one category word.\nSentence: ""A crane is a ___."" Completed sentence: A crane is a"	bird	-1.2822618	▁bird	['bird', 'machine', '_', 'vehicle', 'construction']	aff	aff
"Complete the sentence below with only one category word.\nSentence: ""A crane is a ___."" Completed sentence: A crane is a"	flower	-6.539319	▁	['bird', 'machine', '_', 'vehicle', 'construction']	aff	neg
"Complete the sentence below with only one category word.\nSentence: ""A crane is not a ___."" Completed sentence: A crane is not a"	flower	-6.41154	▁	['bird', '_', 'machine', 'vehicle', 'animal']	neg	neg
"Complete the sentence below with only one category word.\nSentence: ""A crane is not a ___."" Completed sentence: A crane is not a"	bird	-1.4126034	▁bird	['bird', '_', 'machine', 'vehicle', 'animal']	neg	aff
"Complete the sentence below with only one category word.\nSentence: ""A jaguar is a ___."" Completed sentence: A jaguar is a"	cat	-1.6270199	▁cat	['cat', 'm', '_', 'car', 'f']	aff	aff
"Complete the sentence below with only one category word.\nSentence: ""A jaguar is a ___."" Completed sentence: A jaguar is a"	reptile	-6.200246	▁	['cat', 'm', '_', 'car', 'f']	aff	neg
"Complete the sentence below with only one category word.\nSentence: ""A jaguar is not a ___."" Completed sentence: A jaguar is not a"	reptile	-6.375229	▁re	['cat', 'm', '_', 'f', 'bird']	neg	neg
"Complete the sentence below with only one category word.\nSentence: ""A jaguar is not a ___."" Completed sentence: A jaguar is not a"	cat	-1.3737116	▁cat	['cat', 'm', '_', 'f', 'bird']	neg	aff
"Complete the sentence below with only one category word.\nSentence: ""A sneaker is a ___."" Completed sentence: A sneaker is a"	shoe	-1.3562012	▁sh	['sh', 'foot', '_', 'sho', 'cl']	aff	aff
"Complete the sentence below with only one category word.\nSentence: ""A sneaker is a ___."" Completed sentence: A sneaker is a"	mineral	-5.7163744	▁	['sh', 'foot', '_', 'sho', 'cl']	aff	neg
"Complete the sentence below with only one category word.\nSentence: ""A sneaker is not a ___."" Completed sentence: A sneaker is not a"	mineral	-5.855155	▁	['sh', '_', 'foot', 'sho', 'cl']	neg	neg
"Complete the sentence below with only one category word.\nSentence: ""A sneaker is not a ___."" Completed sentence: A sneaker is not a"	shoe	-1.4370527	▁sh	['sh', '_', 'foot', 'sho', 'cl']	neg	aff
"Complete the sentence below with only one category word.\nSentence: ""A volleyball is a ___."" Completed sentence: A volleyball is a"	ball	-1.6239052	▁ball	['ball', 'sport', '_', 'round', 'game']	aff	aff
"Complete the sentence below with only one category word.\nSentence: ""A volleyball is a ___."" Completed sentence: A volleyball is a"	tool	-6.085263	▁	['ball', 'sport', '_', 'round', 'game']	aff	neg
"Complete the sentence below with only one category word.\nSentence: ""A volleyball is not a ___."" Completed sentence: A volleyball is not a"	tool	-4.253889	▁tool	['sport', 'ball', '_', 'to', 'game']	neg	neg
"Complete the sentence below with only one category word.\nSentence: ""A volleyball is not a ___."" Completed sentence: A volleyball is not a"	ball	-2.069642	▁ball	['sport', 'ball', '_', 'to', 'game']	neg	aff
"Complete the sentence below with only one category word.\nSentence: ""A train is a ___."" Completed sentence: A train is a"	machine	-3.9607172	▁machine	['vehicle', 'transport', '_', 'mode', 'means']	aff	aff
"Complete the sentence below with only one category word.\nSentence: ""A train is a ___."" Completed sentence: A train is a"	weapon	-6.3554564	▁	['vehicle', 'transport', '_', 'mode', 'means']	aff	neg
"Complete the sentence below with only one category word.\nSentence: ""A train is not a ___."" Completed sentence: A train is not a"	weapon	-5.99405	▁	['vehicle', '_', 'car', 'transport', 'mode']	neg	neg
"Complete the sentence below with only one category word.\nSentence: ""A train is not a ___."" Completed sentence: A train is not a"	machine	-3.9746094	▁machine	['vehicle', '_', 'car', 'transport', 'mode']	neg	aff
"Complete the sentence below with only one category word.\nSentence: ""A college is an ___."" Completed sentence: A college is an"	institution	-1.2822819	▁institution	['institution', '_', 'educational', 'education', 'inst']	aff	aff
"Complete the sentence below with only one category word.\nSentence: ""A college is a ___."" Completed sentence: A college is a"	creature	-5.775652	▁	['school', 'place', '_', 'university', 'building']	aff	neg
"Complete the sentence below with only one category word.\nSentence: ""A college is not a ___."" Completed sentence: A college is not a"	creature	-5.9036446	▁	['school', 'place', '_', 'university', 'business']	neg	neg
"Complete the sentence below with only one category word.\nSentence: ""A college is not an ___."" Completed sentence: A college is not an"	institution	-1.1831036	▁institution	['institution', '_', 'university', 'organization', 'education']	neg	aff
"Complete the sentence below with only one category word.\nSentence: ""A child is a ___."" Completed sentence: A child is a"	person	-2.0716562	▁person	['person', 'human', '_', 'gift', 'bless']	aff	aff
"Complete the sentence below with only one category word.\nSentence: ""A child is an ___."" Completed sentence: A child is an"	adult	-3.1320524	▁adult	['_', 'asset', 'adult', 'invest', 'individual']	aff	neg
"Complete the sentence below with only one category word.\nSentence: ""A child is not an ___."" Completed sentence: A child is not an"	adult	-2.502451	▁adult	['object', 'animal', 'adult', '_', 'item']	neg	neg
"Complete the sentence below with only one category word.\nSentence: ""A child is not a ___."" Completed sentence: A child is not a"	person	-2.0576057	▁person	['person', '_', 'human', 'thing', 'citiz']	neg	aff
"Complete the sentence below with only one category word.\nSentence: ""A spy is a ___."" Completed sentence: A spy is a"	person	-3.1371174	▁person	['_', 'secret', 'sp', 'person', 'agent']	aff	aff
"Complete the sentence below with only one category word.\nSentence: ""A spy is a ___."" Completed sentence: A spy is a"	thing	-5.723935	▁	['_', 'secret', 'sp', 'person', 'agent']	aff	neg
"Complete the sentence below with only one category word.\nSentence: ""A spy is not a ___."" Completed sentence: A spy is not a"	thing	-6.154479	▁	['_', 'person', 'sp', 'secret', 'citiz']	neg	neg
"Complete the sentence below with only one category word.\nSentence: ""A spy is not a ___."" Completed sentence: A spy is not a"	person	-3.0877209	▁person	['_', 'person', 'sp', 'secret', 'citiz']	neg	aff
"Complete the sentence below with only one category word.\nSentence: ""A hunter is a ___."" Completed sentence: A hunter is a"	person	-3.0007858	▁person	['_', 'sports', 'person', 'h', 'man']	aff	aff
"Complete the sentence below with only one category word.\nSentence: ""A hunter is an ___."" Completed sentence: A hunter is an"	animal	-1.4356918	▁animal	['animal', '_', 'out', 'advent', 'expl']	aff	neg
"Complete the sentence below with only one category word.\nSentence: ""A hunter is not an ___."" Completed sentence: A hunter is not an"	animal	-1.3409452	▁animal	['animal', '_', 'out', 'ath', 'expert']	neg	neg
"Complete the sentence below with only one category word.\nSentence: ""A hunter is not a ___."" Completed sentence: A hunter is not a"	person	-4.015835	▁person	['_', 'sports', 'h', 'sport', 'man']	neg	aff
"Complete the sentence below with only one category word.\nSentence: ""A musician is a ___."" Completed sentence: A musician is a"	person	-3.0320349	▁person	['_', 'perform', 'music', 'person', 'professional']	aff	aff
"Complete the sentence below with only one category word.\nSentence: ""A musician is an ___."" Completed sentence: A musician is an"	animal	-6.7800837	▁	['artist', '_', 'ent', 'Art', 'actor']	aff	neg
"Complete the sentence below with only one category word.\nSentence: ""A musician is not an ___."" Completed sentence: A musician is not an"	animal	-4.911168	▁animal	['artist', '_', 'ent', 'instrument', 'ath']	neg	neg
"Complete the sentence below with only one category word.\nSentence: ""A musician is not a ___."" Completed sentence: A musician is not a"	person	-3.4908686	▁person	['_', 'professional', 'music', 'perform', 'person']	neg	aff
"Complete the sentence below with only one category word.\nSentence: ""A machine is a ___."" Completed sentence: A machine is a"	thing	-3.4940205	▁thing	['tool', '_', 'device', 'machine', 'thing']	aff	aff
"Complete the sentence below with only one category word.\nSentence: ""A machine is a ___."" Completed sentence: A machine is a"	person	-6.29009	▁	['tool', '_', 'device', 'machine', 'thing']	aff	neg
"Complete the sentence below with only one category word.\nSentence: ""A machine is not a ___."" Completed sentence: A machine is not a"	person	-3.7705708	▁person	['_', 'tool', 'human', 'thing', 'living']	neg	neg
"Complete the sentence below with only one category word.\nSentence: ""A machine is not a ___."" Completed sentence: A machine is not a"	thing	-3.360488	▁thing	['_', 'tool', 'human', 'thing', 'living']	neg	aff
"Complete the sentence below with only one category word.\nSentence: ""A scientist is a ___."" Completed sentence: A scientist is a"	person	-2.8306541	▁person	['_', 'person', 'research', 'professional', '(']	aff	aff
"Complete the sentence below with only one category word.\nSentence: ""A scientist is a ___."" Completed sentence: A scientist is a"	computer	-6.2980356	▁	['_', 'person', 'research', 'professional', '(']	aff	neg
"Complete the sentence below with only one category word.\nSentence: ""A scientist is not a ___."" Completed sentence: A scientist is not a"	computer	-6.115902	▁computer	['_', 'person', 'doctor', 'human', 'scient']	neg	neg
"Complete the sentence below with only one category word.\nSentence: ""A scientist is not a ___."" Completed sentence: A scientist is not a"	person	-3.4369059	▁person	['_', 'person', 'doctor', 'human', 'scient']	neg	aff
"Complete the sentence below with only one category word.\nSentence: ""A professor is a ___."" Completed sentence: A professor is a"	person	-3.4559946	▁person	['teacher', '_', 'professor', 'professional', 'person']	aff	aff
"Complete the sentence below with only one category word.\nSentence: ""A professor is a ___."" Completed sentence: A professor is a"	building	-6.358222	▁	['teacher', '_', 'professor', 'professional', 'person']	aff	neg
"Complete the sentence below with only one category word.\nSentence: ""A professor is not a ___."" Completed sentence: A professor is not a"	building	-6.378809	▁	['teacher', '_', 'doctor', 'scient', 'person']	neg	neg
"Complete the sentence below with only one category word.\nSentence: ""A professor is not a ___."" Completed sentence: A professor is not a"	person	-3.6381693	▁person	['teacher', '_', 'doctor', 'scient', 'person']	neg	aff
"Complete the sentence below with only one category word.\nSentence: ""A kitten is an ___."" Completed sentence: A kitten is an"	animal	-0.47896194	▁animal	['animal', '_', '__', 'pet', 'm']	aff	aff
"Complete the sentence below with only one category word.\nSentence: ""A kitten is a ___."" Completed sentence: A kitten is a"	plant	-6.1074533	▁	['pet', '_', 'cat', 'm', 'animal']	aff	neg
"Complete the sentence below with only one category word.\nSentence: ""A kitten is not a ___."" Completed sentence: A kitten is not a"	plant	-6.1543684	▁	['pet', 'cat', '_', 'dog', 'm']	neg	neg
"Complete the sentence below with only one category word.\nSentence: ""A kitten is not an ___."" Completed sentence: A kitten is not an"	animal	-0.5332947	▁animal	['animal', '_', 'object', 'pet', '__']	neg	aff
"Complete the sentence below with only one category word.\nSentence: ""A piano is an ___."" Completed sentence: A piano is an"	instrument	-0.4412403	▁instrument	['instrument', '_', 'musical', 'Inst', '__']	aff	aff
"Complete the sentence below with only one category word.\nSentence: ""A piano is a ___."" Completed sentence: A piano is a"	drink	-6.1996593	▁	['musical', '_', 'instrument', 'M', 'Musical']	aff	neg
"Complete the sentence below with only one category word.\nSentence: ""A piano is not a ___."" Completed sentence: A piano is not a"	drink	-5.8179417	▁	['musical', '_', 'instrument', 'furn', 'tool']	neg	neg
"Complete the sentence below with only one category word.\nSentence: ""A piano is not an ___."" Completed sentence: A piano is not an"	instrument	-0.58428955	▁instrument	['instrument', '_', 'app', 'Inst', 'musical']	neg	aff
"Complete the sentence below with only one category word.\nSentence: ""A ship is a ___."" Completed sentence: A ship is a"	vessel	-2.0955849	▁vessel	['vehicle', 'vessel', '_', 'boat', 'water']	aff	aff
"Complete the sentence below with only one category word.\nSentence: ""A ship is a ___."" Completed sentence: A ship is a"	mineral	-6.3958006	▁	['vehicle', 'vessel', '_', 'boat', 'water']	aff	neg
"Complete the sentence below with only one category word.\nSentence: ""A ship is not a ___."" Completed sentence: A ship is not a"	mineral	-6.299961	▁	['_', 'vehicle', 'boat', 'vessel', 'ship']	neg	neg
"Complete the sentence below with only one category word.\nSentence: ""A ship is not a ___."" Completed sentence: A ship is not a"	vessel	-3.4286232	▁vessel	['_', 'vehicle', 'boat', 'vessel', 'ship']	neg	aff
"Complete the sentence below with only one category word.\nSentence: ""A noun is a ___."" Completed sentence: A noun is a"	word	-2.4129639	▁word	['person', '_', 'word', 'category', 'name']	aff	aff
"Complete the sentence below with only one category word.\nSentence: ""A noun is a ___."" Completed sentence: A noun is a"	verb	-5.4433947	▁verb	['person', '_', 'word', 'category', 'name']	aff	neg
"Complete the sentence below with only one category word.\nSentence: ""A noun is not a ___."" Completed sentence: A noun is not a"	verb	-2.691759	▁verb	['_', 'category', 'verb', 'thing', 'person']	neg	neg
"Complete the sentence below with only one category word.\nSentence: ""A noun is not a ___."" Completed sentence: A noun is not a"	word	-3.5220985	▁word	['_', 'category', 'verb', 'thing', 'person']	neg	aff
"Complete the sentence below with only one category word.\nSentence: ""An adjective is a ___."" Completed sentence: An adjective is a"	word	-2.4223604	▁word	['n', 'category', '_', 'describing', 'word']	aff	aff
"Complete the sentence below with only one category word.\nSentence: ""An adjective is a ___."" Completed sentence: An adjective is a"	verb	-5.5148926	▁verb	['n', 'category', '_', 'describing', 'word']	aff	neg
"Complete the sentence below with only one category word.\nSentence: ""An adjective is not a ___."" Completed sentence: An adjective is not a"	verb	-3.23077	▁verb	['n', 'category', '_', 'verb', 'word']	neg	neg
"Complete the sentence below with only one category word.\nSentence: ""An adjective is not a ___."" Completed sentence: An adjective is not a"	word	-3.5169077	▁word	['n', 'category', '_', 'verb', 'word']	neg	aff
"Complete the sentence below with only one category word.\nSentence: ""A pronoun is a ___."" Completed sentence: A pronoun is a"	word	-1.7652321	▁word	['word', 'subject', 'n', '_', 'person']	aff	aff
"Complete the sentence below with only one category word.\nSentence: ""A pronoun is a ___."" Completed sentence: A pronoun is a"	verb	-5.42889	▁	['word', 'subject', 'n', '_', 'person']	aff	neg
"Complete the sentence below with only one category word.\nSentence: ""A pronoun is not a ___."" Completed sentence: A pronoun is not a"	verb	-5.229974	▁verb	['n', 'subject', '_', 'category', 'word']	neg	neg
"Complete the sentence below with only one category word.\nSentence: ""A pronoun is not a ___."" Completed sentence: A pronoun is not a"	word	-3.0545597	▁word	['n', 'subject', '_', 'category', 'word']	neg	aff
"Complete the sentence below with only one category word.\nSentence: ""A verb is a ___."" Completed sentence: A verb is a"	word	-2.0695686	▁word	['_', 'n', 'word', 'action', 'part']	aff	aff
"Complete the sentence below with only one category word.\nSentence: ""A verb is a ___."" Completed sentence: A verb is a"	noun	-1.9402637	▁n	['_', 'n', 'word', 'action', 'part']	aff	neg
"Complete the sentence below with only one category word.\nSentence: ""A verb is not a ___."" Completed sentence: A verb is not a"	noun	-0.8036547	▁n	['n', '_', 'category', 'word', 'predicate']	neg	neg
"Complete the sentence below with only one category word.\nSentence: ""A verb is not a ___."" Completed sentence: A verb is not a"	word	-3.5870314	▁word	['n', '_', 'category', 'word', 'predicate']	neg	aff
"Complete the sentence below with only one category word.\nSentence: ""An adverb is a ___."" Completed sentence: An adverb is a"	word	-1.4611578	▁word	['word', '_', 'part', 'category', 'mod']	aff	aff
"Complete the sentence below with only one category word.\nSentence: ""An adverb is a ___."" Completed sentence: An adverb is a"	noun	-4.549755	▁n	['word', '_', 'part', 'category', 'mod']	aff	neg
"Complete the sentence below with only one category word.\nSentence: ""An adverb is not a ___."" Completed sentence: An adverb is not a"	noun	-2.4852571	▁n	['_', 'n', 'word', 'category', 'verb']	neg	neg
"Complete the sentence below with only one category word.\nSentence: ""An adverb is not a ___."" Completed sentence: An adverb is not a"	word	-2.5772247	▁word	['_', 'n', 'word', 'category', 'verb']	neg	aff
"Complete the sentence below with only one category word.\nSentence: ""A screwdriver is a ___."" Completed sentence: A screwdriver is a"	tool	-0.760952	▁tool	['tool', 'hand', '_', 'hardware', '(']	aff	aff
"Complete the sentence below with only one category word.\nSentence: ""A screwdriver is a ___."" Completed sentence: A screwdriver is a"	vegetable	-5.8741264	▁	['tool', 'hand', '_', 'hardware', '(']	aff	neg
"Complete the sentence below with only one category word.\nSentence: ""A screwdriver is not a ___."" Completed sentence: A screwdriver is not a"	vegetable	-5.933576	▁	['tool', '_', 'ham', 'hand', 'n']	neg	neg
"Complete the sentence below with only one category word.\nSentence: ""A screwdriver is not a ___."" Completed sentence: A screwdriver is not a"	tool	-1.1982317	▁tool	['tool', '_', 'ham', 'hand', 'n']	neg	aff
"Complete the sentence below with only one category word.\nSentence: ""A shack is a ___."" Completed sentence: A shack is a"	building	-2.708665	▁building	['house', '_', 'shelter', 'building', 'home']	aff	aff
"Complete the sentence below with only one category word.\nSentence: ""A shack is a ___."" Completed sentence: A shack is a"	bird	-6.204813	▁	['house', '_', 'shelter', 'building', 'home']	aff	neg
"Complete the sentence below with only one category word.\nSentence: ""A shack is not a ___."" Completed sentence: A shack is not a"	bird	-6.2789116	▁	['house', 'home', '_', 'building', 'shelter']	neg	neg
"Complete the sentence below with only one category word.\nSentence: ""A shack is not a ___."" Completed sentence: A shack is not a"	building	-3.3067808	▁building	['house', 'home', '_', 'building', 'shelter']	neg	aff
"Complete the sentence below with only one category word.\nSentence: ""A toaster is an ___."" Completed sentence: A toaster is an"	appliance	-0.7981281	▁app	['app', 'elect', '_', 'electronic', 'electric']	aff	aff
"Complete the sentence below with only one category word.\nSentence: ""A toaster is a ___."" Completed sentence: A toaster is a"	toy	-5.3763976	▁to	['kitchen', '_', 'app', 'household', 'machine']	aff	neg
"Complete the sentence below with only one category word.\nSentence: ""A toaster is not a ___."" Completed sentence: A toaster is not a"	toy	-4.4366093	▁to	['kitchen', '_', 'machine', 'app', 'device']	neg	neg
"Complete the sentence below with only one category word.\nSentence: ""A toaster is not an ___."" Completed sentence: A toaster is not an"	appliance	-0.62672997	▁app	['app', 'elect', '_', 'electronic', 'o']	neg	aff
"Complete the sentence below with only one category word.\nSentence: ""A microwave is an ___."" Completed sentence: A microwave is an"	appliance	-0.93011665	▁app	['app', 'elect', 'electronic', '_', 'electric']	aff	aff
"Complete the sentence below with only one category word.\nSentence: ""A microwave is a ___."" Completed sentence: A microwave is a"	plant	-5.9091635	▁	['kitchen', '_', 'household', 'app', 'cook']	aff	neg
"Complete the sentence below with only one category word.\nSentence: ""A microwave is not a ___."" Completed sentence: A microwave is not a"	plant	-5.886359	▁	['_', 'kitchen', 'cook', 'app', 'category']	neg	neg
"Complete the sentence below with only one category word.\nSentence: ""A microwave is not an ___."" Completed sentence: A microwave is not an"	appliance	-0.6983824	▁app	['app', 'o', 'elect', 'electronic', '_']	neg	aff
"Complete the sentence below with only one category word.\nSentence: ""A coffeemaker is an ___."" Completed sentence: A coffeemaker is an"	appliance	-0.7069702	▁app	['app', 'elect', '_', 'electronic', 'electric']	aff	aff
"Complete the sentence below with only one category word.\nSentence: ""A coffeemaker is a ___."" Completed sentence: A coffeemaker is a"	food	-6.292333	▁	['kitchen', '_', 'app', 'household', 'machine']	aff	neg
"Complete the sentence below with only one category word.\nSentence: ""A coffeemaker is not a ___."" Completed sentence: A coffeemaker is not a"	food	-5.2159166	▁food	['kitchen', '_', 'app', 'machine', 'category']	neg	neg
"Complete the sentence below with only one category word.\nSentence: ""A coffeemaker is not an ___."" Completed sentence: A coffeemaker is not an"	appliance	-0.57662106	▁app	['app', 'elect', '_', 'electronic', 'ut']	neg	aff
"Complete the sentence below with only one category word.\nSentence: ""A sofa is a ___."" Completed sentence: A sofa is a"	furniture	-1.5072699	▁furn	['furn', 'piece', '_', 'living', 'c']	aff	aff
"Complete the sentence below with only one category word.\nSentence: ""A sofa is a ___."" Completed sentence: A sofa is a"	toy	-5.9889326	▁	['furn', 'piece', '_', 'living', 'c']	aff	neg
"Complete the sentence below with only one category word.\nSentence: ""A sofa is not a ___."" Completed sentence: A sofa is not a"	toy	-6.0675364	▁	['furn', 'chair', 'piece', '_', 'c']	neg	neg
"Complete the sentence below with only one category word.\nSentence: ""A sofa is not a ___."" Completed sentence: A sofa is not a"	furniture	-1.7563677	▁furn	['furn', 'chair', 'piece', '_', 'c']	neg	aff
"Complete the sentence below with only one category word.\nSentence: ""A lantern is a ___."" Completed sentence: A lantern is a"	light	-1.417469	▁light	['light', '_', 'tool', 'l', 'device']	aff	aff
"Complete the sentence below with only one category word.\nSentence: ""A lantern is a ___."" Completed sentence: A lantern is a"	food	-5.8001404	▁	['light', '_', 'tool', 'l', 'device']	aff	neg
"Complete the sentence below with only one category word.\nSentence: ""A lantern is not a ___."" Completed sentence: A lantern is not a"	food	-5.834049	▁	['light', '_', 'tool', 'cand', 'category']	neg	neg
"Complete the sentence below with only one category word.\nSentence: ""A lantern is not a ___."" Completed sentence: A lantern is not a"	light	-2.1562767	▁light	['light', '_', 'tool', 'cand', 'category']	neg	aff
"Complete the sentence below with only one category word.\nSentence: ""A hospital is a ___."" Completed sentence: A hospital is a"	building	-2.3225584	▁building	['place', '_', 'health', 'building', 'medical']	aff	aff
"Complete the sentence below with only one category word.\nSentence: ""A hospital is a ___."" Completed sentence: A hospital is a"	river	-6.1628475	▁	['place', '_', 'health', 'building', 'medical']	aff	neg
"Complete the sentence below with only one category word.\nSentence: ""A hospital is not a ___."" Completed sentence: A hospital is not a"	river	-6.018651	▁	['place', '_', 'business', 'building', 'hospital']	neg	neg
"Complete the sentence below with only one category word.\nSentence: ""A hospital is not a ___."" Completed sentence: A hospital is not a"	building	-3.2732563	▁building	['place', '_', 'business', 'building', 'hospital']	neg	aff
"Complete the sentence below with only one category word.\nSentence: ""A lock is a ___."" Completed sentence: A lock is a"	device	-2.49864	▁device	['_', 'security', 'device', 'mechanical', 'tool']	aff	aff
"Complete the sentence below with only one category word.\nSentence: ""A lock is a ___."" Completed sentence: A lock is a"	garment	-6.0001793	▁	['_', 'security', 'device', 'mechanical', 'tool']	aff	neg
"Complete the sentence below with only one category word.\nSentence: ""A lock is not a ___."" Completed sentence: A lock is not a"	garment	-6.171771	▁	['key', '_', 'door', 'tool', 'lock']	neg	neg
"Complete the sentence below with only one category word.\nSentence: ""A lock is not a ___."" Completed sentence: A lock is not a"	device	-3.863306	▁device	['key', '_', 'door', 'tool', 'lock']	neg	aff
"Complete the sentence below with only one category word.\nSentence: ""A suit is a ___."" Completed sentence: A suit is a"	garment	-2.0891285	▁gar	['cl', '_', 'gar', 'piece', 'business']	aff	aff
"Complete the sentence below with only one category word.\nSentence: ""A suit is a ___."" Completed sentence: A suit is a"	tool	-6.0457735	▁	['cl', '_', 'gar', 'piece', 'business']	aff	neg
"Complete the sentence below with only one category word.\nSentence: ""A suit is not a ___."" Completed sentence: A suit is not a"	tool	-6.1013927	▁	['_', 'cl', 'gar', 'dress', 'p']	neg	neg
"Complete the sentence below with only one category word.\nSentence: ""A suit is not a ___."" Completed sentence: A suit is not a"	garment	-2.6304836	▁gar	['_', 'cl', 'gar', 'dress', 'p']	neg	aff
"Complete the sentence below with only one category word.\nSentence: ""A clamp is a ___."" Completed sentence: A clamp is a"	tool	-0.78362656	▁tool	['tool', '_', 'device', 'hand', 'fast']	aff	aff
"Complete the sentence below with only one category word.\nSentence: ""A clamp is a ___."" Completed sentence: A clamp is a"	mineral	-6.2236347	▁	['tool', '_', 'device', 'hand', 'fast']	aff	neg
"Complete the sentence below with only one category word.\nSentence: ""A clamp is not a ___."" Completed sentence: A clamp is not a"	mineral	-6.076399	▁	['tool', '_', 'device', 'ham', 'n']	neg	neg
"Complete the sentence below with only one category word.\nSentence: ""A clamp is not a ___."" Completed sentence: A clamp is not a"	tool	-1.3686266	▁tool	['tool', '_', 'device', 'ham', 'n']	neg	aff
"Complete the sentence below with only one category word.\nSentence: ""A ruby is a ___."" Completed sentence: A ruby is a"	mineral	-3.3363829	▁min	['gem', 'pre', '_', 'stone', 'j']	aff	aff
"Complete the sentence below with only one category word.\nSentence: ""A ruby is a ___."" Completed sentence: A ruby is a"	toy	-5.4852085	▁	['gem', 'pre', '_', 'stone', 'j']	aff	neg
"Complete the sentence below with only one category word.\nSentence: ""A ruby is not a ___."" Completed sentence: A ruby is not a"	toy	-6.070324	▁	['j', 'stone', 'gem', '_', 'diam']	neg	neg
"Complete the sentence below with only one category word.\nSentence: ""A ruby is not a ___."" Completed sentence: A ruby is not a"	mineral	-3.6539812	▁min	['j', 'stone', 'gem', '_', 'diam']	neg	aff
"Complete the sentence below with only one category word.\nSentence: ""A doll is a ___."" Completed sentence: A doll is a"	toy	-0.9268904	▁to	['to', '_', 'TO', 'doll', 'pl']	aff	aff
"Complete the sentence below with only one category word.\nSentence: ""A doll is a ___."" Completed sentence: A doll is a"	creature	-5.774152	▁	['to', '_', 'TO', 'doll', 'pl']	aff	neg
"Complete the sentence below with only one category word.\nSentence: ""A doll is not a ___."" Completed sentence: A doll is not a"	creature	-5.7410536	▁	['to', '_', 'pet', 'category', 'cat']	neg	neg
"Complete the sentence below with only one category word.\nSentence: ""A doll is not a ___."" Completed sentence: A doll is not a"	toy	-1.3856573	▁to	['to', '_', 'pet', 'category', 'cat']	neg	aff
"Complete the sentence below with only one category word.\nSentence: ""A dog is a ___."" Completed sentence: A dog is a"	creature	-5.683872	▁creature	['pet', '_', 'm', 'cat', 'animal']	aff	aff
"Complete the sentence below with only one category word.\nSentence: ""A dog is a ___."" Completed sentence: A dog is a"	building	-5.752469	▁	['pet', '_', 'm', 'cat', 'animal']	aff	neg
"Complete the sentence below with only one category word.\nSentence: ""A dog is not a ___."" Completed sentence: A dog is not a"	building	-6.242218	▁	['cat', 'pet', '_', 'm', 'animal']	neg	neg
"Complete the sentence below with only one category word.\nSentence: ""A dog is not a ___."" Completed sentence: A dog is not a"	creature	-5.934597	▁creature	['cat', 'pet', '_', 'm', 'animal']	neg	aff
"Complete the sentence below with only one category word.\nSentence: ""A sandwich is a ___."" Completed sentence: A sandwich is a"	food	-1.2409506	▁food	['food', '_', 'me', 'l', 'sn']	aff	aff
"Complete the sentence below with only one category word.\nSentence: ""A sandwich is a ___."" Completed sentence: A sandwich is a"	tool	-5.6415644	▁	['food', '_', 'me', 'l', 'sn']	aff	neg
"Complete the sentence below with only one category word.\nSentence: ""A sandwich is not a ___."" Completed sentence: A sandwich is not a"	tool	-5.6727324	▁	['food', 'me', '_', 'sn', 'l']	neg	neg
"Complete the sentence below with only one category word.\nSentence: ""A sandwich is not a ___."" Completed sentence: A sandwich is not a"	food	-1.4495506	▁food	['food', 'me', '_', 'sn', 'l']	neg	aff
"Complete the sentence below with only one category word.\nSentence: ""A cake is a ___."" Completed sentence: A cake is a"	dessert	-2.600562	▁dess	['food', 'b', '_', 'dess', 'sweet']	aff	aff
"Complete the sentence below with only one category word.\nSentence: ""A cake is a ___."" Completed sentence: A cake is a"	toy	-5.8020477	▁	['food', 'b', '_', 'dess', 'sweet']	aff	neg
"Complete the sentence below with only one category word.\nSentence: ""A cake is not a ___."" Completed sentence: A cake is not a"	toy	-5.326106	▁to	['food', '_', 'dess', 'c', 'me']	neg	neg
"Complete the sentence below with only one category word.\nSentence: ""A cake is not a ___."" Completed sentence: A cake is not a"	dessert	-3.1810436	▁dess	['food', '_', 'dess', 'c', 'me']	neg	aff
"Complete the sentence below with only one category word.\nSentence: ""A raccoon is an ___."" Completed sentence: A raccoon is an"	animal	-1.6195297	▁animal	['m', 'animal', '_', 'M', '__']	aff	aff
"Complete the sentence below with only one category word.\nSentence: ""A raccoon is a ___."" Completed sentence: A raccoon is a"	bird	-6.377013	▁	['m', '_', 'car', 'M', 'animal']	aff	neg
"Complete the sentence below with only one category word.\nSentence: ""A raccoon is not a ___."" Completed sentence: A raccoon is not a"	bird	-3.1464367	▁bird	['m', '_', 'cat', 'bird', 'pet']	neg	neg
"Complete the sentence below with only one category word.\nSentence: ""A raccoon is not an ___."" Completed sentence: A raccoon is not an"	animal	-0.6859207	▁animal	['animal', '_', 'm', '__', '(']	neg	aff
"Complete the sentence below with only one category word.\nSentence: ""A hut is a ___."" Completed sentence: A hut is a"	building	-2.3319273	▁building	['house', 'shelter', '_', 'building', 'home']	aff	aff
"Complete the sentence below with only one category word.\nSentence: ""A hut is an ___."" Completed sentence: A hut is an"	insect	-5.693475	▁	['_', 'ab', 'house', 'accommod', 'object']	aff	neg
"Complete the sentence below with only one category word.\nSentence: ""A hut is not an ___."" Completed sentence: A hut is not an"	insect	-5.9018307	▁	['_', 'house', 'ab', 'object', 'a']	neg	neg
"Complete the sentence below with only one category word.\nSentence: ""A hut is not a ___."" Completed sentence: A hut is not a"	building	-2.5275812	▁building	['house', 'home', 'building', '_', 'shelter']	neg	aff
"Complete the sentence below with only one category word.\nSentence: ""A penguin is an ___."" Completed sentence: A penguin is an"	animal	-1.2811651	▁animal	['animal', '_', 'bird', 'm', 'aqu']	aff	aff
"Complete the sentence below with only one category word.\nSentence: ""A penguin is a ___."" Completed sentence: A penguin is a"	plant	-6.501546	▁	['bird', '_', 'm', 'verte', 'animal']	aff	neg
"Complete the sentence below with only one category word.\nSentence: ""A penguin is not a ___."" Completed sentence: A penguin is not a"	plant	-6.6499987	▁	['bird', 'm', '_', 'cat', 'animal']	neg	neg
"Complete the sentence below with only one category word.\nSentence: ""A penguin is not an ___."" Completed sentence: A penguin is not an"	animal	-0.7858143	▁animal	['animal', '_', 'm', 'bird', 'o']	neg	aff
"Complete the sentence below with only one category word.\nSentence: ""A book is a ___."" Completed sentence: A book is a"	media	-5.636017	▁	['_', 'book', 'medium', '__', '(']	aff	aff
"Complete the sentence below with only one category word.\nSentence: ""A book is an ___."" Completed sentence: A book is an"	instrument	-3.2721071	▁instrument	['object', '_', 'instrument', 'information', 'article']	aff	neg
"Complete the sentence below with only one category word.\nSentence: ""A book is not an ___."" Completed sentence: A book is not an"	instrument	-3.2777882	▁instrument	['object', '_', 'article', 'instrument', 'entertain']	neg	neg
"Complete the sentence below with only one category word.\nSentence: ""A book is not a ___."" Completed sentence: A book is not a"	media	-5.847866	▁	['_', 'book', 'category', 'thing', 'friend']	neg	aff
"Complete the sentence below with only one category word.\nSentence: ""A bridge is a ___."" Completed sentence: A bridge is a"	structure	-1.4284754	▁structure	['structure', '_', 'transport', 'vehicle', 'road']	aff	aff
"Complete the sentence below with only one category word.\nSentence: ""A bridge is a ___."" Completed sentence: A bridge is a"	toy	-6.0679817	▁	['structure', '_', 'transport', 'vehicle', 'road']	aff	neg
"Complete the sentence below with only one category word.\nSentence: ""A bridge is not a ___."" Completed sentence: A bridge is not a"	toy	-4.812092	▁to	['_', 'road', 'vehicle', 'bridge', 'structure']	neg	neg
"Complete the sentence below with only one category word.\nSentence: ""A bridge is not a ___."" Completed sentence: A bridge is not a"	structure	-3.5004606	▁structure	['_', 'road', 'vehicle', 'bridge', 'structure']	neg	aff
"Complete the sentence below with only one category word.\nSentence: ""A badger is an ___."" Completed sentence: A badger is an"	animal	-1.3866987	▁animal	['m', 'animal', '_', 'M', '__']	aff	aff
"Complete the sentence below with only one category word.\nSentence: ""A badger is a ___."" Completed sentence: A badger is a"	plant	-6.4853077	▁	['m', '_', 'rod', 'M', 'car']	aff	neg
"Complete the sentence below with only one category word.\nSentence: ""A badger is not a ___."" Completed sentence: A badger is not a"	plant	-6.323535	▁	['m', 'cat', '_', 'animal', 'rod']	neg	neg
"Complete the sentence below with only one category word.\nSentence: ""A badger is not an ___."" Completed sentence: A badger is not an"	animal	-0.7128706	▁animal	['animal', '_', 'm', '__', '...']	neg	aff
"Complete the sentence below with only one category word.\nSentence: ""A pulley is a ___."" Completed sentence: A pulley is a"	machine	-1.5824432	▁machine	['machine', 'mechanical', 'wheel', '_', 'device']	aff	aff
"Complete the sentence below with only one category word.\nSentence: ""A pulley is a ___."" Completed sentence: A pulley is a"	person	-6.7289066	▁	['machine', 'mechanical', 'wheel', '_', 'device']	aff	neg
"Complete the sentence below with only one category word.\nSentence: ""A pulley is not a ___."" Completed sentence: A pulley is not a"	person	-6.1862664	▁	['machine', 'wheel', '_', 'tool', 'category']	neg	neg
"Complete the sentence below with only one category word.\nSentence: ""A pulley is not a ___."" Completed sentence: A pulley is not a"	machine	-2.104148	▁machine	['machine', 'wheel', '_', 'tool', 'category']	neg	aff
"Complete the sentence below with only one category word.\nSentence: ""A sapphire is a ___."" Completed sentence: A sapphire is a"	mineral	-2.7131653	▁min	['gem', 'stone', '_', 'j', 'pre']	aff	aff
"Complete the sentence below with only one category word.\nSentence: ""A sapphire is a ___."" Completed sentence: A sapphire is a"	gas	-5.8251	▁	['gem', 'stone', '_', 'j', 'pre']	aff	neg
"Complete the sentence below with only one category word.\nSentence: ""A sapphire is not a ___."" Completed sentence: A sapphire is not a"	gas	-6.1503744	▁	['gem', 'j', 'stone', '_', 'diam']	neg	neg
"Complete the sentence below with only one category word.\nSentence: ""A sapphire is not a ___."" Completed sentence: A sapphire is not a"	mineral	-3.323596	▁min	['gem', 'j', 'stone', '_', 'diam']	neg	aff
"Complete the sentence below with only one category word.\nSentence: ""A possum is an ___."" Completed sentence: A possum is an"	animal	-1.7841578	▁animal	['m', 'mars', 'animal', '_', 'M']	aff	aff
"Complete the sentence below with only one category word.\nSentence: ""A possum is a ___."" Completed sentence: A possum is a"	plant	-6.4827843	▁	['m', 'mars', '_', 'M', 'animal']	aff	neg
"Complete the sentence below with only one category word.\nSentence: ""A possum is not a ___."" Completed sentence: A possum is not a"	plant	-6.3828993	▁	['m', '_', 'cat', 'bird', 'mars']	neg	neg
"Complete the sentence below with only one category word.\nSentence: ""A possum is not an ___."" Completed sentence: A possum is not an"	animal	-0.71382046	▁animal	['animal', '_', 'm', 'am', 'mars']	neg	aff
"Complete the sentence below with only one category word.\nSentence: ""A panther is an ___."" Completed sentence: A panther is an"	animal	-1.154336	▁animal	['animal', '_', 'm', 'cat', 'f']	aff	aff
"Complete the sentence below with only one category word.\nSentence: ""A panther is a ___."" Completed sentence: A panther is a"	toy	-6.1258326	▁	['cat', 'm', '_', 'f', 'car']	aff	neg
"Complete the sentence below with only one category word.\nSentence: ""A panther is not a ___."" Completed sentence: A panther is not a"	toy	-6.337512	▁	['cat', '_', 'm', 'f', 'pet']	neg	neg
"Complete the sentence below with only one category word.\nSentence: ""A panther is not an ___."" Completed sentence: A panther is not an"	animal	-0.7993212	▁animal	['animal', '_', 'cat', 'm', '__']	neg	aff
"Complete the sentence below with only one category word.\nSentence: ""A hamster is an ___."" Completed sentence: A hamster is an"	animal	-1.1259966	▁animal	['animal', '_', 'm', 'pet', 'rod']	aff	aff
"Complete the sentence below with only one category word.\nSentence: ""A hamster is a ___."" Completed sentence: A hamster is a"	person	-6.7646627	▁	['m', 'rod', 'pet', '_', 'M']	aff	neg
"Complete the sentence below with only one category word.\nSentence: ""A hamster is not a ___."" Completed sentence: A hamster is not a"	person	-6.1060877	▁person	['pet', 'm', 'cat', '_', 'bird']	neg	neg
"Complete the sentence below with only one category word.\nSentence: ""A hamster is not an ___."" Completed sentence: A hamster is not an"	animal	-0.59000015	▁animal	['animal', '_', 'pet', 'm', 'in']	neg	aff
"Complete the sentence below with only one category word.\nSentence: ""A tractor is a ___."" Completed sentence: A tractor is a"	vehicle	-1.8223925	▁vehicle	['vehicle', '_', 'farm', 'machine', 'far']	aff	aff
"Complete the sentence below with only one category word.\nSentence: ""A tractor is a ___."" Completed sentence: A tractor is a"	toy	-6.093318	▁	['vehicle', '_', 'farm', 'machine', 'far']	aff	neg
"Complete the sentence below with only one category word.\nSentence: ""A tractor is not a ___."" Completed sentence: A tractor is not a"	toy	-4.520279	▁to	['vehicle', '_', 'machine', 'car', 'tool']	neg	neg
"Complete the sentence below with only one category word.\nSentence: ""A tractor is not a ___."" Completed sentence: A tractor is not a"	vehicle	-1.9046774	▁vehicle	['vehicle', '_', 'machine', 'car', 'tool']	neg	aff
"Complete the sentence below with only one category word.\nSentence: ""A basil is a ___."" Completed sentence: A basil is a"	plant	-2.2574148	▁plant	['veget', 'plant', 'her', '_', 'fruit']	aff	aff
"Complete the sentence below with only one category word.\nSentence: ""A basil is a ___."" Completed sentence: A basil is a"	tool	-5.709363	▁	['veget', 'plant', 'her', '_', 'fruit']	aff	neg
"Complete the sentence below with only one category word.\nSentence: ""A basil is not a ___."" Completed sentence: A basil is not a"	tool	-5.751504	▁	['veget', 'fruit', '_', 'plant', 'flower']	neg	neg
"Complete the sentence below with only one category word.\nSentence: ""A basil is not a ___."" Completed sentence: A basil is not a"	plant	-3.144022	▁plant	['veget', 'fruit', '_', 'plant', 'flower']	neg	aff
"Complete the sentence below with only one category word.\nSentence: ""A play is a ___."" Completed sentence: A play is a"	drama	-2.3932457	▁drama	['_', 'drama', 'performance', 'work', 'literary']	aff	aff
"Complete the sentence below with only one category word.\nSentence: ""A play is a ___."" Completed sentence: A play is a"	person	-6.0312147	▁	['_', 'drama', 'performance', 'work', 'literary']	aff	neg
"Complete the sentence below with only one category word.\nSentence: ""A play is not a ___."" Completed sentence: A play is not a"	person	-5.8747635	▁	['_', 'work', 'drama', 'performance', 'book']	neg	neg
"Complete the sentence below with only one category word.\nSentence: ""A play is not a ___."" Completed sentence: A play is not a"	drama	-3.2999096	▁drama	['_', 'work', 'drama', 'performance', 'book']	neg	aff
"Complete the sentence below with only one category word.\nSentence: ""A raspberry is a ___."" Completed sentence: A raspberry is a"	fruit	-0.35960388	▁fruit	['fruit', 'ber', '_', 'F', 'veget']	aff	aff
"Complete the sentence below with only one category word.\nSentence: ""A raspberry is a ___."" Completed sentence: A raspberry is a"	vegetable	-4.09492	▁veget	['fruit', 'ber', '_', 'F', 'veget']	aff	neg
"Complete the sentence below with only one category word.\nSentence: ""A raspberry is not a ___."" Completed sentence: A raspberry is not a"	vegetable	-2.3453608	▁veget	['fruit', 'veget', '_', 'ber', 'food']	neg	neg
"Complete the sentence below with only one category word.\nSentence: ""A raspberry is not a ___."" Completed sentence: A raspberry is not a"	fruit	-0.8936596	▁fruit	['fruit', 'veget', '_', 'ber', 'food']	neg	aff
"Complete the sentence below with only one category word.\nSentence: ""A canal is a ___."" Completed sentence: A canal is a"	waterway	-0.77676773	▁water	['water', '_', 'channel', 'body', 'transport']	aff	aff
"Complete the sentence below with only one category word.\nSentence: ""A canal is a ___."" Completed sentence: A canal is a"	road	-5.451936	▁road	['water', '_', 'channel', 'body', 'transport']	aff	neg
"Complete the sentence below with only one category word.\nSentence: ""A canal is not a ___."" Completed sentence: A canal is not a"	road	-2.6889095	▁road	['river', 'water', 'road', '_', 'street']	neg	neg
"Complete the sentence below with only one category word.\nSentence: ""A canal is not a ___."" Completed sentence: A canal is not a"	waterway	-2.3725262	▁water	['river', 'water', 'road', '_', 'street']	neg	aff
"Complete the sentence below with only one category word.\nSentence: ""A flute is an ___."" Completed sentence: A flute is an"	instrument	-0.40171814	▁instrument	['instrument', '_', 'musical', 'Inst', 'wood']	aff	aff
"Complete the sentence below with only one category word.\nSentence: ""A flute is a ___."" Completed sentence: A flute is a"	toy	-6.225806	▁	['musical', '_', 'wood', 'wind', 'instrument']	aff	neg
"Complete the sentence below with only one category word.\nSentence: ""A flute is not a ___."" Completed sentence: A flute is not a"	toy	-4.860471	▁to	['musical', '_', 'instrument', 'tool', 'wood']	neg	neg
"Complete the sentence below with only one category word.\nSentence: ""A flute is not an ___."" Completed sentence: A flute is not an"	instrument	-0.41360092	▁instrument	['instrument', '_', 'Inst', 'musical', 'animal']	neg	aff
"Complete the sentence below with only one category word.\nSentence: ""A swallow is a ___."" Completed sentence: A swallow is a"	bird	-0.585948	▁bird	['bird', '_', 'flying', '(', '...']	aff	aff
"Complete the sentence below with only one category word.\nSentence: ""A swallow is a ___."" Completed sentence: A swallow is a"	mammal	-5.589061	▁m	['bird', '_', 'flying', '(', '...']	aff	neg
"Complete the sentence below with only one category word.\nSentence: ""A swallow is not a ___."" Completed sentence: A swallow is not a"	mammal	-4.9157696	▁m	['bird', '_', 'cat', 'sw', 'fly']	neg	neg
"Complete the sentence below with only one category word.\nSentence: ""A swallow is not a ___."" Completed sentence: A swallow is not a"	bird	-0.66618824	▁bird	['bird', '_', 'cat', 'sw', 'fly']	neg	aff
"Complete the sentence below with only one category word.\nSentence: ""A platypus is a ___."" Completed sentence: A platypus is a"	mammal	-0.57359886	▁m	['m', '_', 'M', 'animal', '__']	aff	aff
"Complete the sentence below with only one category word.\nSentence: ""A platypus is a ___."" Completed sentence: A platypus is a"	reptile	-5.0745506	▁re	['m', '_', 'M', 'animal', '__']	aff	neg
"Complete the sentence below with only one category word.\nSentence: ""A platypus is not a ___."" Completed sentence: A platypus is not a"	reptile	-3.6872091	▁re	['m', '_', 'bird', 'animal', 'M']	neg	neg
"Complete the sentence below with only one category word.\nSentence: ""A platypus is not a ___."" Completed sentence: A platypus is not a"	mammal	-0.8326435	▁m	['m', '_', 'bird', 'animal', 'M']	neg	aff
"Complete the sentence below with only one category word.\nSentence: ""A squirrel is a ___."" Completed sentence: A squirrel is a"	mammal	-0.9779072	▁m	['m', 'rod', '_', 'M', 'animal']	aff	aff
"Complete the sentence below with only one category word.\nSentence: ""A squirrel is an ___."" Completed sentence: A squirrel is an"	insect	-6.0308447	▁	['animal', '_', 'm', 'rod', 'M']	aff	neg
"Complete the sentence below with only one category word.\nSentence: ""A squirrel is not an ___."" Completed sentence: A squirrel is not an"	insect	-4.551361	▁insect	['animal', '_', 'm', 'insect', '(']	neg	neg
"Complete the sentence below with only one category word.\nSentence: ""A squirrel is not a ___."" Completed sentence: A squirrel is not a"	mammal	-1.7154913	▁m	['m', '_', 'bird', 'cat', 'pet']	neg	aff
"Complete the sentence below with only one category word.\nSentence: ""An antelope is an ___."" Completed sentence: An antelope is an"	animal	-1.2394142	▁animal	['animal', '_', 'm', 'her', 'quad']	aff	aff
"Complete the sentence below with only one category word.\nSentence: ""An antelope is a ___."" Completed sentence: An antelope is a"	flower	-5.955474	▁	['m', '_', 'her', 'quad', 'animal']	aff	neg
"Complete the sentence below with only one category word.\nSentence: ""An antelope is not a ___."" Completed sentence: An antelope is not a"	flower	-6.146476	▁	['m', '_', 'cat', 'bird', 'animal']	neg	neg
"Complete the sentence below with only one category word.\nSentence: ""An antelope is not an ___."" Completed sentence: An antelope is not an"	animal	-0.9073887	▁animal	['animal', '_', 'm', 'ele', 'her']	neg	aff
"Complete the sentence below with only one category word.\nSentence: ""An ant is an ___."" Completed sentence: An ant is an"	animal	-2.0578442	▁animal	['insect', 'animal', 'in', '_', 'ar']	aff	aff
"Complete the sentence below with only one category word.\nSentence: ""An ant is a ___."" Completed sentence: An ant is a"	vegetable	-5.6002216	▁	['insect', '_', 'bug', 'animal', 'in']	aff	neg
"Complete the sentence below with only one category word.\nSentence: ""An ant is not a ___."" Completed sentence: An ant is not a"	vegetable	-5.5049906	▁veget	['_', 'bird', 'bug', 'm', 'animal']	neg	neg
"Complete the sentence below with only one category word.\nSentence: ""An ant is not an ___."" Completed sentence: An ant is not an"	animal	-0.963686	▁animal	['animal', 'insect', '_', 'in', 'ant']	neg	aff
"Complete the sentence below with only one category word.\nSentence: ""A stag is an ___."" Completed sentence: A stag is an"	animal	-0.5708084	▁animal	['animal', '_', 'ant', 'm', 'her']	aff	aff
"Complete the sentence below with only one category word.\nSentence: ""A stag is a ___."" Completed sentence: A stag is a"	building	-5.781254	▁	['m', 'de', '_', 'animal', 'male']	aff	neg
"Complete the sentence below with only one category word.\nSentence: ""A stag is not a ___."" Completed sentence: A stag is not a"	building	-6.2732687	▁	['_', 'bird', 'm', 'de', 'animal']	neg	neg
"Complete the sentence below with only one category word.\nSentence: ""A stag is not an ___."" Completed sentence: A stag is not an"	animal	-0.62021637	▁animal	['animal', '_', 'ant', 'her', 'insect']	neg	aff
"Complete the sentence below with only one category word.\nSentence: ""A bumblebee is an ___."" Completed sentence: A bumblebee is an"	insect	-0.58693886	▁insect	['insect', 'animal', '_', 'in', 'In']	aff	aff
"Complete the sentence below with only one category word.\nSentence: ""A bumblebee is a ___."" Completed sentence: A bumblebee is a"	toy	-6.066371	▁	['insect', '_', 'flying', 'animal', 'fly']	aff	neg
"Complete the sentence below with only one category word.\nSentence: ""A bumblebee is not a ___."" Completed sentence: A bumblebee is not a"	toy	-6.338396	▁	['bird', '_', 'insect', 'fly', 'bug']	neg	neg
"Complete the sentence below with only one category word.\nSentence: ""A bumblebee is not an ___."" Completed sentence: A bumblebee is not an"	insect	-0.7986927	▁insect	['insect', 'animal', '_', 'in', 'ant']	neg	aff
"Complete the sentence below with only one category word.\nSentence: ""A van is a ___."" Completed sentence: A van is a"	vehicle	-0.94839096	▁vehicle	['vehicle', '_', 'car', 'transport', 'motor']	aff	aff
"Complete the sentence below with only one category word.\nSentence: ""A van is a ___."" Completed sentence: A van is a"	device	-5.3627443	▁	['vehicle', '_', 'car', 'transport', 'motor']	aff	neg
"Complete the sentence below with only one category word.\nSentence: ""A van is not a ___."" Completed sentence: A van is not a"	device	-5.546895	▁	['vehicle', 'car', '_', 'transport', 'bus']	neg	neg
"Complete the sentence below with only one category word.\nSentence: ""A van is not a ___."" Completed sentence: A van is not a"	vehicle	-1.7119522	▁vehicle	['vehicle', 'car', '_', 'transport', 'bus']	neg	aff
"Complete the sentence below with only one category word.\nSentence: ""A bat is an ___."" Completed sentence: A bat is an"	animal	-1.1406155	▁animal	['animal', '_', 'm', 'bird', 'flying']	aff	aff
"Complete the sentence below with only one category word.\nSentence: ""A bat is a ___."" Completed sentence: A bat is a"	furniture	-5.610653	▁F	['m', '_', 'bird', 'flying', 'M']	aff	neg
"Complete the sentence below with only one category word.\nSentence: ""A bat is not a ___."" Completed sentence: A bat is not a"	furniture	-5.970562	▁F	['bird', 'm', '_', 'animal', 'cat']	neg	neg
"Complete the sentence below with only one category word.\nSentence: ""A bat is not an ___."" Completed sentence: A bat is not an"	animal	-0.55807877	▁animal	['animal', '_', 'insect', 'm', 'bird']	neg	aff
"Complete the sentence below with only one category word.\nSentence: ""A bed is a ___."" Completed sentence: A bed is a"	furniture	-1.3303356	▁furn	['furn', 'piece', '_', 'place', 'bed']	aff	aff
"Complete the sentence below with only one category word.\nSentence: ""A bed is a ___."" Completed sentence: A bed is a"	toy	-6.2775803	▁	['furn', 'piece', '_', 'place', 'bed']	aff	neg
"Complete the sentence below with only one category word.\nSentence: ""A bed is not a ___."" Completed sentence: A bed is not a"	toy	-5.027154	▁to	['furn', '_', 'chair', 'bed', 'piece']	neg	neg
"Complete the sentence below with only one category word.\nSentence: ""A bed is not a ___."" Completed sentence: A bed is not a"	furniture	-2.2277145	▁furn	['furn', '_', 'chair', 'bed', 'piece']	neg	aff
"Complete the sentence below with only one category word.\nSentence: ""A pencil is an ___."" Completed sentence: A pencil is an"	instrument	-1.8630323	▁instrument	['instrument', 'object', '_', 'office', 'implement']	aff	aff
"Complete the sentence below with only one category word.\nSentence: ""A pencil is an ___."" Completed sentence: A pencil is an"	animal	-5.916217	▁	['instrument', 'object', '_', 'office', 'implement']	aff	neg
"Complete the sentence below with only one category word.\nSentence: ""A pencil is not an ___."" Completed sentence: A pencil is not an"	animal	-4.112238	▁animal	['instrument', 'object', '_', 'office', 'implement']	neg	neg
"Complete the sentence below with only one category word.\nSentence: ""A pencil is not an ___."" Completed sentence: A pencil is not an"	instrument	-1.7943707	▁instrument	['instrument', 'object', '_', 'office', 'implement']	neg	aff
"Complete the sentence below with only one category word.\nSentence: ""A computer is a ___."" Completed sentence: A computer is a"	device	-3.0034857	▁device	['_', 'machine', 'tool', 'device', 'computer']	aff	aff
"Complete the sentence below with only one category word.\nSentence: ""A computer is a ___."" Completed sentence: A computer is a"	fruit	-5.920019	▁	['_', 'machine', 'tool', 'device', 'computer']	aff	neg
"Complete the sentence below with only one category word.\nSentence: ""A computer is not a ___."" Completed sentence: A computer is not a"	fruit	-5.934556	▁	['_', 'tool', 'machine', 'device', 'human']	neg	neg
"Complete the sentence below with only one category word.\nSentence: ""A computer is not a ___."" Completed sentence: A computer is not a"	device	-3.297246	▁device	['_', 'tool', 'machine', 'device', 'human']	neg	aff
"Complete the sentence below with only one category word.\nSentence: ""A watch is a ___."" Completed sentence: A watch is a"	gadget	-4.8877516	▁g	['_', 'time', 'clock', 'category', 'tool']	aff	aff
"Complete the sentence below with only one category word.\nSentence: ""A watch is an ___."" Completed sentence: A watch is an"	animal	-5.807266	▁	['_', 'access', 'electronic', 'instrument', 'object']	aff	neg
"Complete the sentence below with only one category word.\nSentence: ""A watch is not an ___."" Completed sentence: A watch is not an"	animal	-4.8276176	▁animal	['access', '_', 'object', 'electronic', 'instrument']	neg	neg
"Complete the sentence below with only one category word.\nSentence: ""A watch is not a ___."" Completed sentence: A watch is not a"	gadget	-4.687169	▁g	['_', 'j', 'clock', 'watch', 'category']	neg	aff
"Complete the sentence below with only one category word.\nSentence: ""A cake is a ___."" Completed sentence: A cake is a"	sweet	-2.8469305	▁sweet	['food', 'b', '_', 'dess', 'sweet']	aff	aff
"Complete the sentence below with only one category word.\nSentence: ""A cake is a ___."" Completed sentence: A cake is a"	vegetable	-5.8020477	▁	['food', 'b', '_', 'dess', 'sweet']	aff	neg
"Complete the sentence below with only one category word.\nSentence: ""A cake is not a ___."" Completed sentence: A cake is not a"	vegetable	-4.6099243	▁veget	['food', '_', 'dess', 'c', 'me']	neg	neg
"Complete the sentence below with only one category word.\nSentence: ""A cake is not a ___."" Completed sentence: A cake is not a"	sweet	-4.6184587	▁sweet	['food', '_', 'dess', 'c', 'me']	neg	aff
"Complete the sentence below with only one category word.\nSentence: ""A lever is a ___."" Completed sentence: A lever is a"	machine	-1.8156986	▁machine	['machine', 'tool', '_', 'simple', 'force']	aff	aff
"Complete the sentence below with only one category word.\nSentence: ""A lever is a ___."" Completed sentence: A lever is a"	toy	-6.4410934	▁	['machine', 'tool', '_', 'simple', 'force']	aff	neg
"Complete the sentence below with only one category word.\nSentence: ""A lever is not a ___."" Completed sentence: A lever is not a"	toy	-5.9334507	▁to	['tool', 'machine', '_', 'force', 'lever']	neg	neg
"Complete the sentence below with only one category word.\nSentence: ""A lever is not a ___."" Completed sentence: A lever is not a"	machine	-1.9162998	▁machine	['tool', 'machine', '_', 'force', 'lever']	neg	aff
"Complete the sentence below with only one category word.\nSentence: ""A shark is an ___."" Completed sentence: A shark is an"	animal	-1.0424566	▁animal	['animal', '_', 'fish', 'aqu', 'm']	aff	aff
"Complete the sentence below with only one category word.\nSentence: ""A shark is a ___."" Completed sentence: A shark is a"	toy	-6.2738733	▁	['fish', 'm', '_', 'verte', 'M']	aff	neg
"Complete the sentence below with only one category word.\nSentence: ""A shark is not a ___."" Completed sentence: A shark is not a"	toy	-6.679186	▁to	['fish', 'm', '_', 'cat', 'bird']	neg	neg
"Complete the sentence below with only one category word.\nSentence: ""A shark is not an ___."" Completed sentence: A shark is not an"	animal	-0.88962555	▁animal	['animal', '_', 'm', 'fish', 'aqu']	neg	aff
"Complete the sentence below with only one category word.\nSentence: ""A ruby is a ___."" Completed sentence: A ruby is a"	gemstone	-1.6660938	▁gem	['gem', 'pre', '_', 'stone', 'j']	aff	aff
"Complete the sentence below with only one category word.\nSentence: ""A ruby is a ___."" Completed sentence: A ruby is a"	plant	-5.4852085	▁	['gem', 'pre', '_', 'stone', 'j']	aff	neg
"Complete the sentence below with only one category word.\nSentence: ""A ruby is not a ___."" Completed sentence: A ruby is not a"	plant	-6.070324	▁	['j', 'stone', 'gem', '_', 'diam']	neg	neg
"Complete the sentence below with only one category word.\nSentence: ""A ruby is not a ___."" Completed sentence: A ruby is not a"	gemstone	-2.268588	▁gem	['j', 'stone', 'gem', '_', 'diam']	neg	aff
"Complete the sentence below with only one category word.\nSentence: ""An armchair is a ___."" Completed sentence: An armchair is a"	furniture	-1.8560467	▁furn	['piece', 'furn', '_', 'chair', 'seat']	aff	aff
"Complete the sentence below with only one category word.\nSentence: ""An armchair is a ___."" Completed sentence: An armchair is a"	tool	-6.1388426	▁	['piece', 'furn', '_', 'chair', 'seat']	aff	neg
"Complete the sentence below with only one category word.\nSentence: ""An armchair is not a ___."" Completed sentence: An armchair is not a"	tool	-5.29865	▁tool	['chair', 'furn', 'piece', '_', 'so']	neg	neg
"Complete the sentence below with only one category word.\nSentence: ""An armchair is not a ___."" Completed sentence: An armchair is not a"	furniture	-2.3283825	▁furn	['chair', 'furn', 'piece', '_', 'so']	neg	aff
"Complete the sentence below with only one category word.\nSentence: ""A stencil is a ___."" Completed sentence: A stencil is a"	tool	-2.0389023	▁tool	['_', 'tool', 'template', 'pattern', 'design']	aff	aff
"Complete the sentence below with only one category word.\nSentence: ""A stencil is a ___."" Completed sentence: A stencil is a"	furniture	-5.4837227	▁	['_', 'tool', 'template', 'pattern', 'design']	aff	neg
"Complete the sentence below with only one category word.\nSentence: ""A stencil is not a ___."" Completed sentence: A stencil is not a"	furniture	-5.720147	▁	['_', 'tool', 'category', 'drawing', 'template']	neg	neg
"Complete the sentence below with only one category word.\nSentence: ""A stencil is not a ___."" Completed sentence: A stencil is not a"	tool	-2.4651175	▁tool	['_', 'tool', 'category', 'drawing', 'template']	neg	aff
"Complete the sentence below with only one category word.\nSentence: ""An earphone is an ___."" Completed sentence: An earphone is an"	electronics	-3.6475077	▁electron	['electronic', '_', 'access', 'audio', 'device']	aff	aff
"Complete the sentence below with only one category word.\nSentence: ""An earphone is a ___."" Completed sentence: An earphone is a"	tool	-4.7983656	▁tool	['_', 'device', 'head', 'piece', 'category']	aff	neg
"Complete the sentence below with only one category word.\nSentence: ""An earphone is not a ___."" Completed sentence: An earphone is not a"	tool	-4.0282784	▁tool	['_', 'device', 'head', 'musical', 'category']	neg	neg
"Complete the sentence below with only one category word.\nSentence: ""An earphone is not an ___."" Completed sentence: An earphone is not an"	electronics	-3.8032923	▁electron	['electronic', 'access', '_', 'instrument', 'app']	neg	aff
"Complete the sentence below with only one category word.\nSentence: ""A skateboard is a ___."" Completed sentence: A skateboard is a"	sport	-2.0127726	▁sport	['sport', 'transport', '_', 'to', 'vehicle']	aff	aff
"Complete the sentence below with only one category word.\nSentence: ""A skateboard is a ___."" Completed sentence: A skateboard is a"	game	-6.1003494	▁	['sport', 'transport', '_', 'to', 'vehicle']	aff	neg
"Complete the sentence below with only one category word.\nSentence: ""A skateboard is not a ___."" Completed sentence: A skateboard is not a"	game	-5.769701	▁game	['_', 'to', 'vehicle', 'sport', 'transport']	neg	neg
"Complete the sentence below with only one category word.\nSentence: ""A skateboard is not a ___."" Completed sentence: A skateboard is not a"	sport	-2.4739437	▁sport	['_', 'to', 'vehicle', 'sport', 'transport']	neg	aff
"Complete the sentence below with only one category word.\nSentence: ""A brick is a ___."" Completed sentence: A brick is a"	material	-3.2191048	▁material	['building', 'solid', '_', 'material', 'brick']	aff	aff
"Complete the sentence below with only one category word.\nSentence: ""A brick is a ___."" Completed sentence: A brick is a"	flower	-5.6333647	▁	['building', 'solid', '_', 'material', 'brick']	aff	neg
"Complete the sentence below with only one category word.\nSentence: ""A brick is not a ___."" Completed sentence: A brick is not a"	flower	-5.7478046	▁flower	['_', 'fruit', 'brick', 'tool', 'veget']	neg	neg
"Complete the sentence below with only one category word.\nSentence: ""A brick is not a ___."" Completed sentence: A brick is not a"	material	-4.269005	▁material	['_', 'fruit', 'brick', 'tool', 'veget']	neg	aff
"Complete the sentence below with only one category word.\nSentence: ""A windmill is a ___."" Completed sentence: A windmill is a"	machine	-1.6858301	▁machine	['machine', '_', 'building', 'wind', 'category']	aff	aff
"Complete the sentence below with only one category word.\nSentence: ""A windmill is a ___."" Completed sentence: A windmill is a"	mammal	-5.937336	▁	['machine', '_', 'building', 'wind', 'category']	aff	neg
"Complete the sentence below with only one category word.\nSentence: ""A windmill is not a ___."" Completed sentence: A windmill is not a"	mammal	-5.786269	▁	['_', 'machine', 'building', 'vehicle', 'bird']	neg	neg
"Complete the sentence below with only one category word.\nSentence: ""A windmill is not a ___."" Completed sentence: A windmill is not a"	machine	-2.5253744	▁machine	['_', 'machine', 'building', 'vehicle', 'bird']	neg	aff
"Complete the sentence below with only one category word.\nSentence: ""A tree is a ___."" Completed sentence: A tree is a"	plant	-1.4512043	▁plant	['plant', '_', 'living', 'veget', '(']	aff	aff
"Complete the sentence below with only one category word.\nSentence: ""A tree is a ___."" Completed sentence: A tree is a"	mineral	-5.579196	▁	['plant', '_', 'living', 'veget', '(']	aff	neg
"Complete the sentence below with only one category word.\nSentence: ""A tree is not a ___."" Completed sentence: A tree is not a"	mineral	-5.534671	▁	['_', 'plant', 'veget', 'cat', 'animal']	neg	neg
"Complete the sentence below with only one category word.\nSentence: ""A tree is not a ___."" Completed sentence: A tree is not a"	plant	-3.089694	▁plant	['_', 'plant', 'veget', 'cat', 'animal']	neg	aff
"Complete the sentence below with only one category word.\nSentence: ""A rock is a ___."" Completed sentence: A rock is a"	stone	-3.225132	▁stone	['_', 'min', 'rock', 'solid', 'natural']	aff	aff
"Complete the sentence below with only one category word.\nSentence: ""A rock is a ___."" Completed sentence: A rock is a"	tree	-5.148721	▁	['_', 'min', 'rock', 'solid', 'natural']	aff	neg
"Complete the sentence below with only one category word.\nSentence: ""A rock is not a ___."" Completed sentence: A rock is not a"	tree	-5.9186106	▁	['_', 'veget', 'rock', 'category', 'fruit']	neg	neg
"Complete the sentence below with only one category word.\nSentence: ""A rock is not a ___."" Completed sentence: A rock is not a"	stone	-4.3135586	▁stone	['_', 'veget', 'rock', 'category', 'fruit']	neg	aff
"Complete the sentence below with only one category word.\nSentence: ""A mole is a ___."" Completed sentence: A mole is a"	mammal	-1.9852095	▁m	['m', '_', 'animal', 'rod', 'mole']	aff	aff
"Complete the sentence below with only one category word.\nSentence: ""A mole is a ___."" Completed sentence: A mole is a"	fish	-6.150358	▁	['m', '_', 'animal', 'rod', 'mole']	aff	neg
"Complete the sentence below with only one category word.\nSentence: ""A mole is not a ___."" Completed sentence: A mole is not a"	fish	-4.129572	▁fish	['animal', '_', 'm', 'cat', 'bird']	neg	neg
"Complete the sentence below with only one category word.\nSentence: ""A mole is not a ___."" Completed sentence: A mole is not a"	mammal	-2.7173233	▁m	['animal', '_', 'm', 'cat', 'bird']	neg	aff
"Complete the sentence below with only one category word.\nSentence: ""A movie is a ___."" Completed sentence: A movie is a"	media	-4.852808	▁media	['_', 'film', 'work', 'medium', 'form']	aff	aff
"Complete the sentence below with only one category word.\nSentence: ""A movie is a ___."" Completed sentence: A movie is a"	food	-5.63647	▁	['_', 'film', 'work', 'medium', 'form']	aff	neg
"Complete the sentence below with only one category word.\nSentence: ""A movie is not a ___."" Completed sentence: A movie is not a"	food	-5.050969	▁food	['_', 'book', 'work', 'film', 'movie']	neg	neg
"Complete the sentence below with only one category word.\nSentence: ""A movie is not a ___."" Completed sentence: A movie is not a"	media	-5.6116867	▁	['_', 'book', 'work', 'film', 'movie']	neg	aff
"Complete the sentence below with only one category word.\nSentence: ""A paperback is a ___."" Completed sentence: A paperback is a"	book	-0.7135029	▁book	['book', '_', 'novel', 'hard', 'category']	aff	aff
"Complete the sentence below with only one category word.\nSentence: ""A paperback is a ___."" Completed sentence: A paperback is a"	movie	-6.002699	▁	['book', '_', 'novel', 'hard', 'category']	aff	neg
"Complete the sentence below with only one category word.\nSentence: ""A paperback is not a ___."" Completed sentence: A paperback is not a"	movie	-6.0804577	▁movie	['book', '_', 'novel', 'hard', 'magazine']	neg	neg
"Complete the sentence below with only one category word.\nSentence: ""A paperback is not a ___."" Completed sentence: A paperback is not a"	book	-1.0263042	▁book	['book', '_', 'novel', 'hard', 'magazine']	neg	aff
"Complete the sentence below with only one category word.\nSentence: ""A tower is a ___."" Completed sentence: A tower is a"	structure	-2.0509205	▁structure	['building', '_', 'structure', 'tower', 'sk']	aff	aff
"Complete the sentence below with only one category word.\nSentence: ""A tower is a ___."" Completed sentence: A tower is a"	cave	-6.1460476	▁	['building', '_', 'structure', 'tower', 'sk']	aff	neg
"Complete the sentence below with only one category word.\nSentence: ""A tower is not a ___."" Completed sentence: A tower is not a"	cave	-5.955715	▁	['building', '_', 'tower', 'house', 'structure']	neg	neg
"Complete the sentence below with only one category word.\nSentence: ""A tower is not a ___."" Completed sentence: A tower is not a"	structure	-3.5359821	▁structure	['building', '_', 'tower', 'house', 'structure']	neg	aff
"Complete the sentence below with only one category word.\nSentence: ""An asylum is an ___."" Completed sentence: An asylum is an"	institution	-0.9678974	▁institution	['institution', '_', 'hospital', 'ins', 'as']	aff	aff
"Complete the sentence below with only one category word.\nSentence: ""An asylum is a ___."" Completed sentence: An asylum is a"	game	-6.2210226	▁	['place', '_', 'hospital', 'san', 'safe']	aff	neg
"Complete the sentence below with only one category word.\nSentence: ""An asylum is not a ___."" Completed sentence: An asylum is not a"	game	-6.37455	▁	['place', '_', 'home', 'prison', 'san']	neg	neg
"Complete the sentence below with only one category word.\nSentence: ""An asylum is not an ___."" Completed sentence: An asylum is not an"	institution	-1.1311121	▁institution	['institution', '_', 'hospital', 'ins', 'as']	neg	aff
"Complete the sentence below with only one category word.\nSentence: ""A rice is a ___."" Completed sentence: A rice is a"	grain	-1.8147869	▁gra	['veget', 'gra', 'food', 'c', 'fruit']	aff	aff
"Complete the sentence below with only one category word.\nSentence: ""A rice is a ___."" Completed sentence: A rice is a"	fish	-6.1045704	▁	['veget', 'gra', 'food', 'c', 'fruit']	aff	neg
"Complete the sentence below with only one category word.\nSentence: ""A rice is not a ___."" Completed sentence: A rice is not a"	fish	-5.355583	▁fish	['veget', 'fruit', 'food', 'c', '_']	neg	neg
"Complete the sentence below with only one category word.\nSentence: ""A rice is not a ___."" Completed sentence: A rice is not a"	grain	-3.7159958	▁gra	['veget', 'fruit', 'food', 'c', '_']	neg	aff
"Complete the sentence below with only one category word.\nSentence: ""A soup is a ___."" Completed sentence: A soup is a"	food	-1.3728313	▁food	['food', 'liquid', '_', 'd', 'me']	aff	aff
"Complete the sentence below with only one category word.\nSentence: ""A soup is a ___."" Completed sentence: A soup is a"	plant	-6.2813005	▁	['food', 'liquid', '_', 'd', 'me']	aff	neg
"Complete the sentence below with only one category word.\nSentence: ""A soup is not a ___."" Completed sentence: A soup is not a"	plant	-6.213956	▁	['food', 'me', 'd', '_', 'drink']	neg	neg
"Complete the sentence below with only one category word.\nSentence: ""A soup is not a ___."" Completed sentence: A soup is not a"	food	-1.5747986	▁food	['food', 'me', 'd', '_', 'drink']	neg	aff
"Complete the sentence below with only one category word.\nSentence: ""A ship is a ___."" Completed sentence: A ship is a"	vehicle	-1.8868036	▁vehicle	['vehicle', 'vessel', '_', 'boat', 'water']	aff	aff
"Complete the sentence below with only one category word.\nSentence: ""A ship is a ___."" Completed sentence: A ship is a"	toy	-6.3958006	▁	['vehicle', 'vessel', '_', 'boat', 'water']	aff	neg
"Complete the sentence below with only one category word.\nSentence: ""A ship is not a ___."" Completed sentence: A ship is not a"	toy	-5.6372395	▁to	['_', 'vehicle', 'boat', 'vessel', 'ship']	neg	neg
"Complete the sentence below with only one category word.\nSentence: ""A ship is not a ___."" Completed sentence: A ship is not a"	vehicle	-2.7118788	▁vehicle	['_', 'vehicle', 'boat', 'vessel', 'ship']	neg	aff
"Complete the sentence below with only one category word.\nSentence: ""A blueberry is a ___."" Completed sentence: A blueberry is a"	fruit	-0.5070095	▁fruit	['fruit', 'ber', '_', 'F', 'food']	aff	aff
"Complete the sentence below with only one category word.\nSentence: ""A blueberry is a ___."" Completed sentence: A blueberry is a"	flower	-3.8594074	▁F	['fruit', 'ber', '_', 'F', 'food']	aff	neg
"Complete the sentence below with only one category word.\nSentence: ""A blueberry is not a ___."" Completed sentence: A blueberry is not a"	flower	-3.8902102	▁F	['fruit', 'veget', '_', 'ber', 'food']	neg	neg
"Complete the sentence below with only one category word.\nSentence: ""A blueberry is not a ___."" Completed sentence: A blueberry is not a"	fruit	-1.1454773	▁fruit	['fruit', 'veget', '_', 'ber', 'food']	neg	aff
"Complete the sentence below with only one category word.\nSentence: ""A shirt is a ___."" Completed sentence: A shirt is a"	clothing	-1.4236965	▁cl	['cl', 'gar', '_', 'piece', 'cloth']	aff	aff
"Complete the sentence below with only one category word.\nSentence: ""A shirt is a ___."" Completed sentence: A shirt is a"	food	-6.1199236	▁	['cl', 'gar', '_', 'piece', 'cloth']	aff	neg
"Complete the sentence below with only one category word.\nSentence: ""A shirt is not a ___."" Completed sentence: A shirt is not a"	food	-5.9404535	▁	['gar', 'cl', '_', 'dress', 'piece']	neg	neg
"Complete the sentence below with only one category word.\nSentence: ""A shirt is not a ___."" Completed sentence: A shirt is not a"	clothing	-2.2195978	▁cl	['gar', 'cl', '_', 'dress', 'piece']	neg	aff
"Complete the sentence below with only one category word.\nSentence: ""A dandelion is a ___."" Completed sentence: A dandelion is a"	flower	-1.0625238	▁flower	['flower', 'we', '_', 'plant', 'flow']	aff	aff
"Complete the sentence below with only one category word.\nSentence: ""A dandelion is a ___."" Completed sentence: A dandelion is a"	tree	-6.0895267	▁	['flower', 'we', '_', 'plant', 'flow']	aff	neg
"Complete the sentence below with only one category word.\nSentence: ""A dandelion is not a ___."" Completed sentence: A dandelion is not a"	tree	-5.8306713	▁tree	['flower', 'we', 'plant', 'veget', '_']	neg	neg
"Complete the sentence below with only one category word.\nSentence: ""A dandelion is not a ___."" Completed sentence: A dandelion is not a"	flower	-1.2740078	▁flower	['flower', 'we', 'plant', 'veget', '_']	neg	aff
"Complete the sentence below with only one category word.\nSentence: ""A perfume is a ___."" Completed sentence: A perfume is a"	liquid	-3.665101	▁liquid	['_', 'product', 'fra', 'sc', 'cos']	aff	aff
"Complete the sentence below with only one category word.\nSentence: ""A perfume is a ___."" Completed sentence: A perfume is a"	solid	-5.8975744	▁	['_', 'product', 'fra', 'sc', 'cos']	aff	neg
"Complete the sentence below with only one category word.\nSentence: ""A perfume is not a ___."" Completed sentence: A perfume is not a"	solid	-6.0415154	▁	['_', 'product', 'category', 'food', 'fra']	neg	neg
"Complete the sentence below with only one category word.\nSentence: ""A perfume is not a ___."" Completed sentence: A perfume is not a"	liquid	-5.4976463	▁liquid	['_', 'product', 'category', 'food', 'fra']	neg	aff
"Complete the sentence below with only one category word.\nSentence: ""A cabbage is a ___."" Completed sentence: A cabbage is a"	vegetable	-0.93549824	▁veget	['veget', 'fruit', '_', 'plant', 'food']	aff	aff
"Complete the sentence below with only one category word.\nSentence: ""A cabbage is a ___."" Completed sentence: A cabbage is a"	furniture	-4.557768	▁F	['veget', 'fruit', '_', 'plant', 'food']	aff	neg
"Complete the sentence below with only one category word.\nSentence: ""A cabbage is not a ___."" Completed sentence: A cabbage is not a"	furniture	-4.6369677	▁F	['veget', 'fruit', '_', 'food', 'flower']	neg	neg
"Complete the sentence below with only one category word.\nSentence: ""A cabbage is not a ___."" Completed sentence: A cabbage is not a"	vegetable	-1.2958927	▁veget	['veget', 'fruit', '_', 'food', 'flower']	neg	aff
"Complete the sentence below with only one category word.\nSentence: ""A pasta is a ___."" Completed sentence: A pasta is a"	dish	-2.0074186	▁d	['food', 'd', '_', 'me', 'veget']	aff	aff
"Complete the sentence below with only one category word.\nSentence: ""A pasta is a ___."" Completed sentence: A pasta is a"	building	-5.9608803	▁	['food', 'd', '_', 'me', 'veget']	aff	neg
"Complete the sentence below with only one category word.\nSentence: ""A pasta is not a ___."" Completed sentence: A pasta is not a"	building	-6.093465	▁	['food', 'veget', 'd', 'me', '_']	neg	neg
"Complete the sentence below with only one category word.\nSentence: ""A pasta is not a ___."" Completed sentence: A pasta is not a"	dish	-2.9788914	▁d	['food', 'veget', 'd', 'me', '_']	neg	aff
"Complete the sentence below with only one category word.\nSentence: ""A brownie is a ___."" Completed sentence: A brownie is a"	dessert	-2.492835	▁dess	['_', 'c', 'cookie', 'dess', 'b']	aff	aff
"Complete the sentence below with only one category word.\nSentence: ""A brownie is a ___."" Completed sentence: A brownie is a"	fruit	-5.5368023	▁fruit	['_', 'c', 'cookie', 'dess', 'b']	aff	neg
"Complete the sentence below with only one category word.\nSentence: ""A brownie is not a ___."" Completed sentence: A brownie is not a"	fruit	-4.9440117	▁fruit	['c', 'cookie', '_', 'dess', 'food']	neg	neg
"Complete the sentence below with only one category word.\nSentence: ""A brownie is not a ___."" Completed sentence: A brownie is not a"	dessert	-2.770462	▁dess	['c', 'cookie', '_', 'dess', 'food']	neg	aff
"Complete the sentence below with only one category word.\nSentence: ""A lounge is a ___."" Completed sentence: A lounge is a"	room	-1.7833872	▁room	['room', 'place', '_', 'living', 'space']	aff	aff
"Complete the sentence below with only one category word.\nSentence: ""A lounge is a ___."" Completed sentence: A lounge is a"	machine	-6.2746983	▁	['room', 'place', '_', 'living', 'space']	aff	neg
"Complete the sentence below with only one category word.\nSentence: ""A lounge is not a ___."" Completed sentence: A lounge is not a"	machine	-6.3752613	▁	['room', '_', 'place', 'bar', 'living']	neg	neg
"Complete the sentence below with only one category word.\nSentence: ""A lounge is not a ___."" Completed sentence: A lounge is not a"	room	-2.3570013	▁room	['room', '_', 'place', 'bar', 'living']	neg	aff
"Complete the sentence below with only one category word.\nSentence: ""A beach is a ___."" Completed sentence: A beach is a"	coastline	-5.4157352	▁coast	['place', '_', 'natural', 'beach', 'sand']	aff	aff
"Complete the sentence below with only one category word.\nSentence: ""A beach is a ___."" Completed sentence: A beach is a"	forest	-6.1672935	▁	['place', '_', 'natural', 'beach', 'sand']	aff	neg
"Complete the sentence below with only one category word.\nSentence: ""A beach is not a ___."" Completed sentence: A beach is not a"	forest	-6.247409	▁	['place', '_', 'beach', 'park', 'vac']	neg	neg
"Complete the sentence below with only one category word.\nSentence: ""A beach is not a ___."" Completed sentence: A beach is not a"	coastline	-6.247409	▁	['place', '_', 'beach', 'park', 'vac']	neg	aff
"Complete the sentence below with only one category word.\nSentence: ""A chicken is a ___."" Completed sentence: A chicken is a"	food	-5.587249	▁food	['bird', '_', 'farm', 'm', 'animal']	aff	aff
"Complete the sentence below with only one category word.\nSentence: ""A chicken is a ___."" Completed sentence: A chicken is a"	fruit	-4.8664474	▁F	['bird', '_', 'farm', 'm', 'animal']	aff	neg
"Complete the sentence below with only one category word.\nSentence: ""A chicken is not a ___."" Completed sentence: A chicken is not a"	fruit	-5.336958	▁fruit	['bird', '_', 'pet', 'm', 'cat']	neg	neg
"Complete the sentence below with only one category word.\nSentence: ""A chicken is not a ___."" Completed sentence: A chicken is not a"	food	-4.8813725	▁food	['bird', '_', 'pet', 'm', 'cat']	neg	aff
"Complete the sentence below with only one category word.\nSentence: ""A koala is an ___."" Completed sentence: A koala is an"	animal	-1.2642479	▁animal	['animal', '_', 'm', 'mars', '__']	aff	aff
"Complete the sentence below with only one category word.\nSentence: ""A koala is a ___."" Completed sentence: A koala is a"	mineral	-6.2176447	▁	['m', '_', 'mars', 'animal', '__']	aff	neg
"Complete the sentence below with only one category word.\nSentence: ""A koala is not a ___."" Completed sentence: A koala is not a"	mineral	-6.2795277	▁	['m', '_', 'bear', 'animal', 'mars']	neg	neg
"Complete the sentence below with only one category word.\nSentence: ""A koala is not an ___."" Completed sentence: A koala is not an"	animal	-0.66674614	▁animal	['animal', '_', 'm', '__', 'mars']	neg	aff
"Complete the sentence below with only one category word.\nSentence: ""An ostrich is a ___."" Completed sentence: An ostrich is a"	bird	-0.7841282	▁bird	['bird', '_', 'm', 'B', 'flight']	aff	aff
"Complete the sentence below with only one category word.\nSentence: ""An ostrich is a ___."" Completed sentence: An ostrich is a"	mammal	-3.434475	▁m	['bird', '_', 'm', 'B', 'flight']	aff	neg
"Complete the sentence below with only one category word.\nSentence: ""An ostrich is not a ___."" Completed sentence: An ostrich is not a"	mammal	-2.8367414	▁m	['bird', '_', 'm', 'animal', 'pet']	neg	neg
"Complete the sentence below with only one category word.\nSentence: ""An ostrich is not a ___."" Completed sentence: An ostrich is not a"	bird	-0.92102623	▁bird	['bird', '_', 'm', 'animal', 'pet']	neg	aff
"Complete the sentence below with only one category word.\nSentence: ""A salad is a ___."" Completed sentence: A salad is a"	food	-1.572339	▁food	['food', 'veget', '_', 'me', 'd']	aff	aff
"Complete the sentence below with only one category word.\nSentence: ""A salad is a ___."" Completed sentence: A salad is a"	drink	-6.206623	▁	['food', 'veget', '_', 'me', 'd']	aff	neg
"Complete the sentence below with only one category word.\nSentence: ""A salad is not a ___."" Completed sentence: A salad is not a"	drink	-5.3988743	▁drink	['food', 'me', 'sand', 'veget', '_']	neg	neg
"Complete the sentence below with only one category word.\nSentence: ""A salad is not a ___."" Completed sentence: A salad is not a"	food	-1.8183832	▁food	['food', 'me', 'sand', 'veget', '_']	neg	aff
"Complete the sentence below with only one category word.\nSentence: ""A pineapple is a ___."" Completed sentence: A pineapple is a"	fruit	-0.7077093	▁fruit	['fruit', '_', 'veget', 'F', 'plant']	aff	aff
"Complete the sentence below with only one category word.\nSentence: ""A pineapple is a ___."" Completed sentence: A pineapple is a"	vegetable	-2.8380299	▁veget	['fruit', '_', 'veget', 'F', 'plant']	aff	neg
"Complete the sentence below with only one category word.\nSentence: ""A pineapple is not a ___."" Completed sentence: A pineapple is not a"	vegetable	-1.877738	▁veget	['fruit', 'veget', '_', 'F', 'food']	neg	neg
"Complete the sentence below with only one category word.\nSentence: ""A pineapple is not a ___."" Completed sentence: A pineapple is not a"	fruit	-1.2611523	▁fruit	['fruit', 'veget', '_', 'F', 'food']	neg	aff
"Complete the sentence below with only one category word.\nSentence: ""An eagle is a ___."" Completed sentence: An eagle is a"	bird	-0.76924706	▁bird	['bird', '_', 'ra', '(', 'B']	aff	aff
"Complete the sentence below with only one category word.\nSentence: ""An eagle is a ___."" Completed sentence: An eagle is a"	plant	-6.496316	▁	['bird', '_', 'ra', '(', 'B']	aff	neg
"Complete the sentence below with only one category word.\nSentence: ""An eagle is not a ___."" Completed sentence: An eagle is not a"	plant	-6.5121145	▁	['bird', '_', 'm', 'cat', 'animal']	neg	neg
"Complete the sentence below with only one category word.\nSentence: ""An eagle is not a ___."" Completed sentence: An eagle is not a"	bird	-0.9533415	▁bird	['bird', '_', 'm', 'cat', 'animal']	neg	aff
"Complete the sentence below with only one category word.\nSentence: ""A bicycle is a ___."" Completed sentence: A bicycle is a"	transport	-2.5652857	▁transport	['vehicle', '_', 'transport', 'mode', 'means']	aff	aff
"Complete the sentence below with only one category word.\nSentence: ""A bicycle is a ___."" Completed sentence: A bicycle is a"	gemstone	-5.4093046	▁	['vehicle', '_', 'transport', 'mode', 'means']	aff	neg
"Complete the sentence below with only one category word.\nSentence: ""A bicycle is not a ___."" Completed sentence: A bicycle is not a"	gemstone	-5.7643795	▁	['vehicle', '_', 'transport', 'mode', 'car']	neg	neg
"Complete the sentence below with only one category word.\nSentence: ""A bicycle is not a ___."" Completed sentence: A bicycle is not a"	transport	-2.7520418	▁transport	['vehicle', '_', 'transport', 'mode', 'car']	neg	aff
"Complete the sentence below with only one category word.\nSentence: ""An iodine is an ___."" Completed sentence: An iodine is an"	element	-0.42173672	▁element	['element', '_', 'hal', 'atom', 'in']	aff	aff
"Complete the sentence below with only one category word.\nSentence: ""An iodine is a ___."" Completed sentence: An iodine is a"	mineral	-3.4445906	▁min	['element', 'chemical', '_', 'metal', 'min']	aff	neg
"Complete the sentence below with only one category word.\nSentence: ""An iodine is not a ___."" Completed sentence: An iodine is not a"	mineral	-4.7203217	▁min	['element', '_', 'metal', 'chemical', 'veget']	neg	neg
"Complete the sentence below with only one category word.\nSentence: ""An iodine is not an ___."" Completed sentence: An iodine is not an"	element	-1.0069332	▁element	['element', '_', 'animal', 'organ', 'ion']	neg	aff
"Complete the sentence below with only one category word.\nSentence: ""A carbon is an ___."" Completed sentence: A carbon is an"	element	-0.41022396	▁element	['element', 'atom', '_', 'organ', 'Element']	aff	aff
"Complete the sentence below with only one category word.\nSentence: ""A carbon is a ___."" Completed sentence: A carbon is a"	device	-4.8782988	▁	['element', '_', 'non', 'carbon', 'group']	aff	neg
"Complete the sentence below with only one category word.\nSentence: ""A carbon is not a ___."" Completed sentence: A carbon is not a"	device	-5.645632	▁	['metal', '_', 'element', 'carbon', 'group']	neg	neg
"Complete the sentence below with only one category word.\nSentence: ""A carbon is not an ___."" Completed sentence: A carbon is not an"	element	-0.7569723	▁element	['element', '_', 'atom', 'organ', 'electron']	neg	aff
"Complete the sentence below with only one category word.\nSentence: ""A salt is a ___."" Completed sentence: A salt is a"	mineral	-2.6130104	▁min	['chemical', '_', 'min', 'subst', 'solid']	aff	aff
"Complete the sentence below with only one category word.\nSentence: ""A salt is a ___."" Completed sentence: A salt is a"	toy	-5.7792273	▁	['chemical', '_', 'min', 'subst', 'solid']	aff	neg
"Complete the sentence below with only one category word.\nSentence: ""A salt is not a ___."" Completed sentence: A salt is not a"	toy	-5.9959173	▁	['_', 'liquid', 'food', 'chemical', 'subst']	neg	neg
"Complete the sentence below with only one category word.\nSentence: ""A salt is not a ___."" Completed sentence: A salt is not a"	mineral	-3.8848581	▁min	['_', 'liquid', 'food', 'chemical', 'subst']	neg	aff
"Complete the sentence below with only one category word.\nSentence: ""A methane is a ___."" Completed sentence: A methane is a"	gas	-1.6703758	▁gas	['gas', '_', 'hydro', 'chemical', 'green']	aff	aff
"Complete the sentence below with only one category word.\nSentence: ""A methane is a ___."" Completed sentence: A methane is a"	liquid	-5.0081863	▁liquid	['gas', '_', 'hydro', 'chemical', 'green']	aff	neg
"Complete the sentence below with only one category word.\nSentence: ""A methane is not a ___."" Completed sentence: A methane is not a"	liquid	-3.9078417	▁liquid	['gas', '_', 'liquid', 'chemical', 'veget']	neg	neg
"Complete the sentence below with only one category word.\nSentence: ""A methane is not a ___."" Completed sentence: A methane is not a"	gas	-2.2938633	▁gas	['gas', '_', 'liquid', 'chemical', 'veget']	neg	aff
"Complete the sentence below with only one category word.\nSentence: ""A ladder is a ___."" Completed sentence: A ladder is a"	tool	-2.3627548	▁tool	['_', 'tool', 'clim', 'vertical', 'category']	aff	aff
"Complete the sentence below with only one category word.\nSentence: ""A ladder is a ___."" Completed sentence: A ladder is a"	toy	-5.536516	▁to	['_', 'tool', 'clim', 'vertical', 'category']	aff	neg
"Complete the sentence below with only one category word.\nSentence: ""A ladder is not a ___."" Completed sentence: A ladder is not a"	toy	-3.810917	▁to	['_', 'tool', 'st', 'lad', 'furn']	neg	neg
"Complete the sentence below with only one category word.\nSentence: ""A ladder is not a ___."" Completed sentence: A ladder is not a"	tool	-2.7846165	▁tool	['_', 'tool', 'st', 'lad', 'furn']	neg	aff
"Complete the sentence below with only one category word.\nSentence: ""A cup is a ___."" Completed sentence: A cup is a"	container	-1.4895096	▁container	['container', '_', 'cup', 'ut', 'vessel']	aff	aff
"Complete the sentence below with only one category word.\nSentence: ""A cup is a ___."" Completed sentence: A cup is a"	tool	-5.6735334	▁tool	['container', '_', 'cup', 'ut', 'vessel']	aff	neg
"Complete the sentence below with only one category word.\nSentence: ""A cup is not a ___."" Completed sentence: A cup is not a"	tool	-3.9334135	▁tool	['_', 'cup', 'container', 'category', 'ut']	neg	neg
"Complete the sentence below with only one category word.\nSentence: ""A cup is not a ___."" Completed sentence: A cup is not a"	container	-3.2099056	▁container	['_', 'cup', 'container', 'category', 'ut']	neg	aff
"Complete the sentence below with only one category word.\nSentence: ""A puppy is a ___."" Completed sentence: A puppy is a"	dog	-2.1377516	▁dog	['pet', '_', 'dog', 'm', 'animal']	aff	aff
"Complete the sentence below with only one category word.\nSentence: ""A puppy is a ___."" Completed sentence: A puppy is a"	cat	-3.792488	▁cat	['pet', '_', 'dog', 'm', 'animal']	aff	neg
"Complete the sentence below with only one category word.\nSentence: ""A puppy is not a ___."" Completed sentence: A puppy is not a"	cat	-2.6981583	▁cat	['pet', 'dog', '_', 'cat', 'to']	neg	neg
"Complete the sentence below with only one category word.\nSentence: ""A puppy is not a ___."" Completed sentence: A puppy is not a"	dog	-2.3159428	▁dog	['pet', 'dog', '_', 'cat', 'to']	neg	aff
"Complete the sentence below with only one category word.\nSentence: ""A stone is a ___."" Completed sentence: A stone is a"	rock	-1.8624449	▁rock	['rock', '_', 'solid', 'natural', 'min']	aff	aff
"Complete the sentence below with only one category word.\nSentence: ""A stone is a ___."" Completed sentence: A stone is a"	place	-5.680848	▁	['rock', '_', 'solid', 'natural', 'min']	aff	neg
"Complete the sentence below with only one category word.\nSentence: ""A stone is not a ___."" Completed sentence: A stone is not a"	place	-6.1318464	▁	['_', 'rock', 'veget', 'fruit', 'stone']	neg	neg
"Complete the sentence below with only one category word.\nSentence: ""A stone is not a ___."" Completed sentence: A stone is not a"	rock	-3.1896276	▁rock	['_', 'rock', 'veget', 'fruit', 'stone']	neg	aff
"Complete the sentence below with only one category word.\nSentence: ""A clay is a ___."" Completed sentence: A clay is a"	material	-2.7758265	▁material	['_', 'material', 'min', 'subst', 'solid']	aff	aff
"Complete the sentence below with only one category word.\nSentence: ""A clay is a ___."" Completed sentence: A clay is a"	person	-5.055526	▁	['_', 'material', 'min', 'subst', 'solid']	aff	neg
"Complete the sentence below with only one category word.\nSentence: ""A clay is not a ___."" Completed sentence: A clay is not a"	person	-5.922387	▁	['_', 'pot', 'rock', 'material', 'liquid']	neg	neg
"Complete the sentence below with only one category word.\nSentence: ""A clay is not a ___."" Completed sentence: A clay is not a"	material	-3.4707518	▁material	['_', 'pot', 'rock', 'material', 'liquid']	neg	aff
"Complete the sentence below with only one category word.\nSentence: ""A dragon is a ___."" Completed sentence: A dragon is a"	creature	-3.5274973	▁creature	['_', 'myth', 're', 'creature', 'animal']	aff	aff
"Complete the sentence below with only one category word.\nSentence: ""A dragon is a ___."" Completed sentence: A dragon is a"	plant	-6.1012583	▁	['_', 'myth', 're', 'creature', 'animal']	aff	neg
"Complete the sentence below with only one category word.\nSentence: ""A dragon is not a ___."" Completed sentence: A dragon is not a"	plant	-5.468378	▁plant	['_', 'bird', 'cat', 'm', 'animal']	neg	neg
"Complete the sentence below with only one category word.\nSentence: ""A dragon is not a ___."" Completed sentence: A dragon is not a"	creature	-3.9917564	▁creature	['_', 'bird', 'cat', 'm', 'animal']	neg	aff
"Complete the sentence below with only one category word.\nSentence: ""A beetle is an ___."" Completed sentence: A beetle is an"	insect	-0.60689545	▁insect	['insect', '_', 'animal', 'in', 'In']	aff	aff
"Complete the sentence below with only one category word.\nSentence: ""A beetle is a ___."" Completed sentence: A beetle is a"	plant	-5.661826	▁	['bug', 'insect', '_', 'animal', '(']	aff	neg
"Complete the sentence below with only one category word.\nSentence: ""A beetle is not a ___."" Completed sentence: A beetle is not a"	plant	-5.0749893	▁plant	['bug', '_', 'insect', 'bird', 'animal']	neg	neg
"Complete the sentence below with only one category word.\nSentence: ""A beetle is not an ___."" Completed sentence: A beetle is not an"	insect	-0.8612366	▁insect	['insect', 'animal', '_', 'in', 'In']	neg	aff
"Complete the sentence below with only one category word.\nSentence: ""A wheel is a ___."" Completed sentence: A wheel is a"	tool	-4.33076	▁tool	['_', 'vehicle', 'wheel', 'machine', 'circle']	aff	aff
"Complete the sentence below with only one category word.\nSentence: ""A wheel is a ___."" Completed sentence: A wheel is a"	place	-5.670871	▁	['_', 'vehicle', 'wheel', 'machine', 'circle']	aff	neg
"Complete the sentence below with only one category word.\nSentence: ""A wheel is not a ___."" Completed sentence: A wheel is not a"	place	-5.722337	▁	['_', 'wheel', 'vehicle', 'category', 'car']	neg	neg
"Complete the sentence below with only one category word.\nSentence: ""A wheel is not a ___."" Completed sentence: A wheel is not a"	tool	-3.6710148	▁tool	['_', 'wheel', 'vehicle', 'category', 'car']	neg	aff
"Complete the sentence below with only one category word.\nSentence: ""A daisy is a ___."" Completed sentence: A daisy is a"	plant	-2.785595	▁plant	['flower', '_', 'plant', 'F', 'flow']	aff	aff
"Complete the sentence below with only one category word.\nSentence: ""A daisy is an ___."" Completed sentence: A daisy is an"	animal	-2.2524385	▁animal	['flower', '_', 'animal', 'F', 'plant']	aff	neg
"Complete the sentence below with only one category word.\nSentence: ""A daisy is not an ___."" Completed sentence: A daisy is not an"	animal	-0.9954958	▁animal	['animal', '_', 'flower', 'insect', 'F']	neg	neg
"Complete the sentence below with only one category word.\nSentence: ""A daisy is not a ___."" Completed sentence: A daisy is not a"	plant	-2.6256695	▁plant	['flower', '_', 'plant', 'veget', 'F']	neg	aff
"Complete the sentence below with only one category word.\nSentence: ""A holiday is a ___."" Completed sentence: A holiday is a"	break	-3.3701687	▁break	['vac', '_', 'time', 'break', 'rest']	aff	aff
"Complete the sentence below with only one category word.\nSentence: ""A holiday is a ___."" Completed sentence: A holiday is a"	work	-5.9966784	▁	['vac', '_', 'time', 'break', 'rest']	aff	neg
"Complete the sentence below with only one category word.\nSentence: ""A holiday is not a ___."" Completed sentence: A holiday is not a"	work	-4.514076	▁work	['vac', '_', 'rest', 'break', 'trip']	neg	neg
"Complete the sentence below with only one category word.\nSentence: ""A holiday is not a ___."" Completed sentence: A holiday is not a"	break	-3.6009407	▁break	['vac', '_', 'rest', 'break', 'trip']	neg	aff
"Complete the sentence below with only one category word.\nSentence: ""An insect is an ___."" Completed sentence: An insect is an"	arthropod	-1.9978104	▁ar	['animal', 'ar', 'in', '_', 'insect']	aff	aff
"Complete the sentence below with only one category word.\nSentence: ""An insect is a ___."" Completed sentence: An insect is a"	mammal	-4.9803247	▁m	['_', 'animal', 'bug', '(', 'in']	aff	neg
"Complete the sentence below with only one category word.\nSentence: ""An insect is not a ___."" Completed sentence: An insect is not a"	mammal	-2.2565002	▁m	['_', 'm', 'animal', 'bird', 'verte']	neg	neg
"Complete the sentence below with only one category word.\nSentence: ""An insect is not an ___."" Completed sentence: An insect is not an"	arthropod	-4.3537216	▁ar	['animal', '_', 'in', 'insect', 'ar']	neg	aff
"Complete the sentence below with only one category word.\nSentence: ""A lily is a ___."" Completed sentence: A lily is a"	flora	-5.7392774	▁	['flower', '_', 'plant', 'F', 'flow']	aff	aff
"Complete the sentence below with only one category word.\nSentence: ""A lily is a ___."" Completed sentence: A lily is a"	tool	-5.7392774	▁	['flower', '_', 'plant', 'F', 'flow']	aff	neg
"Complete the sentence below with only one category word.\nSentence: ""A lily is not a ___."" Completed sentence: A lily is not a"	tool	-5.7766833	▁	['flower', '_', 'plant', 'veget', 'F']	neg	neg
"Complete the sentence below with only one category word.\nSentence: ""A lily is not a ___."" Completed sentence: A lily is not a"	flora	-5.7766833	▁	['flower', '_', 'plant', 'veget', 'F']	neg	aff
"Complete the sentence below with only one category word.\nSentence: ""A cardinal is a ___."" Completed sentence: A cardinal is a"	bird	-0.7275677	▁bird	['bird', '_', 'song', '(', 'm']	aff	aff
"Complete the sentence below with only one category word.\nSentence: ""A cardinal is a ___."" Completed sentence: A cardinal is a"	tree	-6.242635	▁	['bird', '_', 'song', '(', 'm']	aff	neg
"Complete the sentence below with only one category word.\nSentence: ""A cardinal is not a ___."" Completed sentence: A cardinal is not a"	tree	-6.386936	▁	['bird', '_', 'm', 'cardinal', 'sp']	neg	neg
"Complete the sentence below with only one category word.\nSentence: ""A cardinal is not a ___."" Completed sentence: A cardinal is not a"	bird	-1.121089	▁bird	['bird', '_', 'm', 'cardinal', 'sp']	neg	aff
"Complete the sentence below with only one category word.\nSentence: ""A swan is a ___."" Completed sentence: A swan is a"	bird	-0.65395546	▁bird	['bird', '_', 'water', 'm', 'animal']	aff	aff
"Complete the sentence below with only one category word.\nSentence: ""A swan is a ___."" Completed sentence: A swan is a"	plant	-6.826269	▁	['bird', '_', 'water', 'm', 'animal']	aff	neg
"Complete the sentence below with only one category word.\nSentence: ""A swan is not a ___."" Completed sentence: A swan is not a"	plant	-6.521126	▁	['bird', '_', 'm', 'animal', 'cat']	neg	neg
"Complete the sentence below with only one category word.\nSentence: ""A swan is not a ___."" Completed sentence: A swan is not a"	bird	-0.8383951	▁bird	['bird', '_', 'm', 'animal', 'cat']	neg	aff
"Complete the sentence below with only one category word.\nSentence: ""A calliper is a ___."" Completed sentence: A calliper is a"	tool	-1.0885162	▁tool	['tool', '_', 'meas', 'measurement', 'device']	aff	aff
"Complete the sentence below with only one category word.\nSentence: ""A calliper is a ___."" Completed sentence: A calliper is a"	weapon	-6.047991	▁	['tool', '_', 'meas', 'measurement', 'device']	aff	neg
"Complete the sentence below with only one category word.\nSentence: ""A calliper is not a ___."" Completed sentence: A calliper is not a"	weapon	-5.695692	▁weapon	['tool', '_', 'wheel', 'meas', 'p']	neg	neg
"Complete the sentence below with only one category word.\nSentence: ""A calliper is not a ___."" Completed sentence: A calliper is not a"	tool	-1.6654425	▁tool	['tool', '_', 'wheel', 'meas', 'p']	neg	aff
"Complete the sentence below with only one category word.\nSentence: ""A cathedral is a ___."" Completed sentence: A cathedral is a"	church	-1.7249689	▁church	['church', 'building', '_', 'place', 'religious']	aff	aff
"Complete the sentence below with only one category word.\nSentence: ""A cathedral is a ___."" Completed sentence: A cathedral is a"	house	-4.053053	▁house	['church', 'building', '_', 'place', 'religious']	aff	neg
"Complete the sentence below with only one category word.\nSentence: ""A cathedral is not a ___."" Completed sentence: A cathedral is not a"	house	-3.9162521	▁house	['building', '_', 'church', 'place', 'temple']	neg	neg
"Complete the sentence below with only one category word.\nSentence: ""A cathedral is not a ___."" Completed sentence: A cathedral is not a"	church	-2.2906237	▁church	['building', '_', 'church', 'place', 'temple']	neg	aff
"Complete the sentence below with only one category word.\nSentence: ""A pear is a ___."" Completed sentence: A pear is a"	fruit	-0.29258728	▁fruit	['fruit', '_', 'F', 'f', 'veget']	aff	aff
"Complete the sentence below with only one category word.\nSentence: ""A pear is a ___."" Completed sentence: A pear is a"	vegetable	-4.168545	▁veget	['fruit', '_', 'F', 'f', 'veget']	aff	neg
"Complete the sentence below with only one category word.\nSentence: ""A pear is not a ___."" Completed sentence: A pear is not a"	vegetable	-2.3329687	▁veget	['fruit', 'veget', '_', 'F', 'food']	neg	neg
"Complete the sentence below with only one category word.\nSentence: ""A pear is not a ___."" Completed sentence: A pear is not a"	fruit	-0.7554884	▁fruit	['fruit', 'veget', '_', 'F', 'food']	neg	aff
"Complete the sentence below with only one category word.\nSentence: ""A watermelon is a ___."" Completed sentence: A watermelon is a"	fruit	-0.68032455	▁fruit	['fruit', 'veget', '_', 'food', 'F']	aff	aff
"Complete the sentence below with only one category word.\nSentence: ""A watermelon is a ___."" Completed sentence: A watermelon is a"	vegetable	-2.2574196	▁veget	['fruit', 'veget', '_', 'food', 'F']	aff	neg
"Complete the sentence below with only one category word.\nSentence: ""A watermelon is not a ___."" Completed sentence: A watermelon is not a"	vegetable	-1.6425867	▁veget	['fruit', 'veget', '_', 'food', 'F']	neg	neg
"Complete the sentence below with only one category word.\nSentence: ""A watermelon is not a ___."" Completed sentence: A watermelon is not a"	fruit	-1.1289167	▁fruit	['fruit', 'veget', '_', 'food', 'F']	neg	aff
"Complete the sentence below with only one category word.\nSentence: ""A tugboat is a ___."" Completed sentence: A tugboat is a"	vessel	-2.1255093	▁vessel	['_', 'vessel', 'boat', 'water', 'ship']	aff	aff
"Complete the sentence below with only one category word.\nSentence: ""A tugboat is a ___."" Completed sentence: A tugboat is a"	toy	-5.470215	▁to	['_', 'vessel', 'boat', 'water', 'ship']	aff	neg
"Complete the sentence below with only one category word.\nSentence: ""A tugboat is not a ___."" Completed sentence: A tugboat is not a"	toy	-4.7999516	▁to	['_', 'ship', 'boat', 'vehicle', 'water']	neg	neg
"Complete the sentence below with only one category word.\nSentence: ""A tugboat is not a ___."" Completed sentence: A tugboat is not a"	vessel	-3.3663502	▁vessel	['_', 'ship', 'boat', 'vehicle', 'water']	neg	aff
"Complete the sentence below with only one category word.\nSentence: ""A poet is a ___."" Completed sentence: A poet is a"	writer	-2.150198	▁writer	['_', 'writer', 'cre', 'artist', 'person']	aff	aff
"Complete the sentence below with only one category word.\nSentence: ""A poet is a ___."" Completed sentence: A poet is a"	tool	-5.474802	▁	['_', 'writer', 'cre', 'artist', 'person']	aff	neg
"Complete the sentence below with only one category word.\nSentence: ""A poet is not a ___."" Completed sentence: A poet is not a"	tool	-5.5430384	▁	['_', 'writer', 'person', 'poet', 'artist']	neg	neg
"Complete the sentence below with only one category word.\nSentence: ""A poet is not a ___."" Completed sentence: A poet is not a"	writer	-2.955264	▁writer	['_', 'writer', 'person', 'poet', 'artist']	neg	aff
"Complete the sentence below with only one category word.\nSentence: ""An athlete is a ___."" Completed sentence: An athlete is a"	sportsman	-3.8498688	▁sports	['person', '_', 'student', 'human', 'compet']	aff	aff
"Complete the sentence below with only one category word.\nSentence: ""An athlete is a ___."" Completed sentence: An athlete is a"	poet	-6.40516	▁	['person', '_', 'student', 'human', 'compet']	aff	neg
"Complete the sentence below with only one category word.\nSentence: ""An athlete is not a ___."" Completed sentence: An athlete is not a"	poet	-6.238261	▁	['_', 'professional', 'human', 'person', 'hero']	neg	neg
"Complete the sentence below with only one category word.\nSentence: ""An athlete is not a ___."" Completed sentence: An athlete is not a"	sportsman	-4.49494	▁sports	['_', 'professional', 'human', 'person', 'hero']	neg	aff
"Complete the sentence below with only one category word.\nSentence: ""A musician is a ___."" Completed sentence: A musician is a"	professional	-3.3507023	▁professional	['_', 'perform', 'music', 'person', 'professional']	aff	aff
"Complete the sentence below with only one category word.\nSentence: ""A musician is an ___."" Completed sentence: A musician is an"	athlete	-5.017227	▁ath	['artist', '_', 'ent', 'Art', 'actor']	aff	neg
"Complete the sentence below with only one category word.\nSentence: ""A musician is not an ___."" Completed sentence: A musician is not an"	athlete	-3.5699463	▁ath	['artist', '_', 'ent', 'instrument', 'ath']	neg	neg
"Complete the sentence below with only one category word.\nSentence: ""A musician is not a ___."" Completed sentence: A musician is not a"	professional	-2.8491678	▁professional	['_', 'professional', 'music', 'perform', 'person']	neg	aff
"Complete the sentence below with only one category word.\nSentence: ""A cook is a ___."" Completed sentence: A cook is a"	chef	-2.2397137	▁chef	['_', 'chef', 'professional', 'worker', 'cook']	aff	aff
"Complete the sentence below with only one category word.\nSentence: ""A cook is a ___."" Completed sentence: A cook is a"	waiter	-5.6445713	▁wait	['_', 'chef', 'professional', 'worker', 'cook']	aff	neg
"Complete the sentence below with only one category word.\nSentence: ""A cook is not a ___."" Completed sentence: A cook is not a"	waiter	-4.2476206	▁wait	['chef', '_', 'professional', 'cook', 'b']	neg	neg
"Complete the sentence below with only one category word.\nSentence: ""A cook is not a ___."" Completed sentence: A cook is not a"	chef	-1.8184519	▁chef	['chef', '_', 'professional', 'cook', 'b']	neg	aff
"Complete the sentence below with only one category word.\nSentence: ""A shirt is a ___."" Completed sentence: A shirt is a"	garment	-1.7017593	▁gar	['cl', 'gar', '_', 'piece', 'cloth']	aff	aff
"Complete the sentence below with only one category word.\nSentence: ""A shirt is a ___."" Completed sentence: A shirt is a"	house	-6.1199236	▁	['cl', 'gar', '_', 'piece', 'cloth']	aff	neg
"Complete the sentence below with only one category word.\nSentence: ""A shirt is not a ___."" Completed sentence: A shirt is not a"	house	-5.9404535	▁	['gar', 'cl', '_', 'dress', 'piece']	neg	neg
"Complete the sentence below with only one category word.\nSentence: ""A shirt is not a ___."" Completed sentence: A shirt is not a"	garment	-2.1969147	▁gar	['gar', 'cl', '_', 'dress', 'piece']	neg	aff
"Complete the sentence below with only one category word.\nSentence: ""A doorknob is a ___."" Completed sentence: A doorknob is a"	furnishing	-3.8709917	▁furn	['handle', '_', 'hardware', 'category', 'tool']	aff	aff
"Complete the sentence below with only one category word.\nSentence: ""A doorknob is a ___."" Completed sentence: A doorknob is a"	computer	-6.1525397	▁	['handle', '_', 'hardware', 'category', 'tool']	aff	neg
"Complete the sentence below with only one category word.\nSentence: ""A doorknob is not a ___."" Completed sentence: A doorknob is not a"	computer	-6.027034	▁	['_', 'category', 'tool', 'door', 'n']	neg	neg
"Complete the sentence below with only one category word.\nSentence: ""A doorknob is not a ___."" Completed sentence: A doorknob is not a"	furnishing	-3.5220385	▁furn	['_', 'category', 'tool', 'door', 'n']	neg	aff
"Complete the sentence below with only one category word.\nSentence: ""A spoon is an ___."" Completed sentence: A spoon is an"	utensil	-0.84003067	▁ut	['ut', '_', 'e', 'implement', 'object']	aff	aff
"Complete the sentence below with only one category word.\nSentence: ""A spoon is a ___."" Completed sentence: A spoon is a"	toy	-6.3781853	▁	['ut', '_', 'tool', 'kitchen', 'category']	aff	neg
"Complete the sentence below with only one category word.\nSentence: ""A spoon is not a ___."" Completed sentence: A spoon is not a"	toy	-4.918829	▁to	['ut', 'tool', '_', 'category', 'kitchen']	neg	neg
"Complete the sentence below with only one category word.\nSentence: ""A spoon is not an ___."" Completed sentence: A spoon is not an"	utensil	-1.1258497	▁ut	['ut', 'instrument', 'implement', 'object', '_']	neg	aff
"Complete the sentence below with only one category word.\nSentence: ""A movie is a ___."" Completed sentence: A movie is a"	film	-3.0866528	▁film	['_', 'film', 'work', 'medium', 'form']	aff	aff
"Complete the sentence below with only one category word.\nSentence: ""A movie is a ___."" Completed sentence: A movie is a"	place	-5.63647	▁	['_', 'film', 'work', 'medium', 'form']	aff	neg
"Complete the sentence below with only one category word.\nSentence: ""A movie is not a ___."" Completed sentence: A movie is not a"	place	-5.6116867	▁	['_', 'book', 'work', 'film', 'movie']	neg	neg
"Complete the sentence below with only one category word.\nSentence: ""A movie is not a ___."" Completed sentence: A movie is not a"	film	-3.370038	▁film	['_', 'book', 'work', 'film', 'movie']	neg	aff
"Complete the sentence below with only one category word.\nSentence: ""A mansion is a ___."" Completed sentence: A mansion is a"	building	-2.922946	▁building	['house', '_', 'home', 'building', 'residence']	aff	aff
"Complete the sentence below with only one category word.\nSentence: ""A mansion is an ___."" Completed sentence: A mansion is an"	apartment	-4.0471	▁a	['_', 'estate', 'house', 'expensive', 'home']	aff	neg
"Complete the sentence below with only one category word.\nSentence: ""A mansion is not an ___."" Completed sentence: A mansion is not an"	apartment	-2.8601446	▁a	['_', 'house', 'home', 'a', 'ab']	neg	neg
"Complete the sentence below with only one category word.\nSentence: ""A mansion is not a ___."" Completed sentence: A mansion is not a"	building	-3.5257835	▁building	['house', 'home', '_', 'building', 'castle']	neg	aff
"Complete the sentence below with only one category word.\nSentence: ""A monument is a ___."" Completed sentence: A monument is a"	structure	-2.4581833	▁structure	['_', 'structure', 'building', 'mem', 'monument']	aff	aff
"Complete the sentence below with only one category word.\nSentence: ""A monument is a ___."" Completed sentence: A monument is a"	toy	-6.1662464	▁	['_', 'structure', 'building', 'mem', 'monument']	aff	neg
"Complete the sentence below with only one category word.\nSentence: ""A monument is not a ___."" Completed sentence: A monument is not a"	toy	-5.978423	▁	['_', 'building', 'monument', 'work', 'statue']	neg	neg
"Complete the sentence below with only one category word.\nSentence: ""A monument is not a ___."" Completed sentence: A monument is not a"	structure	-3.5717201	▁structure	['_', 'building', 'monument', 'work', 'statue']	neg	aff
"Complete the sentence below with only one category word.\nSentence: ""A candle is a ___."" Completed sentence: A candle is a"	light	-1.9683456	▁light	['_', 'light', 'burning', 'fl', 'category']	aff	aff
"Complete the sentence below with only one category word.\nSentence: ""A candle is a ___."" Completed sentence: A candle is a"	sound	-5.530322	▁	['_', 'light', 'burning', 'fl', 'category']	aff	neg
"Complete the sentence below with only one category word.\nSentence: ""A candle is not a ___."" Completed sentence: A candle is not a"	sound	-5.5675707	▁	['_', 'light', 'tool', 'thing', 'fire']	neg	neg
"Complete the sentence below with only one category word.\nSentence: ""A candle is not a ___."" Completed sentence: A candle is not a"	light	-2.4070883	▁light	['_', 'light', 'tool', 'thing', 'fire']	neg	aff
"Complete the sentence below with only one category word.\nSentence: ""A poodle is a ___."" Completed sentence: A poodle is a"	dog	-0.6641245	▁dog	['dog', '_', 'category', 'can', 'cat']	aff	aff
"Complete the sentence below with only one category word.\nSentence: ""A poodle is a ___."" Completed sentence: A poodle is a"	bird	-6.3783255	▁	['dog', '_', 'category', 'can', 'cat']	aff	neg
"Complete the sentence below with only one category word.\nSentence: ""A poodle is not a ___."" Completed sentence: A poodle is not a"	bird	-4.7340374	▁bird	['dog', 'cat', 'pet', '_', 'm']	neg	neg
"Complete the sentence below with only one category word.\nSentence: ""A poodle is not a ___."" Completed sentence: A poodle is not a"	dog	-1.1591978	▁dog	['dog', 'cat', 'pet', '_', 'm']	neg	aff
"Complete the sentence below with only one category word.\nSentence: ""A baby is a ___."" Completed sentence: A baby is a"	human	-2.3972902	▁human	['_', 'human', 'person', 'child', 'baby']	aff	aff
"Complete the sentence below with only one category word.\nSentence: ""A baby is a ___."" Completed sentence: A baby is a"	cat	-5.6343155	▁cat	['_', 'human', 'person', 'child', 'baby']	aff	neg
"Complete the sentence below with only one category word.\nSentence: ""A baby is not a ___."" Completed sentence: A baby is not a"	cat	-3.71797	▁cat	['person', '_', 'human', 'pet', 'to']	neg	neg
"Complete the sentence below with only one category word.\nSentence: ""A baby is not a ___."" Completed sentence: A baby is not a"	human	-2.998561	▁human	['person', '_', 'human', 'pet', 'to']	neg	aff
"Complete the sentence below with only one category word.\nSentence: ""A snowflake is a ___."" Completed sentence: A snowflake is a"	flake	-3.7369843	▁fla	['_', 'cry', 'water', 'snow', 'fla']	aff	aff
"Complete the sentence below with only one category word.\nSentence: ""A snowflake is a ___."" Completed sentence: A snowflake is a"	cloud	-5.0591364	▁cloud	['_', 'cry', 'water', 'snow', 'fla']	aff	neg
"Complete the sentence below with only one category word.\nSentence: ""A snowflake is not a ___."" Completed sentence: A snowflake is not a"	cloud	-4.828624	▁cloud	['_', 'snow', 'shape', 'leaf', 'solid']	neg	neg
"Complete the sentence below with only one category word.\nSentence: ""A snowflake is not a ___."" Completed sentence: A snowflake is not a"	flake	-4.565627	▁fla	['_', 'snow', 'shape', 'leaf', 'solid']	neg	aff
"Complete the sentence below with only one category word.\nSentence: ""A violin is an ___."" Completed sentence: A violin is an"	instrument	-0.38030815	▁instrument	['instrument', '_', 'musical', 'Inst', 'string']	aff	aff
"Complete the sentence below with only one category word.\nSentence: ""A violin is a ___."" Completed sentence: A violin is a"	toy	-6.475832	▁	['musical', 'string', '_', 'instrument', 'wood']	aff	neg
"Complete the sentence below with only one category word.\nSentence: ""A violin is not a ___."" Completed sentence: A violin is not a"	toy	-4.062767	▁to	['musical', '_', 'tool', 'instrument', 'string']	neg	neg
"Complete the sentence below with only one category word.\nSentence: ""A violin is not an ___."" Completed sentence: A violin is not an"	instrument	-0.5267086	▁instrument	['instrument', '_', 'Inst', 'object', 'musical']	neg	aff
"Complete the sentence below with only one category word.\nSentence: ""A spade is a ___."" Completed sentence: A spade is a"	tool	-1.2251263	▁tool	['tool', '_', 'garden', 'dig', '__']	aff	aff
"Complete the sentence below with only one category word.\nSentence: ""A spade is a ___."" Completed sentence: A spade is a"	food	-5.58731	▁	['tool', '_', 'garden', 'dig', '__']	aff	neg
"Complete the sentence below with only one category word.\nSentence: ""A spade is not a ___."" Completed sentence: A spade is not a"	food	-5.769296	▁	['_', 'tool', 'garden', 'sh', 'sp']	neg	neg
"Complete the sentence below with only one category word.\nSentence: ""A spade is not a ___."" Completed sentence: A spade is not a"	tool	-2.022357	▁tool	['_', 'tool', 'garden', 'sh', 'sp']	neg	aff
"Complete the sentence below with only one category word.\nSentence: ""An onion is a ___."" Completed sentence: An onion is a"	vegetable	-0.76003075	▁veget	['veget', 'fruit', '_', 'food', 'plant']	aff	aff
"Complete the sentence below with only one category word.\nSentence: ""An onion is a ___."" Completed sentence: An onion is a"	fruit	-1.6958008	▁fruit	['veget', 'fruit', '_', 'food', 'plant']	aff	neg
"Complete the sentence below with only one category word.\nSentence: ""An onion is not a ___."" Completed sentence: An onion is not a"	fruit	-1.4758825	▁fruit	['veget', 'fruit', '_', 'food', 'flower']	neg	neg
"Complete the sentence below with only one category word.\nSentence: ""An onion is not a ___."" Completed sentence: An onion is not a"	vegetable	-1.1823635	▁veget	['veget', 'fruit', '_', 'food', 'flower']	neg	aff
"Complete the sentence below with only one category word.\nSentence: ""A mailman is a ___."" Completed sentence: A mailman is a"	worker	-2.1889868	▁worker	['_', 'worker', 'person', 'post', 'public']	aff	aff
"Complete the sentence below with only one category word.\nSentence: ""A mailman is a ___."" Completed sentence: A mailman is a"	police	-6.1932096	▁	['_', 'worker', 'person', 'post', 'public']	aff	neg
"Complete the sentence below with only one category word.\nSentence: ""A mailman is not a ___."" Completed sentence: A mailman is not a"	police	-5.3853054	▁police	['_', 'person', 'worker', 'professional', 'human']	neg	neg
"Complete the sentence below with only one category word.\nSentence: ""A mailman is not a ___."" Completed sentence: A mailman is not a"	worker	-2.819642	▁worker	['_', 'person', 'worker', 'professional', 'human']	neg	aff
"Complete the sentence below with only one category word.\nSentence: ""A policeman is a ___."" Completed sentence: A policeman is a"	worker	-4.424574	▁worker	['_', 'public', 'man', 'person', 'law']	aff	aff
"Complete the sentence below with only one category word.\nSentence: ""A policeman is a ___."" Completed sentence: A policeman is a"	material	-6.0434437	▁	['_', 'public', 'man', 'person', 'law']	aff	neg
"Complete the sentence below with only one category word.\nSentence: ""A policeman is not a ___."" Completed sentence: A policeman is not a"	material	-6.194298	▁	['_', 'man', 'person', 'hero', 'human']	neg	neg
"Complete the sentence below with only one category word.\nSentence: ""A policeman is not a ___."" Completed sentence: A policeman is not a"	worker	-5.129266	▁worker	['_', 'man', 'person', 'hero', 'human']	neg	aff
"Complete the sentence below with only one category word.\nSentence: ""A sand is a ___."" Completed sentence: A sand is a"	material	-3.5835705	▁material	['_', 'solid', 'subst', 'rock', 'material']	aff	aff
"Complete the sentence below with only one category word.\nSentence: ""A sand is a ___."" Completed sentence: A sand is a"	house	-5.796547	▁	['_', 'solid', 'subst', 'rock', 'material']	aff	neg
"Complete the sentence below with only one category word.\nSentence: ""A sand is not a ___."" Completed sentence: A sand is not a"	house	-6.0718956	▁	['_', 'rock', 'category', 'cat', 'fruit']	neg	neg
"Complete the sentence below with only one category word.\nSentence: ""A sand is not a ___."" Completed sentence: A sand is not a"	material	-4.828578	▁material	['_', 'rock', 'category', 'cat', 'fruit']	neg	aff
"Complete the sentence below with only one category word.\nSentence: ""A grapefruit is a ___."" Completed sentence: A grapefruit is a"	fruit	-0.6771412	▁fruit	['fruit', 'cit', '_', 'veget', 'F']	aff	aff
"Complete the sentence below with only one category word.\nSentence: ""A grapefruit is a ___."" Completed sentence: A grapefruit is a"	color	-6.2745914	▁	['fruit', 'cit', '_', 'veget', 'F']	aff	neg
"Complete the sentence below with only one category word.\nSentence: ""A grapefruit is not a ___."" Completed sentence: A grapefruit is not a"	color	-6.1005793	▁	['fruit', 'veget', '_', 'food', 'cit']	neg	neg
"Complete the sentence below with only one category word.\nSentence: ""A grapefruit is not a ___."" Completed sentence: A grapefruit is not a"	fruit	-0.871747	▁fruit	['fruit', 'veget', '_', 'food', 'cit']	neg	aff
"Complete the sentence below with only one category word.\nSentence: ""A couch is a ___."" Completed sentence: A couch is a"	furniture	-1.51544	▁furn	['furn', 'piece', '_', 'so', 'living']	aff	aff
"Complete the sentence below with only one category word.\nSentence: ""A couch is a ___."" Completed sentence: A couch is a"	building	-5.984501	▁	['furn', 'piece', '_', 'so', 'living']	aff	neg
"Complete the sentence below with only one category word.\nSentence: ""A couch is not a ___."" Completed sentence: A couch is not a"	building	-6.0659165	▁	['furn', 'chair', 'piece', '_', 'so']	neg	neg
"Complete the sentence below with only one category word.\nSentence: ""A couch is not a ___."" Completed sentence: A couch is not a"	furniture	-1.9980192	▁furn	['furn', 'chair', 'piece', '_', 'so']	neg	aff
"Complete the sentence below with only one category word.\nSentence: ""A lawyer is a ___."" Completed sentence: A lawyer is a"	professional	-1.5135803	▁professional	['professional', '_', 'lawyer', 'person', 'profession']	aff	aff
"Complete the sentence below with only one category word.\nSentence: ""A lawyer is a ___."" Completed sentence: A lawyer is a"	judge	-6.171137	▁	['professional', '_', 'lawyer', 'person', 'profession']	aff	neg
"Complete the sentence below with only one category word.\nSentence: ""A lawyer is not a ___."" Completed sentence: A lawyer is not a"	judge	-4.886756	▁judge	['_', 'professional', 'doctor', 'lawyer', 'person']	neg	neg
"Complete the sentence below with only one category word.\nSentence: ""A lawyer is not a ___."" Completed sentence: A lawyer is not a"	professional	-2.1826334	▁professional	['_', 'professional', 'doctor', 'lawyer', 'person']	neg	aff
"Complete the sentence below with only one category word.\nSentence: ""A brinjal is a ___."" Completed sentence: A brinjal is a"	vegetable	-0.7031479	▁veget	['veget', 'fruit', '_', 'plant', 'F']	aff	aff
"Complete the sentence below with only one category word.\nSentence: ""A brinjal is a ___."" Completed sentence: A brinjal is a"	fruit	-1.3252687	▁fruit	['veget', 'fruit', '_', 'plant', 'F']	aff	neg
"Complete the sentence below with only one category word.\nSentence: ""A brinjal is not a ___."" Completed sentence: A brinjal is not a"	fruit	-1.2723703	▁fruit	['veget', 'fruit', '_', 'f', 'flower']	neg	neg
"Complete the sentence below with only one category word.\nSentence: ""A brinjal is not a ___."" Completed sentence: A brinjal is not a"	vegetable	-0.9544859	▁veget	['veget', 'fruit', '_', 'f', 'flower']	neg	aff
"Complete the sentence below with only one category word.\nSentence: ""A moon is a ___."" Completed sentence: A moon is a"	satellite	-3.127181	▁satellite	['planet', 'cel', '_', 'natural', 'heaven']	aff	aff
"Complete the sentence below with only one category word.\nSentence: ""A moon is a ___."" Completed sentence: A moon is a"	star	-3.8187332	▁star	['planet', 'cel', '_', 'natural', 'heaven']	aff	neg
"Complete the sentence below with only one category word.\nSentence: ""A moon is not a ___."" Completed sentence: A moon is not a"	star	-2.769352	▁star	['planet', '_', 'star', 'rock', 'fruit']	neg	neg
"Complete the sentence below with only one category word.\nSentence: ""A moon is not a ___."" Completed sentence: A moon is not a"	satellite	-4.843795	▁satellite	['planet', '_', 'star', 'rock', 'fruit']	neg	aff
"Complete the sentence below with only one category word.\nSentence: ""A dresser is a ___."" Completed sentence: A dresser is a"	furniture	-1.6223955	▁furn	['piece', 'furn', '_', 'dra', '__']	aff	aff
"Complete the sentence below with only one category word.\nSentence: ""A dresser is a ___."" Completed sentence: A dresser is a"	house	-5.9490285	▁	['piece', 'furn', '_', 'dra', '__']	aff	neg
"Complete the sentence below with only one category word.\nSentence: ""A dresser is not a ___."" Completed sentence: A dresser is not a"	house	-5.949752	▁	['furn', 'piece', '_', 'dra', 'table']	neg	neg
"Complete the sentence below with only one category word.\nSentence: ""A dresser is not a ___."" Completed sentence: A dresser is not a"	furniture	-2.2430878	▁furn	['furn', 'piece', '_', 'dra', 'table']	neg	aff
"Complete the sentence below with only one category word.\nSentence: ""A canoe is a ___."" Completed sentence: A canoe is a"	boat	-1.5224409	▁boat	['water', 'boat', '_', 'vessel', 'vehicle']	aff	aff
"Complete the sentence below with only one category word.\nSentence: ""A canoe is a ___."" Completed sentence: A canoe is a"	yacht	-6.3487225	▁	['water', 'boat', '_', 'vessel', 'vehicle']	aff	neg
"Complete the sentence below with only one category word.\nSentence: ""A canoe is not a ___."" Completed sentence: A canoe is not a"	yacht	-6.257783	▁	['boat', 'vehicle', '_', 'water', 'craft']	neg	neg
"Complete the sentence below with only one category word.\nSentence: ""A canoe is not a ___."" Completed sentence: A canoe is not a"	boat	-1.8355665	▁boat	['boat', 'vehicle', '_', 'water', 'craft']	neg	aff
"Complete the sentence below with only one category word.\nSentence: ""A park is a ___."" Completed sentence: A park is a"	facility	-6.060854	▁	['place', 'public', '_', 'recre', 'natural']	aff	aff
"Complete the sentence below with only one category word.\nSentence: ""A park is a ___."" Completed sentence: A park is a"	paperwork	-5.692688	▁P	['place', 'public', '_', 'recre', 'natural']	aff	neg
"Complete the sentence below with only one category word.\nSentence: ""A park is not a ___."" Completed sentence: A park is not a"	paperwork	-6.082696	▁	['place', '_', 'park', 'public', 'play']	neg	neg
"Complete the sentence below with only one category word.\nSentence: ""A park is not a ___."" Completed sentence: A park is not a"	facility	-6.082696	▁	['place', '_', 'park', 'public', 'play']	neg	aff
"Complete the sentence below with only one category word.\nSentence: ""A farm is a ___."" Completed sentence: A farm is a"	land	-4.3097115	▁land	['place', '_', 'business', 'farm', 'house']	aff	aff
"Complete the sentence below with only one category word.\nSentence: ""A farm is a ___."" Completed sentence: A farm is a"	color	-6.166603	▁	['place', '_', 'business', 'farm', 'house']	aff	neg
"Complete the sentence below with only one category word.\nSentence: ""A farm is not a ___."" Completed sentence: A farm is not a"	color	-6.1456604	▁	['business', '_', 'place', 'house', 'home']	neg	neg
"Complete the sentence below with only one category word.\nSentence: ""A farm is not a ___."" Completed sentence: A farm is not a"	land	-5.114316	▁land	['business', '_', 'place', 'house', 'home']	neg	aff
"Complete the sentence below with only one category word.\nSentence: ""A disc is an ___."" Completed sentence: A disc is an"	electronics	-5.543251	▁	"['_', 'optical', 'object', 'electronic', '""']"	aff	aff
"Complete the sentence below with only one category word.\nSentence: ""A disc is a ___."" Completed sentence: A disc is a"	material	-5.4408264	▁	['_', 'circle', 'disk', 'circular', 'round']	aff	neg
"Complete the sentence below with only one category word.\nSentence: ""A disc is not a ___."" Completed sentence: A disc is not a"	material	-5.9153767	▁	['_', 'circle', 'disk', 'category', 'disc']	neg	neg
"Complete the sentence below with only one category word.\nSentence: ""A disc is not an ___."" Completed sentence: A disc is not an"	electronics	-5.1061354	▁electron	['_', 'object', 'instrument', 'app', 'animal']	neg	aff
"Complete the sentence below with only one category word.\nSentence: ""A window is a ___."" Completed sentence: A window is a"	structure	-4.043764	▁structure	['_', 'window', 'door', 'glass', 'frame']	aff	aff
"Complete the sentence below with only one category word.\nSentence: ""A window is a ___."" Completed sentence: A window is a"	place	-4.9366035	▁place	['_', 'window', 'door', 'glass', 'frame']	aff	neg
"Complete the sentence below with only one category word.\nSentence: ""A window is not a ___."" Completed sentence: A window is not a"	place	-5.1384134	▁place	['door', '_', 'category', 'furn', 'window']	neg	neg
"Complete the sentence below with only one category word.\nSentence: ""A window is not a ___."" Completed sentence: A window is not a"	structure	-5.9356327	▁	['door', '_', 'category', 'furn', 'window']	neg	aff
"Complete the sentence below with only one category word.\nSentence: ""A pumpkin is a ___."" Completed sentence: A pumpkin is a"	vegetable	-0.83024216	▁veget	['veget', 'fruit', '_', 'squ', 'plant']	aff	aff
"Complete the sentence below with only one category word.\nSentence: ""A pumpkin is a ___."" Completed sentence: A pumpkin is a"	fruit	-1.4364834	▁fruit	['veget', 'fruit', '_', 'squ', 'plant']	aff	neg
"Complete the sentence below with only one category word.\nSentence: ""A pumpkin is not a ___."" Completed sentence: A pumpkin is not a"	fruit	-1.7952394	▁fruit	['veget', 'fruit', '_', 'food', 'plant']	neg	neg
"Complete the sentence below with only one category word.\nSentence: ""A pumpkin is not a ___."" Completed sentence: A pumpkin is not a"	vegetable	-0.9831457	▁veget	['veget', 'fruit', '_', 'food', 'plant']	neg	aff
"Complete the sentence below with only one category word.\nSentence: ""A bowl is an ___."" Completed sentence: A bowl is an"	utensil	-1.8635693	▁ut	['object', '_', 'ut', 'e', 'article']	aff	aff
"Complete the sentence below with only one category word.\nSentence: ""A bowl is a ___."" Completed sentence: A bowl is a"	toy	-6.0399914	▁	['container', '_', 'ut', 'vessel', 'B']	aff	neg
"Complete the sentence below with only one category word.\nSentence: ""A bowl is not a ___."" Completed sentence: A bowl is not a"	toy	-5.105587	▁to	['_', 'cup', 'category', 'ut', 'container']	neg	neg
"Complete the sentence below with only one category word.\nSentence: ""A bowl is not an ___."" Completed sentence: A bowl is not an"	utensil	-1.9711523	▁ut	['object', 'ut', 'instrument', '_', 'implement']	neg	aff
"Complete the sentence below with only one category word.\nSentence: ""A fox is a ___."" Completed sentence: A fox is a"	mammal	-1.0418177	▁m	['m', '_', 'car', 'animal', '__']	aff	aff
"Complete the sentence below with only one category word.\nSentence: ""A fox is a ___."" Completed sentence: A fox is a"	fish	-5.834734	▁	['m', '_', 'car', 'animal', '__']	aff	neg
"Complete the sentence below with only one category word.\nSentence: ""A fox is not a ___."" Completed sentence: A fox is not a"	fish	-4.5860844	▁fish	['cat', 'm', '_', 'dog', 'animal']	neg	neg
"Complete the sentence below with only one category word.\nSentence: ""A fox is not a ___."" Completed sentence: A fox is not a"	mammal	-2.151082	▁m	['cat', 'm', '_', 'dog', 'animal']	neg	aff
"Complete the sentence below with only one category word.\nSentence: ""A spider is an ___."" Completed sentence: A spider is an"	arthropod	-1.9020348	▁ar	['animal', 'ar', '_', 'insect', 'in']	aff	aff
"Complete the sentence below with only one category word.\nSentence: ""A spider is a ___."" Completed sentence: A spider is a"	plant	-5.7077446	▁	['_', 'animal', 'ar', 'insect', 'ara']	aff	neg
"Complete the sentence below with only one category word.\nSentence: ""A spider is not a ___."" Completed sentence: A spider is not a"	plant	-5.131935	▁plant	['animal', '_', 'insect', 'm', 'pet']	neg	neg
"Complete the sentence below with only one category word.\nSentence: ""A spider is not an ___."" Completed sentence: A spider is not an"	arthropod	-4.141967	▁ar	['animal', 'insect', '_', 'in', 'ara']	neg	aff
"Complete the sentence below with only one category word.\nSentence: ""A mountain is a ___."" Completed sentence: A mountain is a"	place	-3.6594648	▁place	['natural', '_', 'mountain', 'land', 'place']	aff	aff
"Complete the sentence below with only one category word.\nSentence: ""A mountain is a ___."" Completed sentence: A mountain is a"	thing	-5.4022856	▁thing	['natural', '_', 'mountain', 'land', 'place']	aff	neg
"Complete the sentence below with only one category word.\nSentence: ""A mountain is not a ___."" Completed sentence: A mountain is not a"	thing	-4.5066032	▁thing	['_', 'mountain', 'place', 'category', 'natural']	neg	neg
"Complete the sentence below with only one category word.\nSentence: ""A mountain is not a ___."" Completed sentence: A mountain is not a"	place	-3.71741	▁place	['_', 'mountain', 'place', 'category', 'natural']	neg	aff
"Complete the sentence below with only one category word.\nSentence: ""A magazine is a ___."" Completed sentence: A magazine is a"	publication	-1.8988781	▁publication	['publication', '_', 'magazine', 'period', 'book']	aff	aff
"Complete the sentence below with only one category word.\nSentence: ""A magazine is a ___."" Completed sentence: A magazine is a"	drink	-5.801694	▁	['publication', '_', 'magazine', 'period', 'book']	aff	neg
"Complete the sentence below with only one category word.\nSentence: ""A magazine is not a ___."" Completed sentence: A magazine is not a"	drink	-5.979455	▁	['book', '_', 'magazine', 'newspaper', 'publication']	neg	neg
"Complete the sentence below with only one category word.\nSentence: ""A magazine is not a ___."" Completed sentence: A magazine is not a"	publication	-3.2653217	▁publication	['book', '_', 'magazine', 'newspaper', 'publication']	neg	aff
"Complete the sentence below with only one category word.\nSentence: ""A desk is a ___."" Completed sentence: A desk is a"	furnishing	-1.6133118	▁furn	['piece', 'furn', '_', 'place', 'F']	aff	aff
"Complete the sentence below with only one category word.\nSentence: ""A desk is a ___."" Completed sentence: A desk is a"	noun	-5.9214973	▁	['piece', 'furn', '_', 'place', 'F']	aff	neg
"Complete the sentence below with only one category word.\nSentence: ""A desk is not a ___."" Completed sentence: A desk is not a"	noun	-5.867439	▁	['furn', 'piece', '_', 'chair', 'place']	neg	neg
"Complete the sentence below with only one category word.\nSentence: ""A desk is not a ___."" Completed sentence: A desk is not a"	furnishing	-2.0209436	▁furn	['furn', 'piece', '_', 'chair', 'place']	neg	aff
"Complete the sentence below with only one category word.\nSentence: ""A lamp is a ___."" Completed sentence: A lamp is a"	decoration	-5.78477	▁decor	['light', '_', 'furn', 'household', 'device']	aff	aff
"Complete the sentence below with only one category word.\nSentence: ""A lamp is a ___."" Completed sentence: A lamp is a"	toy	-5.7901735	▁	['light', '_', 'furn', 'household', 'device']	aff	neg
"Complete the sentence below with only one category word.\nSentence: ""A lamp is not a ___."" Completed sentence: A lamp is not a"	toy	-4.8838453	▁to	['_', 'furn', 'light', 'category', 'tool']	neg	neg
"Complete the sentence below with only one category word.\nSentence: ""A lamp is not a ___."" Completed sentence: A lamp is not a"	decoration	-5.7913	▁	['_', 'furn', 'light', 'category', 'tool']	neg	aff
"Complete the sentence below with only one category word.\nSentence: ""A pen is a ___."" Completed sentence: A pen is a"	stationary	-5.1355696	▁station	['writing', '_', 'tool', 'category', '(']	aff	aff
"Complete the sentence below with only one category word.\nSentence: ""A pen is a ___."" Completed sentence: A pen is a"	food	-5.662429	▁	['writing', '_', 'tool', 'category', '(']	aff	neg
"Complete the sentence below with only one category word.\nSentence: ""A pen is not a ___."" Completed sentence: A pen is not a"	food	-5.8201294	▁	['_', 'tool', 'category', 'weapon', 'book']	neg	neg
"Complete the sentence below with only one category word.\nSentence: ""A pen is not a ___."" Completed sentence: A pen is not a"	stationary	-5.8201294	▁	['_', 'tool', 'category', 'weapon', 'book']	neg	aff
"Complete the sentence below with only one category word.\nSentence: ""An eraser is a ___."" Completed sentence: An eraser is a"	stationary	-4.6601768	▁station	['_', 'tool', 'writing', 'category', 'rub']	aff	aff
"Complete the sentence below with only one category word.\nSentence: ""An eraser is a ___."" Completed sentence: An eraser is a"	food	-5.413426	▁	['_', 'tool', 'writing', 'category', 'rub']	aff	neg
"Complete the sentence below with only one category word.\nSentence: ""An eraser is not a ___."" Completed sentence: An eraser is not a"	food	-5.5605154	▁food	['_', 'tool', 'p', 'category', 'writing']	neg	neg
"Complete the sentence below with only one category word.\nSentence: ""An eraser is not a ___."" Completed sentence: An eraser is not a"	stationary	-5.44911	▁station	['_', 'tool', 'p', 'category', 'writing']	neg	aff
"Complete the sentence below with only one category word.\nSentence: ""A library is a ___."" Completed sentence: A library is a"	building	-2.439868	▁building	['place', '_', 'building', 'book', 'collection']	aff	aff
"Complete the sentence below with only one category word.\nSentence: ""A library is a ___."" Completed sentence: A library is a"	drink	-6.6257944	▁	['place', '_', 'building', 'book', 'collection']	aff	neg
"Complete the sentence below with only one category word.\nSentence: ""A library is not a ___."" Completed sentence: A library is not a"	drink	-6.66129	▁	['place', 'building', 'book', '_', 'store']	neg	neg
"Complete the sentence below with only one category word.\nSentence: ""A library is not a ___."" Completed sentence: A library is not a"	building	-2.4311275	▁building	['place', 'building', 'book', '_', 'store']	neg	aff
"Complete the sentence below with only one category word.\nSentence: ""A website is a ___."" Completed sentence: A website is a"	webpage	-5.80512	▁Web	['_', 'website', 'computer', 'medium', 'tool']	aff	aff
"Complete the sentence below with only one category word.\nSentence: ""A website is a ___."" Completed sentence: A website is a"	computer	-2.9113522	▁computer	['_', 'website', 'computer', 'medium', 'tool']	aff	neg
"Complete the sentence below with only one category word.\nSentence: ""A website is not a ___."" Completed sentence: A website is not a"	computer	-4.2640734	▁computer	['_', 'business', 'book', 'website', 'tool']	neg	neg
"Complete the sentence below with only one category word.\nSentence: ""A website is not a ___."" Completed sentence: A website is not a"	webpage	-5.912758	▁	['_', 'business', 'book', 'website', 'tool']	neg	aff
"Complete the sentence below with only one category word.\nSentence: ""A king is a ___."" Completed sentence: A king is a"	ruler	-1.9205799	▁r	['r', '_', 'leader', 'man', 'person']	aff	aff
"Complete the sentence below with only one category word.\nSentence: ""A king is a ___."" Completed sentence: A king is a"	servant	-6.365244	▁servant	['r', '_', 'leader', 'man', 'person']	aff	neg
"Complete the sentence below with only one category word.\nSentence: ""A king is not a ___."" Completed sentence: A king is not a"	servant	-4.779975	▁servant	['man', 'king', '_', 'person', 'human']	neg	neg
"Complete the sentence below with only one category word.\nSentence: ""A king is not a ___."" Completed sentence: A king is not a"	ruler	-3.2309313	▁r	['man', 'king', '_', 'person', 'human']	neg	aff
"Complete the sentence below with only one category word.\nSentence: ""A snowman is a ___."" Completed sentence: A snowman is a"	sculpture	-4.30916	▁sculpt	['_', 'person', 'man', 'human', 'creature']	aff	aff
"Complete the sentence below with only one category word.\nSentence: ""A snowman is a ___."" Completed sentence: A snowman is a"	building	-5.5364876	▁building	['_', 'person', 'man', 'human', 'creature']	aff	neg
"Complete the sentence below with only one category word.\nSentence: ""A snowman is not a ___."" Completed sentence: A snowman is not a"	building	-5.9517937	▁	['_', 'person', 'man', 'living', 'human']	neg	neg
"Complete the sentence below with only one category word.\nSentence: ""A snowman is not a ___."" Completed sentence: A snowman is not a"	sculpture	-5.9517937	▁	['_', 'person', 'man', 'living', 'human']	neg	aff
"Complete the sentence below with only one category word.\nSentence: ""A vacuum is a ___."" Completed sentence: A vacuum is a"	machine	-4.877018	▁machine	['_', 'space', 'container', 'place', 'vac']	aff	aff
"Complete the sentence below with only one category word.\nSentence: ""A vacuum is a ___."" Completed sentence: A vacuum is a"	pet	-6.284739	▁	['_', 'space', 'container', 'place', 'vac']	aff	neg
"Complete the sentence below with only one category word.\nSentence: ""A vacuum is not a ___."" Completed sentence: A vacuum is not a"	pet	-6.167628	▁	['_', 'vac', 'container', 'place', 'space']	neg	neg
"Complete the sentence below with only one category word.\nSentence: ""A vacuum is not a ___."" Completed sentence: A vacuum is not a"	machine	-5.0233936	▁machine	['_', 'vac', 'container', 'place', 'space']	neg	aff
"Complete the sentence below with only one category word.\nSentence: ""A robot is a ___."" Completed sentence: A robot is a"	machine	-1.5306625	▁machine	['machine', '_', 'computer', 'tool', 'device']	aff	aff
"Complete the sentence below with only one category word.\nSentence: ""A robot is a ___."" Completed sentence: A robot is a"	pet	-6.0463586	▁	['machine', '_', 'computer', 'tool', 'device']	aff	neg
"Complete the sentence below with only one category word.\nSentence: ""A robot is not a ___."" Completed sentence: A robot is not a"	pet	-4.576576	▁pet	['_', 'human', 'machine', 'person', 'living']	neg	neg
"Complete the sentence below with only one category word.\nSentence: ""A robot is not a ___."" Completed sentence: A robot is not a"	machine	-2.8021078	▁machine	['_', 'human', 'machine', 'person', 'living']	neg	aff
"Complete the sentence below with only one category word.\nSentence: ""A seagull is a ___."" Completed sentence: A seagull is a"	bird	-0.6289215	▁bird	['bird', '_', 'flying', '(', 'water']	aff	aff
"Complete the sentence below with only one category word.\nSentence: ""A seagull is a ___."" Completed sentence: A seagull is a"	mammal	-4.991515	▁m	['bird', '_', 'flying', '(', 'water']	aff	neg
"Complete the sentence below with only one category word.\nSentence: ""A seagull is not a ___."" Completed sentence: A seagull is not a"	mammal	-2.889742	▁m	['bird', '_', 'm', 'animal', 'pet']	neg	neg
"Complete the sentence below with only one category word.\nSentence: ""A seagull is not a ___."" Completed sentence: A seagull is not a"	bird	-0.79798794	▁bird	['bird', '_', 'm', 'animal', 'pet']	neg	aff
"Complete the sentence below with only one category word.\nSentence: ""A dress is a ___."" Completed sentence: A dress is a"	garment	-1.5082216	▁gar	['gar', 'cl', '_', 'piece', 'dress']	aff	aff
"Complete the sentence below with only one category word.\nSentence: ""A dress is a ___."" Completed sentence: A dress is a"	device	-6.0358295	▁	['gar', 'cl', '_', 'piece', 'dress']	aff	neg
"Complete the sentence below with only one category word.\nSentence: ""A dress is not a ___."" Completed sentence: A dress is not a"	device	-5.981778	▁	['_', 'gar', 'cl', 'dress', 'piece']	neg	neg
"Complete the sentence below with only one category word.\nSentence: ""A dress is not a ___."" Completed sentence: A dress is not a"	garment	-2.2372065	▁gar	['_', 'gar', 'cl', 'dress', 'piece']	neg	aff
"Complete the sentence below with only one category word.\nSentence: ""A swamp is a ___."" Completed sentence: A swamp is a"	habitat	-2.3560925	▁habitat	['_', 'wet', 'habitat', 'mar', 'bi']	aff	aff
"Complete the sentence below with only one category word.\nSentence: ""A swamp is a ___."" Completed sentence: A swamp is a"	tree	-6.6702557	▁	['_', 'wet', 'habitat', 'mar', 'bi']	aff	neg
"Complete the sentence below with only one category word.\nSentence: ""A swamp is not a ___."" Completed sentence: A swamp is not a"	tree	-6.5743637	▁	['_', 'forest', 'desert', 'place', 'habitat']	neg	neg
"Complete the sentence below with only one category word.\nSentence: ""A swamp is not a ___."" Completed sentence: A swamp is not a"	habitat	-3.2184668	▁habitat	['_', 'forest', 'desert', 'place', 'habitat']	neg	aff
"Complete the sentence below with only one category word.\nSentence: ""A continent is a ___."" Completed sentence: A continent is a"	landmass	-1.9643011	▁land	['continent', 'land', '_', 'country', 'region']	aff	aff
"Complete the sentence below with only one category word.\nSentence: ""A continent is a ___."" Completed sentence: A continent is a"	liquid	-6.2720222	▁	['continent', 'land', '_', 'country', 'region']	aff	neg
"Complete the sentence below with only one category word.\nSentence: ""A continent is not a ___."" Completed sentence: A continent is not a"	liquid	-6.582841	▁	['country', 'continent', '_', 'region', 'land']	neg	neg
"Complete the sentence below with only one category word.\nSentence: ""A continent is not a ___."" Completed sentence: A continent is not a"	landmass	-3.673008	▁land	['country', 'continent', '_', 'region', 'land']	neg	aff
"Complete the sentence below with only one category word.\nSentence: ""An icecream is a ___."" Completed sentence: An icecream is a"	dessert	-2.1525755	▁dess	['food', 'dess', '_', 'sweet', 'desert']	aff	aff
"Complete the sentence below with only one category word.\nSentence: ""An icecream is a ___."" Completed sentence: An icecream is a"	plant	-6.2406073	▁	['food', 'dess', '_', 'sweet', 'desert']	aff	neg
"Complete the sentence below with only one category word.\nSentence: ""An ice cream is not a ___."" Completed sentence: An ice cream is not a"	plant	-6.2270317	▁	['food', '_', 'dess', 'sn', 'c']	neg	neg
"Complete the sentence below with only one category word.\nSentence: ""An ice cream is not a ___."" Completed sentence: An ice cream is not a"	dessert	-2.6617079	▁dess	['food', '_', 'dess', 'sn', 'c']	neg	aff
"Complete the sentence below with only one category word.\nSentence: ""A cake is a ___."" Completed sentence: A cake is a"	dish	-4.2439785	▁d	['food', 'b', '_', 'dess', 'sweet']	aff	aff
"Complete the sentence below with only one category word.\nSentence: ""A cake is a ___."" Completed sentence: A cake is a"	tree	-5.8020477	▁	['food', 'b', '_', 'dess', 'sweet']	aff	neg
"Complete the sentence below with only one category word.\nSentence: ""A cake is not a ___."" Completed sentence: A cake is not a"	tree	-5.8147573	▁	['food', '_', 'dess', 'c', 'me']	neg	neg
"Complete the sentence below with only one category word.\nSentence: ""A cake is not a ___."" Completed sentence: A cake is not a"	dish	-4.294071	▁d	['food', '_', 'dess', 'c', 'me']	neg	aff
"Complete the sentence below with only one category word.\nSentence: ""A cookie is a ___."" Completed sentence: A cookie is a"	dessert	-3.8605099	▁dess	['food', 'sn', 'b', '_', 'sweet']	aff	aff
"Complete the sentence below with only one category word.\nSentence: ""A cookie is a ___."" Completed sentence: A cookie is a"	toy	-5.778818	▁	['food', 'sn', 'b', '_', 'sweet']	aff	neg
"Complete the sentence below with only one category word.\nSentence: ""A cookie is not a ___."" Completed sentence: A cookie is not a"	toy	-5.06454	▁to	['food', 'sn', '_', 'c', 'cookie']	neg	neg
"Complete the sentence below with only one category word.\nSentence: ""A cookie is not a ___."" Completed sentence: A cookie is not a"	dessert	-3.9225388	▁dess	['food', 'sn', '_', 'c', 'cookie']	neg	aff
"Complete the sentence below with only one category word.\nSentence: ""A bird is an ___."" Completed sentence: A bird is an"	organism	-6.007805	▁	['animal', '_', 'av', '(', '...']	aff	aff
"Complete the sentence below with only one category word.\nSentence: ""A bird is a ___."" Completed sentence: A bird is a"	toy	-5.582141	▁	['_', 'bird', 'flying', 'm', 'fe']	aff	neg
"Complete the sentence below with only one category word.\nSentence: ""A bird is not a ___."" Completed sentence: A bird is not a"	toy	-5.8784122	▁	['_', 'm', 'bird', 'cat', 'pet']	neg	neg
"Complete the sentence below with only one category word.\nSentence: ""A bird is not an ___."" Completed sentence: A bird is not an"	organism	-6.2918386	▁organ	['animal', '_', 'insect', 'object', 'm']	neg	aff
"Complete the sentence below with only one category word.\nSentence: ""A mammal is a ___."" Completed sentence: A mammal is a"	vertebrate	-1.7616339	▁verte	['_', 'verte', 'm', 'animal', 'warm']	aff	aff
"Complete the sentence below with only one category word.\nSentence: ""A mammal is a ___."" Completed sentence: A mammal is a"	place	-6.1196766	▁	['_', 'verte', 'm', 'animal', 'warm']	aff	neg
"Complete the sentence below with only one category word.\nSentence: ""A mammal is not a ___."" Completed sentence: A mammal is not a"	place	-6.67511	▁	['_', 'bird', 'fish', 're', 'cat']	neg	neg
"Complete the sentence below with only one category word.\nSentence: ""A mammal is not a ___."" Completed sentence: A mammal is not a"	vertebrate	-3.7099333	▁verte	['_', 'bird', 'fish', 're', 'cat']	neg	aff
"Complete the sentence below with only one category word.\nSentence: ""A relative is a ___."" Completed sentence: A relative is a"	family	-2.3791895	▁family	['_', 'relative', 'family', 'friend', 'person']	aff	aff
"Complete the sentence below with only one category word.\nSentence: ""A relative is a ___."" Completed sentence: A relative is a"	furniture	-4.2404785	▁F	['_', 'relative', 'family', 'friend', 'person']	aff	neg
"Complete the sentence below with only one category word.\nSentence: ""A relative is not a ___."" Completed sentence: A relative is not a"	furniture	-5.3546104	▁F	['friend', '_', 'relative', 'family', 'person']	neg	neg
"Complete the sentence below with only one category word.\nSentence: ""A relative is not a ___."" Completed sentence: A relative is not a"	family	-3.2430477	▁family	['friend', '_', 'relative', 'family', 'person']	neg	aff
"Complete the sentence below with only one category word.\nSentence: ""A vehicle is a ___."" Completed sentence: A vehicle is a"	transportation	-2.362134	▁transport	['_', 'transport', 'machine', 'vehicle', 'car']	aff	aff
"Complete the sentence below with only one category word.\nSentence: ""A vehicle is a ___."" Completed sentence: A vehicle is a"	bird	-5.5912676	▁	['_', 'transport', 'machine', 'vehicle', 'car']	aff	neg
"Complete the sentence below with only one category word.\nSentence: ""A vehicle is not a ___."" Completed sentence: A vehicle is not a"	bird	-5.43431	▁bird	['_', 'vehicle', 'car', 'transport', 'machine']	neg	neg
"Complete the sentence below with only one category word.\nSentence: ""A vehicle is not a ___."" Completed sentence: A vehicle is not a"	transportation	-3.621478	▁transport	['_', 'vehicle', 'car', 'transport', 'machine']	neg	aff
"Complete the sentence below with only one category word.\nSentence: ""A vegetable is a ___."" Completed sentence: A vegetable is a"	snack	-5.6416397	▁	['plant', 'fruit', 'food', '_', 'category']	aff	aff
"Complete the sentence below with only one category word.\nSentence: ""A vegetable is an ___."" Completed sentence: A vegetable is an"	insect	-5.194995	▁	['_', 'animal', 'ed', 'her', 'organ']	aff	neg
"Complete the sentence below with only one category word.\nSentence: ""A vegetable is not an ___."" Completed sentence: A vegetable is not an"	insect	-5.8132153	▁insect	['animal', '_', 'object', 'apple', 'fruit']	neg	neg
"Complete the sentence below with only one category word.\nSentence: ""A vegetable is not a ___."" Completed sentence: A vegetable is not a"	snack	-5.591526	▁sn	['fruit', 'food', '_', 'plant', 'meat']	neg	aff
"Complete the sentence below with only one category word.\nSentence: ""A shoe is an ___."" Completed sentence: A shoe is an"	apparel	-3.527503	▁app	['article', '_', 'object', 'access', 'item']	aff	aff
"Complete the sentence below with only one category word.\nSentence: ""A shoe is a ___."" Completed sentence: A shoe is a"	bottle	-5.5948668	▁	['_', 'foot', 'cl', 'category', 'sh']	aff	neg
"Complete the sentence below with only one category word.\nSentence: ""A shoe is not a ___."" Completed sentence: A shoe is not a"	bottle	-5.7049017	▁	['_', 'category', 'foot', 'cl', 'sh']	neg	neg
"Complete the sentence below with only one category word.\nSentence: ""A shoe is not an ___."" Completed sentence: A shoe is not an"	apparel	-2.8021908	▁app	['article', '_', 'object', 'access', 'app']	neg	aff
"Complete the sentence below with only one category word.\nSentence: ""A sock is an ___."" Completed sentence: A sock is an"	apparel	-3.975686	▁app	['article', '_', 'cl', 'under', 'item']	aff	aff
"Complete the sentence below with only one category word.\nSentence: ""A sock is a ___."" Completed sentence: A sock is a"	shoe	-3.4680386	▁sh	['cl', '_', 'gar', 'foot', 'sh']	aff	neg
"Complete the sentence below with only one category word.\nSentence: ""A sock is not a ___."" Completed sentence: A sock is not a"	shoe	-1.9106922	▁sh	['sh', '_', 'cl', 'gar', 'p']	neg	neg
"Complete the sentence below with only one category word.\nSentence: ""A sock is not an ___."" Completed sentence: A sock is not an"	apparel	-3.5357141	▁app	['article', '_', 'under', 'animal', 'object']	neg	aff
"Complete the sentence below with only one category word.\nSentence: ""A sheep is a ___."" Completed sentence: A sheep is a"	mammal	-1.6321783	▁m	['m', '_', 'animal', 'quad', 'farm']	aff	aff
"Complete the sentence below with only one category word.\nSentence: ""A sheep is a ___."" Completed sentence: A sheep is a"	plant	-5.356182	▁	['m', '_', 'animal', 'quad', 'farm']	aff	neg
"Complete the sentence below with only one category word.\nSentence: ""A sheep is not a ___."" Completed sentence: A sheep is not a"	plant	-5.9614553	▁	['_', 'm', 'cat', 'animal', 'pet']	neg	neg
"Complete the sentence below with only one category word.\nSentence: ""A sheep is not a ___."" Completed sentence: A sheep is not a"	mammal	-2.3635254	▁m	['_', 'm', 'cat', 'animal', 'pet']	neg	aff
"Complete the sentence below with only one category word.\nSentence: ""A python is a ___."" Completed sentence: A python is a"	reptile	-1.6405191	▁re	['_', 're', 's', 'm', 'animal']	aff	aff
"Complete the sentence below with only one category word.\nSentence: ""A python is a ___."" Completed sentence: A python is a"	place	-6.654894	▁	['_', 're', 's', 'm', 'animal']	aff	neg
"Complete the sentence below with only one category word.\nSentence: ""A python is not a ___."" Completed sentence: A python is not a"	place	-6.778075	▁	['m', '_', 'cat', 're', 's']	neg	neg
"Complete the sentence below with only one category word.\nSentence: ""A python is not a ___."" Completed sentence: A python is not a"	reptile	-2.4009628	▁re	['m', '_', 'cat', 're', 's']	neg	aff
"Complete the sentence below with only one category word.\nSentence: ""A river is an ___."" Completed sentence: A river is an"	ecosystem	-4.456702	▁e	['_', 'water', 'body', 'stream', 'aqu']	aff	aff
"Complete the sentence below with only one category word.\nSentence: ""A river is a ___."" Completed sentence: A river is a"	landmass	-5.714546	▁land	['body', '_', 'water', 'stream', 'natural']	aff	neg
"Complete the sentence below with only one category word.\nSentence: ""A river is not a ___."" Completed sentence: A river is not a"	landmass	-5.7030745	▁land	['_', 'river', 'body', 'stream', 'water']	neg	neg
"Complete the sentence below with only one category word.\nSentence: ""A river is not an ___."" Completed sentence: A river is not an"	ecosystem	-5.4706097	▁e	['animal', '_', 'object', 'river', 'organ']	neg	aff
"Complete the sentence below with only one category word.\nSentence: ""An ocean is an ___."" Completed sentence: An ocean is an"	ecosystem	-3.139101	▁e	['_', 'body', 'aqu', 'e', 'water']	aff	aff
"Complete the sentence below with only one category word.\nSentence: ""An ocean is a ___."" Completed sentence: An ocean is a"	desert	-7.0084887	▁	['body', '_', 'water', 'liquid', 'place']	aff	neg
"Complete the sentence below with only one category word.\nSentence: ""An ocean is not a ___."" Completed sentence: An ocean is not a"	desert	-4.739313	▁desert	['body', '_', 'place', 'liquid', 'category']	neg	neg
"Complete the sentence below with only one category word.\nSentence: ""An ocean is not an ___."" Completed sentence: An ocean is not an"	ecosystem	-4.441327	▁e	['animal', '_', 'object', 'environment', 'ocean']	neg	aff
"Complete the sentence below with only one category word.\nSentence: ""A poet is an ___."" Completed sentence: A poet is an"	artist	-0.4613924	▁artist	['artist', '_', 'author', 'Art', 'writer']	aff	aff
"Complete the sentence below with only one category word.\nSentence: ""A poet is a ___."" Completed sentence: A poet is a"	food	-5.474802	▁	['_', 'writer', 'cre', 'artist', 'person']	aff	neg
"Complete the sentence below with only one category word.\nSentence: ""A poet is not a ___."" Completed sentence: A poet is not a"	food	-5.5430384	▁	['_', 'writer', 'person', 'poet', 'artist']	neg	neg
"Complete the sentence below with only one category word.\nSentence: ""A poet is not an ___."" Completed sentence: A poet is not an"	artist	-0.88868713	▁artist	['artist', '_', 'author', 'ent', 'Art']	neg	aff
"Complete the sentence below with only one category word.\nSentence: ""A painter is an ___."" Completed sentence: A painter is an"	artist	-0.37112427	▁artist	['artist', '_', 'Art', 'art', 'AR']	aff	aff
"Complete the sentence below with only one category word.\nSentence: ""A painter is a ___."" Completed sentence: A painter is a"	furniture	-5.8804703	▁	['_', 'professional', 'cre', 'person', 'craft']	aff	neg
"Complete the sentence below with only one category word.\nSentence: ""A painter is not a ___."" Completed sentence: A painter is not a"	furniture	-5.9925003	▁	['_', 'professional', 'craft', 'worker', 'person']	neg	neg
"Complete the sentence below with only one category word.\nSentence: ""A painter is not an ___."" Completed sentence: A painter is not an"	artist	-0.5103283	▁artist	['artist', '_', 'Art', 'employee', 'art']	neg	aff
"Complete the sentence below with only one category word.\nSentence: ""A musician is an ___."" Completed sentence: A musician is an"	artist	-0.52298737	▁artist	['artist', '_', 'ent', 'Art', 'actor']	aff	aff
"Complete the sentence below with only one category word.\nSentence: ""A musician is a ___."" Completed sentence: A musician is a"	toy	-5.9116516	▁	['_', 'perform', 'music', 'person', 'professional']	aff	neg
"Complete the sentence below with only one category word.\nSentence: ""A musician is not a ___."" Completed sentence: A musician is not a"	toy	-6.1583548	▁	['_', 'professional', 'music', 'perform', 'person']	neg	neg
"Complete the sentence below with only one category word.\nSentence: ""A musician is not an ___."" Completed sentence: A musician is not an"	artist	-0.7770958	▁artist	['artist', '_', 'ent', 'instrument', 'ath']	neg	aff
"Complete the sentence below with only one category word.\nSentence: ""A stapler is a ___."" Completed sentence: A stapler is a"	stationary	-4.108449	▁station	['office', 'tool', '_', 'category', 'household']	aff	aff
"Complete the sentence below with only one category word.\nSentence: ""A stapler is a ___."" Completed sentence: A stapler is a"	pet	-5.6870074	▁	['office', 'tool', '_', 'category', 'household']	aff	neg
"Complete the sentence below with only one category word.\nSentence: ""A stapler is not a ___."" Completed sentence: A stapler is not a"	pet	-5.932917	▁	['tool', '_', 'office', 'category', 'furn']	neg	neg
"Complete the sentence below with only one category word.\nSentence: ""A stapler is not a ___."" Completed sentence: A stapler is not a"	stationary	-4.6387267	▁station	['tool', '_', 'office', 'category', 'furn']	neg	aff
"Complete the sentence below with only one category word.\nSentence: ""A remote is a ___."" Completed sentence: A remote is a"	device	-1.9365005	▁device	['device', '_', 'tool', 'control', 'category']	aff	aff
"Complete the sentence below with only one category word.\nSentence: ""A remote is a ___."" Completed sentence: A remote is a"	pet	-6.034885	▁	['device', '_', 'tool', 'control', 'category']	aff	neg
"Complete the sentence below with only one category word.\nSentence: ""A remote is not a ___."" Completed sentence: A remote is not a"	pet	-5.436894	▁pet	['_', 'category', 'tool', 'device', 'mouse']	neg	neg
"Complete the sentence below with only one category word.\nSentence: ""A remote is not a ___."" Completed sentence: A remote is not a"	device	-2.8827314	▁device	['_', 'category', 'tool', 'device', 'mouse']	neg	aff
"Complete the sentence below with only one category word.\nSentence: ""A watch is an ___."" Completed sentence: A watch is an"	accessory	-1.7601719	▁access	['_', 'access', 'electronic', 'instrument', 'object']	aff	aff
"Complete the sentence below with only one category word.\nSentence: ""A watch is a ___."" Completed sentence: A watch is a"	clothing	-5.5102425	▁	['_', 'time', 'clock', 'category', 'tool']	aff	neg
"Complete the sentence below with only one category word.\nSentence: ""A watch is not a ___."" Completed sentence: A watch is not a"	clothing	-4.6444035	▁cl	['_', 'j', 'clock', 'watch', 'category']	neg	neg
"Complete the sentence below with only one category word.\nSentence: ""A watch is not an ___."" Completed sentence: A watch is not an"	accessory	-1.8719454	▁access	['access', '_', 'object', 'electronic', 'instrument']	neg	aff
"Complete the sentence below with only one category word.\nSentence: ""A mineral is a ___."" Completed sentence: A mineral is a"	substance	-3.2754974	▁subst	['solid', '_', 'rock', 'chemical', 'min']	aff	aff
"Complete the sentence below with only one category word.\nSentence: ""A mineral is a ___."" Completed sentence: A mineral is a"	creature	-5.8226004	▁	['solid', '_', 'rock', 'chemical', 'min']	aff	neg
"Complete the sentence below with only one category word.\nSentence: ""A mineral is not a ___."" Completed sentence: A mineral is not a"	creature	-5.8198576	▁	['rock', '_', 'plant', 'liquid', 'veget']	neg	neg
"Complete the sentence below with only one category word.\nSentence: ""A mineral is not a ___."" Completed sentence: A mineral is not a"	substance	-3.837556	▁subst	['rock', '_', 'plant', 'liquid', 'veget']	neg	aff
"Complete the sentence below with only one category word.\nSentence: ""A backpack is a ___."" Completed sentence: A backpack is a"	bag	-1.564229	▁bag	['bag', '_', 'lug', 'piece', '__']	aff	aff
"Complete the sentence below with only one category word.\nSentence: ""A backpack is a ___."" Completed sentence: A backpack is a"	shoe	-6.0141077	▁	['bag', '_', 'lug', 'piece', '__']	aff	neg
"Complete the sentence below with only one category word.\nSentence: ""A backpack is not a ___."" Completed sentence: A backpack is not a"	shoe	-6.0951557	▁	['bag', '_', 'lug', 'category', 'tool']	neg	neg
"Complete the sentence below with only one category word.\nSentence: ""A backpack is not a ___."" Completed sentence: A backpack is not a"	bag	-1.7315083	▁bag	['bag', '_', 'lug', 'category', 'tool']	neg	aff
"Complete the sentence below with only one category word.\nSentence: ""A well is a ___."" Completed sentence: A well is a"	structure	-3.048111	▁structure	['hole', '_', 'water', 'structure', 'place']	aff	aff
"Complete the sentence below with only one category word.\nSentence: ""A well is a ___."" Completed sentence: A well is a"	place	-3.1750832	▁place	['hole', '_', 'water', 'structure', 'place']	aff	neg
"Complete the sentence below with only one category word.\nSentence: ""A well is not a ___."" Completed sentence: A well is not a"	place	-3.7492332	▁place	['hole', '_', 'water', 'well', 'place']	neg	neg
"Complete the sentence below with only one category word.\nSentence: ""A well is not a ___."" Completed sentence: A well is not a"	structure	-5.210721	▁structure	['hole', '_', 'water', 'well', 'place']	neg	aff
"Complete the sentence below with only one category word.\nSentence: ""A saw is an ___."" Completed sentence: A saw is an"	instrument	-1.7904053	▁instrument	['instrument', 'implement', '_', 'tool', 'object']	aff	aff
"Complete the sentence below with only one category word.\nSentence: ""A saw is a ___."" Completed sentence: A saw is a"	place	-6.404569	▁	['tool', 'cutting', '_', 'hand', 'wood']	aff	neg
"Complete the sentence below with only one category word.\nSentence: ""A saw is not a ___."" Completed sentence: A saw is not a"	place	-6.501926	▁	['tool', '_', 'n', 'category', 'machine']	neg	neg
"Complete the sentence below with only one category word.\nSentence: ""A saw is not an ___."" Completed sentence: A saw is not an"	instrument	-1.5040178	▁instrument	['instrument', 'implement', '_', 'object', 'ut']	neg	aff
"Complete the sentence below with only one category word.\nSentence: ""A dove is a ___."" Completed sentence: A dove is a"	bird	-0.708292	▁bird	['bird', '_', 'flying', '(', 'm']	aff	aff
"Complete the sentence below with only one category word.\nSentence: ""A dove is a ___."" Completed sentence: A dove is a"	reptile	-6.4236736	▁	['bird', '_', 'flying', '(', 'm']	aff	neg
"Complete the sentence below with only one category word.\nSentence: ""A dove is not a ___."" Completed sentence: A dove is not a"	reptile	-6.4755545	▁	['bird', '_', 'm', 'cat', 'pet']	neg	neg
"Complete the sentence below with only one category word.\nSentence: ""A dove is not a ___."" Completed sentence: A dove is not a"	bird	-0.81094456	▁bird	['bird', '_', 'm', 'cat', 'pet']	neg	aff
"Complete the sentence below with only one category word.\nSentence: ""A snail is a ___."" Completed sentence: A snail is a"	mollusk	-1.5869312	▁m	['m', '_', 'animal', 'in', 'creature']	aff	aff
"Complete the sentence below with only one category word.\nSentence: ""A snail is a ___."" Completed sentence: A snail is a"	reptile	-3.6695452	▁re	['m', '_', 'animal', 'in', 'creature']	aff	neg
"Complete the sentence below with only one category word.\nSentence: ""A snail is not a ___."" Completed sentence: A snail is not a"	reptile	-3.1998873	▁re	['m', '_', 'animal', 'pet', 're']	neg	neg
"Complete the sentence below with only one category word.\nSentence: ""A snail is not a ___."" Completed sentence: A snail is not a"	mollusk	-1.8656826	▁m	['m', '_', 'animal', 'pet', 're']	neg	aff
"Complete the sentence below with only one category word.\nSentence: ""A jellyfish is an ___."" Completed sentence: A jellyfish is an"	animal	-0.78803444	▁animal	['animal', 'in', '_', 'aqu', 'organ']	aff	aff
"Complete the sentence below with only one category word.\nSentence: ""A jellyfish is a ___."" Completed sentence: A jellyfish is a"	plant	-5.0775185	▁plant	['_', 'animal', 'fish', 'pet', 'in']	aff	neg
"Complete the sentence below with only one category word.\nSentence: ""A jellyfish is not a ___."" Completed sentence: A jellyfish is not a"	plant	-4.0598755	▁plant	['m', '_', 'fish', 'pet', 'animal']	neg	neg
"Complete the sentence below with only one category word.\nSentence: ""A jellyfish is not an ___."" Completed sentence: A jellyfish is not an"	animal	-0.41142845	▁animal	['animal', '_', 'in', 'insect', 'organ']	neg	aff
"Complete the sentence below with only one category word.\nSentence: ""A pipe is a ___."" Completed sentence: A pipe is a"	tool	-2.7975616	▁tool	['_', 'tool', 'pl', 'musical', 'pipe']	aff	aff
"Complete the sentence below with only one category word.\nSentence: ""A pipe is a ___."" Completed sentence: A pipe is a"	drink	-5.7142925	▁	['_', 'tool', 'pl', 'musical', 'pipe']	aff	neg
"Complete the sentence below with only one category word.\nSentence: ""A pipe is not a ___."" Completed sentence: A pipe is not a"	drink	-5.8269033	▁	['_', 'tool', 'category', 'musical', 'pipe']	neg	neg
"Complete the sentence below with only one category word.\nSentence: ""A pipe is not a ___."" Completed sentence: A pipe is not a"	tool	-2.5355196	▁tool	['_', 'tool', 'category', 'musical', 'pipe']	neg	aff
"Complete the sentence below with only one category word.\nSentence: ""A hammer is an ___."" Completed sentence: A hammer is an"	instrument	-2.5177622	▁instrument	['_', 'tool', 'instrument', 'object', 'implement']	aff	aff
"Complete the sentence below with only one category word.\nSentence: ""A hammer is a ___."" Completed sentence: A hammer is a"	dessert	-5.9369364	▁	['tool', '_', 'hand', '__', '(']	aff	neg
"Complete the sentence below with only one category word.\nSentence: ""A hammer is not a ___."" Completed sentence: A hammer is not a"	dessert	-6.1511717	▁	['tool', '_', 'n', 'weapon', 'category']	neg	neg
"Complete the sentence below with only one category word.\nSentence: ""A hammer is not an ___."" Completed sentence: A hammer is not an"	instrument	-1.5968046	▁instrument	['instrument', '_', 'object', 'implement', 'tool']	neg	aff
"Complete the sentence below with only one category word.\nSentence: ""A cake is a ___."" Completed sentence: A cake is a"	food	-1.8337326	▁food	['food', 'b', '_', 'dess', 'sweet']	aff	aff
"Complete the sentence below with only one category word.\nSentence: ""A cake is a ___."" Completed sentence: A cake is a"	stew	-5.8020477	▁	['food', 'b', '_', 'dess', 'sweet']	aff	neg
"Complete the sentence below with only one category word.\nSentence: ""A cake is not a ___."" Completed sentence: A cake is not a"	stew	-5.8147573	▁	['food', '_', 'dess', 'c', 'me']	neg	neg
"Complete the sentence below with only one category word.\nSentence: ""A cake is not a ___."" Completed sentence: A cake is not a"	food	-1.7594299	▁food	['food', '_', 'dess', 'c', 'me']	neg	aff
"Complete the sentence below with only one category word.\nSentence: ""A pie is a ___."" Completed sentence: A pie is a"	food	-1.7302017	▁food	['food', 'dess', '_', 'b', 'sweet']	aff	aff
"Complete the sentence below with only one category word.\nSentence: ""A pie is a ___."" Completed sentence: A pie is a"	drink	-5.6464357	▁	['food', 'dess', '_', 'b', 'sweet']	aff	neg
"Complete the sentence below with only one category word.\nSentence: ""A pie is not a ___."" Completed sentence: A pie is not a"	drink	-5.31137	▁drink	['food', 'c', '_', 'dess', 'fruit']	neg	neg
"Complete the sentence below with only one category word.\nSentence: ""A pie is not a ___."" Completed sentence: A pie is not a"	food	-1.982357	▁food	['food', 'c', '_', 'dess', 'fruit']	neg	aff
"Complete the sentence below with only one category word.\nSentence: ""A sandwich is a ___."" Completed sentence: A sandwich is a"	snack	-3.001521	▁sn	['food', '_', 'me', 'l', 'sn']	aff	aff
"Complete the sentence below with only one category word.\nSentence: ""A sandwich is a ___."" Completed sentence: A sandwich is a"	drink	-5.6415644	▁	['food', '_', 'me', 'l', 'sn']	aff	neg
"Complete the sentence below with only one category word.\nSentence: ""A sandwich is not a ___."" Completed sentence: A sandwich is not a"	drink	-5.666499	▁drink	['food', 'me', '_', 'sn', 'l']	neg	neg
"Complete the sentence below with only one category word.\nSentence: ""A sandwich is not a ___."" Completed sentence: A sandwich is not a"	snack	-2.7499552	▁sn	['food', 'me', '_', 'sn', 'l']	neg	aff
"Complete the sentence below with only one category word.\nSentence: ""A burger is a ___."" Completed sentence: A burger is a"	food	-1.3206081	▁food	['food', 'sand', 'me', '_', 'meat']	aff	aff
"Complete the sentence below with only one category word.\nSentence: ""A burger is a ___."" Completed sentence: A burger is a"	drink	-6.0093813	▁	['food', 'sand', 'me', '_', 'meat']	aff	neg
"Complete the sentence below with only one category word.\nSentence: ""A burger is not a ___."" Completed sentence: A burger is not a"	drink	-5.8966246	▁drink	['sand', 'food', 'me', '_', 'sn']	neg	neg
"Complete the sentence below with only one category word.\nSentence: ""A burger is not a ___."" Completed sentence: A burger is not a"	food	-1.7955675	▁food	['sand', 'food', 'me', '_', 'sn']	neg	aff
"Complete the sentence below with only one category word.\nSentence: ""A jade is a ___."" Completed sentence: A jade is a"	gem	-2.0196753	▁gem	['stone', 'gem', '_', 'rock', 'min']	aff	aff
"Complete the sentence below with only one category word.\nSentence: ""A jade is a ___."" Completed sentence: A jade is a"	place	-5.7573853	▁	['stone', 'gem', '_', 'rock', 'min']	aff	neg
"Complete the sentence below with only one category word.\nSentence: ""A jade is not a ___."" Completed sentence: A jade is not a"	place	-6.0279703	▁	['stone', '_', 'gem', 'rock', 'j']	neg	neg
"Complete the sentence below with only one category word.\nSentence: ""A jade is not a ___."" Completed sentence: A jade is not a"	gem	-2.9502754	▁gem	['stone', '_', 'gem', 'rock', 'j']	neg	aff
"Complete the sentence below with only one category word.\nSentence: ""A cat is an ___."" Completed sentence: A cat is an"	organism	-6.719078	▁	['animal', '_', 'm', '(', 'pet']	aff	aff
"Complete the sentence below with only one category word.\nSentence: ""A cat is a ___."" Completed sentence: A cat is a"	mammal	-1.6391582	▁m	['m', 'pet', '_', 'cat', 'animal']	aff	neg
"Complete the sentence below with only one category word.\nSentence: ""A cat is not a ___."" Completed sentence: A cat is not a"	mammal	-2.8638515	▁m	['pet', '_', 'dog', 'm', 'bird']	neg	neg
"Complete the sentence below with only one category word.\nSentence: ""A cat is not an ___."" Completed sentence: A cat is not an"	organism	-6.5757246	▁	['animal', '_', 'object', '__', '(']	neg	aff
"Complete the sentence below with only one category word.\nSentence: ""An airplane is a ___."" Completed sentence: An airplane is a"	transport	-2.2635126	▁transport	['vehicle', 'machine', 'transport', '_', 'flying']	aff	aff
"Complete the sentence below with only one category word.\nSentence: ""An airplane is a ___."" Completed sentence: An airplane is a"	boat	-6.3942785	▁	['vehicle', 'machine', 'transport', '_', 'flying']	aff	neg
"Complete the sentence below with only one category word.\nSentence: ""An airplane is not a ___."" Completed sentence: An airplane is not a"	boat	-5.6394863	▁boat	['vehicle', '_', 'bird', 'machine', 'transport']	neg	neg
"Complete the sentence below with only one category word.\nSentence: ""An airplane is not a ___."" Completed sentence: An airplane is not a"	transport	-3.1414442	▁transport	['vehicle', '_', 'bird', 'machine', 'transport']	neg	aff
"Complete the sentence below with only one category word.\nSentence: ""A laptop is a ___."" Completed sentence: A laptop is a"	computer	-1.4348526	▁computer	['computer', '_', 'port', 'category', 'device']	aff	aff
"Complete the sentence below with only one category word.\nSentence: ""A laptop is a ___."" Completed sentence: A laptop is a"	phone	-5.739394	▁	['computer', '_', 'port', 'category', 'device']	aff	neg
"Complete the sentence below with only one category word.\nSentence: ""A laptop is not a ___."" Completed sentence: A laptop is not a"	phone	-3.7481327	▁phone	['computer', '_', 'category', 'device', 'mobile']	neg	neg
"Complete the sentence below with only one category word.\nSentence: ""A laptop is not a ___."" Completed sentence: A laptop is not a"	computer	-2.018097	▁computer	['computer', '_', 'category', 'device', 'mobile']	neg	aff
"Complete the sentence below with only one category word.\nSentence: ""A hill is a ___."" Completed sentence: A hill is a"	landform	-2.9476871	▁land	['mountain', '_', 'land', 'natural', 'hill']	aff	aff
"Complete the sentence below with only one category word.\nSentence: ""A hill is a ___."" Completed sentence: A hill is a"	flower	-5.8776646	▁	['mountain', '_', 'land', 'natural', 'hill']	aff	neg
"Complete the sentence below with only one category word.\nSentence: ""A hill is not a ___."" Completed sentence: A hill is not a"	flower	-5.5455627	▁flower	['mountain', '_', 'hill', 'category', 'n']	neg	neg
"Complete the sentence below with only one category word.\nSentence: ""A hill is not a ___."" Completed sentence: A hill is not a"	landform	-4.4567394	▁land	['mountain', '_', 'hill', 'category', 'n']	neg	aff
"Complete the sentence below with only one category word.\nSentence: ""A castle is a ___."" Completed sentence: A castle is a"	building	-1.5486679	▁building	['building', '_', 'castle', 'fort', 'house']	aff	aff
"Complete the sentence below with only one category word.\nSentence: ""A castle is a ___."" Completed sentence: A castle is a"	fish	-6.106632	▁	['building', '_', 'castle', 'fort', 'house']	aff	neg
"Complete the sentence below with only one category word.\nSentence: ""A castle is not a ___."" Completed sentence: A castle is not a"	fish	-6.2677937	▁	['building', 'house', '_', 'home', 'castle']	neg	neg
"Complete the sentence below with only one category word.\nSentence: ""A castle is not a ___."" Completed sentence: A castle is not a"	building	-1.88058	▁building	['building', 'house', '_', 'home', 'castle']	neg	aff
"Complete the sentence below with only one category word.\nSentence: ""A paper is a ___."" Completed sentence: A paper is a"	material	-5.1268253	▁material	['_', 'document', 'writing', 'book', 'written']	aff	aff
"Complete the sentence below with only one category word.\nSentence: ""A paper is a ___."" Completed sentence: A paper is a"	toy	-5.887743	▁	['_', 'document', 'writing', 'book', 'written']	aff	neg
"Complete the sentence below with only one category word.\nSentence: ""A paper is not a ___."" Completed sentence: A paper is not a"	toy	-5.6923265	▁to	['_', 'book', 'document', 'piece', 'work']	neg	neg
"Complete the sentence below with only one category word.\nSentence: ""A paper is not a ___."" Completed sentence: A paper is not a"	material	-5.979825	▁material	['_', 'book', 'document', 'piece', 'work']	neg	aff
"Complete the sentence below with only one category word.\nSentence: ""A tombstone is a ___."" Completed sentence: A tombstone is a"	monument	-1.4456358	▁monument	['monument', '_', 'mem', 'grave', 'stone']	aff	aff
"Complete the sentence below with only one category word.\nSentence: ""A tombstone is a ___."" Completed sentence: A tombstone is a"	plaque	-5.9847994	▁	['monument', '_', 'mem', 'grave', 'stone']	aff	neg
"Complete the sentence below with only one category word.\nSentence: ""A tombstone is not a ___."" Completed sentence: A tombstone is not a"	plaque	-5.9461718	▁	['monument', '_', 'grave', 'tomb', 'mem']	neg	neg
"Complete the sentence below with only one category word.\nSentence: ""A tombstone is not a ___."" Completed sentence: A tombstone is not a"	monument	-2.0340967	▁monument	['monument', '_', 'grave', 'tomb', 'mem']	neg	aff
"Complete the sentence below with only one category word.\nSentence: ""A popsicle is a ___."" Completed sentence: A popsicle is a"	dessert	-3.2068548	▁dess	['_', 'sn', 'food', 'fro', 'treat']	aff	aff
"Complete the sentence below with only one category word.\nSentence: ""A popsicle is a ___."" Completed sentence: A popsicle is a"	salad	-6.2211275	▁	['_', 'sn', 'food', 'fro', 'treat']	aff	neg
"Complete the sentence below with only one category word.\nSentence: ""A popsicle is not a ___."" Completed sentence: A popsicle is not a"	salad	-6.3048286	▁	['food', 'sn', '_', 'fruit', 'c']	neg	neg
"Complete the sentence below with only one category word.\nSentence: ""A popsicle is not a ___."" Completed sentence: A popsicle is not a"	dessert	-3.5234594	▁dess	['food', 'sn', '_', 'fruit', 'c']	neg	aff
"Complete the sentence below with only one category word.\nSentence: ""A monkey is a ___."" Completed sentence: A monkey is a"	primate	-2.5091944	▁prim	['m', '_', 'prim', 'animal', 'M']	aff	aff
"Complete the sentence below with only one category word.\nSentence: ""A monkey is a ___."" Completed sentence: A monkey is a"	bird	-5.984908	▁	['m', '_', 'prim', 'animal', 'M']	aff	neg
"Complete the sentence below with only one category word.\nSentence: ""A monkey is not a ___."" Completed sentence: A monkey is not a"	bird	-3.6998148	▁bird	['m', '_', 'cat', 'animal', 'pet']	neg	neg
"Complete the sentence below with only one category word.\nSentence: ""A monkey is not a ___."" Completed sentence: A monkey is not a"	primate	-4.195651	▁prim	['m', '_', 'cat', 'animal', 'pet']	neg	aff
"Complete the sentence below with only one category word.\nSentence: ""A bouquet is a ___."" Completed sentence: A bouquet is a"	gift	-1.1961136	▁gift	['gift', '_', 'collection', 'flower', 'group']	aff	aff
"Complete the sentence below with only one category word.\nSentence: ""A bouquet is a ___."" Completed sentence: A bouquet is a"	plant	-5.9862757	▁	['gift', '_', 'collection', 'flower', 'group']	aff	neg
"Complete the sentence below with only one category word.\nSentence: ""A bouquet is not a ___."" Completed sentence: A bouquet is not a"	plant	-5.216671	▁plant	['gift', 'flower', '_', 'bou', 'present']	neg	neg
"Complete the sentence below with only one category word.\nSentence: ""A bouquet is not a ___."" Completed sentence: A bouquet is not a"	gift	-1.9544334	▁gift	['gift', 'flower', '_', 'bou', 'present']	neg	aff
"Complete the sentence below with only one category word.\nSentence: ""A doorknob is a ___."" Completed sentence: A doorknob is a"	hardware	-2.6793594	▁hardware	['handle', '_', 'hardware', 'category', 'tool']	aff	aff
"Complete the sentence below with only one category word.\nSentence: ""A doorknob is a ___."" Completed sentence: A doorknob is a"	software	-6.1525397	▁	['handle', '_', 'hardware', 'category', 'tool']	aff	neg
"Complete the sentence below with only one category word.\nSentence: ""A doorknob is not a ___."" Completed sentence: A doorknob is not a"	software	-6.027034	▁	['_', 'category', 'tool', 'door', 'n']	neg	neg
"Complete the sentence below with only one category word.\nSentence: ""A doorknob is not a ___."" Completed sentence: A doorknob is not a"	hardware	-4.4163427	▁hardware	['_', 'category', 'tool', 'door', 'n']	neg	aff
"Complete the sentence below with only one category word.\nSentence: ""A month is a ___."" Completed sentence: A month is a"	timeframe	-3.429644	▁time	['unit', '_', 'calendar', 'category', 'month']	aff	aff
"Complete the sentence below with only one category word.\nSentence: ""A month is a ___."" Completed sentence: A month is a"	weight	-4.629641	▁	['unit', '_', 'calendar', 'category', 'month']	aff	neg
"Complete the sentence below with only one category word.\nSentence: ""A month is not a ___."" Completed sentence: A month is not a"	weight	-5.0692353	▁	['year', '_', 'unit', 'calendar', 'day']	neg	neg
"Complete the sentence below with only one category word.\nSentence: ""A month is not a ___."" Completed sentence: A month is not a"	timeframe	-4.313575	▁time	['year', '_', 'unit', 'calendar', 'day']	neg	aff
"Complete the sentence below with only one category word.\nSentence: ""A day is a ___."" Completed sentence: A day is a"	timeframe	-3.9636455	▁time	['unit', '_', 'day', 'calendar', 'n']	aff	aff
"Complete the sentence below with only one category word.\nSentence: ""A day is a ___."" Completed sentence: A day is a"	weight	-4.1132684	▁	['unit', '_', 'day', 'calendar', 'n']	aff	neg
"Complete the sentence below with only one category word.\nSentence: ""A day is not a ___."" Completed sentence: A day is not a"	weight	-4.631968	▁	['_', 'week', 'day', 'unit', 'hol']	neg	neg
"Complete the sentence below with only one category word.\nSentence: ""A day is not a ___."" Completed sentence: A day is not a"	timeframe	-4.331566	▁time	['_', 'week', 'day', 'unit', 'hol']	neg	aff
"Complete the sentence below with only one category word.\nSentence: ""An year is a ___."" Completed sentence: An year is a"	timeframe	-3.8354568	▁time	['calendar', '_', 'year', 'unit', 'category']	aff	aff
"Complete the sentence below with only one category word.\nSentence: ""An year is a ___."" Completed sentence: An year is a"	weight	-4.732823	▁	['calendar', '_', 'year', 'unit', 'category']	aff	neg
"Complete the sentence below with only one category word.\nSentence: ""An year is not a ___."" Completed sentence: An year is not a"	weight	-4.887588	▁	['_', 'year', 'number', 'day', 'calendar']	neg	neg
"Complete the sentence below with only one category word.\nSentence: ""An year is not a ___."" Completed sentence: An year is not a"	timeframe	-4.8384633	▁time	['_', 'year', 'number', 'day', 'calendar']	neg	aff
"Complete the sentence below with only one category word.\nSentence: ""A soprano is a ___."" Completed sentence: A soprano is a"	singer	-1.3700724	▁singer	['singer', '_', 'voice', 'female', 'vocal']	aff	aff
"Complete the sentence below with only one category word.\nSentence: ""A soprano is a ___."" Completed sentence: A soprano is a"	piano	-6.22771	▁	['singer', '_', 'voice', 'female', 'vocal']	aff	neg
"Complete the sentence below with only one category word.\nSentence: ""A soprano is not a ___."" Completed sentence: A soprano is not a"	piano	-6.1645546	▁	['singer', '_', 'voice', 'sop', 'ten']	neg	neg
"Complete the sentence below with only one category word.\nSentence: ""A soprano is not a ___."" Completed sentence: A soprano is not a"	singer	-2.2633371	▁singer	['singer', '_', 'voice', 'sop', 'ten']	neg	aff
"Complete the sentence below with only one category word.\nSentence: ""A soldier is a ___."" Completed sentence: A soldier is a"	person	-3.1812277	▁person	['_', 'hero', 'man', 'war', 'person']	aff	aff
"Complete the sentence below with only one category word.\nSentence: ""A soldier is a ___."" Completed sentence: A soldier is a"	gun	-6.2066145	▁	['_', 'hero', 'man', 'war', 'person']	aff	neg
"Complete the sentence below with only one category word.\nSentence: ""A soldier is not a ___."" Completed sentence: A soldier is not a"	gun	-6.194436	▁	['_', 'hero', 'man', 'civil', 'citiz']	neg	neg
"Complete the sentence below with only one category word.\nSentence: ""A soldier is not a ___."" Completed sentence: A soldier is not a"	person	-3.5445871	▁person	['_', 'hero', 'man', 'civil', 'citiz']	neg	aff
"Complete the sentence below with only one category word.\nSentence: ""A necktie is a ___."" Completed sentence: A necktie is a"	clothing	-2.2763433	▁cl	['_', 'cl', 'neck', 'access', 'piece']	aff	aff
"Complete the sentence below with only one category word.\nSentence: ""A necktie is a ___."" Completed sentence: A necktie is a"	tree	-5.9150705	▁	['_', 'cl', 'neck', 'access', 'piece']	aff	neg
"Complete the sentence below with only one category word.\nSentence: ""A necktie is not a ___."" Completed sentence: A necktie is not a"	tree	-6.0982885	▁	['_', 'cl', 'gar', 'neck', 'fashion']	neg	neg
"Complete the sentence below with only one category word.\nSentence: ""A necktie is not a ___."" Completed sentence: A necktie is not a"	clothing	-2.4565182	▁cl	['_', 'cl', 'gar', 'neck', 'fashion']	neg	aff
"Complete the sentence below with only one category word.\nSentence: ""A puppy is a ___."" Completed sentence: A puppy is a"	mammal	-3.5009527	▁m	['pet', '_', 'dog', 'm', 'animal']	aff	aff
"Complete the sentence below with only one category word.\nSentence: ""A puppy is a ___."" Completed sentence: A puppy is a"	plant	-5.8978624	▁	['pet', '_', 'dog', 'm', 'animal']	aff	neg
"Complete the sentence below with only one category word.\nSentence: ""A puppy is not a ___."" Completed sentence: A puppy is not a"	plant	-6.198598	▁	['pet', 'dog', '_', 'cat', 'to']	neg	neg
"Complete the sentence below with only one category word.\nSentence: ""A puppy is not a ___."" Completed sentence: A puppy is not a"	mammal	-4.8758698	▁m	['pet', 'dog', '_', 'cat', 'to']	neg	aff
"Complete the sentence below with only one category word.\nSentence: ""An oven is an ___."" Completed sentence: An oven is an"	appliance	-0.6091738	▁app	['app', '_', 'elect', 'ut', 'electric']	aff	aff
"Complete the sentence below with only one category word.\nSentence: ""An oven is a ___."" Completed sentence: An oven is a"	toy	-6.1503525	▁	['kitchen', '_', 'cook', 'furn', 'app']	aff	neg
"Complete the sentence below with only one category word.\nSentence: ""An oven is not a ___."" Completed sentence: An oven is not a"	toy	-4.7615232	▁to	['kitchen', '_', 'cook', 'furn', 'category']	neg	neg
"Complete the sentence below with only one category word.\nSentence: ""An oven is not an ___."" Completed sentence: An oven is not an"	appliance	-0.6876421	▁app	['app', '_', 'instrument', 'ut', 'elect']	neg	aff
"Complete the sentence below with only one category word.\nSentence: ""A sawhorse is a ___."" Completed sentence: A sawhorse is a"	tool	-2.1908875	▁tool	['tool', '_', 'furn', 'horse', 'piece']	aff	aff
"Complete the sentence below with only one category word.\nSentence: ""A sawhorse is a ___."" Completed sentence: A sawhorse is a"	vehicle	-3.8312254	▁vehicle	['tool', '_', 'furn', 'horse', 'piece']	aff	neg
"Complete the sentence below with only one category word.\nSentence: ""A sawhorse is not a ___."" Completed sentence: A sawhorse is not a"	vehicle	-4.3271027	▁vehicle	['chair', 'horse', '_', 'tool', 'furn']	neg	neg
"Complete the sentence below with only one category word.\nSentence: ""A sawhorse is not a ___."" Completed sentence: A sawhorse is not a"	tool	-2.8068047	▁tool	['chair', 'horse', '_', 'tool', 'furn']	neg	aff
"Complete the sentence below with only one category word.\nSentence: ""A housekeeper is a ___."" Completed sentence: A housekeeper is a"	person	-3.296772	▁person	['_', 'worker', 'professional', 'person', 'helper']	aff	aff
"Complete the sentence below with only one category word.\nSentence: ""A housekeeper is a ___."" Completed sentence: A housekeeper is a"	toy	-6.360058	▁	['_', 'worker', 'professional', 'person', 'helper']	aff	neg
"Complete the sentence below with only one category word.\nSentence: ""A housekeeper is not a ___."" Completed sentence: A housekeeper is not a"	toy	-6.0792904	▁	['_', 'worker', 'ma', 'servant', 'cook']	neg	neg
"Complete the sentence below with only one category word.\nSentence: ""A housekeeper is not a ___."" Completed sentence: A housekeeper is not a"	person	-4.247593	▁person	['_', 'worker', 'ma', 'servant', 'cook']	neg	aff
"Complete the sentence below with only one category word.\nSentence: ""A carpenter is a ___."" Completed sentence: A carpenter is a"	person	-3.7629185	▁person	['_', 'worker', 'craft', 'builder', 'tr']	aff	aff
"Complete the sentence below with only one category word.\nSentence: ""A carpenter is a ___."" Completed sentence: A carpenter is a"	bird	-5.921973	▁	['_', 'worker', 'craft', 'builder', 'tr']	aff	neg
"Complete the sentence below with only one category word.\nSentence: ""A carpenter is not a ___."" Completed sentence: A carpenter is not a"	bird	-5.9737577	▁	['_', 'professional', 'craft', 'worker', 'builder']	neg	neg
"Complete the sentence below with only one category word.\nSentence: ""A carpenter is not a ___."" Completed sentence: A carpenter is not a"	person	-4.6803656	▁person	['_', 'professional', 'craft', 'worker', 'builder']	neg	aff
"Complete the sentence below with only one category word.\nSentence: ""A coach is a ___."" Completed sentence: A coach is a"	vehicle	-3.6664743	▁vehicle	['_', 'teacher', 'leader', 'person', 'coach']	aff	aff
"Complete the sentence below with only one category word.\nSentence: ""A coach is a ___."" Completed sentence: A coach is a"	building	-6.110676	▁	['_', 'teacher', 'leader', 'person', 'coach']	aff	neg
"Complete the sentence below with only one category word.\nSentence: ""A coach is not a ___."" Completed sentence: A coach is not a"	building	-6.2245255	▁	['teacher', '_', 'leader', 'b', 'manager']	neg	neg
"Complete the sentence below with only one category word.\nSentence: ""A coach is not a ___."" Completed sentence: A coach is not a"	vehicle	-5.6581535	▁vehicle	['teacher', '_', 'leader', 'b', 'manager']	neg	aff
"Complete the sentence below with only one category word.\nSentence: ""A map is a ___."" Completed sentence: A map is a"	paper	-6.0867224	▁	['_', 'representation', 'tool', 'picture', 'symbol']	aff	aff
"Complete the sentence below with only one category word.\nSentence: ""A map is a ___."" Completed sentence: A map is a"	toy	-6.0867224	▁	['_', 'representation', 'tool', 'picture', 'symbol']	aff	neg
"Complete the sentence below with only one category word.\nSentence: ""A map is not a ___."" Completed sentence: A map is not a"	toy	-5.44261	▁to	['_', 'representation', 'picture', 'guide', 'plan']	neg	neg
"Complete the sentence below with only one category word.\nSentence: ""A map is not a ___."" Completed sentence: A map is not a"	paper	-6.0428505	▁	['_', 'representation', 'picture', 'guide', 'plan']	neg	aff
"Complete the sentence below with only one category word.\nSentence: ""A radio is a ___."" Completed sentence: A radio is a"	device	-2.9029284	▁device	['_', 'communication', 'device', 'electronic', 'musical']	aff	aff
"Complete the sentence below with only one category word.\nSentence: ""A radio is a ___."" Completed sentence: A radio is a"	flower	-5.8361826	▁	['_', 'communication', 'device', 'electronic', 'musical']	aff	neg
"Complete the sentence below with only one category word.\nSentence: ""A radio is not a ___."" Completed sentence: A radio is not a"	flower	-5.8600664	▁	['_', 'device', 'computer', 'tool', 'to']	neg	neg
"Complete the sentence below with only one category word.\nSentence: ""A radio is not a ___."" Completed sentence: A radio is not a"	device	-2.990385	▁device	['_', 'device', 'computer', 'tool', 'to']	neg	aff
"Complete the sentence below with only one category word.\nSentence: ""A goose is a ___."" Completed sentence: A goose is a"	bird	-0.6908474	▁bird	['bird', '_', 'f', 'water', 'flying']	aff	aff
"Complete the sentence below with only one category word.\nSentence: ""A goose is a ___."" Completed sentence: A goose is a"	mammal	-4.6710567	▁m	['bird', '_', 'f', 'water', 'flying']	aff	neg
"Complete the sentence below with only one category word.\nSentence: ""A goose is not a ___."" Completed sentence: A goose is not a"	mammal	-3.6129665	▁m	['bird', '_', 'cat', 'm', 'du']	neg	neg
"Complete the sentence below with only one category word.\nSentence: ""A goose is not a ___."" Completed sentence: A goose is not a"	bird	-1.0256119	▁bird	['bird', '_', 'cat', 'm', 'du']	neg	aff
"Complete the sentence below with only one category word.\nSentence: ""A teacher is a ___."" Completed sentence: A teacher is a"	guide	-3.6884012	▁guide	['_', 'professional', 'leader', 'person', 'guide']	aff	aff
"Complete the sentence below with only one category word.\nSentence: ""A teacher is a ___."" Completed sentence: A teacher is a"	child	-6.323078	▁	['_', 'professional', 'leader', 'person', 'guide']	aff	neg
"Complete the sentence below with only one category word.\nSentence: ""A teacher is not a ___."" Completed sentence: A teacher is not a"	child	-6.2095623	▁	['_', 'b', 'person', 'professional', 'friend']	neg	neg
"Complete the sentence below with only one category word.\nSentence: ""A teacher is not a ___."" Completed sentence: A teacher is not a"	guide	-5.194746	▁guide	['_', 'b', 'person', 'professional', 'friend']	neg	aff
"Complete the sentence below with only one category word.\nSentence: ""A flashlight is a ___."" Completed sentence: A flashlight is a"	light	-2.0764866	▁light	['_', 'tool', 'light', 'device', 'category']	aff	aff
"Complete the sentence below with only one category word.\nSentence: ""A flashlight is a ___."" Completed sentence: A flashlight is a"	toy	-5.556984	▁to	['_', 'tool', 'light', 'device', 'category']	aff	neg
"Complete the sentence below with only one category word.\nSentence: ""A flashlight is not a ___."" Completed sentence: A flashlight is not a"	toy	-3.7806797	▁to	['_', 'light', 'tool', 'to', 'category']	neg	neg
"Complete the sentence below with only one category word.\nSentence: ""A flashlight is not a ___."" Completed sentence: A flashlight is not a"	light	-2.3566446	▁light	['_', 'light', 'tool', 'to', 'category']	neg	aff
"Complete the sentence below with only one category word.\nSentence: ""A martini is a ___."" Completed sentence: A martini is a"	drink	-1.55229	▁drink	['drink', 'co', '_', 'mixed', 'be']	aff	aff
"Complete the sentence below with only one category word.\nSentence: ""A martini is a ___."" Completed sentence: A martini is a"	food	-5.916771	▁	['drink', 'co', '_', 'mixed', 'be']	aff	neg
"Complete the sentence below with only one category word.\nSentence: ""A martini is not a ___."" Completed sentence: A martini is not a"	food	-3.6477718	▁food	['drink', 'co', '_', 'be', 'food']	neg	neg
"Complete the sentence below with only one category word.\nSentence: ""A martini is not a ___."" Completed sentence: A martini is not a"	drink	-1.5120392	▁drink	['drink', 'co', '_', 'be', 'food']	neg	aff
"Complete the sentence below with only one category word.\nSentence: ""A basketball is a ___."" Completed sentence: A basketball is a"	sport	-1.8768768	▁sport	['_', 'sport', 'ball', 'round', 'to']	aff	aff
"Complete the sentence below with only one category word.\nSentence: ""A basketball is a ___."" Completed sentence: A basketball is a"	building	-6.1411915	▁	['_', 'sport', 'ball', 'round', 'to']	aff	neg
"Complete the sentence below with only one category word.\nSentence: ""A basketball is not a ___."" Completed sentence: A basketball is not a"	building	-6.0491242	▁	['_', 'sport', 'ball', 'to', 'tool']	neg	neg
"Complete the sentence below with only one category word.\nSentence: ""A basketball is not a ___."" Completed sentence: A basketball is not a"	sport	-2.5095034	▁sport	['_', 'sport', 'ball', 'to', 'tool']	neg	aff
"Complete the sentence below with only one category word.\nSentence: ""A snowman is an ___."" Completed sentence: A snowman is an"	art	-4.0594893	▁art	['animal', '_', 'object', 'animate', 'in']	aff	aff
"Complete the sentence below with only one category word.\nSentence: ""A snowman is a ___."" Completed sentence: A snowman is a"	snowflake	-3.5549011	▁snow	['_', 'person', 'man', 'human', 'creature']	aff	neg
"Complete the sentence below with only one category word.\nSentence: ""A snowman is not a ___."" Completed sentence: A snowman is not a"	snowflake	-4.3084764	▁snow	['_', 'person', 'man', 'living', 'human']	neg	neg
"Complete the sentence below with only one category word.\nSentence: ""A snowman is not an ___."" Completed sentence: A snowman is not an"	art	-5.2080774	▁art	['animal', 'object', '_', 'animate', 'in']	neg	aff
"Complete the sentence below with only one category word.\nSentence: ""A petz is an ___."" Completed sentence: A petz is an"	animal	-0.44648743	▁animal	['animal', '_', 'pet', 'object', '__']	aff	aff
"Complete the sentence below with only one category word.\nSentence: ""A petz is a ___."" Completed sentence: A petz is a"	toy	-4.2000027	▁to	['pet', '_', 'cat', 'dog', 'animal']	aff	neg
"Complete the sentence below with only one category word.\nSentence: ""A petz is not a ___."" Completed sentence: A petz is not a"	toy	-4.0760736	▁to	['pet', 'cat', '_', 'dog', 'bird']	neg	neg
"Complete the sentence below with only one category word.\nSentence: ""A petz is not an ___."" Completed sentence: A petz is not an"	animal	-0.5717468	▁animal	['animal', '_', 'object', 'app', 'pet']	neg	aff
"Complete the sentence below with only one category word.\nSentence: ""A television is a ___."" Completed sentence: A television is a"	device	-2.9544544	▁device	['_', 'household', 'device', 'electronic', 'piece']	aff	aff
"Complete the sentence below with only one category word.\nSentence: ""A television is a ___."" Completed sentence: A television is a"	furniture	-4.882371	▁furn	['_', 'household', 'device', 'electronic', 'piece']	aff	neg
"Complete the sentence below with only one category word.\nSentence: ""A television is not a ___."" Completed sentence: A television is not a"	furniture	-3.1535845	▁furn	['_', 'device', 'furn', 'computer', 'category']	neg	neg
"Complete the sentence below with only one category word.\nSentence: ""A television is not a ___."" Completed sentence: A television is not a"	device	-3.1131105	▁device	['_', 'device', 'furn', 'computer', 'category']	neg	aff
"Complete the sentence below with only one category word.\nSentence: ""An oven is a ___."" Completed sentence: An oven is a"	device	-4.127184	▁device	['kitchen', '_', 'cook', 'furn', 'app']	aff	aff
"Complete the sentence below with only one category word.\nSentence: ""An oven is a ___."" Completed sentence: An oven is a"	food	-5.422838	▁food	['kitchen', '_', 'cook', 'furn', 'app']	aff	neg
"Complete the sentence below with only one category word.\nSentence: ""An oven is not a ___."" Completed sentence: An oven is not a"	food	-4.479662	▁food	['kitchen', '_', 'cook', 'furn', 'category']	neg	neg
"Complete the sentence below with only one category word.\nSentence: ""An oven is not a ___."" Completed sentence: An oven is not a"	device	-4.192499	▁device	['kitchen', '_', 'cook', 'furn', 'category']	neg	aff
"Complete the sentence below with only one category word.\nSentence: ""A rag is a ___."" Completed sentence: A rag is a"	cloth	-2.2713032	▁cloth	['_', 'cloth', 'cl', 'gar', 'piece']	aff	aff
"Complete the sentence below with only one category word.\nSentence: ""A rag is a ___."" Completed sentence: A rag is a"	stone	-5.920926	▁	['_', 'cloth', 'cl', 'gar', 'piece']	aff	neg
"Complete the sentence below with only one category word.\nSentence: ""A rag is not a ___."" Completed sentence: A rag is not a"	stone	-6.177376	▁	['_', 'cl', 'tool', 'cloth', 'gar']	neg	neg
"Complete the sentence below with only one category word.\nSentence: ""A rag is not a ___."" Completed sentence: A rag is not a"	cloth	-3.5038004	▁cloth	['_', 'cl', 'tool', 'cloth', 'gar']	neg	aff
"Complete the sentence below with only one category word.\nSentence: ""A sheep is an ___."" Completed sentence: A sheep is an"	animal	-0.5562725	▁animal	['animal', '_', 'm', 'her', '(']	aff	aff
"Complete the sentence below with only one category word.\nSentence: ""A sheep is a ___."" Completed sentence: A sheep is a"	toy	-5.356182	▁	['m', '_', 'animal', 'quad', 'farm']	aff	neg
"Complete the sentence below with only one category word.\nSentence: ""A sheep is not a ___."" Completed sentence: A sheep is not a"	toy	-5.9614553	▁	['_', 'm', 'cat', 'animal', 'pet']	neg	neg
"Complete the sentence below with only one category word.\nSentence: ""A sheep is not an ___."" Completed sentence: A sheep is not an"	animal	-0.4088421	▁animal	['animal', '_', 'm', 'ele', 'object']	neg	aff
"Complete the sentence below with only one category word.\nSentence: ""A geranium is a ___."" Completed sentence: A geranium is a"	flower	-1.583458	▁flower	['flower', 'plant', '_', 'flow', 'per']	aff	aff
"Complete the sentence below with only one category word.\nSentence: ""A geranium is a ___."" Completed sentence: A geranium is a"	shrub	-4.596568	▁shr	['flower', 'plant', '_', 'flow', 'per']	aff	neg
"Complete the sentence below with only one category word.\nSentence: ""A geranium is not a ___."" Completed sentence: A geranium is not a"	shrub	-4.4614334	▁shr	['flower', 'plant', '_', 'veget', 'we']	neg	neg
"Complete the sentence below with only one category word.\nSentence: ""A geranium is not a ___."" Completed sentence: A geranium is not a"	flower	-1.6940546	▁flower	['flower', 'plant', '_', 'veget', 'we']	neg	aff
"Complete the sentence below with only one category word.\nSentence: ""A ray is a ___."" Completed sentence: A ray is a"	fish	-6.047061	▁	['_', 'ray', 'line', 'light', 'wave']	aff	aff
"Complete the sentence below with only one category word.\nSentence: ""A ray is a ___."" Completed sentence: A ray is a"	plant	-6.047061	▁	['_', 'ray', 'line', 'light', 'wave']	aff	neg
"Complete the sentence below with only one category word.\nSentence: ""A ray is not a ___."" Completed sentence: A ray is not a"	plant	-6.4490347	▁	['ray', 'line', '_', 'point', 'light']	neg	neg
"Complete the sentence below with only one category word.\nSentence: ""A ray is not a ___."" Completed sentence: A ray is not a"	fish	-6.4490347	▁	['ray', 'line', '_', 'point', 'light']	neg	aff
"Complete the sentence below with only one category word.\nSentence: ""A lemon is a ___."" Completed sentence: A lemon is a"	fruit	-0.46045494	▁fruit	['fruit', '_', 'cit', 'veget', 'F']	aff	aff
"Complete the sentence below with only one category word.\nSentence: ""A lemon is a ___."" Completed sentence: A lemon is a"	drink	-6.135251	▁	['fruit', '_', 'cit', 'veget', 'F']	aff	neg
"Complete the sentence below with only one category word.\nSentence: ""A lemon is not a ___."" Completed sentence: A lemon is not a"	drink	-5.953906	▁drink	['fruit', 'veget', '_', 'food', 'vehicle']	neg	neg
"Complete the sentence below with only one category word.\nSentence: ""A lemon is not a ___."" Completed sentence: A lemon is not a"	fruit	-0.8016701	▁fruit	['fruit', 'veget', '_', 'food', 'vehicle']	neg	aff
"Complete the sentence below with only one category word.\nSentence: ""A discussion is a ___."" Completed sentence: A discussion is a"	talk	-3.2747364	▁talk	['conversation', '_', 'meeting', 'debate', 'discussion']	aff	aff
"Complete the sentence below with only one category word.\nSentence: ""A discussion is a ___."" Completed sentence: A discussion is a"	fight	-6.2408533	▁	['conversation', '_', 'meeting', 'debate', 'discussion']	aff	neg
"Complete the sentence below with only one category word.\nSentence: ""A discussion is not a ___."" Completed sentence: A discussion is not a"	fight	-3.0251265	▁fight	['debate', '_', 'fight', 'conversation', 'war']	neg	neg
"Complete the sentence below with only one category word.\nSentence: ""A discussion is not a ___."" Completed sentence: A discussion is not a"	talk	-5.2973127	▁talk	['debate', '_', 'fight', 'conversation', 'war']	neg	aff
"Complete the sentence below with only one category word.\nSentence: ""A basketball is a ___."" Completed sentence: A basketball is a"	ball	-1.9140959	▁ball	['_', 'sport', 'ball', 'round', 'to']	aff	aff
"Complete the sentence below with only one category word.\nSentence: ""A basketball is a ___."" Completed sentence: A basketball is a"	fruit	-6.1411915	▁	['_', 'sport', 'ball', 'round', 'to']	aff	neg
"Complete the sentence below with only one category word.\nSentence: ""A basketball is not a ___."" Completed sentence: A basketball is not a"	fruit	-3.3625374	▁fruit	['_', 'sport', 'ball', 'to', 'tool']	neg	neg
"Complete the sentence below with only one category word.\nSentence: ""A basketball is not a ___."" Completed sentence: A basketball is not a"	ball	-2.7912512	▁ball	['_', 'sport', 'ball', 'to', 'tool']	neg	aff
"Complete the sentence below with only one category word.\nSentence: ""A pig is an ___."" Completed sentence: A pig is an"	animal	-0.4627266	▁animal	['animal', '_', 'm', '__', '(']	aff	aff
"Complete the sentence below with only one category word.\nSentence: ""A pig is a ___."" Completed sentence: A pig is a"	person	-5.9604874	▁	['m', '_', 'animal', 'farm', 'quad']	aff	neg
"Complete the sentence below with only one category word.\nSentence: ""A pig is not a ___."" Completed sentence: A pig is not a"	person	-5.5759172	▁person	['pet', '_', 'm', 'cat', 'animal']	neg	neg
"Complete the sentence below with only one category word.\nSentence: ""A pig is not an ___."" Completed sentence: A pig is not an"	animal	-0.40580177	▁animal	['animal', '_', 'o', 'm', 'object']	neg	aff
"Complete the sentence below with only one category word.\nSentence: ""A squirrel is a ___."" Completed sentence: A squirrel is a"	mammalian	-0.9779072	▁m	['m', 'rod', '_', 'M', 'animal']	aff	aff
"Complete the sentence below with only one category word.\nSentence: ""A squirrel is a ___."" Completed sentence: A squirrel is a"	bird	-4.994052	▁bird	['m', 'rod', '_', 'M', 'animal']	aff	neg
"Complete the sentence below with only one category word.\nSentence: ""A squirrel is not a ___."" Completed sentence: A squirrel is not a"	bird	-2.3685722	▁bird	['m', '_', 'bird', 'cat', 'pet']	neg	neg
"Complete the sentence below with only one category word.\nSentence: ""A squirrel is not a ___."" Completed sentence: A squirrel is not a"	mammalian	-1.7154913	▁m	['m', '_', 'bird', 'cat', 'pet']	neg	aff
"Complete the sentence below with only one category word.\nSentence: ""A skunk is a ___."" Completed sentence: A skunk is a"	mammalian	-0.9820242	▁m	['m', '_', 'animal', 'M', 'sm']	aff	aff
"Complete the sentence below with only one category word.\nSentence: ""A skunk is an ___."" Completed sentence: A skunk is an"	amphibian	-5.9813604	▁	['animal', 'm', '_', 'od', '(']	aff	neg
"Complete the sentence below with only one category word.\nSentence: ""A skunk is not an ___."" Completed sentence: A skunk is not an"	amphibian	-5.658452	▁am	['animal', '_', 'm', 'od', '(']	neg	neg
"Complete the sentence below with only one category word.\nSentence: ""A skunk is not a ___."" Completed sentence: A skunk is not a"	mammalian	-1.9534111	▁m	['m', '_', 'cat', 'animal', 'pet']	neg	aff
"Complete the sentence below with only one category word.\nSentence: ""A rabbit is a ___."" Completed sentence: A rabbit is a"	mammalian	-0.887063	▁m	['m', '_', 'pet', 'animal', 'M']	aff	aff
"Complete the sentence below with only one category word.\nSentence: ""A rabbit is a ___."" Completed sentence: A rabbit is a"	reptile	-5.9684753	▁	['m', '_', 'pet', 'animal', 'M']	aff	neg
"Complete the sentence below with only one category word.\nSentence: ""A rabbit is not a ___."" Completed sentence: A rabbit is not a"	reptile	-5.827503	▁re	['m', '_', 'cat', 'pet', 'bird']	neg	neg
"Complete the sentence below with only one category word.\nSentence: ""A rabbit is not a ___."" Completed sentence: A rabbit is not a"	mammalian	-1.7322073	▁m	['m', '_', 'cat', 'pet', 'bird']	neg	aff
"Complete the sentence below with only one category word.\nSentence: ""A wallet is a ___."" Completed sentence: A wallet is a"	container	-3.6397142	▁container	['_', 'pur', 'pocket', 'category', 'bag']	aff	aff
"Complete the sentence below with only one category word.\nSentence: ""A wallet is a ___."" Completed sentence: A wallet is a"	building	-5.7535324	▁	['_', 'pur', 'pocket', 'category', 'bag']	aff	neg
"Complete the sentence below with only one category word.\nSentence: ""A wallet is not a ___."" Completed sentence: A wallet is not a"	building	-6.0154896	▁	['_', 'pur', 'category', 'pocket', 'bag']	neg	neg
"Complete the sentence below with only one category word.\nSentence: ""A wallet is not a ___."" Completed sentence: A wallet is not a"	container	-4.8023615	▁container	['_', 'pur', 'category', 'pocket', 'bag']	neg	aff
"Complete the sentence below with only one category word.\nSentence: ""A harp is an ___."" Completed sentence: A harp is an"	instrument	-0.4244213	▁instrument	['instrument', '_', 'string', 'musical', 'Inst']	aff	aff
"Complete the sentence below with only one category word.\nSentence: ""A harp is a ___."" Completed sentence: A harp is a"	toy	-6.3316107	▁	['string', 'musical', '_', 'instrument', 'pl']	aff	neg
"Complete the sentence below with only one category word.\nSentence: ""A harp is not a ___."" Completed sentence: A harp is not a"	toy	-5.756707	▁to	['musical', '_', 'string', 'instrument', 'per']	neg	neg
"Complete the sentence below with only one category word.\nSentence: ""A harp is not an ___."" Completed sentence: A harp is not an"	instrument	-0.39232826	▁instrument	['instrument', '_', 'Inst', 'animal', 'musical']	neg	aff
"Complete the sentence below with only one category word.\nSentence: ""A boy is a ___."" Completed sentence: A boy is a"	human	-2.401146	▁human	['_', 'person', 'human', 'boy', 'child']	aff	aff
"Complete the sentence below with only one category word.\nSentence: ""A boy is an ___."" Completed sentence: A boy is an"	animal	-1.3683491	▁animal	['animal', '_', 'adult', 'object', 'human']	aff	neg
"Complete the sentence below with only one category word.\nSentence: ""A boy is not an ___."" Completed sentence: A boy is not an"	animal	-1.5506649	▁animal	['animal', 'adult', 'object', '_', 'apple']	neg	neg
"Complete the sentence below with only one category word.\nSentence: ""A boy is not a ___."" Completed sentence: A boy is not a"	human	-2.698782	▁human	['_', 'human', 'person', 'boy', 'man']	neg	aff
"Complete the sentence below with only one category word.\nSentence: ""A mug is a ___."" Completed sentence: A mug is a"	container	-2.1550684	▁container	['_', 'cup', 'container', 'ut', 'category']	aff	aff
"Complete the sentence below with only one category word.\nSentence: ""A mug is a ___."" Completed sentence: A mug is a"	bottle	-5.2200203	▁B	['_', 'cup', 'container', 'ut', 'category']	aff	neg
"Complete the sentence below with only one category word.\nSentence: ""A mug is not a ___."" Completed sentence: A mug is not a"	bottle	-5.6038084	▁bott	['cup', '_', 'ut', 'category', 'container']	neg	neg
"Complete the sentence below with only one category word.\nSentence: ""A mug is not a ___."" Completed sentence: A mug is not a"	container	-3.5500479	▁container	['cup', '_', 'ut', 'category', 'container']	neg	aff
"Complete the sentence below with only one category word.\nSentence: ""A knife is a ___."" Completed sentence: A knife is a"	weapon	-1.7986803	▁weapon	['tool', 'weapon', '_', 'cutting', 'kitchen']	aff	aff
"Complete the sentence below with only one category word.\nSentence: ""A knife is an ___."" Completed sentence: A knife is an"	electronic	-6.008835	▁	['instrument', 'object', '_', 'ut', 'implement']	aff	neg
"Complete the sentence below with only one category word.\nSentence: ""A knife is not an ___."" Completed sentence: A knife is not an"	electronic	-6.1880207	▁	['instrument', 'object', '_', 'implement', 'ut']	neg	neg
"Complete the sentence below with only one category word.\nSentence: ""A knife is not a ___."" Completed sentence: A knife is not a"	weapon	-1.4862394	▁weapon	['weapon', 'tool', '_', 'ut', 'cutting']	neg	aff
"Complete the sentence below with only one category word.\nSentence: ""A statue is an ___."" Completed sentence: A statue is an"	art	-1.0673943	▁art	['art', '_', 'object', 'Art', 'artifact']	aff	aff
"Complete the sentence below with only one category word.\nSentence: ""A statue is a ___."" Completed sentence: A statue is a"	person	-5.380516	▁	['_', 'sculpt', 'work', 'statue', 'category']	aff	neg
"Complete the sentence below with only one category word.\nSentence: ""A statue is not a ___."" Completed sentence: A statue is not a"	person	-4.2916946	▁person	['statue', '_', 'work', 'category', 'sculpt']	neg	neg
"Complete the sentence below with only one category word.\nSentence: ""A statue is not an ___."" Completed sentence: A statue is not an"	art	-1.3395815	▁art	['art', 'object', '_', 'animal', 'Art']	neg	aff
"Complete the sentence below with only one category word.\nSentence: ""A tangerine is a ___."" Completed sentence: A tangerine is a"	fruit	-0.47237015	▁fruit	['fruit', '_', 'cit', 'veget', 'F']	aff	aff
"Complete the sentence below with only one category word.\nSentence: ""A tangerine is a ___."" Completed sentence: A tangerine is a"	vegetable	-3.6751232	▁veget	['fruit', '_', 'cit', 'veget', 'F']	aff	neg
"Complete the sentence below with only one category word.\nSentence: ""A tangerine is not a ___."" Completed sentence: A tangerine is not a"	vegetable	-2.2025642	▁veget	['fruit', 'veget', '_', 'cit', 'food']	neg	neg
"Complete the sentence below with only one category word.\nSentence: ""A tangerine is not a ___."" Completed sentence: A tangerine is not a"	fruit	-0.87288284	▁fruit	['fruit', 'veget', '_', 'cit', 'food']	neg	aff
"Complete the sentence below with only one category word.\nSentence: ""A robber is a ___."" Completed sentence: A robber is a"	criminal	-0.96310616	▁criminal	['criminal', 'th', '_', 'C', '(']	aff	aff
"Complete the sentence below with only one category word.\nSentence: ""A robber is a ___."" Completed sentence: A robber is a"	policeman	-6.106168	▁	['criminal', 'th', '_', 'C', '(']	aff	neg
"Complete the sentence below with only one category word.\nSentence: ""A robber is not a ___."" Completed sentence: A robber is not a"	policeman	-6.105337	▁polic	['criminal', '_', 'th', 'person', 'gentleman']	neg	neg
"Complete the sentence below with only one category word.\nSentence: ""A robber is not a ___."" Completed sentence: A robber is not a"	criminal	-1.9545527	▁criminal	['criminal', '_', 'th', 'person', 'gentleman']	neg	aff
"Complete the sentence below with only one category word.\nSentence: ""A skirt is a ___."" Completed sentence: A skirt is a"	clothing	-2.2855768	▁cl	['gar', 'dress', 'cl', '_', 'piece']	aff	aff
"Complete the sentence below with only one category word.\nSentence: ""A skirt is a ___."" Completed sentence: A skirt is a"	food	-6.2831306	▁	['gar', 'dress', 'cl', '_', 'piece']	aff	neg
"Complete the sentence below with only one category word.\nSentence: ""A skirt is not a ___."" Completed sentence: A skirt is not a"	food	-6.3730574	▁	['dress', 'p', 'gar', '_', 'cl']	neg	neg
"Complete the sentence below with only one category word.\nSentence: ""A skirt is not a ___."" Completed sentence: A skirt is not a"	clothing	-2.950286	▁cl	['dress', 'p', 'gar', '_', 'cl']	neg	aff
"Complete the sentence below with only one category word.\nSentence: ""A bread is a ___."" Completed sentence: A bread is a"	food	-1.0637894	▁food	['food', '_', 'b', 'fruit', 'type']	aff	aff
"Complete the sentence below with only one category word.\nSentence: ""A bread is a ___."" Completed sentence: A bread is a"	drink	-5.390957	▁	['food', '_', 'b', 'fruit', 'type']	aff	neg
"Complete the sentence below with only one category word.\nSentence: ""A bread is not a ___."" Completed sentence: A bread is not a"	drink	-4.659834	▁drink	['food', 'sand', '_', 'fruit', 'c']	neg	neg
"Complete the sentence below with only one category word.\nSentence: ""A bread is not a ___."" Completed sentence: A bread is not a"	food	-1.8025951	▁food	['food', 'sand', '_', 'fruit', 'c']	neg	aff
"Complete the sentence below with only one category word.\nSentence: ""A tea is a ___."" Completed sentence: A tea is a"	drink	-1.429512	▁drink	['be', 'drink', '_', 'hot', 'food']	aff	aff
"Complete the sentence below with only one category word.\nSentence: ""A tea is a ___."" Completed sentence: A tea is a"	game	-6.2352734	▁	['be', 'drink', '_', 'hot', 'food']	aff	neg
"Complete the sentence below with only one category word.\nSentence: ""A tea is not a ___."" Completed sentence: A tea is not a"	game	-5.9073677	▁	['drink', 'be', '_', 'food', 'me']	neg	neg
"Complete the sentence below with only one category word.\nSentence: ""A tea is not a ___."" Completed sentence: A tea is not a"	drink	-2.2420988	▁drink	['drink', 'be', '_', 'food', 'me']	neg	aff
"Complete the sentence below with only one category word.\nSentence: ""A coconut is a ___."" Completed sentence: A coconut is a"	fruit	-0.79211044	▁fruit	['fruit', 'nut', '_', 'veget', 'food']	aff	aff
"Complete the sentence below with only one category word.\nSentence: ""A coconut is a ___."" Completed sentence: A coconut is a"	berry	-5.9523277	▁ber	['fruit', 'nut', '_', 'veget', 'food']	aff	neg
"Complete the sentence below with only one category word.\nSentence: ""A coconut is not a ___."" Completed sentence: A coconut is not a"	berry	-5.1805954	▁ber	['fruit', 'veget', 'nut', '_', 'food']	neg	neg
"Complete the sentence below with only one category word.\nSentence: ""A coconut is not a ___."" Completed sentence: A coconut is not a"	fruit	-1.1480465	▁fruit	['fruit', 'veget', 'nut', '_', 'food']	neg	aff
"Complete the sentence below with only one category word.\nSentence: ""A salad is a ___."" Completed sentence: A salad is a"	snack	-5.192028	▁sn	['food', 'veget', '_', 'me', 'd']	aff	aff
"Complete the sentence below with only one category word.\nSentence: ""A salad is a ___."" Completed sentence: A salad is a"	weapon	-6.206623	▁	['food', 'veget', '_', 'me', 'd']	aff	neg
"Complete the sentence below with only one category word.\nSentence: ""A salad is not a ___."" Completed sentence: A salad is not a"	weapon	-6.1471024	▁	['food', 'me', 'sand', 'veget', '_']	neg	neg
"Complete the sentence below with only one category word.\nSentence: ""A salad is not a ___."" Completed sentence: A salad is not a"	snack	-3.6829853	▁sn	['food', 'me', 'sand', 'veget', '_']	neg	aff
"Complete the sentence below with only one category word.\nSentence: ""A noodles is a ___."" Completed sentence: A noodles is a"	food	-1.1945515	▁food	['food', '_', 'veget', 'd', 'past']	aff	aff
"Complete the sentence below with only one category word.\nSentence: ""A noodles is a ___."" Completed sentence: A noodles is a"	drink	-5.5892916	▁	['food', '_', 'veget', 'd', 'past']	aff	neg
"Complete the sentence below with only one category word.\nSentence: ""A noodles is not a ___."" Completed sentence: A noodles is not a"	drink	-5.4437523	▁drink	['food', 'veget', '_', 'sand', 'fruit']	neg	neg
"Complete the sentence below with only one category word.\nSentence: ""A noodles is not a ___."" Completed sentence: A noodles is not a"	food	-1.7377806	▁food	['food', 'veget', '_', 'sand', 'fruit']	neg	aff
"Complete the sentence below with only one category word.\nSentence: ""A triangle is a ___."" Completed sentence: A triangle is a"	shape	-2.0921555	▁shape	['_', 'shape', 'figure', 'polygon', 'plane']	aff	aff
"Complete the sentence below with only one category word.\nSentence: ""A triangle is a ___."" Completed sentence: A triangle is a"	square	-4.220026	▁	['_', 'shape', 'figure', 'polygon', 'plane']	aff	neg
"Complete the sentence below with only one category word.\nSentence: ""A triangle is not a ___."" Completed sentence: A triangle is not a"	square	-3.243391	▁square	['_', 'shape', 'polygon', 'figure', 'plane']	neg	neg
"Complete the sentence below with only one category word.\nSentence: ""A triangle is not a ___."" Completed sentence: A triangle is not a"	shape	-2.6401186	▁shape	['_', 'shape', 'polygon', 'figure', 'plane']	neg	aff
"Complete the sentence below with only one category word.\nSentence: ""A telephone is a ___."" Completed sentence: A telephone is a"	device	-3.0807953	▁device	['communication', '_', 'device', 'tool', 'machine']	aff	aff
"Complete the sentence below with only one category word.\nSentence: ""A telephone is a ___."" Completed sentence: A telephone is a"	tool	-3.0916777	▁tool	['communication', '_', 'device', 'tool', 'machine']	aff	neg
"Complete the sentence below with only one category word.\nSentence: ""A telephone is not a ___."" Completed sentence: A telephone is not a"	tool	-2.7434225	▁tool	['_', 'tool', 'device', 'machine', 'communication']	neg	neg
"Complete the sentence below with only one category word.\nSentence: ""A telephone is not a ___."" Completed sentence: A telephone is not a"	device	-3.022891	▁device	['_', 'tool', 'device', 'machine', 'communication']	neg	aff
"Complete the sentence below with only one category word.\nSentence: ""A piano is a ___."" Completed sentence: A piano is a"	device	-6.1996593	▁	['musical', '_', 'instrument', 'M', 'Musical']	aff	aff
"Complete the sentence below with only one category word.\nSentence: ""A piano is a ___."" Completed sentence: A piano is a"	toy	-6.1996593	▁	['musical', '_', 'instrument', 'M', 'Musical']	aff	neg
"Complete the sentence below with only one category word.\nSentence: ""A piano is not a ___."" Completed sentence: A piano is not a"	toy	-4.5660477	▁to	['musical', '_', 'instrument', 'furn', 'tool']	neg	neg
"Complete the sentence below with only one category word.\nSentence: ""A piano is not a ___."" Completed sentence: A piano is not a"	device	-5.8179417	▁	['musical', '_', 'instrument', 'furn', 'tool']	neg	aff
"Complete the sentence below with only one category word.\nSentence: ""A hurricane is a ___."" Completed sentence: A hurricane is a"	storm	-2.271144	▁storm	['natural', '_', 'storm', 'weather', 'tropical']	aff	aff
"Complete the sentence below with only one category word.\nSentence: ""A hurricane is a ___."" Completed sentence: A hurricane is a"	breeze	-6.359269	▁	['natural', '_', 'storm', 'weather', 'tropical']	aff	neg
"Complete the sentence below with only one category word.\nSentence: ""A hurricane is not a ___."" Completed sentence: A hurricane is not a"	breeze	-5.9864864	▁	['_', 'natural', 'storm', 'category', 'weather']	neg	neg
"Complete the sentence below with only one category word.\nSentence: ""A hurricane is not a ___."" Completed sentence: A hurricane is not a"	storm	-2.7139397	▁storm	['_', 'natural', 'storm', 'category', 'weather']	neg	aff
"Complete the sentence below with only one category word.\nSentence: ""A party is a ___."" Completed sentence: A party is a"	celebration	-2.5744743	▁celebr	['social', '_', 'fun', 'celebr', 'gather']	aff	aff
"Complete the sentence below with only one category word.\nSentence: ""A party is a ___."" Completed sentence: A party is a"	mourning	-6.220153	▁	['social', '_', 'fun', 'celebr', 'gather']	aff	neg
"Complete the sentence below with only one category word.\nSentence: ""A party is not a ___."" Completed sentence: A party is not a"	mourning	-5.9187098	▁	['_', 'fun', 'party', 'social', 'good']	neg	neg
"Complete the sentence below with only one category word.\nSentence: ""A party is not a ___."" Completed sentence: A party is not a"	celebration	-4.010557	▁celebr	['_', 'fun', 'party', 'social', 'good']	neg	aff
"Complete the sentence below with only one category word.\nSentence: ""A door is a ___."" Completed sentence: A door is a"	structure	-4.9227114	▁structure	['_', 'door', 'piece', 'room', 'closed']	aff	aff
"Complete the sentence below with only one category word.\nSentence: ""A door is a ___."" Completed sentence: A door is a"	wall	-5.670787	▁	['_', 'door', 'piece', 'room', 'closed']	aff	neg
"Complete the sentence below with only one category word.\nSentence: ""A door is not a ___."" Completed sentence: A door is not a"	wall	-5.2817698	▁wall	['door', '_', 'category', 'room', 'lock']	neg	neg
"Complete the sentence below with only one category word.\nSentence: ""A door is not a ___."" Completed sentence: A door is not a"	structure	-5.7767963	▁	['door', '_', 'category', 'room', 'lock']	neg	aff
"Complete the sentence below with only one category word.\nSentence: ""An envelope is a ___."" Completed sentence: An envelope is a"	letter	-2.600603	▁letter	['_', 'container', 'letter', 'category', 'box']	aff	aff
"Complete the sentence below with only one category word.\nSentence: ""An envelope is a ___."" Completed sentence: An envelope is a"	device	-5.6917067	▁	['_', 'container', 'letter', 'category', 'box']	aff	neg
"Complete the sentence below with only one category word.\nSentence: ""An envelope is not a ___."" Completed sentence: An envelope is not a"	device	-5.871936	▁	['letter', '_', 'category', 'book', 'box']	neg	neg
"Complete the sentence below with only one category word.\nSentence: ""An envelope is not a ___."" Completed sentence: An envelope is not a"	letter	-2.1382408	▁letter	['letter', '_', 'category', 'book', 'box']	neg	aff
"Complete the sentence below with only one category word.\nSentence: ""A gun is a ___."" Completed sentence: A gun is a"	weapon	-0.81018925	▁weapon	['weapon', '_', 'tool', 'category', '(']	aff	aff
"Complete the sentence below with only one category word.\nSentence: ""A gun is a ___."" Completed sentence: A gun is a"	toy	-5.924447	▁to	['weapon', '_', 'tool', 'category', '(']	aff	neg
"Complete the sentence below with only one category word.\nSentence: ""A gun is not a ___."" Completed sentence: A gun is not a"	toy	-2.3039513	▁to	['weapon', 'tool', 'to', '_', 'We']	neg	neg
"Complete the sentence below with only one category word.\nSentence: ""A gun is not a ___."" Completed sentence: A gun is not a"	weapon	-1.5249405	▁weapon	['weapon', 'tool', 'to', '_', 'We']	neg	aff
"Complete the sentence below with only one category word.\nSentence: ""A watch is a ___."" Completed sentence: A watch is a"	device	-4.1590033	▁device	['_', 'time', 'clock', 'category', 'tool']	aff	aff
"Complete the sentence below with only one category word.\nSentence: ""A watch is a ___."" Completed sentence: A watch is a"	food	-5.5102425	▁	['_', 'time', 'clock', 'category', 'tool']	aff	neg
"Complete the sentence below with only one category word.\nSentence: ""A watch is not a ___."" Completed sentence: A watch is not a"	food	-5.6763086	▁food	['_', 'j', 'clock', 'watch', 'category']	neg	neg
"Complete the sentence below with only one category word.\nSentence: ""A watch is not a ___."" Completed sentence: A watch is not a"	device	-4.3663235	▁device	['_', 'j', 'clock', 'watch', 'category']	neg	aff
"Complete the sentence below with only one category word.\nSentence: ""A TV is a ___."" Completed sentence: A TV is a"	device	-3.0239363	▁device	['_', 'household', 'device', 'electronic', 'piece']	aff	aff
"Complete the sentence below with only one category word.\nSentence: ""A TV is a ___."" Completed sentence: A TV is a"	furniture	-4.3837767	▁furn	['_', 'household', 'device', 'electronic', 'piece']	aff	neg
"Complete the sentence below with only one category word.\nSentence: ""A TV is not a ___."" Completed sentence: A TV is not a"	furniture	-2.976406	▁furn	['_', 'furn', 'computer', 'device', 'category']	neg	neg
"Complete the sentence below with only one category word.\nSentence: ""A TV is not a ___."" Completed sentence: A TV is not a"	device	-3.179061	▁device	['_', 'furn', 'computer', 'device', 'category']	neg	aff
"Complete the sentence below with only one category word.\nSentence: ""A smartphone is a ___."" Completed sentence: A smartphone is a"	device	-2.9484987	▁device	['_', 'computer', 'communication', 'mobile', 'device']	aff	aff
"Complete the sentence below with only one category word.\nSentence: ""A smartphone is a ___."" Completed sentence: A smartphone is a"	watch	-6.1041193	▁	['_', 'computer', 'communication', 'mobile', 'device']	aff	neg
"Complete the sentence below with only one category word.\nSentence: ""A smartphone is not a ___."" Completed sentence: A smartphone is not a"	watch	-5.3200226	▁watch	['_', 'computer', 'phone', 'g', 'device']	neg	neg
"Complete the sentence below with only one category word.\nSentence: ""A smartphone is not a ___."" Completed sentence: A smartphone is not a"	device	-3.206853	▁device	['_', 'computer', 'phone', 'g', 'device']	neg	aff
"Complete the sentence below with only one category word.\nSentence: ""A seal is an ___."" Completed sentence: A seal is an"	animal	-1.4870749	▁animal	['m', 'animal', '_', 'aqu', 'M']	aff	aff
"Complete the sentence below with only one category word.\nSentence: ""A seal is a ___."" Completed sentence: A seal is a"	plant	-6.434701	▁	['m', '_', 'M', 'marine', 'land']	aff	neg
"Complete the sentence below with only one category word.\nSentence: ""A seal is not a ___."" Completed sentence: A seal is not a"	plant	-6.498748	▁	['m', '_', 'fish', 'bird', 'cat']	neg	neg
"Complete the sentence below with only one category word.\nSentence: ""A seal is not an ___."" Completed sentence: A seal is not an"	animal	-0.79066944	▁animal	['animal', '_', 'm', 'am', 'aqu']	neg	aff
"Complete the sentence below with only one category word.\nSentence: ""A platypus is an ___."" Completed sentence: A platypus is an"	animal	-2.3985262	▁animal	['m', '_', 'animal', 'M', 'egg']	aff	aff
"Complete the sentence below with only one category word.\nSentence: ""A platypus is a ___."" Completed sentence: A platypus is a"	fish	-6.4618664	▁	['m', '_', 'M', 'animal', '__']	aff	neg
"Complete the sentence below with only one category word.\nSentence: ""A platypus is not a ___."" Completed sentence: A platypus is not a"	fish	-4.190607	▁fish	['m', '_', 'bird', 'animal', 'M']	neg	neg
"Complete the sentence below with only one category word.\nSentence: ""A platypus is not an ___."" Completed sentence: A platypus is not an"	animal	-1.1368065	▁animal	['animal', 'm', '_', 'am', 'M']	neg	aff
"Complete the sentence below with only one category word.\nSentence: ""A spruce is a ___."" Completed sentence: A spruce is a"	tree	-1.523983	▁tree	['con', 'tree', '_', 'ever', 'p']	aff	aff
"Complete the sentence below with only one category word.\nSentence: ""A spruce is a ___."" Completed sentence: A spruce is a"	bush	-6.00525	▁	['con', 'tree', '_', 'ever', 'p']	aff	neg
"Complete the sentence below with only one category word.\nSentence: ""A spruce is not a ___."" Completed sentence: A spruce is not a"	bush	-4.7257195	▁bush	['tree', '_', 'con', 'fruit', 'p']	neg	neg
"Complete the sentence below with only one category word.\nSentence: ""A spruce is not a ___."" Completed sentence: A spruce is not a"	tree	-1.7932091	▁tree	['tree', '_', 'con', 'fruit', 'p']	neg	aff
"Complete the sentence below with only one category word.\nSentence: ""A wrench is a ___."" Completed sentence: A wrench is a"	tool	-0.59947014	▁tool	['tool', 'hand', '_', 'mechanical', 'category']	aff	aff
"Complete the sentence below with only one category word.\nSentence: ""A wrench is a ___."" Completed sentence: A wrench is a"	machine	-4.7585764	▁machine	['tool', 'hand', '_', 'mechanical', 'category']	aff	neg
"Complete the sentence below with only one category word.\nSentence: ""A wrench is not a ___."" Completed sentence: A wrench is not a"	machine	-4.331542	▁machine	['tool', '_', 'ham', 'sc', 'hand']	neg	neg
"Complete the sentence below with only one category word.\nSentence: ""A wrench is not a ___."" Completed sentence: A wrench is not a"	tool	-1.0903282	▁tool	['tool', '_', 'ham', 'sc', 'hand']	neg	aff
"Complete the sentence below with only one category word.\nSentence: ""A pan is an ___."" Completed sentence: A pan is an"	utensil	-1.0864296	▁ut	['ut', '_', 'object', 'app', 'instrument']	aff	aff
"Complete the sentence below with only one category word.\nSentence: ""A pan is a ___."" Completed sentence: A pan is a"	pot	-3.9302835	▁pot	['kitchen', 'ut', 'cook', '_', 'container']	aff	neg
"Complete the sentence below with only one category word.\nSentence: ""A pan is not a ___."" Completed sentence: A pan is not a"	pot	-3.4901037	▁pot	['ut', '_', 'tool', 'category', 'kitchen']	neg	neg
"Complete the sentence below with only one category word.\nSentence: ""A pan is not an ___."" Completed sentence: A pan is not an"	utensil	-1.6121235	▁ut	['ut', 'app', 'instrument', 'object', 'implement']	neg	aff
"Complete the sentence below with only one category word.\nSentence: ""A pot is an ___."" Completed sentence: A pot is an"	utensil	-1.5066481	▁ut	['ut', 'object', '_', 'article', 'instrument']	aff	aff
"Complete the sentence below with only one category word.\nSentence: ""A pot is a ___."" Completed sentence: A pot is a"	flower	-6.0522165	▁	['container', '_', 'ut', 'vessel', 'kitchen']	aff	neg
"Complete the sentence below with only one category word.\nSentence: ""A pot is not a ___."" Completed sentence: A pot is not a"	flower	-5.439584	▁flower	['_', 'ut', 'cup', 'tool', 'pot']	neg	neg
"Complete the sentence below with only one category word.\nSentence: ""A pot is not an ___."" Completed sentence: A pot is not an"	utensil	-2.2047539	▁ut	['object', 'ut', 'instrument', '_', 'app']	neg	aff
"Complete the sentence below with only one category word.\nSentence: ""A baby is an ___."" Completed sentence: A baby is an"	infant	-3.3118324	▁infant	['animal', '_', 'infant', 'object', 'item']	aff	aff
"Complete the sentence below with only one category word.\nSentence: ""A baby is a ___."" Completed sentence: A baby is a"	grown-up	-5.6838236	▁G	['_', 'human', 'person', 'child', 'baby']	aff	neg
"Complete the sentence below with only one category word.\nSentence: ""A baby is not a ___."" Completed sentence: A baby is not a"	grown-up	-6.152032	▁	['person', '_', 'human', 'pet', 'to']	neg	neg
"Complete the sentence below with only one category word.\nSentence: ""A baby is not an ___."" Completed sentence: A baby is not an"	infant	-5.95362	▁infant	['animal', 'object', '_', 'adult', 'item']	neg	aff
"Complete the sentence below with only one category word.\nSentence: ""A loom is a ___."" Completed sentence: A loom is a"	tool	-1.7205362	▁tool	['machine', 'tool', '_', 'we', 'device']	aff	aff
"Complete the sentence below with only one category word.\nSentence: ""A loom is a ___."" Completed sentence: A loom is a"	place	-5.929984	▁	['machine', 'tool', '_', 'we', 'device']	aff	neg
"Complete the sentence below with only one category word.\nSentence: ""A loom is not a ___."" Completed sentence: A loom is not a"	place	-6.0525455	▁	['tool', 'machine', '_', 'we', 'musical']	neg	neg
"Complete the sentence below with only one category word.\nSentence: ""A loom is not a ___."" Completed sentence: A loom is not a"	tool	-2.04282	▁tool	['tool', 'machine', '_', 'we', 'musical']	neg	aff
"Complete the sentence below with only one category word.\nSentence: ""A treatment is a ___."" Completed sentence: A treatment is a"	therapy	-3.2501898	▁ther	['procedure', '_', 'process', 'medicine', 'ther']	aff	aff
"Complete the sentence below with only one category word.\nSentence: ""A treatment is an ___."" Completed sentence: A treatment is an"	iPod	-5.9545727	▁	['inter', '_', 'activity', 'action', 'option']	aff	neg
"Complete the sentence below with only one category word.\nSentence: ""A treatment is not an ___."" Completed sentence: A treatment is not an"	iPod	-5.8370695	▁	['inter', 'option', '_', 'alternative', 'action']	neg	neg
"Complete the sentence below with only one category word.\nSentence: ""A treatment is not a ___."" Completed sentence: A treatment is not a"	therapy	-3.7060537	▁ther	['procedure', 'c', '_', 'medicine', 'drug']	neg	aff
"Complete the sentence below with only one category word.\nSentence: ""An ox is an ___."" Completed sentence: An ox is an"	animal	-0.6626892	▁animal	['animal', '_', 'm', 'quad', '(']	aff	aff
"Complete the sentence below with only one category word.\nSentence: ""An ox is a ___."" Completed sentence: An ox is a"	plant	-5.666601	▁	['m', '_', 'quad', 'farm', 'animal']	aff	neg
"Complete the sentence below with only one category word.\nSentence: ""An ox is not a ___."" Completed sentence: An ox is not a"	plant	-6.007017	▁	['m', '_', 'cat', 'animal', 'quad']	neg	neg
"Complete the sentence below with only one category word.\nSentence: ""An ox is not an ___."" Completed sentence: An ox is not an"	animal	-0.4679489	▁animal	['animal', '_', 'ox', 'ele', 'm']	neg	aff
"Complete the sentence below with only one category word.\nSentence: ""A railroad is a ___."" Completed sentence: A railroad is a"	transportation	-1.2763567	▁transport	['transport', '_', 'mode', 'means', 'vehicle']	aff	aff
"Complete the sentence below with only one category word.\nSentence: ""A railroad is a ___."" Completed sentence: A railroad is a"	bus	-6.7064743	▁	['transport', '_', 'mode', 'means', 'vehicle']	aff	neg
"Complete the sentence below with only one category word.\nSentence: ""A railroad is not a ___."" Completed sentence: A railroad is not a"	bus	-6.0825825	▁bus	['_', 'transport', 'road', 'vehicle', 'mode']	neg	neg
"Complete the sentence below with only one category word.\nSentence: ""A railroad is not a ___."" Completed sentence: A railroad is not a"	transportation	-2.6034641	▁transport	['_', 'transport', 'road', 'vehicle', 'mode']	neg	aff
"Complete the sentence below with only one category word.\nSentence: ""A mower is a ___."" Completed sentence: A mower is a"	machine	-2.0377045	▁machine	['machine', 'tool', '_', 'la', 'garden']	aff	aff
"Complete the sentence below with only one category word.\nSentence: ""A mower is a ___."" Completed sentence: A mower is a"	phone	-5.804525	▁	['machine', 'tool', '_', 'la', 'garden']	aff	neg
"Complete the sentence below with only one category word.\nSentence: ""A mower is not a ___."" Completed sentence: A mower is not a"	phone	-5.848814	▁	['tool', 'machine', '_', 'la', 'garden']	neg	neg
"Complete the sentence below with only one category word.\nSentence: ""A mower is not a ___."" Completed sentence: A mower is not a"	machine	-2.5740852	▁machine	['tool', 'machine', '_', 'la', 'garden']	neg	aff
"Complete the sentence below with only one category word.\nSentence: ""A factory is a ___."" Completed sentence: A factory is a"	building	-1.8268232	▁building	['building', 'place', '_', 'business', 'factory']	aff	aff
"Complete the sentence below with only one category word.\nSentence: ""A factory is a ___."" Completed sentence: A factory is a"	store	-6.4230795	▁	['building', 'place', '_', 'business', 'factory']	aff	neg
"Complete the sentence below with only one category word.\nSentence: ""A factory is not a ___."" Completed sentence: A factory is not a"	store	-5.2215786	▁store	['place', 'business', '_', 'building', 'factory']	neg	neg
"Complete the sentence below with only one category word.\nSentence: ""A factory is not a ___."" Completed sentence: A factory is not a"	building	-2.9702673	▁building	['place', 'business', '_', 'building', 'factory']	neg	aff
"Complete the sentence below with only one category word.\nSentence: ""A broccoli is a ___."" Completed sentence: A broccoli is a"	vegetable	-0.84318066	▁veget	['veget', '_', 'fruit', 'plant', 'green']	aff	aff
"Complete the sentence below with only one category word.\nSentence: ""A broccoli is a ___."" Completed sentence: A broccoli is a"	fruit	-2.8333035	▁fruit	['veget', '_', 'fruit', 'plant', 'green']	aff	neg
"Complete the sentence below with only one category word.\nSentence: ""A broccoli is not a ___."" Completed sentence: A broccoli is not a"	fruit	-1.8693438	▁fruit	['veget', 'fruit', '_', 'food', 'flower']	neg	neg
"Complete the sentence below with only one category word.\nSentence: ""A broccoli is not a ___."" Completed sentence: A broccoli is not a"	vegetable	-1.2859783	▁veget	['veget', 'fruit', '_', 'food', 'flower']	neg	aff
"Complete the sentence below with only one category word.\nSentence: ""A beat is a ___."" Completed sentence: A beat is a"	rhythm	-1.7701445	▁rh	['rh', '_', 'musical', 'measure', 'sound']	aff	aff
"Complete the sentence below with only one category word.\nSentence: ""A beat is a ___."" Completed sentence: A beat is a"	melody	-5.8719807	▁	['rh', '_', 'musical', 'measure', 'sound']	aff	neg
"Complete the sentence below with only one category word.\nSentence: ""A beat is not a ___."" Completed sentence: A beat is not a"	melody	-5.2522717	▁mel	['rh', '_', 'category', 'beat', 'measure']	neg	neg
"Complete the sentence below with only one category word.\nSentence: ""A beat is not a ___."" Completed sentence: A beat is not a"	rhythm	-2.2451038	▁rh	['rh', '_', 'category', 'beat', 'measure']	neg	aff
"Complete the sentence below with only one category word.\nSentence: ""A country is a ___."" Completed sentence: A country is a"	land	-3.9820328	▁land	['nation', '_', 'country', 'state', 'continent']	aff	aff
"Complete the sentence below with only one category word.\nSentence: ""A country is a ___."" Completed sentence: A country is a"	sea	-6.489233	▁	['nation', '_', 'country', 'state', 'continent']	aff	neg
"Complete the sentence below with only one category word.\nSentence: ""A country is not a ___."" Completed sentence: A country is not a"	sea	-6.489359	▁	['country', 'state', 'nation', '_', 'government']	neg	neg
"Complete the sentence below with only one category word.\nSentence: ""A country is not a ___."" Completed sentence: A country is not a"	land	-4.612976	▁land	['country', 'state', 'nation', '_', 'government']	neg	aff
"Complete the sentence below with only one category word.\nSentence: ""A console is a ___."" Completed sentence: A console is a"	furniture	-2.6772652	▁furn	['_', 'furn', 'computer', 'device', 'piece']	aff	aff
"Complete the sentence below with only one category word.\nSentence: ""A console is a ___."" Completed sentence: A console is a"	building	-6.009915	▁	['_', 'furn', 'computer', 'device', 'piece']	aff	neg
"Complete the sentence below with only one category word.\nSentence: ""A console is not a ___."" Completed sentence: A console is not a"	building	-5.948739	▁	['computer', '_', 'game', 'device', 'g']	neg	neg
"Complete the sentence below with only one category word.\nSentence: ""A console is not a ___."" Completed sentence: A console is not a"	furniture	-3.3844976	▁furn	['computer', '_', 'game', 'device', 'g']	neg	aff
"Complete the sentence below with only one category word.\nSentence: ""A factory is a ___."" Completed sentence: A factory is a"	workplace	-3.4074001	▁work	['building', 'place', '_', 'business', 'factory']	aff	aff
"Complete the sentence below with only one category word.\nSentence: ""A factory is a ___."" Completed sentence: A factory is a"	mammal	-6.4230795	▁	['building', 'place', '_', 'business', 'factory']	aff	neg
"Complete the sentence below with only one category word.\nSentence: ""A factory is not a ___."" Completed sentence: A factory is not a"	mammal	-6.199113	▁	['place', 'business', '_', 'building', 'factory']	neg	neg
"Complete the sentence below with only one category word.\nSentence: ""A factory is not a ___."" Completed sentence: A factory is not a"	workplace	-3.7323875	▁work	['place', 'business', '_', 'building', 'factory']	neg	aff
"Complete the sentence below with only one category word.\nSentence: ""A farm is a ___."" Completed sentence: A farm is a"	place	-1.6582947	▁place	['place', '_', 'business', 'farm', 'house']	aff	aff
"Complete the sentence below with only one category word.\nSentence: ""A farm is a ___."" Completed sentence: A farm is a"	mineral	-6.166603	▁	['place', '_', 'business', 'farm', 'house']	aff	neg
"Complete the sentence below with only one category word.\nSentence: ""A farm is not a ___."" Completed sentence: A farm is not a"	mineral	-6.1456604	▁	['business', '_', 'place', 'house', 'home']	neg	neg
"Complete the sentence below with only one category word.\nSentence: ""A farm is not a ___."" Completed sentence: A farm is not a"	place	-2.5915308	▁place	['business', '_', 'place', 'house', 'home']	neg	aff
"Complete the sentence below with only one category word.\nSentence: ""A transistor is a ___."" Completed sentence: A transistor is a"	device	-2.8803215	▁device	['sem', '_', 'electronic', 'device', 'component']	aff	aff
"Complete the sentence below with only one category word.\nSentence: ""A transistor is a ___."" Completed sentence: A transistor is a"	toy	-5.673362	▁	['sem', '_', 'electronic', 'device', 'component']	aff	neg
"Complete the sentence below with only one category word.\nSentence: ""A transistor is not a ___."" Completed sentence: A transistor is not a"	toy	-5.525838	▁	['_', 'device', 'component', 'sem', 'trans']	neg	neg
"Complete the sentence below with only one category word.\nSentence: ""A transistor is not a ___."" Completed sentence: A transistor is not a"	device	-2.7003603	▁device	['_', 'device', 'component', 'sem', 'trans']	neg	aff
"Complete the sentence below with only one category word.\nSentence: ""A viola is an ___."" Completed sentence: A viola is an"	instrument	-0.5468693	▁instrument	['instrument', 'string', '_', 'musical', 'or']	aff	aff
"Complete the sentence below with only one category word.\nSentence: ""A viola is a ___."" Completed sentence: A viola is a"	place	-6.346834	▁	['string', 'musical', '_', 'viol', 'instrument']	aff	neg
"Complete the sentence below with only one category word.\nSentence: ""A viola is not a ___."" Completed sentence: A viola is not a"	place	-6.1143312	▁	['string', 'musical', '_', 'viol', 'instrument']	neg	neg
"Complete the sentence below with only one category word.\nSentence: ""A viola is not an ___."" Completed sentence: A viola is not an"	instrument	-0.3843708	▁instrument	['instrument', '_', 'or', 'Inst', 'string']	neg	aff
"Complete the sentence below with only one category word.\nSentence: ""A monarchy is a ___."" Completed sentence: A monarchy is a"	government	-1.727871	▁government	['government', '_', 'form', 'kingdom', 'country']	aff	aff
"Complete the sentence below with only one category word.\nSentence: ""A monarchy is a ___."" Completed sentence: A monarchy is a"	religion	-6.3283815	▁	['government', '_', 'form', 'kingdom', 'country']	aff	neg
"Complete the sentence below with only one category word.\nSentence: ""A monarchy is not a ___."" Completed sentence: A monarchy is not a"	religion	-6.6174793	▁	['dem', 'republic', 'government', '_', 'country']	neg	neg
"Complete the sentence below with only one category word.\nSentence: ""A monarchy is not a ___."" Completed sentence: A monarchy is not a"	government	-2.2550745	▁government	['dem', 'republic', 'government', '_', 'country']	neg	aff
"Complete the sentence below with only one category word.\nSentence: ""A telescope is a ___."" Completed sentence: A telescope is a"	device	-3.064108	▁device	['_', 'scientific', 'tool', 'device', 'science']	aff	aff
"Complete the sentence below with only one category word.\nSentence: ""A telescope is a ___."" Completed sentence: A telescope is a"	toy	-6.2090006	▁to	['_', 'scientific', 'tool', 'device', 'science']	aff	neg
"Complete the sentence below with only one category word.\nSentence: ""A telescope is not a ___."" Completed sentence: A telescope is not a"	toy	-4.105196	▁to	['_', 'tool', 'device', 'category', 'scientific']	neg	neg
"Complete the sentence below with only one category word.\nSentence: ""A telescope is not a ___."" Completed sentence: A telescope is not a"	device	-3.4608688	▁device	['_', 'tool', 'device', 'category', 'scientific']	neg	aff
"Complete the sentence below with only one category word.\nSentence: ""A mango is a ___."" Completed sentence: A mango is a"	fruit	-0.39203262	▁fruit	['fruit', '_', 'veget', 'F', 'f']	aff	aff
"Complete the sentence below with only one category word.\nSentence: ""A mango is a ___."" Completed sentence: A mango is a"	vegetable	-3.6788435	▁veget	['fruit', '_', 'veget', 'F', 'f']	aff	neg
"Complete the sentence below with only one category word.\nSentence: ""A mango is not a ___."" Completed sentence: A mango is not a"	vegetable	-2.1155462	▁veget	['fruit', 'veget', '_', 'food', 'F']	neg	neg
"Complete the sentence below with only one category word.\nSentence: ""A mango is not a ___."" Completed sentence: A mango is not a"	fruit	-0.83901787	▁fruit	['fruit', 'veget', '_', 'food', 'F']	neg	aff
"Complete the sentence below with only one category word.\nSentence: ""A pilot is a ___."" Completed sentence: A pilot is a"	professional	-2.398879	▁professional	['_', 'professional', 'person', 'pilot', 'job']	aff	aff
"Complete the sentence below with only one category word.\nSentence: ""A pilot is an ___."" Completed sentence: A pilot is an"	amateur	-6.445489	▁	['_', 'av', 'engineer', 'officer', 'air']	aff	neg
"Complete the sentence below with only one category word.\nSentence: ""A pilot is not an ___."" Completed sentence: A pilot is not an"	amateur	-5.737438	▁amateur	['engineer', '_', 'employee', 'air', 'av']	neg	neg
"Complete the sentence below with only one category word.\nSentence: ""A pilot is not a ___."" Completed sentence: A pilot is not a"	professional	-3.0914946	▁professional	['_', 'professional', 'doctor', 'bird', 'pilot']	neg	aff
"Complete the sentence below with only one category word.\nSentence: ""A manager is a ___."" Completed sentence: A manager is a"	professional	-3.822052	▁professional	['leader', '_', 'b', 'manager', 'person']	aff	aff
"Complete the sentence below with only one category word.\nSentence: ""A manager is an ___."" Completed sentence: A manager is an"	amateur	-6.75319	▁	['_', 'employee', 'executive', 'administrator', 'leader']	aff	neg
"Complete the sentence below with only one category word.\nSentence: ""A manager is not an ___."" Completed sentence: A manager is not an"	amateur	-6.7304544	▁	['employee', '_', 'expert', 'authority', 'administrator']	neg	neg
"Complete the sentence below with only one category word.\nSentence: ""A manager is not a ___."" Completed sentence: A manager is not a"	professional	-4.7846947	▁professional	['leader', 'b', '_', 'manager', 'super']	neg	aff
"Complete the sentence below with only one category word.\nSentence: ""A doctrine is a ___."" Completed sentence: A doctrine is a"	principle	-3.6793184	▁principle	['_', 'belief', 'teaching', 'dog', 'theory']	aff	aff
"Complete the sentence below with only one category word.\nSentence: ""A doctrine is a ___."" Completed sentence: A doctrine is a"	person	-6.3070335	▁	['_', 'belief', 'teaching', 'dog', 'theory']	aff	neg
"Complete the sentence below with only one category word.\nSentence: ""A doctrine is not a ___."" Completed sentence: A doctrine is not a"	person	-6.1345015	▁	['_', 'dog', 'belief', 'category', 'theory']	neg	neg
"Complete the sentence below with only one category word.\nSentence: ""A doctrine is not a ___."" Completed sentence: A doctrine is not a"	principle	-4.3427706	▁principle	['_', 'dog', 'belief', 'category', 'theory']	neg	aff
"Complete the sentence below with only one category word.\nSentence: ""A tennis is a ___."" Completed sentence: A tennis is a"	sport	-1.7593336	▁sport	['sport', 'ball', 'ra', 'game', '_']	aff	aff
"Complete the sentence below with only one category word.\nSentence: ""A tennis is a ___."" Completed sentence: A tennis is a"	vegetable	-6.1615553	▁	['sport', 'ball', 'ra', 'game', '_']	aff	neg
"Complete the sentence below with only one category word.\nSentence: ""A tennis is not a ___."" Completed sentence: A tennis is not a"	vegetable	-4.66599	▁veget	['sport', 'ball', '_', 'game', 'to']	neg	neg
"Complete the sentence below with only one category word.\nSentence: ""A tennis is not a ___."" Completed sentence: A tennis is not a"	sport	-2.0141401	▁sport	['sport', 'ball', '_', 'game', 'to']	neg	aff
"Complete the sentence below with only one category word.\nSentence: ""A cap is a ___."" Completed sentence: A cap is a"	clothing	-3.0649624	▁cl	['hat', 'head', '_', 'cl', 'piece']	aff	aff
"Complete the sentence below with only one category word.\nSentence: ""A cap is a ___."" Completed sentence: A cap is a"	person	-5.7420797	▁	['hat', 'head', '_', 'cl', 'piece']	aff	neg
"Complete the sentence below with only one category word.\nSentence: ""A cap is not a ___."" Completed sentence: A cap is not a"	person	-5.9877167	▁	['hat', '_', 'head', 'cl', 'category']	neg	neg
"Complete the sentence below with only one category word.\nSentence: ""A cap is not a ___."" Completed sentence: A cap is not a"	clothing	-3.431758	▁cl	['hat', '_', 'head', 'cl', 'category']	neg	aff
"Complete the sentence below with only one category word.\nSentence: ""A chairman is a ___."" Completed sentence: A chairman is a"	human	-4.7307587	▁human	['leader', '_', 'person', 'chair', 'chairman']	aff	aff
"Complete the sentence below with only one category word.\nSentence: ""A chairman is a ___."" Completed sentence: A chairman is a"	machine	-6.462201	▁	['leader', '_', 'person', 'chair', 'chairman']	aff	neg
"Complete the sentence below with only one category word.\nSentence: ""A chairman is not a ___."" Completed sentence: A chairman is not a"	machine	-6.586812	▁	['manager', '_', 'b', 'leader', 'person']	neg	neg
"Complete the sentence below with only one category word.\nSentence: ""A chairman is not a ___."" Completed sentence: A chairman is not a"	human	-4.525384	▁human	['manager', '_', 'b', 'leader', 'person']	neg	aff
"Complete the sentence below with only one category word.\nSentence: ""A court is a ___."" Completed sentence: A court is a"	room	-3.965579	▁room	['place', 'building', '_', 'legal', 'government']	aff	aff
"Complete the sentence below with only one category word.\nSentence: ""A court is a ___."" Completed sentence: A court is a"	tree	-6.3819027	▁	['place', 'building', '_', 'legal', 'government']	aff	neg
"Complete the sentence below with only one category word.\nSentence: ""A court is not a ___."" Completed sentence: A court is not a"	tree	-6.170521	▁	['place', '_', 'j', 'judge', 'court']	neg	neg
"Complete the sentence below with only one category word.\nSentence: ""A court is not a ___."" Completed sentence: A court is not a"	room	-5.4298725	▁room	['place', '_', 'j', 'judge', 'court']	neg	aff
"Complete the sentence below with only one category word.\nSentence: ""A court is a ___."" Completed sentence: A court is a"	building	-2.0297728	▁building	['place', 'building', '_', 'legal', 'government']	aff	aff
"Complete the sentence below with only one category word.\nSentence: ""A court is a ___."" Completed sentence: A court is a"	plant	-6.3819027	▁	['place', 'building', '_', 'legal', 'government']	aff	neg
"Complete the sentence below with only one category word.\nSentence: ""A cout is not a ___."" Completed sentence: A cout is not a"	plant	-6.3183517	▁	['_', 'dress', 'cl', 'gar', 'suit']	neg	neg
"Complete the sentence below with only one category word.\nSentence: ""A cout is not a ___."" Completed sentence: A cout is not a"	building	-6.3183517	▁	['_', 'dress', 'cl', 'gar', 'suit']	neg	aff
"Complete the sentence below with only one category word.\nSentence: ""A painting is a ___."" Completed sentence: A painting is a"	drawing	-4.589405	▁drawing	['work', '_', 'piece', 'picture', 'category']	aff	aff
"Complete the sentence below with only one category word.\nSentence: ""A painting is a ___."" Completed sentence: A painting is a"	sculpture	-5.1103907	▁	['work', '_', 'piece', 'picture', 'category']	aff	neg
"Complete the sentence below with only one category word.\nSentence: ""A painting is not a ___."" Completed sentence: A painting is not a"	sculpture	-4.67984	▁sculpt	['_', 'work', 'piece', 'category', 'picture']	neg	neg
"Complete the sentence below with only one category word.\nSentence: ""A painting is not a ___."" Completed sentence: A painting is not a"	drawing	-4.411666	▁drawing	['_', 'work', 'piece', 'category', 'picture']	neg	aff
"Complete the sentence below with only one category word.\nSentence: ""A guppy is a ___."" Completed sentence: A guppy is a"	fish	-0.76117134	▁fish	['fish', 'pet', '_', 'cat', 'm']	aff	aff
"Complete the sentence below with only one category word.\nSentence: ""A guppy is a ___."" Completed sentence: A guppy is a"	reptile	-4.9162426	▁re	['fish', 'pet', '_', 'cat', 'm']	aff	neg
"Complete the sentence below with only one category word.\nSentence: ""A guppy is not a ___."" Completed sentence: A guppy is not a"	reptile	-4.0237293	▁re	['fish', 'pet', '_', 'm', 'cat']	neg	neg
"Complete the sentence below with only one category word.\nSentence: ""A guppy is not a ___."" Completed sentence: A guppy is not a"	fish	-1.2205515	▁fish	['fish', 'pet', '_', 'm', 'cat']	neg	aff
"Complete the sentence below with only one category word.\nSentence: ""A ginger is a ___."" Completed sentence: A ginger is a"	plant	-3.952979	▁plant	['cat', '_', 'veget', 'fruit', 'person']	aff	aff
"Complete the sentence below with only one category word.\nSentence: ""A ginger is a ___."" Completed sentence: A ginger is a"	flavor	-5.2122574	▁F	['cat', '_', 'veget', 'fruit', 'person']	aff	neg
"Complete the sentence below with only one category word.\nSentence: ""A ginger is not a ___."" Completed sentence: A ginger is not a"	flavor	-5.7456055	▁F	['cat', 'veget', '_', 'fruit', 'dog']	neg	neg
"Complete the sentence below with only one category word.\nSentence: ""A ginger is not a ___."" Completed sentence: A ginger is not a"	plant	-4.6467323	▁plant	['cat', 'veget', '_', 'fruit', 'dog']	neg	aff
"Complete the sentence below with only one category word.\nSentence: ""A goat is an ___."" Completed sentence: A goat is an"	animal	-0.57893944	▁animal	['animal', '_', 'm', 'her', 'quad']	aff	aff
"Complete the sentence below with only one category word.\nSentence: ""A goat is a ___."" Completed sentence: A goat is a"	person	-5.574892	▁	['m', 'quad', '_', 'farm', 'animal']	aff	neg
"Complete the sentence below with only one category word.\nSentence: ""A goat is not a ___."" Completed sentence: A goat is not a"	person	-5.8475513	▁person	['cat', '_', 'm', 'pet', 'animal']	neg	neg
"Complete the sentence below with only one category word.\nSentence: ""A goat is not an ___."" Completed sentence: A goat is not an"	animal	-0.41263008	▁animal	['animal', '_', 'm', 'object', 'ele']	neg	aff
"Complete the sentence below with only one category word.\nSentence: ""A submarine is a ___."" Completed sentence: A submarine is a"	vehicle	-2.361414	▁vehicle	['_', 'boat', 'vehicle', 'vessel', 'water']	aff	aff
"Complete the sentence below with only one category word.\nSentence: ""A submarine is a ___."" Completed sentence: A submarine is a"	fish	-6.2133074	▁	['_', 'boat', 'vehicle', 'vessel', 'water']	aff	neg
"Complete the sentence below with only one category word.\nSentence: ""A submarine is not a ___."" Completed sentence: A submarine is not a"	fish	-4.518571	▁fish	['boat', 'vehicle', '_', 'ship', 'water']	neg	neg
"Complete the sentence below with only one category word.\nSentence: ""A submarine is not a ___."" Completed sentence: A submarine is not a"	vehicle	-2.2988796	▁vehicle	['boat', 'vehicle', '_', 'ship', 'water']	neg	aff
"Complete the sentence below with only one category word.\nSentence: ""A gift is a ___."" Completed sentence: A gift is a"	present	-1.3455191	▁present	['present', '_', 'gift', 'thing', '(']	aff	aff
"Complete the sentence below with only one category word.\nSentence: ""A gift is a ___."" Completed sentence: A gift is a"	feeling	-6.0390177	▁	['present', '_', 'gift', 'thing', '(']	aff	neg
"Complete the sentence below with only one category word.\nSentence: ""A gift is not a ___."" Completed sentence: A gift is not a"	feeling	-6.1785116	▁	['present', '_', 'gift', 'possession', 'thing']	neg	neg
"Complete the sentence below with only one category word.\nSentence: ""A gift is not a ___."" Completed sentence: A gift is not a"	present	-1.5915422	▁present	['present', '_', 'gift', 'possession', 'thing']	neg	aff
"Complete the sentence below with only one category word.\nSentence: ""A degree is a ___."" Completed sentence: A degree is a"	document	-5.0322256	▁document	['degree', '_', 'qual', 'certificate', 'title']	aff	aff
"Complete the sentence below with only one category word.\nSentence: ""A degree is a ___."" Completed sentence: A degree is a"	person	-5.964922	▁	['degree', '_', 'qual', 'certificate', 'title']	aff	neg
"Complete the sentence below with only one category word.\nSentence: ""A degree is not a ___."" Completed sentence: A degree is not a"	person	-6.0371704	▁	['degree', '_', 'guarantee', 'job', 'career']	neg	neg
"Complete the sentence below with only one category word.\nSentence: ""A degree is not a ___."" Completed sentence: A degree is not a"	document	-6.0371704	▁	['degree', '_', 'guarantee', 'job', 'career']	neg	aff
"Complete the sentence below with only one category word.\nSentence: ""A swimming is a ___."" Completed sentence: A swimming is a"	sport	-1.1163883	▁sport	['sport', 'water', '_', 'recre', 'sw']	aff	aff
"Complete the sentence below with only one category word.\nSentence: ""A swimming is a ___."" Completed sentence: A swimming is a"	vegetable	-7.1244445	▁	['sport', 'water', '_', 'recre', 'sw']	aff	neg
"Complete the sentence below with only one category word.\nSentence: ""A swimming is not a ___."" Completed sentence: A swimming is not a"	vegetable	-6.627039	▁veget	['sport', '_', 'h', 'verb', 'sw']	neg	neg
"Complete the sentence below with only one category word.\nSentence: ""A swimming is not a ___."" Completed sentence: A swimming is not a"	sport	-1.4181337	▁sport	['sport', '_', 'h', 'verb', 'sw']	neg	aff
"Complete the sentence below with only one category word.\nSentence: ""A basket is a ___."" Completed sentence: A basket is a"	container	-0.8937416	▁container	['container', '_', 'basket', 'category', 'box']	aff	aff
"Complete the sentence below with only one category word.\nSentence: ""A basket is a ___."" Completed sentence: A basket is a"	material	-6.3863754	▁	['container', '_', 'basket', 'category', 'box']	aff	neg
"Complete the sentence below with only one category word.\nSentence: ""A basket is not a ___."" Completed sentence: A basket is not a"	material	-6.036666	▁	['_', 'container', 'basket', 'category', 'box']	neg	neg
"Complete the sentence below with only one category word.\nSentence: ""A basket is not a ___."" Completed sentence: A basket is not a"	container	-2.741291	▁container	['_', 'container', 'basket', 'category', 'box']	neg	aff
"Complete the sentence below with only one category word.\nSentence: ""A television is an ___."" Completed sentence: A television is an"	electronics	-3.3441515	▁electron	['electronic', 'app', '_', 'entertain', 'elect']	aff	aff
"Complete the sentence below with only one category word.\nSentence: ""A television is a ___."" Completed sentence: A television is a"	plant	-5.5888166	▁	['_', 'household', 'device', 'electronic', 'piece']	aff	neg
"Complete the sentence below with only one category word.\nSentence: ""A television is not a ___."" Completed sentence: A television is not a"	plant	-5.7122135	▁	['_', 'device', 'furn', 'computer', 'category']	neg	neg
"Complete the sentence below with only one category word.\nSentence: ""A television is not an ___."" Completed sentence: A television is not an"	electronics	-4.037385	▁electron	['app', 'electronic', '_', 'entertain', 'instrument']	neg	aff
"Complete the sentence below with only one category word.\nSentence: ""A butterfly is an ___."" Completed sentence: A butterfly is an"	insect	-0.51833725	▁insect	['insect', '_', 'animal', 'in', 'IN']	aff	aff
"Complete the sentence below with only one category word.\nSentence: ""A butterfly is a ___."" Completed sentence: A butterfly is a"	mammal	-5.3827095	▁m	['insect', '_', 'bug', 'flying', 'animal']	aff	neg
"Complete the sentence below with only one category word.\nSentence: ""A butterfly is not a ___."" Completed sentence: A butterfly is not a"	mammal	-3.9133997	▁m	['insect', '_', 'bird', 'bug', 'animal']	neg	neg
"Complete the sentence below with only one category word.\nSentence: ""A butterfly is not an ___."" Completed sentence: A butterfly is not an"	insect	-0.6561451	▁insect	['insect', 'animal', '_', 'in', 'In']	neg	aff
"Complete the sentence below with only one category word.\nSentence: ""A pill is a ___."" Completed sentence: A pill is a"	drug	-2.341608	▁drug	['medicine', '_', 'drug', 'pill', 'medic']	aff	aff
"Complete the sentence below with only one category word.\nSentence: ""A pill is a ___."" Completed sentence: A pill is a"	food	-4.1600485	▁food	['medicine', '_', 'drug', 'pill', 'medic']	aff	neg
"Complete the sentence below with only one category word.\nSentence: ""A pill is not a ___."" Completed sentence: A pill is not a"	food	-3.2153254	▁food	['medicine', '_', 'drug', 'pill', 'c']	neg	neg
"Complete the sentence below with only one category word.\nSentence: ""A pill is not a ___."" Completed sentence: A pill is not a"	drug	-2.7979383	▁drug	['medicine', '_', 'drug', 'pill', 'c']	neg	aff
"Complete the sentence below with only one category word.\nSentence: ""A limousine is a ___."" Completed sentence: A limousine is a"	vehicle	-1.8649426	▁vehicle	['vehicle', 'car', '_', 'lux', 'transport']	aff	aff
"Complete the sentence below with only one category word.\nSentence: ""A limousine is a ___."" Completed sentence: A limousine is a"	flower	-5.6219797	▁	['vehicle', 'car', '_', 'lux', 'transport']	aff	neg
"Complete the sentence below with only one category word.\nSentence: ""A limousine is not a ___."" Completed sentence: A limousine is not a"	flower	-5.656268	▁	['car', 'vehicle', '_', 'tax', 'transport']	neg	neg
"Complete the sentence below with only one category word.\nSentence: ""A limousine is not a ___."" Completed sentence: A limousine is not a"	vehicle	-2.0166197	▁vehicle	['car', 'vehicle', '_', 'tax', 'transport']	neg	aff
"Complete the sentence below with only one category word.\nSentence: ""A turkey is an ___."" Completed sentence: A turkey is an"	animal	-1.5859566	▁animal	['_', 'animal', 'bird', 'av', 'f']	aff	aff
"Complete the sentence below with only one category word.\nSentence: ""A turkey is a ___."" Completed sentence: A turkey is a"	plant	-6.4296875	▁	['bird', '_', 'f', 'farm', 'animal']	aff	neg
"Complete the sentence below with only one category word.\nSentence: ""A turkey is not a ___."" Completed sentence: A turkey is not a"	plant	-6.393197	▁	['bird', '_', 'm', 'pet', 'f']	neg	neg
"Complete the sentence below with only one category word.\nSentence: ""A turkey is not an ___."" Completed sentence: A turkey is not an"	animal	-0.82197094	▁animal	['animal', '_', 'bird', 'app', 'av']	neg	aff
"Complete the sentence below with only one category word.\nSentence: ""A kangaroo is an ___."" Completed sentence: A kangaroo is an"	animal	-1.2207174	▁animal	['animal', '_', 'm', 'mars', '__']	aff	aff
"Complete the sentence below with only one category word.\nSentence: ""A kangaroo is a ___."" Completed sentence: A kangaroo is a"	person	-6.154522	▁	['m', '_', 'mars', 'animal', 'M']	aff	neg
"Complete the sentence below with only one category word.\nSentence: ""A kangaroo is not a ___."" Completed sentence: A kangaroo is not a"	person	-6.180337	▁	['m', '_', 'cat', 'bird', 'animal']	neg	neg
"Complete the sentence below with only one category word.\nSentence: ""A kangaroo is not an ___."" Completed sentence: A kangaroo is not an"	animal	-0.8185377	▁animal	['animal', '_', 'm', 'am', '__']	neg	aff
"Complete the sentence below with only one category word.\nSentence: ""A violine is an ___."" Completed sentence: A violine is an"	instrument	-0.39269447	▁instrument	['instrument', '_', 'string', 'Inst', 'musical']	aff	aff
"Complete the sentence below with only one category word.\nSentence: ""A violine is a ___."" Completed sentence: A violine is a"	person	-6.165744	▁	['string', 'musical', '_', 'instrument', 'wood']	aff	neg
"Complete the sentence below with only one category word.\nSentence: ""A violin is not a ___."" Completed sentence: A violin is not a"	person	-6.0447073	▁	['musical', '_', 'tool', 'instrument', 'string']	neg	neg
"Complete the sentence below with only one category word.\nSentence: ""A violin is not an ___."" Completed sentence: A violin is not an"	instrument	-0.5267086	▁instrument	['instrument', '_', 'Inst', 'object', 'musical']	neg	aff
"Complete the sentence below with only one category word.\nSentence: ""A rug is a ___."" Completed sentence: A rug is a"	covering	-6.1268926	▁	['floor', 'furn', '_', 'car', 'piece']	aff	aff
"Complete the sentence below with only one category word.\nSentence: ""A rug is a ___."" Completed sentence: A rug is a"	vegetable	-6.1268926	▁	['floor', 'furn', '_', 'car', 'piece']	aff	neg
"Complete the sentence below with only one category word.\nSentence: ""A rug is not a ___."" Completed sentence: A rug is not a"	vegetable	-6.2592278	▁	['furn', '_', 'floor', 'piece', 'rug']	neg	neg
"Complete the sentence below with only one category word.\nSentence: ""A rug is not a ___."" Completed sentence: A rug is not a"	covering	-6.2592278	▁	['furn', '_', 'floor', 'piece', 'rug']	neg	aff
"Complete the sentence below with only one category word.\nSentence: ""A parent is a ___."" Completed sentence: A parent is a"	guardian	-3.5346384	▁guard	['_', 'person', 'role', 'parent', 'teacher']	aff	aff
"Complete the sentence below with only one category word.\nSentence: ""A parent is a ___."" Completed sentence: A parent is a"	child	-5.579405	▁child	['_', 'person', 'role', 'parent', 'teacher']	aff	neg
"Complete the sentence below with only one category word.\nSentence: ""A parent is not a ___."" Completed sentence: A parent is not a"	child	-4.623351	▁child	['friend', '_', 'teacher', 'person', 'parent']	neg	neg
"Complete the sentence below with only one category word.\nSentence: ""A parent is not a ___."" Completed sentence: A parent is not a"	guardian	-4.426448	▁guard	['friend', '_', 'teacher', 'person', 'parent']	neg	aff
"Complete the sentence below with only one category word.\nSentence: ""A student is a ___."" Completed sentence: A student is a"	pupil	-5.190937	▁pup	['lear', 'person', 'student', '_', 'human']	aff	aff
"Complete the sentence below with only one category word.\nSentence: ""A student is a ___."" Completed sentence: A student is a"	child	-4.645439	▁child	['lear', 'person', 'student', '_', 'human']	aff	neg
"Complete the sentence below with only one category word.\nSentence: ""A student is not a ___."" Completed sentence: A student is not a"	child	-4.691922	▁child	['student', '_', 'teacher', 'person', 'lear']	neg	neg
"Complete the sentence below with only one category word.\nSentence: ""A student is not a ___."" Completed sentence: A student is not a"	pupil	-5.8823376	▁	['student', '_', 'teacher', 'person', 'lear']	neg	aff
"Complete the sentence below with only one category word.\nSentence: ""A bathroom is a ___."" Completed sentence: A bathroom is a"	room	-1.2844648	▁room	['room', 'place', '_', 'public', 'private']	aff	aff
"Complete the sentence below with only one category word.\nSentence: ""A bathroom is a ___."" Completed sentence: A bathroom is a"	house	-5.303787	▁house	['room', 'place', '_', 'public', 'private']	aff	neg
"Complete the sentence below with only one category word.\nSentence: ""A bathroom is not a ___."" Completed sentence: A bathroom is not a"	house	-5.0274477	▁house	['room', '_', 'place', 'public', 'bath']	neg	neg
"Complete the sentence below with only one category word.\nSentence: ""A bathroom is not a ___."" Completed sentence: A bathroom is not a"	room	-2.0156336	▁room	['room', '_', 'place', 'public', 'bath']	neg	aff
"Complete the sentence below with only one category word.\nSentence: ""A cloud is an ___."" Completed sentence: A cloud is an"	atmospheric	-3.7211752	▁atmos	['object', '_', 'atmosphere', 'atmos', 'item']	aff	aff
"Complete the sentence below with only one category word.\nSentence: ""A cloud is a ___."" Completed sentence: A cloud is a"	star	-5.934022	▁	['_', 'cloud', 'water', 'natural', 'category']	aff	neg
"Complete the sentence below with only one category word.\nSentence: ""A cloud is not a ___."" Completed sentence: A cloud is not a"	star	-5.807023	▁	['_', 'bird', 'category', 'cloud', 'n']	neg	neg
"Complete the sentence below with only one category word.\nSentence: ""A cloud is not an ___."" Completed sentence: A cloud is not an"	atmospheric	-5.664835	▁	['object', 'animal', '_', 'air', 'item']	neg	aff
"Complete the sentence below with only one category word.\nSentence: ""A song is a ___."" Completed sentence: A song is a"	music	-3.4038467	▁music	['_', 'poem', 'piece', 'musical', 'music']	aff	aff
"Complete the sentence below with only one category word.\nSentence: ""A song is a ___."" Completed sentence: A song is a"	noise	-5.9863033	▁	['_', 'poem', 'piece', 'musical', 'music']	aff	neg
"Complete the sentence below with only one category word.\nSentence: ""A song is not a ___."" Completed sentence: A song is not a"	noise	-5.99654	▁	['_', 'poem', 'category', 'song', 'genre']	neg	neg
"Complete the sentence below with only one category word.\nSentence: ""A song is not a ___."" Completed sentence: A song is not a"	music	-4.0342426	▁music	['_', 'poem', 'category', 'song', 'genre']	neg	aff
"Complete the sentence below with only one category word.\nSentence: ""A fly is an ___."" Completed sentence: A fly is an"	insect	-0.5452366	▁insect	['insect', 'animal', '_', 'in', 'In']	aff	aff
"Complete the sentence below with only one category word.\nSentence: ""A fly is a ___."" Completed sentence: A fly is a"	tool	-5.532626	▁	['insect', '_', 'bug', 'animal', 'fly']	aff	neg
"Complete the sentence below with only one category word.\nSentence: ""A fly is not a ___."" Completed sentence: A fly is not a"	tool	-6.0653048	▁	['bird', '_', 'bug', 'animal', 'insect']	neg	neg
"Complete the sentence below with only one category word.\nSentence: ""A fly is not an ___."" Completed sentence: A fly is not an"	insect	-1.0832481	▁insect	['animal', 'insect', '_', 'in', 'object']	neg	aff
"Complete the sentence below with only one category word.\nSentence: ""A worm is an ___."" Completed sentence: A worm is an"	invertebrate	-1.5242138	▁in	['animal', 'in', 'insect', '_', 'In']	aff	aff
"Complete the sentence below with only one category word.\nSentence: ""A worm is a ___."" Completed sentence: A worm is a"	vertebrate	-3.4807968	▁verte	['_', 'animal', 'in', 'insect', 'verte']	aff	neg
"Complete the sentence below with only one category word.\nSentence: ""A worm is not a ___."" Completed sentence: A worm is not a"	vertebrate	-3.8377247	▁verte	['_', 'bug', 'animal', 'pet', 'm']	neg	neg
"Complete the sentence below with only one category word.\nSentence: ""A worm is not an ___."" Completed sentence: A worm is not an"	invertebrate	-2.8991404	▁in	['animal', 'insect', '_', 'in', 'organ']	neg	aff
"Complete the sentence below with only one category word.\nSentence: ""A mother is a ___."" Completed sentence: A mother is a"	person	-2.704669	▁person	['_', 'person', 'woman', 'friend', 'gift']	aff	aff
"Complete the sentence below with only one category word.\nSentence: ""A mother is a ___."" Completed sentence: A mother is a"	computer	-5.7177076	▁	['_', 'person', 'woman', 'friend', 'gift']	aff	neg
"Complete the sentence below with only one category word.\nSentence: ""A mother is not a ___."" Completed sentence: A mother is not a"	computer	-5.9918623	▁	['_', 'friend', 'person', 'human', 'parent']	neg	neg
"Complete the sentence below with only one category word.\nSentence: ""A mother is not a ___."" Completed sentence: A mother is not a"	person	-2.855423	▁person	['_', 'friend', 'person', 'human', 'parent']	neg	aff
"Complete the sentence below with only one category word.\nSentence: ""A sibling is a ___."" Completed sentence: A sibling is a"	family	-2.7533035	▁family	['_', 'relative', 'brother', 'friend', 'family']	aff	aff
"Complete the sentence below with only one category word.\nSentence: ""A sibling is a ___."" Completed sentence: A sibling is a"	machine	-5.509083	▁	['_', 'relative', 'brother', 'friend', 'family']	aff	neg
"Complete the sentence below with only one category word.\nSentence: ""A sibling is not a ___."" Completed sentence: A sibling is not a"	machine	-5.9120483	▁	['friend', '_', 'relative', 'brother', 'parent']	neg	neg
"Complete the sentence below with only one category word.\nSentence: ""A sibling is not a ___."" Completed sentence: A sibling is not a"	family	-3.6552591	▁family	['friend', '_', 'relative', 'brother', 'parent']	neg	aff
"Complete the sentence below with only one category word.\nSentence: ""A vacation is a ___."" Completed sentence: A vacation is a"	trip	-2.630786	▁trip	['_', 'trip', 'relax', 'hol', 'rest']	aff	aff
"Complete the sentence below with only one category word.\nSentence: ""A vacation is a ___."" Completed sentence: A vacation is a"	time	-3.6916265	▁time	['_', 'trip', 'relax', 'hol', 'rest']	aff	neg
"Complete the sentence below with only one category word.\nSentence: ""A vacation is not a ___."" Completed sentence: A vacation is not a"	time	-4.740986	▁time	['_', 'vac', 'hol', 'lux', 'trip']	neg	neg
"Complete the sentence below with only one category word.\nSentence: ""A vacation is not a ___."" Completed sentence: A vacation is not a"	trip	-3.4814177	▁trip	['_', 'vac', 'hol', 'lux', 'trip']	neg	aff
"Complete the sentence below with only one category word.\nSentence: ""A fireplace is a ___."" Completed sentence: A fireplace is a"	structure	-4.317092	▁structure	['_', 'furn', 'hear', 'place', 'he']	aff	aff
"Complete the sentence below with only one category word.\nSentence: ""A fireplace is a ___."" Completed sentence: A fireplace is a"	creature	-6.488108	▁	['_', 'furn', 'hear', 'place', 'he']	aff	neg
"Complete the sentence below with only one category word.\nSentence: ""A fireplace is not a ___."" Completed sentence: A fireplace is not a"	creature	-6.266018	▁	['furn', '_', 'place', 'he', 'room']	neg	neg
"Complete the sentence below with only one category word.\nSentence: ""A fireplace is not a ___."" Completed sentence: A fireplace is not a"	structure	-5.762415	▁structure	['furn', '_', 'place', 'he', 'room']	neg	aff
"Complete the sentence below with only one category word.\nSentence: ""A basenji is a ___."" Completed sentence: A basenji is a"	dog	-1.4255266	▁dog	['dog', '_', 'hunting', 'cat', 'bre']	aff	aff
"Complete the sentence below with only one category word.\nSentence: ""A basenji is a ___."" Completed sentence: A basenji is a"	cat	-3.5379848	▁cat	['dog', '_', 'hunting', 'cat', 'bre']	aff	neg
"Complete the sentence below with only one category word.\nSentence: ""A basenji is not a ___."" Completed sentence: A basenji is not a"	cat	-1.8611355	▁cat	['dog', 'cat', '_', 'm', 'can']	neg	neg
"Complete the sentence below with only one category word.\nSentence: ""A basenji is not a ___."" Completed sentence: A basenji is not a"	dog	-1.3148117	▁dog	['dog', 'cat', '_', 'm', 'can']	neg	aff
"Complete the sentence below with only one category word.\nSentence: ""A chihuahua is a ___."" Completed sentence: A chihuahua is a"	dog	-0.89911747	▁dog	['dog', '_', 'm', 'cat', 'small']	aff	aff
"Complete the sentence below with only one category word.\nSentence: ""A chihuahua is a ___."" Completed sentence: A chihuahua is a"	reptile	-5.9010754	▁	['dog', '_', 'm', 'cat', 'small']	aff	neg
"Complete the sentence below with only one category word.\nSentence: ""A chihuahua is not a ___."" Completed sentence: A chihuahua is not a"	reptile	-6.397909	▁	['dog', 'cat', '_', 'pet', 'm']	neg	neg
"Complete the sentence below with only one category word.\nSentence: ""A chihuahua is not a ___."" Completed sentence: A chihuahua is not a"	dog	-1.3261137	▁dog	['dog', 'cat', '_', 'pet', 'm']	neg	aff
"Complete the sentence below with only one category word.\nSentence: ""A dalmatian is a ___."" Completed sentence: A dalmatian is a"	dog	-0.77766514	▁dog	['dog', '_', 'cat', 'm', 'pet']	aff	aff
"Complete the sentence below with only one category word.\nSentence: ""A dalmatian is a ___."" Completed sentence: A dalmatian is a"	horse	-5.6021585	▁horse	['dog', '_', 'cat', 'm', 'pet']	aff	neg
"Complete the sentence below with only one category word.\nSentence: ""A dalmatian is not a ___."" Completed sentence: A dalmatian is not a"	horse	-4.539916	▁horse	['dog', 'cat', '_', 'm', 'pet']	neg	neg
"Complete the sentence below with only one category word.\nSentence: ""A dalmatian is not a ___."" Completed sentence: A dalmatian is not a"	dog	-1.3187819	▁dog	['dog', 'cat', '_', 'm', 'pet']	neg	aff
"Complete the sentence below with only one category word.\nSentence: ""A labrador is a ___."" Completed sentence: A labrador is a"	dog	-0.91468143	▁dog	['dog', '_', 'pet', 'm', 'cat']	aff	aff
"Complete the sentence below with only one category word.\nSentence: ""A labrador is a ___."" Completed sentence: A labrador is a"	bird	-6.005805	▁bird	['dog', '_', 'pet', 'm', 'cat']	aff	neg
"Complete the sentence below with only one category word.\nSentence: ""A labrador is not a ___."" Completed sentence: A labrador is not a"	bird	-3.944601	▁bird	['cat', 'dog', '_', 'm', 'pet']	neg	neg
"Complete the sentence below with only one category word.\nSentence: ""A labrador is not a ___."" Completed sentence: A labrador is not a"	dog	-1.6977425	▁dog	['cat', 'dog', '_', 'm', 'pet']	neg	aff
"Complete the sentence below with only one category word.\nSentence: ""A crocus is a ___."" Completed sentence: A crocus is a"	flower	-0.8917208	▁flower	['flower', '_', 'plant', 'bul', 'flow']	aff	aff
"Complete the sentence below with only one category word.\nSentence: ""A crocus is a ___."" Completed sentence: A crocus is a"	bird	-5.7631507	▁	['flower', '_', 'plant', 'bul', 'flow']	aff	neg
"Complete the sentence below with only one category word.\nSentence: ""A crocus is not a ___."" Completed sentence: A crocus is not a"	bird	-4.691348	▁bird	['flower', 'plant', '_', 'veget', 'bul']	neg	neg
"Complete the sentence below with only one category word.\nSentence: ""A crocus is not a ___."" Completed sentence: A crocus is not a"	flower	-1.1880541	▁flower	['flower', 'plant', '_', 'veget', 'bul']	neg	aff
"Complete the sentence below with only one category word.\nSentence: ""A raddish is a ___."" Completed sentence: A raddish is a"	vegetable	-0.7488785	▁veget	['veget', 'fruit', 'root', '_', 'food']	aff	aff
"Complete the sentence below with only one category word.\nSentence: ""A raddish is a ___."" Completed sentence: A raddish is a"	flower	-4.6444683	▁F	['veget', 'fruit', 'root', '_', 'food']	aff	neg
"Complete the sentence below with only one category word.\nSentence: ""A raddish is not a ___."" Completed sentence: A raddish is not a"	flower	-4.8288155	▁F	['veget', 'fruit', '_', 'food', 'f']	neg	neg
"Complete the sentence below with only one category word.\nSentence: ""A raddish is not a ___."" Completed sentence: A raddish is not a"	vegetable	-0.9790859	▁veget	['veget', 'fruit', '_', 'food', 'f']	neg	aff
"Complete the sentence below with only one category word.\nSentence: ""A delphinium is a ___."" Completed sentence: A delphinium is a"	flower	-1.5119467	▁flower	['flower', '_', 'plant', 'per', 'flow']	aff	aff
"Complete the sentence below with only one category word.\nSentence: ""A delphinium is an ___."" Completed sentence: A delphinium is an"	insect	-5.318508	▁	['_', 'flower', 'her', 'plant', 'annual']	aff	neg
"Complete the sentence below with only one category word.\nSentence: ""A delphinium is not an ___."" Completed sentence: A delphinium is not an"	insect	-3.6865292	▁insect	['animal', '_', 'flower', 'her', 'aqu']	neg	neg
"Complete the sentence below with only one category word.\nSentence: ""A delphinium is not a ___."" Completed sentence: A delphinium is not a"	flower	-1.8102732	▁flower	['flower', 'plant', '_', 'veget', 'da']	neg	aff
"Complete the sentence below with only one category word.\nSentence: ""A chisel is a ___."" Completed sentence: A chisel is a"	tool	-0.8437042	▁tool	['tool', '_', 'cutting', 'hand', 'wood']	aff	aff
"Complete the sentence below with only one category word.\nSentence: ""A chisel is an ___."" Completed sentence: A chisel is an"	insect	-5.653245	▁	['_', 'tool', 'instrument', 'implement', '__']	aff	neg
"Complete the sentence below with only one category word.\nSentence: ""A chisel is not an ___."" Completed sentence: A chisel is not an"	insect	-5.8246717	▁	['instrument', '_', 'implement', 'tool', 'object']	neg	neg
"Complete the sentence below with only one category word.\nSentence: ""A chisel is not a ___."" Completed sentence: A chisel is not a"	tool	-1.0539036	▁tool	['tool', '_', 'ham', 'hand', 'n']	neg	aff
"Complete the sentence below with only one category word.\nSentence: ""A money is a ___."" Completed sentence: A money is a"	currency	-1.9708567	▁currency	['_', 'currency', 'category', 'comm', 'good']	aff	aff
"Complete the sentence below with only one category word.\nSentence: ""A money is a ___."" Completed sentence: A money is a"	tool	-4.6356955	▁tool	['_', 'currency', 'category', 'comm', 'good']	aff	neg
"Complete the sentence below with only one category word.\nSentence: ""A money is not a ___."" Completed sentence: A money is not a"	tool	-4.694663	▁tool	['_', 'good', 'currency', 'category', 'resource']	neg	neg
"Complete the sentence below with only one category word.\nSentence: ""A money is not a ___."" Completed sentence: A money is not a"	currency	-3.2200165	▁currency	['_', 'good', 'currency', 'category', 'resource']	neg	aff
"Complete the sentence below with only one category word.\nSentence: ""A boulder is a ___."" Completed sentence: A boulder is a"	rock	-0.99551105	▁rock	"['rock', '_', 'stone', 'natural', '""']"	aff	aff
"Complete the sentence below with only one category word.\nSentence: ""A boulder is a ___."" Completed sentence: A boulder is a"	mammal	-5.9048567	▁	"['rock', '_', 'stone', 'natural', '""']"	aff	neg
"Complete the sentence below with only one category word.\nSentence: ""A boulder is not a ___."" Completed sentence: A boulder is not a"	mammal	-5.84011	▁m	['rock', '_', 'stone', 'category', 'n']	neg	neg
"Complete the sentence below with only one category word.\nSentence: ""A boulder is not a ___."" Completed sentence: A boulder is not a"	rock	-1.6660013	▁rock	['rock', '_', 'stone', 'category', 'n']	neg	aff
"Complete the sentence below with only one category word.\nSentence: ""A classroom is a ___."" Completed sentence: A classroom is a"	room	-3.024559	▁room	['place', 'learning', '_', 'room', 'space']	aff	aff
"Complete the sentence below with only one category word.\nSentence: ""A classroom is a ___."" Completed sentence: A classroom is a"	tree	-6.6178064	▁	['place', 'learning', '_', 'room', 'space']	aff	neg
"Complete the sentence below with only one category word.\nSentence: ""A classroom is not a ___."" Completed sentence: A classroom is not a"	tree	-6.6773376	▁	['place', '_', 'class', 'play', 'safe']	neg	neg
"Complete the sentence below with only one category word.\nSentence: ""A classroom is not a ___."" Completed sentence: A classroom is not a"	room	-4.244624	▁room	['place', '_', 'class', 'play', 'safe']	neg	aff
"Complete the sentence below with only one category word.\nSentence: ""A park is a ___."" Completed sentence: A park is a"	place	-1.7250805	▁place	['place', 'public', '_', 'recre', 'natural']	aff	aff
"Complete the sentence below with only one category word.\nSentence: ""A park is an ___."" Completed sentence: A park is an"	insect	-5.5738955	▁	['_', 'out', 'open', 'area', 'environment']	aff	neg
"Complete the sentence below with only one category word.\nSentence: ""A park is not an ___."" Completed sentence: A park is not an"	insect	-5.460539	▁	['_', 'entertain', 'object', 'office', 'animal']	neg	neg
"Complete the sentence below with only one category word.\nSentence: ""A park is not a ___."" Completed sentence: A park is not a"	place	-2.1855316	▁place	['place', '_', 'park', 'public', 'play']	neg	aff
"Complete the sentence below with only one category word.\nSentence: ""A drink is a ___."" Completed sentence: A drink is a"	beverage	-1.4339571	▁be	['be', '_', 'drink', 'food', 'liquid']	aff	aff
"Complete the sentence below with only one category word.\nSentence: ""A drink is a ___."" Completed sentence: A drink is a"	pie	-6.072089	▁	['be', '_', 'drink', 'food', 'liquid']	aff	neg
"Complete the sentence below with only one category word.\nSentence: ""A drink is not a ___."" Completed sentence: A drink is not a"	pie	-6.0708437	▁	['food', '_', 'be', 'me', 'drink']	neg	neg
"Complete the sentence below with only one category word.\nSentence: ""A drink is not a ___."" Completed sentence: A drink is not a"	beverage	-2.8835526	▁be	['food', '_', 'be', 'me', 'drink']	neg	aff
"Complete the sentence below with only one category word.\nSentence: ""A dinosaur is a ___."" Completed sentence: A dinosaur is a"	reptile	-1.4391632	▁re	['re', '_', 'verte', 'm', 'animal']	aff	aff
"Complete the sentence below with only one category word.\nSentence: ""A dinosaur is a ___."" Completed sentence: A dinosaur is a"	mammal	-2.9417992	▁m	['re', '_', 'verte', 'm', 'animal']	aff	neg
"Complete the sentence below with only one category word.\nSentence: ""A dinosaur is not a ___."" Completed sentence: A dinosaur is not a"	mammal	-1.7295074	▁m	['m', 'bird', '_', 're', 'animal']	neg	neg
"Complete the sentence below with only one category word.\nSentence: ""A dinosaur is not a ___."" Completed sentence: A dinosaur is not a"	reptile	-2.8304195	▁re	['m', 'bird', '_', 're', 'animal']	neg	aff
"Complete the sentence below with only one category word.\nSentence: ""A gull is a ___."" Completed sentence: A gull is a"	bird	-0.6851444	▁bird	['bird', '_', 'se', 'water', 'flying']	aff	aff
"Complete the sentence below with only one category word.\nSentence: ""A gull is a ___."" Completed sentence: A gull is a"	mammal	-5.3198204	▁m	['bird', '_', 'se', 'water', 'flying']	aff	neg
"Complete the sentence below with only one category word.\nSentence: ""A gull is not a ___."" Completed sentence: A gull is not a"	mammal	-3.2405415	▁m	['bird', '_', 'm', 'pet', 'fish']	neg	neg
"Complete the sentence below with only one category word.\nSentence: ""A gull is not a ___."" Completed sentence: A gull is not a"	bird	-0.84159565	▁bird	['bird', '_', 'm', 'pet', 'fish']	neg	aff
"Complete the sentence below with only one category word.\nSentence: ""A liver is an ___."" Completed sentence: A liver is an"	organ	-0.32379723	▁organ	['organ', '_', 'internal', 'animal', '...']	aff	aff
"Complete the sentence below with only one category word.\nSentence: ""A liver is a ___."" Completed sentence: A liver is a"	glass	-5.985978	▁	['organ', '_', 'body', 'vital', 'human']	aff	neg
"Complete the sentence below with only one category word.\nSentence: ""A liver is not a ___."" Completed sentence: A liver is not a"	glass	-5.781785	▁	['_', 'organ', 'body', 'mus', 'fruit']	neg	neg
"Complete the sentence below with only one category word.\nSentence: ""A liver is not an ___."" Completed sentence: A liver is not an"	organ	-0.53908443	▁organ	['organ', 'animal', '_', 'internal', 'Organ']	neg	aff
"Complete the sentence below with only one category word.\nSentence: ""A coat is a ___."" Completed sentence: A coat is a"	garment	-1.4951096	▁gar	['gar', 'cl', '_', 'piece', 'cloth']	aff	aff
"Complete the sentence below with only one category word.\nSentence: ""A coat is a ___."" Completed sentence: A coat is a"	house	-6.160694	▁	['gar', 'cl', '_', 'piece', 'cloth']	aff	neg
"Complete the sentence below with only one category word.\nSentence: ""A coat is not a ___."" Completed sentence: A coat is not a"	house	-5.994157	▁	['gar', '_', 'cl', 'jack', 'dress']	neg	neg
"Complete the sentence below with only one category word.\nSentence: ""A coat is not a ___."" Completed sentence: A coat is not a"	garment	-2.2185574	▁gar	['gar', '_', 'cl', 'jack', 'dress']	neg	aff
"Complete the sentence below with only one category word.\nSentence: ""A bedroom is a ___."" Completed sentence: A bedroom is a"	room	-1.2434454	▁room	['room', '_', 'place', 'private', 'bed']	aff	aff
"Complete the sentence below with only one category word.\nSentence: ""A bedroom is a ___."" Completed sentence: A bedroom is a"	house	-5.0075293	▁house	['room', '_', 'place', 'private', 'bed']	aff	neg
"Complete the sentence below with only one category word.\nSentence: ""A bedroom is not a ___."" Completed sentence: A bedroom is not a"	house	-4.2749443	▁house	['room', '_', 'place', 'living', 'bed']	neg	neg
"Complete the sentence below with only one category word.\nSentence: ""A bedroom is not a ___."" Completed sentence: A bedroom is not a"	room	-1.8160934	▁room	['room', '_', 'place', 'living', 'bed']	neg	aff
"Complete the sentence below with only one category word.\nSentence: ""A garlic is a ___."" Completed sentence: A garlic is a"	vegetable	-1.3322382	▁veget	['veget', 'fruit', '_', 'food', 'plant']	aff	aff
"Complete the sentence below with only one category word.\nSentence: ""A garlic is a ___."" Completed sentence: A garlic is a"	fruit	-2.4329157	▁fruit	['veget', 'fruit', '_', 'food', 'plant']	aff	neg
"Complete the sentence below with only one category word.\nSentence: ""A garlic is not a ___."" Completed sentence: A garlic is not a"	fruit	-2.5562382	▁fruit	['veget', 'fruit', '_', 'food', 'cat']	neg	neg
"Complete the sentence below with only one category word.\nSentence: ""A garlic is not a ___."" Completed sentence: A garlic is not a"	vegetable	-2.0079489	▁veget	['veget', 'fruit', '_', 'food', 'cat']	neg	aff
"Complete the sentence below with only one category word.\nSentence: ""A wallet is an ___."" Completed sentence: A wallet is an"	accessory	-1.9624519	▁access	['_', 'access', 'item', 'object', 'electronic']	aff	aff
"Complete the sentence below with only one category word.\nSentence: ""A wallet is a ___."" Completed sentence: A wallet is a"	food	-5.7535324	▁	['_', 'pur', 'pocket', 'category', 'bag']	aff	neg
"Complete the sentence below with only one category word.\nSentence: ""A wallet is not a ___."" Completed sentence: A wallet is not a"	food	-6.0154896	▁	['_', 'pur', 'category', 'pocket', 'bag']	neg	neg
"Complete the sentence below with only one category word.\nSentence: ""A wallet is not an ___."" Completed sentence: A wallet is not an"	accessory	-2.030117	▁access	['access', 'object', '_', 'item', 'electronic']	neg	aff
"Complete the sentence below with only one category word.\nSentence: ""A race is a ___."" Completed sentence: A race is a"	competition	-1.1932974	▁competition	['competition', 'sport', '_', 'contest', 'race']	aff	aff
"Complete the sentence below with only one category word.\nSentence: ""A race is a ___."" Completed sentence: A race is a"	party	-6.5287747	▁	['competition', 'sport', '_', 'contest', 'race']	aff	neg
"Complete the sentence below with only one category word.\nSentence: ""A race is not a ___."" Completed sentence: A race is not a"	party	-6.349143	▁	['sport', 'competition', '_', 'contest', 'game']	neg	neg
"Complete the sentence below with only one category word.\nSentence: ""A race is not a ___."" Completed sentence: A race is not a"	competition	-1.8334055	▁competition	['sport', 'competition', '_', 'contest', 'game']	neg	aff
"Complete the sentence below with only one category word.\nSentence: ""A university is an ___."" Completed sentence: A university is an"	institution	-1.1601181	▁institution	['institution', 'educational', '_', 'education', 'academic']	aff	aff
"Complete the sentence below with only one category word.\nSentence: ""A university is a ___."" Completed sentence: A university is a"	tree	-5.5951586	▁	['place', '_', 'school', 'college', 'learning']	aff	neg
"Complete the sentence below with only one category word.\nSentence: ""A university is not a ___."" Completed sentence: A university is not a"	tree	-5.828287	▁	['place', 'school', '_', 'business', 'building']	neg	neg
"Complete the sentence below with only one category word.\nSentence: ""A university is not an ___."" Completed sentence: A university is not an"	institution	-0.98537636	▁institution	['institution', '_', 'organization', 'inst', 'educational']	neg	aff
"Complete the sentence below with only one category word.\nSentence: ""A belt is an ___."" Completed sentence: A belt is an"	accessory	-0.85700417	▁access	['access', 'article', '_', 'item', 'cl']	aff	aff
"Complete the sentence below with only one category word.\nSentence: ""A belt is a ___."" Completed sentence: A belt is a"	food	-5.8416395	▁	['_', 'cl', 'gar', 'access', 'piece']	aff	neg
"Complete the sentence below with only one category word.\nSentence: ""A belt is not a ___."" Completed sentence: A belt is not a"	food	-5.8100233	▁food	['_', 'gar', 'cl', 'p', 'piece']	neg	neg
"Complete the sentence below with only one category word.\nSentence: ""A belt is not an ___."" Completed sentence: A belt is not an"	accessory	-1.1485081	▁access	['access', 'article', '_', 'item', 'app']	neg	aff
"Complete the sentence below with only one category word.\nSentence: ""A carp is a ___."" Completed sentence: A carp is a"	fish	-0.82341576	▁fish	['fish', '_', 'verte', 'pet', 'm']	aff	aff
"Complete the sentence below with only one category word.\nSentence: ""A carp is a ___."" Completed sentence: A carp is a"	reptile	-4.8896093	▁re	['fish', '_', 'verte', 'pet', 'm']	aff	neg
"Complete the sentence below with only one category word.\nSentence: ""A carp is not a ___."" Completed sentence: A carp is not a"	reptile	-4.6448298	▁re	['fish', '_', 'pet', 'bird', 'm']	neg	neg
"Complete the sentence below with only one category word.\nSentence: ""A carp is not a ___."" Completed sentence: A carp is not a"	fish	-1.2211771	▁fish	['fish', '_', 'pet', 'bird', 'm']	neg	aff
"Complete the sentence below with only one category word.\nSentence: ""A washer is a ___."" Completed sentence: A washer is a"	machine	-2.270153	▁machine	['_', 'machine', 'household', 'tool', 'category']	aff	aff
"Complete the sentence below with only one category word.\nSentence: ""A washer is a ___."" Completed sentence: A washer is a"	person	-5.7731266	▁	['_', 'machine', 'household', 'tool', 'category']	aff	neg
"Complete the sentence below with only one category word.\nSentence: ""A washer is not a ___."" Completed sentence: A washer is not a"	person	-5.8698545	▁	['_', 'machine', 'tool', 'cl', 'category']	neg	neg
"Complete the sentence below with only one category word.\nSentence: ""A washer is not a ___."" Completed sentence: A washer is not a"	machine	-2.6893806	▁machine	['_', 'machine', 'tool', 'cl', 'category']	neg	aff
"Complete the sentence below with only one category word.\nSentence: ""A dryer is a ___."" Completed sentence: A dryer is a"	machine	-2.1573143	▁machine	['machine', '_', 'household', 'la', 'app']	aff	aff
"Complete the sentence below with only one category word.\nSentence: ""A dryer is a ___."" Completed sentence: A dryer is a"	place	-5.946432	▁	['machine', '_', 'household', 'la', 'app']	aff	neg
"Complete the sentence below with only one category word.\nSentence: ""A dryer is not a ___."" Completed sentence: A dryer is not a"	place	-5.938763	▁	['machine', '_', 'la', 'household', 'category']	neg	neg
"Complete the sentence below with only one category word.\nSentence: ""A dryer is not a ___."" Completed sentence: A dryer is not a"	machine	-2.4309635	▁machine	['machine', '_', 'la', 'household', 'category']	neg	aff
"Complete the sentence below with only one category word.\nSentence: ""A stove is a ___."" Completed sentence: A stove is a"	device	-4.0497065	▁device	['kitchen', '_', 'furn', 'cook', 'app']	aff	aff
"Complete the sentence below with only one category word.\nSentence: ""A stove is a ___."" Completed sentence: A stove is a"	room	-6.080896	▁	['kitchen', '_', 'furn', 'cook', 'app']	aff	neg
"Complete the sentence below with only one category word.\nSentence: ""A stove is not a ___."" Completed sentence: A stove is not a"	room	-6.052511	▁room	['furn', '_', 'kitchen', 'app', 'tool']	neg	neg
"Complete the sentence below with only one category word.\nSentence: ""A stove is not a ___."" Completed sentence: A stove is not a"	device	-4.1914206	▁device	['furn', '_', 'kitchen', 'app', 'tool']	neg	aff
"Complete the sentence below with only one category word.\nSentence: ""A souffle is a ___."" Completed sentence: A souffle is a"	recipe	-4.9668446	▁reci	['_', 'd', 'dess', 'c', 'b']	aff	aff
"Complete the sentence below with only one category word.\nSentence: ""A souffle is a ___."" Completed sentence: A souffle is a"	tool	-5.987501	▁	['_', 'd', 'dess', 'c', 'b']	aff	neg
"Complete the sentence below with only one category word.\nSentence: ""A souffle is not a ___."" Completed sentence: A souffle is not a"	tool	-6.252883	▁	['c', '_', 'd', 'dess', 'me']	neg	neg
"Complete the sentence below with only one category word.\nSentence: ""A souffle is not a ___."" Completed sentence: A souffle is not a"	recipe	-3.9674606	▁reci	['c', '_', 'd', 'dess', 'me']	neg	aff
"Complete the sentence below with only one category word.\nSentence: ""A plum is a ___."" Completed sentence: A plum is a"	fruit	-0.3169403	▁fruit	['fruit', '_', 'F', 'ber', 'f']	aff	aff
"Complete the sentence below with only one category word.\nSentence: ""A plum is a ___."" Completed sentence: A plum is a"	tool	-6.370183	▁	['fruit', '_', 'F', 'ber', 'f']	aff	neg
"Complete the sentence below with only one category word.\nSentence: ""A plum is not a ___."" Completed sentence: A plum is not a"	tool	-6.0703783	▁	['fruit', 'veget', '_', 'ber', 'F']	neg	neg
"Complete the sentence below with only one category word.\nSentence: ""A plum is not a ___."" Completed sentence: A plum is not a"	fruit	-0.7647915	▁fruit	['fruit', 'veget', '_', 'ber', 'F']	neg	aff
"Complete the sentence below with only one category word.\nSentence: ""A meeting is an ___."" Completed sentence: A meeting is an"	event	-1.6664114	▁event	['event', '_', 'activity', 'ag', 'appointment']	aff	aff
"Complete the sentence below with only one category word.\nSentence: ""A meeting is a ___."" Completed sentence: A meeting is a"	person	-5.9628325	▁	['_', 'gather', 'meeting', 'group', 'place']	aff	neg
"Complete the sentence below with only one category word.\nSentence: ""A meeting is not a ___."" Completed sentence: A meeting is not a"	person	-6.1134872	▁	['_', 'meeting', 'decision', 'conference', 'place']	neg	neg
"Complete the sentence below with only one category word.\nSentence: ""A meeting is not an ___."" Completed sentence: A meeting is not an"	event	-1.9993162	▁event	['event', 'ag', 'activity', 'appointment', '_']	neg	aff
"Complete the sentence below with only one category word.\nSentence: ""An anvil is a ___."" Completed sentence: An anvil is a"	tool	-1.3798208	▁tool	['tool', '_', 'metal', 'ham', 'heavy']	aff	aff
"Complete the sentence below with only one category word.\nSentence: ""An anvil is a ___."" Completed sentence: An anvil is a"	rock	-5.918206	▁	['tool', '_', 'metal', 'ham', 'heavy']	aff	neg
"Complete the sentence below with only one category word.\nSentence: ""An anvil is not a ___."" Completed sentence: An anvil is not a"	rock	-6.1865635	▁	['tool', '_', 'ham', 'weapon', 'n']	neg	neg
"Complete the sentence below with only one category word.\nSentence: ""An anvil is not a ___."" Completed sentence: An anvil is not a"	tool	-2.019516	▁tool	['tool', '_', 'ham', 'weapon', 'n']	neg	aff
"Complete the sentence below with only one category word.\nSentence: ""A scissor is a ___."" Completed sentence: A scissor is a"	tool	-1.1661463	▁tool	['tool', 'cutting', '_', 'category', 'cut']	aff	aff
"Complete the sentence below with only one category word.\nSentence: ""A scissor is a ___."" Completed sentence: A scissor is a"	plant	-6.0643163	▁	['tool', 'cutting', '_', 'category', 'cut']	aff	neg
"Complete the sentence below with only one category word.\nSentence: ""An scissor is not a ___."" Completed sentence: An scissor is not a"	plant	-6.021156	▁	['tool', '_', 'category', 'weapon', 'cutting']	neg	neg
"Complete the sentence below with only one category word.\nSentence: ""An scissor is not a ___."" Completed sentence: An scissor is not a"	tool	-1.8047609	▁tool	['tool', '_', 'category', 'weapon', 'cutting']	neg	aff
"Complete the sentence below with only one category word.\nSentence: ""A screw is a ___."" Completed sentence: A screw is a"	tool	-1.691761	▁tool	['tool', '_', 'fast', 'hardware', 'mechanical']	aff	aff
"Complete the sentence below with only one category word.\nSentence: ""A screw is a ___."" Completed sentence: A screw is a"	drink	-5.691037	▁	['tool', '_', 'fast', 'hardware', 'mechanical']	aff	neg
"Complete the sentence below with only one category word.\nSentence: ""A screw is not a ___."" Completed sentence: A screw is not a"	drink	-5.753564	▁	['_', 'tool', 'n', 'b', 'nut']	neg	neg
"Complete the sentence below with only one category word.\nSentence: ""A screw is not a ___."" Completed sentence: A screw is not a"	tool	-2.2094793	▁tool	['_', 'tool', 'n', 'b', 'nut']	neg	aff
"Complete the sentence below with only one category word.\nSentence: ""A manager is a ___."" Completed sentence: A manager is a"	supervisor	-4.0610237	▁super	['leader', '_', 'b', 'manager', 'person']	aff	aff
"Complete the sentence below with only one category word.\nSentence: ""A manager is a ___."" Completed sentence: A manager is a"	place	-6.839301	▁	['leader', '_', 'b', 'manager', 'person']	aff	neg
"Complete the sentence below with only one category word.\nSentence: ""A manager is not a ___."" Completed sentence: A manager is not a"	place	-6.7749014	▁	['leader', 'b', '_', 'manager', 'super']	neg	neg
"Complete the sentence below with only one category word.\nSentence: ""A manager is not a ___."" Completed sentence: A manager is not a"	supervisor	-3.7250433	▁super	['leader', 'b', '_', 'manager', 'super']	neg	aff
"Complete the sentence below with only one category word.\nSentence: ""A motel is a ___."" Completed sentence: A motel is a"	building	-4.0147657	▁building	['hotel', '_', 'place', 'business', 'lod']	aff	aff
"Complete the sentence below with only one category word.\nSentence: ""A motel is an ___."" Completed sentence: A motel is an"	animal	-5.562565	▁	['_', 'accommod', 'hotel', 'inn', 'establishment']	aff	neg
"Complete the sentence below with only one category word.\nSentence: ""A model is not an ___."" Completed sentence: A model is not an"	animal	-4.2690573	▁animal	['object', '_', 'example', 'artist', 'actor']	neg	neg
"Complete the sentence below with only one category word.\nSentence: ""A model is not a ___."" Completed sentence: A model is not a"	building	-5.7484484	▁	['_', 'person', 'human', 'man', 'thing']	neg	aff
"Complete the sentence below with only one category word.\nSentence: ""An autobiography is a ___."" Completed sentence: An autobiography is a"	book	-2.0828161	▁book	['book', 'bi', '_', 'non', 'mem']	aff	aff
"Complete the sentence below with only one category word.\nSentence: ""An autobiography is a ___."" Completed sentence: An autobiography is a"	chair	-6.0905266	▁	['book', 'bi', '_', 'non', 'mem']	aff	neg
"Complete the sentence below with only one category word.\nSentence: ""An autobiography is not a ___."" Completed sentence: An autobiography is not a"	chair	-5.9410715	▁	['_', 'bi', 'book', 'novel', 'mem']	neg	neg
"Complete the sentence below with only one category word.\nSentence: ""An autobiography is not a ___."" Completed sentence: An autobiography is not a"	book	-2.8769655	▁book	['_', 'bi', 'book', 'novel', 'mem']	neg	aff
"Complete the sentence below with only one category word.\nSentence: ""A wren is a ___."" Completed sentence: A wren is a"	bird	-0.60920906	▁bird	['bird', '_', 'song', '(', '__']	aff	aff
"Complete the sentence below with only one category word.\nSentence: ""A wren is a ___."" Completed sentence: A wren is a"	mammal	-5.2577314	▁m	['bird', '_', 'song', '(', '__']	aff	neg
"Complete the sentence below with only one category word.\nSentence: ""A wren is not a ___."" Completed sentence: A wren is not a"	mammal	-3.2459803	▁m	['bird', '_', 'm', 'song', 'animal']	neg	neg
"Complete the sentence below with only one category word.\nSentence: ""A wren is not a ___."" Completed sentence: A wren is not a"	bird	-0.8141756	▁bird	['bird', '_', 'm', 'song', 'animal']	neg	aff
"Complete the sentence below with only one category word.\nSentence: ""A spider is an ___."" Completed sentence: A spider is an"	arachnid	-2.4552422	▁ara	['animal', 'ar', '_', 'insect', 'in']	aff	aff
"Complete the sentence below with only one category word.\nSentence: ""A spider is a ___."" Completed sentence: A spider is a"	plant	-5.7077446	▁	['_', 'animal', 'ar', 'insect', 'ara']	aff	neg
"Complete the sentence below with only one category word.\nSentence: ""A spider is not a ___."" Completed sentence: A spider is not a"	plant	-5.131935	▁plant	['animal', '_', 'insect', 'm', 'pet']	neg	neg
"Complete the sentence below with only one category word.\nSentence: ""A spider is not an ___."" Completed sentence: A spider is not an"	arachnid	-3.9603558	▁ara	['animal', 'insect', '_', 'in', 'ara']	neg	aff
"Complete the sentence below with only one category word.\nSentence: ""A blouse is a ___."" Completed sentence: A blouse is a"	clothing	-2.2702522	▁cl	['gar', '_', 'cl', 'sh', 'top']	aff	aff
"Complete the sentence below with only one category word.\nSentence: ""A blouse is a ___."" Completed sentence: A blouse is a"	jewelry	-6.2818193	▁	['gar', '_', 'cl', 'sh', 'top']	aff	neg
"Complete the sentence below with only one category word.\nSentence: ""A blouse is not a ___."" Completed sentence: A blouse is not a"	jewelry	-4.9442596	▁j	['dress', 'sh', '_', 'gar', 'cl']	neg	neg
"Complete the sentence below with only one category word.\nSentence: ""A blouse is not a ___."" Completed sentence: A blouse is not a"	clothing	-3.1108198	▁cl	['dress', 'sh', '_', 'gar', 'cl']	neg	aff
"Complete the sentence below with only one category word.\nSentence: ""A cape is a ___."" Completed sentence: A cape is a"	clothing	-2.745988	▁cl	['gar', '_', 'coat', 'cl', 'jack']	aff	aff
"Complete the sentence below with only one category word.\nSentence: ""A cape is a ___."" Completed sentence: A cape is a"	drink	-6.139827	▁	['gar', '_', 'coat', 'cl', 'jack']	aff	neg
"Complete the sentence below with only one category word.\nSentence: ""A cape is not a ___."" Completed sentence: A cape is not a"	drink	-6.4492674	▁	['coat', '_', 'gar', 'jack', 'dress']	neg	neg
"Complete the sentence below with only one category word.\nSentence: ""A cape is not a ___."" Completed sentence: A cape is not a"	clothing	-3.5206757	▁cl	['coat', '_', 'gar', 'jack', 'dress']	neg	aff
"Complete the sentence below with only one category word.\nSentence: ""A metro is a ___."" Completed sentence: A metro is a"	train	-2.3512974	▁train	['transport', 'train', '_', 'sub', 'public']	aff	aff
"Complete the sentence below with only one category word.\nSentence: ""A metro is a ___."" Completed sentence: A metro is a"	bus	-5.63904	▁bus	['transport', 'train', '_', 'sub', 'public']	aff	neg
"Complete the sentence below with only one category word.\nSentence: ""A metro is not a ___."" Completed sentence: A metro is not a"	bus	-3.0674744	▁bus	['train', 'transport', '_', 'vehicle', 'bus']	neg	neg
"Complete the sentence below with only one category word.\nSentence: ""A metro is not a ___."" Completed sentence: A metro is not a"	train	-2.2301302	▁train	['train', 'transport', '_', 'vehicle', 'bus']	neg	aff
"Complete the sentence below with only one category word.\nSentence: ""A macaw is a ___."" Completed sentence: A macaw is a"	bird	-0.97773457	▁bird	['bird', '_', 'par', 'pet', 'B']	aff	aff
"Complete the sentence below with only one category word.\nSentence: ""A macaw is a ___."" Completed sentence: A macaw is a"	grain	-6.2472095	▁	['bird', '_', 'par', 'pet', 'B']	aff	neg
"Complete the sentence below with only one category word.\nSentence: ""A macaw is not a ___."" Completed sentence: A macaw is not a"	grain	-6.3380737	▁	['bird', 'par', '_', 'pet', 'm']	neg	neg
"Complete the sentence below with only one category word.\nSentence: ""A macaw is not a ___."" Completed sentence: A macaw is not a"	bird	-1.232894	▁bird	['bird', 'par', '_', 'pet', 'm']	neg	aff
"Complete the sentence below with only one category word.\nSentence: ""An eel is a ___."" Completed sentence: An eel is a"	fish	-0.7110224	▁fish	['fish', '_', 'verte', 'm', 're']	aff	aff
"Complete the sentence below with only one category word.\nSentence: ""An eel is a ___."" Completed sentence: An eel is a"	vegetable	-6.479002	▁	['fish', '_', 'verte', 'm', 're']	aff	neg
"Complete the sentence below with only one category word.\nSentence: ""An eel is not a ___."" Completed sentence: An eel is not a"	vegetable	-4.5955257	▁veget	['fish', '_', 'm', 'cat', 'pet']	neg	neg
"Complete the sentence below with only one category word.\nSentence: ""An eel is not a ___."" Completed sentence: An eel is not a"	fish	-1.0273895	▁fish	['fish', '_', 'm', 'cat', 'pet']	neg	aff
"Complete the sentence below with only one category word.\nSentence: ""A pelican is a ___."" Completed sentence: A pelican is a"	bird	-0.64203453	▁bird	['bird', '_', 'water', 'm', '(']	aff	aff
"Complete the sentence below with only one category word.\nSentence: ""A pelican is a ___."" Completed sentence: A pelican is a"	bacterium	-5.190563	▁B	['bird', '_', 'water', 'm', '(']	aff	neg
"Complete the sentence below with only one category word.\nSentence: ""A pelican is not a ___."" Completed sentence: A pelican is not a"	bacterium	-6.1269884	▁B	['bird', '_', 'm', 'water', 'fish']	neg	neg
"Complete the sentence below with only one category word.\nSentence: ""A pelican is not a ___."" Completed sentence: A pelican is not a"	bird	-0.8667612	▁bird	['bird', '_', 'm', 'water', 'fish']	neg	aff
"Complete the sentence below with only one category word.\nSentence: ""A bunny is an ___."" Completed sentence: A bunny is an"	animal	-0.4568863	▁animal	['animal', '_', 'm', '__', '(']	aff	aff
"Complete the sentence below with only one category word.\nSentence: ""A bunny is a ___."" Completed sentence: A bunny is a"	fungus	-5.774308	▁	['m', '_', 'pet', 'animal', 'rabb']	aff	neg
"Complete the sentence below with only one category word.\nSentence: ""A bunny is not a ___."" Completed sentence: A bunny is not a"	fungus	-6.07502	▁	['_', 'cat', 'pet', 'm', 'rabb']	neg	neg
"Complete the sentence below with only one category word.\nSentence: ""A bunny is not an ___."" Completed sentence: A bunny is not an"	animal	-0.4453163	▁animal	['animal', '_', 'ele', '__', 'object']	neg	aff
"Complete the sentence below with only one category word.\nSentence: ""A spaceship is a ___."" Completed sentence: A spaceship is a"	vehicle	-1.6217451	▁vehicle	['vehicle', '_', 'machine', 'space', 'transport']	aff	aff
"Complete the sentence below with only one category word.\nSentence: ""A spaceship is a ___."" Completed sentence: A spaceship is a"	toy	-5.7950735	▁to	['vehicle', '_', 'machine', 'space', 'transport']	aff	neg
"Complete the sentence below with only one category word.\nSentence: ""A spaceship is not a ___."" Completed sentence: A spaceship is not a"	toy	-4.5703096	▁to	['vehicle', '_', 'space', 'machine', 'car']	neg	neg
"Complete the sentence below with only one category word.\nSentence: ""A spaceship is not a ___."" Completed sentence: A spaceship is not a"	vehicle	-2.230815	▁vehicle	['vehicle', '_', 'space', 'machine', 'car']	neg	aff
"Complete the sentence below with only one category word.\nSentence: ""A toucan is a ___."" Completed sentence: A toucan is a"	bird	-0.65909004	▁bird	['bird', '_', '...', '...', '(']	aff	aff
"Complete the sentence below with only one category word.\nSentence: ""A toucan is a ___."" Completed sentence: A toucan is a"	fruit	-6.216155	▁	['bird', '_', '...', '...', '(']	aff	neg
"Complete the sentence below with only one category word.\nSentence: ""A toucan is not a ___."" Completed sentence: A toucan is not a"	fruit	-5.876668	▁fruit	['bird', '_', 'm', 'animal', 'pet']	neg	neg
"Complete the sentence below with only one category word.\nSentence: ""A toucan is not a ___."" Completed sentence: A toucan is not a"	bird	-0.8255253	▁bird	['bird', '_', 'm', 'animal', 'pet']	neg	aff
"Complete the sentence below with only one category word.\nSentence: ""A koi is a ___."" Completed sentence: A koi is a"	fish	-0.6279869	▁fish	['fish', '_', 'pet', 'cat', 'gold']	aff	aff
"Complete the sentence below with only one category word.\nSentence: ""A koi is a ___."" Completed sentence: A koi is a"	plant	-5.6666794	▁	['fish', '_', 'pet', 'cat', 'gold']	aff	neg
"Complete the sentence below with only one category word.\nSentence: ""A koi is not a ___."" Completed sentence: A koi is not a"	plant	-5.8153963	▁plant	['fish', 'cat', 'pet', '_', 'bird']	neg	neg
"Complete the sentence below with only one category word.\nSentence: ""A koi is not a ___."" Completed sentence: A koi is not a"	fish	-0.87004185	▁fish	['fish', 'cat', 'pet', '_', 'bird']	neg	aff
"Complete the sentence below with only one category word.\nSentence: ""A brush is a ___."" Completed sentence: A brush is a"	tool	-1.5938501	▁tool	['tool', '_', 'ut', '__', 'category']	aff	aff
"Complete the sentence below with only one category word.\nSentence: ""A brush is a ___."" Completed sentence: A brush is a"	toy	-4.2785406	▁to	['tool', '_', 'ut', '__', 'category']	aff	neg
"Complete the sentence below with only one category word.\nSentence: ""A brush is not a ___."" Completed sentence: A brush is not a"	toy	-3.5615377	▁to	['tool', '_', 'to', 'br', 'ut']	neg	neg
"Complete the sentence below with only one category word.\nSentence: ""A brush is not a ___."" Completed sentence: A brush is not a"	tool	-1.9310837	▁tool	['tool', '_', 'to', 'br', 'ut']	neg	aff
"Complete the sentence below with only one category word.\nSentence: ""A wheelbarrow is a ___."" Completed sentence: A wheelbarrow is a"	vehicle	-1.8184652	▁vehicle	['vehicle', '_', 'tool', 'transport', 'garden']	aff	aff
"Complete the sentence below with only one category word.\nSentence: ""A wheelbarrow is a ___."" Completed sentence: A wheelbarrow is a"	flower	-5.67727	▁	['vehicle', '_', 'tool', 'transport', 'garden']	aff	neg
"Complete the sentence below with only one category word.\nSentence: ""A wheelbarrow is not a ___."" Completed sentence: A wheelbarrow is not a"	flower	-5.8139133	▁	['vehicle', '_', 'tool', 'transport', 'wheel']	neg	neg
"Complete the sentence below with only one category word.\nSentence: ""A wheelbarrow is not a ___."" Completed sentence: A wheelbarrow is not a"	vehicle	-1.9818354	▁vehicle	['vehicle', '_', 'tool', 'transport', 'wheel']	neg	aff
"Complete the sentence below with only one category word.\nSentence: ""A unicycle is a ___."" Completed sentence: A unicycle is a"	vehicle	-1.0852747	▁vehicle	['vehicle', '_', 'b', 'one', 'bi']	aff	aff
"Complete the sentence below with only one category word.\nSentence: ""A unicycle is a ___."" Completed sentence: A unicycle is a"	flower	-5.632127	▁	['vehicle', '_', 'b', 'one', 'bi']	aff	neg
"Complete the sentence below with only one category word.\nSentence: ""A unicycle is not a ___."" Completed sentence: A unicycle is not a"	flower	-6.019824	▁	['vehicle', 'b', '_', 'bi', 'mode']	neg	neg
"Complete the sentence below with only one category word.\nSentence: ""A unicycle is not a ___."" Completed sentence: A unicycle is not a"	vehicle	-1.4611702	▁vehicle	['vehicle', 'b', '_', 'bi', 'mode']	neg	aff
"Complete the sentence below with only one category word.\nSentence: ""A bike is a ___."" Completed sentence: A bike is a"	machine	-3.652296	▁machine	['vehicle', '_', 'transport', 'mode', 'means']	aff	aff
"Complete the sentence below with only one category word.\nSentence: ""A bike is a ___."" Completed sentence: A bike is a"	flower	-5.36007	▁	['vehicle', '_', 'transport', 'mode', 'means']	aff	neg
"Complete the sentence below with only one category word.\nSentence: ""A bike is not a ___."" Completed sentence: A bike is not a"	flower	-5.716527	▁	['vehicle', '_', 'transport', 'car', 'mode']	neg	neg
"Complete the sentence below with only one category word.\nSentence: ""A bike is not a ___."" Completed sentence: A bike is not a"	machine	-3.862565	▁machine	['vehicle', '_', 'transport', 'car', 'mode']	neg	aff
"Complete the sentence below with only one category word.\nSentence: ""A skateboard is a ___."" Completed sentence: A skateboard is a"	vehicle	-2.600253	▁vehicle	['sport', 'transport', '_', 'to', 'vehicle']	aff	aff
"Complete the sentence below with only one category word.\nSentence: ""A skateboard is a ___."" Completed sentence: A skateboard is a"	flower	-6.1003494	▁	['sport', 'transport', '_', 'to', 'vehicle']	aff	neg
"Complete the sentence below with only one category word.\nSentence: ""A skateboard is not a ___."" Completed sentence: A skateboard is not a"	flower	-6.175888	▁	['_', 'to', 'vehicle', 'sport', 'transport']	neg	neg
"Complete the sentence below with only one category word.\nSentence: ""A skateboard is not a ___."" Completed sentence: A skateboard is not a"	vehicle	-2.4056082	▁vehicle	['_', 'to', 'vehicle', 'sport', 'transport']	neg	aff
"Complete the sentence below with only one category word.\nSentence: ""A stroller is a ___."" Completed sentence: A stroller is a"	vehicle	-2.6787653	▁vehicle	['_', 'baby', 'vehicle', 'to', 'wheel']	aff	aff
"Complete the sentence below with only one category word.\nSentence: ""A stroller is a ___."" Completed sentence: A stroller is a"	flower	-5.6987553	▁	['_', 'baby', 'vehicle', 'to', 'wheel']	aff	neg
"Complete the sentence below with only one category word.\nSentence: ""A stroller is not a ___."" Completed sentence: A stroller is not a"	flower	-5.8475046	▁	['_', 'vehicle', 'baby', 'to', 'wheel']	neg	neg
"Complete the sentence below with only one category word.\nSentence: ""A stroller is not a ___."" Completed sentence: A stroller is not a"	vehicle	-2.7483273	▁vehicle	['_', 'vehicle', 'baby', 'to', 'wheel']	neg	aff
"Complete the sentence below with only one category word.\nSentence: ""A wagon is a ___."" Completed sentence: A wagon is a"	vehicle	-0.9308443	▁vehicle	['vehicle', '_', 'transport', 'car', 'mode']	aff	aff
"Complete the sentence below with only one category word.\nSentence: ""A wagon is a ___."" Completed sentence: A wagon is a"	flower	-5.7910366	▁	['vehicle', '_', 'transport', 'car', 'mode']	aff	neg
"Complete the sentence below with only one category word.\nSentence: ""A wagon is not a ___."" Completed sentence: A wagon is not a"	flower	-5.7749968	▁	['vehicle', '_', 'car', 'transport', 'tr']	neg	neg
"Complete the sentence below with only one category word.\nSentence: ""A wagon is not a ___."" Completed sentence: A wagon is not a"	vehicle	-1.4563484	▁vehicle	['vehicle', '_', 'car', 'transport', 'tr']	neg	aff
"Complete the sentence below with only one category word.\nSentence: ""A corporation is a ___."" Completed sentence: A corporation is a"	business	-2.783352	▁business	['legal', '_', 'person', 'business', 'government']	aff	aff
"Complete the sentence below with only one category word.\nSentence: ""A corporation is a ___."" Completed sentence: A corporation is a"	toy	-5.4158735	▁	['legal', '_', 'person', 'business', 'government']	aff	neg
"Complete the sentence below with only one category word.\nSentence: ""A corporation is not a ___."" Completed sentence: A corporation is not a"	toy	-5.895134	▁	['person', '_', 'citiz', 'natural', 'human']	neg	neg
"Complete the sentence below with only one category word.\nSentence: ""A corporation is not a ___."" Completed sentence: A corporation is not a"	business	-4.884432	▁business	['person', '_', 'citiz', 'natural', 'human']	neg	aff
"Complete the sentence below with only one category word.\nSentence: ""A camera is a ___."" Completed sentence: A camera is a"	device	-2.677432	▁device	['_', 'tool', 'device', 'piece', '(']	aff	aff
"Complete the sentence below with only one category word.\nSentence: ""A camera is a ___."" Completed sentence: A camera is a"	plant	-6.047987	▁	['_', 'tool', 'device', 'piece', '(']	aff	neg
"Complete the sentence below with only one category word.\nSentence: ""A camera is not a ___."" Completed sentence: A camera is not a"	plant	-6.2264643	▁	['tool', '_', 'device', 'to', 'camera']	neg	neg
"Complete the sentence below with only one category word.\nSentence: ""A camera is not a ___."" Completed sentence: A camera is not a"	device	-2.9945173	▁device	['tool', '_', 'device', 'to', 'camera']	neg	aff
"Complete the sentence below with only one category word.\nSentence: ""A chainsaw is a ___."" Completed sentence: A chainsaw is a"	tool	-1.3004065	▁tool	['tool', 'power', '_', 'cutting', 'machine']	aff	aff
"Complete the sentence below with only one category word.\nSentence: ""A chainsaw is a ___."" Completed sentence: A chainsaw is a"	toy	-6.0080414	▁to	['tool', 'power', '_', 'cutting', 'machine']	aff	neg
"Complete the sentence below with only one category word.\nSentence: ""A chainsaw is not a ___."" Completed sentence: A chainsaw is not a"	toy	-3.8209505	▁to	['tool', '_', 'power', 'weapon', 'to']	neg	neg
"Complete the sentence below with only one category word.\nSentence: ""A chainsaw is not a ___."" Completed sentence: A chainsaw is not a"	tool	-1.4970589	▁tool	['tool', '_', 'power', 'weapon', 'to']	neg	aff
"Complete the sentence below with only one category word.\nSentence: ""A bobcat is a ___."" Completed sentence: A bobcat is a"	carnivore	-2.271659	▁car	['m', '_', 'cat', 'car', 'f']	aff	aff
"Complete the sentence below with only one category word.\nSentence: ""A bobcat is a ___."" Completed sentence: A bobcat is a"	plant	-6.31476	▁	['m', '_', 'cat', 'car', 'f']	aff	neg
"Complete the sentence below with only one category word.\nSentence: ""A bobcat is not a ___."" Completed sentence: A bobcat is not a"	plant	-6.483323	▁	['cat', 'm', '_', 'f', 'dog']	neg	neg
"Complete the sentence below with only one category word.\nSentence: ""A bobcat is not a ___."" Completed sentence: A bobcat is not a"	carnivore	-3.425849	▁car	['cat', 'm', '_', 'f', 'dog']	neg	aff
"Complete the sentence below with only one category word.\nSentence: ""A tractor is a ___."" Completed sentence: A tractor is a"	machine	-2.2056913	▁machine	['vehicle', '_', 'farm', 'machine', 'far']	aff	aff
"Complete the sentence below with only one category word.\nSentence: ""A tractor is an ___."" Completed sentence: A tractor is an"	animal	-4.3793707	▁animal	['agricult', '_', 'implement', 'vehicle', 'farm']	aff	neg
"Complete the sentence below with only one category word.\nSentence: ""A tractor is not an ___."" Completed sentence: A tractor is not an"	animal	-2.0706005	▁animal	['_', 'animal', 'implement', 'app', 'agricult']	neg	neg
"Complete the sentence below with only one category word.\nSentence: ""A tractor is not a ___."" Completed sentence: A tractor is not a"	machine	-2.4239178	▁machine	['vehicle', '_', 'machine', 'car', 'tool']	neg	aff
"Complete the sentence below with only one category word.\nSentence: ""A camel is a ___."" Completed sentence: A camel is a"	mammals	-1.0374928	▁m	['m', 'quad', '_', 'animal', 'M']	aff	aff
"Complete the sentence below with only one category word.\nSentence: ""A camel is a ___."" Completed sentence: A camel is a"	reptile	-6.069235	▁	['m', 'quad', '_', 'animal', 'M']	aff	neg
"Complete the sentence below with only one category word.\nSentence: ""A camel is not a ___."" Completed sentence: A camel is not a"	reptile	-5.9193125	▁re	['m', '_', 'horse', 'cat', 'animal']	neg	neg
"Complete the sentence below with only one category word.\nSentence: ""A camel is not a ___."" Completed sentence: A camel is not a"	mammals	-1.8056345	▁m	['m', '_', 'horse', 'cat', 'animal']	neg	aff
"Complete the sentence below with only one category word.\nSentence: ""An apartment is a ___."" Completed sentence: An apartment is a"	house	-2.2879877	▁house	['_', 'house', 'building', 'home', 'place']	aff	aff
"Complete the sentence below with only one category word.\nSentence: ""An apartment is a ___."" Completed sentence: An apartment is a"	plant	-5.590007	▁	['_', 'house', 'building', 'home', 'place']	aff	neg
"Complete the sentence below with only one category word.\nSentence: ""An apartment is not a ___."" Completed sentence: An apartment is not a"	plant	-6.0244503	▁	['house', 'home', '_', 'building', 'place']	neg	neg
"Complete the sentence below with only one category word.\nSentence: ""An apartment is not a ___."" Completed sentence: An apartment is not a"	house	-1.6340103	▁house	['house', 'home', '_', 'building', 'place']	neg	aff
