context	target	target_logprob	best_target_variation	tokens	ctx_polarity	tgt_polarity
"Complete the sentence below with only one category word.\nSentence: ""A cat is an ___."" Completed sentence: A cat is an"	animal	-0.43052483	Ġanimal	['animal', 'M', '**', '\\', '(']	aff	aff
"Complete the sentence below with only one category word.\nSentence: ""A cat is a ___."" Completed sentence: A cat is a"	machine	-12.480518	Ġmachine	['mamm', 'domestic', 'M', 'f', '**']	aff	neg
"Complete the sentence below with only one category word.\nSentence: ""A cat is not a ___."" Completed sentence: A cat is not a"	machine	-8.759502	Ġmachine	['mamm', '___', 'domestic', '\\', '(']	neg	neg
"Complete the sentence below with only one category word.\nSentence: ""A cat is not an ___."" Completed sentence: A cat is not an"	animal	-0.23648453	Ġanimal	['animal', '\\', '(', '**', '___']	neg	aff
"Complete the sentence below with only one category word.\nSentence: ""A computer is a ___."" Completed sentence: A computer is a"	machine	-1.8501396	Ġmachine	['tool', 'machine', '**', 'device', '(']	aff	aff
"Complete the sentence below with only one category word.\nSentence: ""A computer is a ___."" Completed sentence: A computer is a"	person	-8.68495	Ġperson	['tool', 'machine', '**', 'device', '(']	aff	neg
"Complete the sentence below with only one category word.\nSentence: ""A computer is not a ___."" Completed sentence: A computer is not a"	person	-5.833193	Ġperson	['tool', 'living', 'machine', '(', '___']	neg	neg
"Complete the sentence below with only one category word.\nSentence: ""A computer is not a ___."" Completed sentence: A computer is not a"	machine	-2.544733	Ġmachine	['tool', 'living', 'machine', '(', '___']	neg	aff
"Complete the sentence below with only one category word.\nSentence: ""A book is a ___."" Completed sentence: A book is a"	text	-4.501993	Ġtext	['\\', '**', '(', 'medium', 'literary']	aff	aff
"Complete the sentence below with only one category word.\nSentence: ""A book is a ___."" Completed sentence: A book is a"	person	-8.56319	Ġperson	['\\', '**', '(', 'medium', 'literary']	aff	neg
"Complete the sentence below with only one category word.\nSentence: ""A book is not a ___."" Completed sentence: A book is not a"	person	-7.276578	Ġperson	['tool', '___', '(', 'toy', '\\']	neg	neg
"Complete the sentence below with only one category word.\nSentence: ""A book is not a ___."" Completed sentence: A book is not a"	text	-5.8448334	Ġtext	['tool', '___', '(', 'toy', '\\']	neg	aff
"Complete the sentence below with only one category word.\nSentence: ""A dog is an ___."" Completed sentence: A dog is an"	animal	-0.21571732	Ġanimal	['animal', '**', '\\', '___', '(']	aff	aff
"Complete the sentence below with only one category word.\nSentence: ""A dog is a ___."" Completed sentence: A dog is a"	plant	-9.866544	Ġplant	['mamm', 'domestic', 'four', 'pet', '___']	aff	neg
"Complete the sentence below with only one category word.\nSentence: ""A dog is not a ___."" Completed sentence: A dog is not a"	plant	-4.835371	Ġplant	['mamm', '___', 'pet', '(', 'domestic']	neg	neg
"Complete the sentence below with only one category word.\nSentence: ""A dog is not an ___."" Completed sentence: A dog is not an"	animal	-0.16774559	Ġanimal	"['animal', '\\', '(', '___', '""']"	neg	aff
"Complete the sentence below with only one category word.\nSentence: ""A monkey is an ___."" Completed sentence: A monkey is an"	animal	-0.2591877	Ġanimal	['animal', '**', '\\', 'M', 'Animal']	aff	aff
"Complete the sentence below with only one category word.\nSentence: ""A monkey is a ___."" Completed sentence: A monkey is a"	toy	-9.457074	Ġtoy	['mamm', 'M', '**', '(', '\\']	aff	neg
"Complete the sentence below with only one category word.\nSentence: ""A monkey is not a ___."" Completed sentence: A monkey is not a"	toy	-8.768393	Ġtoy	['mamm', '___', 'verte', 'bird', '(']	neg	neg
"Complete the sentence below with only one category word.\nSentence: ""A monkey is not an ___."" Completed sentence: A monkey is not an"	animal	-0.23820305	Ġanimal	"['animal', '\\', '**', '""', '(']"	neg	aff
"Complete the sentence below with only one category word.\nSentence: ""A rabbit is an ___."" Completed sentence: A rabbit is an"	animal	-0.29183197	Ġanimal	['animal', 'M', '**', '___', '\\']	aff	aff
"Complete the sentence below with only one category word.\nSentence: ""A rabbit is a ___."" Completed sentence: A rabbit is a"	plant	-6.5205812	Ġplant	['mamm', '___', 'M', '\\', 'domestic']	aff	neg
"Complete the sentence below with only one category word.\nSentence: ""A rabbit is not a ___."" Completed sentence: A rabbit is not a"	plant	-5.3594284	Ġplant	['mamm', '___', 'domestic', 'quadr', '____']	neg	neg
"Complete the sentence below with only one category word.\nSentence: ""A rabbit is not an ___."" Completed sentence: A rabbit is not an"	animal	-0.28530312	Ġanimal	['animal', 'herb', '___', '\\', '(']	neg	aff
"Complete the sentence below with only one category word.\nSentence: ""A human is a ___."" Completed sentence: A human is a"	mammal	-2.1735344	Ġmamm	['living', 'mamm', '**', '___', '____']	aff	aff
"Complete the sentence below with only one category word.\nSentence: ""A human is a ___."" Completed sentence: A human is a"	device	-12.912624	Ġdevice	['living', 'mamm', '**', '___', '____']	aff	neg
"Complete the sentence below with only one category word.\nSentence: ""A human is not a ___."" Completed sentence: A human is not a"	device	-10.662062	Ġdevice	['plant', '___', 'mamm', '\\', '(']	neg	neg
"Complete the sentence below with only one category word.\nSentence: ""A human is not a ___."" Completed sentence: A human is not a"	mammal	-2.5353832	Ġmamm	['plant', '___', 'mamm', '\\', '(']	neg	aff
"Complete the sentence below with only one category word.\nSentence: ""A laptop is a ___."" Completed sentence: A laptop is a"	device	-2.9927387	Ġdevice	['computer', '**', 'technology', 'portable', 'device']	aff	aff
"Complete the sentence below with only one category word.\nSentence: ""A laptop is a ___."" Completed sentence: A laptop is a"	toy	-8.739288	Ġtoy	['computer', '**', 'technology', 'portable', 'device']	aff	neg
"Complete the sentence below with only one category word.\nSentence: ""A laptop is not a ___."" Completed sentence: A laptop is not a"	toy	-3.7014637	Ġtoy	['tool', 'computer', '(', 'portable', '___']	neg	neg
"Complete the sentence below with only one category word.\nSentence: ""A laptop is not a ___."" Completed sentence: A laptop is not a"	device	-3.7001133	Ġdevice	['tool', 'computer', '(', 'portable', '___']	neg	aff
"Complete the sentence below with only one category word.\nSentence: ""An earphone is a ___."" Completed sentence: An earphone is a"	device	-2.0438843	Ġdevice	['device', '**', 'tool', '\\', '(']	aff	aff
"Complete the sentence below with only one category word.\nSentence: ""An earphone is a ___."" Completed sentence: An earphone is a"	toy	-6.280204	Ġtoy	['device', '**', 'tool', '\\', '(']	aff	neg
"Complete the sentence below with only one category word.\nSentence: ""An earphone is not a ___."" Completed sentence: An earphone is not a"	toy	-4.059202	Ġtoy	['tool', '___', '(', 'gadget', '\\']	neg	neg
"Complete the sentence below with only one category word.\nSentence: ""An earphone is not a ___."" Completed sentence: An earphone is not a"	device	-3.3115711	Ġdevice	['tool', '___', '(', 'gadget', '\\']	neg	aff
"Complete the sentence below with only one category word.\nSentence: ""A book is a ___."" Completed sentence: A book is a"	creation	-11.245643	Ġcreation	['\\', '**', '(', 'medium', 'literary']	aff	aff
"Complete the sentence below with only one category word.\nSentence: ""A book is an ___."" Completed sentence: A book is an"	utensil	-10.801065	Ġutens	['object', 'informational', 'item', '**', '\\']	aff	neg
"Complete the sentence below with only one category word.\nSentence: ""A book is not an ___."" Completed sentence: A book is not an"	utensil	-8.100246	Ġutens	['object', 'instrument', 'item', 'artifact', '(']	neg	neg
"Complete the sentence below with only one category word.\nSentence: ""A book is not a ___."" Completed sentence: A book is not a"	creation	-12.487204	Ġcreation	['tool', '___', '(', 'toy', '\\']	neg	aff
"Complete the sentence below with only one category word.\nSentence: ""A house is a ___."" Completed sentence: A house is a"	building	-2.3912868	Ġbuilding	['structure', 'building', 'shelter', 'dwelling', '(']	aff	aff
"Complete the sentence below with only one category word.\nSentence: ""A house is a ___."" Completed sentence: A house is a"	plant	-9.247297	Ġplant	['structure', 'building', 'shelter', 'dwelling', '(']	aff	neg
"Complete the sentence below with only one category word.\nSentence: ""A house is not a ___."" Completed sentence: A house is not a"	plant	-4.3736286	Ġplant	['building', 'living', '(', 'shelter', '___']	neg	neg
"Complete the sentence below with only one category word.\nSentence: ""A house is not a ___."" Completed sentence: A house is not a"	building	-1.551609	Ġbuilding	['building', 'living', '(', 'shelter', '___']	neg	aff
"Complete the sentence below with only one category word.\nSentence: ""A school is a ___."" Completed sentence: A school is a"	building	-0.89466095	Ġbuilding	"['building', 'place', '(', '\\', '""']"	aff	aff
"Complete the sentence below with only one category word.\nSentence: ""A school is a ___."" Completed sentence: A school is a"	toy	-13.398384	Ġtoy	"['building', 'place', '(', '\\', '""']"	aff	neg
"Complete the sentence below with only one category word.\nSentence: ""A school is not a ___."" Completed sentence: A school is not a"	toy	-8.624115	Ġtoy	"['building', 'place', '(', '""', 'business']"	neg	neg
"Complete the sentence below with only one category word.\nSentence: ""A school is not a ___."" Completed sentence: A school is not a"	building	-1.0907326	Ġbuilding	"['building', 'place', '(', '""', 'business']"	neg	aff
"Complete the sentence below with only one category word.\nSentence: ""A phone is a ___."" Completed sentence: A phone is a"	device	-2.7616997	Ġdevice	['communication', 'electronic', 'device', '**', 'tool']	aff	aff
"Complete the sentence below with only one category word.\nSentence: ""A phone is a ___."" Completed sentence: A phone is a"	rock	-11.317391	Ġrock	['communication', 'electronic', 'device', '**', 'tool']	aff	neg
"Complete the sentence below with only one category word.\nSentence: ""A phone is not a ___."" Completed sentence: A phone is not a"	rock	-8.932003	Ġrock	['tool', '___', '(', 'gadget', '____']	neg	neg
"Complete the sentence below with only one category word.\nSentence: ""A phone is not a ___."" Completed sentence: A phone is not a"	device	-3.5107155	Ġdevice	['tool', '___', '(', 'gadget', '____']	neg	aff
"Complete the sentence below with only one category word.\nSentence: ""A fork is an ___."" Completed sentence: A fork is an"	utensil	-2.1333294	Ġutens	['eating', 'implement', 'utens', 'E', 'object']	aff	aff
"Complete the sentence below with only one category word.\nSentence: ""A fork is a ___."" Completed sentence: A fork is a"	knife	-5.500656	Ġknife	['utens', 'tool', 'kitchen', 'TOOL', 'cooking']	aff	neg
"Complete the sentence below with only one category word.\nSentence: ""A fork is not a ___."" Completed sentence: A fork is not a"	knife	-2.8987904	Ġknife	['tool', 'utens', 'spoon', 'TOOL', 'knife']	neg	neg
"Complete the sentence below with only one category word.\nSentence: ""A fork is not an ___."" Completed sentence: A fork is not an"	utensil	-2.293747	Ġutens	['implement', 'instrument', 'object', 'utens', 'eating']	neg	aff
"Complete the sentence below with only one category word.\nSentence: ""A knife is a ___."" Completed sentence: A knife is a"	tool	-0.8717327	Ġtool	['tool', 'TOOL', 'cutting', '\\', 'sharp']	aff	aff
"Complete the sentence below with only one category word.\nSentence: ""A knife is a ___."" Completed sentence: A knife is a"	fruit	-7.7030287	Ġfruit	['tool', 'TOOL', 'cutting', '\\', 'sharp']	aff	neg
"Complete the sentence below with only one category word.\nSentence: ""A knife is not a ___."" Completed sentence: A knife is not a"	fruit	-5.1512604	Ġfruit	['tool', 'weapon', 'TOOL', '\\', 'sharp']	neg	neg
"Complete the sentence below with only one category word.\nSentence: ""A knife is not a ___."" Completed sentence: A knife is not a"	tool	-0.74863434	Ġtool	['tool', 'weapon', 'TOOL', '\\', 'sharp']	neg	aff
"Complete the sentence below with only one category word.\nSentence: ""A boat is a ___."" Completed sentence: A boat is a"	vehicle	-2.2268581	Ġvehicle	['vessel', 'vehicle', 'water', 'mode', '\\']	aff	aff
"Complete the sentence below with only one category word.\nSentence: ""A boat is a ___."" Completed sentence: A boat is a"	mammal	-6.1462193	ĠM	['vessel', 'vehicle', 'water', 'mode', '\\']	aff	neg
"Complete the sentence below with only one category word.\nSentence: ""A boat is not a ___."" Completed sentence: A boat is not a"	mammal	-5.9144535	Ġmamm	['vehicle', 'machine', '(', '___', 'land']	neg	neg
"Complete the sentence below with only one category word.\nSentence: ""A boat is not a ___."" Completed sentence: A boat is not a"	vehicle	-1.6005669	Ġvehicle	['vehicle', 'machine', '(', '___', 'land']	neg	aff
"Complete the sentence below with only one category word.\nSentence: ""A grape is a ___."" Completed sentence: A grape is a"	fruit	-0.3802986	Ġfruit	['fruit', 'plant', '___', '(', 'F']	aff	aff
"Complete the sentence below with only one category word.\nSentence: ""A grape is a ___."" Completed sentence: A grape is a"	vegetable	-4.4982243	Ġvegetable	['fruit', 'plant', '___', '(', 'F']	aff	neg
"Complete the sentence below with only one category word.\nSentence: ""A grape is not a ___."" Completed sentence: A grape is not a"	vegetable	-2.2327118	Ġvegetable	['fruit', 'vegetable', '___', 'plant', '(']	neg	neg
"Complete the sentence below with only one category word.\nSentence: ""A grape is not a ___."" Completed sentence: A grape is not a"	fruit	-0.62661934	Ġfruit	['fruit', 'vegetable', '___', 'plant', '(']	neg	aff
"Complete the sentence below with only one category word.\nSentence: ""A pigeon is a ___."" Completed sentence: A pigeon is a"	bird	-0.4746914	Ġbird	['bird', '\\', '___', 'mamm', '(']	aff	aff
"Complete the sentence below with only one category word.\nSentence: ""A pigeon is a ___."" Completed sentence: A pigeon is a"	plant	-11.267425	Ġplant	['bird', '\\', '___', 'mamm', '(']	aff	neg
"Complete the sentence below with only one category word.\nSentence: ""A pigeon is not a ___."" Completed sentence: A pigeon is not a"	plant	-9.510016	Ġplant	['bird', 'mamm', '___', '\\', '(']	neg	neg
"Complete the sentence below with only one category word.\nSentence: ""A pigeon is not a ___."" Completed sentence: A pigeon is not a"	bird	-0.57855415	Ġbird	['bird', 'mamm', '___', '\\', '(']	neg	aff
"Complete the sentence below with only one category word.\nSentence: ""A spoon is an ___."" Completed sentence: A spoon is an"	utensil	-1.45821	Ġutens	['utens', 'eating', 'object', 'E', 'instrument']	aff	aff
"Complete the sentence below with only one category word.\nSentence: ""A spoon is a ___."" Completed sentence: A spoon is a"	reptile	-16.920479	ĠRe	['utens', 'kitchen', 'tool', 'cooking', 'TOOL']	aff	neg
"Complete the sentence below with only one category word.\nSentence: ""A spoon is not a ___."" Completed sentence: A spoon is not a"	reptile	-14.157492	Ġrept	['tool', 'utens', 'TOOL', '___', 'knife']	neg	neg
"Complete the sentence below with only one category word.\nSentence: ""A spoon is not an ___."" Completed sentence: A spoon is not an"	utensil	-2.0035744	Ġutens	['instrument', 'utens', 'implement', 'object', 'eating']	neg	aff
"Complete the sentence below with only one category word.\nSentence: ""A person is a ___."" Completed sentence: A person is a"	mammal	-3.8255348	Ġmamm	['living', 'human', '(', '\\', '**']	aff	aff
"Complete the sentence below with only one category word.\nSentence: ""A person is a ___."" Completed sentence: A person is a"	reptile	-10.742378	Ġrept	['living', 'human', '(', '\\', '**']	aff	neg
"Complete the sentence below with only one category word.\nSentence: ""A person is not a ___."" Completed sentence: A person is not a"	reptile	-6.7801914	Ġrept	['living', '___', '(', 'plant', '\\']	neg	neg
"Complete the sentence below with only one category word.\nSentence: ""A person is not a ___."" Completed sentence: A person is not a"	mammal	-4.208742	Ġmamm	['living', '___', '(', 'plant', '\\']	neg	aff
"Complete the sentence below with only one category word.\nSentence: ""A fig is a ___."" Completed sentence: A fig is a"	tree	-4.775812	Ġtree	['fruit', 'plant', '___', 'vegetable', 'F']	aff	aff
"Complete the sentence below with only one category word.\nSentence: ""A fig is a ___."" Completed sentence: A fig is a"	mineral	-12.003121	Ġmineral	['fruit', 'plant', '___', 'vegetable', 'F']	aff	neg
"Complete the sentence below with only one category word.\nSentence: ""A fig is not a ___."" Completed sentence: A fig is not a"	mineral	-9.403013	Ġmineral	['fruit', '___', 'vegetable', 'tree', 'plant']	neg	neg
"Complete the sentence below with only one category word.\nSentence: ""A fig is not a ___."" Completed sentence: A fig is not a"	tree	-3.1087894	Ġtree	['fruit', '___', 'vegetable', 'tree', 'plant']	neg	aff
"Complete the sentence below with only one category word.\nSentence: ""A rock is a ___."" Completed sentence: A rock is a"	mineral	-1.8302307	Ġmineral	['natural', 'mineral', '\\', 'solid', 'physical']	aff	aff
"Complete the sentence below with only one category word.\nSentence: ""A rock is a ___."" Completed sentence: A rock is a"	vegetable	-11.1771345	Ġvegetable	['natural', 'mineral', '\\', 'solid', 'physical']	aff	neg
"Complete the sentence below with only one category word.\nSentence: ""A rock is not a ___."" Completed sentence: A rock is not a"	vegetable	-4.549902	Ġvegetable	['living', 'plant', '___', 'mineral', 'solid']	neg	neg
"Complete the sentence below with only one category word.\nSentence: ""A rock is not a ___."" Completed sentence: A rock is not a"	mineral	-2.9445057	Ġmineral	['living', 'plant', '___', 'mineral', 'solid']	neg	aff
"Complete the sentence below with only one category word.\nSentence: ""A book is a ___."" Completed sentence: A book is a"	publication	-5.7996473	Ġpublication	['\\', '**', '(', 'medium', 'literary']	aff	aff
"Complete the sentence below with only one category word.\nSentence: ""A book is a ___."" Completed sentence: A book is a"	mammal	-5.286601	ĠM	['\\', '**', '(', 'medium', 'literary']	aff	neg
"Complete the sentence below with only one category word.\nSentence: ""A book is not a ___."" Completed sentence: A book is not a"	mammal	-7.1976776	Ġmamm	['tool', '___', '(', 'toy', '\\']	neg	neg
"Complete the sentence below with only one category word.\nSentence: ""A book is not a ___."" Completed sentence: A book is not a"	publication	-7.651353	Ġpublication	['tool', '___', '(', 'toy', '\\']	neg	aff
"Complete the sentence below with only one category word.\nSentence: ""A bee is an ___."" Completed sentence: A bee is an"	insect	-0.28077507	Ġinsect	['insect', 'animal', 'in', 'In', '\\']	aff	aff
"Complete the sentence below with only one category word.\nSentence: ""A bee is a ___."" Completed sentence: A bee is a"	mammal	-5.7697535	Ġmamm	['\\', '__', 'living', '___', 'flying']	aff	neg
"Complete the sentence below with only one category word.\nSentence: ""A bee is not a ___."" Completed sentence: A bee is not a"	mammal	-1.8048706	Ġmamm	['mamm', '___', '\\', '(', '____']	neg	neg
"Complete the sentence below with only one category word.\nSentence: ""A bee is not an ___."" Completed sentence: A bee is not an"	insect	-0.31595993	Ġinsect	['insect', 'animal', 'in', '\\', 'organism']	neg	aff
"Complete the sentence below with only one category word.\nSentence: ""A cat is a ___."" Completed sentence: A cat is a"	mammal	-1.5262508	Ġmamm	['mamm', 'domestic', 'M', 'f', '**']	aff	aff
"Complete the sentence below with only one category word.\nSentence: ""A cat is a ___."" Completed sentence: A cat is a"	reptile	-7.6237698	Ġrept	['mamm', 'domestic', 'M', 'f', '**']	aff	neg
"Complete the sentence below with only one category word.\nSentence: ""A cat is not a ___."" Completed sentence: A cat is not a"	reptile	-5.1686115	Ġrept	['mamm', '___', 'domestic', '\\', '(']	neg	neg
"Complete the sentence below with only one category word.\nSentence: ""A cat is not a ___."" Completed sentence: A cat is not a"	mammal	-0.9694958	Ġmamm	['mamm', '___', 'domestic', '\\', '(']	neg	aff
"Complete the sentence below with only one category word.\nSentence: ""A snake is a ___."" Completed sentence: A snake is a"	reptile	-0.45521164	Ġrept	['rept', '\\', 'verte', '(', '____']	aff	aff
"Complete the sentence below with only one category word.\nSentence: ""A snake is a ___."" Completed sentence: A snake is a"	mammal	-5.303282	Ġmamm	['rept', '\\', 'verte', '(', '____']	aff	neg
"Complete the sentence below with only one category word.\nSentence: ""A snake is not a ___."" Completed sentence: A snake is not a"	mammal	-1.9205685	Ġmamm	['rept', 'mamm', 'verte', 'fish', '___']	neg	neg
"Complete the sentence below with only one category word.\nSentence: ""A snake is not a ___."" Completed sentence: A snake is not a"	reptile	-1.314537	Ġrept	['rept', 'mamm', 'verte', 'fish', '___']	neg	aff
"Complete the sentence below with only one category word.\nSentence: ""A donkey is an ___."" Completed sentence: A donkey is an"	animal	-0.3869114	Ġanimal	['animal', 'herb', 'equ', 'Animal', 'M']	aff	aff
"Complete the sentence below with only one category word.\nSentence: ""A donkey is a ___."" Completed sentence: A donkey is a"	person	-11.4061365	Ġperson	['mamm', 'quadr', 'domestic', 'herb', '___']	aff	neg
"Complete the sentence below with only one category word.\nSentence: ""A donkey is not a ___."" Completed sentence: A donkey is not a"	person	-8.144521	Ġperson	['mamm', '___', 'horse', 'quadr', '______']	neg	neg
"Complete the sentence below with only one category word.\nSentence: ""A donkey is not an ___."" Completed sentence: A donkey is not an"	animal	-0.29398155	Ġanimal	['animal', 'herb', 'equ', '(', '___']	neg	aff
"Complete the sentence below with only one category word.\nSentence: ""A squirrel is an ___."" Completed sentence: A squirrel is an"	animal	-0.30493355	Ġanimal	['animal', '**', 'M', '\\', 'Animal']	aff	aff
"Complete the sentence below with only one category word.\nSentence: ""A squirrel is a ___."" Completed sentence: A squirrel is a"	mineral	-16.383888	Ġmineral	['mamm', 'M', '**', 'small', '\\']	aff	neg
"Complete the sentence below with only one category word.\nSentence: ""A squirrel is not a ___."" Completed sentence: A squirrel is not a"	mineral	-13.223503	Ġmineral	['mamm', '___', 'bird', '(', '\\']	neg	neg
"Complete the sentence below with only one category word.\nSentence: ""A squirrel is not an ___."" Completed sentence: A squirrel is not an"	animal	-0.25375748	Ġanimal	"['animal', '\\', '**', '(', '""']"	neg	aff
"Complete the sentence below with only one category word.\nSentence: ""A cobra is a ___."" Completed sentence: A cobra is a"	reptile	-1.4281578	Ġrept	['rept', 'snake', 'venom', 'poisonous', '\\']	aff	aff
"Complete the sentence below with only one category word.\nSentence: ""A cobra is a ___."" Completed sentence: A cobra is a"	mineral	-13.362062	Ġmineral	['rept', 'snake', 'venom', 'poisonous', '\\']	aff	neg
"Complete the sentence below with only one category word.\nSentence: ""A cobra is not a ___."" Completed sentence: A cobra is not a"	mineral	-11.676527	Ġmineral	['rept', 'snake', 'mamm', 'venom', '(']	neg	neg
"Complete the sentence below with only one category word.\nSentence: ""A cobra is not a ___."" Completed sentence: A cobra is not a"	reptile	-1.455925	Ġrept	['rept', 'snake', 'mamm', 'venom', '(']	neg	aff
"Complete the sentence below with only one category word.\nSentence: ""A turtle is a ___."" Completed sentence: A turtle is a"	reptile	-1.2109604	Ġrept	['rept', '___', '\\', 'verte', '__']	aff	aff
"Complete the sentence below with only one category word.\nSentence: ""A turtle is a ___."" Completed sentence: A turtle is a"	bird	-6.856286	Ġbird	['rept', '___', '\\', 'verte', '__']	aff	neg
"Complete the sentence below with only one category word.\nSentence: ""A turtle is not a ___."" Completed sentence: A turtle is not a"	bird	-3.3842602	Ġbird	['mamm', 'rept', 'verte', '___', '(']	neg	neg
"Complete the sentence below with only one category word.\nSentence: ""A turtle is not a ___."" Completed sentence: A turtle is not a"	reptile	-2.303236	Ġrept	['mamm', 'rept', 'verte', '___', '(']	neg	aff
"Complete the sentence below with only one category word.\nSentence: ""A bird is an ___."" Completed sentence: A bird is an"	animal	-0.48420143	Ġanimal	['animal', '\\', 'Animal', '**', 'organism']	aff	aff
"Complete the sentence below with only one category word.\nSentence: ""A bird is a ___."" Completed sentence: A bird is a"	mineral	-14.52508	Ġmineral	['\\', '(', '___', 'verte', '__']	aff	neg
"Complete the sentence below with only one category word.\nSentence: ""A bird is not a ___."" Completed sentence: A bird is not a"	mineral	-10.184212	Ġmineral	['mamm', '___', '\\', '(', 'verte']	neg	neg
"Complete the sentence below with only one category word.\nSentence: ""A bird is not an ___."" Completed sentence: A bird is not an"	animal	-0.42303848	Ġanimal	['animal', '\\', '(', 'egg', 'organism']	neg	aff
"Complete the sentence below with only one category word.\nSentence: ""A car is a ___."" Completed sentence: A car is a"	vehicle	-1.3079948	Ġvehicle	['vehicle', 'transportation', 'machine', 'mode', 'four']	aff	aff
"Complete the sentence below with only one category word.\nSentence: ""A car is a ___."" Completed sentence: A car is a"	bush	-15.399708	b	['vehicle', 'transportation', 'machine', 'mode', 'four']	aff	neg
"Complete the sentence below with only one category word.\nSentence: ""A car is not a ___."" Completed sentence: A car is not a"	bush	-12.765655	Ġbush	['machine', 'vehicle', 'living', '\\', 'tool']	neg	neg
"Complete the sentence below with only one category word.\nSentence: ""A car is not a ___."" Completed sentence: A car is not a"	vehicle	-1.882164	Ġvehicle	['machine', 'vehicle', 'living', '\\', 'tool']	neg	aff
"Complete the sentence below with only one category word.\nSentence: ""A rose is a ___."" Completed sentence: A rose is a"	flower	-0.6149292	Ġflower	['flower', 'plant', '___', 'flowering', '(']	aff	aff
"Complete the sentence below with only one category word.\nSentence: ""A rose is a ___."" Completed sentence: A rose is a"	weed	-11.765563	Ġweed	['flower', 'plant', '___', 'flowering', '(']	aff	neg
"Complete the sentence below with only one category word.\nSentence: ""A rose is not a ___."" Completed sentence: A rose is not a"	weed	-8.054784	Ġweed	['flower', 'fruit', 'plant', '___', 'vegetable']	neg	neg
"Complete the sentence below with only one category word.\nSentence: ""A rose is not a ___."" Completed sentence: A rose is not a"	flower	-0.6490345	Ġflower	['flower', 'fruit', 'plant', '___', 'vegetable']	neg	aff
"Complete the sentence below with only one category word.\nSentence: ""A lily is a ___."" Completed sentence: A lily is a"	flower	-0.5254669	Ġflower	['flower', 'plant', '___', 'flowering', 'type']	aff	aff
"Complete the sentence below with only one category word.\nSentence: ""A lily is a ___."" Completed sentence: A lily is a"	tree	-9.187947	Ġtree	['flower', 'plant', '___', 'flowering', 'type']	aff	neg
"Complete the sentence below with only one category word.\nSentence: ""A lily is not a ___."" Completed sentence: A lily is not a"	tree	-4.681404	Ġtree	['flower', 'plant', '___', '(', 'vegetable']	neg	neg
"Complete the sentence below with only one category word.\nSentence: ""A lily is not a ___."" Completed sentence: A lily is not a"	flower	-0.62096786	Ġflower	['flower', 'plant', '___', '(', 'vegetable']	neg	aff
"Complete the sentence below with only one category word.\nSentence: ""A daisy is a ___."" Completed sentence: A daisy is a"	flower	-0.4463787	Ġflower	['flower', 'plant', '___', 'flowering', '__']	aff	aff
"Complete the sentence below with only one category word.\nSentence: ""A daisy is a ___."" Completed sentence: A daisy is a"	tree	-10.95085	Ġtree	['flower', 'plant', '___', 'flowering', '__']	aff	neg
"Complete the sentence below with only one category word.\nSentence: ""A daisy is not a ___."" Completed sentence: A daisy is not a"	tree	-4.53932	Ġtree	['flower', 'plant', '___', '__', 'vegetable']	neg	neg
"Complete the sentence below with only one category word.\nSentence: ""A daisy is not a ___."" Completed sentence: A daisy is not a"	flower	-0.76711655	Ġflower	['flower', 'plant', '___', '__', 'vegetable']	neg	aff
"Complete the sentence below with only one category word.\nSentence: ""A tulip is a ___."" Completed sentence: A tulip is a"	flower	-0.43375206	Ġflower	['flower', 'plant', '___', '**', 'flowering']	aff	aff
"Complete the sentence below with only one category word.\nSentence: ""A tulip is a ___."" Completed sentence: A tulip is a"	tree	-8.567762	Ġtree	['flower', 'plant', '___', '**', 'flowering']	aff	neg
"Complete the sentence below with only one category word.\nSentence: ""A tulip is not a ___."" Completed sentence: A tulip is not a"	tree	-3.8692055	Ġtree	['flower', 'plant', '___', '(', 'vegetable']	neg	neg
"Complete the sentence below with only one category word.\nSentence: ""A tulip is not a ___."" Completed sentence: A tulip is not a"	flower	-0.73622894	Ġflower	['flower', 'plant', '___', '(', 'vegetable']	neg	aff
"Complete the sentence below with only one category word.\nSentence: ""A snake is an ___."" Completed sentence: A snake is an"	animal	-0.3858242	Ġanimal	['animal', '\\', 'amphib', 'in', '**']	aff	aff
"Complete the sentence below with only one category word.\nSentence: ""A snake is a ___."" Completed sentence: A snake is a"	toy	-11.381065	Ġtoy	['rept', '\\', 'verte', '(', '____']	aff	neg
"Complete the sentence below with only one category word.\nSentence: ""A snake is not a ___."" Completed sentence: A snake is not a"	toy	-8.249351	Ġtoy	['rept', 'mamm', 'verte', 'fish', '___']	neg	neg
"Complete the sentence below with only one category word.\nSentence: ""A snake is not an ___."" Completed sentence: A snake is not an"	animal	-0.33350563	Ġanimal	['animal', 'amphib', '\\', 'insect', '(']	neg	aff
"Complete the sentence below with only one category word.\nSentence: ""A crocodile is an ___."" Completed sentence: A crocodile is an"	animal	-0.489666	Ġanimal	['animal', 'amphib', 'aquatic', '\\', '**']	aff	aff
"Complete the sentence below with only one category word.\nSentence: ""A crocodile is a ___."" Completed sentence: A crocodile is a"	mammal	-4.0827236	Ġmamm	['rept', '___', '\\', 'predator', '(']	aff	neg
"Complete the sentence below with only one category word.\nSentence: ""A crocodile is not a ___."" Completed sentence: A crocodile is not a"	mammal	-1.5108356	Ġmamm	['mamm', 'rept', 'fish', '___', 'verte']	neg	neg
"Complete the sentence below with only one category word.\nSentence: ""A crocodile is not an ___."" Completed sentence: A crocodile is not an"	animal	-0.53614616	Ġanimal	['animal', 'amphib', '___', 'aquatic', '(']	neg	aff
"Complete the sentence below with only one category word.\nSentence: ""A mice is a ___."" Completed sentence: A mice is a"	rodent	-3.6380482	Ġrod	['mamm', 'small', '\\', 'verte', 'M']	aff	aff
"Complete the sentence below with only one category word.\nSentence: ""A mice is a ___."" Completed sentence: A mice is a"	toy	-7.8843813	Ġtoy	['mamm', 'small', '\\', 'verte', 'M']	aff	neg
"Complete the sentence below with only one category word.\nSentence: ""A mice is not a ___."" Completed sentence: A mice is not a"	toy	-6.7807636	Ġtoy	['mamm', 'rod', 'verte', '___', 'rept']	neg	neg
"Complete the sentence below with only one category word.\nSentence: ""A mice is not a ___."" Completed sentence: A mice is not a"	rodent	-3.0000744	Ġrod	['mamm', 'rod', 'verte', '___', 'rept']	neg	aff
"Complete the sentence below with only one category word.\nSentence: ""A horse is an ___."" Completed sentence: A horse is an"	animal	-0.2902069	Ġanimal	['animal', '\\', 'equ', 'Animal', '(']	aff	aff
"Complete the sentence below with only one category word.\nSentence: ""A horse is a ___."" Completed sentence: A horse is a"	person	-11.134196	Ġperson	['mamm', 'four', 'domestic', 'quadr', '\\']	aff	neg
"Complete the sentence below with only one category word.\nSentence: ""A horse is not a ___."" Completed sentence: A horse is not a"	person	-7.7334948	Ġperson	['mamm', 'domestic', '___', '\\', 'four']	neg	neg
"Complete the sentence below with only one category word.\nSentence: ""A horse is not an ___."" Completed sentence: A horse is not an"	animal	-0.1948204	Ġanimal	['animal', '\\', '(', 'equ', '___']	neg	aff
"Complete the sentence below with only one category word.\nSentence: ""A mouse is an ___."" Completed sentence: A mouse is an"	animal	-0.33737564	Ġanimal	['animal', 'M', '**', '\\', 'organism']	aff	aff
"Complete the sentence below with only one category word.\nSentence: ""A mouse is a ___."" Completed sentence: A mouse is a"	toy	-8.617411	Ġtoy	['mamm', 'small', '\\', 'M', 'verte']	aff	neg
"Complete the sentence below with only one category word.\nSentence: ""A mouse is not a ___."" Completed sentence: A mouse is not a"	toy	-6.793084	Ġtoy	['mamm', '___', 'verte', 'rod', 'rept']	neg	neg
"Complete the sentence below with only one category word.\nSentence: ""A mouse is not an ___."" Completed sentence: A mouse is not an"	animal	-0.26470757	Ġanimal	['animal', 'insect', '\\', 'organism', '**']	neg	aff
"Complete the sentence below with only one category word.\nSentence: ""A salmon is a ___."" Completed sentence: A salmon is a"	fish	-0.76462936	Ġfish	['fish', 'verte', '\\', '___', 'type']	aff	aff
"Complete the sentence below with only one category word.\nSentence: ""A salmon is a ___."" Completed sentence: A salmon is a"	fruit	-9.75803	Ġfruit	['fish', 'verte', '\\', '___', 'type']	aff	neg
"Complete the sentence below with only one category word.\nSentence: ""A salmon is not a ___."" Completed sentence: A salmon is not a"	fruit	-8.043484	Ġfruit	['fish', 'mamm', '___', 'verte', '(']	neg	neg
"Complete the sentence below with only one category word.\nSentence: ""A salmon is not a ___."" Completed sentence: A salmon is not a"	fish	-0.6879349	Ġfish	['fish', 'mamm', '___', 'verte', '(']	neg	aff
"Complete the sentence below with only one category word.\nSentence: ""A carrot is a ___."" Completed sentence: A carrot is a"	vegetable	-0.5001106	Ġvegetable	['vegetable', 'plant', 'fruit', 'root', '___']	aff	aff
"Complete the sentence below with only one category word.\nSentence: ""A carrot is a ___."" Completed sentence: A carrot is a"	mineral	-12.298862	Ġmineral	['vegetable', 'plant', 'fruit', 'root', '___']	aff	neg
"Complete the sentence below with only one category word.\nSentence: ""A carrot is not a ___."" Completed sentence: A carrot is not a"	mineral	-10.157644	Ġmineral	['vegetable', 'fruit', 'root', '___', 'plant']	neg	neg
"Complete the sentence below with only one category word.\nSentence: ""A carrot is not a ___."" Completed sentence: A carrot is not a"	vegetable	-0.49594688	Ġvegetable	['vegetable', 'fruit', 'root', '___', 'plant']	neg	aff
"Complete the sentence below with only one category word.\nSentence: ""A table is a ___."" Completed sentence: A table is a"	furniture	-1.9159184	Ġfurniture	['furniture', '\\', 'piece', '**', '(']	aff	aff
"Complete the sentence below with only one category word.\nSentence: ""A table is a ___."" Completed sentence: A table is a"	toy	-10.3313465	Ġtoy	['furniture', '\\', 'piece', '**', '(']	aff	neg
"Complete the sentence below with only one category word.\nSentence: ""A table is not a ___."" Completed sentence: A table is not a"	toy	-5.410715	Ġtoy	['___', '(', 'living', 'tool', '\\']	neg	neg
"Complete the sentence below with only one category word.\nSentence: ""A table is not a ___."" Completed sentence: A table is not a"	furniture	-4.4259567	Ġfurniture	['___', '(', 'living', 'tool', '\\']	neg	aff
"Complete the sentence below with only one category word.\nSentence: ""A rabbit is a ___."" Completed sentence: A rabbit is a"	mammal	-0.55111885	Ġmamm	['mamm', '___', 'M', '\\', 'domestic']	aff	aff
"Complete the sentence below with only one category word.\nSentence: ""A rabbit is a ___."" Completed sentence: A rabbit is a"	bird	-8.106542	Ġbird	['mamm', '___', 'M', '\\', 'domestic']	aff	neg
"Complete the sentence below with only one category word.\nSentence: ""A rabbit is not a ___."" Completed sentence: A rabbit is not a"	bird	-4.418291	Ġbird	['mamm', '___', 'domestic', 'quadr', '____']	neg	neg
"Complete the sentence below with only one category word.\nSentence: ""A rabbit is not a ___."" Completed sentence: A rabbit is not a"	mammal	-0.5647049	Ġmamm	['mamm', '___', 'domestic', 'quadr', '____']	neg	aff
"Complete the sentence below with only one category word.\nSentence: ""A dog is a ___."" Completed sentence: A dog is a"	mammal	-1.0953159	Ġmamm	['mamm', 'domestic', 'four', 'pet', '___']	aff	aff
"Complete the sentence below with only one category word.\nSentence: ""A dog is a ___."" Completed sentence: A dog is a"	fish	-11.860298	Ġfish	['mamm', 'domestic', 'four', 'pet', '___']	aff	neg
"Complete the sentence below with only one category word.\nSentence: ""A dog is not a ___."" Completed sentence: A dog is not a"	fish	-5.3941574	Ġfish	['mamm', '___', 'pet', '(', 'domestic']	neg	neg
"Complete the sentence below with only one category word.\nSentence: ""A dog is not a ___."" Completed sentence: A dog is not a"	mammal	-0.8401127	Ġmamm	['mamm', '___', 'pet', '(', 'domestic']	neg	aff
"Complete the sentence below with only one category word.\nSentence: ""A deer is an ___."" Completed sentence: A deer is an"	animal	-0.27476692	Ġanimal	['animal', 'M', 'herb', '\\', '___']	aff	aff
"Complete the sentence below with only one category word.\nSentence: ""A deer is a ___."" Completed sentence: A deer is a"	plant	-4.943205	Ġplant	['mamm', 'M', '___', '\\', '(']	aff	neg
"Complete the sentence below with only one category word.\nSentence: ""A deer is not a ___."" Completed sentence: A deer is not a"	plant	-4.456787	Ġplant	['mamm', '___', '(', '______', '\\']	neg	neg
"Complete the sentence below with only one category word.\nSentence: ""A deer is not an ___."" Completed sentence: A deer is not an"	animal	-0.27949333	Ġanimal	['animal', 'herb', '\\', '(', '___']	neg	aff
"Complete the sentence below with only one category word.\nSentence: ""A whale is a ___."" Completed sentence: A whale is a"	mammal	-0.56095886	Ġmamm	['mamm', 'marine', 'M', '___', '\\']	aff	aff
"Complete the sentence below with only one category word.\nSentence: ""A whale is a ___."" Completed sentence: A whale is a"	reptile	-7.780593	Ġrept	['mamm', 'marine', 'M', '___', '\\']	aff	neg
"Complete the sentence below with only one category word.\nSentence: ""A whale is not a ___."" Completed sentence: A whale is not a"	reptile	-6.384714	Ġrept	['mamm', 'fish', '___', 'verte', '(']	neg	neg
"Complete the sentence below with only one category word.\nSentence: ""A whale is not a ___."" Completed sentence: A whale is not a"	mammal	-0.32964706	Ġmamm	['mamm', 'fish', '___', 'verte', '(']	neg	aff
"Complete the sentence below with only one category word.\nSentence: ""A desk is a ___."" Completed sentence: A desk is a"	furniture	-1.5355206	Ġfurniture	['furniture', 'piece', 'tool', '\\', 'desk']	aff	aff
"Complete the sentence below with only one category word.\nSentence: ""A desk is a ___."" Completed sentence: A desk is a"	toy	-9.540749	Ġtoy	['furniture', 'piece', 'tool', '\\', 'desk']	aff	neg
"Complete the sentence below with only one category word.\nSentence: ""A desk is not a ___."" Completed sentence: A desk is not a"	toy	-4.464546	Ġtoy	['tool', 'table', '\\', '(', 'furniture']	neg	neg
"Complete the sentence below with only one category word.\nSentence: ""A desk is not a ___."" Completed sentence: A desk is not a"	furniture	-3.1719112	Ġfurniture	['tool', 'table', '\\', '(', 'furniture']	neg	aff
"Complete the sentence below with only one category word.\nSentence: ""A bicycle is a ___."" Completed sentence: A bicycle is a"	vehicle	-1.6392269	Ġvehicle	['vehicle', 'transportation', 'mode', 'two', 'tool']	aff	aff
"Complete the sentence below with only one category word.\nSentence: ""A bicycle is a ___."" Completed sentence: A bicycle is a"	toy	-5.7676067	Ġtoy	['vehicle', 'transportation', 'mode', 'two', 'tool']	aff	neg
"Complete the sentence below with only one category word.\nSentence: ""A bicycle is not a ___."" Completed sentence: A bicycle is not a"	toy	-3.827219	Ġtoy	['vehicle', 'machine', 'tool', '(', 'car']	neg	neg
"Complete the sentence below with only one category word.\nSentence: ""A bicycle is not a ___."" Completed sentence: A bicycle is not a"	vehicle	-1.2444897	Ġvehicle	['vehicle', 'machine', 'tool', '(', 'car']	neg	aff
"Complete the sentence below with only one category word.\nSentence: ""A bat is a ___."" Completed sentence: A bat is a"	mammal	-0.49515533	Ġmamm	['mamm', 'M', 'bird', '\\', 'flying']	aff	aff
"Complete the sentence below with only one category word.\nSentence: ""A bat is a ___."" Completed sentence: A bat is a"	reptile	-6.440976	Ġrept	['mamm', 'M', 'bird', '\\', 'flying']	aff	neg
"Complete the sentence below with only one category word.\nSentence: ""A bat is not a ___."" Completed sentence: A bat is not a"	reptile	-5.256962	Ġrept	['mamm', 'bird', '___', '\\', '(']	neg	neg
"Complete the sentence below with only one category word.\nSentence: ""A bat is not a ___."" Completed sentence: A bat is not a"	mammal	-0.63822556	Ġmamm	['mamm', 'bird', '___', '\\', '(']	neg	aff
"Complete the sentence below with only one category word.\nSentence: ""A cloud is a ___."" Completed sentence: A cloud is a"	gas	-5.2058077	Ġgas	['natural', 'weather', '\\', '**', 'meteor']	aff	aff
"Complete the sentence below with only one category word.\nSentence: ""A cloud is a ___."" Completed sentence: A cloud is a"	liquid	-5.259094	Ġliquid	['natural', 'weather', '\\', '**', 'meteor']	aff	neg
"Complete the sentence below with only one category word.\nSentence: ""A cloud is not a ___."" Completed sentence: A cloud is not a"	liquid	-3.8230858	Ġliquid	['solid', 'cloud', 'living', '(', '___']	neg	neg
"Complete the sentence below with only one category word.\nSentence: ""A cloud is not a ___."" Completed sentence: A cloud is not a"	gas	-4.3096466	Ġgas	['solid', 'cloud', 'living', '(', '___']	neg	aff
"Complete the sentence below with only one category word.\nSentence: ""An Apple is a ___."" Completed sentence: An Apple is a"	fruit	-0.42006493	Ġfruit	['fruit', 'Fruit', 'F', '___', '(']	aff	aff
"Complete the sentence below with only one category word.\nSentence: ""An Apple is a ___."" Completed sentence: An Apple is a"	vegetable	-5.5991116	Ġvegetable	['fruit', 'Fruit', 'F', '___', '(']	aff	neg
"Complete the sentence below with only one category word.\nSentence: ""An Apple is not a ___."" Completed sentence: An Apple is not a"	vegetable	-2.528633	Ġvegetable	['fruit', 'Fruit', 'vegetable', 'F', '___']	neg	neg
"Complete the sentence below with only one category word.\nSentence: ""An Apple is not a ___."" Completed sentence: An Apple is not a"	fruit	-1.0885658	Ġfruit	['fruit', 'Fruit', 'vegetable', 'F', '___']	neg	aff
"Complete the sentence below with only one category word.\nSentence: ""A toy is a ___."" Completed sentence: A toy is a"	plaything	-2.226101	Ġplay	['toy', 'play', '**', '(', '____']	aff	aff
"Complete the sentence below with only one category word.\nSentence: ""A toy is a ___."" Completed sentence: A toy is a"	food	-10.156079	Ġfood	['toy', 'play', '**', '(', '____']	aff	neg
"Complete the sentence below with only one category word.\nSentence: ""A toy is not a ___."" Completed sentence: A toy is not a"	food	-5.2515945	Ġfood	['toy', 'tool', '___', 'living', '(']	neg	neg
"Complete the sentence below with only one category word.\nSentence: ""A toy is not a ___."" Completed sentence: A toy is not a"	plaything	-4.8915825	Ġplay	['toy', 'tool', '___', 'living', '(']	neg	aff
"Complete the sentence below with only one category word.\nSentence: ""A human is a ___."" Completed sentence: A human is a"	mammal	-2.1735344	Ġmamm	['living', 'mamm', '**', '___', '____']	aff	aff
"Complete the sentence below with only one category word.\nSentence: ""A human is a ___."" Completed sentence: A human is a"	fish	-11.850686	Ġfish	['living', 'mamm', '**', '___', '____']	aff	neg
"Complete the sentence below with only one category word.\nSentence: ""A human is not a ___."" Completed sentence: A human is not a"	fish	-4.2662125	Ġfish	['plant', '___', 'mamm', '\\', '(']	neg	neg
"Complete the sentence below with only one category word.\nSentence: ""A human is not a ___."" Completed sentence: A human is not a"	mammal	-2.5353832	Ġmamm	['plant', '___', 'mamm', '\\', '(']	neg	aff
"Complete the sentence below with only one category word.\nSentence: ""A hummingbird is a ___."" Completed sentence: A hummingbird is a"	bird	-0.2798462	Ġbird	['bird', '\\', '___', '__', 'small']	aff	aff
"Complete the sentence below with only one category word.\nSentence: ""A hummingbird is a ___."" Completed sentence: A hummingbird is a"	mammal	-4.631836	ĠM	['bird', '\\', '___', '__', 'small']	aff	neg
"Complete the sentence below with only one category word.\nSentence: ""A hummingbird is not a ___."" Completed sentence: A hummingbird is not a"	mammal	-2.8756447	Ġmamm	['bird', 'mamm', '___', '(', 'verte']	neg	neg
"Complete the sentence below with only one category word.\nSentence: ""A hummingbird is not a ___."" Completed sentence: A hummingbird is not a"	bird	-0.43187904	Ġbird	['bird', 'mamm', '___', '(', 'verte']	neg	aff
"Complete the sentence below with only one category word.\nSentence: ""A cauliflower is a ___."" Completed sentence: A cauliflower is a"	vegetable	-0.3366909	Ġvegetable	['vegetable', 'plant', 'fruit', '___', 'root']	aff	aff
"Complete the sentence below with only one category word.\nSentence: ""A cauliflower is a ___."" Completed sentence: A cauliflower is a"	fruit	-3.7987041	Ġfruit	['vegetable', 'plant', 'fruit', '___', 'root']	aff	neg
"Complete the sentence below with only one category word.\nSentence: ""A cauliflower is not a ___."" Completed sentence: A cauliflower is not a"	fruit	-2.2194233	Ġfruit	['vegetable', 'fruit', 'root', 'plant', '___']	neg	neg
"Complete the sentence below with only one category word.\nSentence: ""A cauliflower is not a ___."" Completed sentence: A cauliflower is not a"	vegetable	-0.37788963	Ġvegetable	['vegetable', 'fruit', 'root', 'plant', '___']	neg	aff
"Complete the sentence below with only one category word.\nSentence: ""A turnip is a ___."" Completed sentence: A turnip is a"	vegetable	-0.52048874	Ġvegetable	['vegetable', 'root', 'plant', '___', 'fruit']	aff	aff
"Complete the sentence below with only one category word.\nSentence: ""A turnip is a ___."" Completed sentence: A turnip is a"	mineral	-12.381776	Ġmineral	['vegetable', 'root', 'plant', '___', 'fruit']	aff	neg
"Complete the sentence below with only one category word.\nSentence: ""A turnip is not a ___."" Completed sentence: A turnip is not a"	mineral	-10.506878	Ġmineral	['vegetable', 'root', 'fruit', '___', 'plant']	neg	neg
"Complete the sentence below with only one category word.\nSentence: ""A turnip is not a ___."" Completed sentence: A turnip is not a"	vegetable	-0.3778324	Ġvegetable	['vegetable', 'root', 'fruit', '___', 'plant']	neg	aff
"Complete the sentence below with only one category word.\nSentence: ""A yam is a ___."" Completed sentence: A yam is a"	vegetable	-0.49577713	Ġvegetable	['vegetable', 'plant', 'root', 'fruit', 'food']	aff	aff
"Complete the sentence below with only one category word.\nSentence: ""A yam is a ___."" Completed sentence: A yam is a"	grain	-9.745848	Ġgrain	['vegetable', 'plant', 'root', 'fruit', 'food']	aff	neg
"Complete the sentence below with only one category word.\nSentence: ""A yam is not a ___."" Completed sentence: A yam is not a"	grain	-7.967223	Ġgrain	['vegetable', 'fruit', 'root', 'plant', '___']	neg	neg
"Complete the sentence below with only one category word.\nSentence: ""A yam is not a ___."" Completed sentence: A yam is not a"	vegetable	-0.62329865	Ġvegetable	['vegetable', 'fruit', 'root', 'plant', '___']	neg	aff
"Complete the sentence below with only one category word.\nSentence: ""A truck is a ___."" Completed sentence: A truck is a"	vehicle	-0.7295208	Ġvehicle	['vehicle', 'transportation', 'machine', 'mode', '(']	aff	aff
"Complete the sentence below with only one category word.\nSentence: ""A truck is a ___."" Completed sentence: A truck is a"	toy	-10.284622	Ġtoy	['vehicle', 'transportation', 'machine', 'mode', '(']	aff	neg
"Complete the sentence below with only one category word.\nSentence: ""A truck is not a ___."" Completed sentence: A truck is not a"	toy	-5.840664	Ġtoy	['vehicle', 'car', 'machine', '___', '(']	neg	neg
"Complete the sentence below with only one category word.\nSentence: ""A truck is not a ___."" Completed sentence: A truck is not a"	vehicle	-1.0056934	Ġvehicle	['vehicle', 'car', 'machine', '___', '(']	neg	aff
"Complete the sentence below with only one category word.\nSentence: ""A lamp is a ___."" Completed sentence: A lamp is a"	light	-2.1835804	Ġlight	['light', 'household', 'tool', '**', '\\']	aff	aff
"Complete the sentence below with only one category word.\nSentence: ""A lamp is a ___."" Completed sentence: A lamp is a"	clock	-12.867777	Ġclock	['light', 'household', 'tool', '**', '\\']	aff	neg
"Complete the sentence below with only one category word.\nSentence: ""A lamp is not a ___."" Completed sentence: A lamp is not a"	clock	-9.09023	Ġclock	['tool', 'light', '(', '___', 'lamp']	neg	neg
"Complete the sentence below with only one category word.\nSentence: ""A lamp is not a ___."" Completed sentence: A lamp is not a"	light	-2.6941586	Ġlight	['tool', 'light', '(', '___', 'lamp']	neg	aff
"Complete the sentence below with only one category word.\nSentence: ""A cycle is a ___."" Completed sentence: A cycle is a"	vehicle	-1.8036175	Ġvehicle	['machine', 'vehicle', 'transportation', 'tool', 'transport']	aff	aff
"Complete the sentence below with only one category word.\nSentence: ""A cycle is a ___."" Completed sentence: A cycle is a"	toy	-5.6145697	Ġtoy	['machine', 'vehicle', 'transportation', 'tool', 'transport']	aff	neg
"Complete the sentence below with only one category word.\nSentence: ""A cycle is not a ___."" Completed sentence: A cycle is not a"	toy	-4.329193	Ġtoy	"['machine', 'vehicle', 'tool', '(', '""']"	neg	neg
"Complete the sentence below with only one category word.\nSentence: ""A cycle is not a ___."" Completed sentence: A cycle is not a"	vehicle	-1.7075291	Ġvehicle	"['machine', 'vehicle', 'tool', '(', '""']"	neg	aff
"Complete the sentence below with only one category word.\nSentence: ""A crow is a ___."" Completed sentence: A crow is a"	bird	-0.34855652	Ġbird	['bird', '\\', '[', '__', '(']	aff	aff
"Complete the sentence below with only one category word.\nSentence: ""A crow is a ___."" Completed sentence: A crow is a"	vehicle	-12.039035	Ġvehicle	['bird', '\\', '[', '__', '(']	aff	neg
"Complete the sentence below with only one category word.\nSentence: ""A crow is not a ___."" Completed sentence: A crow is not a"	vehicle	-10.05937	Ġvehicle	['bird', '___', '\\', '(', 'mamm']	neg	neg
"Complete the sentence below with only one category word.\nSentence: ""A crow is not a ___."" Completed sentence: A crow is not a"	bird	-0.44869614	Ġbird	['bird', '___', '\\', '(', 'mamm']	neg	aff
"Complete the sentence below with only one category word.\nSentence: ""A pencil is a ___."" Completed sentence: A pencil is a"	tool	-1.087841	Ġtool	['tool', 'writing', 'TOOL', '\\', '**']	aff	aff
"Complete the sentence below with only one category word.\nSentence: ""A pencil is a ___."" Completed sentence: A pencil is a"	tree	-11.055402	Ġtree	['tool', 'writing', 'TOOL', '\\', '**']	aff	neg
"Complete the sentence below with only one category word.\nSentence: ""A pencil is not a ___."" Completed sentence: A pencil is not a"	tree	-6.367756	Ġtree	['tool', 'TOOL', 'pen', '\\', '(']	neg	neg
"Complete the sentence below with only one category word.\nSentence: ""A pencil is not a ___."" Completed sentence: A pencil is not a"	tool	-0.855793	Ġtool	['tool', 'TOOL', 'pen', '\\', '(']	neg	aff
"Complete the sentence below with only one category word.\nSentence: ""A snowflake is a ___."" Completed sentence: A snowflake is a"	crystal	-2.7000637	Ġcrystal	['natural', '**', '\\', 'solid', 'crystal']	aff	aff
"Complete the sentence below with only one category word.\nSentence: ""A snowflake is a ___."" Completed sentence: A snowflake is a"	liquid	-5.6933136	Ġliquid	['natural', '**', '\\', 'solid', 'crystal']	aff	neg
"Complete the sentence below with only one category word.\nSentence: ""A snowflake is not a ___."" Completed sentence: A snowflake is not a"	liquid	-4.2134933	Ġliquid	['living', 'plant', '___', 'solid', '(']	neg	neg
"Complete the sentence below with only one category word.\nSentence: ""A snowflake is not a ___."" Completed sentence: A snowflake is not a"	crystal	-4.093481	Ġcrystal	['living', 'plant', '___', 'solid', '(']	neg	aff
"Complete the sentence below with only one category word.\nSentence: ""A pearl is a ___."" Completed sentence: A pearl is a"	gem	-1.6863003	Ġgem	['gem', '\\', 'natural', 'biological', '(n']	aff	aff
"Complete the sentence below with only one category word.\nSentence: ""A pearl is a ___."" Completed sentence: A pearl is a"	fruit	-8.935212	Ġfruit	['gem', '\\', 'natural', 'biological', '(n']	aff	neg
"Complete the sentence below with only one category word.\nSentence: ""A pearl is not a ___."" Completed sentence: A pearl is not a"	fruit	-4.6691113	Ġfruit	['gem', '\\', '___', 'shell', 'rock']	neg	neg
"Complete the sentence below with only one category word.\nSentence: ""A pearl is not a ___."" Completed sentence: A pearl is not a"	gem	-2.039751	Ġgem	['gem', '\\', '___', 'shell', 'rock']	neg	aff
"Complete the sentence below with only one category word.\nSentence: ""A fish is an ___."" Completed sentence: A fish is an"	animal	-0.55013466	Ġanimal	['animal', 'aquatic', '\\', 'organism', 'Animal']	aff	aff
"Complete the sentence below with only one category word.\nSentence: ""A fish is a ___."" Completed sentence: A fish is a"	human	-9.882474	Ġhuman	['verte', '___', '\\', '__', 'living']	aff	neg
"Complete the sentence below with only one category word.\nSentence: ""A fish is not a ___."" Completed sentence: A fish is not a"	human	-5.418421	Ġhuman	['mamm', 'verte', '___', '(', '\\']	neg	neg
"Complete the sentence below with only one category word.\nSentence: ""A fish is not an ___."" Completed sentence: A fish is not an"	animal	-0.42992592	Ġanimal	['animal', 'aquatic', 'amphib', '\\', 'organism']	neg	aff
"Complete the sentence below with only one category word.\nSentence: ""A mountain is a ___."" Completed sentence: A mountain is a"	landform	-2.5446453	Ġland	['natural', 'land', 'geographical', '**', '(']	aff	aff
"Complete the sentence below with only one category word.\nSentence: ""A mountain is a ___."" Completed sentence: A mountain is a"	building	-9.366889	Ġbuilding	['natural', 'land', 'geographical', '**', '(']	aff	neg
"Complete the sentence below with only one category word.\nSentence: ""A mountain is not a ___."" Completed sentence: A mountain is not a"	building	-3.87788	Ġbuilding	['plant', 'tree', '___', '(', 'mountain']	neg	neg
"Complete the sentence below with only one category word.\nSentence: ""A mountain is not a ___."" Completed sentence: A mountain is not a"	landform	-4.6708126	Ġland	['plant', 'tree', '___', '(', 'mountain']	neg	aff
"Complete the sentence below with only one category word.\nSentence: ""A university is a ___."" Completed sentence: A university is a"	school	-2.783495	Ġschool	['place', 'building', '(', 'school', 'educational']	aff	aff
"Complete the sentence below with only one category word.\nSentence: ""A university is a ___."" Completed sentence: A university is a"	person	-8.165433	Ġperson	['place', 'building', '(', 'school', 'educational']	aff	neg
"Complete the sentence below with only one category word.\nSentence: ""A university is not a ___."" Completed sentence: A university is not a"	person	-7.0817347	Ġperson	"['building', 'place', '(', '""', 'business']"	neg	neg
"Complete the sentence below with only one category word.\nSentence: ""A university is not a ___."" Completed sentence: A university is not a"	school	-3.2737637	Ġschool	"['building', 'place', '(', '""', 'business']"	neg	aff
"Complete the sentence below with only one category word.\nSentence: ""A train is a ___."" Completed sentence: A train is a"	vehicle	-2.017723	Ġvehicle	['mode', 'transportation', 'vehicle', 'machine', 'means']	aff	aff
"Complete the sentence below with only one category word.\nSentence: ""A train is a ___."" Completed sentence: A train is a"	plant	-11.902665	Ġplant	['mode', 'transportation', 'vehicle', 'machine', 'means']	aff	neg
"Complete the sentence below with only one category word.\nSentence: ""A train is not a ___."" Completed sentence: A train is not a"	plant	-7.207079	Ġplant	['vehicle', 'machine', 'mode', '(', '___']	neg	neg
"Complete the sentence below with only one category word.\nSentence: ""A train is not a ___."" Completed sentence: A train is not a"	vehicle	-1.0831375	Ġvehicle	['vehicle', 'machine', 'mode', '(', '___']	neg	aff
"Complete the sentence below with only one category word.\nSentence: ""A duck is a ___."" Completed sentence: A duck is a"	bird	-0.7893276	Ġbird	['bird', 'water', '\\', '___', '(']	aff	aff
"Complete the sentence below with only one category word.\nSentence: ""A duck is a ___."" Completed sentence: A duck is a"	fish	-6.450242	Ġfish	['bird', 'water', '\\', '___', '(']	aff	neg
"Complete the sentence below with only one category word.\nSentence: ""A duck is not a ___."" Completed sentence: A duck is not a"	fish	-3.7721138	Ġfish	['bird', 'mamm', '___', '(', '______']	neg	neg
"Complete the sentence below with only one category word.\nSentence: ""A duck is not a ___."" Completed sentence: A duck is not a"	bird	-0.87148094	Ġbird	['bird', 'mamm', '___', '(', '______']	neg	aff
"Complete the sentence below with only one category word.\nSentence: ""A horse is a ___."" Completed sentence: A horse is a"	mammal	-1.2793312	Ġmamm	['mamm', 'four', 'domestic', 'quadr', '\\']	aff	aff
"Complete the sentence below with only one category word.\nSentence: ""A horse is an ___."" Completed sentence: A horse is an"	insect	-10.0293455	ĠIn	['animal', '\\', 'equ', 'Animal', '(']	aff	neg
"Complete the sentence below with only one category word.\nSentence: ""A horse is not an ___."" Completed sentence: A horse is not an"	insect	-6.952093	Ġinsect	['animal', '\\', '(', 'equ', '___']	neg	neg
"Complete the sentence below with only one category word.\nSentence: ""A horse is not a ___."" Completed sentence: A horse is not a"	mammal	-1.5218296	Ġmamm	['mamm', 'domestic', '___', '\\', 'four']	neg	aff
"Complete the sentence below with only one category word.\nSentence: ""A bird is a ___."" Completed sentence: A bird is a"	vertebrate	-2.6651344	Ġverte	['\\', '(', '___', 'verte', '__']	aff	aff
"Complete the sentence below with only one category word.\nSentence: ""A bird is an ___."" Completed sentence: A bird is an"	invertebrate	-6.3723526	Ġin	['animal', '\\', 'Animal', '**', 'organism']	aff	neg
"Complete the sentence below with only one category word.\nSentence: ""A bird is not an ___."" Completed sentence: A bird is not an"	invertebrate	-5.002535	Ġin	['animal', '\\', '(', 'egg', 'organism']	neg	neg
"Complete the sentence below with only one category word.\nSentence: ""A bird is not a ___."" Completed sentence: A bird is not a"	vertebrate	-2.8260975	Ġverte	['mamm', '___', '\\', '(', 'verte']	neg	aff
"Complete the sentence below with only one category word.\nSentence: ""A person is a ___."" Completed sentence: A person is a"	human	-2.7982197	Ġhuman	['living', 'human', '(', '\\', '**']	aff	aff
"Complete the sentence below with only one category word.\nSentence: ""A person is a ___."" Completed sentence: A person is a"	machine	-9.354364	Ġmachine	['living', 'human', '(', '\\', '**']	aff	neg
"Complete the sentence below with only one category word.\nSentence: ""A person is not a ___."" Completed sentence: A person is not a"	machine	-3.7212448	Ġmachine	['living', '___', '(', 'plant', '\\']	neg	neg
"Complete the sentence below with only one category word.\nSentence: ""A person is not a ___."" Completed sentence: A person is not a"	human	-3.486761	Ġhuman	['living', '___', '(', 'plant', '\\']	neg	aff
"Complete the sentence below with only one category word.\nSentence: ""A building is a ___."" Completed sentence: A building is a"	structure	-0.58232117	Ġstructure	['structure', 'man', '(', '\\', '___']	aff	aff
"Complete the sentence below with only one category word.\nSentence: ""A building is a ___."" Completed sentence: A building is a"	plant	-10.265396	Ġplant	['structure', 'man', '(', '\\', '___']	aff	neg
"Complete the sentence below with only one category word.\nSentence: ""A building is not a ___."" Completed sentence: A building is not a"	plant	-3.394617	Ġplant	['living', '___', '(', 'structure', '\\']	neg	neg
"Complete the sentence below with only one category word.\nSentence: ""A building is not a ___."" Completed sentence: A building is not a"	structure	-2.5720024	Ġstructure	['living', '___', '(', 'structure', '\\']	neg	aff
"Complete the sentence below with only one category word.\nSentence: ""A tool is an ___."" Completed sentence: A tool is an"	instrument	-1.4414062	Ġinstrument	['instrument', 'object', '**', '\\', 'in']	aff	aff
"Complete the sentence below with only one category word.\nSentence: ""A tool is a ___."" Completed sentence: A tool is a"	toy	-8.279328	Ġtoy	['tool', '**', 'machine', '\\', 'mechanical']	aff	neg
"Complete the sentence below with only one category word.\nSentence: ""A tool is not a ___."" Completed sentence: A tool is not a"	toy	-3.8041744	Ġtoy	['tool', 'machine', '___', '\\', '(']	neg	neg
"Complete the sentence below with only one category word.\nSentence: ""A tool is not an ___."" Completed sentence: A tool is not an"	instrument	-1.1687756	Ġinstrument	"['instrument', 'object', '""', '**', '\\']"	neg	aff
"Complete the sentence below with only one category word.\nSentence: ""A vegetable is a ___."" Completed sentence: A vegetable is a"	plant	-0.5370865	Ġplant	['plant', 'fruit', '___', 'food', '(']	aff	aff
"Complete the sentence below with only one category word.\nSentence: ""A vegetable is an ___."" Completed sentence: A vegetable is an"	animal	-6.573161	Ġanimal	"['edible', '___', '""', 'organism', '\\']"	aff	neg
"Complete the sentence below with only one category word.\nSentence: ""A vegetable is not an ___."" Completed sentence: A vegetable is not an"	animal	-1.0115433	Ġanimal	"['animal', '___', 'edible', '""', '(']"	neg	neg
"Complete the sentence below with only one category word.\nSentence: ""A vegetable is not a ___."" Completed sentence: A vegetable is not a"	plant	-2.550661	Ġplant	['fruit', 'plant', '___', '(', 'root']	neg	aff
"Complete the sentence below with only one category word.\nSentence: ""A banana is a ___."" Completed sentence: A banana is a"	fruit	-0.17103577	Ġfruit	['fruit', 'plant', 'vegetable', 'F', 'food']	aff	aff
"Complete the sentence below with only one category word.\nSentence: ""A banana is a ___."" Completed sentence: A banana is a"	vegetable	-3.8969383	Ġvegetable	['fruit', 'plant', 'vegetable', 'F', 'food']	aff	neg
"Complete the sentence below with only one category word.\nSentence: ""A banana is not a ___."" Completed sentence: A banana is not a"	vegetable	-2.023325	Ġvegetable	['fruit', 'vegetable', '___', 'plant', '(']	neg	neg
"Complete the sentence below with only one category word.\nSentence: ""A banana is not a ___."" Completed sentence: A banana is not a"	fruit	-0.439476	Ġfruit	['fruit', 'vegetable', '___', 'plant', '(']	neg	aff
"Complete the sentence below with only one category word.\nSentence: ""A jackfruit is a ___."" Completed sentence: A jackfruit is a"	fruit	-0.25489998	Ġfruit	['fruit', 'tree', 'tropical', '___', 'plant']	aff	aff
"Complete the sentence below with only one category word.\nSentence: ""A jackfruit is a ___."" Completed sentence: A jackfruit is a"	rock	-13.670882	Ġrock	['fruit', 'tree', 'tropical', '___', 'plant']	aff	neg
"Complete the sentence below with only one category word.\nSentence: ""A jackfruit is not a ___."" Completed sentence: A jackfruit is not a"	rock	-10.277352	Ġrock	['fruit', '___', 'tree', 'vegetable', 'plant']	neg	neg
"Complete the sentence below with only one category word.\nSentence: ""A jackfruit is not a ___."" Completed sentence: A jackfruit is not a"	fruit	-0.6118698	Ġfruit	['fruit', '___', 'tree', 'vegetable', 'plant']	neg	aff
"Complete the sentence below with only one category word.\nSentence: ""A chicken is a ___."" Completed sentence: A chicken is a"	bird	-1.8100071	Ġbird	['bird', 'domestic', '\\', '___', 'verte']	aff	aff
"Complete the sentence below with only one category word.\nSentence: ""A chicken is a ___."" Completed sentence: A chicken is a"	mammal	-3.3514366	Ġmamm	['bird', 'domestic', '\\', '___', 'verte']	aff	neg
"Complete the sentence below with only one category word.\nSentence: ""A chicken is not a ___."" Completed sentence: A chicken is not a"	mammal	-1.9704514	Ġmamm	['bird', 'mamm', '___', '\\', 'verte']	neg	neg
"Complete the sentence below with only one category word.\nSentence: ""A chicken is not a ___."" Completed sentence: A chicken is not a"	bird	-1.4822865	Ġbird	['bird', 'mamm', '___', '\\', 'verte']	neg	aff
"Complete the sentence below with only one category word.\nSentence: ""A robin is a ___."" Completed sentence: A robin is a"	bird	-0.22540665	Ġbird	['bird', '___', 'small', 'M', '\\']	aff	aff
"Complete the sentence below with only one category word.\nSentence: ""A robin is a ___."" Completed sentence: A robin is a"	mammal	-4.294348	ĠM	['bird', '___', 'small', 'M', '\\']	aff	neg
"Complete the sentence below with only one category word.\nSentence: ""A robin is not a ___."" Completed sentence: A robin is not a"	mammal	-3.0450401	Ġmamm	['bird', 'mamm', '___', '(', '______']	neg	neg
"Complete the sentence below with only one category word.\nSentence: ""A robin is not a ___."" Completed sentence: A robin is not a"	bird	-0.46481895	Ġbird	['bird', 'mamm', '___', '(', '______']	neg	aff
"Complete the sentence below with only one category word.\nSentence: ""A tiger is an ___."" Completed sentence: A tiger is an"	animal	-0.41083145	Ġanimal	['animal', '**', '\\', 'M', '(']	aff	aff
"Complete the sentence below with only one category word.\nSentence: ""A tiger is a ___."" Completed sentence: A tiger is a"	machine	-12.453734	Ġmachine	['mamm', 'carniv', 'M', '\\', '(']	aff	neg
"Complete the sentence below with only one category word.\nSentence: ""A tiger is not a ___."" Completed sentence: A tiger is not a"	machine	-10.050254	Ġmachine	['mamm', '___', 'domestic', '(', '______']	neg	neg
"Complete the sentence below with only one category word.\nSentence: ""A tiger is not an ___."" Completed sentence: A tiger is not an"	animal	-0.34129333	Ġanimal	"['animal', '(', '\\', '""', '___']"	neg	aff
"Complete the sentence below with only one category word.\nSentence: ""A mammal is an ___."" Completed sentence: A mammal is an"	animal	-0.3041191	Ġanimal	"['animal', '""', '___', 'organism', '\\']"	aff	aff
"Complete the sentence below with only one category word.\nSentence: ""A mammal is a ___."" Completed sentence: A mammal is a"	plant	-7.2550564	Ġplant	['___', 'verte', 'warm', '__', '____']	aff	neg
"Complete the sentence below with only one category word.\nSentence: ""A mammal is not a ___."" Completed sentence: A mammal is not a"	plant	-3.6096992	Ġplant	['fish', 'rept', '___', '______', 'bird']	neg	neg
"Complete the sentence below with only one category word.\nSentence: ""A mammal is not an ___."" Completed sentence: A mammal is not an"	animal	-1.3684063	Ġanimal	"['animal', 'insect', '___', 'amphib', '""']"	neg	aff
"Complete the sentence below with only one category word.\nSentence: ""A reptile is an ___."" Completed sentence: A reptile is an"	animal	-0.37534332	Ġanimal	['animal', 'amphib', '___', 'in', '\\']	aff	aff
"Complete the sentence below with only one category word.\nSentence: ""A reptile is a ___."" Completed sentence: A reptile is a"	tool	-12.713963	Ġtool	['___', 'cold', '\\', '______', '__']	aff	neg
"Complete the sentence below with only one category word.\nSentence: ""A reptile is not a ___."" Completed sentence: A reptile is not a"	tool	-11.521113	Ġtool	['mamm', 'fish', '___', '______', 'bird']	neg	neg
"Complete the sentence below with only one category word.\nSentence: ""A reptile is not an ___."" Completed sentence: A reptile is not an"	animal	-1.1590824	Ġanimal	"['amphib', 'animal', '___', '\\', '""']"	neg	aff
"Complete the sentence below with only one category word.\nSentence: ""A bison is a ___."" Completed sentence: A bison is a"	mammal	-0.476326	Ġmamm	['mamm', 'large', 'herb', 'M', 'quadr']	aff	aff
"Complete the sentence below with only one category word.\nSentence: ""A bison is a ___."" Completed sentence: A bison is a"	bird	-9.040607	Ġbird	['mamm', 'large', 'herb', 'M', 'quadr']	aff	neg
"Complete the sentence below with only one category word.\nSentence: ""A bison is not a ___."" Completed sentence: A bison is not a"	bird	-3.6836033	Ġbird	['mamm', '___', 'quadr', 'domestic', '(']	neg	neg
"Complete the sentence below with only one category word.\nSentence: ""A bison is not a ___."" Completed sentence: A bison is not a"	mammal	-0.72255325	Ġmamm	['mamm', '___', 'quadr', 'domestic', '(']	neg	aff
"Complete the sentence below with only one category word.\nSentence: ""A plane is a ___."" Completed sentence: A plane is a"	vehicle	-1.1738167	Ġvehicle	['vehicle', 'machine', 'transportation', 'mode', '\\']	aff	aff
"Complete the sentence below with only one category word.\nSentence: ""A plane is a ___."" Completed sentence: A plane is a"	person	-9.14012	Ġperson	['vehicle', 'machine', 'transportation', 'mode', '\\']	aff	neg
"Complete the sentence below with only one category word.\nSentence: ""A plane is not a ___."" Completed sentence: A plane is not a"	person	-7.2409716	Ġperson	['vehicle', 'machine', '(', 'bird', '___']	neg	neg
"Complete the sentence below with only one category word.\nSentence: ""A plane is not a ___."" Completed sentence: A plane is not a"	vehicle	-1.1583652	Ġvehicle	['vehicle', 'machine', '(', 'bird', '___']	neg	aff
"Complete the sentence below with only one category word.\nSentence: ""A chair is a ___."" Completed sentence: A chair is a"	furniture	-1.6047173	Ġfurniture	['furniture', '\\', 'piece', '(', '**']	aff	aff
"Complete the sentence below with only one category word.\nSentence: ""A chair is a ___."" Completed sentence: A chair is a"	person	-8.196501	Ġperson	['furniture', '\\', 'piece', '(', '**']	aff	neg
"Complete the sentence below with only one category word.\nSentence: ""A chair is not a ___."" Completed sentence: A chair is not a"	person	-6.535508	Ġperson	['tool', '\\', 'living', '(', '___']	neg	neg
"Complete the sentence below with only one category word.\nSentence: ""A chair is not a ___."" Completed sentence: A chair is not a"	furniture	-4.3130226	Ġfurniture	['tool', '\\', 'living', '(', '___']	neg	aff
"Complete the sentence below with only one category word.\nSentence: ""A ruler is a ___."" Completed sentence: A ruler is a"	tool	-1.0844536	Ġtool	['tool', 'measuring', '**', 'measurement', '____']	aff	aff
"Complete the sentence below with only one category word.\nSentence: ""A ruler is an ___."" Completed sentence: A ruler is an"	animal	-9.317073	Ġanimal	['instrument', '**', 'object', 'Instrument', '\\']	aff	neg
"Complete the sentence below with only one category word.\nSentence: ""A ruler is not an ___."" Completed sentence: A ruler is not an"	animal	-5.468029	Ġanimal	['instrument', 'object', '**', '\\', '(']	neg	neg
"Complete the sentence below with only one category word.\nSentence: ""A ruler is not a ___."" Completed sentence: A ruler is not a"	tool	-0.7118492	Ġtool	['tool', '___', 'measuring', '\\', '(']	neg	aff
"Complete the sentence below with only one category word.\nSentence: ""A book is a ___."" Completed sentence: A book is a"	literature	-6.4372435	Ġliterature	['\\', '**', '(', 'medium', 'literary']	aff	aff
"Complete the sentence below with only one category word.\nSentence: ""A book is a ___."" Completed sentence: A book is a"	furniture	-9.127618	Ġfurniture	['\\', '**', '(', 'medium', 'literary']	aff	neg
"Complete the sentence below with only one category word.\nSentence: ""A book is not a ___."" Completed sentence: A book is not a"	furniture	-8.017367	Ġfurniture	['tool', '___', '(', 'toy', '\\']	neg	neg
"Complete the sentence below with only one category word.\nSentence: ""A book is not a ___."" Completed sentence: A book is not a"	literature	-9.875893	Ġliterature	['tool', '___', '(', 'toy', '\\']	neg	aff
"Complete the sentence below with only one category word.\nSentence: ""A pencil is a ___."" Completed sentence: A pencil is a"	stationary	-4.6322975	Ġstationary	['tool', 'writing', 'TOOL', '\\', '**']	aff	aff
"Complete the sentence below with only one category word.\nSentence: ""A pencil is a ___."" Completed sentence: A pencil is a"	food	-12.07487	Ġfood	['tool', 'writing', 'TOOL', '\\', '**']	aff	neg
"Complete the sentence below with only one category word.\nSentence: ""A pencil is not a ___."" Completed sentence: A pencil is not a"	food	-7.345642	Ġfood	['tool', 'TOOL', 'pen', '\\', '(']	neg	neg
"Complete the sentence below with only one category word.\nSentence: ""A pencil is not a ___."" Completed sentence: A pencil is not a"	stationary	-6.1043825	Ġstationary	['tool', 'TOOL', 'pen', '\\', '(']	neg	aff
"Complete the sentence below with only one category word.\nSentence: ""A phone is an ___."" Completed sentence: A phone is an"	instrument	-4.4648666	Ġinstrument	['electronic', '**', 'electrical', 'Electronic', 'appliance']	aff	aff
"Complete the sentence below with only one category word.\nSentence: ""A phone is a ___."" Completed sentence: A phone is a"	valley	-16.32685	ĠValley	['communication', 'electronic', 'device', '**', 'tool']	aff	neg
"Complete the sentence below with only one category word.\nSentence: ""A phone is not a ___."" Completed sentence: A phone is not a"	valley	-16.231356	Ġvalley	['tool', '___', '(', 'gadget', '____']	neg	neg
"Complete the sentence below with only one category word.\nSentence: ""A phone is not an ___."" Completed sentence: A phone is not an"	instrument	-2.6354847	Ġinstrument	['electronic', 'appliance', 'accessory', 'instrument', 'electrical']	neg	aff
"Complete the sentence below with only one category word.\nSentence: ""A mouse is a ___."" Completed sentence: A mouse is a"	mammal	-1.2336369	Ġmamm	['mamm', 'small', '\\', 'M', 'verte']	aff	aff
"Complete the sentence below with only one category word.\nSentence: ""A mouse is a ___."" Completed sentence: A mouse is a"	reptile	-4.774643	Ġrept	['mamm', 'small', '\\', 'M', 'verte']	aff	neg
"Complete the sentence below with only one category word.\nSentence: ""A mouse is not a ___."" Completed sentence: A mouse is not a"	reptile	-3.195675	Ġrept	['mamm', '___', 'verte', 'rod', 'rept']	neg	neg
"Complete the sentence below with only one category word.\nSentence: ""A mouse is not a ___."" Completed sentence: A mouse is not a"	mammal	-1.0884418	Ġmamm	['mamm', '___', 'verte', 'rod', 'rept']	neg	aff
"Complete the sentence below with only one category word.\nSentence: ""A creeper is a ___."" Completed sentence: A creeper is a"	plant	-0.32967377	Ġplant	['plant', 'vine', 'living', '\\', 'climbing']	aff	aff
"Complete the sentence below with only one category word.\nSentence: ""A creeper is a ___."" Completed sentence: A creeper is a"	fish	-11.9517565	Ġfish	['plant', 'vine', 'living', '\\', 'climbing']	aff	neg
"Complete the sentence below with only one category word.\nSentence: ""A creeper is not a ___."" Completed sentence: A creeper is not a"	fish	-8.015891	Ġfish	['plant', 'tree', '___', '(', '\\']	neg	neg
"Complete the sentence below with only one category word.\nSentence: ""A creeper is not a ___."" Completed sentence: A creeper is not a"	plant	-0.6246605	Ġplant	['plant', 'tree', '___', '(', '\\']	neg	aff
"Complete the sentence below with only one category word.\nSentence: ""A teacher is a ___."" Completed sentence: A teacher is a"	person	-2.7416534	Ġperson	['professional', 'profession', 'person', '\\', 'human']	aff	aff
"Complete the sentence below with only one category word.\nSentence: ""A teacher is a ___."" Completed sentence: A teacher is a"	thing	-11.354151	Ġthing	['professional', 'profession', 'person', '\\', 'human']	aff	neg
"Complete the sentence below with only one category word.\nSentence: ""A teacher is not a ___."" Completed sentence: A teacher is not a"	thing	-9.046008	Ġthing	"['professional', 'profession', '""', '(', '___']"	neg	neg
"Complete the sentence below with only one category word.\nSentence: ""A teacher is not a ___."" Completed sentence: A teacher is not a"	person	-4.324955	Ġperson	"['professional', 'profession', '""', '(', '___']"	neg	aff
"Complete the sentence below with only one category word.\nSentence: ""A doctor is a ___."" Completed sentence: A doctor is a"	person	-3.8805885	Ġperson	['professional', 'profession', 'healthcare', '\\', 'medical']	aff	aff
"Complete the sentence below with only one category word.\nSentence: ""A doctor is an ___."" Completed sentence: A doctor is an"	animal	-6.87311	Ġanimal	"['\\', '**', 'occupation', '""', 'occupational']"	aff	neg
"Complete the sentence below with only one category word.\nSentence: ""A doctor is not an ___."" Completed sentence: A doctor is not an"	animal	-4.54043	Ġanimal	"['""', '\\', '(', 'occupation', '**']"	neg	neg
"Complete the sentence below with only one category word.\nSentence: ""A doctor is not a ___."" Completed sentence: A doctor is not a"	person	-5.4881897	Ġperson	"['professional', 'profession', '\\', '""', '(']"	neg	aff
"Complete the sentence below with only one category word.\nSentence: ""A lizard is a ___."" Completed sentence: A lizard is a"	reptile	-0.6024189	Ġrept	['rept', '___', '__', '\\', 'verte']	aff	aff
"Complete the sentence below with only one category word.\nSentence: ""A lizard is a ___."" Completed sentence: A lizard is a"	mammal	-5.2521343	Ġmamm	['rept', '___', '__', '\\', 'verte']	aff	neg
"Complete the sentence below with only one category word.\nSentence: ""A lizard is not a ___."" Completed sentence: A lizard is not a"	mammal	-1.8554726	Ġmamm	['mamm', 'rept', 'fish', '___', 'verte']	neg	neg
"Complete the sentence below with only one category word.\nSentence: ""A lizard is not a ___."" Completed sentence: A lizard is not a"	reptile	-1.8700237	Ġrept	['mamm', 'rept', 'fish', '___', 'verte']	neg	aff
"Complete the sentence below with only one category word.\nSentence: ""A skyscraper is a ___."" Completed sentence: A skyscraper is a"	building	-1.7012043	Ġbuilding	['structure', 'man', 'building', 'tall', '**']	aff	aff
"Complete the sentence below with only one category word.\nSentence: ""A skyscraper is a ___."" Completed sentence: A skyscraper is a"	fish	-17.393982	Ġfish	['structure', 'man', 'building', 'tall', '**']	aff	neg
"Complete the sentence below with only one category word.\nSentence: ""A skyscraper is not a ___."" Completed sentence: A skyscraper is not a"	fish	-10.195056	Ġfish	['building', 'structure', 'house', '(', 'tree']	neg	neg
"Complete the sentence below with only one category word.\nSentence: ""A skyscraper is not a ___."" Completed sentence: A skyscraper is not a"	building	-0.92639923	Ġbuilding	['building', 'structure', 'house', '(', 'tree']	neg	aff
"Complete the sentence below with only one category word.\nSentence: ""A barn is a ___."" Completed sentence: A barn is a"	building	-1.537878	Ġbuilding	['structure', 'building', '(', 'man', 'place']	aff	aff
"Complete the sentence below with only one category word.\nSentence: ""A barn is a ___."" Completed sentence: A barn is a"	bird	-12.33538	Ġbird	['structure', 'building', '(', 'man', 'place']	aff	neg
"Complete the sentence below with only one category word.\nSentence: ""A barn is not a ___."" Completed sentence: A barn is not a"	bird	-6.7815895	Ġbird	['building', 'house', 'structure', '___', '\\']	neg	neg
"Complete the sentence below with only one category word.\nSentence: ""A barn is not a ___."" Completed sentence: A barn is not a"	building	-1.3478756	Ġbuilding	['building', 'house', 'structure', '___', '\\']	neg	aff
"Complete the sentence below with only one category word.\nSentence: ""A rock is a ___."" Completed sentence: A rock is a"	solid	-2.9396496	Ġsolid	['natural', 'mineral', '\\', 'solid', 'physical']	aff	aff
"Complete the sentence below with only one category word.\nSentence: ""A rock is a ___."" Completed sentence: A rock is a"	liquid	-8.717081	Ġliquid	['natural', 'mineral', '\\', 'solid', 'physical']	aff	neg
"Complete the sentence below with only one category word.\nSentence: ""A rock is not a ___."" Completed sentence: A rock is not a"	liquid	-3.3161964	Ġliquid	['living', 'plant', '___', 'mineral', 'solid']	neg	neg
"Complete the sentence below with only one category word.\nSentence: ""A rock is not a ___."" Completed sentence: A rock is not a"	solid	-3.2786179	Ġsolid	['living', 'plant', '___', 'mineral', 'solid']	neg	aff
"Complete the sentence below with only one category word.\nSentence: ""A hammer is a ___."" Completed sentence: A hammer is a"	tool	-0.28697586	Ġtool	['tool', 'TOOL', '\\', '**', '____']	aff	aff
"Complete the sentence below with only one category word.\nSentence: ""A hammer is a ___."" Completed sentence: A hammer is a"	plant	-12.776531	Ġplant	['tool', 'TOOL', '\\', '**', '____']	aff	neg
"Complete the sentence below with only one category word.\nSentence: ""A hammer is not a ___."" Completed sentence: A hammer is not a"	plant	-8.724573	Ġplant	['tool', 'TOOL', '(', 'weapon', '__']	neg	neg
"Complete the sentence below with only one category word.\nSentence: ""A hammer is not a ___."" Completed sentence: A hammer is not a"	tool	-0.31570625	Ġtool	['tool', 'TOOL', '(', 'weapon', '__']	neg	aff
"Complete the sentence below with only one category word.\nSentence: ""A hotel is a ___."" Completed sentence: A hotel is a"	building	-2.314703	Ġbuilding	['place', 'business', 'building', 'commercial', '(']	aff	aff
"Complete the sentence below with only one category word.\nSentence: ""A hotel is a ___."" Completed sentence: A hotel is a"	machine	-11.565578	Ġmachine	['place', 'business', 'building', 'commercial', '(']	aff	neg
"Complete the sentence below with only one category word.\nSentence: ""A hotel is not a ___."" Completed sentence: A hotel is not a"	machine	-7.9744635	Ġmachine	"['place', 'building', '(', '___', '""']"	neg	neg
"Complete the sentence below with only one category word.\nSentence: ""A hotel is not a ___."" Completed sentence: A hotel is not a"	building	-2.6546707	Ġbuilding	"['place', 'building', '(', '___', '""']"	neg	aff
"Complete the sentence below with only one category word.\nSentence: ""A cactus is a ___."" Completed sentence: A cactus is a"	plant	-0.6615677	Ġplant	['plant', '___', '__', '**', '(']	aff	aff
"Complete the sentence below with only one category word.\nSentence: ""A cactus is a ___."" Completed sentence: A cactus is a"	fish	-13.109026	Ġfish	['plant', '___', '__', '**', '(']	aff	neg
"Complete the sentence below with only one category word.\nSentence: ""A cactus is not a ___."" Completed sentence: A cactus is not a"	fish	-5.8574867	Ġfish	['plant', '___', 'tree', 'vegetable', 'fruit']	neg	neg
"Complete the sentence below with only one category word.\nSentence: ""A cactus is not a ___."" Completed sentence: A cactus is not a"	plant	-0.7044163	Ġplant	['plant', '___', 'tree', 'vegetable', 'fruit']	neg	aff
"Complete the sentence below with only one category word.\nSentence: ""A bush is a ___."" Completed sentence: A bush is a"	plant	-0.51579475	Ġplant	['plant', '___', '(', 'living', '\\']	aff	aff
"Complete the sentence below with only one category word.\nSentence: ""A bush is a ___."" Completed sentence: A bush is a"	fish	-16.181063	Ġfish	['plant', '___', '(', 'living', '\\']	aff	neg
"Complete the sentence below with only one category word.\nSentence: ""A bush is not a ___."" Completed sentence: A bush is not a"	fish	-8.895888	Ġfish	['tree', 'plant', '___', '(', '__']	neg	neg
"Complete the sentence below with only one category word.\nSentence: ""A bush is not a ___."" Completed sentence: A bush is not a"	plant	-1.2900124	Ġplant	['tree', 'plant', '___', '(', '__']	neg	aff
"Complete the sentence below with only one category word.\nSentence: ""A herb is a ___."" Completed sentence: A herb is a"	plant	-0.3466301	Ġplant	['plant', '___', 'living', 'type', 'leaf']	aff	aff
"Complete the sentence below with only one category word.\nSentence: ""A herb is a ___."" Completed sentence: A herb is a"	fish	-15.152151	Ġfish	['plant', '___', 'living', 'type', 'leaf']	aff	neg
"Complete the sentence below with only one category word.\nSentence: ""A herb is not a ___."" Completed sentence: A herb is not a"	fish	-8.725696	Ġfish	['plant', 'vegetable', '___', 'fruit', '(']	neg	neg
"Complete the sentence below with only one category word.\nSentence: ""A herb is not a ___."" Completed sentence: A herb is not a"	plant	-1.0448227	Ġplant	['plant', 'vegetable', '___', 'fruit', '(']	neg	aff
"Complete the sentence below with only one category word.\nSentence: ""A vine is a ___."" Completed sentence: A vine is a"	plant	-0.38604355	Ġplant	['plant', 'living', '___', '\\', '__']	aff	aff
"Complete the sentence below with only one category word.\nSentence: ""A vine is a ___."" Completed sentence: A vine is a"	fish	-14.644264	Ġfish	['plant', 'living', '___', '\\', '__']	aff	neg
"Complete the sentence below with only one category word.\nSentence: ""A vine is not a ___."" Completed sentence: A vine is not a"	fish	-8.495633	Ġfish	['plant', '___', 'tree', 'fruit', '(']	neg	neg
"Complete the sentence below with only one category word.\nSentence: ""A vine is not a ___."" Completed sentence: A vine is not a"	plant	-0.73980904	Ġplant	['plant', '___', 'tree', 'fruit', '(']	neg	aff
"Complete the sentence below with only one category word.\nSentence: ""A lily is a ___."" Completed sentence: A lily is a"	plant	-1.711771	Ġplant	['flower', 'plant', '___', 'flowering', 'type']	aff	aff
"Complete the sentence below with only one category word.\nSentence: ""A lily is a ___."" Completed sentence: A lily is a"	person	-11.508584	Ġperson	['flower', 'plant', '___', 'flowering', 'type']	aff	neg
"Complete the sentence below with only one category word.\nSentence: ""A lily is not a ___."" Completed sentence: A lily is not a"	person	-9.306378	Ġperson	['flower', 'plant', '___', '(', 'vegetable']	neg	neg
"Complete the sentence below with only one category word.\nSentence: ""A lily is not a ___."" Completed sentence: A lily is not a"	plant	-1.8314857	Ġplant	['flower', 'plant', '___', '(', 'vegetable']	neg	aff
"Complete the sentence below with only one category word.\nSentence: ""An airplane is a ___."" Completed sentence: An airplane is a"	vehicle	-1.5273781	Ġvehicle	['vehicle', 'machine', 'mode', 'transportation', 'means']	aff	aff
"Complete the sentence below with only one category word.\nSentence: ""An airplane is a ___."" Completed sentence: An airplane is a"	drink	-17.026966	Ġdrink	['vehicle', 'machine', 'mode', 'transportation', 'means']	aff	neg
"Complete the sentence below with only one category word.\nSentence: ""An airplane is not a ___."" Completed sentence: An airplane is not a"	drink	-11.902509	Ġdrink	['vehicle', 'machine', '(', 'bird', 'mode']	neg	neg
"Complete the sentence below with only one category word.\nSentence: ""An airplane is not a ___."" Completed sentence: An airplane is not a"	vehicle	-1.1693325	Ġvehicle	['vehicle', 'machine', '(', 'bird', 'mode']	neg	aff
"Complete the sentence below with only one category word.\nSentence: ""A phone is a ___."" Completed sentence: A phone is a"	gadget	-4.0579834	Ġgadget	['communication', 'electronic', 'device', '**', 'tool']	aff	aff
"Complete the sentence below with only one category word.\nSentence: ""A phone is a ___."" Completed sentence: A phone is a"	food	-12.899961	Ġfood	['communication', 'electronic', 'device', '**', 'tool']	aff	neg
"Complete the sentence below with only one category word.\nSentence: ""A phone is not a ___."" Completed sentence: A phone is not a"	food	-7.5320873	Ġfood	['tool', '___', '(', 'gadget', '____']	neg	neg
"Complete the sentence below with only one category word.\nSentence: ""A phone is not a ___."" Completed sentence: A phone is not a"	gadget	-3.2449074	Ġgadget	['tool', '___', '(', 'gadget', '____']	neg	aff
"Complete the sentence below with only one category word.\nSentence: ""A turtle is an ___."" Completed sentence: A turtle is an"	animal	-0.5203209	Ġanimal	['animal', 'in', '\\', 'amphib', 'aquatic']	aff	aff
"Complete the sentence below with only one category word.\nSentence: ""A turtle is a ___."" Completed sentence: A turtle is a"	toy	-10.234645	Ġtoy	['rept', '___', '\\', 'verte', '__']	aff	neg
"Complete the sentence below with only one category word.\nSentence: ""A turtle is not a ___."" Completed sentence: A turtle is not a"	toy	-8.500874	Ġtoy	['mamm', 'rept', 'verte', '___', '(']	neg	neg
"Complete the sentence below with only one category word.\nSentence: ""A turtle is not an ___."" Completed sentence: A turtle is not an"	animal	-0.5056629	Ġanimal	['animal', 'amphib', '\\', '(', '___']	neg	aff
"Complete the sentence below with only one category word.\nSentence: ""A vegetable is a ___."" Completed sentence: A vegetable is a"	food	-2.890257	Ġfood	['plant', 'fruit', '___', 'food', '(']	aff	aff
"Complete the sentence below with only one category word.\nSentence: ""A vegetable is a ___."" Completed sentence: A vegetable is a"	drink	-14.257347	Ġdrink	['plant', 'fruit', '___', 'food', '(']	aff	neg
"Complete the sentence below with only one category word.\nSentence: ""A vegetable is not a ___."" Completed sentence: A vegetable is not a"	drink	-11.061466	Ġdrink	['fruit', 'plant', '___', '(', 'root']	neg	neg
"Complete the sentence below with only one category word.\nSentence: ""A vegetable is not a ___."" Completed sentence: A vegetable is not a"	food	-4.5765533	Ġfood	['fruit', 'plant', '___', '(', 'root']	neg	aff
"Complete the sentence below with only one category word.\nSentence: ""A lark is a ___."" Completed sentence: A lark is a"	bird	-0.3116703	Ġbird	['bird', 'song', 'small', '(', 'type']	aff	aff
"Complete the sentence below with only one category word.\nSentence: ""A lark is a ___."" Completed sentence: A lark is a"	mammal	-4.8659916	ĠM	['bird', 'song', 'small', '(', 'type']	aff	neg
"Complete the sentence below with only one category word.\nSentence: ""A lark is not a ___."" Completed sentence: A lark is not a"	mammal	-4.7378006	Ġmamm	['bird', 'song', '(', '______', '___']	neg	neg
"Complete the sentence below with only one category word.\nSentence: ""A lark is not a ___."" Completed sentence: A lark is not a"	bird	-0.44195747	Ġbird	['bird', 'song', '(', '______', '___']	neg	aff
"Complete the sentence below with only one category word.\nSentence: ""A thrush is a ___."" Completed sentence: A thrush is a"	bird	-0.289299	Ġbird	['bird', 'song', 'type', '___', '__']	aff	aff
"Complete the sentence below with only one category word.\nSentence: ""A thrush is a ___."" Completed sentence: A thrush is a"	reptile	-10.166122	Ġrept	['bird', 'song', 'type', '___', '__']	aff	neg
"Complete the sentence below with only one category word.\nSentence: ""A thrush is not a ___."" Completed sentence: A thrush is not a"	reptile	-6.8038206	Ġrept	['bird', '___', '(', '______', 'song']	neg	neg
"Complete the sentence below with only one category word.\nSentence: ""A thrush is not a ___."" Completed sentence: A thrush is not a"	bird	-0.5402546	Ġbird	['bird', '___', '(', '______', 'song']	neg	aff
"Complete the sentence below with only one category word.\nSentence: ""A canary is a ___."" Completed sentence: A canary is a"	bird	-0.19676971	Ġbird	['bird', 'pet', 'cage', 'small', '___']	aff	aff
"Complete the sentence below with only one category word.\nSentence: ""A canary is a ___."" Completed sentence: A canary is a"	mineral	-16.363613	Ġmineral	['bird', 'pet', 'cage', 'small', '___']	aff	neg
"Complete the sentence below with only one category word.\nSentence: ""A canary is not a ___."" Completed sentence: A canary is not a"	mineral	-12.409688	Ġmineral	['bird', 'mamm', '___', '(', 'pet']	neg	neg
"Complete the sentence below with only one category word.\nSentence: ""A canary is not a ___."" Completed sentence: A canary is not a"	bird	-0.566391	Ġbird	['bird', 'mamm', '___', '(', 'pet']	neg	aff
"Complete the sentence below with only one category word.\nSentence: ""A human is an ___."" Completed sentence: A human is an"	animal	-0.63238144	Ġanimal	['animal', 'organism', '**', '\\', '(']	aff	aff
"Complete the sentence below with only one category word.\nSentence: ""A human is a ___."" Completed sentence: A human is a"	mineral	-12.684965	Ġmineral	['living', 'mamm', '**', '___', '____']	aff	neg
"Complete the sentence below with only one category word.\nSentence: ""A human is not a ___."" Completed sentence: A human is not a"	mineral	-8.73708	Ġmineral	['plant', '___', 'mamm', '\\', '(']	neg	neg
"Complete the sentence below with only one category word.\nSentence: ""A human is not an ___."" Completed sentence: A human is not an"	animal	-0.2125206	Ġanimal	['animal', 'organism', '(', '**', '\\']	neg	aff
"Complete the sentence below with only one category word.\nSentence: ""A chair is a ___."" Completed sentence: A chair is a"	seat	-5.440464	Ġseat	['furniture', '\\', 'piece', '(', '**']	aff	aff
"Complete the sentence below with only one category word.\nSentence: ""A chair is a ___."" Completed sentence: A chair is a"	mammal	-6.131034	ĠM	['furniture', '\\', 'piece', '(', '**']	aff	neg
"Complete the sentence below with only one category word.\nSentence: ""A chair is not a ___."" Completed sentence: A chair is not a"	mammal	-6.963688	ĠM	['tool', '\\', 'living', '(', '___']	neg	neg
"Complete the sentence below with only one category word.\nSentence: ""A chair is not a ___."" Completed sentence: A chair is not a"	seat	-6.40417	Ġseat	['tool', '\\', 'living', '(', '___']	neg	aff
"Complete the sentence below with only one category word.\nSentence: ""A pine is a ___."" Completed sentence: A pine is a"	tree	-0.6219616	Ġtree	['tree', 'plant', '___', 'con', '____']	aff	aff
"Complete the sentence below with only one category word.\nSentence: ""A pine is a ___."" Completed sentence: A pine is a"	person	-12.146422	Ġperson	['tree', 'plant', '___', 'con', '____']	aff	neg
"Complete the sentence below with only one category word.\nSentence: ""A pine is not a ___."" Completed sentence: A pine is not a"	person	-10.162383	Ġperson	['tree', '___', 'plant', '(', '____']	neg	neg
"Complete the sentence below with only one category word.\nSentence: ""A pine is not a ___."" Completed sentence: A pine is not a"	tree	-0.6989517	Ġtree	['tree', '___', 'plant', '(', '____']	neg	aff
"Complete the sentence below with only one category word.\nSentence: ""A potato is a ___."" Completed sentence: A potato is a"	vegetable	-0.3948555	Ġvegetable	['vegetable', 'root', 'plant', 'fruit', 'food']	aff	aff
"Complete the sentence below with only one category word.\nSentence: ""A potato is a ___."" Completed sentence: A potato is a"	fruit	-3.2597446	Ġfruit	['vegetable', 'root', 'plant', 'fruit', 'food']	aff	neg
"Complete the sentence below with only one category word.\nSentence: ""A potato is not a ___."" Completed sentence: A potato is not a"	fruit	-2.0906868	Ġfruit	['vegetable', 'fruit', 'plant', '___', 'root']	neg	neg
"Complete the sentence below with only one category word.\nSentence: ""A potato is not a ___."" Completed sentence: A potato is not a"	vegetable	-0.4601059	Ġvegetable	['vegetable', 'fruit', 'plant', '___', 'root']	neg	aff
"Complete the sentence below with only one category word.\nSentence: ""A pea is a ___."" Completed sentence: A pea is a"	vegetable	-1.7081337	Ġvegetable	['plant', 'vegetable', 'seed', 'fruit', '___']	aff	aff
"Complete the sentence below with only one category word.\nSentence: ""A pea is a ___."" Completed sentence: A pea is a"	fruit	-3.086975	Ġfruit	['plant', 'vegetable', 'seed', 'fruit', '___']	aff	neg
"Complete the sentence below with only one category word.\nSentence: ""A pea is not a ___."" Completed sentence: A pea is not a"	fruit	-2.083416	Ġfruit	['vegetable', 'plant', 'fruit', '___', 'seed']	neg	neg
"Complete the sentence below with only one category word.\nSentence: ""A pea is not a ___."" Completed sentence: A pea is not a"	vegetable	-1.3873444	Ġvegetable	['vegetable', 'plant', 'fruit', '___', 'seed']	neg	aff
"Complete the sentence below with only one category word.\nSentence: ""A frog is an ___."" Completed sentence: A frog is an"	amphibian	-0.5158024	Ġamphib	['amphib', 'animal', 'aquatic', '___', 'Animal']	aff	aff
"Complete the sentence below with only one category word.\nSentence: ""A frog is a ___."" Completed sentence: A frog is a"	reptile	-3.3189754	Ġrept	['___', 'verte', '__', '\\', '______']	aff	neg
"Complete the sentence below with only one category word.\nSentence: ""A frog is not a ___."" Completed sentence: A frog is not a"	reptile	-2.744522	Ġrept	['mamm', '___', 'rept', 'fish', 'verte']	neg	neg
"Complete the sentence below with only one category word.\nSentence: ""A frog is not an ___."" Completed sentence: A frog is not an"	amphibian	-0.8743992	Ġamphib	['animal', 'amphib', 'insect', '___', 'aquatic']	neg	aff
"Complete the sentence below with only one category word.\nSentence: ""A diamond is a ___."" Completed sentence: A diamond is a"	mineral	-3.5805016	Ġmineral	['precious', '\\', 'gem', '__', '___']	aff	aff
"Complete the sentence below with only one category word.\nSentence: ""A diamond is a ___."" Completed sentence: A diamond is a"	toy	-13.275915	Ġtoy	['precious', '\\', 'gem', '__', '___']	aff	neg
"Complete the sentence below with only one category word.\nSentence: ""A diamond is not a ___."" Completed sentence: A diamond is not a"	toy	-8.652107	Ġtoy	['rock', 'gem', '___', '__', '\\']	neg	neg
"Complete the sentence below with only one category word.\nSentence: ""A diamond is not a ___."" Completed sentence: A diamond is not a"	mineral	-3.3012009	Ġmineral	['rock', 'gem', '___', '__', '\\']	neg	aff
"Complete the sentence below with only one category word.\nSentence: ""A watch is a ___."" Completed sentence: A watch is a"	timepiece	-1.8368282	Ġtime	['tool', 'time', '**', 'mechanical', '\\']	aff	aff
"Complete the sentence below with only one category word.\nSentence: ""A watch is a ___."" Completed sentence: A watch is a"	toy	-7.2035036	Ġtoy	['tool', 'time', '**', 'mechanical', '\\']	aff	neg
"Complete the sentence below with only one category word.\nSentence: ""A watch is not a ___."" Completed sentence: A watch is not a"	toy	-3.7231426	Ġtoy	['tool', '\\', '(', 'machine', 'watch']	neg	neg
"Complete the sentence below with only one category word.\nSentence: ""A watch is not a ___."" Completed sentence: A watch is not a"	timepiece	-4.771799	Ġtime	['tool', '\\', '(', 'machine', 'watch']	neg	aff
"Complete the sentence below with only one category word.\nSentence: ""A knife is an ___."" Completed sentence: A knife is an"	utensil	-5.156801	Ġutens	['instrument', 'object', '\\', '**', 'implement']	aff	aff
"Complete the sentence below with only one category word.\nSentence: ""A knife is a ___."" Completed sentence: A knife is a"	food	-8.092707	Ġfood	['tool', 'TOOL', 'cutting', '\\', 'sharp']	aff	neg
"Complete the sentence below with only one category word.\nSentence: ""A knife is not a ___."" Completed sentence: A knife is not a"	food	-6.1818113	Ġfood	['tool', 'weapon', 'TOOL', '\\', 'sharp']	neg	neg
"Complete the sentence below with only one category word.\nSentence: ""A knife is not an ___."" Completed sentence: A knife is not an"	utensil	-4.9084053	Ġutens	['instrument', 'object', 'implement', '\\', '**']	neg	aff
"Complete the sentence below with only one category word.\nSentence: ""A plate is a ___."" Completed sentence: A plate is a"	dish	-2.6872253	Ġdish	['utens', 'flat', 'container', '**', 'dish']	aff	aff
"Complete the sentence below with only one category word.\nSentence: ""A plate is a ___."" Completed sentence: A plate is a"	food	-4.1426735	Ġfood	['utens', 'flat', 'container', '**', 'dish']	aff	neg
"Complete the sentence below with only one category word.\nSentence: ""A plate is not a ___."" Completed sentence: A plate is not a"	food	-4.674923	Ġfood	['container', '___', 'vessel', 'utens', 'tool']	neg	neg
"Complete the sentence below with only one category word.\nSentence: ""A plate is not a ___."" Completed sentence: A plate is not a"	dish	-3.5510101	Ġdish	['container', '___', 'vessel', 'utens', 'tool']	neg	aff
"Complete the sentence below with only one category word.\nSentence: ""A cup is a ___."" Completed sentence: A cup is a"	dish	-8.318122	Ġdish	['container', 'vessel', '**', 'drinking', 'beverage']	aff	aff
"Complete the sentence below with only one category word.\nSentence: ""A cup is a ___."" Completed sentence: A cup is a"	food	-7.3824234	Ġfood	['container', 'vessel', '**', 'drinking', 'beverage']	aff	neg
"Complete the sentence below with only one category word.\nSentence: ""A cup is not a ___."" Completed sentence: A cup is not a"	food	-7.329316	Ġfood	['container', 'vessel', 'liquid', 'tool', '___']	neg	neg
"Complete the sentence below with only one category word.\nSentence: ""A cup is not a ___."" Completed sentence: A cup is not a"	dish	-6.720931	Ġdish	['container', 'vessel', 'liquid', 'tool', '___']	neg	aff
"Complete the sentence below with only one category word.\nSentence: ""A zebra is a ___."" Completed sentence: A zebra is a"	mammal	-0.5785141	Ġmamm	['mamm', 'M', '___', '______', '__']	aff	aff
"Complete the sentence below with only one category word.\nSentence: ""A zebra is a ___."" Completed sentence: A zebra is a"	fish	-11.58694	Ġfish	['mamm', 'M', '___', '______', '__']	aff	neg
"Complete the sentence below with only one category word.\nSentence: ""A zebra is not a ___."" Completed sentence: A zebra is not a"	fish	-4.272278	Ġfish	['mamm', '___', '______', '(', 'quadr']	neg	neg
"Complete the sentence below with only one category word.\nSentence: ""A zebra is not a ___."" Completed sentence: A zebra is not a"	mammal	-0.7658081	Ġmamm	['mamm', '___', '______', '(', 'quadr']	neg	aff
"Complete the sentence below with only one category word.\nSentence: ""A cheetah is a ___."" Completed sentence: A cheetah is a"	mammal	-1.6348534	Ġmamm	['mamm', 'M', 'carniv', '___', '__']	aff	aff
"Complete the sentence below with only one category word.\nSentence: ""A cheetah is a ___."" Completed sentence: A cheetah is a"	reptile	-8.169869	Ġrept	['mamm', 'M', 'carniv', '___', '__']	aff	neg
"Complete the sentence below with only one category word.\nSentence: ""A cheetah is not a ___."" Completed sentence: A cheetah is not a"	reptile	-4.8568707	Ġrept	['mamm', '___', 'domestic', '(', '__']	neg	neg
"Complete the sentence below with only one category word.\nSentence: ""A cheetah is not a ___."" Completed sentence: A cheetah is not a"	mammal	-0.8645153	Ġmamm	['mamm', '___', 'domestic', '(', '__']	neg	aff
"Complete the sentence below with only one category word.\nSentence: ""A diamond is a ___."" Completed sentence: A diamond is a"	gem	-2.510542	Ġgem	['precious', '\\', 'gem', '__', '___']	aff	aff
"Complete the sentence below with only one category word.\nSentence: ""A diamond is a ___."" Completed sentence: A diamond is a"	place	-12.708756	Ġplace	['precious', '\\', 'gem', '__', '___']	aff	neg
"Complete the sentence below with only one category word.\nSentence: ""A diamond is not a ___."" Completed sentence: A diamond is not a"	place	-11.799743	Ġplace	['rock', 'gem', '___', '__', '\\']	neg	neg
"Complete the sentence below with only one category word.\nSentence: ""A diamond is not a ___."" Completed sentence: A diamond is not a"	gem	-2.2806969	Ġgem	['rock', 'gem', '___', '__', '\\']	neg	aff
"Complete the sentence below with only one category word.\nSentence: ""A baseball is a ___."" Completed sentence: A baseball is a"	sport	-1.3979073	Ġsport	['sport', 'ball', 'sports', 'SPORT', '**']	aff	aff
"Complete the sentence below with only one category word.\nSentence: ""A baseball is a ___."" Completed sentence: A baseball is a"	toy	-5.0677233	Ġtoy	['sport', 'ball', 'sports', 'SPORT', '**']	aff	neg
"Complete the sentence below with only one category word.\nSentence: ""A baseball is not a ___."" Completed sentence: A baseball is not a"	toy	-2.8307552	Ġtoy	['___', 'tool', 'ball', '(', 'fruit']	neg	neg
"Complete the sentence below with only one category word.\nSentence: ""A baseball is not a ___."" Completed sentence: A baseball is not a"	sport	-3.4731617	Ġsport	['___', 'tool', 'ball', '(', 'fruit']	neg	aff
"Complete the sentence below with only one category word.\nSentence: ""A lamp is a ___."" Completed sentence: A lamp is a"	lighting	-4.30147	Ġlighting	['light', 'household', 'tool', '**', '\\']	aff	aff
"Complete the sentence below with only one category word.\nSentence: ""A lamp is a ___."" Completed sentence: A lamp is a"	food	-10.861565	Ġfood	['light', 'household', 'tool', '**', '\\']	aff	neg
"Complete the sentence below with only one category word.\nSentence: ""A lamp is not a ___."" Completed sentence: A lamp is not a"	food	-7.1638794	Ġfood	['tool', 'light', '(', '___', 'lamp']	neg	neg
"Complete the sentence below with only one category word.\nSentence: ""A lamp is not a ___."" Completed sentence: A lamp is not a"	lighting	-6.555622	Ġlighting	['tool', 'light', '(', '___', 'lamp']	neg	aff
"Complete the sentence below with only one category word.\nSentence: ""A lizard is an ___."" Completed sentence: A lizard is an"	animal	-0.4238987	Ġanimal	['animal', 'amphib', 'in', 'Animal', '___']	aff	aff
"Complete the sentence below with only one category word.\nSentence: ""A lizard is a ___."" Completed sentence: A lizard is a"	mineral	-13.919239	Ġmineral	['rept', '___', '__', '\\', 'verte']	aff	neg
"Complete the sentence below with only one category word.\nSentence: ""A lizard is not a ___."" Completed sentence: A lizard is not a"	mineral	-11.478474	Ġmineral	['mamm', 'rept', 'fish', '___', 'verte']	neg	neg
"Complete the sentence below with only one category word.\nSentence: ""A lizard is not an ___."" Completed sentence: A lizard is not an"	animal	-0.4278698	Ġanimal	['animal', 'amphib', 'insect', '\\', '___']	neg	aff
"Complete the sentence below with only one category word.\nSentence: ""A computer is an ___."" Completed sentence: A computer is an"	electronics	-5.5790577	Ġelectronics	['electronic', '**', '(', '\\', 'appliance']	aff	aff
"Complete the sentence below with only one category word.\nSentence: ""A computer is a ___."" Completed sentence: A computer is a"	furniture	-12.257269	Ġfurniture	['tool', 'machine', '**', 'device', '(']	aff	neg
"Complete the sentence below with only one category word.\nSentence: ""A computer is not a ___."" Completed sentence: A computer is not a"	furniture	-9.740062	Ġfurniture	['tool', 'living', 'machine', '(', '___']	neg	neg
"Complete the sentence below with only one category word.\nSentence: ""A computer is not an ___."" Completed sentence: A computer is not an"	electronics	-6.1328545	Ġelectronics	['appliance', 'electronic', 'animal', '(', '\\']	neg	aff
"Complete the sentence below with only one category word.\nSentence: ""A phone is an ___."" Completed sentence: A phone is an"	electronic	-0.32782364	Ġelectronic	['electronic', '**', 'electrical', 'Electronic', 'appliance']	aff	aff
"Complete the sentence below with only one category word.\nSentence: ""A phone is a ___."" Completed sentence: A phone is a"	mineral	-11.899768	Ġmineral	['communication', 'electronic', 'device', '**', 'tool']	aff	neg
"Complete the sentence below with only one category word.\nSentence: ""A phone is not a ___."" Completed sentence: A phone is not a"	mineral	-9.080407	Ġmineral	['tool', '___', '(', 'gadget', '____']	neg	neg
"Complete the sentence below with only one category word.\nSentence: ""A phone is not an ___."" Completed sentence: A phone is not an"	electronic	-1.1894703	Ġelectronic	['electronic', 'appliance', 'accessory', 'instrument', 'electrical']	neg	aff
"Complete the sentence below with only one category word.\nSentence: ""A spider is an ___."" Completed sentence: A spider is an"	invertebrate	-1.8081989	Ġin	['ar', 'insect', 'animal', 'in', 'In']	aff	aff
"Complete the sentence below with only one category word.\nSentence: ""A spider is a ___."" Completed sentence: A spider is a"	vertebrate	-7.403449	ĠV	['\\', '___', '__', 'creature', '____']	aff	neg
"Complete the sentence below with only one category word.\nSentence: ""A spider is not a ___."" Completed sentence: A spider is not a"	vertebrate	-3.7978573	Ġverte	['___', '\\', 'mamm', '____', '(']	neg	neg
"Complete the sentence below with only one category word.\nSentence: ""A spider is not an ___."" Completed sentence: A spider is not an"	invertebrate	-3.1675816	Ġin	['insect', 'animal', 'ar', 'in', '\\']	neg	aff
"Complete the sentence below with only one category word.\nSentence: ""A bus is a ___."" Completed sentence: A bus is a"	vehicle	-1.5872345	Ġvehicle	['mode', 'vehicle', 'transportation', 'means', 'transport']	aff	aff
"Complete the sentence below with only one category word.\nSentence: ""A bus is a ___."" Completed sentence: A bus is a"	flower	-17.123566	Ġflower	['mode', 'vehicle', 'transportation', 'means', 'transport']	aff	neg
"Complete the sentence below with only one category word.\nSentence: ""A bus is not a ___."" Completed sentence: A bus is not a"	flower	-12.923699	Ġflower	['vehicle', 'machine', '___', '(', 'mode']	neg	neg
"Complete the sentence below with only one category word.\nSentence: ""A bus is not a ___."" Completed sentence: A bus is not a"	vehicle	-0.97094536	Ġvehicle	['vehicle', 'machine', '___', '(', 'mode']	neg	aff
"Complete the sentence below with only one category word.\nSentence: ""A drill is a ___."" Completed sentence: A drill is a"	tool	-0.46061134	Ġtool	['tool', 'TOOL', 'machine', 'mechanical', '\\']	aff	aff
"Complete the sentence below with only one category word.\nSentence: ""A drill is a ___."" Completed sentence: A drill is a"	vegetable	-14.168028	Ġvegetable	['tool', 'TOOL', 'machine', 'mechanical', '\\']	aff	neg
"Complete the sentence below with only one category word.\nSentence: ""A drill is not a ___."" Completed sentence: A drill is not a"	vegetable	-8.613206	Ġvegetable	['tool', 'TOOL', 'machine', '(', '\\']	neg	neg
"Complete the sentence below with only one category word.\nSentence: ""A drill is not a ___."" Completed sentence: A drill is not a"	tool	-0.42193794	Ġtool	['tool', 'TOOL', 'machine', '(', '\\']	neg	aff
"Complete the sentence below with only one category word.\nSentence: ""A fir is a ___."" Completed sentence: A fir is a"	tree	-0.87717247	Ġtree	['tree', 'con', '___', 'plant', 'type']	aff	aff
"Complete the sentence below with only one category word.\nSentence: ""A fir is a ___."" Completed sentence: A fir is a"	tool	-13.977568	Ġtool	['tree', 'con', '___', 'plant', 'type']	aff	neg
"Complete the sentence below with only one category word.\nSentence: ""A fir is not a ___."" Completed sentence: A fir is not a"	tool	-11.230059	Ġtool	['tree', '___', 'con', 'plant', '(']	neg	neg
"Complete the sentence below with only one category word.\nSentence: ""A fir is not a ___."" Completed sentence: A fir is not a"	tree	-0.8041878	Ġtree	['tree', '___', 'con', 'plant', '(']	neg	aff
"Complete the sentence below with only one category word.\nSentence: ""A city is a ___."" Completed sentence: A city is a"	place	-2.5672035	Ġplace	['human', 'place', '(', '**', 'man']	aff	aff
"Complete the sentence below with only one category word.\nSentence: ""A city is a ___."" Completed sentence: A city is a"	thing	-8.731267	Ġthing	['human', 'place', '(', '**', 'man']	aff	neg
"Complete the sentence below with only one category word.\nSentence: ""A city is not a ___."" Completed sentence: A city is not a"	thing	-6.357395	Ġthing	['(', 'living', '___', 'place', '\\']	neg	neg
"Complete the sentence below with only one category word.\nSentence: ""A city is not a ___."" Completed sentence: A city is not a"	place	-3.2531528	Ġplace	['(', 'living', '___', 'place', '\\']	neg	aff
"Complete the sentence below with only one category word.\nSentence: ""A church is a ___."" Completed sentence: A church is a"	building	-1.1817856	Ġbuilding	['building', 'place', 'religious', '\\', 'structure']	aff	aff
"Complete the sentence below with only one category word.\nSentence: ""A church is a ___."" Completed sentence: A church is a"	toy	-16.358751	Ġtoy	['building', 'place', 'religious', '\\', 'structure']	aff	neg
"Complete the sentence below with only one category word.\nSentence: ""A church is not a ___."" Completed sentence: A church is not a"	toy	-10.015606	Ġtoy	['building', 'place', '(', '\\', 'public']	neg	neg
"Complete the sentence below with only one category word.\nSentence: ""A church is not a ___."" Completed sentence: A church is not a"	building	-0.85599136	Ġbuilding	['building', 'place', '(', '\\', 'public']	neg	aff
"Complete the sentence below with only one category word.\nSentence: ""A mall is a ___."" Completed sentence: A mall is a"	building	-1.9570656	Ġbuilding	['place', 'commercial', 'building', 'business', 'public']	aff	aff
"Complete the sentence below with only one category word.\nSentence: ""A mall is a ___."" Completed sentence: A mall is a"	person	-8.389806	Ġperson	['place', 'commercial', 'building', 'business', 'public']	aff	neg
"Complete the sentence below with only one category word.\nSentence: ""A mall is not a ___."" Completed sentence: A mall is not a"	person	-8.848888	Ġperson	"['building', 'place', 'public', '(', '""']"	neg	neg
"Complete the sentence below with only one category word.\nSentence: ""A mall is not a ___."" Completed sentence: A mall is not a"	building	-1.6802063	Ġbuilding	"['building', 'place', 'public', '(', '""']"	neg	aff
"Complete the sentence below with only one category word.\nSentence: ""A school is an ___."" Completed sentence: A school is an"	institution	-0.6487675	Ġinstitution	['institution', 'educational', 'organization', 'establishment', '**']	aff	aff
"Complete the sentence below with only one category word.\nSentence: ""A school is a ___."" Completed sentence: A school is a"	person	-8.995492	Ġperson	"['building', 'place', '(', '\\', '""']"	aff	neg
"Complete the sentence below with only one category word.\nSentence: ""A school is not a ___."" Completed sentence: A school is not a"	person	-8.214512	Ġperson	"['building', 'place', '(', '""', 'business']"	neg	neg
"Complete the sentence below with only one category word.\nSentence: ""A school is not an ___."" Completed sentence: A school is not an"	institution	-0.79486084	Ġinstitution	"['institution', 'educational', 'organization', '""', '(']"	neg	aff
"Complete the sentence below with only one category word.\nSentence: ""A cat is a ___."" Completed sentence: A cat is a"	feline	-3.1270866	Ġf	['mamm', 'domestic', 'M', 'f', '**']	aff	aff
"Complete the sentence below with only one category word.\nSentence: ""A cat is a ___."" Completed sentence: A cat is a"	canine	-9.117084	Ġcanine	['mamm', 'domestic', 'M', 'f', '**']	aff	neg
"Complete the sentence below with only one category word.\nSentence: ""A cat is not a ___."" Completed sentence: A cat is not a"	canine	-6.7654724	Ġcanine	['mamm', '___', 'domestic', '\\', '(']	neg	neg
"Complete the sentence below with only one category word.\nSentence: ""A cat is not a ___."" Completed sentence: A cat is not a"	feline	-3.7808704	Ġf	['mamm', '___', 'domestic', '\\', '(']	neg	aff
"Complete the sentence below with only one category word.\nSentence: ""A dog is a ___."" Completed sentence: A dog is a"	canine	-5.173933	Ġcanine	['mamm', 'domestic', 'four', 'pet', '___']	aff	aff
"Complete the sentence below with only one category word.\nSentence: ""A dog is a ___."" Completed sentence: A dog is a"	feline	-7.2250586	ĠF	['mamm', 'domestic', 'four', 'pet', '___']	aff	neg
"Complete the sentence below with only one category word.\nSentence: ""A dog is not a ___."" Completed sentence: A dog is not a"	feline	-6.0890694	Ġf	['mamm', '___', 'pet', '(', 'domestic']	neg	neg
"Complete the sentence below with only one category word.\nSentence: ""A dog is not a ___."" Completed sentence: A dog is not a"	canine	-6.108387	Ġcanine	['mamm', '___', 'pet', '(', 'domestic']	neg	aff
"Complete the sentence below with only one category word.\nSentence: ""A crocodile is a ___."" Completed sentence: A crocodile is a"	reptile	-0.66708755	Ġrept	['rept', '___', '\\', 'predator', '(']	aff	aff
"Complete the sentence below with only one category word.\nSentence: ""A crocodile is a ___."" Completed sentence: A crocodile is a"	fish	-5.3803787	Ġfish	['rept', '___', '\\', 'predator', '(']	aff	neg
"Complete the sentence below with only one category word.\nSentence: ""A crocodile is not a ___."" Completed sentence: A crocodile is not a"	fish	-2.2787418	Ġfish	['mamm', 'rept', 'fish', '___', 'verte']	neg	neg
"Complete the sentence below with only one category word.\nSentence: ""A crocodile is not a ___."" Completed sentence: A crocodile is not a"	reptile	-1.9821014	Ġrept	['mamm', 'rept', 'fish', '___', 'verte']	neg	aff
"Complete the sentence below with only one category word.\nSentence: ""A book is a ___."" Completed sentence: A book is a"	writing	-5.1337614	Ġwriting	['\\', '**', '(', 'medium', 'literary']	aff	aff
"Complete the sentence below with only one category word.\nSentence: ""A book is an ___."" Completed sentence: A book is an"	insect	-7.774024	ĠIn	['object', 'informational', 'item', '**', '\\']	aff	neg
"Complete the sentence below with only one category word.\nSentence: ""A book is not an ___."" Completed sentence: A book is not an"	insect	-7.886032	ĠIn	['object', 'instrument', 'item', 'artifact', '(']	neg	neg
"Complete the sentence below with only one category word.\nSentence: ""A book is not a ___."" Completed sentence: A book is not a"	writing	-6.7879553	Ġwriting	['tool', '___', '(', 'toy', '\\']	neg	aff
"Complete the sentence below with only one category word.\nSentence: ""A house is a ___."" Completed sentence: A house is a"	structure	-1.6950111	Ġstructure	['structure', 'building', 'shelter', 'dwelling', '(']	aff	aff
"Complete the sentence below with only one category word.\nSentence: ""A house is a ___."" Completed sentence: A house is a"	tool	-7.311635	Ġtool	['structure', 'building', 'shelter', 'dwelling', '(']	aff	neg
"Complete the sentence below with only one category word.\nSentence: ""A house is not a ___."" Completed sentence: A house is not a"	tool	-3.5042133	Ġtool	['building', 'living', '(', 'shelter', '___']	neg	neg
"Complete the sentence below with only one category word.\nSentence: ""A house is not a ___."" Completed sentence: A house is not a"	structure	-3.3582745	Ġstructure	['building', 'living', '(', 'shelter', '___']	neg	aff
"Complete the sentence below with only one category word.\nSentence: ""A man is a ___."" Completed sentence: A man is a"	mammal	-2.4455853	Ġmamm	['human', 'male', 'living', 'mamm', '(']	aff	aff
"Complete the sentence below with only one category word.\nSentence: ""A man is a ___."" Completed sentence: A man is a"	reptile	-8.239791	Ġrept	['human', 'male', 'living', 'mamm', '(']	aff	neg
"Complete the sentence below with only one category word.\nSentence: ""A man is not a ___."" Completed sentence: A man is not a"	reptile	-6.2800245	Ġrept	['woman', '(', 'tool', '\\', '___']	neg	neg
"Complete the sentence below with only one category word.\nSentence: ""A man is not a ___."" Completed sentence: A man is not a"	mammal	-3.680893	Ġmamm	['woman', '(', 'tool', '\\', '___']	neg	aff
"Complete the sentence below with only one category word.\nSentence: ""A woman is a ___."" Completed sentence: A woman is a"	mammal	-3.0056896	Ġmamm	['female', 'human', '\\', '(', 'mamm']	aff	aff
"Complete the sentence below with only one category word.\nSentence: ""A woman is a ___."" Completed sentence: A woman is a"	reptile	-10.450886	Ġrept	['female', 'human', '\\', '(', 'mamm']	aff	neg
"Complete the sentence below with only one category word.\nSentence: ""A woman is not a ___."" Completed sentence: A woman is not a"	reptile	-7.243436	Ġrept	['man', 'human', '(', 'male', '\\']	neg	neg
"Complete the sentence below with only one category word.\nSentence: ""A woman is not a ___."" Completed sentence: A woman is not a"	mammal	-3.2824612	Ġmamm	['man', 'human', '(', 'male', '\\']	neg	aff
"Complete the sentence below with only one category word.\nSentence: ""An elephant is a ___."" Completed sentence: An elephant is a"	mammal	-0.61491585	Ġmamm	['mamm', 'large', 'M', '(', '\\']	aff	aff
"Complete the sentence below with only one category word.\nSentence: ""An elephant is a ___."" Completed sentence: An elephant is a"	reptile	-6.492448	Ġrept	['mamm', 'large', 'M', '(', '\\']	aff	neg
"Complete the sentence below with only one category word.\nSentence: ""An elephant is not a ___."" Completed sentence: An elephant is not a"	reptile	-4.7953606	Ġrept	['mamm', '(', '___', 'M', 'bird']	neg	neg
"Complete the sentence below with only one category word.\nSentence: ""An elephant is not a ___."" Completed sentence: An elephant is not a"	mammal	-0.51579094	Ġmamm	['mamm', '(', '___', 'M', 'bird']	neg	aff
"Complete the sentence below with only one category word.\nSentence: ""A balloon is a ___."" Completed sentence: A balloon is a"	toy	-3.2846088	Ġtoy	['\\', '**', '(', 'toy', 'non']	aff	aff
"Complete the sentence below with only one category word.\nSentence: ""A balloon is a ___."" Completed sentence: A balloon is a"	building	-11.871934	Ġbuilding	['\\', '**', '(', 'toy', 'non']	aff	neg
"Complete the sentence below with only one category word.\nSentence: ""A balloon is not a ___."" Completed sentence: A balloon is not a"	building	-10.098956	Ġbuilding	['(', '___', 'solid', 'liquid', '____']	neg	neg
"Complete the sentence below with only one category word.\nSentence: ""A balloon is not a ___."" Completed sentence: A balloon is not a"	toy	-4.000721	Ġtoy	['(', '___', 'solid', 'liquid', '____']	neg	aff
"Complete the sentence below with only one category word.\nSentence: ""A restaurant is a ___."" Completed sentence: A restaurant is a"	building	-2.7599258	Ġbuilding	['place', 'business', 'building', 'service', '**']	aff	aff
"Complete the sentence below with only one category word.\nSentence: ""A restaurant is a ___."" Completed sentence: A restaurant is a"	fish	-14.711861	Ġfish	['place', 'business', 'building', 'service', '**']	aff	neg
"Complete the sentence below with only one category word.\nSentence: ""A restaurant is not a ___."" Completed sentence: A restaurant is not a"	fish	-10.028391	Ġfish	"['building', 'place', '(', '""', '___']"	neg	neg
"Complete the sentence below with only one category word.\nSentence: ""A restaurant is not a ___."" Completed sentence: A restaurant is not a"	building	-1.7191944	Ġbuilding	"['building', 'place', '(', '""', '___']"	neg	aff
"Complete the sentence below with only one category word.\nSentence: ""A whale is an ___."" Completed sentence: A whale is an"	animal	-0.7173214	Ġanimal	['animal', 'aquatic', '**', 'M', '\\']	aff	aff
"Complete the sentence below with only one category word.\nSentence: ""A whale is a ___."" Completed sentence: A whale is a"	plant	-9.152744	Ġplant	['mamm', 'marine', 'M', '___', '\\']	aff	neg
"Complete the sentence below with only one category word.\nSentence: ""A whale is not a ___."" Completed sentence: A whale is not a"	plant	-6.830101	Ġplant	['mamm', 'fish', '___', 'verte', '(']	neg	neg
"Complete the sentence below with only one category word.\nSentence: ""A whale is not an ___."" Completed sentence: A whale is not an"	animal	-0.4498291	Ġanimal	['animal', 'aquatic', '___', '(', 'amphib']	neg	aff
"Complete the sentence below with only one category word.\nSentence: ""A manager is a ___."" Completed sentence: A manager is a"	leader	-3.337635	Ġleader	['person', 'professional', 'job', '**', 'role']	aff	aff
"Complete the sentence below with only one category word.\nSentence: ""A manager is a ___."" Completed sentence: A manager is a"	follower	-9.040732	ĠF	['person', 'professional', 'job', '**', 'role']	aff	neg
"Complete the sentence below with only one category word.\nSentence: ""A manager is not a ___."" Completed sentence: A manager is not a"	follower	-8.706555	Ġfollower	"['(', 'job', '""', '___', 'worker']"	neg	neg
"Complete the sentence below with only one category word.\nSentence: ""A manager is not a ___."" Completed sentence: A manager is not a"	leader	-3.8517303	Ġleader	"['(', 'job', '""', '___', 'worker']"	neg	aff
"Complete the sentence below with only one category word.\nSentence: ""A garden is a ___."" Completed sentence: A garden is a"	place	-1.8159885	Ġplace	['place', '(', 'natural', 'living', '\\']	aff	aff
"Complete the sentence below with only one category word.\nSentence: ""A garden is a ___."" Completed sentence: A garden is a"	thing	-8.126129	Ġthing	['place', '(', 'natural', 'living', '\\']	aff	neg
"Complete the sentence below with only one category word.\nSentence: ""A garden is not a ___."" Completed sentence: A garden is not a"	thing	-7.5502405	Ġthing	['(', '___', 'living', 'plant', 'place']	neg	neg
"Complete the sentence below with only one category word.\nSentence: ""A garden is not a ___."" Completed sentence: A garden is not a"	place	-3.090557	Ġplace	['(', '___', 'living', 'plant', 'place']	neg	aff
"Complete the sentence below with only one category word.\nSentence: ""A book is a ___."" Completed sentence: A book is a"	thing	-4.7278233	Ġthing	['\\', '**', '(', 'medium', 'literary']	aff	aff
"Complete the sentence below with only one category word.\nSentence: ""A book is a ___."" Completed sentence: A book is a"	food	-9.884766	Ġfood	['\\', '**', '(', 'medium', 'literary']	aff	neg
"Complete the sentence below with only one category word.\nSentence: ""A book is not a ___."" Completed sentence: A book is not a"	food	-6.123151	Ġfood	['tool', '___', '(', 'toy', '\\']	neg	neg
"Complete the sentence below with only one category word.\nSentence: ""A book is not a ___."" Completed sentence: A book is not a"	thing	-4.9278183	Ġthing	['tool', '___', '(', 'toy', '\\']	neg	aff
"Complete the sentence below with only one category word.\nSentence: ""An ant is an ___."" Completed sentence: An ant is an"	insect	-0.612484	Ġinsect	['insect', 'in', 'animal', 'ar', 'In']	aff	aff
"Complete the sentence below with only one category word.\nSentence: ""An ant is a ___."" Completed sentence: An ant is a"	mammal	-6.4667015	Ġmamm	['__', '____', '___', 'small', '\\']	aff	neg
"Complete the sentence below with only one category word.\nSentence: ""An ant is not a ___."" Completed sentence: An ant is not a"	mammal	-2.405548	Ġmamm	['___', 'mamm', '____', '__', 'verte']	neg	neg
"Complete the sentence below with only one category word.\nSentence: ""An ant is not an ___."" Completed sentence: An ant is not an"	insect	-0.33862495	Ġinsect	['insect', 'animal', 'in', 'ar', 'organism']	neg	aff
"Complete the sentence below with only one category word.\nSentence: ""A saw is a ___."" Completed sentence: A saw is a"	tool	-0.37285995	Ġtool	['tool', 'TOOL', 'machine', 'cutting', 'mechanical']	aff	aff
"Complete the sentence below with only one category word.\nSentence: ""A saw is a ___."" Completed sentence: A saw is a"	weapon	-8.365121	Ġweapon	['tool', 'TOOL', 'machine', 'cutting', 'mechanical']	aff	neg
"Complete the sentence below with only one category word.\nSentence: ""A saw is not a ___."" Completed sentence: A saw is not a"	weapon	-4.9435844	Ġweapon	['tool', 'TOOL', 'machine', '(', 'knife']	neg	neg
"Complete the sentence below with only one category word.\nSentence: ""A saw is not a ___."" Completed sentence: A saw is not a"	tool	-0.4537258	Ġtool	['tool', 'TOOL', 'machine', '(', 'knife']	neg	aff
"Complete the sentence below with only one category word.\nSentence: ""A zebra is an ___."" Completed sentence: A zebra is an"	animal	-0.33331108	Ġanimal	['animal', 'African', 'M', '\\', '**']	aff	aff
"Complete the sentence below with only one category word.\nSentence: ""A zebra is a ___."" Completed sentence: A zebra is a"	plant	-7.181241	Ġplant	['mamm', 'M', '___', '______', '__']	aff	neg
"Complete the sentence below with only one category word.\nSentence: ""A zebra is not a ___."" Completed sentence: A zebra is not a"	plant	-5.686697	Ġplant	['mamm', '___', '______', '(', 'quadr']	neg	neg
"Complete the sentence below with only one category word.\nSentence: ""A zebra is not an ___."" Completed sentence: A zebra is not an"	animal	-0.40361214	Ġanimal	['animal', 'equ', 'herb', '___', '\\']	neg	aff
"Complete the sentence below with only one category word.\nSentence: ""A coin is a ___."" Completed sentence: A coin is a"	currency	-3.9828415	Ġcurrency	['metal', '**', '(', '\\', '____']	aff	aff
"Complete the sentence below with only one category word.\nSentence: ""A coin is a ___."" Completed sentence: A coin is a"	card	-13.240965	Ġcard	['metal', '**', '(', '\\', '____']	aff	neg
"Complete the sentence below with only one category word.\nSentence: ""A coin is not a ___."" Completed sentence: A coin is not a"	card	-9.220274	Ġcard	['metal', '___', 'tool', '(', '____']	neg	neg
"Complete the sentence below with only one category word.\nSentence: ""A coin is not a ___."" Completed sentence: A coin is not a"	currency	-4.538479	Ġcurrency	['metal', '___', 'tool', '(', '____']	neg	aff
"Complete the sentence below with only one category word.\nSentence: ""A hawk is a ___."" Completed sentence: A hawk is a"	bird	-0.5488739	Ġbird	['bird', '\\', 'predator', '(', 'predatory']	aff	aff
"Complete the sentence below with only one category word.\nSentence: ""A hawk is a ___."" Completed sentence: A hawk is a"	fish	-9.628291	Ġfish	['bird', '\\', 'predator', '(', 'predatory']	aff	neg
"Complete the sentence below with only one category word.\nSentence: ""A hawk is not a ___."" Completed sentence: A hawk is not a"	fish	-4.938463	Ġfish	['bird', 'mamm', '___', '(', '\\']	neg	neg
"Complete the sentence below with only one category word.\nSentence: ""A hawk is not a ___."" Completed sentence: A hawk is not a"	bird	-0.44671822	Ġbird	['bird', 'mamm', '___', '(', '\\']	neg	aff
"Complete the sentence below with only one category word.\nSentence: ""A shark is a ___."" Completed sentence: A shark is a"	fish	-2.1238403	Ġfish	['fish', 'marine', 'predator', 'carniv', '___']	aff	aff
"Complete the sentence below with only one category word.\nSentence: ""A shark is a ___."" Completed sentence: A shark is a"	mammal	-2.9544888	Ġmamm	['fish', 'marine', 'predator', 'carniv', '___']	aff	neg
"Complete the sentence below with only one category word.\nSentence: ""A shark is not a ___."" Completed sentence: A shark is not a"	mammal	-1.3947086	Ġmamm	['fish', 'mamm', 'verte', '___', '(']	neg	neg
"Complete the sentence below with only one category word.\nSentence: ""A shark is not a ___."" Completed sentence: A shark is not a"	fish	-1.1182823	Ġfish	['fish', 'mamm', 'verte', '___', '(']	neg	aff
"Complete the sentence below with only one category word.\nSentence: ""A daffodil is a ___."" Completed sentence: A daffodil is a"	flower	-0.5080986	Ġflower	['flower', 'plant', '___', 'bulb', 'flowering']	aff	aff
"Complete the sentence below with only one category word.\nSentence: ""A daffodil is a ___."" Completed sentence: A daffodil is a"	tool	-12.881674	Ġtool	['flower', 'plant', '___', 'bulb', 'flowering']	aff	neg
"Complete the sentence below with only one category word.\nSentence: ""A daffodil is not a ___."" Completed sentence: A daffodil is not a"	tool	-10.077469	Ġtool	['flower', 'plant', '___', 'bulb', 'vegetable']	neg	neg
"Complete the sentence below with only one category word.\nSentence: ""A daffodil is not a ___."" Completed sentence: A daffodil is not a"	flower	-0.71196747	Ġflower	['flower', 'plant', '___', 'bulb', 'vegetable']	neg	aff
"Complete the sentence below with only one category word.\nSentence: ""A pansy is a ___."" Completed sentence: A pansy is a"	flower	-0.4842415	Ġflower	['flower', 'plant', 'flowering', '___', '**']	aff	aff
"Complete the sentence below with only one category word.\nSentence: ""A pansy is a ___."" Completed sentence: A pansy is a"	tool	-12.712516	Ġtool	['flower', 'plant', 'flowering', '___', '**']	aff	neg
"Complete the sentence below with only one category word.\nSentence: ""A pansy is not a ___."" Completed sentence: A pansy is not a"	tool	-9.947133	Ġtool	['flower', 'plant', 'vegetable', '___', '(']	neg	neg
"Complete the sentence below with only one category word.\nSentence: ""A pansy is not a ___."" Completed sentence: A pansy is not a"	flower	-0.51353645	Ġflower	['flower', 'plant', 'vegetable', '___', '(']	neg	aff
"Complete the sentence below with only one category word.\nSentence: ""An elephant is an ___."" Completed sentence: An elephant is an"	animal	-0.59836006	Ġanimal	['animal', '**', '\\', 'M', '(']	aff	aff
"Complete the sentence below with only one category word.\nSentence: ""An elephant is a ___."" Completed sentence: An elephant is a"	toy	-11.131113	Ġtoy	['mamm', 'large', 'M', '(', '\\']	aff	neg
"Complete the sentence below with only one category word.\nSentence: ""An elephant is not a ___."" Completed sentence: An elephant is not a"	toy	-7.555375	Ġtoy	['mamm', '(', '___', 'M', 'bird']	neg	neg
"Complete the sentence below with only one category word.\nSentence: ""An elephant is not an ___."" Completed sentence: An elephant is not an"	animal	-0.27551842	Ġanimal	['animal', '(', 'amphib', 'M', 'mamm']	neg	aff
"Complete the sentence below with only one category word.\nSentence: ""A lion is a ___."" Completed sentence: A lion is a"	carnivore	-1.7797585	Ġcarniv	['mamm', 'carniv', 'predator', 'M', '(']	aff	aff
"Complete the sentence below with only one category word.\nSentence: ""A lion is a ___."" Completed sentence: A lion is a"	herbivore	-5.826331	Ġherb	['mamm', 'carniv', 'predator', 'M', '(']	aff	neg
"Complete the sentence below with only one category word.\nSentence: ""A lion is not a ___."" Completed sentence: A lion is not a"	herbivore	-4.0727215	Ġherb	['mamm', 'domestic', '(', '___', 'M']	neg	neg
"Complete the sentence below with only one category word.\nSentence: ""A lion is not a ___."" Completed sentence: A lion is not a"	carnivore	-3.920498	Ġcarniv	['mamm', 'domestic', '(', '___', 'M']	neg	aff
"Complete the sentence below with only one category word.\nSentence: ""A gazelle is an ___."" Completed sentence: A gazelle is an"	ungulate	-5.7532597	Ġung	['animal', 'M', 'herb', 'AN', '\\']	aff	aff
"Complete the sentence below with only one category word.\nSentence: ""A gazelle is a ___."" Completed sentence: A gazelle is a"	predator	-6.2005043	Ġpredator	['mamm', 'M', '___', '(', '__']	aff	neg
"Complete the sentence below with only one category word.\nSentence: ""A gazelle is not a ___."" Completed sentence: A gazelle is not a"	predator	-3.870512	Ġpredator	['mamm', '___', 'bird', 'quadr', '(']	neg	neg
"Complete the sentence below with only one category word.\nSentence: ""A gazelle is not an ___."" Completed sentence: A gazelle is not an"	ungulate	-5.5146885	Ġung	['animal', 'herb', 'ant', '___', '(']	neg	aff
"Complete the sentence below with only one category word.\nSentence: ""A cow is a ___."" Completed sentence: A cow is a"	mammal	-0.9979744	Ġmamm	['mamm', 'domestic', 'four', '\\', 'herb']	aff	aff
"Complete the sentence below with only one category word.\nSentence: ""A cow is a ___."" Completed sentence: A cow is a"	reptile	-7.9291534	Ġrept	['mamm', 'domestic', 'four', '\\', 'herb']	aff	neg
"Complete the sentence below with only one category word.\nSentence: ""A cow is not a ___."" Completed sentence: A cow is not a"	reptile	-5.7794456	Ġrept	['mamm', 'domestic', '___', '\\', '______']	neg	neg
"Complete the sentence below with only one category word.\nSentence: ""A cow is not a ___."" Completed sentence: A cow is not a"	mammal	-0.7798176	Ġmamm	['mamm', 'domestic', '___', '\\', '______']	neg	aff
"Complete the sentence below with only one category word.\nSentence: ""A cow is an ___."" Completed sentence: A cow is an"	animal	-0.32962418	Ġanimal	['animal', 'herb', '\\', 'M', 'Animal']	aff	aff
"Complete the sentence below with only one category word.\nSentence: ""A cow is a ___."" Completed sentence: A cow is a"	plant	-5.274727	Ġplant	['mamm', 'domestic', 'four', '\\', 'herb']	aff	neg
"Complete the sentence below with only one category word.\nSentence: ""A cow is not a ___."" Completed sentence: A cow is not a"	plant	-4.274992	Ġplant	['mamm', 'domestic', '___', '\\', '______']	neg	neg
"Complete the sentence below with only one category word.\nSentence: ""A cow is not an ___."" Completed sentence: A cow is not an"	animal	-0.26394272	Ġanimal	['animal', 'herb', '\\', '(', '___']	neg	aff
"Complete the sentence below with only one category word.\nSentence: ""A fish is a ___."" Completed sentence: A fish is a"	vertebrate	-1.8808174	Ġverte	['verte', '___', '\\', '__', 'living']	aff	aff
"Complete the sentence below with only one category word.\nSentence: ""A fish is an ___."" Completed sentence: A fish is an"	invertebrate	-4.650751	Ġin	['animal', 'aquatic', '\\', 'organism', 'Animal']	aff	neg
"Complete the sentence below with only one category word.\nSentence: ""A fish is not an ___."" Completed sentence: A fish is not an"	invertebrate	-4.688696	Ġin	['animal', 'aquatic', 'amphib', '\\', 'organism']	neg	neg
"Complete the sentence below with only one category word.\nSentence: ""A fish is not a ___."" Completed sentence: A fish is not a"	vertebrate	-1.852293	Ġverte	['mamm', 'verte', '___', '(', '\\']	neg	aff
"Complete the sentence below with only one category word.\nSentence: ""A mosquito is an ___."" Completed sentence: A mosquito is an"	insect	-0.28403664	Ġinsect	['insect', 'in', 'animal', 'ar', 'In']	aff	aff
"Complete the sentence below with only one category word.\nSentence: ""A mosquito is a ___."" Completed sentence: A mosquito is a"	mammal	-7.3575296	Ġmamm	['\\', '___', 'flying', '__', 'insect']	aff	neg
"Complete the sentence below with only one category word.\nSentence: ""A mosquito is not a ___."" Completed sentence: A mosquito is not a"	mammal	-3.9397812	Ġmamm	['___', '\\', 'bird', '____', 'verte']	neg	neg
"Complete the sentence below with only one category word.\nSentence: ""A mosquito is not an ___."" Completed sentence: A mosquito is not an"	insect	-0.36161423	Ġinsect	['insect', 'animal', 'in', 'ar', '\\']	neg	aff
"Complete the sentence below with only one category word.\nSentence: ""A cathedral is a ___."" Completed sentence: A cathedral is a"	building	-1.4329128	Ġbuilding	['religious', 'building', 'place', 'structure', '**']	aff	aff
"Complete the sentence below with only one category word.\nSentence: ""A cathedral is a ___."" Completed sentence: A cathedral is a"	bird	-17.4814	Ġbird	['religious', 'building', 'place', 'structure', '**']	aff	neg
"Complete the sentence below with only one category word.\nSentence: ""A cathedral is not a ___."" Completed sentence: A cathedral is not a"	bird	-10.621795	Ġbird	['building', 'church', '(', 'house', 'structure']	neg	neg
"Complete the sentence below with only one category word.\nSentence: ""A cathedral is not a ___."" Completed sentence: A cathedral is not a"	building	-1.1665154	Ġbuilding	['building', 'church', '(', 'house', 'structure']	neg	aff
"Complete the sentence below with only one category word.\nSentence: ""A palace is a ___."" Completed sentence: A palace is a"	building	-1.5980568	Ġbuilding	['building', 'structure', 'place', '(', 'man']	aff	aff
"Complete the sentence below with only one category word.\nSentence: ""A palace is a ___."" Completed sentence: A palace is a"	bird	-14.303543	Ġbird	['building', 'structure', 'place', '(', 'man']	aff	neg
"Complete the sentence below with only one category word.\nSentence: ""A palace is not a ___."" Completed sentence: A palace is not a"	bird	-8.602144	Ġbird	['building', 'home', 'house', 'dwelling', '(']	neg	neg
"Complete the sentence below with only one category word.\nSentence: ""A palace is not a ___."" Completed sentence: A palace is not a"	building	-1.5740967	Ġbuilding	['building', 'home', 'house', 'dwelling', '(']	neg	aff
"Complete the sentence below with only one category word.\nSentence: ""A snake is a ___."" Completed sentence: A snake is a"	creature	-4.4261246	Ġcreature	['rept', '\\', 'verte', '(', '____']	aff	aff
"Complete the sentence below with only one category word.\nSentence: ""A snake is a ___."" Completed sentence: A snake is a"	building	-14.870635	Ġbuilding	['rept', '\\', 'verte', '(', '____']	aff	neg
"Complete the sentence below with only one category word.\nSentence: ""A snake is not a ___."" Completed sentence: A snake is not a"	building	-12.7154875	Ġbuilding	['rept', 'mamm', 'verte', 'fish', '___']	neg	neg
"Complete the sentence below with only one category word.\nSentence: ""A snake is not a ___."" Completed sentence: A snake is not a"	creature	-4.6118717	Ġcreature	['rept', 'mamm', 'verte', 'fish', '___']	neg	aff
"Complete the sentence below with only one category word.\nSentence: ""A human is a ___."" Completed sentence: A human is a"	vertebrate	-3.4132843	Ġverte	['living', 'mamm', '**', '___', '____']	aff	aff
"Complete the sentence below with only one category word.\nSentence: ""A human is a ___."" Completed sentence: A human is a"	plant	-6.3728123	Ġplant	['living', 'mamm', '**', '___', '____']	aff	neg
"Complete the sentence below with only one category word.\nSentence: ""A human is not a ___."" Completed sentence: A human is not a"	plant	-1.8910656	Ġplant	['plant', '___', 'mamm', '\\', '(']	neg	neg
"Complete the sentence below with only one category word.\nSentence: ""A human is not a ___."" Completed sentence: A human is not a"	vertebrate	-3.739336	Ġverte	['plant', '___', 'mamm', '\\', '(']	neg	aff
"Complete the sentence below with only one category word.\nSentence: ""A rat is a ___."" Completed sentence: A rat is a"	mammal	-0.8446579	Ġmamm	['mamm', '\\', '___', 'M', 'carniv']	aff	aff
"Complete the sentence below with only one category word.\nSentence: ""A rat is a ___."" Completed sentence: A rat is a"	bird	-7.72173	Ġbird	['mamm', '\\', '___', 'M', 'carniv']	aff	neg
"Complete the sentence below with only one category word.\nSentence: ""A rat is not a ___."" Completed sentence: A rat is not a"	bird	-4.330738	Ġbird	['mamm', '___', 'pet', 'domestic', 'verte']	neg	neg
"Complete the sentence below with only one category word.\nSentence: ""A rat is not a ___."" Completed sentence: A rat is not a"	mammal	-0.8144703	Ġmamm	['mamm', '___', 'pet', 'domestic', 'verte']	neg	aff
"Complete the sentence below with only one category word.\nSentence: ""A fork is a ___."" Completed sentence: A fork is a"	tool	-1.2498264	Ġtool	['utens', 'tool', 'kitchen', 'TOOL', 'cooking']	aff	aff
"Complete the sentence below with only one category word.\nSentence: ""A fork is a ___."" Completed sentence: A fork is a"	vegetable	-8.9830885	Ġvegetable	['utens', 'tool', 'kitchen', 'TOOL', 'cooking']	aff	neg
"Complete the sentence below with only one category word.\nSentence: ""A fork is not a ___."" Completed sentence: A fork is not a"	vegetable	-6.338793	Ġvegetable	['tool', 'utens', 'spoon', 'TOOL', 'knife']	neg	neg
"Complete the sentence below with only one category word.\nSentence: ""A fork is not a ___."" Completed sentence: A fork is not a"	tool	-1.1782837	Ġtool	['tool', 'utens', 'spoon', 'TOOL', 'knife']	neg	aff
"Complete the sentence below with only one category word.\nSentence: ""A napkin is a ___."" Completed sentence: A napkin is a"	cloth	-3.834671	Ġcloth	['kitchen', '\\', 'utens', '**', 'disposable']	aff	aff
"Complete the sentence below with only one category word.\nSentence: ""A napkin is a ___."" Completed sentence: A napkin is a"	toy	-11.224369	Ġtoy	['kitchen', '\\', 'utens', '**', 'disposable']	aff	neg
"Complete the sentence below with only one category word.\nSentence: ""A napkin is not a ___."" Completed sentence: A napkin is not a"	toy	-6.2021055	Ġtoy	['utens', '\\', 'tool', '___', '(']	neg	neg
"Complete the sentence below with only one category word.\nSentence: ""A napkin is not a ___."" Completed sentence: A napkin is not a"	cloth	-3.9882317	Ġcloth	['utens', '\\', 'tool', '___', '(']	neg	aff
"Complete the sentence below with only one category word.\nSentence: ""An airplane is a ___."" Completed sentence: An airplane is a"	machine	-1.5540676	Ġmachine	['vehicle', 'machine', 'mode', 'transportation', 'means']	aff	aff
"Complete the sentence below with only one category word.\nSentence: ""An airplane is a ___."" Completed sentence: An airplane is a"	bird	-7.2466755	Ġbird	['vehicle', 'machine', 'mode', 'transportation', 'means']	aff	neg
"Complete the sentence below with only one category word.\nSentence: ""An airplane is not a ___."" Completed sentence: An airplane is not a"	bird	-3.1284637	Ġbird	['vehicle', 'machine', '(', 'bird', 'mode']	neg	neg
"Complete the sentence below with only one category word.\nSentence: ""An airplane is not a ___."" Completed sentence: An airplane is not a"	machine	-1.7869949	Ġmachine	['vehicle', 'machine', '(', 'bird', 'mode']	neg	aff
"Complete the sentence below with only one category word.\nSentence: ""A cucumber is a ___."" Completed sentence: A cucumber is a"	fruit	-1.3767376	Ġfruit	['vegetable', 'fruit', 'plant', '___', 'food']	aff	aff
"Complete the sentence below with only one category word.\nSentence: ""A cucumber is a ___."" Completed sentence: A cucumber is a"	vegetable	-0.7688923	Ġvegetable	['vegetable', 'fruit', 'plant', '___', 'food']	aff	neg
"Complete the sentence below with only one category word.\nSentence: ""A cucumber is not a ___."" Completed sentence: A cucumber is not a"	vegetable	-0.83603096	Ġvegetable	['vegetable', 'fruit', 'plant', '___', '(']	neg	neg
"Complete the sentence below with only one category word.\nSentence: ""A cucumber is not a ___."" Completed sentence: A cucumber is not a"	fruit	-1.1970825	Ġfruit	['vegetable', 'fruit', 'plant', '___', '(']	neg	aff
"Complete the sentence below with only one category word.\nSentence: ""A trout is a ___."" Completed sentence: A trout is a"	fish	-0.79231834	Ġfish	['fish', '___', 'verte', '\\', 'cold']	aff	aff
"Complete the sentence below with only one category word.\nSentence: ""A trout is a ___."" Completed sentence: A trout is a"	plant	-8.606331	Ġplant	['fish', '___', 'verte', '\\', 'cold']	aff	neg
"Complete the sentence below with only one category word.\nSentence: ""A trout is not a ___."" Completed sentence: A trout is not a"	plant	-6.4969883	Ġplant	['fish', 'mamm', '___', 'verte', '______']	neg	neg
"Complete the sentence below with only one category word.\nSentence: ""A trout is not a ___."" Completed sentence: A trout is not a"	fish	-0.66345215	Ġfish	['fish', 'mamm', '___', 'verte', '______']	neg	aff
"Complete the sentence below with only one category word.\nSentence: ""A rat is an ___."" Completed sentence: A rat is an"	animal	-0.35762405	Ġanimal	['animal', '\\', '**', 'M', 'omn']	aff	aff
"Complete the sentence below with only one category word.\nSentence: ""A rat is a ___."" Completed sentence: A rat is a"	person	-10.774257	Ġperson	['mamm', '\\', '___', 'M', 'carniv']	aff	neg
"Complete the sentence below with only one category word.\nSentence: ""A rat is not a ___."" Completed sentence: A rat is not a"	person	-7.64205	Ġperson	['mamm', '___', 'pet', 'domestic', 'verte']	neg	neg
"Complete the sentence below with only one category word.\nSentence: ""A rat is not an ___."" Completed sentence: A rat is not an"	animal	-0.2244587	Ġanimal	['animal', 'insect', '\\', 'herb', 'omn']	neg	aff
"Complete the sentence below with only one category word.\nSentence: ""A chef is a ___."" Completed sentence: A chef is a"	cook	-4.9109707	Ġcook	['professional', 'profession', 'person', 'career', '___']	aff	aff
"Complete the sentence below with only one category word.\nSentence: ""A chef is a ___."" Completed sentence: A chef is a"	musician	-9.017333	Ġmusician	['professional', 'profession', 'person', 'career', '___']	aff	neg
"Complete the sentence below with only one category word.\nSentence: ""A chef is not a ___."" Completed sentence: A chef is not a"	musician	-4.4052505	Ġmusician	['professional', 'cook', 'profession', '___', '(']	neg	neg
"Complete the sentence below with only one category word.\nSentence: ""A chef is not a ___."" Completed sentence: A chef is not a"	cook	-2.7604523	Ġcook	['professional', 'cook', 'profession', '___', '(']	neg	aff
"Complete the sentence below with only one category word.\nSentence: ""A doctor is a ___."" Completed sentence: A doctor is a"	professional	-1.2296867	Ġprofessional	['professional', 'profession', 'healthcare', '\\', 'medical']	aff	aff
"Complete the sentence below with only one category word.\nSentence: ""A doctor is a ___."" Completed sentence: A doctor is a"	toy	-16.240456	Ġtoy	['professional', 'profession', 'healthcare', '\\', 'medical']	aff	neg
"Complete the sentence below with only one category word.\nSentence: ""A doctor is not a ___."" Completed sentence: A doctor is not a"	toy	-10.273707	Ġtoy	"['professional', 'profession', '\\', '""', '(']"	neg	neg
"Complete the sentence below with only one category word.\nSentence: ""A doctor is not a ___."" Completed sentence: A doctor is not a"	professional	-2.084221	Ġprofessional	"['professional', 'profession', '\\', '""', '(']"	neg	aff
"Complete the sentence below with only one category word.\nSentence: ""A lawyer is an ___."" Completed sentence: A lawyer is an"	attorney	-2.7653675	Ġattorney	"['occupation', 'occupational', '""', '**', 'attorney']"	aff	aff
"Complete the sentence below with only one category word.\nSentence: ""A lawyer is a ___."" Completed sentence: A lawyer is a"	plumber	-12.165178	Ġplumber	['profession', 'professional', 'person', 'legal', '__']	aff	neg
"Complete the sentence below with only one category word.\nSentence: ""A lawyer is not a ___."" Completed sentence: A lawyer is not a"	plumber	-5.8849926	Ġplumber	"['professional', '""', 'profession', '(', '____']"	neg	neg
"Complete the sentence below with only one category word.\nSentence: ""A lawyer is not an ___."" Completed sentence: A lawyer is not an"	attorney	-1.5230083	Ġattorney	"['attorney', '""', '(', 'occupation', '**']"	neg	aff
"Complete the sentence below with only one category word.\nSentence: ""A teacher is an ___."" Completed sentence: A teacher is an"	educator	-1.0834007	Ġeducator	['educator', '**', 'educational', 'occupation', '\\']	aff	aff
"Complete the sentence below with only one category word.\nSentence: ""A teacher is a ___."" Completed sentence: A teacher is a"	cashier	-14.956122	Ġcashier	['professional', 'profession', 'person', '\\', 'human']	aff	neg
"Complete the sentence below with only one category word.\nSentence: ""A teacher is not a ___."" Completed sentence: A teacher is not a"	cashier	-8.742217	Ġcashier	"['professional', 'profession', '""', '(', '___']"	neg	neg
"Complete the sentence below with only one category word.\nSentence: ""A teacher is not an ___."" Completed sentence: A teacher is not an"	educator	-1.4256439	Ġeducator	"['educator', 'employee', '""', '**', '(']"	neg	aff
"Complete the sentence below with only one category word.\nSentence: ""A textbook is a ___."" Completed sentence: A textbook is a"	book	-2.5064392	Ġbook	['book', '**', 'written', 'reference', 'resource']	aff	aff
"Complete the sentence below with only one category word.\nSentence: ""A textbook is a ___."" Completed sentence: A textbook is a"	flower	-17.866098	Ġflower	['book', '**', 'written', 'reference', 'resource']	aff	neg
"Complete the sentence below with only one category word.\nSentence: ""A textbook is not a ___."" Completed sentence: A textbook is not a"	flower	-14.209351	Ġflower	['tool', 'book', '(', '**', '______']	neg	neg
"Complete the sentence below with only one category word.\nSentence: ""A textbook is not a ___."" Completed sentence: A textbook is not a"	book	-2.5953503	Ġbook	['tool', 'book', '(', '**', '______']	neg	aff
"Complete the sentence below with only one category word.\nSentence: ""A lotus is a ___."" Completed sentence: A lotus is a"	flower	-0.64037704	Ġflower	['flower', 'plant', '___', 'flowering', '**']	aff	aff
"Complete the sentence below with only one category word.\nSentence: ""A lotus is an ___."" Completed sentence: A lotus is an"	insect	-6.979311	Ġinsect	['aquatic', '___', '**', 'orn', '(']	aff	neg
"Complete the sentence below with only one category word.\nSentence: ""A lotus is not an ___."" Completed sentence: A lotus is not an"	insect	-4.8102875	Ġinsect	['aquatic', 'animal', '___', '(', 'amphib']	neg	neg
"Complete the sentence below with only one category word.\nSentence: ""A lotus is not a ___."" Completed sentence: A lotus is not a"	flower	-0.80278397	Ġflower	['flower', 'plant', '___', '(', 'tree']	neg	aff
"Complete the sentence below with only one category word.\nSentence: ""A frog is an ___."" Completed sentence: A frog is an"	animal	-1.2682285	Ġanimal	['amphib', 'animal', 'aquatic', '___', 'Animal']	aff	aff
"Complete the sentence below with only one category word.\nSentence: ""A frog is a ___."" Completed sentence: A frog is a"	toy	-9.531425	Ġtoy	['___', 'verte', '__', '\\', '______']	aff	neg
"Complete the sentence below with only one category word.\nSentence: ""A frog is not a ___."" Completed sentence: A frog is not a"	toy	-9.095457	Ġtoy	['mamm', '___', 'rept', 'fish', 'verte']	neg	neg
"Complete the sentence below with only one category word.\nSentence: ""A frog is not an ___."" Completed sentence: A frog is not an"	animal	-0.851511	Ġanimal	['animal', 'amphib', 'insect', '___', 'aquatic']	neg	aff
"Complete the sentence below with only one category word.\nSentence: ""A petunia is a ___."" Completed sentence: A petunia is a"	flower	-0.71385765	Ġflower	['flower', 'plant', 'flowering', '___', 'type']	aff	aff
"Complete the sentence below with only one category word.\nSentence: ""A petunia is a ___."" Completed sentence: A petunia is a"	person	-11.636401	Ġperson	['flower', 'plant', 'flowering', '___', 'type']	aff	neg
"Complete the sentence below with only one category word.\nSentence: ""A petunia is not a ___."" Completed sentence: A petunia is not a"	person	-10.232366	Ġperson	['flower', 'plant', '___', 'flowering', '__']	neg	neg
"Complete the sentence below with only one category word.\nSentence: ""A petunia is not a ___."" Completed sentence: A petunia is not a"	flower	-0.67240334	Ġflower	['flower', 'plant', '___', 'flowering', '__']	neg	aff
"Complete the sentence below with only one category word.\nSentence: ""A kitchen is a ___."" Completed sentence: A kitchen is a"	room	-2.251442	Ġroom	['place', 'room', '**', '\\', '(']	aff	aff
"Complete the sentence below with only one category word.\nSentence: ""A kitchen is a ___."" Completed sentence: A kitchen is a"	house	-5.584264	Ġhouse	['place', 'room', '**', '\\', '(']	aff	neg
"Complete the sentence below with only one category word.\nSentence: ""A kitchen is not a ___."" Completed sentence: A kitchen is not a"	house	-4.1199627	Ġhouse	['living', '\\', '(', 'room', '___']	neg	neg
"Complete the sentence below with only one category word.\nSentence: ""A kitchen is not a ___."" Completed sentence: A kitchen is not a"	room	-2.773592	Ġroom	['living', '\\', '(', 'room', '___']	neg	aff
"Complete the sentence below with only one category word.\nSentence: ""A sunflower is a ___."" Completed sentence: A sunflower is a"	flower	-1.5082588	Ġflower	['plant', 'flower', '___', 'flowering', '**']	aff	aff
"Complete the sentence below with only one category word.\nSentence: ""A sunflower is a ___."" Completed sentence: A sunflower is a"	fruit	-8.381901	Ġfruit	['plant', 'flower', '___', 'flowering', '**']	aff	neg
"Complete the sentence below with only one category word.\nSentence: ""A sunflower is not a ___."" Completed sentence: A sunflower is not a"	fruit	-4.2311516	Ġfruit	['plant', 'flower', '___', 'vegetable', '(']	neg	neg
"Complete the sentence below with only one category word.\nSentence: ""A sunflower is not a ___."" Completed sentence: A sunflower is not a"	flower	-2.0381546	Ġflower	['plant', 'flower', '___', 'vegetable', '(']	neg	aff
"Complete the sentence below with only one category word.\nSentence: ""A blade is a ___."" Completed sentence: A blade is a"	tool	-0.7342949	Ġtool	['tool', 'TOOL', '\\', 'cutting', 'weapon']	aff	aff
"Complete the sentence below with only one category word.\nSentence: ""A blade is a ___."" Completed sentence: A blade is a"	building	-12.444854	Ġbuilding	['tool', 'TOOL', '\\', 'cutting', 'weapon']	aff	neg
"Complete the sentence below with only one category word.\nSentence: ""A blade is not a ___."" Completed sentence: A blade is not a"	building	-10.767514	Ġbuilding	['tool', '\\', 'weapon', 'TOOL', '(']	neg	neg
"Complete the sentence below with only one category word.\nSentence: ""A blade is not a ___."" Completed sentence: A blade is not a"	tool	-0.8211384	Ġtool	['tool', '\\', 'weapon', 'TOOL', '(']	neg	aff
"Complete the sentence below with only one category word.\nSentence: ""A celery is a ___."" Completed sentence: A celery is a"	vegetable	-0.3859234	Ġvegetable	['vegetable', 'plant', 'fruit', '___', 'food']	aff	aff
"Complete the sentence below with only one category word.\nSentence: ""A celery is a ___."" Completed sentence: A celery is a"	legume	-11.534171	Ġleg	['vegetable', 'plant', 'fruit', '___', 'food']	aff	neg
"Complete the sentence below with only one category word.\nSentence: ""A celery is not a ___."" Completed sentence: A celery is not a"	legume	-8.010867	Ġleg	['vegetable', 'fruit', 'plant', '___', '(']	neg	neg
"Complete the sentence below with only one category word.\nSentence: ""A celery is not a ___."" Completed sentence: A celery is not a"	vegetable	-0.62000465	Ġvegetable	['vegetable', 'fruit', 'plant', '___', '(']	neg	aff
"Complete the sentence below with only one category word.\nSentence: ""A cherry is a ___."" Completed sentence: A cherry is a"	fruit	-0.18133163	Ġfruit	['fruit', 'red', '___', 'plant', 'tree']	aff	aff
"Complete the sentence below with only one category word.\nSentence: ""A cherry is a ___."" Completed sentence: A cherry is a"	nut	-9.3745575	Ġnut	['fruit', 'red', '___', 'plant', 'tree']	aff	neg
"Complete the sentence below with only one category word.\nSentence: ""A cherry is not a ___."" Completed sentence: A cherry is not a"	nut	-5.876911	Ġnut	['fruit', 'tree', '___', '(', 'plant']	neg	neg
"Complete the sentence below with only one category word.\nSentence: ""A cherry is not a ___."" Completed sentence: A cherry is not a"	fruit	-0.42093468	Ġfruit	['fruit', 'tree', '___', '(', 'plant']	neg	aff
"Complete the sentence below with only one category word.\nSentence: ""A peach is a ___."" Completed sentence: A peach is a"	fruit	-0.1899147	Ġfruit	['fruit', '___', 'F', '(', '**']	aff	aff
"Complete the sentence below with only one category word.\nSentence: ""A peach is a ___."" Completed sentence: A peach is a"	meat	-12.515716	Ġmeat	['fruit', '___', 'F', '(', '**']	aff	neg
"Complete the sentence below with only one category word.\nSentence: ""A peach is not a ___."" Completed sentence: A peach is not a"	meat	-7.956311	Ġmeat	['fruit', '___', '(', 'vegetable', 'tree']	neg	neg
"Complete the sentence below with only one category word.\nSentence: ""A peach is not a ___."" Completed sentence: A peach is not a"	fruit	-0.5202637	Ġfruit	['fruit', '___', '(', 'vegetable', 'tree']	neg	aff
"Complete the sentence below with only one category word.\nSentence: ""A giraffe is a ___."" Completed sentence: A giraffe is a"	mammal	-0.83751297	Ġmamm	['mamm', 'M', '\\', '___', '(']	aff	aff
"Complete the sentence below with only one category word.\nSentence: ""A giraffe is a ___."" Completed sentence: A giraffe is a"	bird	-6.189125	Ġbird	['mamm', 'M', '\\', '___', '(']	aff	neg
"Complete the sentence below with only one category word.\nSentence: ""A giraffe is not a ___."" Completed sentence: A giraffe is not a"	bird	-2.8682842	Ġbird	['mamm', '___', 'bird', '(', 'verte']	neg	neg
"Complete the sentence below with only one category word.\nSentence: ""A giraffe is not a ___."" Completed sentence: A giraffe is not a"	mammal	-0.987133	Ġmamm	['mamm', '___', 'bird', '(', 'verte']	neg	aff
"Complete the sentence below with only one category word.\nSentence: ""A leopard is a ___."" Completed sentence: A leopard is a"	mammal	-1.365963	Ġmamm	['mamm', 'M', '______', 'carniv', '___']	aff	aff
"Complete the sentence below with only one category word.\nSentence: ""A leopard is a ___."" Completed sentence: A leopard is a"	reptile	-7.158164	Ġrept	['mamm', 'M', '______', 'carniv', '___']	aff	neg
"Complete the sentence below with only one category word.\nSentence: ""A leopard is not a ___."" Completed sentence: A leopard is not a"	reptile	-5.5922756	Ġrept	['mamm', '___', '______', 'M', '(']	neg	neg
"Complete the sentence below with only one category word.\nSentence: ""A leopard is not a ___."" Completed sentence: A leopard is not a"	mammal	-1.4950047	Ġmamm	['mamm', '___', '______', 'M', '(']	neg	aff
"Complete the sentence below with only one category word.\nSentence: ""A penguin is a ___."" Completed sentence: A penguin is a"	bird	-0.7864742	Ġbird	['bird', '___', '__', '(', 'mamm']	aff	aff
"Complete the sentence below with only one category word.\nSentence: ""A penguin is a ___."" Completed sentence: A penguin is a"	number	-12.984274	Ġnumber	['bird', '___', '__', '(', 'mamm']	aff	neg
"Complete the sentence below with only one category word.\nSentence: ""A penguin is not a ___."" Completed sentence: A penguin is not a"	number	-12.907136	Ġnumber	['bird', 'mamm', '___', 'fish', '(']	neg	neg
"Complete the sentence below with only one category word.\nSentence: ""A penguin is not a ___."" Completed sentence: A penguin is not a"	bird	-1.0991821	Ġbird	['bird', 'mamm', '___', 'fish', '(']	neg	aff
"Complete the sentence below with only one category word.\nSentence: ""An orange is a ___."" Completed sentence: An orange is a"	fruit	-0.20485687	Ġfruit	['fruit', 'citrus', '(', '___', '\\']	aff	aff
"Complete the sentence below with only one category word.\nSentence: ""An orange is a ___."" Completed sentence: An orange is a"	drink	-12.748388	Ġdrink	['fruit', 'citrus', '(', '___', '\\']	aff	neg
"Complete the sentence below with only one category word.\nSentence: ""An orange is not a ___."" Completed sentence: An orange is not a"	drink	-9.821662	Ġdrink	['fruit', 'vegetable', '___', '(', '______']	neg	neg
"Complete the sentence below with only one category word.\nSentence: ""An orange is not a ___."" Completed sentence: An orange is not a"	fruit	-0.3705845	Ġfruit	['fruit', 'vegetable', '___', '(', '______']	neg	aff
"Complete the sentence below with only one category word.\nSentence: ""A bike is a ___."" Completed sentence: A bike is a"	vehicle	-1.6809235	Ġvehicle	['transportation', 'vehicle', 'mode', 'two', 'transport']	aff	aff
"Complete the sentence below with only one category word.\nSentence: ""A bike is a ___."" Completed sentence: A bike is a"	tree	-12.966933	Ġtree	['transportation', 'vehicle', 'mode', 'two', 'transport']	aff	neg
"Complete the sentence below with only one category word.\nSentence: ""A bike is not a ___."" Completed sentence: A bike is not a"	tree	-7.136344	Ġtree	['vehicle', 'tool', 'machine', 'car', '(']	neg	neg
"Complete the sentence below with only one category word.\nSentence: ""A bike is not a ___."" Completed sentence: A bike is not a"	vehicle	-1.1828232	Ġvehicle	['vehicle', 'tool', 'machine', 'car', '(']	neg	aff
"Complete the sentence below with only one category word.\nSentence: ""A turkey is a ___."" Completed sentence: A turkey is a"	bird	-1.2340393	Ġbird	['bird', 'domestic', '\\', 'f', 'farm']	aff	aff
"Complete the sentence below with only one category word.\nSentence: ""A turkey is an ___."" Completed sentence: A turkey is an"	animal	-0.7712822	Ġanimal	['animal', '\\', 'AN', '**', 'omn']	aff	neg
"Complete the sentence below with only one category word.\nSentence: ""A turkey is not an ___."" Completed sentence: A turkey is not an"	animal	-0.7813797	Ġanimal	"['animal', '\\', 'egg', '(', '""']"	neg	neg
"Complete the sentence below with only one category word.\nSentence: ""A turkey is not a ___."" Completed sentence: A turkey is not a"	bird	-1.0153542	Ġbird	['bird', 'mamm', '___', '\\', '(']	neg	aff
"Complete the sentence below with only one category word.\nSentence: ""A dolphin is a ___."" Completed sentence: A dolphin is a"	mammal	-0.84373283	Ġmamm	['mamm', 'marine', 'M', '___', '**']	aff	aff
"Complete the sentence below with only one category word.\nSentence: ""A dolphin is a ___."" Completed sentence: A dolphin is a"	reptile	-7.446556	Ġrept	['mamm', 'marine', 'M', '___', '**']	aff	neg
"Complete the sentence below with only one category word.\nSentence: ""A dolphin is not a ___."" Completed sentence: A dolphin is not a"	reptile	-5.1321926	Ġrept	['mamm', 'fish', 'verte', '(', '___']	neg	neg
"Complete the sentence below with only one category word.\nSentence: ""A dolphin is not a ___."" Completed sentence: A dolphin is not a"	mammal	-0.504858	Ġmamm	['mamm', 'fish', 'verte', '(', '___']	neg	aff
"Complete the sentence below with only one category word.\nSentence: ""A bluebird is a ___."" Completed sentence: A bluebird is a"	bird	-0.31440926	Ġbird	['bird', '\\', '___', '(', '__']	aff	aff
"Complete the sentence below with only one category word.\nSentence: ""A bluebird is a ___."" Completed sentence: A bluebird is a"	color	-9.6966	Ġcolor	['bird', '\\', '___', '(', '__']	aff	neg
"Complete the sentence below with only one category word.\nSentence: ""A bluebird is not a ___."" Completed sentence: A bluebird is not a"	color	-8.223615	Ġcolor	['bird', '___', '(', 'mamm', '____']	neg	neg
"Complete the sentence below with only one category word.\nSentence: ""A bluebird is not a ___."" Completed sentence: A bluebird is not a"	bird	-0.85883904	Ġbird	['bird', '___', '(', 'mamm', '____']	neg	aff
"Complete the sentence below with only one category word.\nSentence: ""A willow is a ___."" Completed sentence: A willow is a"	tree	-0.6768856	Ġtree	['tree', 'plant', 'wo', '___', 'decid']	aff	aff
"Complete the sentence below with only one category word.\nSentence: ""A willow is a ___."" Completed sentence: A willow is a"	tool	-12.392977	Ġtool	['tree', 'plant', 'wo', '___', 'decid']	aff	neg
"Complete the sentence below with only one category word.\nSentence: ""A willow is not a ___."" Completed sentence: A willow is not a"	tool	-9.740189	Ġtool	['tree', 'plant', '___', '(', '__']	neg	neg
"Complete the sentence below with only one category word.\nSentence: ""A willow is not a ___."" Completed sentence: A willow is not a"	tree	-0.60349655	Ġtree	['tree', 'plant', '___', '(', '__']	neg	aff
"Complete the sentence below with only one category word.\nSentence: ""A glass is a ___."" Completed sentence: A glass is a"	container	-0.80918884	Ġcontainer	['container', 'vessel', 'liquid', '**', '___']	aff	aff
"Complete the sentence below with only one category word.\nSentence: ""A glass is a ___."" Completed sentence: A glass is a"	plant	-10.977141	Ġplant	['container', 'vessel', 'liquid', '**', '___']	aff	neg
"Complete the sentence below with only one category word.\nSentence: ""A glass is not a ___."" Completed sentence: A glass is not a"	plant	-7.6189947	Ġplant	['container', 'liquid', 'vessel', '___', '(']	neg	neg
"Complete the sentence below with only one category word.\nSentence: ""A glass is not a ___."" Completed sentence: A glass is not a"	container	-0.9237423	Ġcontainer	['container', 'liquid', 'vessel', '___', '(']	neg	aff
"Complete the sentence below with only one category word.\nSentence: ""A bear is a ___."" Completed sentence: A bear is a"	mammal	-0.4187584	Ġmamm	['mamm', 'M', '(', '**', 'carniv']	aff	aff
"Complete the sentence below with only one category word.\nSentence: ""A bear is a ___."" Completed sentence: A bear is a"	reptile	-7.7567263	Ġrept	['mamm', 'M', '(', '**', 'carniv']	aff	neg
"Complete the sentence below with only one category word.\nSentence: ""A bear is not a ___."" Completed sentence: A bear is not a"	reptile	-4.8677444	Ġrept	['mamm', '___', '(', '\\', 'fish']	neg	neg
"Complete the sentence below with only one category word.\nSentence: ""A bear is not a ___."" Completed sentence: A bear is not a"	mammal	-0.69392776	Ġmamm	['mamm', '___', '(', '\\', 'fish']	neg	aff
"Complete the sentence below with only one category word.\nSentence: ""A glider is an ___."" Completed sentence: A glider is an"	aircraft	-1.1976204	Ġaircraft	['aircraft', 'AIR', '\\', 'air', 'a']	aff	aff
"Complete the sentence below with only one category word.\nSentence: ""A glider is a ___."" Completed sentence: A glider is a"	building	-11.360516	Ġbuilding	['machine', 'vehicle', '\\', 'device', 'flying']	aff	neg
"Complete the sentence below with only one category word.\nSentence: ""A glider is not a ___."" Completed sentence: A glider is not a"	building	-8.825386	Ġbuilding	['vehicle', 'machine', 'bird', '___', '(']	neg	neg
"Complete the sentence below with only one category word.\nSentence: ""A glider is not an ___."" Completed sentence: A glider is not an"	aircraft	-1.0371914	Ġaircraft	['aircraft', 'airplane', 'air', 'aer', 'engine']	neg	aff
"Complete the sentence below with only one category word.\nSentence: ""A helicopter is an ___."" Completed sentence: A helicopter is an"	aircraft	-1.2574501	Ġaircraft	['aircraft', 'AIR', 'air', '\\', 'a']	aff	aff
"Complete the sentence below with only one category word.\nSentence: ""A helicopter is a ___."" Completed sentence: A helicopter is a"	mammal	-5.529586	ĠM	['vehicle', 'machine', 'flying', '\\', 'transportation']	aff	neg
"Complete the sentence below with only one category word.\nSentence: ""A helicopter is not a ___."" Completed sentence: A helicopter is not a"	mammal	-5.9744644	Ġmamm	['vehicle', 'machine', 'bird', '(', 'flying']	neg	neg
"Complete the sentence below with only one category word.\nSentence: ""A helicopter is not an ___."" Completed sentence: A helicopter is not an"	aircraft	-1.0564404	Ġaircraft	['aircraft', 'airplane', 'air', 'animal', 'object']	neg	aff
"Complete the sentence below with only one category word.\nSentence: ""A blender is a ___."" Completed sentence: A blender is a"	machine	-2.862547	Ġmachine	['kitchen', 'tool', 'machine', 'household', '**']	aff	aff
"Complete the sentence below with only one category word.\nSentence: ""A blender is a ___."" Completed sentence: A blender is a"	toy	-8.681785	Ġtoy	['kitchen', 'tool', 'machine', 'household', '**']	aff	neg
"Complete the sentence below with only one category word.\nSentence: ""A blender is not a ___."" Completed sentence: A blender is not a"	toy	-5.081991	Ġtoy	['tool', 'machine', 'TOOL', 'kitchen', '(']	neg	neg
"Complete the sentence below with only one category word.\nSentence: ""A blender is not a ___."" Completed sentence: A blender is not a"	machine	-2.1517525	Ġmachine	['tool', 'machine', 'TOOL', 'kitchen', '(']	neg	aff
"Complete the sentence below with only one category word.\nSentence: ""A toaster is a ___."" Completed sentence: A toaster is a"	machine	-3.3996887	Ġmachine	['kitchen', 'tool', 'household', 'cooking', 'machine']	aff	aff
"Complete the sentence below with only one category word.\nSentence: ""A toaster is a ___."" Completed sentence: A toaster is a"	food	-6.0738316	Ġfood	['kitchen', 'tool', 'household', 'cooking', 'machine']	aff	neg
"Complete the sentence below with only one category word.\nSentence: ""A toaster is not a ___."" Completed sentence: A toaster is not a"	food	-4.5608997	Ġfood	['tool', 'machine', '\\', '(', '___']	neg	neg
"Complete the sentence below with only one category word.\nSentence: ""A toaster is not a ___."" Completed sentence: A toaster is not a"	machine	-1.9443226	Ġmachine	['tool', 'machine', '\\', '(', '___']	neg	aff
"Complete the sentence below with only one category word.\nSentence: ""A phone is an ___."" Completed sentence: A phone is an"	appliance	-4.1032333	Ġappliance	['electronic', '**', 'electrical', 'Electronic', 'appliance']	aff	aff
"Complete the sentence below with only one category word.\nSentence: ""A phone is a ___."" Completed sentence: A phone is a"	mammal	-6.4961977	ĠM	['communication', 'electronic', 'device', '**', 'tool']	aff	neg
"Complete the sentence below with only one category word.\nSentence: ""A phone is not a ___."" Completed sentence: A phone is not a"	mammal	-7.100747	Ġmamm	['tool', '___', '(', 'gadget', '____']	neg	neg
"Complete the sentence below with only one category word.\nSentence: ""A phone is not an ___."" Completed sentence: A phone is not an"	appliance	-1.9219189	Ġappliance	['electronic', 'appliance', 'accessory', 'instrument', 'electrical']	neg	aff
"Complete the sentence below with only one category word.\nSentence: ""A toy is a ___."" Completed sentence: A toy is a"	thing	-4.6565504	Ġthing	['toy', 'play', '**', '(', '____']	aff	aff
"Complete the sentence below with only one category word.\nSentence: ""A toy is a ___."" Completed sentence: A toy is a"	bird	-12.911472	Ġbird	['toy', 'play', '**', '(', '____']	aff	neg
"Complete the sentence below with only one category word.\nSentence: ""A toy is not a ___."" Completed sentence: A toy is not a"	bird	-8.213633	Ġbird	['toy', 'tool', '___', 'living', '(']	neg	neg
"Complete the sentence below with only one category word.\nSentence: ""A toy is not a ___."" Completed sentence: A toy is not a"	thing	-5.1354256	Ġthing	['toy', 'tool', '___', 'living', '(']	neg	aff
"Complete the sentence below with only one category word.\nSentence: ""A novel is a ___."" Completed sentence: A novel is a"	book	-1.8782482	Ġbook	['work', 'literary', 'book', 'piece', 'story']	aff	aff
"Complete the sentence below with only one category word.\nSentence: ""A novel is a ___."" Completed sentence: A novel is a"	film	-13.738091	Ġfilm	['work', 'literary', 'book', 'piece', 'story']	aff	neg
"Complete the sentence below with only one category word.\nSentence: ""A novel is not a ___."" Completed sentence: A novel is not a"	film	-5.615204	Ġfilm	['book', 'work', 'story', 'short', '(']	neg	neg
"Complete the sentence below with only one category word.\nSentence: ""A novel is not a ___."" Completed sentence: A novel is not a"	book	-1.4815636	Ġbook	['book', 'work', 'story', 'short', '(']	neg	aff
"Complete the sentence below with only one category word.\nSentence: ""A drum is an ___."" Completed sentence: A drum is an"	instrument	-0.27195358	Ġinstrument	['instrument', 'Instrument', 'musical', '**', 'object']	aff	aff
"Complete the sentence below with only one category word.\nSentence: ""A drum is a ___."" Completed sentence: A drum is a"	toy	-9.0166645	Ġtoy	['musical', 'percussion', '(', '**', '\\']	aff	neg
"Complete the sentence below with only one category word.\nSentence: ""A drum is not a ___."" Completed sentence: A drum is not a"	toy	-5.641815	Ġtoy	['musical', 'tool', '(', '___', 'percussion']	neg	neg
"Complete the sentence below with only one category word.\nSentence: ""A drum is not an ___."" Completed sentence: A drum is not an"	instrument	-0.27043533	Ġinstrument	['instrument', 'object', '(', 'organ', '\\']	neg	aff
"Complete the sentence below with only one category word.\nSentence: ""A movie is an ___."" Completed sentence: A movie is an"	entertainment	-0.94431114	Ġentertainment	['entertainment', 'art', '**', '(', '\\']	aff	aff
"Complete the sentence below with only one category word.\nSentence: ""A movie is a ___."" Completed sentence: A movie is a"	person	-10.398918	Ġperson	['form', 'medium', '**', 'work', '(']	aff	neg
"Complete the sentence below with only one category word.\nSentence: ""A movie is not a ___."" Completed sentence: A movie is not a"	person	-8.734422	Ġperson	"['book', '(', '""', '\\', 'TV']"	neg	neg
"Complete the sentence below with only one category word.\nSentence: ""A movie is not an ___."" Completed sentence: A movie is not an"	entertainment	-1.6287918	Ġentertainment	"['entertainment', 'art', 'object', '""', '(']"	neg	aff
"Complete the sentence below with only one category word.\nSentence: ""A house is a ___."" Completed sentence: A house is a"	dwelling	-2.5954266	Ġdwelling	['structure', 'building', 'shelter', 'dwelling', '(']	aff	aff
"Complete the sentence below with only one category word.\nSentence: ""A house is a ___."" Completed sentence: A house is a"	waterway	-10.716688	Ġwater	['structure', 'building', 'shelter', 'dwelling', '(']	aff	neg
"Complete the sentence below with only one category word.\nSentence: ""A house is not a ___."" Completed sentence: A house is not a"	waterway	-7.723177	Ġwater	['building', 'living', '(', 'shelter', '___']	neg	neg
"Complete the sentence below with only one category word.\nSentence: ""A house is not a ___."" Completed sentence: A house is not a"	dwelling	-3.0935078	Ġdwelling	['building', 'living', '(', 'shelter', '___']	neg	aff
"Complete the sentence below with only one category word.\nSentence: ""A river is a ___."" Completed sentence: A river is a"	waterway	-3.4104862	Ġwater	['natural', 'body', 'source', 'liquid', '\\']	aff	aff
"Complete the sentence below with only one category word.\nSentence: ""A river is a ___."" Completed sentence: A river is a"	mountain	-10.629289	Ġmountain	['natural', 'body', 'source', 'liquid', '\\']	aff	neg
"Complete the sentence below with only one category word.\nSentence: ""A river is not a ___."" Completed sentence: A river is not a"	mountain	-7.0808086	Ġmountain	['body', 'lake', 'liquid', '___', 'source']	neg	neg
"Complete the sentence below with only one category word.\nSentence: ""A river is not a ___."" Completed sentence: A river is not a"	waterway	-4.914421	Ġwater	['body', 'lake', 'liquid', '___', 'source']	neg	aff
"Complete the sentence below with only one category word.\nSentence: ""A girl is a ___."" Completed sentence: A girl is a"	person	-3.3444023	Ġperson	['female', 'human', 'living', '(', '\\']	aff	aff
"Complete the sentence below with only one category word.\nSentence: ""A girl is a ___."" Completed sentence: A girl is a"	boy	-8.417396	Ġboy	['female', 'human', 'living', '(', '\\']	aff	neg
"Complete the sentence below with only one category word.\nSentence: ""A girl is not a ___."" Completed sentence: A girl is not a"	boy	-2.1852608	Ġboy	['boy', 'human', 'man', '(', '___']	neg	neg
"Complete the sentence below with only one category word.\nSentence: ""A girl is not a ___."" Completed sentence: A girl is not a"	person	-3.3364792	Ġperson	['boy', 'human', 'man', '(', '___']	neg	aff
"Complete the sentence below with only one category word.\nSentence: ""A steak is a ___."" Completed sentence: A steak is a"	food	-1.3291111	Ġfood	['food', 'meat', 'protein', '\\', 'red']	aff	aff
"Complete the sentence below with only one category word.\nSentence: ""A steak is a ___."" Completed sentence: A steak is a"	flower	-15.373154	Ġflower	['food', 'meat', 'protein', '\\', 'red']	aff	neg
"Complete the sentence below with only one category word.\nSentence: ""A steak is not a ___."" Completed sentence: A steak is not a"	flower	-10.166973	Ġflower	['vegetable', 'meat', '\\', 'food', '___']	neg	neg
"Complete the sentence below with only one category word.\nSentence: ""A steak is not a ___."" Completed sentence: A steak is not a"	food	-2.963314	Ġfood	['vegetable', 'meat', '\\', 'food', '___']	neg	aff
"Complete the sentence below with only one category word.\nSentence: ""A shoe is a ___."" Completed sentence: A shoe is a"	clothing	-4.9670515	Ġclothing	['shoe', '\\', 'tool', 'foot', 'footwear']	aff	aff
"Complete the sentence below with only one category word.\nSentence: ""A shoe is a ___."" Completed sentence: A shoe is a"	furniture	-9.312569	Ġfurniture	['shoe', '\\', 'tool', 'foot', 'footwear']	aff	neg
"Complete the sentence below with only one category word.\nSentence: ""A shoe is not a ___."" Completed sentence: A shoe is not a"	furniture	-8.622151	Ġfurniture	['tool', '\\', '___', 'shoe', '(']	neg	neg
"Complete the sentence below with only one category word.\nSentence: ""A shoe is not a ___."" Completed sentence: A shoe is not a"	clothing	-3.8771706	Ġclothing	['tool', '\\', '___', 'shoe', '(']	neg	aff
"Complete the sentence below with only one category word.\nSentence: ""A computer is an ___."" Completed sentence: A computer is an"	equipment	-7.037856	Ġequipment	['electronic', '**', '(', '\\', 'appliance']	aff	aff
"Complete the sentence below with only one category word.\nSentence: ""A computer is a ___."" Completed sentence: A computer is a"	drink	-14.486549	Ġdrink	['tool', 'machine', '**', 'device', '(']	aff	neg
"Complete the sentence below with only one category word.\nSentence: ""A computer is not a ___."" Completed sentence: A computer is not a"	drink	-8.224984	Ġdrink	['tool', 'living', 'machine', '(', '___']	neg	neg
"Complete the sentence below with only one category word.\nSentence: ""A computer is not an ___."" Completed sentence: A computer is not an"	equipment	-7.2012777	Ġequipment	['appliance', 'electronic', 'animal', '(', '\\']	neg	aff
"Complete the sentence below with only one category word.\nSentence: ""A mouse is a ___."" Completed sentence: A mouse is a"	rodent	-4.11458	Ġrod	['mamm', 'small', '\\', 'M', 'verte']	aff	aff
"Complete the sentence below with only one category word.\nSentence: ""A mouse is a ___."" Completed sentence: A mouse is a"	bird	-7.4744425	Ġbird	['mamm', 'small', '\\', 'M', 'verte']	aff	neg
"Complete the sentence below with only one category word.\nSentence: ""A mouse is not a ___."" Completed sentence: A mouse is not a"	bird	-3.7726707	Ġbird	['mamm', '___', 'verte', 'rod', 'rept']	neg	neg
"Complete the sentence below with only one category word.\nSentence: ""A mouse is not a ___."" Completed sentence: A mouse is not a"	rodent	-3.1352863	Ġrod	['mamm', '___', 'verte', 'rod', 'rept']	neg	aff
"Complete the sentence below with only one category word.\nSentence: ""A nail is a ___."" Completed sentence: A nail is a"	metal	-4.436302	Ġmetal	['tool', 'TOOL', '\\', 'nail', '**']	aff	aff
"Complete the sentence below with only one category word.\nSentence: ""A nail is a ___."" Completed sentence: A nail is a"	paper	-13.098126	Ġpaper	['tool', 'TOOL', '\\', 'nail', '**']	aff	neg
"Complete the sentence below with only one category word.\nSentence: ""A nail is not a ___."" Completed sentence: A nail is not a"	paper	-10.045687	Ġpaper	['tool', 'TOOL', '\\', '___', 'nail']	neg	neg
"Complete the sentence below with only one category word.\nSentence: ""A nail is not a ___."" Completed sentence: A nail is not a"	metal	-3.914936	Ġmetal	['tool', 'TOOL', '\\', '___', 'nail']	neg	aff
"Complete the sentence below with only one category word.\nSentence: ""A driver is a ___."" Completed sentence: A driver is a"	person	-1.5593147	Ġperson	['person', 'profession', 'professional', 'human', '\\']	aff	aff
"Complete the sentence below with only one category word.\nSentence: ""A driver is a ___."" Completed sentence: A driver is a"	machine	-6.4897785	Ġmachine	['person', 'profession', 'professional', 'human', '\\']	aff	neg
"Complete the sentence below with only one category word.\nSentence: ""A driver is not a ___."" Completed sentence: A driver is not a"	machine	-3.2566013	Ġmachine	['passenger', '(', 'human', 'vehicle', 'person']	neg	neg
"Complete the sentence below with only one category word.\nSentence: ""A driver is not a ___."" Completed sentence: A driver is not a"	person	-2.7667332	Ġperson	['passenger', '(', 'human', 'vehicle', 'person']	neg	aff
"Complete the sentence below with only one category word.\nSentence: ""A lake is a ___."" Completed sentence: A lake is a"	pond	-7.4994106	Ġpond	['body', 'natural', 'source', '**', '(']	aff	aff
"Complete the sentence below with only one category word.\nSentence: ""A lake is a ___."" Completed sentence: A lake is a"	mountain	-11.529562	Ġmountain	['body', 'natural', 'source', '**', '(']	aff	neg
"Complete the sentence below with only one category word.\nSentence: ""A lake is not a ___."" Completed sentence: A lake is not a"	mountain	-6.8986826	Ġmountain	['body', 'source', '(', '__', 'container']	neg	neg
"Complete the sentence below with only one category word.\nSentence: ""A lake is not a ___."" Completed sentence: A lake is not a"	pond	-3.7247925	Ġpond	['body', 'source', '(', '__', 'container']	neg	aff
"Complete the sentence below with only one category word.\nSentence: ""A duck is an ___."" Completed sentence: A duck is an"	animal	-0.7984657	Ġanimal	['animal', 'aquatic', '\\', 'A', '___']	aff	aff
"Complete the sentence below with only one category word.\nSentence: ""A duck is a ___."" Completed sentence: A duck is a"	fruit	-11.969614	Ġfruit	['bird', 'water', '\\', '___', '(']	aff	neg
"Complete the sentence below with only one category word.\nSentence: ""A duck is not a ___."" Completed sentence: A duck is not a"	fruit	-9.913551	Ġfruit	['bird', 'mamm', '___', '(', '______']	neg	neg
"Complete the sentence below with only one category word.\nSentence: ""A duck is not an ___."" Completed sentence: A duck is not an"	animal	-0.7858429	Ġanimal	['animal', 'aquatic', '\\', 'egg', 'amphib']	neg	aff
"Complete the sentence below with only one category word.\nSentence: ""A mackerel is a ___."" Completed sentence: A mackerel is a"	fish	-0.4063835	Ġfish	['fish', 'type', '___', 'marine', '**']	aff	aff
"Complete the sentence below with only one category word.\nSentence: ""A mackerel is a ___."" Completed sentence: A mackerel is a"	bird	-7.3240423	Ġbird	['fish', 'type', '___', 'marine', '**']	aff	neg
"Complete the sentence below with only one category word.\nSentence: ""A mackerel is not a ___."" Completed sentence: A mackerel is not a"	bird	-4.3769283	Ġbird	['fish', '___', 'mamm', '____', '(']	neg	neg
"Complete the sentence below with only one category word.\nSentence: ""A mackerel is not a ___."" Completed sentence: A mackerel is not a"	fish	-0.5453663	Ġfish	['fish', '___', 'mamm', '____', '(']	neg	aff
"Complete the sentence below with only one category word.\nSentence: ""A vase is a ___."" Completed sentence: A vase is a"	decoration	-4.8121243	Ġdecoration	['container', 'decorative', 'vessel', '**', 'vase']	aff	aff
"Complete the sentence below with only one category word.\nSentence: ""A vase is a ___."" Completed sentence: A vase is a"	tool	-5.483183	Ġtool	['container', 'decorative', 'vessel', '**', 'vase']	aff	neg
"Complete the sentence below with only one category word.\nSentence: ""A vase is not a ___."" Completed sentence: A vase is not a"	tool	-2.779728	Ġtool	['container', 'vase', 'tool', 'plant', '___']	neg	neg
"Complete the sentence below with only one category word.\nSentence: ""A vase is not a ___."" Completed sentence: A vase is not a"	decoration	-6.8216133	Ġdecoration	['container', 'vase', 'tool', 'plant', '___']	neg	aff
"Complete the sentence below with only one category word.\nSentence: ""A cat is a ___."" Completed sentence: A cat is a"	carnivore	-3.970417	Ġcarniv	['mamm', 'domestic', 'M', 'f', '**']	aff	aff
"Complete the sentence below with only one category word.\nSentence: ""A cat is a ___."" Completed sentence: A cat is a"	herbivore	-7.1255093	Ġherb	['mamm', 'domestic', 'M', 'f', '**']	aff	neg
"Complete the sentence below with only one category word.\nSentence: ""A cat is not a ___."" Completed sentence: A cat is not a"	herbivore	-5.706753	Ġherb	['mamm', '___', 'domestic', '\\', '(']	neg	neg
"Complete the sentence below with only one category word.\nSentence: ""A cat is not a ___."" Completed sentence: A cat is not a"	carnivore	-5.421644	Ġcarniv	['mamm', '___', 'domestic', '\\', '(']	neg	aff
"Complete the sentence below with only one category word.\nSentence: ""A school is a ___."" Completed sentence: A school is a"	place	-1.4360619	Ġplace	"['building', 'place', '(', '\\', '""']"	aff	aff
"Complete the sentence below with only one category word.\nSentence: ""A school is a ___."" Completed sentence: A school is a"	device	-13.385598	Ġdevice	"['building', 'place', '(', '\\', '""']"	aff	neg
"Complete the sentence below with only one category word.\nSentence: ""A school is not a ___."" Completed sentence: A school is not a"	device	-10.801385	Ġdevice	"['building', 'place', '(', '""', 'business']"	neg	neg
"Complete the sentence below with only one category word.\nSentence: ""A school is not a ___."" Completed sentence: A school is not a"	place	-2.1859798	Ġplace	"['building', 'place', '(', '""', 'business']"	neg	aff
"Complete the sentence below with only one category word.\nSentence: ""A python is a ___."" Completed sentence: A python is a"	snake	-3.2470264	Ġsnake	['rept', 'snake', '(', '\\', '**']	aff	aff
"Complete the sentence below with only one category word.\nSentence: ""A python is a ___."" Completed sentence: A python is a"	mammal	-4.68713	ĠM	['rept', 'snake', '(', '\\', '**']	aff	neg
"Complete the sentence below with only one category word.\nSentence: ""A python is not a ___."" Completed sentence: A python is not a"	mammal	-1.5497475	Ġmamm	['rept', 'mamm', 'bird', 'fish', 'snake']	neg	neg
"Complete the sentence below with only one category word.\nSentence: ""A python is not a ___."" Completed sentence: A python is not a"	snake	-3.2897072	Ġsnake	['rept', 'mamm', 'bird', 'fish', 'snake']	neg	aff
"Complete the sentence below with only one category word.\nSentence: ""A hawk is an ___."" Completed sentence: A hawk is an"	animal	-0.7602768	Ġanimal	['animal', '\\', '**', 'A', 'av']	aff	aff
"Complete the sentence below with only one category word.\nSentence: ""A hawk is a ___."" Completed sentence: A hawk is a"	reptile	-7.141678	Ġrept	['bird', '\\', 'predator', '(', 'predatory']	aff	neg
"Complete the sentence below with only one category word.\nSentence: ""A hawk is not a ___."" Completed sentence: A hawk is not a"	reptile	-5.5447807	Ġrept	['bird', 'mamm', '___', '(', '\\']	neg	neg
"Complete the sentence below with only one category word.\nSentence: ""A hawk is not an ___."" Completed sentence: A hawk is not an"	animal	-0.68854713	Ġanimal	['animal', '\\', '(', 'av', '___']	neg	aff
"Complete the sentence below with only one category word.\nSentence: ""A beach is a ___."" Completed sentence: A beach is a"	place	-1.4267025	Ġplace	['natural', 'place', '(', 'location', '\\']	aff	aff
"Complete the sentence below with only one category word.\nSentence: ""A beach is an ___."" Completed sentence: A beach is an"	ocean	-4.2238407	Ġocean	['outdoor', 'environment', '**', '\\', '(']	aff	neg
"Complete the sentence below with only one category word.\nSentence: ""A beach is not an ___."" Completed sentence: A beach is not an"	ocean	-2.4418259	Ġocean	"['(', 'ocean', 'island', '""', 'environment']"	neg	neg
"Complete the sentence below with only one category word.\nSentence: ""A beach is not a ___."" Completed sentence: A beach is not a"	place	-2.9959698	Ġplace	['(', 'park', 'place', '___', 'body']	neg	aff
"Complete the sentence below with only one category word.\nSentence: ""A carnation is a ___."" Completed sentence: A carnation is a"	flower	-0.43719292	Ġflower	['flower', 'plant', '___', 'flowering', 'type']	aff	aff
"Complete the sentence below with only one category word.\nSentence: ""A carnation is a ___."" Completed sentence: A carnation is a"	bee	-13.551563	Ġbee	['flower', 'plant', '___', 'flowering', 'type']	aff	neg
"Complete the sentence below with only one category word.\nSentence: ""A carnation is not a ___."" Completed sentence: A carnation is not a"	bee	-10.071158	Ġbee	['flower', '___', 'plant', '__', '______']	neg	neg
"Complete the sentence below with only one category word.\nSentence: ""A carnation is not a ___."" Completed sentence: A carnation is not a"	flower	-0.6005821	Ġflower	['flower', '___', 'plant', '__', '______']	neg	aff
"Complete the sentence below with only one category word.\nSentence: ""A shoe is a ___."" Completed sentence: A shoe is a"	footwear	-3.2015324	Ġfootwear	['shoe', '\\', 'tool', 'foot', 'footwear']	aff	aff
"Complete the sentence below with only one category word.\nSentence: ""A shoe is a ___."" Completed sentence: A shoe is a"	tool	-2.710266	Ġtool	['shoe', '\\', 'tool', 'foot', 'footwear']	aff	neg
"Complete the sentence below with only one category word.\nSentence: ""A shoe is not a ___."" Completed sentence: A shoe is not a"	tool	-1.5802555	Ġtool	['tool', '\\', '___', 'shoe', '(']	neg	neg
"Complete the sentence below with only one category word.\nSentence: ""A shoe is not a ___."" Completed sentence: A shoe is not a"	footwear	-6.1032114	Ġfootwear	['tool', '\\', '___', 'shoe', '(']	neg	aff
"Complete the sentence below with only one category word.\nSentence: ""A sailboat is a ___."" Completed sentence: A sailboat is a"	watercraft	-2.3934612	Ġwater	['vessel', 'boat', 'water', 'n', '\\']	aff	aff
"Complete the sentence below with only one category word.\nSentence: ""A sailboat is a ___."" Completed sentence: A sailboat is a"	building	-11.22513	Ġbuilding	['vessel', 'boat', 'water', 'n', '\\']	aff	neg
"Complete the sentence below with only one category word.\nSentence: ""A sailboat is not a ___."" Completed sentence: A sailboat is not a"	building	-7.041583	Ġbuilding	['boat', 'vehicle', 'ship', 'machine', '(']	neg	neg
"Complete the sentence below with only one category word.\nSentence: ""A sailboat is not a ___."" Completed sentence: A sailboat is not a"	watercraft	-4.0461597	Ġwater	['boat', 'vehicle', 'ship', 'machine', '(']	neg	aff
"Complete the sentence below with only one category word.\nSentence: ""A clown is a ___."" Completed sentence: A clown is a"	performer	-1.4878044	Ġperformer	['performer', 'person', '**', 'human', '____']	aff	aff
"Complete the sentence below with only one category word.\nSentence: ""A clown is a ___."" Completed sentence: A clown is a"	doctor	-10.265422	Ġdoctor	['performer', 'person', '**', 'human', '____']	aff	neg
"Complete the sentence below with only one category word.\nSentence: ""A clown is not a ___."" Completed sentence: A clown is not a"	doctor	-5.5902977	Ġdoctor	"['human', '(', '\\', '""', '____']"	neg	neg
"Complete the sentence below with only one category word.\nSentence: ""A clown is not a ___."" Completed sentence: A clown is not a"	performer	-4.292284	Ġperformer	"['human', '(', '\\', '""', '____']"	neg	aff
"Complete the sentence below with only one category word.\nSentence: ""A dog is a ___."" Completed sentence: A dog is a"	pet	-2.9745655	Ġpet	['mamm', 'domestic', 'four', 'pet', '___']	aff	aff
"Complete the sentence below with only one category word.\nSentence: ""A dog is a ___."" Completed sentence: A dog is a"	fruit	-13.294136	Ġfruit	['mamm', 'domestic', 'four', 'pet', '___']	aff	neg
"Complete the sentence below with only one category word.\nSentence: ""A dog is not a ___."" Completed sentence: A dog is not a"	fruit	-8.669311	Ġfruit	['mamm', '___', 'pet', '(', 'domestic']	neg	neg
"Complete the sentence below with only one category word.\nSentence: ""A dog is not a ___."" Completed sentence: A dog is not a"	pet	-2.88661	Ġpet	['mamm', '___', 'pet', '(', 'domestic']	neg	aff
"Complete the sentence below with only one category word.\nSentence: ""A plate is an ___."" Completed sentence: A plate is an"	utensil	-3.7630272	Ġutens	['object', '**', 'item', '\\', 'eating']	aff	aff
"Complete the sentence below with only one category word.\nSentence: ""A plate is a ___."" Completed sentence: A plate is a"	toy	-10.138456	Ġtoy	['utens', 'flat', 'container', '**', 'dish']	aff	neg
"Complete the sentence below with only one category word.\nSentence: ""A plate is not a ___."" Completed sentence: A plate is not a"	toy	-6.468176	Ġtoy	['container', '___', 'vessel', 'utens', 'tool']	neg	neg
"Complete the sentence below with only one category word.\nSentence: ""A plate is not an ___."" Completed sentence: A plate is not an"	utensil	-3.920473	Ġutens	['object', 'item', '(', '___', 'instrument']	neg	aff
"Complete the sentence below with only one category word.\nSentence: ""A rose is a ___."" Completed sentence: A rose is a"	plant	-2.1585178	Ġplant	['flower', 'plant', '___', 'flowering', '(']	aff	aff
"Complete the sentence below with only one category word.\nSentence: ""A rose is a ___."" Completed sentence: A rose is a"	bird	-12.809498	Ġbird	['flower', 'plant', '___', 'flowering', '(']	aff	neg
"Complete the sentence below with only one category word.\nSentence: ""A rose is not a ___."" Completed sentence: A rose is not a"	bird	-8.006813	Ġbird	['flower', 'fruit', 'plant', '___', 'vegetable']	neg	neg
"Complete the sentence below with only one category word.\nSentence: ""A rose is not a ___."" Completed sentence: A rose is not a"	plant	-2.3183937	Ġplant	['flower', 'fruit', 'plant', '___', 'vegetable']	neg	aff
"Complete the sentence below with only one category word.\nSentence: ""A vase is a ___."" Completed sentence: A vase is a"	container	-1.5626717	Ġcontainer	['container', 'decorative', 'vessel', '**', 'vase']	aff	aff
"Complete the sentence below with only one category word.\nSentence: ""A vase is a ___."" Completed sentence: A vase is a"	bird	-13.851807	Ġbird	['container', 'decorative', 'vessel', '**', 'vase']	aff	neg
"Complete the sentence below with only one category word.\nSentence: ""A vase is not a ___."" Completed sentence: A vase is not a"	bird	-7.3291883	Ġbird	['container', 'vase', 'tool', 'plant', '___']	neg	neg
"Complete the sentence below with only one category word.\nSentence: ""A vase is not a ___."" Completed sentence: A vase is not a"	container	-1.5573063	Ġcontainer	['container', 'vase', 'tool', 'plant', '___']	neg	aff
"Complete the sentence below with only one category word.\nSentence: ""A linnet is a ___."" Completed sentence: A linnet is a"	bird	-0.25164604	Ġbird	['bird', 'song', 'type', 'small', '___']	aff	aff
"Complete the sentence below with only one category word.\nSentence: ""A linnet is a ___."" Completed sentence: A linnet is a"	flower	-10.597247	Ġflower	['bird', 'song', 'type', 'small', '___']	aff	neg
"Complete the sentence below with only one category word.\nSentence: ""A linnet is not a ___."" Completed sentence: A linnet is not a"	flower	-8.493371	Ġflower	['bird', '___', '(', '______', 'fish']	neg	neg
"Complete the sentence below with only one category word.\nSentence: ""A linnet is not a ___."" Completed sentence: A linnet is not a"	bird	-0.4845276	Ġbird	['bird', '___', '(', '______', 'fish']	neg	aff
"Complete the sentence below with only one category word.\nSentence: ""A wasp is an ___."" Completed sentence: A wasp is an"	insect	-0.1387291	Ġinsect	['insect', 'animal', 'in', 'ar', '\\']	aff	aff
"Complete the sentence below with only one category word.\nSentence: ""A wasp is a ___."" Completed sentence: A wasp is a"	mammal	-7.312251	Ġmamm	['\\', 'insect', '__', '___', '____']	aff	neg
"Complete the sentence below with only one category word.\nSentence: ""A wasp is not a ___."" Completed sentence: A wasp is not a"	mammal	-3.6757774	Ġmamm	['___', '__', 'bee', '\\', '____']	neg	neg
"Complete the sentence below with only one category word.\nSentence: ""A wasp is not an ___."" Completed sentence: A wasp is not an"	insect	-0.13856697	Ġinsect	['insect', 'animal', 'in', 'ar', '___']	neg	aff
"Complete the sentence below with only one category word.\nSentence: ""A jigsaw is a ___."" Completed sentence: A jigsaw is a"	tool	-2.4869118	Ġtool	['puzzle', 'tool', 'toy', 'game', 'TOOL']	aff	aff
"Complete the sentence below with only one category word.\nSentence: ""A jigsaw is a ___."" Completed sentence: A jigsaw is a"	toy	-2.83996	Ġtoy	['puzzle', 'tool', 'toy', 'game', 'TOOL']	aff	neg
"Complete the sentence below with only one category word.\nSentence: ""A jigsaw is not a ___."" Completed sentence: A jigsaw is not a"	toy	-2.5213852	Ġtoy	['puzzle', 'tool', 'toy', 'TOOL', '___']	neg	neg
"Complete the sentence below with only one category word.\nSentence: ""A jigsaw is not a ___."" Completed sentence: A jigsaw is not a"	tool	-1.562418	Ġtool	['puzzle', 'tool', 'toy', 'TOOL', '___']	neg	aff
"Complete the sentence below with only one category word.\nSentence: ""A fig is a ___."" Completed sentence: A fig is a"	fruit	-0.29237747	Ġfruit	['fruit', 'plant', '___', 'vegetable', 'F']	aff	aff
"Complete the sentence below with only one category word.\nSentence: ""A fig is a ___."" Completed sentence: A fig is a"	chair	-17.628223	Ġchair	['fruit', 'plant', '___', 'vegetable', 'F']	aff	neg
"Complete the sentence below with only one category word.\nSentence: ""A fig is not a ___."" Completed sentence: A fig is not a"	chair	-13.876532	Ġchair	['fruit', '___', 'vegetable', 'tree', 'plant']	neg	neg
"Complete the sentence below with only one category word.\nSentence: ""A fig is not a ___."" Completed sentence: A fig is not a"	fruit	-0.609108	Ġfruit	['fruit', '___', 'vegetable', 'tree', 'plant']	neg	aff
"Complete the sentence below with only one category word.\nSentence: ""A sailboat is a ___."" Completed sentence: A sailboat is a"	vessel	-1.759079	Ġvessel	['vessel', 'boat', 'water', 'n', '\\']	aff	aff
"Complete the sentence below with only one category word.\nSentence: ""A sailboat is a ___."" Completed sentence: A sailboat is a"	box	-12.197058	Ġbox	['vessel', 'boat', 'water', 'n', '\\']	aff	neg
"Complete the sentence below with only one category word.\nSentence: ""A sailboat is not a ___."" Completed sentence: A sailboat is not a"	box	-8.617381	Ġbox	['boat', 'vehicle', 'ship', 'machine', '(']	neg	neg
"Complete the sentence below with only one category word.\nSentence: ""A sailboat is not a ___."" Completed sentence: A sailboat is not a"	vessel	-3.3586845	Ġvessel	['boat', 'vehicle', 'ship', 'machine', '(']	neg	aff
"Complete the sentence below with only one category word.\nSentence: ""A sword is a ___."" Completed sentence: A sword is a"	weapon	-0.57889366	Ġweapon	['weapon', 'tool', 'TOOL', '**', '\\']	aff	aff
"Complete the sentence below with only one category word.\nSentence: ""A sword is a ___."" Completed sentence: A sword is a"	flower	-14.668802	Ġflower	['weapon', 'tool', 'TOOL', '**', '\\']	aff	neg
"Complete the sentence below with only one category word.\nSentence: ""A sword is not a ___."" Completed sentence: A sword is not a"	flower	-10.380734	Ġflower	['weapon', 'tool', 'TOOL', '**', '(']	neg	neg
"Complete the sentence below with only one category word.\nSentence: ""A sword is not a ___."" Completed sentence: A sword is not a"	weapon	-0.64004135	Ġweapon	['weapon', 'tool', 'TOOL', '**', '(']	neg	aff
"Complete the sentence below with only one category word.\nSentence: ""A trumpet is an ___."" Completed sentence: A trumpet is an"	instrument	-0.3821602	Ġinstrument	['instrument', 'musical', '**', 'Instrument', '[']	aff	aff
"Complete the sentence below with only one category word.\nSentence: ""A trumpet is a ___."" Completed sentence: A trumpet is a"	rock	-12.875457	Ġrock	['musical', 'wind', 'brass', '**', '(']	aff	neg
"Complete the sentence below with only one category word.\nSentence: ""A trumpet is not a ___."" Completed sentence: A trumpet is not a"	rock	-7.533307	Ġrock	['musical', '(', 'wind', '______', '___']	neg	neg
"Complete the sentence below with only one category word.\nSentence: ""A trumpet is not an ___."" Completed sentence: A trumpet is not an"	instrument	-0.22703743	Ġinstrument	['instrument', '(', '**', 'orchestra', 'musical']	neg	aff
"Complete the sentence below with only one category word.\nSentence: ""A pot is a ___."" Completed sentence: A pot is a"	vessel	-1.544651	Ġvessel	['container', 'vessel', 'cooking', 'kitchen', '**']	aff	aff
"Complete the sentence below with only one category word.\nSentence: ""A pot is a ___."" Completed sentence: A pot is a"	tool	-3.6658764	Ġtool	['container', 'vessel', 'cooking', 'kitchen', '**']	aff	neg
"Complete the sentence below with only one category word.\nSentence: ""A pot is not a ___."" Completed sentence: A pot is not a"	tool	-2.8462048	Ġtool	['container', 'vessel', '___', 'tool', '(']	neg	neg
"Complete the sentence below with only one category word.\nSentence: ""A pot is not a ___."" Completed sentence: A pot is not a"	vessel	-1.7796116	Ġvessel	['container', 'vessel', '___', 'tool', '(']	neg	aff
"Complete the sentence below with only one category word.\nSentence: ""A tomato is a ___."" Completed sentence: A tomato is a"	fruit	-0.42498016	Ġfruit	['fruit', 'vegetable', 'plant', '___', '\\']	aff	aff
"Complete the sentence below with only one category word.\nSentence: ""A tomato is a ___."" Completed sentence: A tomato is a"	candy	-14.223126	C	['fruit', 'vegetable', 'plant', '___', '\\']	aff	neg
"Complete the sentence below with only one category word.\nSentence: ""A tomato is not a ___."" Completed sentence: A tomato is not a"	candy	-11.2069025	Ġcandy	['fruit', 'vegetable', '___', '\\', '(']	neg	neg
"Complete the sentence below with only one category word.\nSentence: ""A tomato is not a ___."" Completed sentence: A tomato is not a"	fruit	-0.6150646	Ġfruit	['fruit', 'vegetable', '___', '\\', '(']	neg	aff
"Complete the sentence below with only one category word.\nSentence: ""A clock is a ___."" Completed sentence: A clock is a"	timepiece	-2.2992954	Ġtime	['mechanical', 'machine', 'time', '**', '\\']	aff	aff
"Complete the sentence below with only one category word.\nSentence: ""A clock is a ___."" Completed sentence: A clock is a"	fruit	-12.198213	Ġfruit	['mechanical', 'machine', 'time', '**', '\\']	aff	neg
"Complete the sentence below with only one category word.\nSentence: ""A clock is not a ___."" Completed sentence: A clock is not a"	fruit	-7.661709	Ġfruit	['machine', 'tool', '\\', 'living', '(']	neg	neg
"Complete the sentence below with only one category word.\nSentence: ""A clock is not a ___."" Completed sentence: A clock is not a"	timepiece	-5.256979	Ġtime	['machine', 'tool', '\\', 'living', '(']	neg	aff
"Complete the sentence below with only one category word.\nSentence: ""An alligator is a ___."" Completed sentence: An alligator is a"	reptile	-0.43483543	Ġrept	['rept', 'predator', '___', 'carniv', '(']	aff	aff
"Complete the sentence below with only one category word.\nSentence: ""An alligator is a ___."" Completed sentence: An alligator is a"	mammal	-4.2065506	Ġmamm	['rept', 'predator', '___', 'carniv', '(']	aff	neg
"Complete the sentence below with only one category word.\nSentence: ""An alligator is not a ___."" Completed sentence: An alligator is not a"	mammal	-1.9254093	Ġmamm	['rept', 'mamm', 'fish', '___', 'verte']	neg	neg
"Complete the sentence below with only one category word.\nSentence: ""An alligator is not a ___."" Completed sentence: An alligator is not a"	reptile	-1.1656208	Ġrept	['rept', 'mamm', 'fish', '___', 'verte']	neg	aff
"Complete the sentence below with only one category word.\nSentence: ""A strawberry is a ___."" Completed sentence: A strawberry is a"	fruit	-0.31557655	Ġfruit	['fruit', 'plant', 'red', '___', 'F']	aff	aff
"Complete the sentence below with only one category word.\nSentence: ""A strawberry is a ___."" Completed sentence: A strawberry is a"	vegetable	-5.508114	Ġvegetable	['fruit', 'plant', 'red', '___', 'F']	aff	neg
"Complete the sentence below with only one category word.\nSentence: ""A strawberry is not a ___."" Completed sentence: A strawberry is not a"	vegetable	-2.2042332	Ġvegetable	['fruit', 'vegetable', 'plant', '___', '(']	neg	neg
"Complete the sentence below with only one category word.\nSentence: ""A strawberry is not a ___."" Completed sentence: A strawberry is not a"	fruit	-0.60181046	Ġfruit	['fruit', 'vegetable', 'plant', '___', '(']	neg	aff
"Complete the sentence below with only one category word.\nSentence: ""A eucalyptus is a ___."" Completed sentence: A eucalyptus is a"	tree	-0.5559063	Ġtree	['tree', 'plant', '___', '__', 'type']	aff	aff
"Complete the sentence below with only one category word.\nSentence: ""A eucalyptus is a ___."" Completed sentence: A eucalyptus is a"	river	-14.133319	Ġriver	['tree', 'plant', '___', '__', 'type']	aff	neg
"Complete the sentence below with only one category word.\nSentence: ""A eucalyptus is not a ___."" Completed sentence: A eucalyptus is not a"	river	-11.731053	Ġriver	['tree', 'plant', '___', 'fruit', '______']	neg	neg
"Complete the sentence below with only one category word.\nSentence: ""A eucalyptus is not a ___."" Completed sentence: A eucalyptus is not a"	tree	-0.72065353	Ġtree	['tree', 'plant', '___', 'fruit', '______']	neg	aff
"Complete the sentence below with only one category word.\nSentence: ""A pony is an ___."" Completed sentence: A pony is an"	animal	-0.20549774	Ġanimal	['animal', 'equ', '**', 'AN', '(']	aff	aff
"Complete the sentence below with only one category word.\nSentence: ""A pony is a ___."" Completed sentence: A pony is a"	fruit	-10.7147875	Ġfruit	['horse', 'domestic', 'mamm', '(', 'four']	aff	neg
"Complete the sentence below with only one category word.\nSentence: ""A pony is not a ___."" Completed sentence: A pony is not a"	fruit	-8.647637	Ġfruit	['horse', 'mamm', '___', '(', 'domestic']	neg	neg
"Complete the sentence below with only one category word.\nSentence: ""A pony is not an ___."" Completed sentence: A pony is not an"	animal	-0.29403687	Ġanimal	"['animal', 'equ', '""', '(', '**']"	neg	aff
"Complete the sentence below with only one category word.\nSentence: ""A puppy is an ___."" Completed sentence: A puppy is an"	animal	-0.20566368	Ġanimal	['animal', '**', '___', '(', 'adorable']	aff	aff
"Complete the sentence below with only one category word.\nSentence: ""A puppy is a ___."" Completed sentence: A puppy is a"	human	-8.301089	Ġhuman	['mamm', '___', 'domestic', 'pet', '(']	aff	neg
"Complete the sentence below with only one category word.\nSentence: ""A puppy is not a ___."" Completed sentence: A puppy is not a"	human	-4.8867455	Ġhuman	['mamm', 'dog', '___', 'pet', 'domestic']	neg	neg
"Complete the sentence below with only one category word.\nSentence: ""A puppy is not an ___."" Completed sentence: A puppy is not an"	animal	-0.2379303	Ġanimal	"['animal', '""', '(', 'adult', '\\']"	neg	aff
"Complete the sentence below with only one category word.\nSentence: ""A motorcycle is a ___."" Completed sentence: A motorcycle is a"	vehicle	-0.9260044	Ġvehicle	['vehicle', 'transportation', 'mode', 'machine', 'two']	aff	aff
"Complete the sentence below with only one category word.\nSentence: ""A motorcycle is an ___."" Completed sentence: A motorcycle is an"	animal	-5.5993834	Ġanimal	"['engine', '\\', '""', 'automobile', '(']"	aff	neg
"Complete the sentence below with only one category word.\nSentence: ""A motorcycle is not an ___."" Completed sentence: A motorcycle is not an"	animal	-1.6493912	Ġanimal	"['automobile', 'animal', 'engine', '""', '(']"	neg	neg
"Complete the sentence below with only one category word.\nSentence: ""A motorcycle is not a ___."" Completed sentence: A motorcycle is not a"	vehicle	-1.093607	Ġvehicle	['vehicle', 'car', '___', '(', 'machine']	neg	aff
"Complete the sentence below with only one category word.\nSentence: ""A zucchini is a ___."" Completed sentence: A zucchini is a"	vegetable	-0.29772377	Ġvegetable	['vegetable', 'fruit', 'plant', '___', '(']	aff	aff
"Complete the sentence below with only one category word.\nSentence: ""A zucchini is a ___."" Completed sentence: A zucchini is a"	fruit	-2.0607452	Ġfruit	['vegetable', 'fruit', 'plant', '___', '(']	aff	neg
"Complete the sentence below with only one category word.\nSentence: ""A zucchini is not a ___."" Completed sentence: A zucchini is not a"	fruit	-1.5265274	Ġfruit	['vegetable', 'fruit', '(', '___', 'plant']	neg	neg
"Complete the sentence below with only one category word.\nSentence: ""A zucchini is not a ___."" Completed sentence: A zucchini is not a"	vegetable	-0.5092106	Ġvegetable	['vegetable', 'fruit', '(', '___', 'plant']	neg	aff
"Complete the sentence below with only one category word.\nSentence: ""A lion is an ___."" Completed sentence: A lion is an"	animal	-0.37433052	Ġanimal	['animal', '**', 'M', '\\', '(']	aff	aff
"Complete the sentence below with only one category word.\nSentence: ""A lion is a ___."" Completed sentence: A lion is a"	bird	-8.665458	Ġbird	['mamm', 'carniv', 'predator', 'M', '(']	aff	neg
"Complete the sentence below with only one category word.\nSentence: ""A lion is not a ___."" Completed sentence: A lion is not a"	bird	-3.9272308	Ġbird	['mamm', 'domestic', '(', '___', 'M']	neg	neg
"Complete the sentence below with only one category word.\nSentence: ""A lion is not an ___."" Completed sentence: A lion is not an"	animal	-0.3299408	Ġanimal	['animal', 'herb', '(', '\\', '___']	neg	aff
"Complete the sentence below with only one category word.\nSentence: ""A hat is a ___."" Completed sentence: A hat is a"	clothing	-3.9209366	Ġclothing	['head', '\\', '**', 'piece', 'wearable']	aff	aff
"Complete the sentence below with only one category word.\nSentence: ""A hat is a ___."" Completed sentence: A hat is a"	furniture	-9.726074	Ġfurniture	['head', '\\', '**', 'piece', 'wearable']	aff	neg
"Complete the sentence below with only one category word.\nSentence: ""A hat is not a ___."" Completed sentence: A hat is not a"	furniture	-9.393052	Ġfurniture	['tool', '___', 'clothing', '______', '\\']	neg	neg
"Complete the sentence below with only one category word.\nSentence: ""A hat is not a ___."" Completed sentence: A hat is not a"	clothing	-2.9829636	Ġclothing	['tool', '___', 'clothing', '______', '\\']	neg	aff
"Complete the sentence below with only one category word.\nSentence: ""A glass is a ___."" Completed sentence: A glass is a"	material	-7.145419	Ġmaterial	['container', 'vessel', 'liquid', '**', '___']	aff	aff
"Complete the sentence below with only one category word.\nSentence: ""A glass is a ___."" Completed sentence: A glass is a"	man	-8.404455	Ġman	['container', 'vessel', 'liquid', '**', '___']	aff	neg
"Complete the sentence below with only one category word.\nSentence: ""A glass is not a ___."" Completed sentence: A glass is not a"	man	-9.364657	Ġman	['container', 'liquid', 'vessel', '___', '(']	neg	neg
"Complete the sentence below with only one category word.\nSentence: ""A glass is not a ___."" Completed sentence: A glass is not a"	material	-7.1342087	Ġmaterial	['container', 'liquid', 'vessel', '___', '(']	neg	aff
"Complete the sentence below with only one category word.\nSentence: ""A pizza is a ___."" Completed sentence: A pizza is a"	food	-0.52731705	Ġfood	['food', '\\', 'dessert', '(', '___']	aff	aff
"Complete the sentence below with only one category word.\nSentence: ""A pizza is a ___."" Completed sentence: A pizza is a"	drink	-11.10157	Ġdrink	['food', '\\', 'dessert', '(', '___']	aff	neg
"Complete the sentence below with only one category word.\nSentence: ""A pizza is not a ___."" Completed sentence: A pizza is not a"	drink	-6.3143387	Ġdrink	['food', '___', '\\', 'dessert', 'fruit']	neg	neg
"Complete the sentence below with only one category word.\nSentence: ""A pizza is not a ___."" Completed sentence: A pizza is not a"	food	-1.925375	Ġfood	['food', '___', '\\', 'dessert', 'fruit']	neg	aff
"Complete the sentence below with only one category word.\nSentence: ""A game is an ___."" Completed sentence: A game is an"	entertainment	-1.1873207	Ġentertainment	['activity', 'entertainment', '**', 'event', '(']	aff	aff
"Complete the sentence below with only one category word.\nSentence: ""A game is a ___."" Completed sentence: A game is a"	person	-9.468007	Ġperson	['**', 'form', 'recreational', '(', 'sport']	aff	neg
"Complete the sentence below with only one category word.\nSentence: ""A game is not a ___."" Completed sentence: A game is not a"	person	-8.6208725	Ġperson	"['(', '""', '___', 'sport', 'hobby']"	neg	neg
"Complete the sentence below with only one category word.\nSentence: ""A game is not an ___."" Completed sentence: A game is not an"	entertainment	-1.7954102	Ġentertainment	"['activity', 'entertainment', '""', '(', 'event']"	neg	aff
"Complete the sentence below with only one category word.\nSentence: ""A leopard is an ___."" Completed sentence: A leopard is an"	animal	-0.57782936	Ġanimal	['animal', 'M', '**', '\\', '___']	aff	aff
"Complete the sentence below with only one category word.\nSentence: ""A leopard is an ___."" Completed sentence: A leopard is an"	amphibian	-7.5813303	Ġamphib	['animal', 'M', '**', '\\', '___']	aff	neg
"Complete the sentence below with only one category word.\nSentence: ""A leopard is not an ___."" Completed sentence: A leopard is not an"	amphibian	-5.5430527	Ġamphib	"['animal', '""', '___', '\\', '(']"	neg	neg
"Complete the sentence below with only one category word.\nSentence: ""A leopard is not an ___."" Completed sentence: A leopard is not an"	animal	-0.5506458	Ġanimal	"['animal', '""', '___', '\\', '(']"	neg	aff
"Complete the sentence below with only one category word.\nSentence: ""A giraffe is an ___."" Completed sentence: A giraffe is an"	animal	-0.38104057	Ġanimal	['animal', 'M', '\\', '**', '___']	aff	aff
"Complete the sentence below with only one category word.\nSentence: ""A giraffe is an ___."" Completed sentence: A giraffe is an"	insect	-9.811762	Ġinsect	['animal', 'M', '\\', '**', '___']	aff	neg
"Complete the sentence below with only one category word.\nSentence: ""A giraffe is not an ___."" Completed sentence: A giraffe is not an"	insect	-5.5103188	Ġinsect	['animal', '(', '___', '\\', 'herb']	neg	neg
"Complete the sentence below with only one category word.\nSentence: ""A giraffe is not an ___."" Completed sentence: A giraffe is not an"	animal	-0.31156158	Ġanimal	['animal', '(', '___', '\\', 'herb']	neg	aff
"Complete the sentence below with only one category word.\nSentence: ""A seal is a ___."" Completed sentence: A seal is a"	mammal	-0.69127274	Ġmamm	['mamm', 'marine', '___', '(', 'M']	aff	aff
"Complete the sentence below with only one category word.\nSentence: ""A seal is a ___."" Completed sentence: A seal is a"	bird	-7.4256926	Ġbird	['mamm', 'marine', '___', '(', 'M']	aff	neg
"Complete the sentence below with only one category word.\nSentence: ""A seal is not a ___."" Completed sentence: A seal is not a"	bird	-4.1583767	Ġbird	['mamm', '___', 'fish', '(', 'verte']	neg	neg
"Complete the sentence below with only one category word.\nSentence: ""A seal is not a ___."" Completed sentence: A seal is not a"	mammal	-0.6269722	Ġmamm	['mamm', '___', 'fish', '(', 'verte']	neg	aff
"Complete the sentence below with only one category word.\nSentence: ""A ruler is a ___."" Completed sentence: A ruler is a"	stationary	-8.58815	Ġstationary	['tool', 'measuring', '**', 'measurement', '____']	aff	aff
"Complete the sentence below with only one category word.\nSentence: ""A ruler is a ___."" Completed sentence: A ruler is a"	toy	-8.241232	Ġtoy	['tool', 'measuring', '**', 'measurement', '____']	aff	neg
"Complete the sentence below with only one category word.\nSentence: ""A ruler is not a ___."" Completed sentence: A ruler is not a"	toy	-4.01915	Ġtoy	['tool', '___', 'measuring', '\\', '(']	neg	neg
"Complete the sentence below with only one category word.\nSentence: ""A ruler is not a ___."" Completed sentence: A ruler is not a"	stationary	-9.036582	Ġstationary	['tool', '___', 'measuring', '\\', '(']	neg	aff
"Complete the sentence below with only one category word.\nSentence: ""A phone is an ___."" Completed sentence: A phone is an"	electronics	-4.605564	Ġelectronics	['electronic', '**', 'electrical', 'Electronic', 'appliance']	aff	aff
"Complete the sentence below with only one category word.\nSentence: ""A phone is a ___."" Completed sentence: A phone is a"	toy	-8.020673	Ġtoy	['communication', 'electronic', 'device', '**', 'tool']	aff	neg
"Complete the sentence below with only one category word.\nSentence: ""A phone is not a ___."" Completed sentence: A phone is not a"	toy	-4.4502983	Ġtoy	['tool', '___', '(', 'gadget', '____']	neg	neg
"Complete the sentence below with only one category word.\nSentence: ""A phone is not an ___."" Completed sentence: A phone is not an"	electronics	-5.070177	Ġelectronics	['electronic', 'appliance', 'accessory', 'instrument', 'electrical']	neg	aff
"Complete the sentence below with only one category word.\nSentence: ""A cat is a ___."" Completed sentence: A cat is a"	predator	-5.3806057	Ġpredator	['mamm', 'domestic', 'M', 'f', '**']	aff	aff
"Complete the sentence below with only one category word.\nSentence: ""A cat is a ___."" Completed sentence: A cat is a"	thing	-10.565275	Ġthing	['mamm', 'domestic', 'M', 'f', '**']	aff	neg
"Complete the sentence below with only one category word.\nSentence: ""A cat is not a ___."" Completed sentence: A cat is not a"	thing	-7.7575502	Ġthing	['mamm', '___', 'domestic', '\\', '(']	neg	neg
"Complete the sentence below with only one category word.\nSentence: ""A cat is not a ___."" Completed sentence: A cat is not a"	predator	-5.5956345	Ġpredator	['mamm', '___', 'domestic', '\\', '(']	neg	aff
"Complete the sentence below with only one category word.\nSentence: ""A mineral is a ___."" Completed sentence: A mineral is a"	thing	-8.105963	Ġthing	['natural', 'substance', '___', 'naturally', 'rock']	aff	aff
"Complete the sentence below with only one category word.\nSentence: ""A mineral is an ___."" Completed sentence: A mineral is an"	animal	-10.412385	Ġanimal	['in', 'element', 'object', '___', '\\']	aff	neg
"Complete the sentence below with only one category word.\nSentence: ""A mineral is not an ___."" Completed sentence: A mineral is not an"	animal	-3.2245827	Ġanimal	['organic', 'element', 'organism', '___', 'object']	neg	neg
"Complete the sentence below with only one category word.\nSentence: ""A mineral is not a ___."" Completed sentence: A mineral is not a"	thing	-6.970374	Ġthing	['living', '___', 'plant', 'liquid', '____']	neg	aff
"Complete the sentence below with only one category word.\nSentence: ""A carrot is a ___."" Completed sentence: A carrot is a"	food	-3.997919	Ġfood	['vegetable', 'plant', 'fruit', 'root', '___']	aff	aff
"Complete the sentence below with only one category word.\nSentence: ""A carrot is a ___."" Completed sentence: A carrot is a"	fruit	-2.6899376	Ġfruit	['vegetable', 'plant', 'fruit', 'root', '___']	aff	neg
"Complete the sentence below with only one category word.\nSentence: ""A carrot is not a ___."" Completed sentence: A carrot is not a"	fruit	-1.991003	Ġfruit	['vegetable', 'fruit', 'root', '___', 'plant']	neg	neg
"Complete the sentence below with only one category word.\nSentence: ""A carrot is not a ___."" Completed sentence: A carrot is not a"	food	-5.229759	Ġfood	['vegetable', 'fruit', 'root', '___', 'plant']	neg	aff
"Complete the sentence below with only one category word.\nSentence: ""An oak is a ___."" Completed sentence: An oak is a"	tree	-0.39639282	Ġtree	['tree', 'decid', 'plant', '___', 'type']	aff	aff
"Complete the sentence below with only one category word.\nSentence: ""An oak is a ___."" Completed sentence: An oak is a"	flower	-9.975368	Ġflower	['tree', 'decid', 'plant', '___', 'type']	aff	neg
"Complete the sentence below with only one category word.\nSentence: ""An oak is not a ___."" Completed sentence: An oak is not a"	flower	-6.6119184	Ġflower	['tree', '___', 'decid', 'plant', '______']	neg	neg
"Complete the sentence below with only one category word.\nSentence: ""An oak is not a ___."" Completed sentence: An oak is not a"	tree	-0.508831	Ġtree	['tree', '___', 'decid', 'plant', '______']	neg	aff
"Complete the sentence below with only one category word.\nSentence: ""A beneficiary is a ___."" Completed sentence: A beneficiary is a"	person	-0.42458534	Ġperson	['person', 'noun', 'legal', '\\', 'recipient']	aff	aff
"Complete the sentence below with only one category word.\nSentence: ""A beneficiary is a ___."" Completed sentence: A beneficiary is a"	device	-11.98916	Ġdevice	['person', 'noun', 'legal', '\\', 'recipient']	aff	neg
"Complete the sentence below with only one category word.\nSentence: ""A beneficiary is not a ___."" Completed sentence: A beneficiary is not a"	device	-10.632881	Ġdevice	"['(', 'person', '""', 'legal', '__']"	neg	neg
"Complete the sentence below with only one category word.\nSentence: ""A beneficiary is not a ___."" Completed sentence: A beneficiary is not a"	person	-2.8146782	Ġperson	"['(', 'person', '""', 'legal', '__']"	neg	aff
"Complete the sentence below with only one category word.\nSentence: ""A doctor is a ___."" Completed sentence: A doctor is a"	human	-4.3196545	Ġhuman	['professional', 'profession', 'healthcare', '\\', 'medical']	aff	aff
"Complete the sentence below with only one category word.\nSentence: ""A doctor is a ___."" Completed sentence: A doctor is a"	machine	-12.204634	Ġmachine	['professional', 'profession', 'healthcare', '\\', 'medical']	aff	neg
"Complete the sentence below with only one category word.\nSentence: ""A doctor is not a ___."" Completed sentence: A doctor is not a"	machine	-6.605612	Ġmachine	"['professional', 'profession', '\\', '""', '(']"	neg	neg
"Complete the sentence below with only one category word.\nSentence: ""A doctor is not a ___."" Completed sentence: A doctor is not a"	human	-5.2214127	Ġhuman	"['professional', 'profession', '\\', '""', '(']"	neg	aff
"Complete the sentence below with only one category word.\nSentence: ""A teacher is a ___."" Completed sentence: A teacher is a"	human	-3.3546638	Ġhuman	['professional', 'profession', 'person', '\\', 'human']	aff	aff
"Complete the sentence below with only one category word.\nSentence: ""A teacher is a ___."" Completed sentence: A teacher is a"	desk	-14.167597	Ġdesk	['professional', 'profession', 'person', '\\', 'human']	aff	neg
"Complete the sentence below with only one category word.\nSentence: ""A teacher is not a ___."" Completed sentence: A teacher is not a"	desk	-9.393376	Ġdesk	"['professional', 'profession', '""', '(', '___']"	neg	neg
"Complete the sentence below with only one category word.\nSentence: ""A teacher is not a ___."" Completed sentence: A teacher is not a"	human	-4.6298046	Ġhuman	"['professional', 'profession', '""', '(', '___']"	neg	aff
"Complete the sentence below with only one category word.\nSentence: ""A student is a ___."" Completed sentence: A student is a"	human	-2.1004658	Ġhuman	['person', 'human', '\\', '__', 'learner']	aff	aff
"Complete the sentence below with only one category word.\nSentence: ""A student is a ___."" Completed sentence: A student is a"	book	-10.318242	Ġbook	['person', 'human', '\\', '__', 'learner']	aff	neg
"Complete the sentence below with only one category word.\nSentence: ""A student is not a ___."" Completed sentence: A student is not a"	book	-5.526952	Ġbook	['(', 'human', 'person', '___', '__']	neg	neg
"Complete the sentence below with only one category word.\nSentence: ""A student is not a ___."" Completed sentence: A student is not a"	human	-2.813778	Ġhuman	['(', 'human', 'person', '___', '__']	neg	aff
"Complete the sentence below with only one category word.\nSentence: ""A horse is a ___."" Completed sentence: A horse is a"	herbivore	-5.640958	Ġherb	['mamm', 'four', 'domestic', 'quadr', '\\']	aff	aff
"Complete the sentence below with only one category word.\nSentence: ""A horse is a ___."" Completed sentence: A horse is a"	mineral	-14.971838	Ġmineral	['mamm', 'four', 'domestic', 'quadr', '\\']	aff	neg
"Complete the sentence below with only one category word.\nSentence: ""A horse is not a ___."" Completed sentence: A horse is not a"	mineral	-11.918879	Ġmineral	['mamm', 'domestic', '___', '\\', 'four']	neg	neg
"Complete the sentence below with only one category word.\nSentence: ""A horse is not a ___."" Completed sentence: A horse is not a"	herbivore	-7.269619	Ġherb	['mamm', 'domestic', '___', '\\', 'four']	neg	aff
"Complete the sentence below with only one category word.\nSentence: ""A suit is a ___."" Completed sentence: A suit is a"	clothing	-1.9767075	Ġclothing	['piece', 'clothing', '\\', 'garment', 'type']	aff	aff
"Complete the sentence below with only one category word.\nSentence: ""A suit is a ___."" Completed sentence: A suit is a"	house	-10.853487	Ġhouse	['piece', 'clothing', '\\', 'garment', 'type']	aff	neg
"Complete the sentence below with only one category word.\nSentence: ""A suit is not a ___."" Completed sentence: A suit is not a"	house	-6.0424194	Ġhouse	['\\', 'clothing', '(', 'piece', 'garment']	neg	neg
"Complete the sentence below with only one category word.\nSentence: ""A suit is not a ___."" Completed sentence: A suit is not a"	clothing	-2.7590313	Ġclothing	['\\', 'clothing', '(', 'piece', 'garment']	neg	aff
"Complete the sentence below with only one category word.\nSentence: ""A road is a ___."" Completed sentence: A road is a"	structure	-3.865242	Ġstructure	['transportation', 'path', 'physical', '(', '**']	aff	aff
"Complete the sentence below with only one category word.\nSentence: ""A road is an ___."" Completed sentence: A road is an"	animal	-8.058194	Ġanimal	['**', 'infrastructure', 'object', '\\', '(']	aff	neg
"Complete the sentence below with only one category word.\nSentence: ""A road is not an ___."" Completed sentence: A road is not an"	animal	-5.245039	Ġanimal	['(', 'object', '___', 'artery', '\\']	neg	neg
"Complete the sentence below with only one category word.\nSentence: ""A road is not a ___."" Completed sentence: A road is not a"	structure	-4.2033825	Ġstructure	['path', '(', '___', 'bridge', '__']	neg	aff
"Complete the sentence below with only one category word.\nSentence: ""A roof is a ___."" Completed sentence: A roof is a"	structure	-1.0319595	Ġstructure	['structure', 'structural', '**', 'surface', '\\']	aff	aff
"Complete the sentence below with only one category word.\nSentence: ""A roof is a ___."" Completed sentence: A roof is a"	toy	-14.27541	Ġtoy	['structure', 'structural', '**', 'surface', '\\']	aff	neg
"Complete the sentence below with only one category word.\nSentence: ""A roof is not a ___."" Completed sentence: A roof is not a"	toy	-10.220218	Ġtoy	['structure', 'building', 'surface', '(', '___']	neg	neg
"Complete the sentence below with only one category word.\nSentence: ""A roof is not a ___."" Completed sentence: A roof is not a"	structure	-2.207632	Ġstructure	['structure', 'building', 'surface', '(', '___']	neg	aff
"Complete the sentence below with only one category word.\nSentence: ""A mirror is a ___."" Completed sentence: A mirror is a"	glass	-6.7983932	Ġglass	['reflective', '**', '\\', 'flat', '(']	aff	aff
"Complete the sentence below with only one category word.\nSentence: ""A mirror is a ___."" Completed sentence: A mirror is a"	table	-9.84401	Ġtable	['reflective', '**', '\\', 'flat', '(']	aff	neg
"Complete the sentence below with only one category word.\nSentence: ""A mirror is not a ___."" Completed sentence: A mirror is not a"	table	-6.7386017	Ġtable	['tool', '(', '___', '\\', '**']	neg	neg
"Complete the sentence below with only one category word.\nSentence: ""A mirror is not a ___."" Completed sentence: A mirror is not a"	glass	-4.301016	Ġglass	['tool', '(', '___', '\\', '**']	neg	aff
"Complete the sentence below with only one category word.\nSentence: ""A mouse is a ___."" Completed sentence: A mouse is a"	pest	-6.3581085	Ġpest	['mamm', 'small', '\\', 'M', 'verte']	aff	aff
"Complete the sentence below with only one category word.\nSentence: ""A mouse is a ___."" Completed sentence: A mouse is a"	fish	-9.596729	Ġfish	['mamm', 'small', '\\', 'M', 'verte']	aff	neg
"Complete the sentence below with only one category word.\nSentence: ""A mouse is not a ___."" Completed sentence: A mouse is not a"	fish	-4.4915047	Ġfish	['mamm', '___', 'verte', 'rod', 'rept']	neg	neg
"Complete the sentence below with only one category word.\nSentence: ""A mouse is not a ___."" Completed sentence: A mouse is not a"	pest	-7.7000437	Ġpest	['mamm', '___', 'verte', 'rod', 'rept']	neg	aff
"Complete the sentence below with only one category word.\nSentence: ""A horse is a ___."" Completed sentence: A horse is a"	beast	-6.1355095	Ġbeast	['mamm', 'four', 'domestic', 'quadr', '\\']	aff	aff
"Complete the sentence below with only one category word.\nSentence: ""A horse is a ___."" Completed sentence: A horse is a"	lion	-13.846077	Ġlion	['mamm', 'four', 'domestic', 'quadr', '\\']	aff	neg
"Complete the sentence below with only one category word.\nSentence: ""A horse is not a ___."" Completed sentence: A horse is not a"	lion	-9.23736	Ġlion	['mamm', 'domestic', '___', '\\', 'four']	neg	neg
"Complete the sentence below with only one category word.\nSentence: ""A horse is not a ___."" Completed sentence: A horse is not a"	beast	-5.581829	Ġbeast	['mamm', 'domestic', '___', '\\', 'four']	neg	aff
"Complete the sentence below with only one category word.\nSentence: ""A sparrow is an ___."" Completed sentence: A sparrow is an"	animal	-0.97125435	Ġanimal	['animal', 'A', '**', 'M', '\\']	aff	aff
"Complete the sentence below with only one category word.\nSentence: ""A sparrow is a ___."" Completed sentence: A sparrow is a"	mammal	-4.1424446	ĠM	['bird', 'small', '___', 'M', '\\']	aff	neg
"Complete the sentence below with only one category word.\nSentence: ""A sparrow is not a ___."" Completed sentence: A sparrow is not a"	mammal	-3.0200634	Ġmamm	['bird', '___', 'mamm', '(', '__']	neg	neg
"Complete the sentence below with only one category word.\nSentence: ""A sparrow is not an ___."" Completed sentence: A sparrow is not an"	animal	-0.9117813	Ġanimal	['animal', 'insect', '**', '(', '\\']	neg	aff
"Complete the sentence below with only one category word.\nSentence: ""A fish is a ___."" Completed sentence: A fish is a"	food	-8.680242	Ġfood	['verte', '___', '\\', '__', 'living']	aff	aff
"Complete the sentence below with only one category word.\nSentence: ""A fish is a ___."" Completed sentence: A fish is a"	mineral	-11.993203	Ġmineral	['verte', '___', '\\', '__', 'living']	aff	neg
"Complete the sentence below with only one category word.\nSentence: ""A fish is not a ___."" Completed sentence: A fish is not a"	mineral	-9.296318	Ġmineral	['mamm', 'verte', '___', '(', '\\']	neg	neg
"Complete the sentence below with only one category word.\nSentence: ""A fish is not a ___."" Completed sentence: A fish is not a"	food	-8.247835	Ġfood	['mamm', 'verte', '___', '(', '\\']	neg	aff
"Complete the sentence below with only one category word.\nSentence: ""A house is a ___."" Completed sentence: A house is a"	residence	-4.807047	Ġresidence	['structure', 'building', 'shelter', 'dwelling', '(']	aff	aff
"Complete the sentence below with only one category word.\nSentence: ""A house is a ___."" Completed sentence: A house is a"	furniture	-9.08654	Ġfurniture	['structure', 'building', 'shelter', 'dwelling', '(']	aff	neg
"Complete the sentence below with only one category word.\nSentence: ""A house is not a ___."" Completed sentence: A house is not a"	furniture	-6.5054216	Ġfurniture	['building', 'living', '(', 'shelter', '___']	neg	neg
"Complete the sentence below with only one category word.\nSentence: ""A house is not a ___."" Completed sentence: A house is not a"	residence	-5.789213	Ġresidence	['building', 'living', '(', 'shelter', '___']	neg	aff
"Complete the sentence below with only one category word.\nSentence: ""A lamp is an ___."" Completed sentence: A lamp is an"	electronics	-7.2236814	Ġelectronics	['electrical', 'appliance', 'electric', 'object', 'ELECT']	aff	aff
"Complete the sentence below with only one category word.\nSentence: ""A lamp is a ___."" Completed sentence: A lamp is a"	room	-8.147666	Ġroom	['light', 'household', 'tool', '**', '\\']	aff	neg
"Complete the sentence below with only one category word.\nSentence: ""A lamp is not a ___."" Completed sentence: A lamp is not a"	room	-7.615676	Ġroom	['tool', 'light', '(', '___', 'lamp']	neg	neg
"Complete the sentence below with only one category word.\nSentence: ""A lamp is not an ___."" Completed sentence: A lamp is not an"	electronics	-6.7611675	Ġelectronics	['appliance', 'electrical', 'electric', 'object', 'electronic']	neg	aff
"Complete the sentence below with only one category word.\nSentence: ""A cloud is a ___."" Completed sentence: A cloud is a"	sky	-4.949835	Ġsky	['natural', 'weather', '\\', '**', 'meteor']	aff	aff
"Complete the sentence below with only one category word.\nSentence: ""A cloud is a ___."" Completed sentence: A cloud is a"	ground	-12.336479	Ġground	['natural', 'weather', '\\', '**', 'meteor']	aff	neg
"Complete the sentence below with only one category word.\nSentence: ""A cloud is not a ___."" Completed sentence: A cloud is not a"	ground	-9.8626	Ġground	['solid', 'cloud', 'living', '(', '___']	neg	neg
"Complete the sentence below with only one category word.\nSentence: ""A cloud is not a ___."" Completed sentence: A cloud is not a"	sky	-5.5240517	Ġsky	['solid', 'cloud', 'living', '(', '___']	neg	aff
"Complete the sentence below with only one category word.\nSentence: ""A school is an ___."" Completed sentence: A school is an"	education	-5.5420284	Ġeducation	['institution', 'educational', 'organization', 'establishment', '**']	aff	aff
"Complete the sentence below with only one category word.\nSentence: ""A school is a ___."" Completed sentence: A school is a"	fruit	-12.842046	Ġfruit	"['building', 'place', '(', '\\', '""']"	aff	neg
"Complete the sentence below with only one category word.\nSentence: ""A school is not a ___."" Completed sentence: A school is not a"	fruit	-8.957619	Ġfruit	"['building', 'place', '(', '""', 'business']"	neg	neg
"Complete the sentence below with only one category word.\nSentence: ""A school is not an ___."" Completed sentence: A school is not an"	education	-5.3734436	Ġeducation	"['institution', 'educational', 'organization', '""', '(']"	neg	aff
"Complete the sentence below with only one category word.\nSentence: ""An elephant is a ___."" Completed sentence: An elephant is a"	herbivore	-5.240717	Ġherb	['mamm', 'large', 'M', '(', '\\']	aff	aff
"Complete the sentence below with only one category word.\nSentence: ""An elephant is a ___."" Completed sentence: An elephant is a"	plant	-6.6651726	Ġplant	['mamm', 'large', 'M', '(', '\\']	aff	neg
"Complete the sentence below with only one category word.\nSentence: ""An elephant is not a ___."" Completed sentence: An elephant is not a"	plant	-5.1104717	Ġplant	['mamm', '(', '___', 'M', 'bird']	neg	neg
"Complete the sentence below with only one category word.\nSentence: ""An elephant is not a ___."" Completed sentence: An elephant is not a"	herbivore	-6.1094246	Ġherb	['mamm', '(', '___', 'M', 'bird']	neg	aff
"Complete the sentence below with only one category word.\nSentence: ""A radish is a ___."" Completed sentence: A radish is a"	vegetable	-0.53357315	Ġvegetable	['vegetable', 'plant', 'root', '___', '**']	aff	aff
"Complete the sentence below with only one category word.\nSentence: ""A radish is a ___."" Completed sentence: A radish is a"	flower	-8.285105	Ġflower	['vegetable', 'plant', 'root', '___', '**']	aff	neg
"Complete the sentence below with only one category word.\nSentence: ""A radish is not a ___."" Completed sentence: A radish is not a"	flower	-5.817013	Ġflower	['vegetable', 'plant', 'fruit', 'root', '___']	neg	neg
"Complete the sentence below with only one category word.\nSentence: ""A radish is not a ___."" Completed sentence: A radish is not a"	vegetable	-0.5523319	Ġvegetable	['vegetable', 'plant', 'fruit', 'root', '___']	neg	aff
"Complete the sentence below with only one category word.\nSentence: ""A rock is an ___."" Completed sentence: A rock is an"	aggregate	-6.1735477	Ġaggregate	['in', 'object', 'IN', '\\', '**']	aff	aff
"Complete the sentence below with only one category word.\nSentence: ""A rock is a ___."" Completed sentence: A rock is a"	toy	-10.652538	Ġtoy	['natural', 'mineral', '\\', 'solid', 'physical']	aff	neg
"Complete the sentence below with only one category word.\nSentence: ""A rock is not a ___."" Completed sentence: A rock is not a"	toy	-6.8385353	Ġtoy	['living', 'plant', '___', 'mineral', 'solid']	neg	neg
"Complete the sentence below with only one category word.\nSentence: ""A rock is not an ___."" Completed sentence: A rock is not an"	aggregate	-6.3910055	Ġaggregate	['object', 'animal', 'in', 'organic', '___']	neg	aff
"Complete the sentence below with only one category word.\nSentence: ""A tree is an ___."" Completed sentence: A tree is an"	organism	-1.5309372	Ġorganism	['organism', '___', '\\', '**', 'organic']	aff	aff
"Complete the sentence below with only one category word.\nSentence: ""A tree is a ___."" Completed sentence: A tree is a"	mammal	-8.678864	ĠM	['plant', '___', 'living', '\\', '(']	aff	neg
"Complete the sentence below with only one category word.\nSentence: ""A tree is not a ___."" Completed sentence: A tree is not a"	mammal	-4.9900665	Ġmamm	['plant', '___', 'living', 'fruit', '(']	neg	neg
"Complete the sentence below with only one category word.\nSentence: ""A tree is not an ___."" Completed sentence: A tree is not an"	organism	-1.7963161	Ġorganism	['animal', 'organism', '___', '(', '\\']	neg	aff
"Complete the sentence below with only one category word.\nSentence: ""A car is a ___."" Completed sentence: A car is a"	transport	-4.0840054	Ġtransport	['vehicle', 'transportation', 'machine', 'mode', 'four']	aff	aff
"Complete the sentence below with only one category word.\nSentence: ""A car is a ___."" Completed sentence: A car is a"	horse	-10.732981	Ġhorse	['vehicle', 'transportation', 'machine', 'mode', 'four']	aff	neg
"Complete the sentence below with only one category word.\nSentence: ""A car is not a ___."" Completed sentence: A car is not a"	horse	-6.360737	Ġhorse	['machine', 'vehicle', 'living', '\\', 'tool']	neg	neg
"Complete the sentence below with only one category word.\nSentence: ""A car is not a ___."" Completed sentence: A car is not a"	transport	-5.63208	Ġtransport	['machine', 'vehicle', 'living', '\\', 'tool']	neg	aff
"Complete the sentence below with only one category word.\nSentence: ""An instrument is a ___."" Completed sentence: An instrument is a"	tool	-0.47232437	Ġtool	['tool', 'TOOL', 'machine', '\\', 'device']	aff	aff
"Complete the sentence below with only one category word.\nSentence: ""An instrument is a ___."" Completed sentence: An instrument is a"	place	-12.334945	Ġplace	['tool', 'TOOL', 'machine', '\\', 'device']	aff	neg
"Complete the sentence below with only one category word.\nSentence: ""An instrument is not a ___."" Completed sentence: An instrument is not a"	place	-10.497681	Ġplace	['tool', 'machine', '\\', '(', 'TOOL']	neg	neg
"Complete the sentence below with only one category word.\nSentence: ""An instrument is not a ___."" Completed sentence: An instrument is not a"	tool	-0.4721985	Ġtool	['tool', 'machine', '\\', '(', 'TOOL']	neg	aff
"Complete the sentence below with only one category word.\nSentence: ""A plant is an ___."" Completed sentence: A plant is an"	organism	-0.93790436	Ġorganism	['organism', '___', '\\', '**', 'organic']	aff	aff
"Complete the sentence below with only one category word.\nSentence: ""A plant is a ___."" Completed sentence: A plant is a"	toy	-13.546652	Ġtoy	['living', '___', '__', '\\', '(']	aff	neg
"Complete the sentence below with only one category word.\nSentence: ""A plant is not a ___."" Completed sentence: A plant is not a"	toy	-8.235563	Ġtoy	['___', 'living', '(', '\\', 'tree']	neg	neg
"Complete the sentence below with only one category word.\nSentence: ""A plant is not an ___."" Completed sentence: A plant is not an"	organism	-2.1227474	Ġorganism	['animal', 'organism', '___', '\\', '(']	neg	aff
"Complete the sentence below with only one category word.\nSentence: ""A wolf is an ___."" Completed sentence: A wolf is an"	animal	-0.36125946	Ġanimal	['animal', 'M', '**', '\\', 'Animal']	aff	aff
"Complete the sentence below with only one category word.\nSentence: ""A wolf is a ___."" Completed sentence: A wolf is a"	person	-11.384599	Ġperson	['mamm', 'carniv', 'predator', 'M', 'predatory']	aff	neg
"Complete the sentence below with only one category word.\nSentence: ""A wolf is not a ___."" Completed sentence: A wolf is not a"	person	-8.29013	Ġperson	['mamm', 'domestic', '___', '(', '____']	neg	neg
"Complete the sentence below with only one category word.\nSentence: ""A wolf is not an ___."" Completed sentence: A wolf is not an"	animal	-0.38157272	Ġanimal	['animal', 'herb', '\\', '___', '(']	neg	aff
"Complete the sentence below with only one category word.\nSentence: ""A table is a ___."" Completed sentence: A table is a"	surface	-4.661812	Ġsurface	['furniture', '\\', 'piece', '**', '(']	aff	aff
"Complete the sentence below with only one category word.\nSentence: ""A table is a ___."" Completed sentence: A table is a"	house	-7.978298	Ġhouse	['furniture', '\\', 'piece', '**', '(']	aff	neg
"Complete the sentence below with only one category word.\nSentence: ""A table is not a ___."" Completed sentence: A table is not a"	house	-5.5195217	Ġhouse	['___', '(', 'living', 'tool', '\\']	neg	neg
"Complete the sentence below with only one category word.\nSentence: ""A table is not a ___."" Completed sentence: A table is not a"	surface	-6.150099	Ġsurface	['___', '(', 'living', 'tool', '\\']	neg	aff
"Complete the sentence below with only one category word.\nSentence: ""A bear is an ___."" Completed sentence: A bear is an"	animal	-0.40973282	Ġanimal	['animal', '**', 'M', '\\', '(']	aff	aff
"Complete the sentence below with only one category word.\nSentence: ""A bear is a ___."" Completed sentence: A bear is a"	human	-10.069555	Ġhuman	['mamm', 'M', '(', '**', 'carniv']	aff	neg
"Complete the sentence below with only one category word.\nSentence: ""A bear is not a ___."" Completed sentence: A bear is not a"	human	-5.0701885	Ġhuman	['mamm', '___', '(', '\\', 'fish']	neg	neg
"Complete the sentence below with only one category word.\nSentence: ""A bear is not an ___."" Completed sentence: A bear is not an"	animal	-0.3080387	Ġanimal	['animal', '\\', '(', 'herb', '**']	neg	aff
"Complete the sentence below with only one category word.\nSentence: ""A horse is a ___."" Completed sentence: A horse is a"	vertebrate	-5.031063	Ġverte	['mamm', 'four', 'domestic', 'quadr', '\\']	aff	aff
"Complete the sentence below with only one category word.\nSentence: ""A horse is a ___."" Completed sentence: A horse is a"	fish	-11.948327	Ġfish	['mamm', 'four', 'domestic', 'quadr', '\\']	aff	neg
"Complete the sentence below with only one category word.\nSentence: ""A horse is not a ___."" Completed sentence: A horse is not a"	fish	-5.1168175	Ġfish	['mamm', 'domestic', '___', '\\', 'four']	neg	neg
"Complete the sentence below with only one category word.\nSentence: ""A horse is not a ___."" Completed sentence: A horse is not a"	vertebrate	-4.2898026	Ġverte	['mamm', 'domestic', '___', '\\', 'four']	neg	aff
"Complete the sentence below with only one category word.\nSentence: ""A plane is a ___."" Completed sentence: A plane is a"	transport	-4.2486916	Ġtransport	['vehicle', 'machine', 'transportation', 'mode', '\\']	aff	aff
"Complete the sentence below with only one category word.\nSentence: ""A plane is a ___."" Completed sentence: A plane is a"	flower	-14.2342825	Ġflower	['vehicle', 'machine', 'transportation', 'mode', '\\']	aff	neg
"Complete the sentence below with only one category word.\nSentence: ""A plane is not a ___."" Completed sentence: A plane is not a"	flower	-10.4763365	Ġflower	['vehicle', 'machine', '(', 'bird', '___']	neg	neg
"Complete the sentence below with only one category word.\nSentence: ""A plane is not a ___."" Completed sentence: A plane is not a"	transport	-6.264904	Ġtransport	['vehicle', 'machine', '(', 'bird', '___']	neg	aff
"Complete the sentence below with only one category word.\nSentence: ""A carrot is a ___."" Completed sentence: A carrot is a"	root	-2.738247	Ġroot	['vegetable', 'plant', 'fruit', 'root', '___']	aff	aff
"Complete the sentence below with only one category word.\nSentence: ""A carrot is a ___."" Completed sentence: A carrot is a"	building	-14.211666	Ġbuilding	['vegetable', 'plant', 'fruit', 'root', '___']	aff	neg
"Complete the sentence below with only one category word.\nSentence: ""A carrot is not a ___."" Completed sentence: A carrot is not a"	building	-12.912145	Ġbuilding	['vegetable', 'fruit', 'root', '___', 'plant']	neg	neg
"Complete the sentence below with only one category word.\nSentence: ""A carrot is not a ___."" Completed sentence: A carrot is not a"	root	-3.119131	Ġroot	['vegetable', 'fruit', 'root', '___', 'plant']	neg	aff
"Complete the sentence below with only one category word.\nSentence: ""A cow is a ___."" Completed sentence: A cow is a"	pet	-6.6286497	Ġpet	['mamm', 'domestic', 'four', '\\', 'herb']	aff	aff
"Complete the sentence below with only one category word.\nSentence: ""A cow is an ___."" Completed sentence: A cow is an"	insect	-9.825279	Ġinsect	['animal', 'herb', '\\', 'M', 'Animal']	aff	neg
"Complete the sentence below with only one category word.\nSentence: ""A cow is not an ___."" Completed sentence: A cow is not an"	insect	-6.2915688	Ġinsect	['animal', 'herb', '\\', '(', '___']	neg	neg
"Complete the sentence below with only one category word.\nSentence: ""A cow is not a ___."" Completed sentence: A cow is not a"	pet	-3.8033981	Ġpet	['mamm', 'domestic', '___', '\\', '______']	neg	aff
"Complete the sentence below with only one category word.\nSentence: ""A carrot is a ___."" Completed sentence: A carrot is a"	herb	-7.741029	Ġherb	['vegetable', 'plant', 'fruit', 'root', '___']	aff	aff
"Complete the sentence below with only one category word.\nSentence: ""A carrot is a ___."" Completed sentence: A carrot is a"	pest	-15.237031	P	['vegetable', 'plant', 'fruit', 'root', '___']	aff	neg
"Complete the sentence below with only one category word.\nSentence: ""A carrot is not a ___."" Completed sentence: A carrot is not a"	pest	-12.792695	Ġpest	['vegetable', 'fruit', 'root', '___', 'plant']	neg	neg
"Complete the sentence below with only one category word.\nSentence: ""A carrot is not a ___."" Completed sentence: A carrot is not a"	herb	-7.281069	Ġherb	['vegetable', 'fruit', 'root', '___', 'plant']	neg	aff
"Complete the sentence below with only one category word.\nSentence: ""A vitamin is a ___."" Completed sentence: A vitamin is a"	nutrient	-1.265707	Ġnutrient	['nutrient', 'food', 'supplement', 'substance', '__']	aff	aff
"Complete the sentence below with only one category word.\nSentence: ""A vitamin is a ___."" Completed sentence: A vitamin is a"	toxin	-10.711538	Ġtoxin	['nutrient', 'food', 'supplement', 'substance', '__']	aff	neg
"Complete the sentence below with only one category word.\nSentence: ""A vitamin is not a ___."" Completed sentence: A vitamin is not a"	toxin	-6.573619	Ġtoxin	['food', 'supplement', 'drug', 'nutrient', '(']	neg	neg
"Complete the sentence below with only one category word.\nSentence: ""A vitamin is not a ___."" Completed sentence: A vitamin is not a"	nutrient	-2.8274326	Ġnutrient	['food', 'supplement', 'drug', 'nutrient', '(']	neg	aff
"Complete the sentence below with only one category word.\nSentence: ""A bus is a ___."" Completed sentence: A bus is a"	transport	-3.6091442	Ġtransport	['mode', 'vehicle', 'transportation', 'means', 'transport']	aff	aff
"Complete the sentence below with only one category word.\nSentence: ""A bus is an ___."" Completed sentence: A bus is an"	animal	-6.587467	Ġanimal	['**', '(', '[', 'automobile', 'transportation']	aff	neg
"Complete the sentence below with only one category word.\nSentence: ""A bus is not an ___."" Completed sentence: A bus is not an"	animal	-2.5968647	Ġanimal	['automobile', '(', 'animal', 'object', 'engine']	neg	neg
"Complete the sentence below with only one category word.\nSentence: ""A bus is not a ___."" Completed sentence: A bus is not a"	transport	-5.221197	Ġtransport	['vehicle', 'machine', '___', '(', 'mode']	neg	aff
"Complete the sentence below with only one category word.\nSentence: ""A store is a ___."" Completed sentence: A store is a"	building	-3.5105133	Ġbuilding	"['business', 'place', 'commercial', 'building', '""']"	aff	aff
"Complete the sentence below with only one category word.\nSentence: ""A store is a ___."" Completed sentence: A store is a"	car	-12.343861	Ġcar	"['business', 'place', 'commercial', 'building', '""']"	aff	neg
"Complete the sentence below with only one category word.\nSentence: ""A store is not a ___."" Completed sentence: A store is not a"	car	-8.447794	Ġcar	"['building', 'place', 'business', '(', '""']"	neg	neg
"Complete the sentence below with only one category word.\nSentence: ""A store is not a ___."" Completed sentence: A store is not a"	building	-1.6220894	Ġbuilding	"['building', 'place', 'business', '(', '""']"	neg	aff
"Complete the sentence below with only one category word.\nSentence: ""A sun is a ___."" Completed sentence: A sun is a"	star	-2.011797	Ġstar	['celestial', 'star', '(', 'natural', '\\']	aff	aff
"Complete the sentence below with only one category word.\nSentence: ""A sun is a ___."" Completed sentence: A sun is a"	planet	-4.05027	Ġplanet	['celestial', 'star', '(', 'natural', '\\']	aff	neg
"Complete the sentence below with only one category word.\nSentence: ""A sun is not a ___."" Completed sentence: A sun is not a"	planet	-1.7685623	Ġplanet	['planet', 'star', 'celestial', 'plant', 'living']	neg	neg
"Complete the sentence below with only one category word.\nSentence: ""A sun is not a ___."" Completed sentence: A sun is not a"	star	-2.0225697	Ġstar	['planet', 'star', 'celestial', 'plant', 'living']	neg	aff
"Complete the sentence below with only one category word.\nSentence: ""A maple is a ___."" Completed sentence: A maple is a"	tree	-0.4403305	Ġtree	['tree', 'plant', 'decid', '___', 'type']	aff	aff
"Complete the sentence below with only one category word.\nSentence: ""A maple is a ___."" Completed sentence: A maple is a"	fruit	-4.29364	Ġfruit	['tree', 'plant', 'decid', '___', 'type']	aff	neg
"Complete the sentence below with only one category word.\nSentence: ""A maple is not a ___."" Completed sentence: A maple is not a"	fruit	-2.739128	Ġfruit	['tree', '___', 'fruit', 'plant', '(']	neg	neg
"Complete the sentence below with only one category word.\nSentence: ""A maple is not a ___."" Completed sentence: A maple is not a"	tree	-0.6391125	Ġtree	['tree', '___', 'fruit', 'plant', '(']	neg	aff
"Complete the sentence below with only one category word.\nSentence: ""A plant is a ___."" Completed sentence: A plant is a"	lifeform	-6.6461115	Ġlife	['living', '___', '__', '\\', '(']	aff	aff
"Complete the sentence below with only one category word.\nSentence: ""A plant is a ___."" Completed sentence: A plant is a"	mineral	-11.33794	Ġmineral	['living', '___', '__', '\\', '(']	aff	neg
"Complete the sentence below with only one category word.\nSentence: ""A plant is not a ___."" Completed sentence: A plant is not a"	mineral	-7.322875	Ġmineral	['___', 'living', '(', '\\', 'tree']	neg	neg
"Complete the sentence below with only one category word.\nSentence: ""A plant is not a ___."" Completed sentence: A plant is not a"	lifeform	-7.042062	Ġlife	['___', 'living', '(', '\\', 'tree']	neg	aff
"Complete the sentence below with only one category word.\nSentence: ""A giraffe is a ___."" Completed sentence: A giraffe is a"	herbivore	-4.857073	Ġherb	['mamm', 'M', '\\', '___', '(']	aff	aff
"Complete the sentence below with only one category word.\nSentence: ""A giraffe is a ___."" Completed sentence: A giraffe is a"	rock	-14.480545	Ġrock	['mamm', 'M', '\\', '___', '(']	aff	neg
"Complete the sentence below with only one category word.\nSentence: ""A giraffe is not a ___."" Completed sentence: A giraffe is not a"	rock	-11.363819	Ġrock	['mamm', '___', 'bird', '(', 'verte']	neg	neg
"Complete the sentence below with only one category word.\nSentence: ""A giraffe is not a ___."" Completed sentence: A giraffe is not a"	herbivore	-5.3901615	Ġherb	['mamm', '___', 'bird', '(', 'verte']	neg	aff
"Complete the sentence below with only one category word.\nSentence: ""A diamond is a ___."" Completed sentence: A diamond is a"	gemstone	-2.510542	Ġgem	['precious', '\\', 'gem', '__', '___']	aff	aff
"Complete the sentence below with only one category word.\nSentence: ""A diamond is a ___."" Completed sentence: A diamond is a"	tree	-14.481939	Ġtree	['precious', '\\', 'gem', '__', '___']	aff	neg
"Complete the sentence below with only one category word.\nSentence: ""A diamond is not a ___."" Completed sentence: A diamond is not a"	tree	-9.712495	Ġtree	['rock', 'gem', '___', '__', '\\']	neg	neg
"Complete the sentence below with only one category word.\nSentence: ""A diamond is not a ___."" Completed sentence: A diamond is not a"	gemstone	-2.2806969	Ġgem	['rock', 'gem', '___', '__', '\\']	neg	aff
"Complete the sentence below with only one category word.\nSentence: ""A ruby is a ___."" Completed sentence: A ruby is a"	gem	-1.3132668	Ġgem	['gem', 'precious', 'red', '\\', 'mineral']	aff	aff
"Complete the sentence below with only one category word.\nSentence: ""A ruby is a ___."" Completed sentence: A ruby is a"	metal	-8.011091	Ġmetal	['gem', 'precious', 'red', '\\', 'mineral']	aff	neg
"Complete the sentence below with only one category word.\nSentence: ""A ruby is not a ___."" Completed sentence: A ruby is not a"	metal	-5.042534	Ġmetal	['gem', 'mineral', '___', '____', '______']	neg	neg
"Complete the sentence below with only one category word.\nSentence: ""A ruby is not a ___."" Completed sentence: A ruby is not a"	gem	-1.2965813	Ġgem	['gem', 'mineral', '___', '____', '______']	neg	aff
"Complete the sentence below with only one category word.\nSentence: ""A glock is a ___."" Completed sentence: A glock is a"	gun	-1.951891	Ġgun	['weapon', 'firearm', 'gun', 'handgun', 'type']	aff	aff
"Complete the sentence below with only one category word.\nSentence: ""A glock is a ___."" Completed sentence: A glock is a"	toy	-5.878274	Ġtoy	['weapon', 'firearm', 'gun', 'handgun', 'type']	aff	neg
"Complete the sentence below with only one category word.\nSentence: ""A glock is not a ___."" Completed sentence: A glock is not a"	toy	-4.0935516	Ġtoy	['firearm', 'weapon', 'gun', 'handgun', '___']	neg	neg
"Complete the sentence below with only one category word.\nSentence: ""A glock is not a ___."" Completed sentence: A glock is not a"	gun	-1.829792	Ġgun	['firearm', 'weapon', 'gun', 'handgun', '___']	neg	aff
"Complete the sentence below with only one category word.\nSentence: ""A cheetah is a ___."" Completed sentence: A cheetah is a"	carnivore	-2.509262	Ġcarniv	['mamm', 'M', 'carniv', '___', '__']	aff	aff
"Complete the sentence below with only one category word.\nSentence: ""A cheetah is a ___."" Completed sentence: A cheetah is a"	plant	-9.348	Ġplant	['mamm', 'M', 'carniv', '___', '__']	aff	neg
"Complete the sentence below with only one category word.\nSentence: ""A cheetah is not a ___."" Completed sentence: A cheetah is not a"	plant	-6.0260925	Ġplant	['mamm', '___', 'domestic', '(', '__']	neg	neg
"Complete the sentence below with only one category word.\nSentence: ""A cheetah is not a ___."" Completed sentence: A cheetah is not a"	carnivore	-4.0822144	Ġcarniv	['mamm', '___', 'domestic', '(', '__']	neg	aff
"Complete the sentence below with only one category word.\nSentence: ""A hippopotamus is a ___."" Completed sentence: A hippopotamus is a"	mammal	-0.2574978	Ġmamm	['mamm', 'M', 'land', '___', '(']	aff	aff
"Complete the sentence below with only one category word.\nSentence: ""A hippopotamus is a ___."" Completed sentence: A hippopotamus is a"	reptile	-6.714925	Ġrept	['mamm', 'M', 'land', '___', '(']	aff	neg
"Complete the sentence below with only one category word.\nSentence: ""A hippopotamus is not a ___."" Completed sentence: A hippopotamus is not a"	reptile	-4.7320576	Ġrept	['mamm', '___', 'M', 'fish', 'bird']	neg	neg
"Complete the sentence below with only one category word.\nSentence: ""A hippopotamus is not a ___."" Completed sentence: A hippopotamus is not a"	mammal	-0.41038895	Ġmamm	['mamm', '___', 'M', 'fish', 'bird']	neg	aff
"Complete the sentence below with only one category word.\nSentence: ""A cheetah is an ___."" Completed sentence: A cheetah is an"	animal	-0.53832436	Ġanimal	['animal', '**', 'M', '___', '\\']	aff	aff
"Complete the sentence below with only one category word.\nSentence: ""A cheetah is a ___."" Completed sentence: A cheetah is a"	bird	-7.193555	Ġbird	['mamm', 'M', 'carniv', '___', '__']	aff	neg
"Complete the sentence below with only one category word.\nSentence: ""A cheetah is not a ___."" Completed sentence: A cheetah is not a"	bird	-3.6906528	Ġbird	['mamm', '___', 'domestic', '(', '__']	neg	neg
"Complete the sentence below with only one category word.\nSentence: ""A cheetah is not an ___."" Completed sentence: A cheetah is not an"	animal	-0.544817	Ġanimal	"['animal', '___', '(', 'M', '""']"	neg	aff
"Complete the sentence below with only one category word.\nSentence: ""A tiger is a ___."" Completed sentence: A tiger is a"	mammal	-1.4295483	Ġmamm	['mamm', 'carniv', 'M', '\\', '(']	aff	aff
"Complete the sentence below with only one category word.\nSentence: ""A tiger is a ___."" Completed sentence: A tiger is a"	plant	-8.120066	Ġplant	['mamm', 'carniv', 'M', '\\', '(']	aff	neg
"Complete the sentence below with only one category word.\nSentence: ""A tiger is not a ___."" Completed sentence: A tiger is not a"	plant	-5.430937	Ġplant	['mamm', '___', 'domestic', '(', '______']	neg	neg
"Complete the sentence below with only one category word.\nSentence: ""A tiger is not a ___."" Completed sentence: A tiger is not a"	mammal	-1.0054321	Ġmamm	['mamm', '___', 'domestic', '(', '______']	neg	aff
"Complete the sentence below with only one category word.\nSentence: ""A valley is a ___."" Completed sentence: A valley is a"	landform	-2.6536236	Ġland	['geographical', 'natural', 'geographic', 'land', '\\']	aff	aff
"Complete the sentence below with only one category word.\nSentence: ""A valley is a ___."" Completed sentence: A valley is a"	house	-13.630052	Ġhouse	['geographical', 'natural', 'geographic', 'land', '\\']	aff	neg
"Complete the sentence below with only one category word.\nSentence: ""A valley is not a ___."" Completed sentence: A valley is not a"	house	-8.197093	Ġhouse	['mountain', 'body', 'lake', '(', '\\']	neg	neg
"Complete the sentence below with only one category word.\nSentence: ""A valley is not a ___."" Completed sentence: A valley is not a"	landform	-3.9800053	Ġland	['mountain', 'body', 'lake', '(', '\\']	neg	aff
"Complete the sentence below with only one category word.\nSentence: ""A sparrow is a ___."" Completed sentence: A sparrow is a"	bird	-0.37259483	Ġbird	['bird', 'small', '___', 'M', '\\']	aff	aff
"Complete the sentence below with only one category word.\nSentence: ""A sparrow is a ___."" Completed sentence: A sparrow is a"	reptile	-9.537716	Ġrept	['bird', 'small', '___', 'M', '\\']	aff	neg
"Complete the sentence below with only one category word.\nSentence: ""A sparrow is not a ___."" Completed sentence: A sparrow is not a"	reptile	-6.2212744	Ġrept	['bird', '___', 'mamm', '(', '__']	neg	neg
"Complete the sentence below with only one category word.\nSentence: ""A sparrow is not a ___."" Completed sentence: A sparrow is not a"	bird	-0.5573902	Ġbird	['bird', '___', 'mamm', '(', '__']	neg	aff
"Complete the sentence below with only one category word.\nSentence: ""A computer is an ___."" Completed sentence: A computer is an"	electronic	-0.7567997	Ġelectronic	['electronic', '**', '(', '\\', 'appliance']	aff	aff
"Complete the sentence below with only one category word.\nSentence: ""A computer is an ___."" Completed sentence: A computer is an"	animal	-8.502653	Ġanimal	['electronic', '**', '(', '\\', 'appliance']	aff	neg
"Complete the sentence below with only one category word.\nSentence: ""A computer is not an ___."" Completed sentence: A computer is not an"	animal	-2.1699162	Ġanimal	['appliance', 'electronic', 'animal', '(', '\\']	neg	neg
"Complete the sentence below with only one category word.\nSentence: ""A computer is not an ___."" Completed sentence: A computer is not an"	electronic	-2.0412579	Ġelectronic	['appliance', 'electronic', 'animal', '(', '\\']	neg	aff
"Complete the sentence below with only one category word.\nSentence: ""A coffee is a ___."" Completed sentence: A coffee is a"	drink	-1.9194946	Ġdrink	['beverage', 'liquid', 'drink', 'hot', '**']	aff	aff
"Complete the sentence below with only one category word.\nSentence: ""A coffee is a ___."" Completed sentence: A coffee is a"	fruit	-9.44732	Ġfruit	['beverage', 'liquid', 'drink', 'hot', '**']	aff	neg
"Complete the sentence below with only one category word.\nSentence: ""A coffee is not a ___."" Completed sentence: A coffee is not a"	fruit	-4.940401	Ġfruit	['beverage', 'liquid', 'drink', '(', 'food']	neg	neg
"Complete the sentence below with only one category word.\nSentence: ""A coffee is not a ___."" Completed sentence: A coffee is not a"	drink	-1.7025661	Ġdrink	['beverage', 'liquid', 'drink', '(', 'food']	neg	aff
"Complete the sentence below with only one category word.\nSentence: ""A juice is a ___."" Completed sentence: A juice is a"	drink	-2.1367111	Ġdrink	['liquid', 'beverage', 'drink', 'food', '(']	aff	aff
"Complete the sentence below with only one category word.\nSentence: ""A juice is a ___."" Completed sentence: A juice is a"	fruit	-5.2227364	Ġfruit	['liquid', 'beverage', 'drink', 'food', '(']	aff	neg
"Complete the sentence below with only one category word.\nSentence: ""A juice is not a ___."" Completed sentence: A juice is not a"	fruit	-2.9329758	Ġfruit	['liquid', 'beverage', 'drink', 'fruit', '(']	neg	neg
"Complete the sentence below with only one category word.\nSentence: ""A juice is not a ___."" Completed sentence: A juice is not a"	drink	-2.1191616	Ġdrink	['liquid', 'beverage', 'drink', 'fruit', '(']	neg	aff
"Complete the sentence below with only one category word.\nSentence: ""A guitar is an ___."" Completed sentence: A guitar is an"	instrument	-0.2307148	Ġinstrument	['instrument', 'musical', '**', 'Instrument', 'acoustic']	aff	aff
"Complete the sentence below with only one category word.\nSentence: ""A guitar is a ___."" Completed sentence: A guitar is a"	rock	-9.819251	Ġrock	['musical', 'string', '**', '(', '\\']	aff	neg
"Complete the sentence below with only one category word.\nSentence: ""A guitar is not a ___."" Completed sentence: A guitar is not a"	rock	-5.848896	Ġrock	['musical', 'tool', '(', 'string', '______']	neg	neg
"Complete the sentence below with only one category word.\nSentence: ""A guitar is not an ___."" Completed sentence: A guitar is not an"	instrument	-0.18878746	Ġinstrument	['instrument', '(', 'acoustic', 'musical', 'electronic']	neg	aff
"Complete the sentence below with only one category word.\nSentence: ""A drink is a ___."" Completed sentence: A drink is a"	fluid	-4.616371	Ġfluid	['liquid', 'beverage', 'food', '(', 'fluid']	aff	aff
"Complete the sentence below with only one category word.\nSentence: ""A drink is a ___."" Completed sentence: A drink is a"	gas	-10.719683	Ġgas	['liquid', 'beverage', 'food', '(', 'fluid']	aff	neg
"Complete the sentence below with only one category word.\nSentence: ""A drink is not a ___."" Completed sentence: A drink is not a"	gas	-7.1148844	Ġgas	['liquid', 'beverage', 'food', '(', 'solid']	neg	neg
"Complete the sentence below with only one category word.\nSentence: ""A drink is not a ___."" Completed sentence: A drink is not a"	fluid	-5.820857	Ġfluid	['liquid', 'beverage', 'food', '(', 'solid']	neg	aff
"Complete the sentence below with only one category word.\nSentence: ""A fish is a ___."" Completed sentence: A fish is a"	creature	-4.1719036	Ġcreature	['verte', '___', '\\', '__', 'living']	aff	aff
"Complete the sentence below with only one category word.\nSentence: ""A fish is a ___."" Completed sentence: A fish is a"	building	-13.267258	Ġbuilding	['verte', '___', '\\', '__', 'living']	aff	neg
"Complete the sentence below with only one category word.\nSentence: ""A fish is not a ___."" Completed sentence: A fish is not a"	building	-10.437477	Ġbuilding	['mamm', 'verte', '___', '(', '\\']	neg	neg
"Complete the sentence below with only one category word.\nSentence: ""A fish is not a ___."" Completed sentence: A fish is not a"	creature	-4.9178295	Ġcreature	['mamm', 'verte', '___', '(', '\\']	neg	aff
"Complete the sentence below with only one category word.\nSentence: ""A bird is a ___."" Completed sentence: A bird is a"	creature	-3.7939835	Ġcreature	['\\', '(', '___', 'verte', '__']	aff	aff
"Complete the sentence below with only one category word.\nSentence: ""A bird is a ___."" Completed sentence: A bird is a"	reptile	-6.1412926	Ġrept	['\\', '(', '___', 'verte', '__']	aff	neg
"Complete the sentence below with only one category word.\nSentence: ""A bird is not a ___."" Completed sentence: A bird is not a"	reptile	-3.7215443	Ġrept	['mamm', '___', '\\', '(', 'verte']	neg	neg
"Complete the sentence below with only one category word.\nSentence: ""A bird is not a ___."" Completed sentence: A bird is not a"	creature	-4.1402035	Ġcreature	['mamm', '___', '\\', '(', 'verte']	neg	aff
"Complete the sentence below with only one category word.\nSentence: ""An egg is a ___."" Completed sentence: An egg is a"	food	-2.7269115	Ġfood	['\\', '___', 'food', 'biological', '(']	aff	aff
"Complete the sentence below with only one category word.\nSentence: ""An egg is a ___."" Completed sentence: An egg is a"	drink	-12.580008	Ġdrink	['\\', '___', 'food', 'biological', '(']	aff	neg
"Complete the sentence below with only one category word.\nSentence: ""An egg is not a ___."" Completed sentence: An egg is not a"	drink	-10.445957	Ġdrink	['___', 'bird', '\\', 'fruit', 'living']	neg	neg
"Complete the sentence below with only one category word.\nSentence: ""An egg is not a ___."" Completed sentence: An egg is not a"	food	-3.4090805	Ġfood	['___', 'bird', '\\', 'fruit', 'living']	neg	aff
"Complete the sentence below with only one category word.\nSentence: ""A credit-card is a ___."" Completed sentence: A credit-card is a"	plastic	-3.7830677	Ġplastic	['financial', 'tool', '**', '\\', '(']	aff	aff
"Complete the sentence below with only one category word.\nSentence: ""A credit-card is a ___."" Completed sentence: A credit-card is a"	coin	-8.7657585	Ġcoin	['financial', 'tool', '**', '\\', '(']	aff	neg
"Complete the sentence below with only one category word.\nSentence: ""A credit-card is not a ___."" Completed sentence: A credit-card is not a"	coin	-5.9748764	Ġcoin	['tool', '___', '(', '______', '\\']	neg	neg
"Complete the sentence below with only one category word.\nSentence: ""A credit-card is not a ___."" Completed sentence: A credit-card is not a"	plastic	-4.2131977	Ġplastic	['tool', '___', '(', '______', '\\']	neg	aff
"Complete the sentence below with only one category word.\nSentence: ""A hamburger is a ___."" Completed sentence: A hamburger is a"	food	-0.49764252	Ġfood	['food', 'meal', '\\', 'sandwich', 'meat']	aff	aff
"Complete the sentence below with only one category word.\nSentence: ""A hamburger is a ___."" Completed sentence: A hamburger is a"	clothing	-13.275548	Ġclothing	['food', 'meal', '\\', 'sandwich', 'meat']	aff	neg
"Complete the sentence below with only one category word.\nSentence: ""A hamburger is not a ___."" Completed sentence: A hamburger is not a"	clothing	-9.553498	Ġclothing	['sandwich', 'food', '___', 'dessert', 'vegetable']	neg	neg
"Complete the sentence below with only one category word.\nSentence: ""A hamburger is not a ___."" Completed sentence: A hamburger is not a"	food	-2.5231495	Ġfood	['sandwich', 'food', '___', 'dessert', 'vegetable']	neg	aff
"Complete the sentence below with only one category word.\nSentence: ""A bean is a ___."" Completed sentence: A bean is a"	food	-3.8874054	Ġfood	['plant', 'seed', 'vegetable', 'fruit', '___']	aff	aff
"Complete the sentence below with only one category word.\nSentence: ""A bean is a ___."" Completed sentence: A bean is a"	mineral	-9.153593	Ġmineral	['plant', 'seed', 'vegetable', 'fruit', '___']	aff	neg
"Complete the sentence below with only one category word.\nSentence: ""A bean is not a ___."" Completed sentence: A bean is not a"	mineral	-6.4946947	Ġmineral	['vegetable', 'plant', 'fruit', 'seed', '___']	neg	neg
"Complete the sentence below with only one category word.\nSentence: ""A bean is not a ___."" Completed sentence: A bean is not a"	food	-4.7418156	Ġfood	['vegetable', 'plant', 'fruit', 'seed', '___']	neg	aff
"Complete the sentence below with only one category word.\nSentence: ""A jaguar is an ___."" Completed sentence: A jaguar is an"	animal	-0.53437424	Ġanimal	['animal', '**', 'M', '\\', '(']	aff	aff
"Complete the sentence below with only one category word.\nSentence: ""A jaguar is a ___."" Completed sentence: A jaguar is a"	plant	-8.886554	Ġplant	['mamm', 'M', 'large', '(', '**']	aff	neg
"Complete the sentence below with only one category word.\nSentence: ""A jaguar is not a ___."" Completed sentence: A jaguar is not a"	plant	-6.1908484	Ġplant	['mamm', '___', '(', 'domestic', 'fish']	neg	neg
"Complete the sentence below with only one category word.\nSentence: ""A jaguar is not an ___."" Completed sentence: A jaguar is not an"	animal	-0.51732826	Ġanimal	['animal', '(', '___', 'amphib', 'endangered']	neg	aff
"Complete the sentence below with only one category word.\nSentence: ""A man is a ___."" Completed sentence: A man is a"	human	-1.8933907	Ġhuman	['human', 'male', 'living', 'mamm', '(']	aff	aff
"Complete the sentence below with only one category word.\nSentence: ""A man is a ___."" Completed sentence: A man is a"	machine	-7.8159323	Ġmachine	['human', 'male', 'living', 'mamm', '(']	aff	neg
"Complete the sentence below with only one category word.\nSentence: ""A man is not a ___."" Completed sentence: A man is not a"	machine	-4.247963	Ġmachine	['woman', '(', 'tool', '\\', '___']	neg	neg
"Complete the sentence below with only one category word.\nSentence: ""A man is not a ___."" Completed sentence: A man is not a"	human	-3.3519535	Ġhuman	['woman', '(', 'tool', '\\', '___']	neg	aff
"Complete the sentence below with only one category word.\nSentence: ""A sickle is a ___."" Completed sentence: A sickle is a"	tool	-0.43990326	Ġtool	['tool', 'farming', 'TOOL', 'farm', 'cutting']	aff	aff
"Complete the sentence below with only one category word.\nSentence: ""A sickle is a ___."" Completed sentence: A sickle is a"	flower	-10.185948	Ġflower	['tool', 'farming', 'TOOL', 'farm', 'cutting']	aff	neg
"Complete the sentence below with only one category word.\nSentence: ""A sickle is not a ___."" Completed sentence: A sickle is not a"	flower	-7.5132113	Ġflower	['tool', 'weapon', 'TOOL', '___', '__']	neg	neg
"Complete the sentence below with only one category word.\nSentence: ""A sickle is not a ___."" Completed sentence: A sickle is not a"	tool	-0.5467911	Ġtool	['tool', 'weapon', 'TOOL', '___', '__']	neg	aff
"Complete the sentence below with only one category word.\nSentence: ""A map is a ___."" Completed sentence: A map is a"	document	-8.39786	Ġdocument	['tool', '**', 'visual', 'graphic', 'map']	aff	aff
"Complete the sentence below with only one category word.\nSentence: ""A map is a ___."" Completed sentence: A map is a"	story	-12.061877	Ġstory	['tool', '**', 'visual', 'graphic', 'map']	aff	neg
"Complete the sentence below with only one category word.\nSentence: ""A map is not a ___."" Completed sentence: A map is not a"	story	-9.185557	Ġstory	['tool', 'chart', '(', '___', 'book']	neg	neg
"Complete the sentence below with only one category word.\nSentence: ""A map is not a ___."" Completed sentence: A map is not a"	document	-6.0803204	Ġdocument	['tool', 'chart', '(', '___', 'book']	neg	aff
"Complete the sentence below with only one category word.\nSentence: ""A book is a ___."" Completed sentence: A book is a"	story	-8.93462	Ġstory	['\\', '**', '(', 'medium', 'literary']	aff	aff
"Complete the sentence below with only one category word.\nSentence: ""A book is a ___."" Completed sentence: A book is a"	fruit	-8.381881	Ġfruit	['\\', '**', '(', 'medium', 'literary']	aff	neg
"Complete the sentence below with only one category word.\nSentence: ""A book is not a ___."" Completed sentence: A book is not a"	fruit	-5.0724945	Ġfruit	['tool', '___', '(', 'toy', '\\']	neg	neg
"Complete the sentence below with only one category word.\nSentence: ""A book is not a ___."" Completed sentence: A book is not a"	story	-9.055053	Ġstory	['tool', '___', '(', 'toy', '\\']	neg	aff
"Complete the sentence below with only one category word.\nSentence: ""A movie is a ___."" Completed sentence: A movie is a"	story	-4.593382	Ġstory	['form', 'medium', '**', 'work', '(']	aff	aff
"Complete the sentence below with only one category word.\nSentence: ""A movie is an ___."" Completed sentence: A movie is an"	animal	-10.956079	Ġanimal	['entertainment', 'art', '**', '(', '\\']	aff	neg
"Complete the sentence below with only one category word.\nSentence: ""A movie is not an ___."" Completed sentence: A movie is not an"	animal	-7.0716915	Ġanimal	"['entertainment', 'art', 'object', '""', '(']"	neg	neg
"Complete the sentence below with only one category word.\nSentence: ""A movie is not a ___."" Completed sentence: A movie is not a"	story	-5.469166	Ġstory	"['book', '(', '""', '\\', 'TV']"	neg	aff
"Complete the sentence below with only one category word.\nSentence: ""A cat is a ___."" Completed sentence: A cat is a"	pet	-3.49411	Ġpet	['mamm', 'domestic', 'M', 'f', '**']	aff	aff
"Complete the sentence below with only one category word.\nSentence: ""A cat is an ___."" Completed sentence: A cat is an"	insect	-8.239558	Ġinsect	['animal', 'M', '**', '\\', '(']	aff	neg
"Complete the sentence below with only one category word.\nSentence: ""A cat is not an ___."" Completed sentence: A cat is not an"	insect	-5.3049316	Ġinsect	['animal', '\\', '(', '**', '___']	neg	neg
"Complete the sentence below with only one category word.\nSentence: ""A cat is not a ___."" Completed sentence: A cat is not a"	pet	-3.460783	Ġpet	['mamm', '___', 'domestic', '\\', '(']	neg	aff
"Complete the sentence below with only one category word.\nSentence: ""A lion is a ___."" Completed sentence: A lion is a"	mammal	-1.671545	Ġmamm	['mamm', 'carniv', 'predator', 'M', '(']	aff	aff
"Complete the sentence below with only one category word.\nSentence: ""A lion is an ___."" Completed sentence: A lion is an"	amphibian	-8.772595	Ġamphib	['animal', '**', 'M', '\\', '(']	aff	neg
"Complete the sentence below with only one category word.\nSentence: ""A lion is not an ___."" Completed sentence: A lion is not an"	amphibian	-5.7809734	Ġamphib	['animal', 'herb', '(', '\\', '___']	neg	neg
"Complete the sentence below with only one category word.\nSentence: ""A lion is not a ___."" Completed sentence: A lion is not a"	mammal	-1.0589314	Ġmamm	['mamm', 'domestic', '(', '___', 'M']	neg	aff
"Complete the sentence below with only one category word.\nSentence: ""A caterpillar is an ___."" Completed sentence: A caterpillar is an"	insect	-0.40912056	Ġinsect	['insect', 'in', 'animal', 'ar', 'organism']	aff	aff
"Complete the sentence below with only one category word.\nSentence: ""A caterpillar is a ___."" Completed sentence: A caterpillar is a"	mammal	-6.152462	ĠM	['___', 'lar', '______', '__', '\\']	aff	neg
"Complete the sentence below with only one category word.\nSentence: ""A caterpillar is not a ___."" Completed sentence: A caterpillar is not a"	mammal	-3.6189384	Ġmamm	['___', '(', '\\', 'butterfly', '______']	neg	neg
"Complete the sentence below with only one category word.\nSentence: ""A caterpillar is not an ___."" Completed sentence: A caterpillar is not an"	insect	-0.26402473	Ġinsect	['insect', 'animal', 'in', 'ar', 'egg']	neg	aff
"Complete the sentence below with only one category word.\nSentence: ""A man is a ___."" Completed sentence: A man is a"	person	-3.383276	Ġperson	['human', 'male', 'living', 'mamm', '(']	aff	aff
"Complete the sentence below with only one category word.\nSentence: ""A man is an ___."" Completed sentence: A man is an"	animal	-1.2253151	Ġanimal	['animal', 'adult', 'individual', '**', 'organism']	aff	neg
"Complete the sentence below with only one category word.\nSentence: ""A man is not an ___."" Completed sentence: A man is not an"	animal	-0.5122967	Ġanimal	"['animal', 'object', '""', 'organism', '(']"	neg	neg
"Complete the sentence below with only one category word.\nSentence: ""A man is not a ___."" Completed sentence: A man is not a"	person	-4.465603	Ġperson	['woman', '(', 'tool', '\\', '___']	neg	aff
"Complete the sentence below with only one category word.\nSentence: ""A woman is a ___."" Completed sentence: A woman is a"	person	-3.767931	Ġperson	['female', 'human', '\\', '(', 'mamm']	aff	aff
"Complete the sentence below with only one category word.\nSentence: ""A woman is a ___."" Completed sentence: A woman is a"	thing	-9.021447	Ġthing	['female', 'human', '\\', '(', 'mamm']	aff	neg
"Complete the sentence below with only one category word.\nSentence: ""A woman is not a ___."" Completed sentence: A woman is not a"	thing	-6.0478935	Ġthing	['man', 'human', '(', 'male', '\\']	neg	neg
"Complete the sentence below with only one category word.\nSentence: ""A woman is not a ___."" Completed sentence: A woman is not a"	person	-3.4806423	Ġperson	['man', 'human', '(', 'male', '\\']	neg	aff
"Complete the sentence below with only one category word.\nSentence: ""A sock is a ___."" Completed sentence: A sock is a"	garment	-3.846838	Ġgarment	['\\', 'clothing', 'piece', '**', '______']	aff	aff
"Complete the sentence below with only one category word.\nSentence: ""A sock is a ___."" Completed sentence: A sock is a"	person	-8.485868	Ġperson	['\\', 'clothing', 'piece', '**', '______']	aff	neg
"Complete the sentence below with only one category word.\nSentence: ""A sock is not a ___."" Completed sentence: A sock is not a"	person	-7.8844395	Ġperson	['\\', '___', 'shoe', '(', '______']	neg	neg
"Complete the sentence below with only one category word.\nSentence: ""A sock is not a ___."" Completed sentence: A sock is not a"	garment	-3.7096252	Ġgarment	['\\', '___', 'shoe', '(', '______']	neg	aff
"Complete the sentence below with only one category word.\nSentence: ""A student is a ___."" Completed sentence: A student is a"	person	-1.3482304	Ġperson	['person', 'human', '\\', '__', 'learner']	aff	aff
"Complete the sentence below with only one category word.\nSentence: ""A student is a ___."" Completed sentence: A student is a"	thing	-8.9022	Ġthing	['person', 'human', '\\', '__', 'learner']	aff	neg
"Complete the sentence below with only one category word.\nSentence: ""A student is not a ___."" Completed sentence: A student is not a"	thing	-5.829068	Ġthing	['(', 'human', 'person', '___', '__']	neg	neg
"Complete the sentence below with only one category word.\nSentence: ""A student is not a ___."" Completed sentence: A student is not a"	person	-2.9293652	Ġperson	['(', 'human', 'person', '___', '__']	neg	aff
"Complete the sentence below with only one category word.\nSentence: ""A milk is a ___."" Completed sentence: A milk is a"	drink	-3.4322033	Ġdrink	['liquid', 'beverage', 'fluid', 'drink', '**']	aff	aff
"Complete the sentence below with only one category word.\nSentence: ""A milk is a ___."" Completed sentence: A milk is a"	vegetable	-9.416566	Ġvegetable	['liquid', 'beverage', 'fluid', 'drink', '**']	aff	neg
"Complete the sentence below with only one category word.\nSentence: ""A milk is not a ___."" Completed sentence: A milk is not a"	vegetable	-5.9756804	Ġvegetable	['liquid', 'beverage', 'drink', '(', 'fluid']	neg	neg
"Complete the sentence below with only one category word.\nSentence: ""A milk is not a ___."" Completed sentence: A milk is not a"	drink	-2.6792545	Ġdrink	['liquid', 'beverage', 'drink', '(', 'fluid']	neg	aff
"Complete the sentence below with only one category word.\nSentence: ""A water is a ___."" Completed sentence: A water is a"	drink	-6.395545	Ġdrink	['liquid', 'substance', 'fluid', 'H', '(']	aff	aff
"Complete the sentence below with only one category word.\nSentence: ""A water is a ___."" Completed sentence: A water is a"	gas	-7.910124	Ġgas	['liquid', 'substance', 'fluid', 'H', '(']	aff	neg
"Complete the sentence below with only one category word.\nSentence: ""A water is not a ___."" Completed sentence: A water is not a"	gas	-5.0312176	Ġgas	['liquid', '(', 'solid', 'substance', '___']	neg	neg
"Complete the sentence below with only one category word.\nSentence: ""A water is not a ___."" Completed sentence: A water is not a"	drink	-4.501972	Ġdrink	['liquid', '(', 'solid', 'substance', '___']	neg	aff
"Complete the sentence below with only one category word.\nSentence: ""A pearl is a ___."" Completed sentence: A pearl is a"	jewel	-6.2034664	Ġjewel	['gem', '\\', 'natural', 'biological', '(n']	aff	aff
"Complete the sentence below with only one category word.\nSentence: ""A pearl is a ___."" Completed sentence: A pearl is a"	tree	-11.306519	Ġtree	['gem', '\\', 'natural', 'biological', '(n']	aff	neg
"Complete the sentence below with only one category word.\nSentence: ""A pearl is not a ___."" Completed sentence: A pearl is not a"	tree	-7.7171717	Ġtree	['gem', '\\', '___', 'shell', 'rock']	neg	neg
"Complete the sentence below with only one category word.\nSentence: ""A pearl is not a ___."" Completed sentence: A pearl is not a"	jewel	-6.464328	Ġjewel	['gem', '\\', '___', 'shell', 'rock']	neg	aff
"Complete the sentence below with only one category word.\nSentence: ""A ficus is a ___."" Completed sentence: A ficus is a"	tree	-1.2951355	Ġtree	['plant', 'tree', '___', '(', '**']	aff	aff
"Complete the sentence below with only one category word.\nSentence: ""A ficus is a ___."" Completed sentence: A ficus is a"	flower	-5.8268595	Ġflower	['plant', 'tree', '___', '(', '**']	aff	neg
"Complete the sentence below with only one category word.\nSentence: ""A ficus is not a ___."" Completed sentence: A ficus is not a"	flower	-4.8148556	Ġflower	['tree', 'plant', '___', 'fruit', '(']	neg	neg
"Complete the sentence below with only one category word.\nSentence: ""A ficus is not a ___."" Completed sentence: A ficus is not a"	tree	-0.88711166	Ġtree	['tree', 'plant', '___', 'fruit', '(']	neg	aff
"Complete the sentence below with only one category word.\nSentence: ""A crane is a ___."" Completed sentence: A crane is a"	bird	-9.026784	Ġbird	['machine', 'mechanical', 'tool', '\\', 'construction']	aff	aff
"Complete the sentence below with only one category word.\nSentence: ""A crane is a ___."" Completed sentence: A crane is a"	flower	-14.604774	Ġflower	['machine', 'mechanical', 'tool', '\\', 'construction']	aff	neg
"Complete the sentence below with only one category word.\nSentence: ""A crane is not a ___."" Completed sentence: A crane is not a"	flower	-9.763428	Ġflower	['tool', 'machine', 'bird', 'vehicle', '\\']	neg	neg
"Complete the sentence below with only one category word.\nSentence: ""A crane is not a ___."" Completed sentence: A crane is not a"	bird	-2.3446007	Ġbird	['tool', 'machine', 'bird', 'vehicle', '\\']	neg	aff
"Complete the sentence below with only one category word.\nSentence: ""A jaguar is a ___."" Completed sentence: A jaguar is a"	cat	-4.0175266	Ġcat	['mamm', 'M', 'large', '(', '**']	aff	aff
"Complete the sentence below with only one category word.\nSentence: ""A jaguar is a ___."" Completed sentence: A jaguar is a"	reptile	-6.4438477	Ġrept	['mamm', 'M', 'large', '(', '**']	aff	neg
"Complete the sentence below with only one category word.\nSentence: ""A jaguar is not a ___."" Completed sentence: A jaguar is not a"	reptile	-3.5757618	Ġrept	['mamm', '___', '(', 'domestic', 'fish']	neg	neg
"Complete the sentence below with only one category word.\nSentence: ""A jaguar is not a ___."" Completed sentence: A jaguar is not a"	cat	-3.629282	Ġcat	['mamm', '___', '(', 'domestic', 'fish']	neg	aff
"Complete the sentence below with only one category word.\nSentence: ""A sneaker is a ___."" Completed sentence: A sneaker is a"	shoe	-0.8791599	Ġshoe	['shoe', 'footwear', 'type', 'sport', 'sports']	aff	aff
"Complete the sentence below with only one category word.\nSentence: ""A sneaker is a ___."" Completed sentence: A sneaker is a"	mineral	-12.448956	Ġmineral	['shoe', 'footwear', 'type', 'sport', 'sports']	aff	neg
"Complete the sentence below with only one category word.\nSentence: ""A sneaker is not a ___."" Completed sentence: A sneaker is not a"	mineral	-9.765679	Ġmineral	['shoe', 'tool', '(', '___', 'pair']	neg	neg
"Complete the sentence below with only one category word.\nSentence: ""A sneaker is not a ___."" Completed sentence: A sneaker is not a"	shoe	-0.9053974	Ġshoe	['shoe', 'tool', '(', '___', 'pair']	neg	aff
"Complete the sentence below with only one category word.\nSentence: ""A volleyball is a ___."" Completed sentence: A volleyball is a"	ball	-2.0223007	Ġball	['sport', 'sports', 'ball', 'SPORT', '**']	aff	aff
"Complete the sentence below with only one category word.\nSentence: ""A volleyball is a ___."" Completed sentence: A volleyball is a"	tool	-7.61397	Ġtool	['sport', 'sports', 'ball', 'SPORT', '**']	aff	neg
"Complete the sentence below with only one category word.\nSentence: ""A volleyball is not a ___."" Completed sentence: A volleyball is not a"	tool	-3.140297	Ġtool	['ball', '(', 'sport', '___', 'fruit']	neg	neg
"Complete the sentence below with only one category word.\nSentence: ""A volleyball is not a ___."" Completed sentence: A volleyball is not a"	ball	-1.7837868	Ġball	['ball', '(', 'sport', '___', 'fruit']	neg	aff
"Complete the sentence below with only one category word.\nSentence: ""A train is a ___."" Completed sentence: A train is a"	machine	-2.355816	Ġmachine	['mode', 'transportation', 'vehicle', 'machine', 'means']	aff	aff
"Complete the sentence below with only one category word.\nSentence: ""A train is a ___."" Completed sentence: A train is a"	weapon	-10.999963	Ġweapon	['mode', 'transportation', 'vehicle', 'machine', 'means']	aff	neg
"Complete the sentence below with only one category word.\nSentence: ""A train is not a ___."" Completed sentence: A train is not a"	weapon	-7.963441	Ġweapon	['vehicle', 'machine', 'mode', '(', '___']	neg	neg
"Complete the sentence below with only one category word.\nSentence: ""A train is not a ___."" Completed sentence: A train is not a"	machine	-1.8883915	Ġmachine	['vehicle', 'machine', 'mode', '(', '___']	neg	aff
"Complete the sentence below with only one category word.\nSentence: ""A college is an ___."" Completed sentence: A college is an"	institution	-0.9799347	Ġinstitution	['educational', 'institution', 'academic', 'organization', 'EDUC']	aff	aff
"Complete the sentence below with only one category word.\nSentence: ""A college is a ___."" Completed sentence: A college is a"	creature	-11.747486	Ġcreature	['place', 'building', 'school', '(', 'educational']	aff	neg
"Complete the sentence below with only one category word.\nSentence: ""A college is not a ___."" Completed sentence: A college is not a"	creature	-8.014689	Ġcreature	"['building', '""', '(', 'place', 'business']"	neg	neg
"Complete the sentence below with only one category word.\nSentence: ""A college is not an ___."" Completed sentence: A college is not an"	institution	-0.7179699	Ġinstitution	"['institution', 'educational', '""', 'organization', '(']"	neg	aff
"Complete the sentence below with only one category word.\nSentence: ""A child is a ___."" Completed sentence: A child is a"	person	-2.4738522	Ġperson	['human', 'baby', 'person', 'living', '\\']	aff	aff
"Complete the sentence below with only one category word.\nSentence: ""A child is an ___."" Completed sentence: A child is an"	adult	-4.566025	Ġadult	['infant', 'animal', 'individual', 'organism', '\\']	aff	neg
"Complete the sentence below with only one category word.\nSentence: ""A child is not an ___."" Completed sentence: A child is not an"	adult	-1.8752689	Ġadult	['animal', 'adult', 'infant', 'organism', '(']	neg	neg
"Complete the sentence below with only one category word.\nSentence: ""A child is not a ___."" Completed sentence: A child is not a"	person	-3.0006294	Ġperson	['human', 'baby', 'living', '___', '(']	neg	aff
"Complete the sentence below with only one category word.\nSentence: ""A spy is a ___."" Completed sentence: A spy is a"	person	-1.7568626	Ġperson	['person', '**', 'secret', '\\', '__']	aff	aff
"Complete the sentence below with only one category word.\nSentence: ""A spy is a ___."" Completed sentence: A spy is a"	thing	-10.023134	Ġthing	['person', '**', 'secret', '\\', '__']	aff	neg
"Complete the sentence below with only one category word.\nSentence: ""A spy is not a ___."" Completed sentence: A spy is not a"	thing	-8.614029	Ġthing	"['(', '__', '""', 'soldier', '**']"	neg	neg
"Complete the sentence below with only one category word.\nSentence: ""A spy is not a ___."" Completed sentence: A spy is not a"	person	-3.8452473	Ġperson	"['(', '__', '""', 'soldier', '**']"	neg	aff
"Complete the sentence below with only one category word.\nSentence: ""A hunter is a ___."" Completed sentence: A hunter is a"	person	-2.750763	Ġperson	['\\', 'predator', '__', 'person', '(']	aff	aff
"Complete the sentence below with only one category word.\nSentence: ""A hunter is an ___."" Completed sentence: A hunter is an"	animal	-0.48552132	Ġanimal	"['animal', '**', '\\', '""', 'occupational']"	aff	neg
"Complete the sentence below with only one category word.\nSentence: ""A hunter is not an ___."" Completed sentence: A hunter is not an"	animal	-0.40720177	Ġanimal	"['animal', '""', '(', '\\', '**']"	neg	neg
"Complete the sentence below with only one category word.\nSentence: ""A hunter is not a ___."" Completed sentence: A hunter is not a"	person	-5.0289354	Ġperson	"['\\', 'predator', '(', 'fish', '""']"	neg	aff
"Complete the sentence below with only one category word.\nSentence: ""A musician is a ___."" Completed sentence: A musician is a"	person	-1.5227203	Ġperson	['person', 'professional', '\\', 'profession', '**']	aff	aff
"Complete the sentence below with only one category word.\nSentence: ""A musician is an ___."" Completed sentence: A musician is an"	animal	-6.976824	Ġanimal	['artist', '**', 'art', 'occupational', 'individual']	aff	neg
"Complete the sentence below with only one category word.\nSentence: ""A musician is not an ___."" Completed sentence: A musician is not an"	animal	-4.4130173	Ġanimal	"['instrument', 'artist', '""', '**', '(']"	neg	neg
"Complete the sentence below with only one category word.\nSentence: ""A musician is not a ___."" Completed sentence: A musician is not a"	person	-4.272173	Ġperson	"['(', 'professional', 'musician', '""', '___']"	neg	aff
"Complete the sentence below with only one category word.\nSentence: ""A machine is a ___."" Completed sentence: A machine is a"	thing	-7.054715	Ġthing	['tool', '\\', 'machine', 'mechanical', 'TOOL']	aff	aff
"Complete the sentence below with only one category word.\nSentence: ""A machine is a ___."" Completed sentence: A machine is a"	person	-8.466608	Ġperson	['tool', '\\', 'machine', 'mechanical', 'TOOL']	aff	neg
"Complete the sentence below with only one category word.\nSentence: ""A machine is not a ___."" Completed sentence: A machine is not a"	person	-4.9791565	Ġperson	['living', 'tool', '___', '\\', '(']	neg	neg
"Complete the sentence below with only one category word.\nSentence: ""A machine is not a ___."" Completed sentence: A machine is not a"	thing	-5.5524654	Ġthing	['living', 'tool', '___', '\\', '(']	neg	aff
"Complete the sentence below with only one category word.\nSentence: ""A scientist is a ___."" Completed sentence: A scientist is a"	person	-1.730505	Ġperson	['professional', 'person', '\\', '__', 'career']	aff	aff
"Complete the sentence below with only one category word.\nSentence: ""A scientist is a ___."" Completed sentence: A scientist is a"	computer	-9.057103	Ġcomputer	['professional', 'person', '\\', '__', 'career']	aff	neg
"Complete the sentence below with only one category word.\nSentence: ""A scientist is not a ___."" Completed sentence: A scientist is not a"	computer	-6.523691	Ġcomputer	"['""', 'professional', '(', '\\', '___']"	neg	neg
"Complete the sentence below with only one category word.\nSentence: ""A scientist is not a ___."" Completed sentence: A scientist is not a"	person	-3.6087437	Ġperson	"['""', 'professional', '(', '\\', '___']"	neg	aff
"Complete the sentence below with only one category word.\nSentence: ""A professor is a ___."" Completed sentence: A professor is a"	person	-2.2299576	Ġperson	['professional', 'person', 'teacher', 'human', 'career']	aff	aff
"Complete the sentence below with only one category word.\nSentence: ""A professor is a ___."" Completed sentence: A professor is a"	building	-12.527228	Ġbuilding	['professional', 'person', 'teacher', 'human', 'career']	aff	neg
"Complete the sentence below with only one category word.\nSentence: ""A professor is not a ___."" Completed sentence: A professor is not a"	building	-9.511189	Ġbuilding	"['teacher', 'student', '""', 'professional', '(']"	neg	neg
"Complete the sentence below with only one category word.\nSentence: ""A professor is not a ___."" Completed sentence: A professor is not a"	person	-3.5919647	Ġperson	"['teacher', 'student', '""', 'professional', '(']"	neg	aff
"Complete the sentence below with only one category word.\nSentence: ""A kitten is an ___."" Completed sentence: A kitten is an"	animal	-0.35583687	Ġanimal	['animal', 'adorable', '**', '\\', '(']	aff	aff
"Complete the sentence below with only one category word.\nSentence: ""A kitten is a ___."" Completed sentence: A kitten is a"	plant	-9.831375	Ġplant	['mamm', 'baby', 'small', '___', 'domestic']	aff	neg
"Complete the sentence below with only one category word.\nSentence: ""A kitten is not a ___."" Completed sentence: A kitten is not a"	plant	-6.731141	Ġplant	['mamm', 'pet', 'domestic', '(', '___']	neg	neg
"Complete the sentence below with only one category word.\nSentence: ""A kitten is not an ___."" Completed sentence: A kitten is not an"	animal	-0.28487015	Ġanimal	"['animal', '(', '\\', '**', '""']"	neg	aff
"Complete the sentence below with only one category word.\nSentence: ""A piano is an ___."" Completed sentence: A piano is an"	instrument	-0.269701	Ġinstrument	['instrument', 'musical', '**', 'acoustic', 'Instrument']	aff	aff
"Complete the sentence below with only one category word.\nSentence: ""A piano is a ___."" Completed sentence: A piano is a"	drink	-17.100586	Ġdrink	['musical', '**', '\\', '(', 'string']	aff	neg
"Complete the sentence below with only one category word.\nSentence: ""A piano is not a ___."" Completed sentence: A piano is not a"	drink	-9.695916	Ġdrink	['musical', 'tool', '(', '\\', '___']	neg	neg
"Complete the sentence below with only one category word.\nSentence: ""A piano is not an ___."" Completed sentence: A piano is not an"	instrument	-0.2638569	Ġinstrument	['instrument', 'acoustic', '(', 'orchestra', '\\']	neg	aff
"Complete the sentence below with only one category word.\nSentence: ""A ship is a ___."" Completed sentence: A ship is a"	vessel	-1.5285397	Ġvessel	['vessel', 'vehicle', 'n', 'man', '\\']	aff	aff
"Complete the sentence below with only one category word.\nSentence: ""A ship is a ___."" Completed sentence: A ship is a"	mineral	-12.049039	Ġmineral	['vessel', 'vehicle', 'n', 'man', '\\']	aff	neg
"Complete the sentence below with only one category word.\nSentence: ""A ship is not a ___."" Completed sentence: A ship is not a"	mineral	-9.48547	Ġmineral	['vehicle', 'machine', '(', 'land', '___']	neg	neg
"Complete the sentence below with only one category word.\nSentence: ""A ship is not a ___."" Completed sentence: A ship is not a"	vessel	-3.1385593	Ġvessel	['vehicle', 'machine', '(', 'land', '___']	neg	aff
"Complete the sentence below with only one category word.\nSentence: ""A noun is a ___."" Completed sentence: A noun is a"	word	-2.8724747	Ġword	['person', '\\', 'name', 'word', '(']	aff	aff
"Complete the sentence below with only one category word.\nSentence: ""A noun is a ___."" Completed sentence: A noun is a"	verb	-9.134841	Ġverb	['person', '\\', 'name', 'word', '(']	aff	neg
"Complete the sentence below with only one category word.\nSentence: ""A noun is not a ___."" Completed sentence: A noun is not a"	verb	-1.4600105	Ġverb	['verb', 'pron', '___', '(', 'proper']	neg	neg
"Complete the sentence below with only one category word.\nSentence: ""A noun is not a ___."" Completed sentence: A noun is not a"	word	-5.011654	Ġword	['verb', 'pron', '___', '(', 'proper']	neg	aff
"Complete the sentence below with only one category word.\nSentence: ""An adjective is a ___."" Completed sentence: An adjective is a"	word	-1.7873249	Ġword	['descriptive', 'word', 'describing', 'description', '\\']	aff	aff
"Complete the sentence below with only one category word.\nSentence: ""An adjective is a ___."" Completed sentence: An adjective is a"	verb	-9.163186	Ġverb	['descriptive', 'word', 'describing', 'description', '\\']	aff	neg
"Complete the sentence below with only one category word.\nSentence: ""An adjective is not a ___."" Completed sentence: An adjective is not a"	verb	-2.9500198	Ġverb	['noun', 'verb', '\\', '(', '___']	neg	neg
"Complete the sentence below with only one category word.\nSentence: ""An adjective is not a ___."" Completed sentence: An adjective is not a"	word	-3.9244537	Ġword	['noun', 'verb', '\\', '(', '___']	neg	aff
"Complete the sentence below with only one category word.\nSentence: ""A pronoun is a ___."" Completed sentence: A pronoun is a"	word	-1.1418362	Ġword	['word', 'substitute', 'noun', 'pron', '\\']	aff	aff
"Complete the sentence below with only one category word.\nSentence: ""A pronoun is a ___."" Completed sentence: A pronoun is a"	verb	-7.1292057	Ġverb	['word', 'substitute', 'noun', 'pron', '\\']	aff	neg
"Complete the sentence below with only one category word.\nSentence: ""A pronoun is not a ___."" Completed sentence: A pronoun is not a"	verb	-3.4261608	Ġverb	['noun', 'word', '___', 'proper', '(']	neg	neg
"Complete the sentence below with only one category word.\nSentence: ""A pronoun is not a ___."" Completed sentence: A pronoun is not a"	word	-2.6712704	Ġword	['noun', 'word', '___', 'proper', '(']	neg	aff
"Complete the sentence below with only one category word.\nSentence: ""A verb is a ___."" Completed sentence: A verb is a"	word	-2.4293365	Ġword	"['action', '\\', 'word', '__', '""']"	aff	aff
"Complete the sentence below with only one category word.\nSentence: ""A verb is a ___."" Completed sentence: A verb is a"	noun	-4.461651	Ġnoun	"['action', '\\', 'word', '__', '""']"	aff	neg
"Complete the sentence below with only one category word.\nSentence: ""A verb is not a ___."" Completed sentence: A verb is not a"	noun	-0.8070011	Ġnoun	"['noun', '___', '__', '(', '""']"	neg	neg
"Complete the sentence below with only one category word.\nSentence: ""A verb is not a ___."" Completed sentence: A verb is not a"	word	-4.3468	Ġword	"['noun', '___', '__', '(', '""']"	neg	aff
"Complete the sentence below with only one category word.\nSentence: ""An adverb is a ___."" Completed sentence: An adverb is a"	word	-1.2782726	Ġword	['word', 'descriptive', 'modifying', 'modifier', '**']	aff	aff
"Complete the sentence below with only one category word.\nSentence: ""An adverb is a ___."" Completed sentence: An adverb is a"	noun	-6.858817	Ġnoun	['word', 'descriptive', 'modifying', 'modifier', '**']	aff	neg
"Complete the sentence below with only one category word.\nSentence: ""An adverb is not a ___."" Completed sentence: An adverb is not a"	noun	-1.7459412	Ġnoun	['verb', 'noun', '___', 'pre', '(']	neg	neg
"Complete the sentence below with only one category word.\nSentence: ""An adverb is not a ___."" Completed sentence: An adverb is not a"	word	-3.6793804	Ġword	['verb', 'noun', '___', 'pre', '(']	neg	aff
"Complete the sentence below with only one category word.\nSentence: ""A screwdriver is a ___."" Completed sentence: A screwdriver is a"	tool	-0.2922516	Ġtool	['tool', 'TOOL', '**', 'hand', '\\']	aff	aff
"Complete the sentence below with only one category word.\nSentence: ""A screwdriver is a ___."" Completed sentence: A screwdriver is a"	vegetable	-14.197338	Ġvegetable	['tool', 'TOOL', '**', 'hand', '\\']	aff	neg
"Complete the sentence below with only one category word.\nSentence: ""A screwdriver is not a ___."" Completed sentence: A screwdriver is not a"	vegetable	-8.092322	Ġvegetable	['tool', 'TOOL', '___', '(', '\\']	neg	neg
"Complete the sentence below with only one category word.\nSentence: ""A screwdriver is not a ___."" Completed sentence: A screwdriver is not a"	tool	-0.48947144	Ġtool	['tool', 'TOOL', '___', '(', '\\']	neg	aff
"Complete the sentence below with only one category word.\nSentence: ""A shack is a ___."" Completed sentence: A shack is a"	building	-2.6127033	Ġbuilding	['structure', 'temporary', 'building', 'dwelling', 'shelter']	aff	aff
"Complete the sentence below with only one category word.\nSentence: ""A shack is a ___."" Completed sentence: A shack is a"	bird	-12.383742	Ġbird	['structure', 'temporary', 'building', 'dwelling', 'shelter']	aff	neg
"Complete the sentence below with only one category word.\nSentence: ""A shack is not a ___."" Completed sentence: A shack is not a"	bird	-9.276285	Ġbird	['building', 'house', 'home', 'dwelling', 'structure']	neg	neg
"Complete the sentence below with only one category word.\nSentence: ""A shack is not a ___."" Completed sentence: A shack is not a"	building	-1.5450172	Ġbuilding	['building', 'house', 'home', 'dwelling', 'structure']	neg	aff
"Complete the sentence below with only one category word.\nSentence: ""A toaster is an ___."" Completed sentence: A toaster is an"	appliance	-0.5457325	Ġappliance	['appliance', 'electrical', 'electric', 'electronic', 'ELECT']	aff	aff
"Complete the sentence below with only one category word.\nSentence: ""A toaster is a ___."" Completed sentence: A toaster is a"	toy	-9.404915	Ġtoy	['kitchen', 'tool', 'household', 'cooking', 'machine']	aff	neg
"Complete the sentence below with only one category word.\nSentence: ""A toaster is not a ___."" Completed sentence: A toaster is not a"	toy	-5.7782536	Ġtoy	['tool', 'machine', '\\', '(', '___']	neg	neg
"Complete the sentence below with only one category word.\nSentence: ""A toaster is not an ___."" Completed sentence: A toaster is not an"	appliance	-0.37070084	Ġappliance	['appliance', 'electrical', 'electric', 'electronic', 'oven']	neg	aff
"Complete the sentence below with only one category word.\nSentence: ""A microwave is an ___."" Completed sentence: A microwave is an"	appliance	-0.3716526	Ġappliance	['appliance', 'electrical', 'electronic', 'electric', 'ELECT']	aff	aff
"Complete the sentence below with only one category word.\nSentence: ""A microwave is a ___."" Completed sentence: A microwave is a"	plant	-12.842882	Ġplant	['kitchen', 'appliance', 'cooking', 'household', 'tool']	aff	neg
"Complete the sentence below with only one category word.\nSentence: ""A microwave is not a ___."" Completed sentence: A microwave is not a"	plant	-8.640368	Ġplant	['tool', '(', '\\', 'machine', 'kitchen']	neg	neg
"Complete the sentence below with only one category word.\nSentence: ""A microwave is not an ___."" Completed sentence: A microwave is not an"	appliance	-0.36701775	Ġappliance	['appliance', 'electrical', 'oven', 'electronic', 'electric']	neg	aff
"Complete the sentence below with only one category word.\nSentence: ""A coffeemaker is an ___."" Completed sentence: A coffeemaker is an"	appliance	-0.67549324	Ġappliance	['appliance', 'electrical', 'electronic', 'electric', 'ELECT']	aff	aff
"Complete the sentence below with only one category word.\nSentence: ""A coffeemaker is a ___."" Completed sentence: A coffeemaker is a"	food	-8.213451	Ġfood	['machine', 'kitchen', 'tool', 'household', '**']	aff	neg
"Complete the sentence below with only one category word.\nSentence: ""A coffeemaker is not a ___."" Completed sentence: A coffeemaker is not a"	food	-6.3246536	Ġfood	['tool', 'machine', '(', 'kitchen', 'utens']	neg	neg
"Complete the sentence below with only one category word.\nSentence: ""A coffeemaker is not an ___."" Completed sentence: A coffeemaker is not an"	appliance	-0.41236687	Ġappliance	"['appliance', 'electrical', 'electronic', 'electric', '""']"	neg	aff
"Complete the sentence below with only one category word.\nSentence: ""A sofa is a ___."" Completed sentence: A sofa is a"	furniture	-0.7469883	Ġfurniture	['furniture', 'piece', '\\', 'household', '(']	aff	aff
"Complete the sentence below with only one category word.\nSentence: ""A sofa is a ___."" Completed sentence: A sofa is a"	toy	-10.676649	Ġtoy	['furniture', 'piece', '\\', 'household', '(']	aff	neg
"Complete the sentence below with only one category word.\nSentence: ""A sofa is not a ___."" Completed sentence: A sofa is not a"	toy	-4.7294693	Ġtoy	['living', 'furniture', '\\', '(', '___']	neg	neg
"Complete the sentence below with only one category word.\nSentence: ""A sofa is not a ___."" Completed sentence: A sofa is not a"	furniture	-2.3519497	Ġfurniture	['living', 'furniture', '\\', '(', '___']	neg	aff
"Complete the sentence below with only one category word.\nSentence: ""A lantern is a ___."" Completed sentence: A lantern is a"	light	-1.83325	Ġlight	['light', 'tool', '**', 'source', '(']	aff	aff
"Complete the sentence below with only one category word.\nSentence: ""A lantern is a ___."" Completed sentence: A lantern is a"	food	-9.587694	Ġfood	['light', 'tool', '**', 'source', '(']	aff	neg
"Complete the sentence below with only one category word.\nSentence: ""A lantern is not a ___."" Completed sentence: A lantern is not a"	food	-6.856451	Ġfood	['tool', 'lamp', 'light', '(', '___']	neg	neg
"Complete the sentence below with only one category word.\nSentence: ""A lantern is not a ___."" Completed sentence: A lantern is not a"	light	-2.6497326	Ġlight	['tool', 'lamp', 'light', '(', '___']	neg	aff
"Complete the sentence below with only one category word.\nSentence: ""A hospital is a ___."" Completed sentence: A hospital is a"	building	-1.5213623	Ġbuilding	['place', 'building', '(', '\\', 'facility']	aff	aff
"Complete the sentence below with only one category word.\nSentence: ""A hospital is a ___."" Completed sentence: A hospital is a"	river	-17.706997	Ġriver	['place', 'building', '(', '\\', 'facility']	aff	neg
"Complete the sentence below with only one category word.\nSentence: ""A hospital is not a ___."" Completed sentence: A hospital is not a"	river	-13.651903	Ġriver	"['place', 'building', '(', 'business', '""']"	neg	neg
"Complete the sentence below with only one category word.\nSentence: ""A hospital is not a ___."" Completed sentence: A hospital is not a"	building	-2.0061722	Ġbuilding	"['place', 'building', '(', 'business', '""']"	neg	aff
"Complete the sentence below with only one category word.\nSentence: ""A lock is a ___."" Completed sentence: A lock is a"	device	-3.0646553	Ġdevice	['tool', 'mechanical', '**', 'machine', 'device']	aff	aff
"Complete the sentence below with only one category word.\nSentence: ""A lock is a ___."" Completed sentence: A lock is a"	garment	-14.588688	Ġgarment	['tool', 'mechanical', '**', 'machine', 'device']	aff	neg
"Complete the sentence below with only one category word.\nSentence: ""A lock is not a ___."" Completed sentence: A lock is not a"	garment	-12.403943	Ġgarment	['tool', 'machine', '(', 'door', '\\']	neg	neg
"Complete the sentence below with only one category word.\nSentence: ""A lock is not a ___."" Completed sentence: A lock is not a"	device	-4.1281433	Ġdevice	['tool', 'machine', '(', 'door', '\\']	neg	aff
"Complete the sentence below with only one category word.\nSentence: ""A suit is a ___."" Completed sentence: A suit is a"	garment	-2.6418476	Ġgarment	['piece', 'clothing', '\\', 'garment', 'type']	aff	aff
"Complete the sentence below with only one category word.\nSentence: ""A suit is a ___."" Completed sentence: A suit is a"	tool	-6.8032866	Ġtool	['piece', 'clothing', '\\', 'garment', 'type']	aff	neg
"Complete the sentence below with only one category word.\nSentence: ""A suit is not a ___."" Completed sentence: A suit is not a"	tool	-4.33218	Ġtool	['\\', 'clothing', '(', 'piece', 'garment']	neg	neg
"Complete the sentence below with only one category word.\nSentence: ""A suit is not a ___."" Completed sentence: A suit is not a"	garment	-2.8750858	Ġgarment	['\\', 'clothing', '(', 'piece', 'garment']	neg	aff
"Complete the sentence below with only one category word.\nSentence: ""A clamp is a ___."" Completed sentence: A clamp is a"	tool	-0.6029358	Ġtool	['tool', 'mechanical', 'TOOL', 'machine', 'hand']	aff	aff
"Complete the sentence below with only one category word.\nSentence: ""A clamp is a ___."" Completed sentence: A clamp is a"	mineral	-12.929416	Ġmineral	['tool', 'mechanical', 'TOOL', 'machine', 'hand']	aff	neg
"Complete the sentence below with only one category word.\nSentence: ""A clamp is not a ___."" Completed sentence: A clamp is not a"	mineral	-10.720133	Ġmineral	['tool', 'machine', 'TOOL', '___', '__']	neg	neg
"Complete the sentence below with only one category word.\nSentence: ""A clamp is not a ___."" Completed sentence: A clamp is not a"	tool	-0.52666855	Ġtool	['tool', 'machine', 'TOOL', '___', '__']	neg	aff
"Complete the sentence below with only one category word.\nSentence: ""A ruby is a ___."" Completed sentence: A ruby is a"	mineral	-3.1219196	Ġmineral	['gem', 'precious', 'red', '\\', 'mineral']	aff	aff
"Complete the sentence below with only one category word.\nSentence: ""A ruby is a ___."" Completed sentence: A ruby is a"	toy	-12.477911	Ġtoy	['gem', 'precious', 'red', '\\', 'mineral']	aff	neg
"Complete the sentence below with only one category word.\nSentence: ""A ruby is not a ___."" Completed sentence: A ruby is not a"	toy	-9.323739	Ġtoy	['gem', 'mineral', '___', '____', '______']	neg	neg
"Complete the sentence below with only one category word.\nSentence: ""A ruby is not a ___."" Completed sentence: A ruby is not a"	mineral	-2.3156395	Ġmineral	['gem', 'mineral', '___', '____', '______']	neg	aff
"Complete the sentence below with only one category word.\nSentence: ""A doll is a ___."" Completed sentence: A doll is a"	toy	-0.24477196	Ġtoy	['toy', 'play', '**', '\\', '(']	aff	aff
"Complete the sentence below with only one category word.\nSentence: ""A doll is a ___."" Completed sentence: A doll is a"	creature	-9.635035	Ġcreature	['toy', 'play', '**', '\\', '(']	aff	neg
"Complete the sentence below with only one category word.\nSentence: ""A doll is not a ___."" Completed sentence: A doll is not a"	creature	-6.309972	Ġcreature	['toy', 'living', 'human', '___', '(']	neg	neg
"Complete the sentence below with only one category word.\nSentence: ""A doll is not a ___."" Completed sentence: A doll is not a"	toy	-0.9492531	Ġtoy	['toy', 'living', 'human', '___', '(']	neg	aff
"Complete the sentence below with only one category word.\nSentence: ""A dog is a ___."" Completed sentence: A dog is a"	creature	-6.0892124	Ġcreature	['mamm', 'domestic', 'four', 'pet', '___']	aff	aff
"Complete the sentence below with only one category word.\nSentence: ""A dog is a ___."" Completed sentence: A dog is a"	building	-15.877103	Ġbuilding	['mamm', 'domestic', 'four', 'pet', '___']	aff	neg
"Complete the sentence below with only one category word.\nSentence: ""A dog is not a ___."" Completed sentence: A dog is not a"	building	-12.240557	Ġbuilding	['mamm', '___', 'pet', '(', 'domestic']	neg	neg
"Complete the sentence below with only one category word.\nSentence: ""A dog is not a ___."" Completed sentence: A dog is not a"	creature	-5.248255	Ġcreature	['mamm', '___', 'pet', '(', 'domestic']	neg	aff
"Complete the sentence below with only one category word.\nSentence: ""A sandwich is a ___."" Completed sentence: A sandwich is a"	food	-0.2931652	Ġfood	"['food', '\\', 'meal', 'type', '""']"	aff	aff
"Complete the sentence below with only one category word.\nSentence: ""A sandwich is a ___."" Completed sentence: A sandwich is a"	tool	-10.62365	Ġtool	"['food', '\\', 'meal', 'type', '""']"	aff	neg
"Complete the sentence below with only one category word.\nSentence: ""A sandwich is not a ___."" Completed sentence: A sandwich is not a"	tool	-7.399267	Ġtool	['food', 'meal', '___', 'fruit', 'dessert']	neg	neg
"Complete the sentence below with only one category word.\nSentence: ""A sandwich is not a ___."" Completed sentence: A sandwich is not a"	food	-1.7152462	Ġfood	['food', 'meal', '___', 'fruit', 'dessert']	neg	aff
"Complete the sentence below with only one category word.\nSentence: ""A cake is a ___."" Completed sentence: A cake is a"	dessert	-1.1895027	Ġdessert	['dessert', 'food', 'sweet', 'baked', 'cake']	aff	aff
"Complete the sentence below with only one category word.\nSentence: ""A cake is a ___."" Completed sentence: A cake is a"	toy	-9.726009	Ġtoy	['dessert', 'food', 'sweet', 'baked', 'cake']	aff	neg
"Complete the sentence below with only one category word.\nSentence: ""A cake is not a ___."" Completed sentence: A cake is not a"	toy	-5.8529778	Ġtoy	['dessert', 'food', 'fruit', '(', 'vegetable']	neg	neg
"Complete the sentence below with only one category word.\nSentence: ""A cake is not a ___."" Completed sentence: A cake is not a"	dessert	-1.3921566	Ġdessert	['dessert', 'food', 'fruit', '(', 'vegetable']	neg	aff
"Complete the sentence below with only one category word.\nSentence: ""A raccoon is an ___."" Completed sentence: A raccoon is an"	animal	-0.39513588	Ġanimal	['animal', 'omn', '**', 'M', '\\']	aff	aff
"Complete the sentence below with only one category word.\nSentence: ""A raccoon is a ___."" Completed sentence: A raccoon is a"	bird	-7.9026976	Ġbird	['mamm', 'M', '**', '\\', 'carniv']	aff	neg
"Complete the sentence below with only one category word.\nSentence: ""A raccoon is not a ___."" Completed sentence: A raccoon is not a"	bird	-3.9254475	Ġbird	['mamm', '___', 'domestic', '(', '\\']	neg	neg
"Complete the sentence below with only one category word.\nSentence: ""A raccoon is not an ___."" Completed sentence: A raccoon is not an"	animal	-0.302763	Ġanimal	['animal', 'omn', '\\', '**', '(']	neg	aff
"Complete the sentence below with only one category word.\nSentence: ""A hut is a ___."" Completed sentence: A hut is a"	building	-2.5985947	Ġbuilding	['shelter', 'structure', 'dwelling', 'building', 'temporary']	aff	aff
"Complete the sentence below with only one category word.\nSentence: ""A hut is an ___."" Completed sentence: A hut is an"	insect	-5.5620356	ĠIn	['\\', 'ab', '**', 'architectural', '(']	aff	neg
"Complete the sentence below with only one category word.\nSentence: ""A hut is not an ___."" Completed sentence: A hut is not an"	insect	-6.8387527	ĠIn	"['animal', 'apartment', '""', '(', '\\']"	neg	neg
"Complete the sentence below with only one category word.\nSentence: ""A hut is not a ___."" Completed sentence: A hut is not a"	building	-1.4256554	Ġbuilding	['building', 'house', 'home', 'shelter', 'dwelling']	neg	aff
"Complete the sentence below with only one category word.\nSentence: ""A penguin is an ___."" Completed sentence: A penguin is an"	animal	-0.69797134	Ġanimal	['animal', '___', 'A', 'aquatic', '**']	aff	aff
"Complete the sentence below with only one category word.\nSentence: ""A penguin is a ___."" Completed sentence: A penguin is a"	plant	-10.0944605	Ġplant	['bird', '___', '__', '(', 'mamm']	aff	neg
"Complete the sentence below with only one category word.\nSentence: ""A penguin is not a ___."" Completed sentence: A penguin is not a"	plant	-7.373148	Ġplant	['bird', 'mamm', '___', 'fish', '(']	neg	neg
"Complete the sentence below with only one category word.\nSentence: ""A penguin is not an ___."" Completed sentence: A penguin is not an"	animal	-0.7883892	Ġanimal	['animal', '___', '(', 'aquatic', 'A']	neg	aff
"Complete the sentence below with only one category word.\nSentence: ""A book is a ___."" Completed sentence: A book is a"	media	-7.9328556	Ġmedia	['\\', '**', '(', 'medium', 'literary']	aff	aff
"Complete the sentence below with only one category word.\nSentence: ""A book is an ___."" Completed sentence: A book is an"	instrument	-6.5856113	Ġinstrument	['object', 'informational', 'item', '**', '\\']	aff	neg
"Complete the sentence below with only one category word.\nSentence: ""A book is not an ___."" Completed sentence: A book is not an"	instrument	-2.8036556	Ġinstrument	['object', 'instrument', 'item', 'artifact', '(']	neg	neg
"Complete the sentence below with only one category word.\nSentence: ""A book is not a ___."" Completed sentence: A book is not a"	media	-7.4083824	Ġmedia	['tool', '___', '(', 'toy', '\\']	neg	aff
"Complete the sentence below with only one category word.\nSentence: ""A bridge is a ___."" Completed sentence: A bridge is a"	structure	-0.9098377	Ġstructure	['structure', 'man', 'bridge', 'structural', 'construction']	aff	aff
"Complete the sentence below with only one category word.\nSentence: ""A bridge is a ___."" Completed sentence: A bridge is a"	toy	-12.485487	Ġtoy	['structure', 'man', 'bridge', 'structural', 'construction']	aff	neg
"Complete the sentence below with only one category word.\nSentence: ""A bridge is not a ___."" Completed sentence: A bridge is not a"	toy	-7.9061527	Ġtoy	['structure', '(', '___', 'bridge', 'building']	neg	neg
"Complete the sentence below with only one category word.\nSentence: ""A bridge is not a ___."" Completed sentence: A bridge is not a"	structure	-1.3667393	Ġstructure	['structure', '(', '___', 'bridge', 'building']	neg	aff
"Complete the sentence below with only one category word.\nSentence: ""A badger is an ___."" Completed sentence: A badger is an"	animal	-0.33174896	Ġanimal	['animal', 'M', '**', 'herb', 'omn']	aff	aff
"Complete the sentence below with only one category word.\nSentence: ""A badger is a ___."" Completed sentence: A badger is a"	plant	-8.609667	Ġplant	['mamm', 'M', '**', 'carniv', '(']	aff	neg
"Complete the sentence below with only one category word.\nSentence: ""A badger is not a ___."" Completed sentence: A badger is not a"	plant	-6.312254	Ġplant	['mamm', '___', '(', 'bird', '______']	neg	neg
"Complete the sentence below with only one category word.\nSentence: ""A badger is not an ___."" Completed sentence: A badger is not an"	animal	-0.3631897	Ġanimal	['animal', 'herb', 'omn', 'insect', '**']	neg	aff
"Complete the sentence below with only one category word.\nSentence: ""A pulley is a ___."" Completed sentence: A pulley is a"	machine	-1.5046425	Ġmachine	['mechanical', 'machine', 'simple', 'tool', 'device']	aff	aff
"Complete the sentence below with only one category word.\nSentence: ""A pulley is a ___."" Completed sentence: A pulley is a"	person	-13.502734	Ġperson	['mechanical', 'machine', 'simple', 'tool', 'device']	aff	neg
"Complete the sentence below with only one category word.\nSentence: ""A pulley is not a ___."" Completed sentence: A pulley is not a"	person	-9.7908125	Ġperson	['machine', 'tool', '___', 'wheel', '(']	neg	neg
"Complete the sentence below with only one category word.\nSentence: ""A pulley is not a ___."" Completed sentence: A pulley is not a"	machine	-1.2931709	Ġmachine	['machine', 'tool', '___', 'wheel', '(']	neg	aff
"Complete the sentence below with only one category word.\nSentence: ""A sapphire is a ___."" Completed sentence: A sapphire is a"	mineral	-2.378374	Ġmineral	['gem', 'precious', 'mineral', '___', '\\']	aff	aff
"Complete the sentence below with only one category word.\nSentence: ""A sapphire is a ___."" Completed sentence: A sapphire is a"	gas	-16.740177	Ġgas	['gem', 'precious', 'mineral', '___', '\\']	aff	neg
"Complete the sentence below with only one category word.\nSentence: ""A sapphire is not a ___."" Completed sentence: A sapphire is not a"	gas	-11.65976	Ġgas	['gem', 'mineral', '___', '____', 'diamond']	neg	neg
"Complete the sentence below with only one category word.\nSentence: ""A sapphire is not a ___."" Completed sentence: A sapphire is not a"	mineral	-1.8696289	Ġmineral	['gem', 'mineral', '___', '____', 'diamond']	neg	aff
"Complete the sentence below with only one category word.\nSentence: ""A possum is an ___."" Completed sentence: A possum is an"	animal	-0.57380295	Ġanimal	['animal', 'M', 'Australian', '**', 'AN']	aff	aff
"Complete the sentence below with only one category word.\nSentence: ""A possum is a ___."" Completed sentence: A possum is a"	plant	-7.935233	Ġplant	['mamm', 'M', '___', 'mars', '**']	aff	neg
"Complete the sentence below with only one category word.\nSentence: ""A possum is not a ___."" Completed sentence: A possum is not a"	plant	-6.459284	Ġplant	['mamm', '___', '(', 'M', '______']	neg	neg
"Complete the sentence below with only one category word.\nSentence: ""A possum is not an ___."" Completed sentence: A possum is not an"	animal	-0.40041733	Ġanimal	"['animal', '___', '""', '**', '(']"	neg	aff
"Complete the sentence below with only one category word.\nSentence: ""A panther is an ___."" Completed sentence: A panther is an"	animal	-0.3745842	Ġanimal	['animal', 'M', '**', '\\', '(']	aff	aff
"Complete the sentence below with only one category word.\nSentence: ""A panther is a ___."" Completed sentence: A panther is a"	toy	-12.195901	Ġtoy	['mamm', 'M', 'carniv', '(', '**']	aff	neg
"Complete the sentence below with only one category word.\nSentence: ""A panther is not a ___."" Completed sentence: A panther is not a"	toy	-9.240187	Ġtoy	['mamm', '(', '___', 'domestic', 'cat']	neg	neg
"Complete the sentence below with only one category word.\nSentence: ""A panther is not an ___."" Completed sentence: A panther is not an"	animal	-0.50803757	Ġanimal	"['animal', '(', '""', '**', '___']"	neg	aff
"Complete the sentence below with only one category word.\nSentence: ""A hamster is an ___."" Completed sentence: A hamster is an"	animal	-0.34376717	Ġanimal	['animal', '**', 'M', '___', '(']	aff	aff
"Complete the sentence below with only one category word.\nSentence: ""A hamster is a ___."" Completed sentence: A hamster is a"	person	-10.649533	Ġperson	['mamm', 'small', '___', 'M', 'pet']	aff	neg
"Complete the sentence below with only one category word.\nSentence: ""A hamster is not a ___."" Completed sentence: A hamster is not a"	person	-8.218031	Ġperson	['mamm', '___', 'verte', '(', 'pet']	neg	neg
"Complete the sentence below with only one category word.\nSentence: ""A hamster is not an ___."" Completed sentence: A hamster is not an"	animal	-0.30521774	Ġanimal	"['animal', '___', '(', '""', '\\']"	neg	aff
"Complete the sentence below with only one category word.\nSentence: ""A tractor is a ___."" Completed sentence: A tractor is a"	vehicle	-2.2054005	Ġvehicle	['machine', 'farm', 'vehicle', 'farming', 'mechanical']	aff	aff
"Complete the sentence below with only one category word.\nSentence: ""A tractor is a ___."" Completed sentence: A tractor is a"	toy	-9.721351	Ġtoy	['machine', 'farm', 'vehicle', 'farming', 'mechanical']	aff	neg
"Complete the sentence below with only one category word.\nSentence: ""A tractor is not a ___."" Completed sentence: A tractor is not a"	toy	-5.5267677	Ġtoy	['vehicle', 'machine', 'tool', '\\', '(']	neg	neg
"Complete the sentence below with only one category word.\nSentence: ""A tractor is not a ___."" Completed sentence: A tractor is not a"	vehicle	-1.2079945	Ġvehicle	['vehicle', 'machine', 'tool', '\\', '(']	neg	aff
"Complete the sentence below with only one category word.\nSentence: ""A basil is a ___."" Completed sentence: A basil is a"	plant	-0.5604305	Ġplant	['plant', 'flower', 'herb', 'flowering', '___']	aff	aff
"Complete the sentence below with only one category word.\nSentence: ""A basil is a ___."" Completed sentence: A basil is a"	tool	-11.263927	Ġtool	['plant', 'flower', 'herb', 'flowering', '___']	aff	neg
"Complete the sentence below with only one category word.\nSentence: ""A basil is not a ___."" Completed sentence: A basil is not a"	tool	-8.905546	Ġtool	['plant', 'flower', 'vegetable', '___', 'tree']	neg	neg
"Complete the sentence below with only one category word.\nSentence: ""A basil is not a ___."" Completed sentence: A basil is not a"	plant	-1.2110119	Ġplant	['plant', 'flower', 'vegetable', '___', 'tree']	neg	aff
"Complete the sentence below with only one category word.\nSentence: ""A play is a ___."" Completed sentence: A play is a"	drama	-2.5171452	Ġdrama	['form', 'performance', 'drama', 'work', 'dramatic']	aff	aff
"Complete the sentence below with only one category word.\nSentence: ""A play is a ___."" Completed sentence: A play is a"	person	-10.206353	Ġperson	['form', 'performance', 'drama', 'work', 'dramatic']	aff	neg
"Complete the sentence below with only one category word.\nSentence: ""A play is not a ___."" Completed sentence: A play is not a"	person	-10.340571	Ġperson	"['(', 'musical', 'movie', 'performance', '""']"	neg	neg
"Complete the sentence below with only one category word.\nSentence: ""A play is not a ___."" Completed sentence: A play is not a"	drama	-3.6484852	Ġdrama	"['(', 'musical', 'movie', 'performance', '""']"	neg	aff
"Complete the sentence below with only one category word.\nSentence: ""A raspberry is a ___."" Completed sentence: A raspberry is a"	fruit	-0.2945938	Ġfruit	['fruit', 'berry', 'plant', '___', 'type']	aff	aff
"Complete the sentence below with only one category word.\nSentence: ""A raspberry is a ___."" Completed sentence: A raspberry is a"	vegetable	-5.670101	Ġvegetable	['fruit', 'berry', 'plant', '___', 'type']	aff	neg
"Complete the sentence below with only one category word.\nSentence: ""A raspberry is not a ___."" Completed sentence: A raspberry is not a"	vegetable	-3.0571976	Ġvegetable	['fruit', 'berry', 'vegetable', '___', '(']	neg	neg
"Complete the sentence below with only one category word.\nSentence: ""A raspberry is not a ___."" Completed sentence: A raspberry is not a"	fruit	-0.54909515	Ġfruit	['fruit', 'berry', 'vegetable', '___', '(']	neg	aff
"Complete the sentence below with only one category word.\nSentence: ""A canal is a ___."" Completed sentence: A canal is a"	waterway	-1.6511497	Ġwater	['water', 'man', 'body', 'transportation', 'natural']	aff	aff
"Complete the sentence below with only one category word.\nSentence: ""A canal is a ___."" Completed sentence: A canal is a"	road	-7.6632195	Ġroad	['water', 'man', 'body', 'transportation', 'natural']	aff	neg
"Complete the sentence below with only one category word.\nSentence: ""A canal is not a ___."" Completed sentence: A canal is not a"	road	-5.212097	Ġroad	['body', 'river', '(', 'water', 'bridge']	neg	neg
"Complete the sentence below with only one category word.\nSentence: ""A canal is not a ___."" Completed sentence: A canal is not a"	waterway	-3.0046997	Ġwater	['body', 'river', '(', 'water', 'bridge']	neg	aff
"Complete the sentence below with only one category word.\nSentence: ""A flute is an ___."" Completed sentence: A flute is an"	instrument	-0.25842285	Ġinstrument	['instrument', 'musical', '**', 'Instrument', '(']	aff	aff
"Complete the sentence below with only one category word.\nSentence: ""A flute is a ___."" Completed sentence: A flute is a"	toy	-9.520081	Ġtoy	['musical', 'wind', '**', '(', 'wood']	aff	neg
"Complete the sentence below with only one category word.\nSentence: ""A flute is not a ___."" Completed sentence: A flute is not a"	toy	-5.5179844	Ġtoy	['musical', '(', 'tool', '______', '____']	neg	neg
"Complete the sentence below with only one category word.\nSentence: ""A flute is not an ___."" Completed sentence: A flute is not an"	instrument	-0.17640495	Ġinstrument	['instrument', 'orchestra', 'musical', '(', '**']	neg	aff
"Complete the sentence below with only one category word.\nSentence: ""A swallow is a ___."" Completed sentence: A swallow is a"	bird	-0.143116	Ġbird	['bird', '\\', '___', '__', '(']	aff	aff
"Complete the sentence below with only one category word.\nSentence: ""A swallow is a ___."" Completed sentence: A swallow is a"	mammal	-5.638687	ĠM	['bird', '\\', '___', '__', '(']	aff	neg
"Complete the sentence below with only one category word.\nSentence: ""A swallow is not a ___."" Completed sentence: A swallow is not a"	mammal	-3.8904095	Ġmamm	['bird', '___', '(', 'mamm', '__']	neg	neg
"Complete the sentence below with only one category word.\nSentence: ""A swallow is not a ___."" Completed sentence: A swallow is not a"	bird	-0.30132103	Ġbird	['bird', '___', '(', 'mamm', '__']	neg	aff
"Complete the sentence below with only one category word.\nSentence: ""A platypus is a ___."" Completed sentence: A platypus is a"	mammal	-0.347538	Ġmamm	['mamm', '___', 'M', '__', '______']	aff	aff
"Complete the sentence below with only one category word.\nSentence: ""A platypus is a ___."" Completed sentence: A platypus is a"	reptile	-6.220887	Ġrept	['mamm', '___', 'M', '__', '______']	aff	neg
"Complete the sentence below with only one category word.\nSentence: ""A platypus is not a ___."" Completed sentence: A platypus is not a"	reptile	-4.4872684	Ġrept	['mamm', '___', 'bird', 'M', 'rept']	neg	neg
"Complete the sentence below with only one category word.\nSentence: ""A platypus is not a ___."" Completed sentence: A platypus is not a"	mammal	-0.25262642	Ġmamm	['mamm', '___', 'bird', 'M', 'rept']	neg	aff
"Complete the sentence below with only one category word.\nSentence: ""A squirrel is a ___."" Completed sentence: A squirrel is a"	mammal	-0.46691704	Ġmamm	['mamm', 'M', '**', 'small', '\\']	aff	aff
"Complete the sentence below with only one category word.\nSentence: ""A squirrel is an ___."" Completed sentence: A squirrel is an"	insect	-6.3389206	Ġinsect	['animal', '**', 'M', '\\', 'Animal']	aff	neg
"Complete the sentence below with only one category word.\nSentence: ""A squirrel is not an ___."" Completed sentence: A squirrel is not an"	insect	-4.622978	Ġinsect	"['animal', '\\', '**', '(', '""']"	neg	neg
"Complete the sentence below with only one category word.\nSentence: ""A squirrel is not a ___."" Completed sentence: A squirrel is not a"	mammal	-0.6160984	Ġmamm	['mamm', '___', 'bird', '(', '\\']	neg	aff
"Complete the sentence below with only one category word.\nSentence: ""An antelope is an ___."" Completed sentence: An antelope is an"	animal	-0.4390297	Ġanimal	['animal', 'M', 'herb', '___', '\\']	aff	aff
"Complete the sentence below with only one category word.\nSentence: ""An antelope is a ___."" Completed sentence: An antelope is a"	flower	-14.144953	Ġflower	['mamm', 'M', '___', '__', '(']	aff	neg
"Complete the sentence below with only one category word.\nSentence: ""An antelope is not a ___."" Completed sentence: An antelope is not a"	flower	-10.66601	Ġflower	['mamm', '___', 'bird', 'quadr', '______']	neg	neg
"Complete the sentence below with only one category word.\nSentence: ""An antelope is not an ___."" Completed sentence: An antelope is not an"	animal	-0.63947487	Ġanimal	['animal', 'herb', '___', '(', 'M']	neg	aff
"Complete the sentence below with only one category word.\nSentence: ""An ant is an ___."" Completed sentence: An ant is an"	animal	-2.3158016	Ġanimal	['insect', 'in', 'animal', 'ar', 'In']	aff	aff
"Complete the sentence below with only one category word.\nSentence: ""An ant is a ___."" Completed sentence: An ant is a"	vegetable	-8.57717	Ġvegetable	['__', '____', '___', 'small', '\\']	aff	neg
"Complete the sentence below with only one category word.\nSentence: ""An ant is not a ___."" Completed sentence: An ant is not a"	vegetable	-6.2667303	Ġvegetable	['___', 'mamm', '____', '__', 'verte']	neg	neg
"Complete the sentence below with only one category word.\nSentence: ""An ant is not an ___."" Completed sentence: An ant is not an"	animal	-1.7815857	Ġanimal	['insect', 'animal', 'in', 'ar', 'organism']	neg	aff
"Complete the sentence below with only one category word.\nSentence: ""A stag is an ___."" Completed sentence: A stag is an"	animal	-0.24295998	Ġanimal	['animal', 'herb', '\\', 'ant', 'M']	aff	aff
"Complete the sentence below with only one category word.\nSentence: ""A stag is a ___."" Completed sentence: A stag is a"	building	-14.471941	Ġbuilding	['male', 'mamm', '\\', '___', '(']	aff	neg
"Complete the sentence below with only one category word.\nSentence: ""A stag is not a ___."" Completed sentence: A stag is not a"	building	-11.523141	Ġbuilding	['mamm', '___', '\\', '(', 'female']	neg	neg
"Complete the sentence below with only one category word.\nSentence: ""A stag is not an ___."" Completed sentence: A stag is not an"	animal	-0.47569275	Ġanimal	['animal', 'ant', '\\', 'herb', 'insect']	neg	aff
"Complete the sentence below with only one category word.\nSentence: ""A bumblebee is an ___."" Completed sentence: A bumblebee is an"	insect	-0.16536903	Ġinsect	['insect', 'animal', 'in', 'In', 'IN']	aff	aff
"Complete the sentence below with only one category word.\nSentence: ""A bumblebee is a ___."" Completed sentence: A bumblebee is a"	toy	-11.289867	Ġtoy	['insect', '___', '\\', 'bee', '__']	aff	neg
"Complete the sentence below with only one category word.\nSentence: ""A bumblebee is not a ___."" Completed sentence: A bumblebee is not a"	toy	-8.861944	Ġtoy	['mamm', '___', 'bird', 'bee', '(']	neg	neg
"Complete the sentence below with only one category word.\nSentence: ""A bumblebee is not an ___."" Completed sentence: A bumblebee is not an"	insect	-0.12927437	Ġinsect	"['insect', 'animal', 'in', '___', '""']"	neg	aff
"Complete the sentence below with only one category word.\nSentence: ""A van is a ___."" Completed sentence: A van is a"	vehicle	-0.7791767	Ġvehicle	['vehicle', 'transportation', 'mode', 'transport', 'type']	aff	aff
"Complete the sentence below with only one category word.\nSentence: ""A van is a ___."" Completed sentence: A van is a"	device	-9.537292	Ġdevice	['vehicle', 'transportation', 'mode', 'transport', 'type']	aff	neg
"Complete the sentence below with only one category word.\nSentence: ""A van is not a ___."" Completed sentence: A van is not a"	device	-9.809894	Ġdevice	['vehicle', 'car', '___', '(', 'truck']	neg	neg
"Complete the sentence below with only one category word.\nSentence: ""A van is not a ___."" Completed sentence: A van is not a"	vehicle	-1.3404732	Ġvehicle	['vehicle', 'car', '___', '(', 'truck']	neg	aff
"Complete the sentence below with only one category word.\nSentence: ""A bat is an ___."" Completed sentence: A bat is an"	animal	-0.42513275	Ġanimal	['animal', 'M', '\\', '**', 'mamm']	aff	aff
"Complete the sentence below with only one category word.\nSentence: ""A bat is a ___."" Completed sentence: A bat is a"	furniture	-15.824688	f	['mamm', 'M', 'bird', '\\', 'flying']	aff	neg
"Complete the sentence below with only one category word.\nSentence: ""A bat is not a ___."" Completed sentence: A bat is not a"	furniture	-14.27287	Ġfurniture	['mamm', 'bird', '___', '\\', '(']	neg	neg
"Complete the sentence below with only one category word.\nSentence: ""A bat is not an ___."" Completed sentence: A bat is not an"	animal	-0.43501663	Ġanimal	['animal', 'insect', '\\', '___', '(']	neg	aff
"Complete the sentence below with only one category word.\nSentence: ""A bed is a ___."" Completed sentence: A bed is a"	furniture	-1.3439884	Ġfurniture	['furniture', '\\', 'piece', '**', '(']	aff	aff
"Complete the sentence below with only one category word.\nSentence: ""A bed is a ___."" Completed sentence: A bed is a"	toy	-9.081768	Ġtoy	['furniture', '\\', 'piece', '**', '(']	aff	neg
"Complete the sentence below with only one category word.\nSentence: ""A bed is not a ___."" Completed sentence: A bed is not a"	toy	-4.521982	Ġtoy	['furniture', '\\', 'tool', '(', 'living']	neg	neg
"Complete the sentence below with only one category word.\nSentence: ""A bed is not a ___."" Completed sentence: A bed is not a"	furniture	-2.2025375	Ġfurniture	['furniture', '\\', 'tool', '(', 'living']	neg	aff
"Complete the sentence below with only one category word.\nSentence: ""A pencil is an ___."" Completed sentence: A pencil is an"	instrument	-1.3450375	Ġinstrument	['instrument', 'object', '\\', '**', 'implement']	aff	aff
"Complete the sentence below with only one category word.\nSentence: ""A pencil is an ___."" Completed sentence: A pencil is an"	animal	-8.821045	Ġanimal	['instrument', 'object', '\\', '**', 'implement']	aff	neg
"Complete the sentence below with only one category word.\nSentence: ""A pencil is not an ___."" Completed sentence: A pencil is not an"	animal	-4.097046	Ġanimal	['instrument', 'object', 'er', '\\', 'implement']	neg	neg
"Complete the sentence below with only one category word.\nSentence: ""A pencil is not an ___."" Completed sentence: A pencil is not an"	instrument	-0.96850204	Ġinstrument	['instrument', 'object', 'er', '\\', 'implement']	neg	aff
"Complete the sentence below with only one category word.\nSentence: ""A computer is a ___."" Completed sentence: A computer is a"	device	-2.6292763	Ġdevice	['tool', 'machine', '**', 'device', '(']	aff	aff
"Complete the sentence below with only one category word.\nSentence: ""A computer is a ___."" Completed sentence: A computer is a"	fruit	-11.81247	Ġfruit	['tool', 'machine', '**', 'device', '(']	aff	neg
"Complete the sentence below with only one category word.\nSentence: ""A computer is not a ___."" Completed sentence: A computer is not a"	fruit	-8.142769	Ġfruit	['tool', 'living', 'machine', '(', '___']	neg	neg
"Complete the sentence below with only one category word.\nSentence: ""A computer is not a ___."" Completed sentence: A computer is not a"	device	-4.3518295	Ġdevice	['tool', 'living', 'machine', '(', '___']	neg	aff
"Complete the sentence below with only one category word.\nSentence: ""A watch is a ___."" Completed sentence: A watch is a"	gadget	-4.0597324	ĠG	['tool', 'time', '**', 'mechanical', '\\']	aff	aff
"Complete the sentence below with only one category word.\nSentence: ""A watch is an ___."" Completed sentence: A watch is an"	animal	-9.155595	Ġanimal	['electronic', 'instrument', '**', 'accessory', 'item']	aff	neg
"Complete the sentence below with only one category word.\nSentence: ""A watch is not an ___."" Completed sentence: A watch is not an"	animal	-4.8113956	Ġanimal	['electronic', 'instrument', 'accessory', 'appliance', '\\']	neg	neg
"Complete the sentence below with only one category word.\nSentence: ""A watch is not a ___."" Completed sentence: A watch is not a"	gadget	-4.088642	Ġgadget	['tool', '\\', '(', 'machine', 'watch']	neg	aff
"Complete the sentence below with only one category word.\nSentence: ""A cake is a ___."" Completed sentence: A cake is a"	sweet	-2.241188	Ġsweet	['dessert', 'food', 'sweet', 'baked', 'cake']	aff	aff
"Complete the sentence below with only one category word.\nSentence: ""A cake is a ___."" Completed sentence: A cake is a"	vegetable	-9.085669	Ġvegetable	['dessert', 'food', 'sweet', 'baked', 'cake']	aff	neg
"Complete the sentence below with only one category word.\nSentence: ""A cake is not a ___."" Completed sentence: A cake is not a"	vegetable	-3.4299374	Ġvegetable	['dessert', 'food', 'fruit', '(', 'vegetable']	neg	neg
"Complete the sentence below with only one category word.\nSentence: ""A cake is not a ___."" Completed sentence: A cake is not a"	sweet	-3.9358997	Ġsweet	['dessert', 'food', 'fruit', '(', 'vegetable']	neg	aff
"Complete the sentence below with only one category word.\nSentence: ""A lever is a ___."" Completed sentence: A lever is a"	machine	-1.7019482	Ġmachine	['mechanical', 'tool', 'machine', 'simple', 'force']	aff	aff
"Complete the sentence below with only one category word.\nSentence: ""A lever is a ___."" Completed sentence: A lever is a"	toy	-10.15023	Ġtoy	['mechanical', 'tool', 'machine', 'simple', 'force']	aff	neg
"Complete the sentence below with only one category word.\nSentence: ""A lever is not a ___."" Completed sentence: A lever is not a"	toy	-7.3647556	Ġtoy	['tool', 'machine', '___', '__', '(']	neg	neg
"Complete the sentence below with only one category word.\nSentence: ""A lever is not a ___."" Completed sentence: A lever is not a"	machine	-1.2518291	Ġmachine	['tool', 'machine', '___', '__', '(']	neg	aff
"Complete the sentence below with only one category word.\nSentence: ""A shark is an ___."" Completed sentence: A shark is an"	animal	-0.5234451	Ġanimal	['animal', 'aquatic', '**', '\\', 'ocean']	aff	aff
"Complete the sentence below with only one category word.\nSentence: ""A shark is a ___."" Completed sentence: A shark is a"	toy	-10.21621	Ġtoy	['fish', 'marine', 'predator', 'carniv', '___']	aff	neg
"Complete the sentence below with only one category word.\nSentence: ""A shark is not a ___."" Completed sentence: A shark is not a"	toy	-8.28485	Ġtoy	['fish', 'mamm', 'verte', '___', '(']	neg	neg
"Complete the sentence below with only one category word.\nSentence: ""A shark is not an ___."" Completed sentence: A shark is not an"	animal	-0.45890236	Ġanimal	['animal', 'aquatic', '(', 'amphib', '___']	neg	aff
"Complete the sentence below with only one category word.\nSentence: ""A ruby is a ___."" Completed sentence: A ruby is a"	gemstone	-1.3132668	Ġgem	['gem', 'precious', 'red', '\\', 'mineral']	aff	aff
"Complete the sentence below with only one category word.\nSentence: ""A ruby is a ___."" Completed sentence: A ruby is a"	plant	-10.546754	Ġplant	['gem', 'precious', 'red', '\\', 'mineral']	aff	neg
"Complete the sentence below with only one category word.\nSentence: ""A ruby is not a ___."" Completed sentence: A ruby is not a"	plant	-5.521286	Ġplant	['gem', 'mineral', '___', '____', '______']	neg	neg
"Complete the sentence below with only one category word.\nSentence: ""A ruby is not a ___."" Completed sentence: A ruby is not a"	gemstone	-1.2965813	Ġgem	['gem', 'mineral', '___', '____', '______']	neg	aff
"Complete the sentence below with only one category word.\nSentence: ""An armchair is a ___."" Completed sentence: An armchair is a"	furniture	-1.1173897	Ġfurniture	['furniture', 'piece', '\\', 'seating', 'chair']	aff	aff
"Complete the sentence below with only one category word.\nSentence: ""An armchair is a ___."" Completed sentence: An armchair is a"	tool	-7.1887226	Ġtool	['furniture', 'piece', '\\', 'seating', 'chair']	aff	neg
"Complete the sentence below with only one category word.\nSentence: ""An armchair is not a ___."" Completed sentence: An armchair is not a"	tool	-2.9361038	Ġtool	['chair', 'piece', 'furniture', '\\', '(']	neg	neg
"Complete the sentence below with only one category word.\nSentence: ""An armchair is not a ___."" Completed sentence: An armchair is not a"	furniture	-2.3396072	Ġfurniture	['chair', 'piece', 'furniture', '\\', '(']	neg	aff
"Complete the sentence below with only one category word.\nSentence: ""A stencil is a ___."" Completed sentence: A stencil is a"	tool	-0.43138504	Ġtool	['tool', '**', '\\', 'TOOL', 'drawing']	aff	aff
"Complete the sentence below with only one category word.\nSentence: ""A stencil is a ___."" Completed sentence: A stencil is a"	furniture	-10.961184	Ġfurniture	['tool', '**', '\\', 'TOOL', 'drawing']	aff	neg
"Complete the sentence below with only one category word.\nSentence: ""A stencil is not a ___."" Completed sentence: A stencil is not a"	furniture	-10.399263	Ġfurniture	['tool', '___', '(', 'machine', '\\']	neg	neg
"Complete the sentence below with only one category word.\nSentence: ""A stencil is not a ___."" Completed sentence: A stencil is not a"	tool	-0.7026863	Ġtool	['tool', '___', '(', 'machine', '\\']	neg	aff
"Complete the sentence below with only one category word.\nSentence: ""An earphone is an ___."" Completed sentence: An earphone is an"	electronics	-5.843691	Ġelectronics	['accessory', 'electronic', 'electrical', 'audio', '**']	aff	aff
"Complete the sentence below with only one category word.\nSentence: ""An earphone is a ___."" Completed sentence: An earphone is a"	tool	-2.4796162	Ġtool	['device', '**', 'tool', '\\', '(']	aff	neg
"Complete the sentence below with only one category word.\nSentence: ""An earphone is not a ___."" Completed sentence: An earphone is not a"	tool	-1.4563942	Ġtool	['tool', '___', '(', 'gadget', '\\']	neg	neg
"Complete the sentence below with only one category word.\nSentence: ""An earphone is not an ___."" Completed sentence: An earphone is not an"	electronics	-6.276129	Ġelectronics	['accessory', 'electronic', 'instrument', 'electrical', 'appliance']	neg	aff
"Complete the sentence below with only one category word.\nSentence: ""A skateboard is a ___."" Completed sentence: A skateboard is a"	sport	-3.0337715	Ġsport	['tool', 'toy', 'sports', 'sport', '**']	aff	aff
"Complete the sentence below with only one category word.\nSentence: ""A skateboard is a ___."" Completed sentence: A skateboard is a"	game	-7.187134	Ġgame	['tool', 'toy', 'sports', 'sport', '**']	aff	neg
"Complete the sentence below with only one category word.\nSentence: ""A skateboard is not a ___."" Completed sentence: A skateboard is not a"	game	-7.9820986	Ġgame	['tool', 'toy', 'vehicle', 'machine', 'TOOL']	neg	neg
"Complete the sentence below with only one category word.\nSentence: ""A skateboard is not a ___."" Completed sentence: A skateboard is not a"	sport	-5.241276	Ġsport	['tool', 'toy', 'vehicle', 'machine', 'TOOL']	neg	aff
"Complete the sentence below with only one category word.\nSentence: ""A brick is a ___."" Completed sentence: A brick is a"	material	-2.9402256	Ġmaterial	['man', 'building', 'material', '\\', 'solid']	aff	aff
"Complete the sentence below with only one category word.\nSentence: ""A brick is a ___."" Completed sentence: A brick is a"	flower	-13.197397	Ġflower	['man', 'building', 'material', '\\', 'solid']	aff	neg
"Complete the sentence below with only one category word.\nSentence: ""A brick is not a ___."" Completed sentence: A brick is not a"	flower	-7.052372	Ġflower	['___', 'living', 'tool', '(', '__']	neg	neg
"Complete the sentence below with only one category word.\nSentence: ""A brick is not a ___."" Completed sentence: A brick is not a"	material	-4.513008	Ġmaterial	['___', 'living', 'tool', '(', '__']	neg	aff
"Complete the sentence below with only one category word.\nSentence: ""A windmill is a ___."" Completed sentence: A windmill is a"	machine	-0.8430424	Ġmachine	['machine', 'mechanical', 'wind', 'renewable', 'tool']	aff	aff
"Complete the sentence below with only one category word.\nSentence: ""A windmill is a ___."" Completed sentence: A windmill is a"	mammal	-4.909422	ĠM	['machine', 'mechanical', 'wind', 'renewable', 'tool']	aff	neg
"Complete the sentence below with only one category word.\nSentence: ""A windmill is not a ___."" Completed sentence: A windmill is not a"	mammal	-6.0937157	ĠM	['machine', 'tool', '(', '___', 'wind']	neg	neg
"Complete the sentence below with only one category word.\nSentence: ""A windmill is not a ___."" Completed sentence: A windmill is not a"	machine	-0.8966656	Ġmachine	['machine', 'tool', '(', '___', 'wind']	neg	aff
"Complete the sentence below with only one category word.\nSentence: ""A tree is a ___."" Completed sentence: A tree is a"	plant	-0.8396473	Ġplant	['plant', '___', 'living', '\\', '(']	aff	aff
"Complete the sentence below with only one category word.\nSentence: ""A tree is a ___."" Completed sentence: A tree is a"	mineral	-12.364385	Ġmineral	['plant', '___', 'living', '\\', '(']	aff	neg
"Complete the sentence below with only one category word.\nSentence: ""A tree is not a ___."" Completed sentence: A tree is not a"	mineral	-8.742826	Ġmineral	['plant', '___', 'living', 'fruit', '(']	neg	neg
"Complete the sentence below with only one category word.\nSentence: ""A tree is not a ___."" Completed sentence: A tree is not a"	plant	-1.070816	Ġplant	['plant', '___', 'living', 'fruit', '(']	neg	aff
"Complete the sentence below with only one category word.\nSentence: ""A rock is a ___."" Completed sentence: A rock is a"	stone	-5.5801506	Ġstone	['natural', 'mineral', '\\', 'solid', 'physical']	aff	aff
"Complete the sentence below with only one category word.\nSentence: ""A rock is a ___."" Completed sentence: A rock is a"	tree	-11.127503	Ġtree	['natural', 'mineral', '\\', 'solid', 'physical']	aff	neg
"Complete the sentence below with only one category word.\nSentence: ""A rock is not a ___."" Completed sentence: A rock is not a"	tree	-4.86067	Ġtree	['living', 'plant', '___', 'mineral', 'solid']	neg	neg
"Complete the sentence below with only one category word.\nSentence: ""A rock is not a ___."" Completed sentence: A rock is not a"	stone	-5.6716957	Ġstone	['living', 'plant', '___', 'mineral', 'solid']	neg	aff
"Complete the sentence below with only one category word.\nSentence: ""A mole is a ___."" Completed sentence: A mole is a"	mammal	-4.4390373	Ġmamm	['living', 'small', 'tiny', 'creature', '___']	aff	aff
"Complete the sentence below with only one category word.\nSentence: ""A mole is a ___."" Completed sentence: A mole is a"	fish	-10.691012	Ġfish	['living', 'small', 'tiny', 'creature', '___']	aff	neg
"Complete the sentence below with only one category word.\nSentence: ""A mole is not a ___."" Completed sentence: A mole is not a"	fish	-5.6916533	Ġfish	['living', 'mamm', 'creature', '___', 'verte']	neg	neg
"Complete the sentence below with only one category word.\nSentence: ""A mole is not a ___."" Completed sentence: A mole is not a"	mammal	-2.349495	Ġmamm	['living', 'mamm', 'creature', '___', 'verte']	neg	aff
"Complete the sentence below with only one category word.\nSentence: ""A movie is a ___."" Completed sentence: A movie is a"	media	-6.0298443	Ġmedia	['form', 'medium', '**', 'work', '(']	aff	aff
"Complete the sentence below with only one category word.\nSentence: ""A movie is a ___."" Completed sentence: A movie is a"	food	-8.928437	Ġfood	['form', 'medium', '**', 'work', '(']	aff	neg
"Complete the sentence below with only one category word.\nSentence: ""A movie is not a ___."" Completed sentence: A movie is not a"	food	-4.579605	Ġfood	"['book', '(', '""', '\\', 'TV']"	neg	neg
"Complete the sentence below with only one category word.\nSentence: ""A movie is not a ___."" Completed sentence: A movie is not a"	media	-8.98219	Ġmedia	"['book', '(', '""', '\\', 'TV']"	neg	aff
"Complete the sentence below with only one category word.\nSentence: ""A paperback is a ___."" Completed sentence: A paperback is a"	book	-0.46566963	Ġbook	['book', 'BOOK', 'type', '**', '\\']	aff	aff
"Complete the sentence below with only one category word.\nSentence: ""A paperback is a ___."" Completed sentence: A paperback is a"	movie	-12.918149	Ġmovie	['book', 'BOOK', 'type', '**', '\\']	aff	neg
"Complete the sentence below with only one category word.\nSentence: ""A paperback is not a ___."" Completed sentence: A paperback is not a"	movie	-7.8207207	Ġmovie	['book', 'hard', 'textbook', '___', 'magazine']	neg	neg
"Complete the sentence below with only one category word.\nSentence: ""A paperback is not a ___."" Completed sentence: A paperback is not a"	book	-0.6381073	Ġbook	['book', 'hard', 'textbook', '___', 'magazine']	neg	aff
"Complete the sentence below with only one category word.\nSentence: ""A tower is a ___."" Completed sentence: A tower is a"	structure	-0.7616577	Ġstructure	['structure', 'man', 'building', '**', 'structural']	aff	aff
"Complete the sentence below with only one category word.\nSentence: ""A tower is a ___."" Completed sentence: A tower is a"	cave	-15.483321	Ġcave	['structure', 'man', 'building', '**', 'structural']	aff	neg
"Complete the sentence below with only one category word.\nSentence: ""A tower is not a ___."" Completed sentence: A tower is not a"	cave	-9.386663	Ġcave	['building', 'structure', '___', '(', 'house']	neg	neg
"Complete the sentence below with only one category word.\nSentence: ""A tower is not a ___."" Completed sentence: A tower is not a"	structure	-2.114853	Ġstructure	['building', 'structure', '___', '(', 'house']	neg	aff
"Complete the sentence below with only one category word.\nSentence: ""An asylum is an ___."" Completed sentence: An asylum is an"	institution	-0.8374462	Ġinstitution	['institution', 'establishment', '**', 'emergency', '(']	aff	aff
"Complete the sentence below with only one category word.\nSentence: ""An asylum is a ___."" Completed sentence: An asylum is a"	game	-13.970356	Ġgame	['place', 'shelter', 'safe', 'building', 'facility']	aff	neg
"Complete the sentence below with only one category word.\nSentence: ""An asylum is not a ___."" Completed sentence: An asylum is not a"	game	-11.745626	Ġgame	['place', 'hospital', 'shelter', '(', 'building']	neg	neg
"Complete the sentence below with only one category word.\nSentence: ""An asylum is not an ___."" Completed sentence: An asylum is not an"	institution	-1.0339527	Ġinstitution	"['institution', '(', 'office', '""', 'emergency']"	neg	aff
"Complete the sentence below with only one category word.\nSentence: ""A rice is a ___."" Completed sentence: A rice is a"	grain	-1.6857758	Ġgrain	['plant', 'grain', 'cereal', 'vegetable', 'seed']	aff	aff
"Complete the sentence below with only one category word.\nSentence: ""A rice is a ___."" Completed sentence: A rice is a"	fish	-11.416138	Ġfish	['plant', 'grain', 'cereal', 'vegetable', 'seed']	aff	neg
"Complete the sentence below with only one category word.\nSentence: ""A rice is not a ___."" Completed sentence: A rice is not a"	fish	-5.8166103	Ġfish	['vegetable', 'plant', '___', 'fruit', 'grain']	neg	neg
"Complete the sentence below with only one category word.\nSentence: ""A rice is not a ___."" Completed sentence: A rice is not a"	grain	-2.8104877	Ġgrain	['vegetable', 'plant', '___', 'fruit', 'grain']	neg	aff
"Complete the sentence below with only one category word.\nSentence: ""A soup is a ___."" Completed sentence: A soup is a"	food	-2.1419468	Ġfood	['liquid', 'food', '(', '**', 'dish']	aff	aff
"Complete the sentence below with only one category word.\nSentence: ""A soup is a ___."" Completed sentence: A soup is a"	plant	-6.6773243	Ġplant	['liquid', 'food', '(', '**', 'dish']	aff	neg
"Complete the sentence below with only one category word.\nSentence: ""A soup is not a ___."" Completed sentence: A soup is not a"	plant	-5.2984943	Ġplant	['liquid', '(', 'beverage', 'drink', 'meal']	neg	neg
"Complete the sentence below with only one category word.\nSentence: ""A soup is not a ___."" Completed sentence: A soup is not a"	food	-3.3767338	Ġfood	['liquid', '(', 'beverage', 'drink', 'meal']	neg	aff
"Complete the sentence below with only one category word.\nSentence: ""A ship is a ___."" Completed sentence: A ship is a"	vehicle	-2.7526855	Ġvehicle	['vessel', 'vehicle', 'n', 'man', '\\']	aff	aff
"Complete the sentence below with only one category word.\nSentence: ""A ship is a ___."" Completed sentence: A ship is a"	toy	-9.316821	Ġtoy	['vessel', 'vehicle', 'n', 'man', '\\']	aff	neg
"Complete the sentence below with only one category word.\nSentence: ""A ship is not a ___."" Completed sentence: A ship is not a"	toy	-6.1312237	Ġtoy	['vehicle', 'machine', '(', 'land', '___']	neg	neg
"Complete the sentence below with only one category word.\nSentence: ""A ship is not a ___."" Completed sentence: A ship is not a"	vehicle	-2.165804	Ġvehicle	['vehicle', 'machine', '(', 'land', '___']	neg	aff
"Complete the sentence below with only one category word.\nSentence: ""A blueberry is a ___."" Completed sentence: A blueberry is a"	fruit	-0.2801857	Ġfruit	['fruit', 'berry', '___', 'type', 'plant']	aff	aff
"Complete the sentence below with only one category word.\nSentence: ""A blueberry is a ___."" Completed sentence: A blueberry is a"	flower	-9.421696	Ġflower	['fruit', 'berry', '___', 'type', 'plant']	aff	neg
"Complete the sentence below with only one category word.\nSentence: ""A blueberry is not a ___."" Completed sentence: A blueberry is not a"	flower	-6.7425156	Ġflower	['fruit', '___', 'vegetable', '(', 'berry']	neg	neg
"Complete the sentence below with only one category word.\nSentence: ""A blueberry is not a ___."" Completed sentence: A blueberry is not a"	fruit	-0.80449104	Ġfruit	['fruit', '___', 'vegetable', '(', 'berry']	neg	aff
"Complete the sentence below with only one category word.\nSentence: ""A shirt is a ___."" Completed sentence: A shirt is a"	clothing	-1.1260395	Ġclothing	['clothing', 'garment', 'piece', '\\', 'T']	aff	aff
"Complete the sentence below with only one category word.\nSentence: ""A shirt is a ___."" Completed sentence: A shirt is a"	food	-12.965162	Ġfood	['clothing', 'garment', 'piece', '\\', 'T']	aff	neg
"Complete the sentence below with only one category word.\nSentence: ""A shirt is not a ___."" Completed sentence: A shirt is not a"	food	-6.9343166	Ġfood	['\\', 'clothing', 'garment', '(', '___']	neg	neg
"Complete the sentence below with only one category word.\nSentence: ""A shirt is not a ___."" Completed sentence: A shirt is not a"	clothing	-2.0213509	Ġclothing	['\\', 'clothing', 'garment', '(', '___']	neg	aff
"Complete the sentence below with only one category word.\nSentence: ""A dandelion is a ___."" Completed sentence: A dandelion is a"	flower	-1.2685413	Ġflower	['plant', 'flower', 'flowering', '___', 'seed']	aff	aff
"Complete the sentence below with only one category word.\nSentence: ""A dandelion is a ___."" Completed sentence: A dandelion is a"	tree	-8.201918	Ġtree	['plant', 'flower', 'flowering', '___', 'seed']	aff	neg
"Complete the sentence below with only one category word.\nSentence: ""A dandelion is not a ___."" Completed sentence: A dandelion is not a"	tree	-3.8341427	Ġtree	['plant', 'flower', '___', 'vegetable', 'seed']	neg	neg
"Complete the sentence below with only one category word.\nSentence: ""A dandelion is not a ___."" Completed sentence: A dandelion is not a"	flower	-1.2305603	Ġflower	['plant', 'flower', '___', 'vegetable', 'seed']	neg	aff
"Complete the sentence below with only one category word.\nSentence: ""A perfume is a ___."" Completed sentence: A perfume is a"	liquid	-0.8275604	Ġliquid	['liquid', 'product', 'substance', '**', 'luxury']	aff	aff
"Complete the sentence below with only one category word.\nSentence: ""A perfume is a ___."" Completed sentence: A perfume is a"	solid	-6.2428904	Ġsolid	['liquid', 'product', 'substance', '**', 'luxury']	aff	neg
"Complete the sentence below with only one category word.\nSentence: ""A perfume is not a ___."" Completed sentence: A perfume is not a"	solid	-4.7409515	Ġsolid	['liquid', '(', 'product', 'drink', 'substance']	neg	neg
"Complete the sentence below with only one category word.\nSentence: ""A perfume is not a ___."" Completed sentence: A perfume is not a"	liquid	-0.77446747	Ġliquid	['liquid', '(', 'product', 'drink', 'substance']	neg	aff
"Complete the sentence below with only one category word.\nSentence: ""A cabbage is a ___."" Completed sentence: A cabbage is a"	vegetable	-0.50424576	Ġvegetable	['vegetable', 'plant', '___', 'fruit', 'leaf']	aff	aff
"Complete the sentence below with only one category word.\nSentence: ""A cabbage is a ___."" Completed sentence: A cabbage is a"	furniture	-14.802237	F	['vegetable', 'plant', '___', 'fruit', 'leaf']	aff	neg
"Complete the sentence below with only one category word.\nSentence: ""A cabbage is not a ___."" Completed sentence: A cabbage is not a"	furniture	-14.770252	Ġfurniture	['vegetable', 'fruit', 'plant', 'root', '___']	neg	neg
"Complete the sentence below with only one category word.\nSentence: ""A cabbage is not a ___."" Completed sentence: A cabbage is not a"	vegetable	-0.4105053	Ġvegetable	['vegetable', 'fruit', 'plant', 'root', '___']	neg	aff
"Complete the sentence below with only one category word.\nSentence: ""A pasta is a ___."" Completed sentence: A pasta is a"	dish	-2.5305958	Ġdish	['food', 'dish', '\\', 'vegetable', 'type']	aff	aff
"Complete the sentence below with only one category word.\nSentence: ""A pasta is a ___."" Completed sentence: A pasta is a"	building	-10.438234	Ġbuilding	['food', 'dish', '\\', 'vegetable', 'type']	aff	neg
"Complete the sentence below with only one category word.\nSentence: ""A pasta is not a ___."" Completed sentence: A pasta is not a"	building	-9.521621	Ġbuilding	['vegetable', '___', 'food', '(', '\\']	neg	neg
"Complete the sentence below with only one category word.\nSentence: ""A pasta is not a ___."" Completed sentence: A pasta is not a"	dish	-3.47019	Ġdish	['vegetable', '___', 'food', '(', '\\']	neg	aff
"Complete the sentence below with only one category word.\nSentence: ""A brownie is a ___."" Completed sentence: A brownie is a"	dessert	-0.5770302	Ġdessert	['dessert', 'sweet', 'baked', 'con', 'food']	aff	aff
"Complete the sentence below with only one category word.\nSentence: ""A brownie is a ___."" Completed sentence: A brownie is a"	fruit	-8.2715645	Ġfruit	['dessert', 'sweet', 'baked', 'con', 'food']	aff	neg
"Complete the sentence below with only one category word.\nSentence: ""A brownie is not a ___."" Completed sentence: A brownie is not a"	fruit	-3.3489094	Ġfruit	['dessert', 'cake', 'cookie', 'snack', 'fruit']	neg	neg
"Complete the sentence below with only one category word.\nSentence: ""A brownie is not a ___."" Completed sentence: A brownie is not a"	dessert	-1.2070541	Ġdessert	['dessert', 'cake', 'cookie', 'snack', 'fruit']	neg	aff
"Complete the sentence below with only one category word.\nSentence: ""A lounge is a ___."" Completed sentence: A lounge is a"	room	-2.0823154	Ġroom	['place', 'room', 'public', 'space', '**']	aff	aff
"Complete the sentence below with only one category word.\nSentence: ""A lounge is a ___."" Completed sentence: A lounge is a"	machine	-10.354876	Ġmachine	['place', 'room', 'public', 'space', '**']	aff	neg
"Complete the sentence below with only one category word.\nSentence: ""A lounge is not a ___."" Completed sentence: A lounge is not a"	machine	-6.1735373	Ġmachine	"['room', '(', '___', '""', 'place']"	neg	neg
"Complete the sentence below with only one category word.\nSentence: ""A lounge is not a ___."" Completed sentence: A lounge is not a"	room	-2.3116531	Ġroom	"['room', '(', '___', '""', 'place']"	neg	aff
"Complete the sentence below with only one category word.\nSentence: ""A beach is a ___."" Completed sentence: A beach is a"	coastline	-8.164895	Ġcoastline	['natural', 'place', '(', 'location', '\\']	aff	aff
"Complete the sentence below with only one category word.\nSentence: ""A beach is a ___."" Completed sentence: A beach is a"	forest	-11.611771	Ġforest	['natural', 'place', '(', 'location', '\\']	aff	neg
"Complete the sentence below with only one category word.\nSentence: ""A beach is not a ___."" Completed sentence: A beach is not a"	forest	-4.9486217	Ġforest	['(', 'park', 'place', '___', 'body']	neg	neg
"Complete the sentence below with only one category word.\nSentence: ""A beach is not a ___."" Completed sentence: A beach is not a"	coastline	-8.153714	Ġcoastline	['(', 'park', 'place', '___', 'body']	neg	aff
"Complete the sentence below with only one category word.\nSentence: ""A chicken is a ___."" Completed sentence: A chicken is a"	food	-5.318819	Ġfood	['bird', 'domestic', '\\', '___', 'verte']	aff	aff
"Complete the sentence below with only one category word.\nSentence: ""A chicken is a ___."" Completed sentence: A chicken is a"	fruit	-8.855667	Ġfruit	['bird', 'domestic', '\\', '___', 'verte']	aff	neg
"Complete the sentence below with only one category word.\nSentence: ""A chicken is not a ___."" Completed sentence: A chicken is not a"	fruit	-6.60635	Ġfruit	['bird', 'mamm', '___', '\\', 'verte']	neg	neg
"Complete the sentence below with only one category word.\nSentence: ""A chicken is not a ___."" Completed sentence: A chicken is not a"	food	-6.888295	Ġfood	['bird', 'mamm', '___', '\\', 'verte']	neg	aff
"Complete the sentence below with only one category word.\nSentence: ""A koala is an ___."" Completed sentence: A koala is an"	animal	-1.0889721	Ġanimal	['Australian', 'animal', 'arb', '___', 'AN']	aff	aff
"Complete the sentence below with only one category word.\nSentence: ""A koala is a ___."" Completed sentence: A koala is a"	mineral	-15.226877	Ġmineral	['mamm', 'mars', '___', '______', '__']	aff	neg
"Complete the sentence below with only one category word.\nSentence: ""A koala is not a ___."" Completed sentence: A koala is not a"	mineral	-12.875219	Ġmineral	['mamm', '___', 'bear', '______', '(']	neg	neg
"Complete the sentence below with only one category word.\nSentence: ""A koala is not an ___."" Completed sentence: A koala is not an"	animal	-0.6347923	Ġanimal	['animal', 'herb', 'Australian', '___', 'arb']	neg	aff
"Complete the sentence below with only one category word.\nSentence: ""An ostrich is a ___."" Completed sentence: An ostrich is a"	bird	-0.6457386	Ġbird	['bird', '___', '__', '(', '\\']	aff	aff
"Complete the sentence below with only one category word.\nSentence: ""An ostrich is a ___."" Completed sentence: An ostrich is a"	mammal	-4.393669	ĠM	['bird', '___', '__', '(', '\\']	aff	neg
"Complete the sentence below with only one category word.\nSentence: ""An ostrich is not a ___."" Completed sentence: An ostrich is not a"	mammal	-3.2989368	Ġmamm	['bird', '___', '(', 'mamm', '__']	neg	neg
"Complete the sentence below with only one category word.\nSentence: ""An ostrich is not a ___."" Completed sentence: An ostrich is not a"	bird	-0.70534515	Ġbird	['bird', '___', '(', 'mamm', '__']	neg	aff
"Complete the sentence below with only one category word.\nSentence: ""A salad is a ___."" Completed sentence: A salad is a"	food	-1.3057594	Ġfood	['food', 'meal', 'dish', 'fruit', '(']	aff	aff
"Complete the sentence below with only one category word.\nSentence: ""A salad is a ___."" Completed sentence: A salad is a"	drink	-8.374703	Ġdrink	['food', 'meal', 'dish', 'fruit', '(']	aff	neg
"Complete the sentence below with only one category word.\nSentence: ""A salad is not a ___."" Completed sentence: A salad is not a"	drink	-5.9067	Ġdrink	['meal', 'fruit', 'vegetable', 'dessert', 'main']	neg	neg
"Complete the sentence below with only one category word.\nSentence: ""A salad is not a ___."" Completed sentence: A salad is not a"	food	-3.3647976	Ġfood	['meal', 'fruit', 'vegetable', 'dessert', 'main']	neg	aff
"Complete the sentence below with only one category word.\nSentence: ""A pineapple is a ___."" Completed sentence: A pineapple is a"	fruit	-0.18800354	Ġfruit	['fruit', 'tropical', 'plant', '___', 'vegetable']	aff	aff
"Complete the sentence below with only one category word.\nSentence: ""A pineapple is a ___."" Completed sentence: A pineapple is a"	vegetable	-4.4019775	Ġvegetable	['fruit', 'tropical', 'plant', '___', 'vegetable']	aff	neg
"Complete the sentence below with only one category word.\nSentence: ""A pineapple is not a ___."" Completed sentence: A pineapple is not a"	vegetable	-1.7394161	Ġvegetable	['fruit', 'vegetable', '___', '(', 'plant']	neg	neg
"Complete the sentence below with only one category word.\nSentence: ""A pineapple is not a ___."" Completed sentence: A pineapple is not a"	fruit	-0.55364037	Ġfruit	['fruit', 'vegetable', '___', '(', 'plant']	neg	aff
"Complete the sentence below with only one category word.\nSentence: ""An eagle is a ___."" Completed sentence: An eagle is a"	bird	-0.48221207	Ġbird	['bird', '\\', '(', '__', '___']	aff	aff
"Complete the sentence below with only one category word.\nSentence: ""An eagle is a ___."" Completed sentence: An eagle is a"	plant	-12.37878	Ġplant	['bird', '\\', '(', '__', '___']	aff	neg
"Complete the sentence below with only one category word.\nSentence: ""An eagle is not a ___."" Completed sentence: An eagle is not a"	plant	-8.854843	Ġplant	['bird', 'mamm', '(', '___', 'f']	neg	neg
"Complete the sentence below with only one category word.\nSentence: ""An eagle is not a ___."" Completed sentence: An eagle is not a"	bird	-0.44101143	Ġbird	['bird', 'mamm', '(', '___', 'f']	neg	aff
"Complete the sentence below with only one category word.\nSentence: ""A bicycle is a ___."" Completed sentence: A bicycle is a"	transport	-3.3912296	Ġtransport	['vehicle', 'transportation', 'mode', 'two', 'tool']	aff	aff
"Complete the sentence below with only one category word.\nSentence: ""A bicycle is a ___."" Completed sentence: A bicycle is a"	gemstone	-15.560508	Ġgem	['vehicle', 'transportation', 'mode', 'two', 'tool']	aff	neg
"Complete the sentence below with only one category word.\nSentence: ""A bicycle is not a ___."" Completed sentence: A bicycle is not a"	gemstone	-12.299888	Ġgem	['vehicle', 'machine', 'tool', '(', 'car']	neg	neg
"Complete the sentence below with only one category word.\nSentence: ""A bicycle is not a ___."" Completed sentence: A bicycle is not a"	transport	-4.5884457	Ġtransport	['vehicle', 'machine', 'tool', '(', 'car']	neg	aff
"Complete the sentence below with only one category word.\nSentence: ""An iodine is an ___."" Completed sentence: An iodine is an"	element	-0.21904945	Ġelement	['element', 'atom', 'in', '**', 'Element']	aff	aff
"Complete the sentence below with only one category word.\nSentence: ""An iodine is a ___."" Completed sentence: An iodine is a"	mineral	-2.6977196	Ġmineral	['chemical', 'mineral', '___', '__', 'metal']	aff	neg
"Complete the sentence below with only one category word.\nSentence: ""An iodine is not a ___."" Completed sentence: An iodine is not a"	mineral	-3.1254501	Ġmineral	['solid', '__', 'salt', 'metal', '___']	neg	neg
"Complete the sentence below with only one category word.\nSentence: ""An iodine is not an ___."" Completed sentence: An iodine is not an"	element	-0.3462181	Ġelement	['element', 'atom', 'organic', 'atomic', '(']	neg	aff
"Complete the sentence below with only one category word.\nSentence: ""A carbon is an ___."" Completed sentence: A carbon is an"	element	-0.26867676	Ġelement	['element', 'atom', 'organic', 'atomic', 'organism']	aff	aff
"Complete the sentence below with only one category word.\nSentence: ""A carbon is a ___."" Completed sentence: A carbon is a"	device	-11.750676	Ġdevice	['molecule', 'element', 'non', '___', '__']	aff	neg
"Complete the sentence below with only one category word.\nSentence: ""A carbon is not a ___."" Completed sentence: A carbon is not a"	device	-10.359382	Ġdevice	['fossil', 'plant', '___', '(', '\\']	neg	neg
"Complete the sentence below with only one category word.\nSentence: ""A carbon is not an ___."" Completed sentence: A carbon is not an"	element	-0.6973057	Ġelement	['element', 'atom', 'organic', 'animal', 'organism']	neg	aff
"Complete the sentence below with only one category word.\nSentence: ""A salt is a ___."" Completed sentence: A salt is a"	mineral	-0.9204235	Ġmineral	['mineral', 'chemical', 'compound', 'crystal', 'solid']	aff	aff
"Complete the sentence below with only one category word.\nSentence: ""A salt is a ___."" Completed sentence: A salt is a"	toy	-13.17839	Ġtoy	['mineral', 'chemical', 'compound', 'crystal', 'solid']	aff	neg
"Complete the sentence below with only one category word.\nSentence: ""A salt is not a ___."" Completed sentence: A salt is not a"	toy	-9.717707	Ġtoy	['mineral', 'liquid', '__', 'solid', '(']	neg	neg
"Complete the sentence below with only one category word.\nSentence: ""A salt is not a ___."" Completed sentence: A salt is not a"	mineral	-1.7969513	Ġmineral	['mineral', 'liquid', '__', 'solid', '(']	neg	aff
"Complete the sentence below with only one category word.\nSentence: ""A methane is a ___."" Completed sentence: A methane is a"	gas	-1.2213097	Ġgas	['gas', 'compound', 'hydro', 'fossil', 'g']	aff	aff
"Complete the sentence below with only one category word.\nSentence: ""A methane is a ___."" Completed sentence: A methane is a"	liquid	-5.5875635	Ġliquid	['gas', 'compound', 'hydro', 'fossil', 'g']	aff	neg
"Complete the sentence below with only one category word.\nSentence: ""A methane is not a ___."" Completed sentence: A methane is not a"	liquid	-3.264923	Ġliquid	['gas', 'fossil', '(', '___', 'compound']	neg	neg
"Complete the sentence below with only one category word.\nSentence: ""A methane is not a ___."" Completed sentence: A methane is not a"	gas	-1.6031628	Ġgas	['gas', 'fossil', '(', '___', 'compound']	neg	aff
"Complete the sentence below with only one category word.\nSentence: ""A ladder is a ___."" Completed sentence: A ladder is a"	tool	-0.39767075	Ġtool	['tool', '**', 'TOOL', '\\', 'piece']	aff	aff
"Complete the sentence below with only one category word.\nSentence: ""A ladder is a ___."" Completed sentence: A ladder is a"	toy	-8.521536	Ġtoy	['tool', '**', 'TOOL', '\\', 'piece']	aff	neg
"Complete the sentence below with only one category word.\nSentence: ""A ladder is not a ___."" Completed sentence: A ladder is not a"	toy	-4.6815186	Ġtoy	['tool', 'tree', '(', 'TOOL', '___']	neg	neg
"Complete the sentence below with only one category word.\nSentence: ""A ladder is not a ___."" Completed sentence: A ladder is not a"	tool	-0.6165924	Ġtool	['tool', 'tree', '(', 'TOOL', '___']	neg	aff
"Complete the sentence below with only one category word.\nSentence: ""A cup is a ___."" Completed sentence: A cup is a"	container	-1.231678	Ġcontainer	['container', 'vessel', '**', 'drinking', 'beverage']	aff	aff
"Complete the sentence below with only one category word.\nSentence: ""A cup is a ___."" Completed sentence: A cup is a"	tool	-4.0963078	Ġtool	['container', 'vessel', '**', 'drinking', 'beverage']	aff	neg
"Complete the sentence below with only one category word.\nSentence: ""A cup is not a ___."" Completed sentence: A cup is not a"	tool	-2.9267578	Ġtool	['container', 'vessel', 'liquid', 'tool', '___']	neg	neg
"Complete the sentence below with only one category word.\nSentence: ""A cup is not a ___."" Completed sentence: A cup is not a"	container	-1.2706642	Ġcontainer	['container', 'vessel', 'liquid', 'tool', '___']	neg	aff
"Complete the sentence below with only one category word.\nSentence: ""A puppy is a ___."" Completed sentence: A puppy is a"	dog	-3.977724	Ġdog	['mamm', '___', 'domestic', 'pet', '(']	aff	aff
"Complete the sentence below with only one category word.\nSentence: ""A puppy is a ___."" Completed sentence: A puppy is a"	cat	-8.834517	Ġcat	['mamm', '___', 'domestic', 'pet', '(']	aff	neg
"Complete the sentence below with only one category word.\nSentence: ""A puppy is not a ___."" Completed sentence: A puppy is not a"	cat	-4.7350197	Ġcat	['mamm', 'dog', '___', 'pet', 'domestic']	neg	neg
"Complete the sentence below with only one category word.\nSentence: ""A puppy is not a ___."" Completed sentence: A puppy is not a"	dog	-2.5874062	Ġdog	['mamm', 'dog', '___', 'pet', 'domestic']	neg	aff
"Complete the sentence below with only one category word.\nSentence: ""A stone is a ___."" Completed sentence: A stone is a"	rock	-2.2029152	Ġrock	['natural', 'mineral', 'rock', '\\', 'physical']	aff	aff
"Complete the sentence below with only one category word.\nSentence: ""A stone is a ___."" Completed sentence: A stone is a"	place	-9.470452	Ġplace	['natural', 'mineral', 'rock', '\\', 'physical']	aff	neg
"Complete the sentence below with only one category word.\nSentence: ""A stone is not a ___."" Completed sentence: A stone is not a"	place	-10.804632	Ġplace	['living', 'rock', 'mineral', '___', '(']	neg	neg
"Complete the sentence below with only one category word.\nSentence: ""A stone is not a ___."" Completed sentence: A stone is not a"	rock	-1.9922771	Ġrock	['living', 'rock', 'mineral', '___', '(']	neg	aff
"Complete the sentence below with only one category word.\nSentence: ""A clay is a ___."" Completed sentence: A clay is a"	material	-2.018322	Ġmaterial	['material', 'natural', 'substance', '___', 'solid']	aff	aff
"Complete the sentence below with only one category word.\nSentence: ""A clay is a ___."" Completed sentence: A clay is a"	person	-9.54314	Ġperson	['material', 'natural', 'substance', '___', 'solid']	aff	neg
"Complete the sentence below with only one category word.\nSentence: ""A clay is not a ___."" Completed sentence: A clay is not a"	person	-8.815865	Ġperson	['___', '(', 'rock', '____', '__']	neg	neg
"Complete the sentence below with only one category word.\nSentence: ""A clay is not a ___."" Completed sentence: A clay is not a"	material	-3.214367	Ġmaterial	['___', '(', 'rock', '____', '__']	neg	aff
"Complete the sentence below with only one category word.\nSentence: ""A dragon is a ___."" Completed sentence: A dragon is a"	creature	-3.6079712	Ġcreature	['mythical', 'myth', 'fictional', 'creature', 'legendary']	aff	aff
"Complete the sentence below with only one category word.\nSentence: ""A dragon is a ___."" Completed sentence: A dragon is a"	plant	-9.672406	Ġplant	['mythical', 'myth', 'fictional', 'creature', 'legendary']	aff	neg
"Complete the sentence below with only one category word.\nSentence: ""A dragon is not a ___."" Completed sentence: A dragon is not a"	plant	-5.318203	Ġplant	['rept', 'mamm', 'bird', 'fish', 'real']	neg	neg
"Complete the sentence below with only one category word.\nSentence: ""A dragon is not a ___."" Completed sentence: A dragon is not a"	creature	-3.746025	Ġcreature	['rept', 'mamm', 'bird', 'fish', 'real']	neg	aff
"Complete the sentence below with only one category word.\nSentence: ""A beetle is an ___."" Completed sentence: A beetle is an"	insect	-0.6066799	Ġinsect	['insect', 'in', 'ar', 'animal', 'In']	aff	aff
"Complete the sentence below with only one category word.\nSentence: ""A beetle is a ___."" Completed sentence: A beetle is a"	plant	-6.4218235	Ġplant	['___', '______', '__', '\\', '____']	aff	neg
"Complete the sentence below with only one category word.\nSentence: ""A beetle is not a ___."" Completed sentence: A beetle is not a"	plant	-3.7161503	Ġplant	['___', 'mamm', '____', '______', '__']	neg	neg
"Complete the sentence below with only one category word.\nSentence: ""A beetle is not an ___."" Completed sentence: A beetle is not an"	insect	-0.35014725	Ġinsect	['insect', 'animal', 'ar', 'in', '___']	neg	aff
"Complete the sentence below with only one category word.\nSentence: ""A wheel is a ___."" Completed sentence: A wheel is a"	tool	-3.9503403	Ġtool	['machine', 'mechanical', 'circle', '\\', 'circular']	aff	aff
"Complete the sentence below with only one category word.\nSentence: ""A wheel is a ___."" Completed sentence: A wheel is a"	place	-10.795099	Ġplace	['machine', 'mechanical', 'circle', '\\', 'circular']	aff	neg
"Complete the sentence below with only one category word.\nSentence: ""A wheel is not a ___."" Completed sentence: A wheel is not a"	place	-9.720577	Ġplace	['machine', 'tool', '___', 'wheel', '\\']	neg	neg
"Complete the sentence below with only one category word.\nSentence: ""A wheel is not a ___."" Completed sentence: A wheel is not a"	tool	-2.4094791	Ġtool	['machine', 'tool', '___', 'wheel', '\\']	neg	aff
"Complete the sentence below with only one category word.\nSentence: ""A daisy is a ___."" Completed sentence: A daisy is a"	plant	-2.123846	Ġplant	['flower', 'plant', '___', 'flowering', '__']	aff	aff
"Complete the sentence below with only one category word.\nSentence: ""A daisy is an ___."" Completed sentence: A daisy is an"	animal	-6.159952	Ġanimal	['___', '**', 'herb', 'annual', '__']	aff	neg
"Complete the sentence below with only one category word.\nSentence: ""A daisy is not an ___."" Completed sentence: A daisy is not an"	animal	-1.8954449	Ġanimal	['animal', '___', 'herb', 'annual', 'insect']	neg	neg
"Complete the sentence below with only one category word.\nSentence: ""A daisy is not a ___."" Completed sentence: A daisy is not a"	plant	-1.8446808	Ġplant	['flower', 'plant', '___', '__', 'vegetable']	neg	aff
"Complete the sentence below with only one category word.\nSentence: ""A holiday is a ___."" Completed sentence: A holiday is a"	break	-3.8893394	Ġbreak	['vacation', 'time', '(', 'special', '\\']	aff	aff
"Complete the sentence below with only one category word.\nSentence: ""A holiday is a ___."" Completed sentence: A holiday is a"	work	-9.939929	Ġwork	['vacation', 'time', '(', 'special', '\\']	aff	neg
"Complete the sentence below with only one category word.\nSentence: ""A holiday is not a ___."" Completed sentence: A holiday is not a"	work	-4.179182	Ġwork	"['vacation', 'season', '(', '""', 'holiday']"	neg	neg
"Complete the sentence below with only one category word.\nSentence: ""A holiday is not a ___."" Completed sentence: A holiday is not a"	break	-5.438904	Ġbreak	"['vacation', 'season', '(', '""', 'holiday']"	neg	aff
"Complete the sentence below with only one category word.\nSentence: ""An insect is an ___."" Completed sentence: An insect is an"	arthropod	-2.2549515	Ġar	['in', 'animal', 'ar', 'organism', 'insect']	aff	aff
"Complete the sentence below with only one category word.\nSentence: ""An insect is a ___."" Completed sentence: An insect is a"	mammal	-7.4558725	ĠM	['___', 'living', '\\', '__', '______']	aff	neg
"Complete the sentence below with only one category word.\nSentence: ""An insect is not a ___."" Completed sentence: An insect is not a"	mammal	-2.7174206	Ġmamm	['___', 'verte', 'mamm', 'plant', '\\']	neg	neg
"Complete the sentence below with only one category word.\nSentence: ""An insect is not an ___."" Completed sentence: An insect is not an"	arthropod	-3.6451092	Ġar	['animal', 'in', 'insect', 'organism', '___']	neg	aff
"Complete the sentence below with only one category word.\nSentence: ""A lily is a ___."" Completed sentence: A lily is a"	flora	-7.9463005	Ġflora	['flower', 'plant', '___', 'flowering', 'type']	aff	aff
"Complete the sentence below with only one category word.\nSentence: ""A lily is a ___."" Completed sentence: A lily is a"	tool	-12.523422	Ġtool	['flower', 'plant', '___', 'flowering', 'type']	aff	neg
"Complete the sentence below with only one category word.\nSentence: ""A lily is not a ___."" Completed sentence: A lily is not a"	tool	-9.699822	Ġtool	['flower', 'plant', '___', '(', 'vegetable']	neg	neg
"Complete the sentence below with only one category word.\nSentence: ""A lily is not a ___."" Completed sentence: A lily is not a"	flora	-9.458651	Ġflora	['flower', 'plant', '___', '(', 'vegetable']	neg	aff
"Complete the sentence below with only one category word.\nSentence: ""A cardinal is a ___."" Completed sentence: A cardinal is a"	bird	-0.43626213	Ġbird	['bird', 'type', '\\', '(', '**']	aff	aff
"Complete the sentence below with only one category word.\nSentence: ""A cardinal is a ___."" Completed sentence: A cardinal is a"	tree	-9.065006	Ġtree	['bird', 'type', '\\', '(', '**']	aff	neg
"Complete the sentence below with only one category word.\nSentence: ""A cardinal is not a ___."" Completed sentence: A cardinal is not a"	tree	-7.0584974	Ġtree	['bird', '(', 'fish', 'mamm', '___']	neg	neg
"Complete the sentence below with only one category word.\nSentence: ""A cardinal is not a ___."" Completed sentence: A cardinal is not a"	bird	-0.5780277	Ġbird	['bird', '(', 'fish', 'mamm', '___']	neg	aff
"Complete the sentence below with only one category word.\nSentence: ""A swan is a ___."" Completed sentence: A swan is a"	bird	-0.4527874	Ġbird	['bird', '\\', '(', '___', '__']	aff	aff
"Complete the sentence below with only one category word.\nSentence: ""A swan is a ___."" Completed sentence: A swan is a"	plant	-10.203006	Ġplant	['bird', '\\', '(', '___', '__']	aff	neg
"Complete the sentence below with only one category word.\nSentence: ""A swan is not a ___."" Completed sentence: A swan is not a"	plant	-8.473235	Ġplant	['bird', 'mamm', '(', '___', 'fish']	neg	neg
"Complete the sentence below with only one category word.\nSentence: ""A swan is not a ___."" Completed sentence: A swan is not a"	bird	-0.5746212	Ġbird	['bird', 'mamm', '(', '___', 'fish']	neg	aff
"Complete the sentence below with only one category word.\nSentence: ""A calliper is a ___."" Completed sentence: A calliper is a"	tool	-1.6641178	Ġtool	['measuring', 'tool', 'measurement', 'scientific', 'mechanical']	aff	aff
"Complete the sentence below with only one category word.\nSentence: ""A calliper is a ___."" Completed sentence: A calliper is a"	weapon	-11.768791	Ġweapon	['measuring', 'tool', 'measurement', 'scientific', 'mechanical']	aff	neg
"Complete the sentence below with only one category word.\nSentence: ""A calliper is not a ___."" Completed sentence: A calliper is not a"	weapon	-7.0646963	Ġweapon	['tool', 'measuring', '___', '(', '__']	neg	neg
"Complete the sentence below with only one category word.\nSentence: ""A calliper is not a ___."" Completed sentence: A calliper is not a"	tool	-0.6628437	Ġtool	['tool', 'measuring', '___', '(', '__']	neg	aff
"Complete the sentence below with only one category word.\nSentence: ""A cathedral is a ___."" Completed sentence: A cathedral is a"	church	-3.538107	Ġchurch	['religious', 'building', 'place', 'structure', '**']	aff	aff
"Complete the sentence below with only one category word.\nSentence: ""A cathedral is a ___."" Completed sentence: A cathedral is a"	house	-6.7491875	Ġhouse	['religious', 'building', 'place', 'structure', '**']	aff	neg
"Complete the sentence below with only one category word.\nSentence: ""A cathedral is not a ___."" Completed sentence: A cathedral is not a"	house	-3.0918827	Ġhouse	['building', 'church', '(', 'house', 'structure']	neg	neg
"Complete the sentence below with only one category word.\nSentence: ""A cathedral is not a ___."" Completed sentence: A cathedral is not a"	church	-2.6278267	Ġchurch	['building', 'church', '(', 'house', 'structure']	neg	aff
"Complete the sentence below with only one category word.\nSentence: ""A pear is a ___."" Completed sentence: A pear is a"	fruit	-0.1413517	Ġfruit	['fruit', '___', 'F', '(', '**']	aff	aff
"Complete the sentence below with only one category word.\nSentence: ""A pear is a ___."" Completed sentence: A pear is a"	vegetable	-5.5616474	Ġvegetable	['fruit', '___', 'F', '(', '**']	aff	neg
"Complete the sentence below with only one category word.\nSentence: ""A pear is not a ___."" Completed sentence: A pear is not a"	vegetable	-3.4902039	Ġvegetable	['fruit', '___', 'vegetable', '(', '______']	neg	neg
"Complete the sentence below with only one category word.\nSentence: ""A pear is not a ___."" Completed sentence: A pear is not a"	fruit	-0.32152367	Ġfruit	['fruit', '___', 'vegetable', '(', '______']	neg	aff
"Complete the sentence below with only one category word.\nSentence: ""A watermelon is a ___."" Completed sentence: A watermelon is a"	fruit	-0.3393669	Ġfruit	['fruit', '___', 'vegetable', '(', 'F']	aff	aff
"Complete the sentence below with only one category word.\nSentence: ""A watermelon is a ___."" Completed sentence: A watermelon is a"	vegetable	-3.626669	Ġvegetable	['fruit', '___', 'vegetable', '(', 'F']	aff	neg
"Complete the sentence below with only one category word.\nSentence: ""A watermelon is not a ___."" Completed sentence: A watermelon is not a"	vegetable	-1.8274822	Ġvegetable	['fruit', 'vegetable', '___', '(', 'plant']	neg	neg
"Complete the sentence below with only one category word.\nSentence: ""A watermelon is not a ___."" Completed sentence: A watermelon is not a"	fruit	-0.6835842	Ġfruit	['fruit', 'vegetable', '___', '(', 'plant']	neg	aff
"Complete the sentence below with only one category word.\nSentence: ""A tugboat is a ___."" Completed sentence: A tugboat is a"	vessel	-1.9128933	Ġvessel	['vessel', 'machine', 'mechanical', 'n', 'boat']	aff	aff
"Complete the sentence below with only one category word.\nSentence: ""A tugboat is a ___."" Completed sentence: A tugboat is a"	toy	-9.972687	Ġtoy	['vessel', 'machine', 'mechanical', 'n', 'boat']	aff	neg
"Complete the sentence below with only one category word.\nSentence: ""A tugboat is not a ___."" Completed sentence: A tugboat is not a"	toy	-6.1913395	Ġtoy	['boat', 'ship', 'machine', 'vehicle', '(']	neg	neg
"Complete the sentence below with only one category word.\nSentence: ""A tugboat is not a ___."" Completed sentence: A tugboat is not a"	vessel	-3.2915745	Ġvessel	['boat', 'ship', 'machine', 'vehicle', '(']	neg	aff
"Complete the sentence below with only one category word.\nSentence: ""A poet is a ___."" Completed sentence: A poet is a"	writer	-2.1416664	Ġwriter	['person', 'writer', '\\', 'creative', '__']	aff	aff
"Complete the sentence below with only one category word.\nSentence: ""A poet is a ___."" Completed sentence: A poet is a"	tool	-9.413012	Ġtool	['person', 'writer', '\\', 'creative', '__']	aff	neg
"Complete the sentence below with only one category word.\nSentence: ""A poet is not a ___."" Completed sentence: A poet is not a"	tool	-5.8673315	Ġtool	['musician', 'writer', 'scientist', '(', 'professional']	neg	neg
"Complete the sentence below with only one category word.\nSentence: ""A poet is not a ___."" Completed sentence: A poet is not a"	writer	-2.5758114	Ġwriter	['musician', 'writer', 'scientist', '(', 'professional']	neg	aff
"Complete the sentence below with only one category word.\nSentence: ""An athlete is a ___."" Completed sentence: An athlete is a"	sportsman	-4.0082035	Ġsports	['person', 'human', 'professional', '\\', '(']	aff	aff
"Complete the sentence below with only one category word.\nSentence: ""An athlete is a ___."" Completed sentence: An athlete is a"	poet	-14.281911	Ġpoet	['person', 'human', 'professional', '\\', '(']	aff	neg
"Complete the sentence below with only one category word.\nSentence: ""An athlete is not a ___."" Completed sentence: An athlete is not a"	poet	-9.386747	Ġpoet	"['(', 'human', 'professional', '""', 'machine']"	neg	neg
"Complete the sentence below with only one category word.\nSentence: ""An athlete is not a ___."" Completed sentence: An athlete is not a"	sportsman	-5.1227646	Ġsports	"['(', 'human', 'professional', '""', 'machine']"	neg	aff
"Complete the sentence below with only one category word.\nSentence: ""A musician is a ___."" Completed sentence: A musician is a"	professional	-2.0003529	Ġprofessional	['person', 'professional', '\\', 'profession', '**']	aff	aff
"Complete the sentence below with only one category word.\nSentence: ""A musician is an ___."" Completed sentence: A musician is an"	athlete	-6.988743	Ġathlete	['artist', '**', 'art', 'occupational', 'individual']	aff	neg
"Complete the sentence below with only one category word.\nSentence: ""A musician is not an ___."" Completed sentence: A musician is not an"	athlete	-4.9223347	Ġathlete	"['instrument', 'artist', '""', '**', '(']"	neg	neg
"Complete the sentence below with only one category word.\nSentence: ""A musician is not a ___."" Completed sentence: A musician is not a"	professional	-2.6812725	Ġprofessional	"['(', 'professional', 'musician', '""', '___']"	neg	aff
"Complete the sentence below with only one category word.\nSentence: ""A cook is a ___."" Completed sentence: A cook is a"	chef	-2.8925838	Ġchef	['professional', 'profession', 'person', 'job', 'chef']	aff	aff
"Complete the sentence below with only one category word.\nSentence: ""A cook is a ___."" Completed sentence: A cook is a"	waiter	-7.6775246	Ġwaiter	['professional', 'profession', 'person', 'job', 'chef']	aff	neg
"Complete the sentence below with only one category word.\nSentence: ""A cook is not a ___."" Completed sentence: A cook is not a"	waiter	-4.939541	Ġwaiter	['chef', 'professional', '(', '___', 'profession']	neg	neg
"Complete the sentence below with only one category word.\nSentence: ""A cook is not a ___."" Completed sentence: A cook is not a"	chef	-1.4828491	Ġchef	['chef', 'professional', '(', '___', 'profession']	neg	aff
"Complete the sentence below with only one category word.\nSentence: ""A shirt is a ___."" Completed sentence: A shirt is a"	garment	-1.7967911	Ġgarment	['clothing', 'garment', 'piece', '\\', 'T']	aff	aff
"Complete the sentence below with only one category word.\nSentence: ""A shirt is a ___."" Completed sentence: A shirt is a"	house	-10.875742	Ġhouse	['clothing', 'garment', 'piece', '\\', 'T']	aff	neg
"Complete the sentence below with only one category word.\nSentence: ""A shirt is not a ___."" Completed sentence: A shirt is not a"	house	-6.7302666	Ġhouse	['\\', 'clothing', 'garment', '(', '___']	neg	neg
"Complete the sentence below with only one category word.\nSentence: ""A shirt is not a ___."" Completed sentence: A shirt is not a"	garment	-2.414402	Ġgarment	['\\', 'clothing', 'garment', '(', '___']	neg	aff
"Complete the sentence below with only one category word.\nSentence: ""A doorknob is a ___."" Completed sentence: A doorknob is a"	furnishing	-12.189839	Ġfurn	['tool', 'mechanical', 'hardware', '\\', '**']	aff	aff
"Complete the sentence below with only one category word.\nSentence: ""A doorknob is a ___."" Completed sentence: A doorknob is a"	computer	-11.2916565	Ġcomputer	['tool', 'mechanical', 'hardware', '\\', '**']	aff	neg
"Complete the sentence below with only one category word.\nSentence: ""A doorknob is not a ___."" Completed sentence: A doorknob is not a"	computer	-7.8099937	Ġcomputer	['tool', '\\', 'hinge', '(', 'TOOL']	neg	neg
"Complete the sentence below with only one category word.\nSentence: ""A doorknob is not a ___."" Completed sentence: A doorknob is not a"	furnishing	-13.318533	Ġfurn	['tool', '\\', 'hinge', '(', 'TOOL']	neg	aff
"Complete the sentence below with only one category word.\nSentence: ""A spoon is an ___."" Completed sentence: A spoon is an"	utensil	-1.45821	Ġutens	['utens', 'eating', 'object', 'E', 'instrument']	aff	aff
"Complete the sentence below with only one category word.\nSentence: ""A spoon is a ___."" Completed sentence: A spoon is a"	toy	-10.239628	Ġtoy	['utens', 'kitchen', 'tool', 'cooking', 'TOOL']	aff	neg
"Complete the sentence below with only one category word.\nSentence: ""A spoon is not a ___."" Completed sentence: A spoon is not a"	toy	-7.2372427	Ġtoy	['tool', 'utens', 'TOOL', '___', 'knife']	neg	neg
"Complete the sentence below with only one category word.\nSentence: ""A spoon is not an ___."" Completed sentence: A spoon is not an"	utensil	-2.0035744	Ġutens	['instrument', 'utens', 'implement', 'object', 'eating']	neg	aff
"Complete the sentence below with only one category word.\nSentence: ""A movie is a ___."" Completed sentence: A movie is a"	film	-4.2235527	Ġfilm	['form', 'medium', '**', 'work', '(']	aff	aff
"Complete the sentence below with only one category word.\nSentence: ""A movie is a ___."" Completed sentence: A movie is a"	place	-8.868347	Ġplace	['form', 'medium', '**', 'work', '(']	aff	neg
"Complete the sentence below with only one category word.\nSentence: ""A movie is not a ___."" Completed sentence: A movie is not a"	place	-7.4777403	Ġplace	"['book', '(', '""', '\\', 'TV']"	neg	neg
"Complete the sentence below with only one category word.\nSentence: ""A movie is not a ___."" Completed sentence: A movie is not a"	film	-6.0418024	Ġfilm	"['book', '(', '""', '\\', 'TV']"	neg	aff
"Complete the sentence below with only one category word.\nSentence: ""A mansion is a ___."" Completed sentence: A mansion is a"	building	-4.180887	Ġbuilding	['large', 'luxury', 'luxurious', '(', '\\']	aff	aff
"Complete the sentence below with only one category word.\nSentence: ""A mansion is an ___."" Completed sentence: A mansion is an"	apartment	-6.2203836	Ġapartment	['expensive', 'extravagant', '*', 'architectural', '\\']	aff	neg
"Complete the sentence below with only one category word.\nSentence: ""A mansion is not an ___."" Completed sentence: A mansion is not an"	apartment	-1.1526108	Ġapartment	"['apartment', 'affordable', '""', '(', 'ordinary']"	neg	neg
"Complete the sentence below with only one category word.\nSentence: ""A mansion is not a ___."" Completed sentence: A mansion is not a"	building	-3.156351	Ġbuilding	['house', 'home', 'dwelling', '(', 'small']	neg	aff
"Complete the sentence below with only one category word.\nSentence: ""A monument is a ___."" Completed sentence: A monument is a"	structure	-2.035593	Ġstructure	['structure', 'historical', 'man', 'landmark', '**']	aff	aff
"Complete the sentence below with only one category word.\nSentence: ""A monument is a ___."" Completed sentence: A monument is a"	toy	-13.786846	Ġtoy	['structure', 'historical', 'man', 'landmark', '**']	aff	neg
"Complete the sentence below with only one category word.\nSentence: ""A monument is not a ___."" Completed sentence: A monument is not a"	toy	-7.5826626	Ġtoy	['building', 'structure', '(', 'living', 'statue']	neg	neg
"Complete the sentence below with only one category word.\nSentence: ""A monument is not a ___."" Completed sentence: A monument is not a"	structure	-2.627493	Ġstructure	['building', 'structure', '(', 'living', 'statue']	neg	aff
"Complete the sentence below with only one category word.\nSentence: ""A candle is a ___."" Completed sentence: A candle is a"	light	-2.6329021	Ġlight	['source', 'fuel', 'light', 'flame', '(']	aff	aff
"Complete the sentence below with only one category word.\nSentence: ""A candle is a ___."" Completed sentence: A candle is a"	sound	-12.884102	Ġsound	['source', 'fuel', 'light', 'flame', '(']	aff	neg
"Complete the sentence below with only one category word.\nSentence: ""A candle is not a ___."" Completed sentence: A candle is not a"	sound	-9.1672735	Ġsound	['liquid', 'source', 'fuel', 'light', '(']	neg	neg
"Complete the sentence below with only one category word.\nSentence: ""A candle is not a ___."" Completed sentence: A candle is not a"	light	-2.7095451	Ġlight	['liquid', 'source', 'fuel', 'light', '(']	neg	aff
"Complete the sentence below with only one category word.\nSentence: ""A poodle is a ___."" Completed sentence: A poodle is a"	dog	-0.5702114	Ġdog	['dog', 'breed', 'domestic', 'type', '___']	aff	aff
"Complete the sentence below with only one category word.\nSentence: ""A poodle is a ___."" Completed sentence: A poodle is a"	bird	-8.59126	Ġbird	['dog', 'breed', 'domestic', 'type', '___']	aff	neg
"Complete the sentence below with only one category word.\nSentence: ""A poodle is not a ___."" Completed sentence: A poodle is not a"	bird	-4.099247	Ġbird	['dog', 'mamm', '___', 'domestic', '__']	neg	neg
"Complete the sentence below with only one category word.\nSentence: ""A poodle is not a ___."" Completed sentence: A poodle is not a"	dog	-1.2033653	Ġdog	['dog', 'mamm', '___', 'domestic', '__']	neg	aff
"Complete the sentence below with only one category word.\nSentence: ""A baby is a ___."" Completed sentence: A baby is a"	human	-2.0120678	Ġhuman	['human', 'young', 'baby', '(', '\\']	aff	aff
"Complete the sentence below with only one category word.\nSentence: ""A baby is a ___."" Completed sentence: A baby is a"	cat	-10.590077	Ġcat	['human', 'young', 'baby', '(', '\\']	aff	neg
"Complete the sentence below with only one category word.\nSentence: ""A baby is not a ___."" Completed sentence: A baby is not a"	cat	-7.317664	Ġcat	['human', '(', '___', 'living', 'baby']	neg	neg
"Complete the sentence below with only one category word.\nSentence: ""A baby is not a ___."" Completed sentence: A baby is not a"	human	-2.2358513	Ġhuman	['human', '(', '___', 'living', 'baby']	neg	aff
"Complete the sentence below with only one category word.\nSentence: ""A snowflake is a ___."" Completed sentence: A snowflake is a"	flake	-6.589532	Ġfl	['natural', '**', '\\', 'solid', 'crystal']	aff	aff
"Complete the sentence below with only one category word.\nSentence: ""A snowflake is a ___."" Completed sentence: A snowflake is a"	cloud	-7.937729	Ġcloud	['natural', '**', '\\', 'solid', 'crystal']	aff	neg
"Complete the sentence below with only one category word.\nSentence: ""A snowflake is not a ___."" Completed sentence: A snowflake is not a"	cloud	-5.4042645	Ġcloud	['living', 'plant', '___', 'solid', '(']	neg	neg
"Complete the sentence below with only one category word.\nSentence: ""A snowflake is not a ___."" Completed sentence: A snowflake is not a"	flake	-7.004815	Ġfl	['living', 'plant', '___', 'solid', '(']	neg	aff
"Complete the sentence below with only one category word.\nSentence: ""A violin is an ___."" Completed sentence: A violin is an"	instrument	-0.28701973	Ġinstrument	['instrument', 'musical', '**', 'Instrument', 'orchestra']	aff	aff
"Complete the sentence below with only one category word.\nSentence: ""A violin is a ___."" Completed sentence: A violin is a"	toy	-9.83547	Ġtoy	['musical', 'string', '(', '**', 'STRING']	aff	neg
"Complete the sentence below with only one category word.\nSentence: ""A violin is not a ___."" Completed sentence: A violin is not a"	toy	-4.597666	Ġtoy	['musical', 'string', '(', 'tool', '____']	neg	neg
"Complete the sentence below with only one category word.\nSentence: ""A violin is not an ___."" Completed sentence: A violin is not an"	instrument	-0.25511932	Ġinstrument	['instrument', 'orchestra', '(', '**', 'musical']	neg	aff
"Complete the sentence below with only one category word.\nSentence: ""A spade is a ___."" Completed sentence: A spade is a"	tool	-0.2523594	Ġtool	['tool', 'TOOL', '\\', '**', '____']	aff	aff
"Complete the sentence below with only one category word.\nSentence: ""A spade is a ___."" Completed sentence: A spade is a"	food	-12.977003	Ġfood	['tool', 'TOOL', '\\', '**', '____']	aff	neg
"Complete the sentence below with only one category word.\nSentence: ""A spade is not a ___."" Completed sentence: A spade is not a"	food	-8.732892	Ġfood	['tool', 'TOOL', '(', '___', '\\']	neg	neg
"Complete the sentence below with only one category word.\nSentence: ""A spade is not a ___."" Completed sentence: A spade is not a"	tool	-0.46692276	Ġtool	['tool', 'TOOL', '(', '___', '\\']	neg	aff
"Complete the sentence below with only one category word.\nSentence: ""An onion is a ___."" Completed sentence: An onion is a"	vegetable	-0.26973915	Ġvegetable	['vegetable', 'plant', 'fruit', '___', '\\']	aff	aff
"Complete the sentence below with only one category word.\nSentence: ""An onion is a ___."" Completed sentence: An onion is a"	fruit	-3.6883926	Ġfruit	['vegetable', 'plant', 'fruit', '___', '\\']	aff	neg
"Complete the sentence below with only one category word.\nSentence: ""An onion is not a ___."" Completed sentence: An onion is not a"	fruit	-2.4485493	Ġfruit	['vegetable', 'fruit', 'plant', '___', 'root']	neg	neg
"Complete the sentence below with only one category word.\nSentence: ""An onion is not a ___."" Completed sentence: An onion is not a"	vegetable	-0.33151627	Ġvegetable	['vegetable', 'fruit', 'plant', '___', 'root']	neg	aff
"Complete the sentence below with only one category word.\nSentence: ""A mailman is a ___."" Completed sentence: A mailman is a"	worker	-2.205986	Ġworker	['person', 'worker', 'profession', 'professional', '\\']	aff	aff
"Complete the sentence below with only one category word.\nSentence: ""A mailman is a ___."" Completed sentence: A mailman is a"	police	-11.897963	Ġpolice	['person', 'worker', 'profession', 'professional', '\\']	aff	neg
"Complete the sentence below with only one category word.\nSentence: ""A mailman is not a ___."" Completed sentence: A mailman is not a"	police	-8.2212715	Ġpolice	"['(', '\\', 'worker', '""', 'professional']"	neg	neg
"Complete the sentence below with only one category word.\nSentence: ""A mailman is not a ___."" Completed sentence: A mailman is not a"	worker	-2.7333298	Ġworker	"['(', '\\', 'worker', '""', 'professional']"	neg	aff
"Complete the sentence below with only one category word.\nSentence: ""A policeman is a ___."" Completed sentence: A policeman is a"	worker	-5.7558575	Ġworker	['law', '\\', '__', 'person', 'professional']	aff	aff
"Complete the sentence below with only one category word.\nSentence: ""A policeman is a ___."" Completed sentence: A policeman is a"	material	-14.198301	Ġmaterial	['law', '\\', '__', 'person', 'professional']	aff	neg
"Complete the sentence below with only one category word.\nSentence: ""A policeman is not a ___."" Completed sentence: A policeman is not a"	material	-11.636847	Ġmaterial	"['(', '""', '__', '\\', '___']"	neg	neg
"Complete the sentence below with only one category word.\nSentence: ""A policeman is not a ___."" Completed sentence: A policeman is not a"	worker	-4.5883636	Ġworker	"['(', '""', '__', '\\', '___']"	neg	aff
"Complete the sentence below with only one category word.\nSentence: ""A sand is a ___."" Completed sentence: A sand is a"	material	-4.273205	Ġmaterial	['mineral', 'substance', 'solid', 'natural', '\\']	aff	aff
"Complete the sentence below with only one category word.\nSentence: ""A sand is a ___."" Completed sentence: A sand is a"	house	-12.617082	Ġhouse	['mineral', 'substance', 'solid', 'natural', '\\']	aff	neg
"Complete the sentence below with only one category word.\nSentence: ""A sand is not a ___."" Completed sentence: A sand is not a"	house	-9.690224	Ġhouse	['mineral', 'solid', 'liquid', '(', '___']	neg	neg
"Complete the sentence below with only one category word.\nSentence: ""A sand is not a ___."" Completed sentence: A sand is not a"	material	-5.2822075	Ġmaterial	['mineral', 'solid', 'liquid', '(', '___']	neg	aff
"Complete the sentence below with only one category word.\nSentence: ""A grapefruit is a ___."" Completed sentence: A grapefruit is a"	fruit	-0.38574028	Ġfruit	['fruit', 'citrus', 'F', '___', '\\']	aff	aff
"Complete the sentence below with only one category word.\nSentence: ""A grapefruit is a ___."" Completed sentence: A grapefruit is a"	color	-10.942141	Ġcolor	['fruit', 'citrus', 'F', '___', '\\']	aff	neg
"Complete the sentence below with only one category word.\nSentence: ""A grapefruit is not a ___."" Completed sentence: A grapefruit is not a"	color	-10.229637	Ġcolor	['fruit', 'citrus', '___', 'vegetable', '(']	neg	neg
"Complete the sentence below with only one category word.\nSentence: ""A grapefruit is not a ___."" Completed sentence: A grapefruit is not a"	fruit	-0.5222759	Ġfruit	['fruit', 'citrus', '___', 'vegetable', '(']	neg	aff
"Complete the sentence below with only one category word.\nSentence: ""A couch is a ___."" Completed sentence: A couch is a"	furniture	-0.90291977	Ġfurniture	['furniture', 'piece', '\\', '(', 'sitting']	aff	aff
"Complete the sentence below with only one category word.\nSentence: ""A couch is a ___."" Completed sentence: A couch is a"	building	-12.051646	Ġbuilding	['furniture', 'piece', '\\', '(', 'sitting']	aff	neg
"Complete the sentence below with only one category word.\nSentence: ""A couch is not a ___."" Completed sentence: A couch is not a"	building	-7.2306547	Ġbuilding	['furniture', 'living', '\\', 'piece', '(']	neg	neg
"Complete the sentence below with only one category word.\nSentence: ""A couch is not a ___."" Completed sentence: A couch is not a"	furniture	-2.3357143	Ġfurniture	['furniture', 'living', '\\', 'piece', '(']	neg	aff
"Complete the sentence below with only one category word.\nSentence: ""A lawyer is a ___."" Completed sentence: A lawyer is a"	professional	-1.2702236	Ġprofessional	['profession', 'professional', 'person', 'legal', '__']	aff	aff
"Complete the sentence below with only one category word.\nSentence: ""A lawyer is a ___."" Completed sentence: A lawyer is a"	judge	-8.223361	Ġjudge	['profession', 'professional', 'person', 'legal', '__']	aff	neg
"Complete the sentence below with only one category word.\nSentence: ""A lawyer is not a ___."" Completed sentence: A lawyer is not a"	judge	-4.085924	Ġjudge	"['professional', '""', 'profession', '(', '____']"	neg	neg
"Complete the sentence below with only one category word.\nSentence: ""A lawyer is not a ___."" Completed sentence: A lawyer is not a"	professional	-2.2747478	Ġprofessional	"['professional', '""', 'profession', '(', '____']"	neg	aff
"Complete the sentence below with only one category word.\nSentence: ""A brinjal is a ___."" Completed sentence: A brinjal is a"	vegetable	-0.5783653	Ġvegetable	['vegetable', 'fruit', 'plant', '___', '**']	aff	aff
"Complete the sentence below with only one category word.\nSentence: ""A brinjal is a ___."" Completed sentence: A brinjal is a"	fruit	-1.3944283	Ġfruit	['vegetable', 'fruit', 'plant', '___', '**']	aff	neg
"Complete the sentence below with only one category word.\nSentence: ""A brinjal is not a ___."" Completed sentence: A brinjal is not a"	fruit	-1.0171795	Ġfruit	['vegetable', 'fruit', 'plant', '___', '(']	neg	neg
"Complete the sentence below with only one category word.\nSentence: ""A brinjal is not a ___."" Completed sentence: A brinjal is not a"	vegetable	-0.8425846	Ġvegetable	['vegetable', 'fruit', 'plant', '___', '(']	neg	aff
"Complete the sentence below with only one category word.\nSentence: ""A moon is a ___."" Completed sentence: A moon is a"	satellite	-1.441824	Ġsatellite	['celestial', 'satellite', 'natural', 'planet', 'body']	aff	aff
"Complete the sentence below with only one category word.\nSentence: ""A moon is a ___."" Completed sentence: A moon is a"	star	-9.870315	Ġstar	['celestial', 'satellite', 'natural', 'planet', 'body']	aff	neg
"Complete the sentence below with only one category word.\nSentence: ""A moon is not a ___."" Completed sentence: A moon is not a"	star	-4.6457176	Ġstar	['planet', 'satellite', 'celestial', '(', '___']	neg	neg
"Complete the sentence below with only one category word.\nSentence: ""A moon is not a ___."" Completed sentence: A moon is not a"	satellite	-1.4574146	Ġsatellite	['planet', 'satellite', 'celestial', '(', '___']	neg	aff
"Complete the sentence below with only one category word.\nSentence: ""A dresser is a ___."" Completed sentence: A dresser is a"	furniture	-1.3725185	Ġfurniture	['piece', 'furniture', '\\', '**', 'household']	aff	aff
"Complete the sentence below with only one category word.\nSentence: ""A dresser is a ___."" Completed sentence: A dresser is a"	house	-6.8669796	Ġhouse	['piece', 'furniture', '\\', '**', 'household']	aff	neg
"Complete the sentence below with only one category word.\nSentence: ""A dresser is not a ___."" Completed sentence: A dresser is not a"	house	-4.549944	Ġhouse	['\\', 'piece', 'tool', 'table', 'furniture']	neg	neg
"Complete the sentence below with only one category word.\nSentence: ""A dresser is not a ___."" Completed sentence: A dresser is not a"	furniture	-3.0347862	Ġfurniture	['\\', 'piece', 'tool', 'table', 'furniture']	neg	aff
"Complete the sentence below with only one category word.\nSentence: ""A canoe is a ___."" Completed sentence: A canoe is a"	boat	-1.620121	Ġboat	['water', 'boat', 'vessel', '\\', 'n']	aff	aff
"Complete the sentence below with only one category word.\nSentence: ""A canoe is a ___."" Completed sentence: A canoe is a"	yacht	-11.314229	ĠY	['water', 'boat', 'vessel', '\\', 'n']	aff	neg
"Complete the sentence below with only one category word.\nSentence: ""A canoe is not a ___."" Completed sentence: A canoe is not a"	yacht	-7.719351	Ġyacht	['boat', 'vehicle', 'vessel', '(', '___']	neg	neg
"Complete the sentence below with only one category word.\nSentence: ""A canoe is not a ___."" Completed sentence: A canoe is not a"	boat	-1.1083183	Ġboat	['boat', 'vehicle', 'vessel', '(', '___']	neg	aff
"Complete the sentence below with only one category word.\nSentence: ""A park is a ___."" Completed sentence: A park is a"	facility	-6.6364355	Ġfacility	['place', 'recreational', 'public', 'natural', '(']	aff	aff
"Complete the sentence below with only one category word.\nSentence: ""A park is a ___."" Completed sentence: A park is a"	paperwork	-19.744862	ĠPaper	['place', 'recreational', 'public', 'natural', '(']	aff	neg
"Complete the sentence below with only one category word.\nSentence: ""A park is not a ___."" Completed sentence: A park is not a"	paperwork	-18.300497	Ġpaperwork	['building', '(', 'playground', '\\', 'place']	neg	neg
"Complete the sentence below with only one category word.\nSentence: ""A park is not a ___."" Completed sentence: A park is not a"	facility	-5.838114	Ġfacility	['building', '(', 'playground', '\\', 'place']	neg	aff
"Complete the sentence below with only one category word.\nSentence: ""A farm is a ___."" Completed sentence: A farm is a"	land	-3.0799637	Ġland	['place', '(', '__', 'land', 'business']	aff	aff
"Complete the sentence below with only one category word.\nSentence: ""A farm is a ___."" Completed sentence: A farm is a"	color	-13.096804	Ġcolor	['place', '(', '__', 'land', 'business']	aff	neg
"Complete the sentence below with only one category word.\nSentence: ""A farm is not a ___."" Completed sentence: A farm is not a"	color	-10.673663	Ġcolor	['(', 'building', 'zoo', '__', '\\']	neg	neg
"Complete the sentence below with only one category word.\nSentence: ""A farm is not a ___."" Completed sentence: A farm is not a"	land	-5.7029095	Ġland	['(', 'building', 'zoo', '__', '\\']	neg	aff
"Complete the sentence below with only one category word.\nSentence: ""A disc is an ___."" Completed sentence: A disc is an"	electronics	-9.881851	Ġelectronics	['object', '**', 'item', '(', '\\']	aff	aff
"Complete the sentence below with only one category word.\nSentence: ""A disc is a ___."" Completed sentence: A disc is a"	material	-10.367352	Ġmaterial	['round', 'circular', 'circle', 'two', '**']	aff	neg
"Complete the sentence below with only one category word.\nSentence: ""A disc is not a ___."" Completed sentence: A disc is not a"	material	-9.066182	Ġmaterial	['circle', 'sphere', '___', 'round', '(']	neg	neg
"Complete the sentence below with only one category word.\nSentence: ""A disc is not an ___."" Completed sentence: A disc is not an"	electronics	-9.806904	Ġelectronics	['object', 'ellipse', '(', '___', '**']	neg	aff
"Complete the sentence below with only one category word.\nSentence: ""A window is a ___."" Completed sentence: A window is a"	structure	-2.8746986	Ġstructure	['window', '\\', '**', 'structure', '(']	aff	aff
"Complete the sentence below with only one category word.\nSentence: ""A window is a ___."" Completed sentence: A window is a"	place	-7.0376463	Ġplace	['window', '\\', '**', 'structure', '(']	aff	neg
"Complete the sentence below with only one category word.\nSentence: ""A window is not a ___."" Completed sentence: A window is not a"	place	-7.3918943	Ġplace	['door', 'window', '___', '(', '\\']	neg	neg
"Complete the sentence below with only one category word.\nSentence: ""A window is not a ___."" Completed sentence: A window is not a"	structure	-3.4686928	Ġstructure	['door', 'window', '___', '(', '\\']	neg	aff
"Complete the sentence below with only one category word.\nSentence: ""A pumpkin is a ___."" Completed sentence: A pumpkin is a"	vegetable	-1.9453411	Ġvegetable	['fruit', 'vegetable', 'plant', '___', '**']	aff	aff
"Complete the sentence below with only one category word.\nSentence: ""A pumpkin is a ___."" Completed sentence: A pumpkin is a"	fruit	-0.55835724	Ġfruit	['fruit', 'vegetable', 'plant', '___', '**']	aff	neg
"Complete the sentence below with only one category word.\nSentence: ""A pumpkin is not a ___."" Completed sentence: A pumpkin is not a"	fruit	-0.9558945	Ġfruit	['fruit', 'vegetable', 'plant', '___', '(']	neg	neg
"Complete the sentence below with only one category word.\nSentence: ""A pumpkin is not a ___."" Completed sentence: A pumpkin is not a"	vegetable	-0.98407364	Ġvegetable	['fruit', 'vegetable', 'plant', '___', '(']	neg	aff
"Complete the sentence below with only one category word.\nSentence: ""A bowl is an ___."" Completed sentence: A bowl is an"	utensil	-3.2633476	Ġutens	['object', '**', 'item', 'eating', 'utens']	aff	aff
"Complete the sentence below with only one category word.\nSentence: ""A bowl is a ___."" Completed sentence: A bowl is a"	toy	-9.4398365	Ġtoy	['container', 'vessel', 'utens', '**', 'kitchen']	aff	neg
"Complete the sentence below with only one category word.\nSentence: ""A bowl is not a ___."" Completed sentence: A bowl is not a"	toy	-7.140601	Ġtoy	['container', 'vessel', '___', 'cup', 'utens']	neg	neg
"Complete the sentence below with only one category word.\nSentence: ""A bowl is not an ___."" Completed sentence: A bowl is not an"	utensil	-3.5587616	Ġutens	['object', 'instrument', 'item', '**', '(']	neg	aff
"Complete the sentence below with only one category word.\nSentence: ""A fox is a ___."" Completed sentence: A fox is a"	mammal	-0.6518154	Ġmamm	['mamm', 'predator', 'carniv', 'M', '___']	aff	aff
"Complete the sentence below with only one category word.\nSentence: ""A fox is a ___."" Completed sentence: A fox is a"	fish	-9.839589	Ġfish	['mamm', 'predator', 'carniv', 'M', '___']	aff	neg
"Complete the sentence below with only one category word.\nSentence: ""A fox is not a ___."" Completed sentence: A fox is not a"	fish	-4.820347	Ġfish	['mamm', '___', 'domestic', 'bird', '____']	neg	neg
"Complete the sentence below with only one category word.\nSentence: ""A fox is not a ___."" Completed sentence: A fox is not a"	mammal	-0.7733841	Ġmamm	['mamm', '___', 'domestic', 'bird', '____']	neg	aff
"Complete the sentence below with only one category word.\nSentence: ""A spider is an ___."" Completed sentence: A spider is an"	arthropod	-1.2512093	Ġar	['ar', 'insect', 'animal', 'in', 'In']	aff	aff
"Complete the sentence below with only one category word.\nSentence: ""A spider is a ___."" Completed sentence: A spider is a"	plant	-7.3894157	Ġplant	['\\', '___', '__', 'creature', '____']	aff	neg
"Complete the sentence below with only one category word.\nSentence: ""A spider is not a ___."" Completed sentence: A spider is not a"	plant	-3.6974049	Ġplant	['___', '\\', 'mamm', '____', '(']	neg	neg
"Complete the sentence below with only one category word.\nSentence: ""A spider is not an ___."" Completed sentence: A spider is not an"	arthropod	-2.7423725	Ġar	['insect', 'animal', 'ar', 'in', '\\']	neg	aff
"Complete the sentence below with only one category word.\nSentence: ""A mountain is a ___."" Completed sentence: A mountain is a"	place	-6.549452	Ġplace	['natural', 'land', 'geographical', '**', '(']	aff	aff
"Complete the sentence below with only one category word.\nSentence: ""A mountain is a ___."" Completed sentence: A mountain is a"	thing	-7.119528	Ġthing	['natural', 'land', 'geographical', '**', '(']	aff	neg
"Complete the sentence below with only one category word.\nSentence: ""A mountain is not a ___."" Completed sentence: A mountain is not a"	thing	-6.37871	Ġthing	['plant', 'tree', '___', '(', 'mountain']	neg	neg
"Complete the sentence below with only one category word.\nSentence: ""A mountain is not a ___."" Completed sentence: A mountain is not a"	place	-6.8667917	Ġplace	['plant', 'tree', '___', '(', 'mountain']	neg	aff
"Complete the sentence below with only one category word.\nSentence: ""A magazine is a ___."" Completed sentence: A magazine is a"	publication	-2.0030441	Ġpublication	['publication', '\\', 'source', 'medium', 'print']	aff	aff
"Complete the sentence below with only one category word.\nSentence: ""A magazine is a ___."" Completed sentence: A magazine is a"	drink	-10.995573	Ġdrink	['publication', '\\', 'source', 'medium', 'print']	aff	neg
"Complete the sentence below with only one category word.\nSentence: ""A magazine is not a ___."" Completed sentence: A magazine is not a"	drink	-5.9820747	Ġdrink	['book', 'tool', '(', '\\', '___']	neg	neg
"Complete the sentence below with only one category word.\nSentence: ""A magazine is not a ___."" Completed sentence: A magazine is not a"	publication	-4.471504	Ġpublication	['book', 'tool', '(', '\\', '___']	neg	aff
"Complete the sentence below with only one category word.\nSentence: ""A desk is a ___."" Completed sentence: A desk is a"	furnishing	-8.260984	Ġfurn	['furniture', 'piece', 'tool', '\\', 'desk']	aff	aff
"Complete the sentence below with only one category word.\nSentence: ""A desk is a ___."" Completed sentence: A desk is a"	noun	-7.1249	ĠN	['furniture', 'piece', 'tool', '\\', 'desk']	aff	neg
"Complete the sentence below with only one category word.\nSentence: ""A desk is not a ___."" Completed sentence: A desk is not a"	noun	-7.3261147	ĠN	['tool', 'table', '\\', '(', 'furniture']	neg	neg
"Complete the sentence below with only one category word.\nSentence: ""A desk is not a ___."" Completed sentence: A desk is not a"	furnishing	-9.495649	Ġfurn	['tool', 'table', '\\', '(', 'furniture']	neg	aff
"Complete the sentence below with only one category word.\nSentence: ""A lamp is a ___."" Completed sentence: A lamp is a"	decoration	-7.0261126	Ġdecoration	['light', 'household', 'tool', '**', '\\']	aff	aff
"Complete the sentence below with only one category word.\nSentence: ""A lamp is a ___."" Completed sentence: A lamp is a"	toy	-7.593272	Ġtoy	['light', 'household', 'tool', '**', '\\']	aff	neg
"Complete the sentence below with only one category word.\nSentence: ""A lamp is not a ___."" Completed sentence: A lamp is not a"	toy	-4.572603	Ġtoy	['tool', 'light', '(', '___', 'lamp']	neg	neg
"Complete the sentence below with only one category word.\nSentence: ""A lamp is not a ___."" Completed sentence: A lamp is not a"	decoration	-7.847538	Ġdecoration	['tool', 'light', '(', '___', 'lamp']	neg	aff
"Complete the sentence below with only one category word.\nSentence: ""A pen is a ___."" Completed sentence: A pen is a"	stationary	-5.275902	Ġstationary	['writing', 'tool', '\\', 'TOOL', '**']	aff	aff
"Complete the sentence below with only one category word.\nSentence: ""A pen is a ___."" Completed sentence: A pen is a"	food	-11.584463	Ġfood	['writing', 'tool', '\\', 'TOOL', '**']	aff	neg
"Complete the sentence below with only one category word.\nSentence: ""A pen is not a ___."" Completed sentence: A pen is not a"	food	-7.4237986	Ġfood	['tool', 'TOOL', 'writing', '\\', '(']	neg	neg
"Complete the sentence below with only one category word.\nSentence: ""A pen is not a ___."" Completed sentence: A pen is not a"	stationary	-6.2422647	Ġstationary	['tool', 'TOOL', 'writing', '\\', '(']	neg	aff
"Complete the sentence below with only one category word.\nSentence: ""An eraser is a ___."" Completed sentence: An eraser is a"	stationary	-5.5626907	Ġstationary	['tool', 'TOOL', '**', '\\', 'writing']	aff	aff
"Complete the sentence below with only one category word.\nSentence: ""An eraser is a ___."" Completed sentence: An eraser is a"	food	-12.289513	Ġfood	['tool', 'TOOL', '**', '\\', 'writing']	aff	neg
"Complete the sentence below with only one category word.\nSentence: ""An eraser is not a ___."" Completed sentence: An eraser is not a"	food	-7.0565376	Ġfood	['tool', 'TOOL', '\\', '(', 'pen']	neg	neg
"Complete the sentence below with only one category word.\nSentence: ""An eraser is not a ___."" Completed sentence: An eraser is not a"	stationary	-7.0261955	Ġstationary	['tool', 'TOOL', '\\', '(', 'pen']	neg	aff
"Complete the sentence below with only one category word.\nSentence: ""A library is a ___."" Completed sentence: A library is a"	building	-2.0031853	Ġbuilding	"['place', 'building', '**', '(', '""']"	aff	aff
"Complete the sentence below with only one category word.\nSentence: ""A library is a ___."" Completed sentence: A library is a"	drink	-15.081293	Ġdrink	"['place', 'building', '**', '(', '""']"	aff	neg
"Complete the sentence below with only one category word.\nSentence: ""A library is not a ___."" Completed sentence: A library is not a"	drink	-10.613667	Ġdrink	"['building', '(', 'place', '""', '___']"	neg	neg
"Complete the sentence below with only one category word.\nSentence: ""A library is not a ___."" Completed sentence: A library is not a"	building	-1.6549702	Ġbuilding	"['building', '(', 'place', '""', '___']"	neg	aff
"Complete the sentence below with only one category word.\nSentence: ""A website is a ___."" Completed sentence: A website is a"	webpage	-4.646139	Ġwebpage	['medium', 'digital', '(', '**', '\\']	aff	aff
"Complete the sentence below with only one category word.\nSentence: ""A website is a ___."" Completed sentence: A website is a"	computer	-4.7625313	Ġcomputer	['medium', 'digital', '(', '**', '\\']	aff	neg
"Complete the sentence below with only one category word.\nSentence: ""A website is not a ___."" Completed sentence: A website is not a"	computer	-4.466587	Ġcomputer	"['physical', '(', '""', '___', 'tangible']"	neg	neg
"Complete the sentence below with only one category word.\nSentence: ""A website is not a ___."" Completed sentence: A website is not a"	webpage	-5.9920883	Ġwebpage	"['physical', '(', '""', '___', 'tangible']"	neg	aff
"Complete the sentence below with only one category word.\nSentence: ""A king is a ___."" Completed sentence: A king is a"	ruler	-1.4869461	Ġruler	['ruler', 'monarch', 'person', 'royal', '\\']	aff	aff
"Complete the sentence below with only one category word.\nSentence: ""A king is a ___."" Completed sentence: A king is a"	servant	-9.641387	Ġservant	['ruler', 'monarch', 'person', 'royal', '\\']	aff	neg
"Complete the sentence below with only one category word.\nSentence: ""A king is not a ___."" Completed sentence: A king is not a"	servant	-4.8942375	Ġservant	['human', 'person', '(', 'ruler', 'monarch']	neg	neg
"Complete the sentence below with only one category word.\nSentence: ""A king is not a ___."" Completed sentence: A king is not a"	ruler	-3.2009335	Ġruler	['human', 'person', '(', 'ruler', 'monarch']	neg	aff
"Complete the sentence below with only one category word.\nSentence: ""A snowman is a ___."" Completed sentence: A snowman is a"	sculpture	-1.6635475	Ġsculpture	['sculpture', 'man', '**', 'structure', '(']	aff	aff
"Complete the sentence below with only one category word.\nSentence: ""A snowman is a ___."" Completed sentence: A snowman is a"	building	-7.6497355	Ġbuilding	['sculpture', 'man', '**', 'structure', '(']	aff	neg
"Complete the sentence below with only one category word.\nSentence: ""A snowman is not a ___."" Completed sentence: A snowman is not a"	building	-4.846489	Ġbuilding	['living', '(', '___', 'plant', 'sculpture']	neg	neg
"Complete the sentence below with only one category word.\nSentence: ""A snowman is not a ___."" Completed sentence: A snowman is not a"	sculpture	-3.238905	Ġsculpture	['living', '(', '___', 'plant', 'sculpture']	neg	aff
"Complete the sentence below with only one category word.\nSentence: ""A vacuum is a ___."" Completed sentence: A vacuum is a"	machine	-3.40975	Ġmachine	['container', 'vacuum', 'device', 'closed', '**']	aff	aff
"Complete the sentence below with only one category word.\nSentence: ""A vacuum is a ___."" Completed sentence: A vacuum is a"	pet	-11.681643	Ġpet	['container', 'vacuum', 'device', 'closed', '**']	aff	neg
"Complete the sentence below with only one category word.\nSentence: ""A vacuum is not a ___."" Completed sentence: A vacuum is not a"	pet	-9.516442	Ġpet	['container', 'source', 'living', '(', 'liquid']	neg	neg
"Complete the sentence below with only one category word.\nSentence: ""A vacuum is not a ___."" Completed sentence: A vacuum is not a"	machine	-3.8328342	Ġmachine	['container', 'source', 'living', '(', 'liquid']	neg	aff
"Complete the sentence below with only one category word.\nSentence: ""A robot is a ___."" Completed sentence: A robot is a"	machine	-0.8139324	Ġmachine	['machine', 'mechanical', 'tool', '**', '\\']	aff	aff
"Complete the sentence below with only one category word.\nSentence: ""A robot is a ___."" Completed sentence: A robot is a"	pet	-10.720413	Ġpet	['machine', 'mechanical', 'tool', '**', '\\']	aff	neg
"Complete the sentence below with only one category word.\nSentence: ""A robot is not a ___."" Completed sentence: A robot is not a"	pet	-6.0372887	Ġpet	['living', 'human', '___', 'machine', '\\']	neg	neg
"Complete the sentence below with only one category word.\nSentence: ""A robot is not a ___."" Completed sentence: A robot is not a"	machine	-3.1126366	Ġmachine	['living', 'human', '___', 'machine', '\\']	neg	aff
"Complete the sentence below with only one category word.\nSentence: ""A seagull is a ___."" Completed sentence: A seagull is a"	bird	-0.37664413	Ġbird	['bird', '\\', '___', '__', '(']	aff	aff
"Complete the sentence below with only one category word.\nSentence: ""A seagull is a ___."" Completed sentence: A seagull is a"	mammal	-6.0995474	Ġmamm	['bird', '\\', '___', '__', '(']	aff	neg
"Complete the sentence below with only one category word.\nSentence: ""A seagull is not a ___."" Completed sentence: A seagull is not a"	mammal	-3.15617	Ġmamm	['bird', '___', 'mamm', '(', '__']	neg	neg
"Complete the sentence below with only one category word.\nSentence: ""A seagull is not a ___."" Completed sentence: A seagull is not a"	bird	-0.6340351	Ġbird	['bird', '___', 'mamm', '(', '__']	neg	aff
"Complete the sentence below with only one category word.\nSentence: ""A dress is a ___."" Completed sentence: A dress is a"	garment	-2.1631413	Ġgarment	['clothing', 'piece', 'garment', '\\', '**']	aff	aff
"Complete the sentence below with only one category word.\nSentence: ""A dress is a ___."" Completed sentence: A dress is a"	device	-12.070634	Ġdevice	['clothing', 'piece', 'garment', '\\', '**']	aff	neg
"Complete the sentence below with only one category word.\nSentence: ""A dress is not a ___."" Completed sentence: A dress is not a"	device	-10.630762	Ġdevice	['clothing', '\\', 'garment', '(', 'piece']	neg	neg
"Complete the sentence below with only one category word.\nSentence: ""A dress is not a ___."" Completed sentence: A dress is not a"	garment	-2.5340805	Ġgarment	['clothing', '\\', 'garment', '(', 'piece']	neg	aff
"Complete the sentence below with only one category word.\nSentence: ""A swamp is a ___."" Completed sentence: A swamp is a"	habitat	-4.2328796	Ġhabitat	['wet', 'body', 'natural', 'swamp', '**']	aff	aff
"Complete the sentence below with only one category word.\nSentence: ""A swamp is a ___."" Completed sentence: A swamp is a"	tree	-11.479647	Ġtree	['wet', 'body', 'natural', 'swamp', '**']	aff	neg
"Complete the sentence below with only one category word.\nSentence: ""A swamp is not a ___."" Completed sentence: A swamp is not a"	tree	-5.5829678	Ġtree	['(', 'lake', '___', 'wet', 'habitat']	neg	neg
"Complete the sentence below with only one category word.\nSentence: ""A swamp is not a ___."" Completed sentence: A swamp is not a"	habitat	-2.7201405	Ġhabitat	['(', 'lake', '___', 'wet', 'habitat']	neg	aff
"Complete the sentence below with only one category word.\nSentence: ""A continent is a ___."" Completed sentence: A continent is a"	landmass	-1.58815	Ġland	['land', 'geographical', 'large', '**', 'piece']	aff	aff
"Complete the sentence below with only one category word.\nSentence: ""A continent is a ___."" Completed sentence: A continent is a"	liquid	-12.912101	Ġliquid	['land', 'geographical', 'large', '**', 'piece']	aff	neg
"Complete the sentence below with only one category word.\nSentence: ""A continent is not a ___."" Completed sentence: A continent is not a"	liquid	-7.838629	Ġliquid	['country', 'land', '(', 'body', 'region']	neg	neg
"Complete the sentence below with only one category word.\nSentence: ""A continent is not a ___."" Completed sentence: A continent is not a"	landmass	-2.4297485	Ġland	['country', 'land', '(', 'body', 'region']	neg	aff
"Complete the sentence below with only one category word.\nSentence: ""An icecream is a ___."" Completed sentence: An icecream is a"	dessert	-1.0469208	Ġdessert	['dessert', 'food', 'sweet', 'treat', 'snack']	aff	aff
"Complete the sentence below with only one category word.\nSentence: ""An icecream is a ___."" Completed sentence: An icecream is a"	plant	-10.088514	Ġplant	['dessert', 'food', 'sweet', 'treat', 'snack']	aff	neg
"Complete the sentence below with only one category word.\nSentence: ""An ice cream is not a ___."" Completed sentence: An ice cream is not a"	plant	-6.1994753	Ġplant	['dessert', 'food', 'fruit', 'solid', 'liquid']	neg	neg
"Complete the sentence below with only one category word.\nSentence: ""An ice cream is not a ___."" Completed sentence: An ice cream is not a"	dessert	-1.5052776	Ġdessert	['dessert', 'food', 'fruit', 'solid', 'liquid']	neg	aff
"Complete the sentence below with only one category word.\nSentence: ""A cake is a ___."" Completed sentence: A cake is a"	dish	-7.527815	Ġdish	['dessert', 'food', 'sweet', 'baked', 'cake']	aff	aff
"Complete the sentence below with only one category word.\nSentence: ""A cake is a ___."" Completed sentence: A cake is a"	tree	-13.122041	Ġtree	['dessert', 'food', 'sweet', 'baked', 'cake']	aff	neg
"Complete the sentence below with only one category word.\nSentence: ""A cake is not a ___."" Completed sentence: A cake is not a"	tree	-7.7003508	Ġtree	['dessert', 'food', 'fruit', '(', 'vegetable']	neg	neg
"Complete the sentence below with only one category word.\nSentence: ""A cake is not a ___."" Completed sentence: A cake is not a"	dish	-5.358529	Ġdish	['dessert', 'food', 'fruit', '(', 'vegetable']	neg	aff
"Complete the sentence below with only one category word.\nSentence: ""A cookie is a ___."" Completed sentence: A cookie is a"	dessert	-2.0950623	Ġdessert	['sweet', 'dessert', 'food', 'snack', 'treat']	aff	aff
"Complete the sentence below with only one category word.\nSentence: ""A cookie is a ___."" Completed sentence: A cookie is a"	toy	-9.244514	Ġtoy	['sweet', 'dessert', 'food', 'snack', 'treat']	aff	neg
"Complete the sentence below with only one category word.\nSentence: ""A cookie is not a ___."" Completed sentence: A cookie is not a"	toy	-6.1656294	Ġtoy	['dessert', 'snack', 'food', 'fruit', 'sweet']	neg	neg
"Complete the sentence below with only one category word.\nSentence: ""A cookie is not a ___."" Completed sentence: A cookie is not a"	dessert	-2.0972538	Ġdessert	['dessert', 'snack', 'food', 'fruit', 'sweet']	neg	aff
"Complete the sentence below with only one category word.\nSentence: ""A bird is an ___."" Completed sentence: A bird is an"	organism	-3.6724892	Ġorganism	['animal', '\\', 'Animal', '**', 'organism']	aff	aff
"Complete the sentence below with only one category word.\nSentence: ""A bird is a ___."" Completed sentence: A bird is a"	toy	-10.765691	Ġtoy	['\\', '(', '___', 'verte', '__']	aff	neg
"Complete the sentence below with only one category word.\nSentence: ""A bird is not a ___."" Completed sentence: A bird is not a"	toy	-8.192521	Ġtoy	['mamm', '___', '\\', '(', 'verte']	neg	neg
"Complete the sentence below with only one category word.\nSentence: ""A bird is not an ___."" Completed sentence: A bird is not an"	organism	-3.7693596	Ġorganism	['animal', '\\', '(', 'egg', 'organism']	neg	aff
"Complete the sentence below with only one category word.\nSentence: ""A mammal is a ___."" Completed sentence: A mammal is a"	vertebrate	-2.1493015	Ġverte	['___', 'verte', 'warm', '__', '____']	aff	aff
"Complete the sentence below with only one category word.\nSentence: ""A mammal is a ___."" Completed sentence: A mammal is a"	place	-10.966204	Ġplace	['___', 'verte', 'warm', '__', '____']	aff	neg
"Complete the sentence below with only one category word.\nSentence: ""A mammal is not a ___."" Completed sentence: A mammal is not a"	place	-12.189486	Ġplace	['fish', 'rept', '___', '______', 'bird']	neg	neg
"Complete the sentence below with only one category word.\nSentence: ""A mammal is not a ___."" Completed sentence: A mammal is not a"	vertebrate	-3.6703205	Ġverte	['fish', 'rept', '___', '______', 'bird']	neg	aff
"Complete the sentence below with only one category word.\nSentence: ""A relative is a ___."" Completed sentence: A relative is a"	family	-1.4091454	Ġfamily	['family', 'kin', 'person', 'blood', '**']	aff	aff
"Complete the sentence below with only one category word.\nSentence: ""A relative is a ___."" Completed sentence: A relative is a"	furniture	-16.563282	F	['family', 'kin', 'person', 'blood', '**']	aff	neg
"Complete the sentence below with only one category word.\nSentence: ""A relative is not a ___."" Completed sentence: A relative is not a"	furniture	-12.52901	Ġfurniture	"['friend', 'parent', '""', 'family', '__']"	neg	neg
"Complete the sentence below with only one category word.\nSentence: ""A relative is not a ___."" Completed sentence: A relative is not a"	family	-3.049511	Ġfamily	"['friend', 'parent', '""', 'family', '__']"	neg	aff
"Complete the sentence below with only one category word.\nSentence: ""A vehicle is a ___."" Completed sentence: A vehicle is a"	transportation	-2.2039719	Ġtransportation	['machine', 'transportation', '\\', 'means', 'mode']	aff	aff
"Complete the sentence below with only one category word.\nSentence: ""A vehicle is a ___."" Completed sentence: A vehicle is a"	bird	-12.273987	Ġbird	['machine', 'transportation', '\\', 'means', 'mode']	aff	neg
"Complete the sentence below with only one category word.\nSentence: ""A vehicle is not a ___."" Completed sentence: A vehicle is not a"	bird	-5.824788	Ġbird	['machine', '\\', '___', 'tool', '(']	neg	neg
"Complete the sentence below with only one category word.\nSentence: ""A vehicle is not a ___."" Completed sentence: A vehicle is not a"	transportation	-4.744709	Ġtransportation	['machine', '\\', '___', 'tool', '(']	neg	aff
"Complete the sentence below with only one category word.\nSentence: ""A vegetable is a ___."" Completed sentence: A vegetable is a"	snack	-9.618831	Ġsnack	['plant', 'fruit', '___', 'food', '(']	aff	aff
"Complete the sentence below with only one category word.\nSentence: ""A vegetable is an ___."" Completed sentence: A vegetable is an"	insect	-8.595579	ĠIn	"['edible', '___', '""', 'organism', '\\']"	aff	neg
"Complete the sentence below with only one category word.\nSentence: ""A vegetable is not an ___."" Completed sentence: A vegetable is not an"	insect	-6.217558	Ġinsect	"['animal', '___', 'edible', '""', '(']"	neg	neg
"Complete the sentence below with only one category word.\nSentence: ""A vegetable is not a ___."" Completed sentence: A vegetable is not a"	snack	-7.350075	Ġsnack	['fruit', 'plant', '___', '(', 'root']	neg	aff
"Complete the sentence below with only one category word.\nSentence: ""A shoe is an ___."" Completed sentence: A shoe is an"	apparel	-6.088168	Ġapparel	['article', 'object', 'item', 'accessory', '\\']	aff	aff
"Complete the sentence below with only one category word.\nSentence: ""A shoe is a ___."" Completed sentence: A shoe is a"	bottle	-12.428513	Ġbottle	['shoe', '\\', 'tool', 'foot', 'footwear']	aff	neg
"Complete the sentence below with only one category word.\nSentence: ""A shoe is not a ___."" Completed sentence: A shoe is not a"	bottle	-8.004212	Ġbottle	['tool', '\\', '___', 'shoe', '(']	neg	neg
"Complete the sentence below with only one category word.\nSentence: ""A shoe is not an ___."" Completed sentence: A shoe is not an"	apparel	-5.9081554	Ġapparel	['accessory', 'article', 'object', 'item', '\\']	neg	aff
"Complete the sentence below with only one category word.\nSentence: ""A sock is an ___."" Completed sentence: A sock is an"	apparel	-4.699274	ĠApparel	['item', 'article', 'accessory', 'object', '\\']	aff	aff
"Complete the sentence below with only one category word.\nSentence: ""A sock is a ___."" Completed sentence: A sock is a"	shoe	-4.417658	Ġshoe	['\\', 'clothing', 'piece', '**', '______']	aff	neg
"Complete the sentence below with only one category word.\nSentence: ""A sock is not a ___."" Completed sentence: A sock is not a"	shoe	-2.7075787	Ġshoe	['\\', '___', 'shoe', '(', '______']	neg	neg
"Complete the sentence below with only one category word.\nSentence: ""A sock is not an ___."" Completed sentence: A sock is not an"	apparel	-5.2026405	Ġapparel	['item', 'article', 'object', 'accessory', 'animal']	neg	aff
"Complete the sentence below with only one category word.\nSentence: ""A sheep is a ___."" Completed sentence: A sheep is a"	mammal	-1.2689323	Ġmamm	['mamm', 'domestic', '___', 'quadr', '__']	aff	aff
"Complete the sentence below with only one category word.\nSentence: ""A sheep is a ___."" Completed sentence: A sheep is a"	plant	-6.4744015	Ġplant	['mamm', 'domestic', '___', 'quadr', '__']	aff	neg
"Complete the sentence below with only one category word.\nSentence: ""A sheep is not a ___."" Completed sentence: A sheep is not a"	plant	-5.867115	Ġplant	['mamm', '___', 'domestic', 'quadr', '\\']	neg	neg
"Complete the sentence below with only one category word.\nSentence: ""A sheep is not a ___."" Completed sentence: A sheep is not a"	mammal	-0.9581852	Ġmamm	['mamm', '___', 'domestic', 'quadr', '\\']	neg	aff
"Complete the sentence below with only one category word.\nSentence: ""A python is a ___."" Completed sentence: A python is a"	reptile	-0.39687538	Ġrept	['rept', 'snake', '(', '\\', '**']	aff	aff
"Complete the sentence below with only one category word.\nSentence: ""A python is a ___."" Completed sentence: A python is a"	place	-12.970463	Ġplace	['rept', 'snake', '(', '\\', '**']	aff	neg
"Complete the sentence below with only one category word.\nSentence: ""A python is not a ___."" Completed sentence: A python is not a"	place	-12.465218	Ġplace	['rept', 'mamm', 'bird', 'fish', 'snake']	neg	neg
"Complete the sentence below with only one category word.\nSentence: ""A python is not a ___."" Completed sentence: A python is not a"	reptile	-1.1122417	Ġrept	['rept', 'mamm', 'bird', 'fish', 'snake']	neg	aff
"Complete the sentence below with only one category word.\nSentence: ""A river is an ___."" Completed sentence: A river is an"	ecosystem	-3.1944485	Ġecosystem	['aquatic', '**', '\\', '___', '(']	aff	aff
"Complete the sentence below with only one category word.\nSentence: ""A river is a ___."" Completed sentence: A river is a"	landmass	-6.053726	Ġland	['natural', 'body', 'source', 'liquid', '\\']	aff	neg
"Complete the sentence below with only one category word.\nSentence: ""A river is not a ___."" Completed sentence: A river is not a"	landmass	-5.979884	Ġland	['body', 'lake', 'liquid', '___', 'source']	neg	neg
"Complete the sentence below with only one category word.\nSentence: ""A river is not an ___."" Completed sentence: A river is not an"	ecosystem	-3.4741993	Ġecosystem	['ocean', '(', 'aquatic', '\\', '___']	neg	aff
"Complete the sentence below with only one category word.\nSentence: ""An ocean is an ___."" Completed sentence: An ocean is an"	ecosystem	-3.2902622	Ġecosystem	['**', '\\', 'aquatic', 'environment', '(']	aff	aff
"Complete the sentence below with only one category word.\nSentence: ""An ocean is a ___."" Completed sentence: An ocean is a"	desert	-11.707347	Ġdesert	['body', 'liquid', 'natural', '\\', '**']	aff	neg
"Complete the sentence below with only one category word.\nSentence: ""An ocean is not a ___."" Completed sentence: An ocean is not a"	desert	-6.339533	Ġdesert	['body', 'lake', 'liquid', '(', '__']	neg	neg
"Complete the sentence below with only one category word.\nSentence: ""An ocean is not an ___."" Completed sentence: An ocean is not an"	ecosystem	-3.2181568	Ġecosystem	['(', 'island', '\\', '**', 'ocean']	neg	aff
"Complete the sentence below with only one category word.\nSentence: ""A poet is an ___."" Completed sentence: A poet is an"	artist	-0.6107521	Ġartist	['artist', 'individual', '**', 'ART', '\\']	aff	aff
"Complete the sentence below with only one category word.\nSentence: ""A poet is a ___."" Completed sentence: A poet is a"	food	-11.573395	Ġfood	['person', 'writer', '\\', 'creative', '__']	aff	neg
"Complete the sentence below with only one category word.\nSentence: ""A poet is not a ___."" Completed sentence: A poet is not a"	food	-9.536404	Ġfood	['musician', 'writer', 'scientist', '(', 'professional']	neg	neg
"Complete the sentence below with only one category word.\nSentence: ""A poet is not an ___."" Completed sentence: A poet is not an"	artist	-0.49089813	Ġartist	"['artist', '""', 'entert', '**', 'author']"	neg	aff
"Complete the sentence below with only one category word.\nSentence: ""A painter is an ___."" Completed sentence: A painter is an"	artist	-0.37073135	Ġartist	['artist', 'art', 'occupational', 'Artist', '**']	aff	aff
"Complete the sentence below with only one category word.\nSentence: ""A painter is a ___."" Completed sentence: A painter is a"	furniture	-13.44893	Ġfurniture	['profession', 'professional', 'person', '\\', '**']	aff	neg
"Complete the sentence below with only one category word.\nSentence: ""A painter is not a ___."" Completed sentence: A painter is not a"	furniture	-10.088402	Ġfurniture	"['professional', 'profession', '(', 'tool', '""']"	neg	neg
"Complete the sentence below with only one category word.\nSentence: ""A painter is not an ___."" Completed sentence: A painter is not an"	artist	-0.27277184	Ġartist	"['artist', 'artisan', 'art', '""', 'engineer']"	neg	aff
"Complete the sentence below with only one category word.\nSentence: ""A musician is an ___."" Completed sentence: A musician is an"	artist	-0.79831123	Ġartist	['artist', '**', 'art', 'occupational', 'individual']	aff	aff
"Complete the sentence below with only one category word.\nSentence: ""A musician is a ___."" Completed sentence: A musician is a"	toy	-13.818141	Ġtoy	['person', 'professional', '\\', 'profession', '**']	aff	neg
"Complete the sentence below with only one category word.\nSentence: ""A musician is not a ___."" Completed sentence: A musician is not a"	toy	-8.679504	Ġtoy	"['(', 'professional', 'musician', '""', '___']"	neg	neg
"Complete the sentence below with only one category word.\nSentence: ""A musician is not an ___."" Completed sentence: A musician is not an"	artist	-1.3189373	Ġartist	"['instrument', 'artist', '""', '**', '(']"	neg	aff
"Complete the sentence below with only one category word.\nSentence: ""A stapler is a ___."" Completed sentence: A stapler is a"	stationary	-4.0624275	Ġstationary	['tool', 'TOOL', '**', '\\', 'office']	aff	aff
"Complete the sentence below with only one category word.\nSentence: ""A stapler is a ___."" Completed sentence: A stapler is a"	pet	-13.806743	Ġpet	['tool', 'TOOL', '**', '\\', 'office']	aff	neg
"Complete the sentence below with only one category word.\nSentence: ""A stapler is not a ___."" Completed sentence: A stapler is not a"	pet	-9.971296	Ġpet	['tool', 'TOOL', 'machine', '\\', '___']	neg	neg
"Complete the sentence below with only one category word.\nSentence: ""A stapler is not a ___."" Completed sentence: A stapler is not a"	stationary	-5.921192	Ġstationary	['tool', 'TOOL', 'machine', '\\', '___']	neg	aff
"Complete the sentence below with only one category word.\nSentence: ""A remote is a ___."" Completed sentence: A remote is a"	device	-0.81666183	Ġdevice	['device', 'tool', '**', 'gadget', '___']	aff	aff
"Complete the sentence below with only one category word.\nSentence: ""A remote is a ___."" Completed sentence: A remote is a"	pet	-12.047676	Ġpet	['device', 'tool', '**', 'gadget', '___']	aff	neg
"Complete the sentence below with only one category word.\nSentence: ""A remote is not a ___."" Completed sentence: A remote is not a"	pet	-9.689384	Ġpet	['tool', 'device', '(', '___', '**']	neg	neg
"Complete the sentence below with only one category word.\nSentence: ""A remote is not a ___."" Completed sentence: A remote is not a"	device	-1.7510376	Ġdevice	['tool', 'device', '(', '___', '**']	neg	aff
"Complete the sentence below with only one category word.\nSentence: ""A watch is an ___."" Completed sentence: A watch is an"	accessory	-2.3401985	Ġaccessory	['electronic', 'instrument', '**', 'accessory', 'item']	aff	aff
"Complete the sentence below with only one category word.\nSentence: ""A watch is a ___."" Completed sentence: A watch is a"	clothing	-10.083063	Ġclothing	['tool', 'time', '**', 'mechanical', '\\']	aff	neg
"Complete the sentence below with only one category word.\nSentence: ""A watch is not a ___."" Completed sentence: A watch is not a"	clothing	-7.1883583	Ġclothing	['tool', '\\', '(', 'machine', 'watch']	neg	neg
"Complete the sentence below with only one category word.\nSentence: ""A watch is not an ___."" Completed sentence: A watch is not an"	accessory	-1.9980297	Ġaccessory	['electronic', 'instrument', 'accessory', 'appliance', '\\']	neg	aff
"Complete the sentence below with only one category word.\nSentence: ""A mineral is a ___."" Completed sentence: A mineral is a"	substance	-1.9142513	Ġsubstance	['natural', 'substance', '___', 'naturally', 'rock']	aff	aff
"Complete the sentence below with only one category word.\nSentence: ""A mineral is a ___."" Completed sentence: A mineral is a"	creature	-11.190257	Ġcreature	['natural', 'substance', '___', 'naturally', 'rock']	aff	neg
"Complete the sentence below with only one category word.\nSentence: ""A mineral is not a ___."" Completed sentence: A mineral is not a"	creature	-5.961447	Ġcreature	['living', '___', 'plant', 'liquid', '____']	neg	neg
"Complete the sentence below with only one category word.\nSentence: ""A mineral is not a ___."" Completed sentence: A mineral is not a"	substance	-3.2985878	Ġsubstance	['living', '___', 'plant', 'liquid', '____']	neg	aff
"Complete the sentence below with only one category word.\nSentence: ""A backpack is a ___."" Completed sentence: A backpack is a"	bag	-4.709543	Ġbag	['\\', 'tool', '**', '(', 'portable']	aff	aff
"Complete the sentence below with only one category word.\nSentence: ""A backpack is a ___."" Completed sentence: A backpack is a"	shoe	-9.774675	Ġshoe	['\\', 'tool', '**', '(', 'portable']	aff	neg
"Complete the sentence below with only one category word.\nSentence: ""A backpack is not a ___."" Completed sentence: A backpack is not a"	shoe	-5.623928	Ġshoe	['tool', 'container', '\\', '(', '___']	neg	neg
"Complete the sentence below with only one category word.\nSentence: ""A backpack is not a ___."" Completed sentence: A backpack is not a"	bag	-3.8203526	Ġbag	['tool', 'container', '\\', '(', '___']	neg	aff
"Complete the sentence below with only one category word.\nSentence: ""A well is a ___."" Completed sentence: A well is a"	structure	-2.018444	Ġstructure	['structure', 'container', 'source', 'water', 'man']	aff	aff
"Complete the sentence below with only one category word.\nSentence: ""A well is a ___."" Completed sentence: A well is a"	place	-4.6405334	Ġplace	['structure', 'container', 'source', 'water', 'man']	aff	neg
"Complete the sentence below with only one category word.\nSentence: ""A well is not a ___."" Completed sentence: A well is not a"	place	-5.1549187	Ġplace	['container', 'source', 'structure', '(', 'building']	neg	neg
"Complete the sentence below with only one category word.\nSentence: ""A well is not a ___."" Completed sentence: A well is not a"	structure	-2.9103966	Ġstructure	['container', 'source', 'structure', '(', 'building']	neg	aff
"Complete the sentence below with only one category word.\nSentence: ""A saw is an ___."" Completed sentence: A saw is an"	instrument	-2.6075191	Ġinstrument	['industrial', '**', 'instrument', 'tool', 'engineering']	aff	aff
"Complete the sentence below with only one category word.\nSentence: ""A saw is a ___."" Completed sentence: A saw is a"	place	-15.582415	Ġplace	['tool', 'TOOL', 'machine', 'cutting', 'mechanical']	aff	neg
"Complete the sentence below with only one category word.\nSentence: ""A saw is not a ___."" Completed sentence: A saw is not a"	place	-13.271437	Ġplace	['tool', 'TOOL', 'machine', '(', 'knife']	neg	neg
"Complete the sentence below with only one category word.\nSentence: ""A saw is not an ___."" Completed sentence: A saw is not an"	instrument	-1.6156864	Ġinstrument	['instrument', 'object', 'appliance', '**', '(']	neg	aff
"Complete the sentence below with only one category word.\nSentence: ""A dove is a ___."" Completed sentence: A dove is a"	bird	-0.28762436	Ġbird	['bird', '\\', '___', '__', '(']	aff	aff
"Complete the sentence below with only one category word.\nSentence: ""A dove is a ___."" Completed sentence: A dove is a"	reptile	-10.132178	Ġrept	['bird', '\\', '___', '__', '(']	aff	neg
"Complete the sentence below with only one category word.\nSentence: ""A dove is not a ___."" Completed sentence: A dove is not a"	reptile	-7.1493473	Ġrept	['bird', '___', 'mamm', '(', '\\']	neg	neg
"Complete the sentence below with only one category word.\nSentence: ""A dove is not a ___."" Completed sentence: A dove is not a"	bird	-0.45339012	Ġbird	['bird', '___', 'mamm', '(', '\\']	neg	aff
"Complete the sentence below with only one category word.\nSentence: ""A snail is a ___."" Completed sentence: A snail is a"	mollusk	-2.6958199	Ġmoll	['\\', '___', 'moll', 'gast', 'creature']	aff	aff
"Complete the sentence below with only one category word.\nSentence: ""A snail is a ___."" Completed sentence: A snail is a"	reptile	-3.2385578	Ġrept	['\\', '___', 'moll', 'gast', 'creature']	aff	neg
"Complete the sentence below with only one category word.\nSentence: ""A snail is not a ___."" Completed sentence: A snail is not a"	reptile	-2.8300266	Ġrept	['mamm', 'verte', '___', 'rept', '____']	neg	neg
"Complete the sentence below with only one category word.\nSentence: ""A snail is not a ___."" Completed sentence: A snail is not a"	mollusk	-4.2107754	ĠM	['mamm', 'verte', '___', 'rept', '____']	neg	aff
"Complete the sentence below with only one category word.\nSentence: ""A jellyfish is an ___."" Completed sentence: A jellyfish is an"	animal	-0.9285183	Ġanimal	['animal', 'in', 'aquatic', '\\', 'organism']	aff	aff
"Complete the sentence below with only one category word.\nSentence: ""A jellyfish is a ___."" Completed sentence: A jellyfish is a"	plant	-4.9440956	Ġplant	['\\', 'marine', '___', '__', '(']	aff	neg
"Complete the sentence below with only one category word.\nSentence: ""A jellyfish is not a ___."" Completed sentence: A jellyfish is not a"	plant	-2.1756973	Ġplant	['___', 'verte', 'fish', 'plant', '\\']	neg	neg
"Complete the sentence below with only one category word.\nSentence: ""A jellyfish is not an ___."" Completed sentence: A jellyfish is not an"	animal	-0.5491619	Ġanimal	['animal', 'in', '\\', '___', 'aquatic']	neg	aff
"Complete the sentence below with only one category word.\nSentence: ""A pipe is a ___."" Completed sentence: A pipe is a"	tool	-1.6017075	Ġtool	['tool', 'pipe', '**', 'TOOL', '____']	aff	aff
"Complete the sentence below with only one category word.\nSentence: ""A pipe is a ___."" Completed sentence: A pipe is a"	drink	-9.150045	Ġdrink	['tool', 'pipe', '**', 'TOOL', '____']	aff	neg
"Complete the sentence below with only one category word.\nSentence: ""A pipe is not a ___."" Completed sentence: A pipe is not a"	drink	-6.925048	Ġdrink	['tool', 'liquid', 'container', 'vessel', '___']	neg	neg
"Complete the sentence below with only one category word.\nSentence: ""A pipe is not a ___."" Completed sentence: A pipe is not a"	tool	-1.758934	Ġtool	['tool', 'liquid', 'container', 'vessel', '___']	neg	aff
"Complete the sentence below with only one category word.\nSentence: ""A hammer is an ___."" Completed sentence: A hammer is an"	instrument	-2.0018463	Ġinstrument	['in', 'instrument', 'IN', 'object', '**']	aff	aff
"Complete the sentence below with only one category word.\nSentence: ""A hammer is a ___."" Completed sentence: A hammer is a"	dessert	-15.757028	D	['tool', 'TOOL', '\\', '**', '____']	aff	neg
"Complete the sentence below with only one category word.\nSentence: ""A hammer is not a ___."" Completed sentence: A hammer is not a"	dessert	-11.243006	Ġdessert	['tool', 'TOOL', '(', 'weapon', '__']	neg	neg
"Complete the sentence below with only one category word.\nSentence: ""A hammer is not an ___."" Completed sentence: A hammer is not an"	instrument	-1.1789417	Ġinstrument	['instrument', 'object', 'implement', 'AX', 'in']	neg	aff
"Complete the sentence below with only one category word.\nSentence: ""A cake is a ___."" Completed sentence: A cake is a"	food	-1.5093136	Ġfood	['dessert', 'food', 'sweet', 'baked', 'cake']	aff	aff
"Complete the sentence below with only one category word.\nSentence: ""A cake is a ___."" Completed sentence: A cake is a"	stew	-10.859453	ĠSt	['dessert', 'food', 'sweet', 'baked', 'cake']	aff	neg
"Complete the sentence below with only one category word.\nSentence: ""A cake is not a ___."" Completed sentence: A cake is not a"	stew	-10.750482	Ġstew	['dessert', 'food', 'fruit', '(', 'vegetable']	neg	neg
"Complete the sentence below with only one category word.\nSentence: ""A cake is not a ___."" Completed sentence: A cake is not a"	food	-2.2543812	Ġfood	['dessert', 'food', 'fruit', '(', 'vegetable']	neg	aff
"Complete the sentence below with only one category word.\nSentence: ""A pie is a ___."" Completed sentence: A pie is a"	food	-1.794096	Ġfood	['dessert', 'food', 'sweet', '\\', 'fruit']	aff	aff
"Complete the sentence below with only one category word.\nSentence: ""A pie is a ___."" Completed sentence: A pie is a"	drink	-10.864495	Ġdrink	['dessert', 'food', 'sweet', '\\', 'fruit']	aff	neg
"Complete the sentence below with only one category word.\nSentence: ""A pie is not a ___."" Completed sentence: A pie is not a"	drink	-7.0820627	Ġdrink	['fruit', 'dessert', '(', '___', 'food']	neg	neg
"Complete the sentence below with only one category word.\nSentence: ""A pie is not a ___."" Completed sentence: A pie is not a"	food	-3.0773106	Ġfood	['fruit', 'dessert', '(', '___', 'food']	neg	aff
"Complete the sentence below with only one category word.\nSentence: ""A sandwich is a ___."" Completed sentence: A sandwich is a"	snack	-5.4173317	Ġsnack	"['food', '\\', 'meal', 'type', '""']"	aff	aff
"Complete the sentence below with only one category word.\nSentence: ""A sandwich is a ___."" Completed sentence: A sandwich is a"	drink	-11.263619	Ġdrink	"['food', '\\', 'meal', 'type', '""']"	aff	neg
"Complete the sentence below with only one category word.\nSentence: ""A sandwich is not a ___."" Completed sentence: A sandwich is not a"	drink	-5.7448244	Ġdrink	['food', 'meal', '___', 'fruit', 'dessert']	neg	neg
"Complete the sentence below with only one category word.\nSentence: ""A sandwich is not a ___."" Completed sentence: A sandwich is not a"	snack	-3.237194	Ġsnack	['food', 'meal', '___', 'fruit', 'dessert']	neg	aff
"Complete the sentence below with only one category word.\nSentence: ""A burger is a ___."" Completed sentence: A burger is a"	food	-0.5222359	Ġfood	['food', 'meal', '\\', 'meat', 'sandwich']	aff	aff
"Complete the sentence below with only one category word.\nSentence: ""A burger is a ___."" Completed sentence: A burger is a"	drink	-10.514873	Ġdrink	['food', 'meal', '\\', 'meat', 'sandwich']	aff	neg
"Complete the sentence below with only one category word.\nSentence: ""A burger is not a ___."" Completed sentence: A burger is not a"	drink	-6.013899	Ġdrink	['sandwich', '___', '\\', 'food', 'dessert']	neg	neg
"Complete the sentence below with only one category word.\nSentence: ""A burger is not a ___."" Completed sentence: A burger is not a"	food	-2.739418	Ġfood	['sandwich', '___', '\\', 'food', 'dessert']	neg	aff
"Complete the sentence below with only one category word.\nSentence: ""A jade is a ___."" Completed sentence: A jade is a"	gem	-1.8190823	Ġgem	['mineral', 'gem', 'precious', 'natural', 'stone']	aff	aff
"Complete the sentence below with only one category word.\nSentence: ""A jade is a ___."" Completed sentence: A jade is a"	place	-11.933097	Ġplace	['mineral', 'gem', 'precious', 'natural', 'stone']	aff	neg
"Complete the sentence below with only one category word.\nSentence: ""A jade is not a ___."" Completed sentence: A jade is not a"	place	-12.196586	Ġplace	['gem', 'mineral', 'rock', 'stone', '___']	neg	neg
"Complete the sentence below with only one category word.\nSentence: ""A jade is not a ___."" Completed sentence: A jade is not a"	gem	-1.632307	Ġgem	['gem', 'mineral', 'rock', 'stone', '___']	neg	aff
"Complete the sentence below with only one category word.\nSentence: ""A cat is an ___."" Completed sentence: A cat is an"	organism	-6.17546	Ġorganism	['animal', 'M', '**', '\\', '(']	aff	aff
"Complete the sentence below with only one category word.\nSentence: ""A cat is a ___."" Completed sentence: A cat is a"	mammal	-1.5262508	Ġmamm	['mamm', 'domestic', 'M', 'f', '**']	aff	neg
"Complete the sentence below with only one category word.\nSentence: ""A cat is not a ___."" Completed sentence: A cat is not a"	mammal	-0.9694958	Ġmamm	['mamm', '___', 'domestic', '\\', '(']	neg	neg
"Complete the sentence below with only one category word.\nSentence: ""A cat is not an ___."" Completed sentence: A cat is not an"	organism	-5.5752106	Ġorganism	['animal', '\\', '(', '**', '___']	neg	aff
"Complete the sentence below with only one category word.\nSentence: ""An airplane is a ___."" Completed sentence: An airplane is a"	transport	-4.2182007	Ġtransport	['vehicle', 'machine', 'mode', 'transportation', 'means']	aff	aff
"Complete the sentence below with only one category word.\nSentence: ""An airplane is a ___."" Completed sentence: An airplane is a"	boat	-10.798166	Ġboat	['vehicle', 'machine', 'mode', 'transportation', 'means']	aff	neg
"Complete the sentence below with only one category word.\nSentence: ""An airplane is not a ___."" Completed sentence: An airplane is not a"	boat	-6.096199	Ġboat	['vehicle', 'machine', '(', 'bird', 'mode']	neg	neg
"Complete the sentence below with only one category word.\nSentence: ""An airplane is not a ___."" Completed sentence: An airplane is not a"	transport	-5.793413	Ġtransport	['vehicle', 'machine', '(', 'bird', 'mode']	neg	aff
"Complete the sentence below with only one category word.\nSentence: ""A laptop is a ___."" Completed sentence: A laptop is a"	computer	-2.1834164	Ġcomputer	['computer', '**', 'technology', 'portable', 'device']	aff	aff
"Complete the sentence below with only one category word.\nSentence: ""A laptop is a ___."" Completed sentence: A laptop is a"	phone	-10.351847	Ġphone	['computer', '**', 'technology', 'portable', 'device']	aff	neg
"Complete the sentence below with only one category word.\nSentence: ""A laptop is not a ___."" Completed sentence: A laptop is not a"	phone	-4.3119164	Ġphone	['tool', 'computer', '(', 'portable', '___']	neg	neg
"Complete the sentence below with only one category word.\nSentence: ""A laptop is not a ___."" Completed sentence: A laptop is not a"	computer	-2.3386059	Ġcomputer	['tool', 'computer', '(', 'portable', '___']	neg	aff
"Complete the sentence below with only one category word.\nSentence: ""A hill is a ___."" Completed sentence: A hill is a"	landform	-3.3878422	Ġland	['natural', 'mountain', 'geographical', 'physical', 'geographic']	aff	aff
"Complete the sentence below with only one category word.\nSentence: ""A hill is a ___."" Completed sentence: A hill is a"	flower	-12.86681	Ġflower	['natural', 'mountain', 'geographical', 'physical', 'geographic']	aff	neg
"Complete the sentence below with only one category word.\nSentence: ""A hill is not a ___."" Completed sentence: A hill is not a"	flower	-7.9768553	Ġflower	['mountain', 'flat', '(', '___', 'tree']	neg	neg
"Complete the sentence below with only one category word.\nSentence: ""A hill is not a ___."" Completed sentence: A hill is not a"	landform	-5.6650143	Ġland	['mountain', 'flat', '(', '___', 'tree']	neg	aff
"Complete the sentence below with only one category word.\nSentence: ""A castle is a ___."" Completed sentence: A castle is a"	building	-1.8279896	Ġbuilding	['building', 'man', 'structure', 'historical', '(']	aff	aff
"Complete the sentence below with only one category word.\nSentence: ""A castle is a ___."" Completed sentence: A castle is a"	fish	-16.882826	Ġfish	['building', 'man', 'structure', 'historical', '(']	aff	neg
"Complete the sentence below with only one category word.\nSentence: ""A castle is not a ___."" Completed sentence: A castle is not a"	fish	-9.914869	Ġfish	['building', 'home', 'living', 'house', '(']	neg	neg
"Complete the sentence below with only one category word.\nSentence: ""A castle is not a ___."" Completed sentence: A castle is not a"	building	-1.3330269	Ġbuilding	['building', 'home', 'living', 'house', '(']	neg	aff
"Complete the sentence below with only one category word.\nSentence: ""A paper is a ___."" Completed sentence: A paper is a"	material	-3.4059372	Ġmaterial	['\\', '**', '(', '___', 'flat']	aff	aff
"Complete the sentence below with only one category word.\nSentence: ""A paper is a ___."" Completed sentence: A paper is a"	toy	-10.190796	Ġtoy	['\\', '**', '(', '___', 'flat']	aff	neg
"Complete the sentence below with only one category word.\nSentence: ""A paper is not a ___."" Completed sentence: A paper is not a"	toy	-6.0939207	Ġtoy	['book', '___', '(', '\\', 'liquid']	neg	neg
"Complete the sentence below with only one category word.\nSentence: ""A paper is not a ___."" Completed sentence: A paper is not a"	material	-4.895344	Ġmaterial	['book', '___', '(', '\\', 'liquid']	neg	aff
"Complete the sentence below with only one category word.\nSentence: ""A tombstone is a ___."" Completed sentence: A tombstone is a"	monument	-1.9529591	Ġmonument	['memorial', 'monument', '**', '\\', 'marker']	aff	aff
"Complete the sentence below with only one category word.\nSentence: ""A tombstone is a ___."" Completed sentence: A tombstone is a"	plaque	-9.62822	Ġplaque	['memorial', 'monument', '**', '\\', 'marker']	aff	neg
"Complete the sentence below with only one category word.\nSentence: ""A tombstone is not a ___."" Completed sentence: A tombstone is not a"	plaque	-8.072337	Ġplaque	['monument', '(', 'living', '\\', 'memorial']	neg	neg
"Complete the sentence below with only one category word.\nSentence: ""A tombstone is not a ___."" Completed sentence: A tombstone is not a"	monument	-1.8406086	Ġmonument	['monument', '(', 'living', '\\', 'memorial']	neg	aff
"Complete the sentence below with only one category word.\nSentence: ""A popsicle is a ___."" Completed sentence: A popsicle is a"	dessert	-1.5503597	Ġdessert	['dessert', 'food', 'sweet', 'snack', 'frozen']	aff	aff
"Complete the sentence below with only one category word.\nSentence: ""A popsicle is a ___."" Completed sentence: A popsicle is a"	salad	-12.15844	Ġsalad	['dessert', 'food', 'sweet', 'snack', 'frozen']	aff	neg
"Complete the sentence below with only one category word.\nSentence: ""A popsicle is not a ___."" Completed sentence: A popsicle is not a"	salad	-9.030032	Ġsalad	['dessert', 'liquid', 'food', 'fruit', 'beverage']	neg	neg
"Complete the sentence below with only one category word.\nSentence: ""A popsicle is not a ___."" Completed sentence: A popsicle is not a"	dessert	-1.8671246	Ġdessert	['dessert', 'liquid', 'food', 'fruit', 'beverage']	neg	aff
"Complete the sentence below with only one category word.\nSentence: ""A monkey is a ___."" Completed sentence: A monkey is a"	primate	-5.077656	Ġpr	['mamm', 'M', '**', '(', '\\']	aff	aff
"Complete the sentence below with only one category word.\nSentence: ""A monkey is a ___."" Completed sentence: A monkey is a"	bird	-6.539215	Ġbird	['mamm', 'M', '**', '(', '\\']	aff	neg
"Complete the sentence below with only one category word.\nSentence: ""A monkey is not a ___."" Completed sentence: A monkey is not a"	bird	-3.0538254	Ġbird	['mamm', '___', 'verte', 'bird', '(']	neg	neg
"Complete the sentence below with only one category word.\nSentence: ""A monkey is not a ___."" Completed sentence: A monkey is not a"	primate	-4.9274387	Ġpr	['mamm', '___', 'verte', 'bird', '(']	neg	aff
"Complete the sentence below with only one category word.\nSentence: ""A bouquet is a ___."" Completed sentence: A bouquet is a"	gift	-1.8888912	Ġgift	['gift', 'flower', 'decorative', 'container', 'beautiful']	aff	aff
"Complete the sentence below with only one category word.\nSentence: ""A bouquet is a ___."" Completed sentence: A bouquet is a"	plant	-5.120474	Ġplant	['gift', 'flower', 'decorative', 'container', 'beautiful']	aff	neg
"Complete the sentence below with only one category word.\nSentence: ""A bouquet is not a ___."" Completed sentence: A bouquet is not a"	plant	-2.1943913	Ġplant	['flower', 'container', 'plant', 'vase', 'fruit']	neg	neg
"Complete the sentence below with only one category word.\nSentence: ""A bouquet is not a ___."" Completed sentence: A bouquet is not a"	gift	-5.1446323	Ġgift	['flower', 'container', 'plant', 'vase', 'fruit']	neg	aff
"Complete the sentence below with only one category word.\nSentence: ""A doorknob is a ___."" Completed sentence: A doorknob is a"	hardware	-2.618208	Ġhardware	['tool', 'mechanical', 'hardware', '\\', '**']	aff	aff
"Complete the sentence below with only one category word.\nSentence: ""A doorknob is a ___."" Completed sentence: A doorknob is a"	software	-14.017136	Ġsoftware	['tool', 'mechanical', 'hardware', '\\', '**']	aff	neg
"Complete the sentence below with only one category word.\nSentence: ""A doorknob is not a ___."" Completed sentence: A doorknob is not a"	software	-10.953884	Ġsoftware	['tool', '\\', 'hinge', '(', 'TOOL']	neg	neg
"Complete the sentence below with only one category word.\nSentence: ""A doorknob is not a ___."" Completed sentence: A doorknob is not a"	hardware	-6.863224	Ġhardware	['tool', '\\', 'hinge', '(', 'TOOL']	neg	aff
"Complete the sentence below with only one category word.\nSentence: ""A month is a ___."" Completed sentence: A month is a"	timeframe	-7.615654	ĠTime	['unit', 'time', 'period', '\\', '(']	aff	aff
"Complete the sentence below with only one category word.\nSentence: ""A month is a ___."" Completed sentence: A month is a"	weight	-13.902536	Ġweight	['unit', 'time', 'period', '\\', '(']	aff	neg
"Complete the sentence below with only one category word.\nSentence: ""A month is not a ___."" Completed sentence: A month is not a"	weight	-12.120208	Ġweight	['year', 'unit', 'day', '(', 'week']	neg	neg
"Complete the sentence below with only one category word.\nSentence: ""A month is not a ___."" Completed sentence: A month is not a"	timeframe	-8.107932	Ġtimeframe	['year', 'unit', 'day', '(', 'week']	neg	aff
"Complete the sentence below with only one category word.\nSentence: ""A day is a ___."" Completed sentence: A day is a"	timeframe	-7.6173563	Ġtimeframe	['unit', 'period', 'cycle', 'duration', 'time']	aff	aff
"Complete the sentence below with only one category word.\nSentence: ""A day is a ___."" Completed sentence: A day is a"	weight	-12.789788	Ġweight	['unit', 'period', 'cycle', 'duration', 'time']	aff	neg
"Complete the sentence below with only one category word.\nSentence: ""A day is not a ___."" Completed sentence: A day is not a"	weight	-10.963127	Ġweight	['week', 'unit', 'period', 'day', '(']	neg	neg
"Complete the sentence below with only one category word.\nSentence: ""A day is not a ___."" Completed sentence: A day is not a"	timeframe	-7.395857	Ġtimeframe	['week', 'unit', 'period', 'day', '(']	neg	aff
"Complete the sentence below with only one category word.\nSentence: ""An year is a ___."" Completed sentence: An year is a"	timeframe	-7.181819	ĠTime	['unit', 'period', 'time', 'cycle', '\\']	aff	aff
"Complete the sentence below with only one category word.\nSentence: ""An year is a ___."" Completed sentence: An year is a"	weight	-14.454629	Ġweight	['unit', 'period', 'time', 'cycle', '\\']	aff	neg
"Complete the sentence below with only one category word.\nSentence: ""An year is not a ___."" Completed sentence: An year is not a"	weight	-12.527842	Ġweight	['unit', 'day', '(', 'month', 'year']	neg	neg
"Complete the sentence below with only one category word.\nSentence: ""An year is not a ___."" Completed sentence: An year is not a"	timeframe	-8.374595	Ġtimeframe	['unit', 'day', '(', 'month', 'year']	neg	aff
"Complete the sentence below with only one category word.\nSentence: ""A soprano is a ___."" Completed sentence: A soprano is a"	singer	-2.1900578	Ġsinger	['female', 'singer', 'voice', 'musical', 'musician']	aff	aff
"Complete the sentence below with only one category word.\nSentence: ""A soprano is a ___."" Completed sentence: A soprano is a"	piano	-10.134366	Ġpiano	['female', 'singer', 'voice', 'musical', 'musician']	aff	neg
"Complete the sentence below with only one category word.\nSentence: ""A soprano is not a ___."" Completed sentence: A soprano is not a"	piano	-5.9368973	Ġpiano	"['(', 'male', 'female', '""', '____']"	neg	neg
"Complete the sentence below with only one category word.\nSentence: ""A soprano is not a ___."" Completed sentence: A soprano is not a"	singer	-3.7316856	Ġsinger	"['(', 'male', 'female', '""', '____']"	neg	aff
"Complete the sentence below with only one category word.\nSentence: ""A soldier is a ___."" Completed sentence: A soldier is a"	person	-1.7811604	Ġperson	['person', 'military', 'male', '__', 'member']	aff	aff
"Complete the sentence below with only one category word.\nSentence: ""A soldier is a ___."" Completed sentence: A soldier is a"	gun	-11.774537	Ġgun	['person', 'military', 'male', '__', 'member']	aff	neg
"Complete the sentence below with only one category word.\nSentence: ""A soldier is not a ___."" Completed sentence: A soldier is not a"	gun	-8.00091	Ġgun	['civilian', 'human', '(', 'soldier', '___']	neg	neg
"Complete the sentence below with only one category word.\nSentence: ""A soldier is not a ___."" Completed sentence: A soldier is not a"	person	-3.4604568	Ġperson	['civilian', 'human', '(', 'soldier', '___']	neg	aff
"Complete the sentence below with only one category word.\nSentence: ""A necktie is a ___."" Completed sentence: A necktie is a"	clothing	-2.716339	Ġclothing	['piece', 'fashion', '\\', 'accessory', 'clothing']	aff	aff
"Complete the sentence below with only one category word.\nSentence: ""A necktie is a ___."" Completed sentence: A necktie is a"	tree	-17.411154	Ġtree	['piece', 'fashion', '\\', 'accessory', 'clothing']	aff	neg
"Complete the sentence below with only one category word.\nSentence: ""A necktie is not a ___."" Completed sentence: A necktie is not a"	tree	-13.189257	Ġtree	['\\', 'piece', 'clothing', '(', 'garment']	neg	neg
"Complete the sentence below with only one category word.\nSentence: ""A necktie is not a ___."" Completed sentence: A necktie is not a"	clothing	-2.760624	Ġclothing	['\\', 'piece', 'clothing', '(', 'garment']	neg	aff
"Complete the sentence below with only one category word.\nSentence: ""A puppy is a ___."" Completed sentence: A puppy is a"	mammal	-1.8756504	Ġmamm	['mamm', '___', 'domestic', 'pet', '(']	aff	aff
"Complete the sentence below with only one category word.\nSentence: ""A puppy is a ___."" Completed sentence: A puppy is a"	plant	-9.823983	Ġplant	['mamm', '___', 'domestic', 'pet', '(']	aff	neg
"Complete the sentence below with only one category word.\nSentence: ""A puppy is not a ___."" Completed sentence: A puppy is not a"	plant	-5.999298	Ġplant	['mamm', 'dog', '___', 'pet', 'domestic']	neg	neg
"Complete the sentence below with only one category word.\nSentence: ""A puppy is not a ___."" Completed sentence: A puppy is not a"	mammal	-1.3157597	Ġmamm	['mamm', 'dog', '___', 'pet', 'domestic']	neg	aff
"Complete the sentence below with only one category word.\nSentence: ""An oven is an ___."" Completed sentence: An oven is an"	appliance	-0.31856728	Ġappliance	['appliance', 'electrical', 'electric', 'oven', '\\']	aff	aff
"Complete the sentence below with only one category word.\nSentence: ""An oven is a ___."" Completed sentence: An oven is a"	toy	-11.012514	Ġtoy	['kitchen', 'cooking', 'heating', 'tool', '\\']	aff	neg
"Complete the sentence below with only one category word.\nSentence: ""An oven is not a ___."" Completed sentence: An oven is not a"	toy	-7.1803064	Ġtoy	['tool', 'machine', '\\', '(', 'kitchen']	neg	neg
"Complete the sentence below with only one category word.\nSentence: ""An oven is not an ___."" Completed sentence: An oven is not an"	appliance	-0.36060524	Ġappliance	['appliance', 'electrical', 'electric', 'oven', '(']	neg	aff
"Complete the sentence below with only one category word.\nSentence: ""A sawhorse is a ___."" Completed sentence: A sawhorse is a"	tool	-1.0965519	Ġtool	['tool', 'piece', 'furniture', 'TOOL', '**']	aff	aff
"Complete the sentence below with only one category word.\nSentence: ""A sawhorse is a ___."" Completed sentence: A sawhorse is a"	vehicle	-7.726305	Ġvehicle	['tool', 'piece', 'furniture', 'TOOL', '**']	aff	neg
"Complete the sentence below with only one category word.\nSentence: ""A sawhorse is not a ___."" Completed sentence: A sawhorse is not a"	vehicle	-3.932211	Ġvehicle	['tool', 'table', 'furniture', '\\', '(']	neg	neg
"Complete the sentence below with only one category word.\nSentence: ""A sawhorse is not a ___."" Completed sentence: A sawhorse is not a"	tool	-1.3042183	Ġtool	['tool', 'table', 'furniture', '\\', '(']	neg	aff
"Complete the sentence below with only one category word.\nSentence: ""A housekeeper is a ___."" Completed sentence: A housekeeper is a"	person	-2.3420124	Ġperson	['job', 'person', 'professional', 'profession', 'woman']	aff	aff
"Complete the sentence below with only one category word.\nSentence: ""A housekeeper is a ___."" Completed sentence: A housekeeper is a"	toy	-13.222362	Ġtoy	['job', 'person', 'professional', 'profession', 'woman']	aff	neg
"Complete the sentence below with only one category word.\nSentence: ""A housekeeper is not a ___."" Completed sentence: A housekeeper is not a"	toy	-9.962237	Ġtoy	"['professional', '(', 'profession', 'job', '""']"	neg	neg
"Complete the sentence below with only one category word.\nSentence: ""A housekeeper is not a ___."" Completed sentence: A housekeeper is not a"	person	-4.8636227	Ġperson	"['professional', '(', 'profession', 'job', '""']"	neg	aff
"Complete the sentence below with only one category word.\nSentence: ""A carpenter is a ___."" Completed sentence: A carpenter is a"	person	-2.0114212	Ġperson	['profession', 'person', 'professional', 'skilled', 'trades']	aff	aff
"Complete the sentence below with only one category word.\nSentence: ""A carpenter is a ___."" Completed sentence: A carpenter is a"	bird	-12.735249	Ġbird	['profession', 'person', 'professional', 'skilled', 'trades']	aff	neg
"Complete the sentence below with only one category word.\nSentence: ""A carpenter is not a ___."" Completed sentence: A carpenter is not a"	bird	-8.59134	Ġbird	['tool', 'professional', '___', '\\', '(']	neg	neg
"Complete the sentence below with only one category word.\nSentence: ""A carpenter is not a ___."" Completed sentence: A carpenter is not a"	person	-4.605316	Ġperson	['tool', 'professional', '___', '\\', '(']	neg	aff
"Complete the sentence below with only one category word.\nSentence: ""A coach is a ___."" Completed sentence: A coach is a"	vehicle	-8.575921	Ġvehicle	['person', 'professional', 'profession', 'human', 'job']	aff	aff
"Complete the sentence below with only one category word.\nSentence: ""A coach is a ___."" Completed sentence: A coach is a"	building	-10.763971	Ġbuilding	['person', 'professional', 'profession', 'human', 'job']	aff	neg
"Complete the sentence below with only one category word.\nSentence: ""A coach is not a ___."" Completed sentence: A coach is not a"	building	-7.8338327	Ġbuilding	"['(', '""', 'teacher', 'job', 'professional']"	neg	neg
"Complete the sentence below with only one category word.\nSentence: ""A coach is not a ___."" Completed sentence: A coach is not a"	vehicle	-4.609705	Ġvehicle	"['(', '""', 'teacher', 'job', 'professional']"	neg	aff
"Complete the sentence below with only one category word.\nSentence: ""A map is a ___."" Completed sentence: A map is a"	paper	-8.031132	Ġpaper	['tool', '**', 'visual', 'graphic', 'map']	aff	aff
"Complete the sentence below with only one category word.\nSentence: ""A map is a ___."" Completed sentence: A map is a"	toy	-8.689516	Ġtoy	['tool', '**', 'visual', 'graphic', 'map']	aff	neg
"Complete the sentence below with only one category word.\nSentence: ""A map is not a ___."" Completed sentence: A map is not a"	toy	-5.8923664	Ġtoy	['tool', 'chart', '(', '___', 'book']	neg	neg
"Complete the sentence below with only one category word.\nSentence: ""A map is not a ___."" Completed sentence: A map is not a"	paper	-7.5113745	Ġpaper	['tool', 'chart', '(', '___', 'book']	neg	aff
"Complete the sentence below with only one category word.\nSentence: ""A radio is a ___."" Completed sentence: A radio is a"	device	-1.7444	Ġdevice	['device', 'tool', '**', 'machine', '(']	aff	aff
"Complete the sentence below with only one category word.\nSentence: ""A radio is a ___."" Completed sentence: A radio is a"	flower	-16.913542	Ġflower	['device', 'tool', '**', 'machine', '(']	aff	neg
"Complete the sentence below with only one category word.\nSentence: ""A radio is not a ___."" Completed sentence: A radio is not a"	flower	-12.67678	Ġflower	['tool', 'machine', 'musical', '(', 'device']	neg	neg
"Complete the sentence below with only one category word.\nSentence: ""A radio is not a ___."" Completed sentence: A radio is not a"	device	-3.2032166	Ġdevice	['tool', 'machine', 'musical', '(', 'device']	neg	aff
"Complete the sentence below with only one category word.\nSentence: ""A goose is a ___."" Completed sentence: A goose is a"	bird	-0.6516113	Ġbird	['bird', '\\', '___', '(', '______']	aff	aff
"Complete the sentence below with only one category word.\nSentence: ""A goose is a ___."" Completed sentence: A goose is a"	mammal	-4.142851	Ġmamm	['bird', '\\', '___', '(', '______']	aff	neg
"Complete the sentence below with only one category word.\nSentence: ""A goose is not a ___."" Completed sentence: A goose is not a"	mammal	-2.6529617	Ġmamm	['bird', 'mamm', '___', 'f', '(']	neg	neg
"Complete the sentence below with only one category word.\nSentence: ""A goose is not a ___."" Completed sentence: A goose is not a"	bird	-0.7424755	Ġbird	['bird', 'mamm', '___', 'f', '(']	neg	aff
"Complete the sentence below with only one category word.\nSentence: ""A teacher is a ___."" Completed sentence: A teacher is a"	guide	-9.684211	Ġguide	['professional', 'profession', 'person', '\\', 'human']	aff	aff
"Complete the sentence below with only one category word.\nSentence: ""A teacher is a ___."" Completed sentence: A teacher is a"	child	-10.501362	Ġchild	['professional', 'profession', 'person', '\\', 'human']	aff	neg
"Complete the sentence below with only one category word.\nSentence: ""A teacher is not a ___."" Completed sentence: A teacher is not a"	child	-7.041415	Ġchild	"['professional', 'profession', '""', '(', '___']"	neg	neg
"Complete the sentence below with only one category word.\nSentence: ""A teacher is not a ___."" Completed sentence: A teacher is not a"	guide	-8.326506	Ġguide	"['professional', 'profession', '""', '(', '___']"	neg	aff
"Complete the sentence below with only one category word.\nSentence: ""A flashlight is a ___."" Completed sentence: A flashlight is a"	light	-3.1573753	Ġlight	['tool', '**', 'light', 'device', 'TOOL']	aff	aff
"Complete the sentence below with only one category word.\nSentence: ""A flashlight is a ___."" Completed sentence: A flashlight is a"	toy	-7.270979	Ġtoy	['tool', '**', 'light', 'device', 'TOOL']	aff	neg
"Complete the sentence below with only one category word.\nSentence: ""A flashlight is not a ___."" Completed sentence: A flashlight is not a"	toy	-4.3650036	Ġtoy	['tool', 'battery', 'TOOL', '(', 'light']	neg	neg
"Complete the sentence below with only one category word.\nSentence: ""A flashlight is not a ___."" Completed sentence: A flashlight is not a"	light	-3.4017353	Ġlight	['tool', 'battery', 'TOOL', '(', 'light']	neg	aff
"Complete the sentence below with only one category word.\nSentence: ""A martini is a ___."" Completed sentence: A martini is a"	drink	-1.3054333	Ġdrink	['cocktail', 'drink', 'beverage', 'alcoholic', 'mixed']	aff	aff
"Complete the sentence below with only one category word.\nSentence: ""A martini is a ___."" Completed sentence: A martini is a"	food	-8.950518	Ġfood	['cocktail', 'drink', 'beverage', 'alcoholic', 'mixed']	aff	neg
"Complete the sentence below with only one category word.\nSentence: ""A martini is not a ___."" Completed sentence: A martini is not a"	food	-6.34752	Ġfood	"['cocktail', 'drink', 'beverage', '""', 'mixed']"	neg	neg
"Complete the sentence below with only one category word.\nSentence: ""A martini is not a ___."" Completed sentence: A martini is not a"	drink	-2.2051525	Ġdrink	"['cocktail', 'drink', 'beverage', '""', 'mixed']"	neg	aff
"Complete the sentence below with only one category word.\nSentence: ""A basketball is a ___."" Completed sentence: A basketball is a"	sport	-1.2721939	Ġsport	['sport', 'sports', 'ball', 'SPORT', '**']	aff	aff
"Complete the sentence below with only one category word.\nSentence: ""A basketball is a ___."" Completed sentence: A basketball is a"	building	-16.557447	Ġbuilding	['sport', 'sports', 'ball', 'SPORT', '**']	aff	neg
"Complete the sentence below with only one category word.\nSentence: ""A basketball is not a ___."" Completed sentence: A basketball is not a"	building	-11.823093	Ġbuilding	['tool', 'toy', 'ball', 'fruit', '(']	neg	neg
"Complete the sentence below with only one category word.\nSentence: ""A basketball is not a ___."" Completed sentence: A basketball is not a"	sport	-3.4562645	Ġsport	['tool', 'toy', 'ball', 'fruit', '(']	neg	aff
"Complete the sentence below with only one category word.\nSentence: ""A snowman is an ___."" Completed sentence: A snowman is an"	art	-1.8637657	Ġart	['object', 'art', '**', 'ART', 'IN']	aff	aff
"Complete the sentence below with only one category word.\nSentence: ""A snowman is a ___."" Completed sentence: A snowman is a"	snowflake	-4.462986	Ġsnow	['sculpture', 'man', '**', 'structure', '(']	aff	neg
"Complete the sentence below with only one category word.\nSentence: ""A snowman is not a ___."" Completed sentence: A snowman is not a"	snowflake	-3.6131802	Ġsnow	['living', '(', '___', 'plant', 'sculpture']	neg	neg
"Complete the sentence below with only one category word.\nSentence: ""A snowman is not an ___."" Completed sentence: A snowman is not an"	art	-4.421198	Ġart	"['animal', 'object', 'animate', '""', '(']"	neg	aff
"Complete the sentence below with only one category word.\nSentence: ""A petz is an ___."" Completed sentence: A petz is an"	animal	-0.09080124	Ġanimal	['animal', '(', 'organism', '**', 'Animal']	aff	aff
"Complete the sentence below with only one category word.\nSentence: ""A petz is a ___."" Completed sentence: A petz is a"	toy	-4.179022	Ġtoy	['mamm', 'pet', 'dog', '(', '___']	aff	neg
"Complete the sentence below with only one category word.\nSentence: ""A petz is not a ___."" Completed sentence: A petz is not a"	toy	-3.848257	Ġtoy	['mamm', '(', 'living', 'pet', '___']	neg	neg
"Complete the sentence below with only one category word.\nSentence: ""A petz is not an ___."" Completed sentence: A petz is not an"	animal	-0.17584229	Ġanimal	"['animal', '(', 'organism', '""', 'object']"	neg	aff
"Complete the sentence below with only one category word.\nSentence: ""A television is a ___."" Completed sentence: A television is a"	device	-2.7330284	Ġdevice	['**', 'household', 'device', 'consumer', 'piece']	aff	aff
"Complete the sentence below with only one category word.\nSentence: ""A television is a ___."" Completed sentence: A television is a"	furniture	-7.7559404	Ġfurniture	['**', 'household', 'device', 'consumer', 'piece']	aff	neg
"Complete the sentence below with only one category word.\nSentence: ""A television is not a ___."" Completed sentence: A television is not a"	furniture	-7.378003	Ġfurniture	"['tool', 'machine', '(', 'device', '""']"	neg	neg
"Complete the sentence below with only one category word.\nSentence: ""A television is not a ___."" Completed sentence: A television is not a"	device	-3.5539703	Ġdevice	"['tool', 'machine', '(', 'device', '""']"	neg	aff
"Complete the sentence below with only one category word.\nSentence: ""An oven is a ___."" Completed sentence: An oven is a"	device	-4.6636486	Ġdevice	['kitchen', 'cooking', 'heating', 'tool', '\\']	aff	aff
"Complete the sentence below with only one category word.\nSentence: ""An oven is a ___."" Completed sentence: An oven is a"	food	-6.9190273	Ġfood	['kitchen', 'cooking', 'heating', 'tool', '\\']	aff	neg
"Complete the sentence below with only one category word.\nSentence: ""An oven is not a ___."" Completed sentence: An oven is not a"	food	-5.0250416	Ġfood	['tool', 'machine', '\\', '(', 'kitchen']	neg	neg
"Complete the sentence below with only one category word.\nSentence: ""An oven is not a ___."" Completed sentence: An oven is not a"	device	-5.368141	Ġdevice	['tool', 'machine', '\\', '(', 'kitchen']	neg	aff
"Complete the sentence below with only one category word.\nSentence: ""A rag is a ___."" Completed sentence: A rag is a"	cloth	-3.6556873	Ġcloth	['material', 'tool', 'fabric', '\\', 'textile']	aff	aff
"Complete the sentence below with only one category word.\nSentence: ""A rag is a ___."" Completed sentence: A rag is a"	stone	-11.325255	Ġstone	['material', 'tool', 'fabric', '\\', 'textile']	aff	neg
"Complete the sentence below with only one category word.\nSentence: ""A rag is not a ___."" Completed sentence: A rag is not a"	stone	-8.213356	Ġstone	['tool', '___', '______', '\\', '(']	neg	neg
"Complete the sentence below with only one category word.\nSentence: ""A rag is not a ___."" Completed sentence: A rag is not a"	cloth	-3.7569218	Ġcloth	['tool', '___', '______', '\\', '(']	neg	aff
"Complete the sentence below with only one category word.\nSentence: ""A sheep is an ___."" Completed sentence: A sheep is an"	animal	-0.28733826	Ġanimal	['animal', 'herb', '\\', 'M', 'Animal']	aff	aff
"Complete the sentence below with only one category word.\nSentence: ""A sheep is a ___."" Completed sentence: A sheep is a"	toy	-10.146309	Ġtoy	['mamm', 'domestic', '___', 'quadr', '__']	aff	neg
"Complete the sentence below with only one category word.\nSentence: ""A sheep is not a ___."" Completed sentence: A sheep is not a"	toy	-7.7851343	Ġtoy	['mamm', '___', 'domestic', 'quadr', '\\']	neg	neg
"Complete the sentence below with only one category word.\nSentence: ""A sheep is not an ___."" Completed sentence: A sheep is not an"	animal	-0.24687195	Ġanimal	['animal', 'herb', '\\', '___', '(']	neg	aff
"Complete the sentence below with only one category word.\nSentence: ""A geranium is a ___."" Completed sentence: A geranium is a"	flower	-1.5191841	Ġflower	['plant', 'flower', 'flowering', '___', 'type']	aff	aff
"Complete the sentence below with only one category word.\nSentence: ""A geranium is a ___."" Completed sentence: A geranium is a"	shrub	-7.509014	Ġshr	['plant', 'flower', 'flowering', '___', 'type']	aff	neg
"Complete the sentence below with only one category word.\nSentence: ""A geranium is not a ___."" Completed sentence: A geranium is not a"	shrub	-6.0793743	Ġshr	['plant', 'flower', '___', 'flowering', '(']	neg	neg
"Complete the sentence below with only one category word.\nSentence: ""A geranium is not a ___."" Completed sentence: A geranium is not a"	flower	-1.4083424	Ġflower	['plant', 'flower', '___', 'flowering', '(']	neg	aff
"Complete the sentence below with only one category word.\nSentence: ""A ray is a ___."" Completed sentence: A ray is a"	fish	-15.272807	Ġfish	['line', 'part', 'geometric', '___', 'straight']	aff	aff
"Complete the sentence below with only one category word.\nSentence: ""A ray is a ___."" Completed sentence: A ray is a"	plant	-14.062794	Ġplant	['line', 'part', 'geometric', '___', 'straight']	aff	neg
"Complete the sentence below with only one category word.\nSentence: ""A ray is not a ___."" Completed sentence: A ray is not a"	plant	-12.603186	Ġplant	['line', 'closed', '___', 'segment', '____']	neg	neg
"Complete the sentence below with only one category word.\nSentence: ""A ray is not a ___."" Completed sentence: A ray is not a"	fish	-13.90194	Ġfish	['line', 'closed', '___', 'segment', '____']	neg	aff
"Complete the sentence below with only one category word.\nSentence: ""A lemon is a ___."" Completed sentence: A lemon is a"	fruit	-0.6083393	Ġfruit	['fruit', 'citrus', '___', 'food', '(']	aff	aff
"Complete the sentence below with only one category word.\nSentence: ""A lemon is a ___."" Completed sentence: A lemon is a"	drink	-10.705613	Ġdrink	['fruit', 'citrus', '___', 'food', '(']	aff	neg
"Complete the sentence below with only one category word.\nSentence: ""A lemon is not a ___."" Completed sentence: A lemon is not a"	drink	-9.14318	Ġdrink	['fruit', 'vegetable', '___', '(', 'citrus']	neg	neg
"Complete the sentence below with only one category word.\nSentence: ""A lemon is not a ___."" Completed sentence: A lemon is not a"	fruit	-0.652092	Ġfruit	['fruit', 'vegetable', '___', '(', 'citrus']	neg	aff
"Complete the sentence below with only one category word.\nSentence: ""A discussion is a ___."" Completed sentence: A discussion is a"	talk	-5.2877903	Ġtalk	['social', 'verbal', 'process', 'conversation', '**']	aff	aff
"Complete the sentence below with only one category word.\nSentence: ""A discussion is a ___."" Completed sentence: A discussion is a"	fight	-13.190579	Ġfight	['social', 'verbal', 'process', 'conversation', '**']	aff	neg
"Complete the sentence below with only one category word.\nSentence: ""A discussion is not a ___."" Completed sentence: A discussion is not a"	fight	-9.366649	Ġfight	['(', 'meeting', 'conversation', 'process', '**']	neg	neg
"Complete the sentence below with only one category word.\nSentence: ""A discussion is not a ___."" Completed sentence: A discussion is not a"	talk	-6.813034	Ġtalk	['(', 'meeting', 'conversation', 'process', '**']	neg	aff
"Complete the sentence below with only one category word.\nSentence: ""A basketball is a ___."" Completed sentence: A basketball is a"	ball	-2.5613804	Ġball	['sport', 'sports', 'ball', 'SPORT', '**']	aff	aff
"Complete the sentence below with only one category word.\nSentence: ""A basketball is a ___."" Completed sentence: A basketball is a"	fruit	-6.6567116	Ġfruit	['sport', 'sports', 'ball', 'SPORT', '**']	aff	neg
"Complete the sentence below with only one category word.\nSentence: ""A basketball is not a ___."" Completed sentence: A basketball is not a"	fruit	-2.7696342	Ġfruit	['tool', 'toy', 'ball', 'fruit', '(']	neg	neg
"Complete the sentence below with only one category word.\nSentence: ""A basketball is not a ___."" Completed sentence: A basketball is not a"	ball	-2.53504	Ġball	['tool', 'toy', 'ball', 'fruit', '(']	neg	aff
"Complete the sentence below with only one category word.\nSentence: ""A pig is an ___."" Completed sentence: A pig is an"	animal	-0.39681244	Ġanimal	['animal', 'omn', '**', 'herb', '___']	aff	aff
"Complete the sentence below with only one category word.\nSentence: ""A pig is a ___."" Completed sentence: A pig is a"	person	-11.02877	Ġperson	['mamm', 'domestic', '___', 'farm', '(']	aff	neg
"Complete the sentence below with only one category word.\nSentence: ""A pig is not a ___."" Completed sentence: A pig is not a"	person	-8.835815	Ġperson	['mamm', '___', 'quadr', 'domestic', '______']	neg	neg
"Complete the sentence below with only one category word.\nSentence: ""A pig is not an ___."" Completed sentence: A pig is not an"	animal	-0.29869652	Ġanimal	['animal', '___', 'omn', 'herb', '\\']	neg	aff
"Complete the sentence below with only one category word.\nSentence: ""A squirrel is a ___."" Completed sentence: A squirrel is a"	mammalian	-0.46691704	Ġmamm	['mamm', 'M', '**', 'small', '\\']	aff	aff
"Complete the sentence below with only one category word.\nSentence: ""A squirrel is a ___."" Completed sentence: A squirrel is a"	bird	-5.493866	Ġbird	['mamm', 'M', '**', 'small', '\\']	aff	neg
"Complete the sentence below with only one category word.\nSentence: ""A squirrel is not a ___."" Completed sentence: A squirrel is not a"	bird	-3.222002	Ġbird	['mamm', '___', 'bird', '(', '\\']	neg	neg
"Complete the sentence below with only one category word.\nSentence: ""A squirrel is not a ___."" Completed sentence: A squirrel is not a"	mammalian	-0.6160984	Ġmamm	['mamm', '___', 'bird', '(', '\\']	neg	aff
"Complete the sentence below with only one category word.\nSentence: ""A skunk is a ___."" Completed sentence: A skunk is a"	mammalian	-0.42176628	Ġmamm	['mamm', '\\', '**', 'M', '___']	aff	aff
"Complete the sentence below with only one category word.\nSentence: ""A skunk is an ___."" Completed sentence: A skunk is an"	amphibian	-6.928874	Ġamphib	"['animal', '**', '\\', '""', 'AN']"	aff	neg
"Complete the sentence below with only one category word.\nSentence: ""A skunk is not an ___."" Completed sentence: A skunk is not an"	amphibian	-5.8105145	Ġamphib	"['animal', 'herb', 'insect', '\\', '""']"	neg	neg
"Complete the sentence below with only one category word.\nSentence: ""A skunk is not a ___."" Completed sentence: A skunk is not a"	mammalian	-0.65193367	Ġmamm	['mamm', '___', '(', '\\', 'verte']	neg	aff
"Complete the sentence below with only one category word.\nSentence: ""A rabbit is a ___."" Completed sentence: A rabbit is a"	mammalian	-0.55111885	Ġmamm	['mamm', '___', 'M', '\\', 'domestic']	aff	aff
"Complete the sentence below with only one category word.\nSentence: ""A rabbit is a ___."" Completed sentence: A rabbit is a"	reptile	-7.662339	Ġrept	['mamm', '___', 'M', '\\', 'domestic']	aff	neg
"Complete the sentence below with only one category word.\nSentence: ""A rabbit is not a ___."" Completed sentence: A rabbit is not a"	reptile	-5.0911007	Ġrept	['mamm', '___', 'domestic', 'quadr', '____']	neg	neg
"Complete the sentence below with only one category word.\nSentence: ""A rabbit is not a ___."" Completed sentence: A rabbit is not a"	mammalian	-0.5647049	Ġmamm	['mamm', '___', 'domestic', 'quadr', '____']	neg	aff
"Complete the sentence below with only one category word.\nSentence: ""A wallet is a ___."" Completed sentence: A wallet is a"	container	-2.0424232	Ġcontainer	['container', '**', 'personal', '\\', '(']	aff	aff
"Complete the sentence below with only one category word.\nSentence: ""A wallet is a ___."" Completed sentence: A wallet is a"	building	-14.117226	Ġbuilding	['container', '**', 'personal', '\\', '(']	aff	neg
"Complete the sentence below with only one category word.\nSentence: ""A wallet is not a ___."" Completed sentence: A wallet is not a"	building	-10.601805	Ġbuilding	['container', 'tool', '(', '___', '\\']	neg	neg
"Complete the sentence below with only one category word.\nSentence: ""A wallet is not a ___."" Completed sentence: A wallet is not a"	container	-1.4508991	Ġcontainer	['container', 'tool', '(', '___', '\\']	neg	aff
"Complete the sentence below with only one category word.\nSentence: ""A harp is an ___."" Completed sentence: A harp is an"	instrument	-0.28671074	Ġinstrument	['instrument', 'musical', '**', 'acoustic', 'Instrument']	aff	aff
"Complete the sentence below with only one category word.\nSentence: ""A harp is a ___."" Completed sentence: A harp is a"	toy	-9.259785	Ġtoy	['musical', 'string', '**', '(', '___']	aff	neg
"Complete the sentence below with only one category word.\nSentence: ""A harp is not a ___."" Completed sentence: A harp is not a"	toy	-5.1764946	Ġtoy	['musical', 'string', '(', '___', '____']	neg	neg
"Complete the sentence below with only one category word.\nSentence: ""A harp is not an ___."" Completed sentence: A harp is not an"	instrument	-0.28134346	Ġinstrument	['instrument', 'orchestra', '(', 'musical', '**']	neg	aff
"Complete the sentence below with only one category word.\nSentence: ""A boy is a ___."" Completed sentence: A boy is a"	human	-1.9095325	Ġhuman	['male', 'human', 'boy', 'child', 'living']	aff	aff
"Complete the sentence below with only one category word.\nSentence: ""A boy is an ___."" Completed sentence: A boy is an"	animal	-1.6795921	Ġanimal	['animal', '\\', '(', 'adolescent', 'individual']	aff	neg
"Complete the sentence below with only one category word.\nSentence: ""A boy is not an ___."" Completed sentence: A boy is not an"	animal	-0.7443943	Ġanimal	"['animal', 'adult', '(', '""', '\\']"	neg	neg
"Complete the sentence below with only one category word.\nSentence: ""A boy is not a ___."" Completed sentence: A boy is not a"	human	-2.5437012	Ġhuman	['girl', 'human', 'man', 'female', '___']	neg	aff
"Complete the sentence below with only one category word.\nSentence: ""A mug is a ___."" Completed sentence: A mug is a"	container	-1.6715775	Ġcontainer	['container', '**', 'vessel', 'drinking', 'beverage']	aff	aff
"Complete the sentence below with only one category word.\nSentence: ""A mug is a ___."" Completed sentence: A mug is a"	bottle	-8.405101	Ġbottle	['container', '**', 'vessel', 'drinking', 'beverage']	aff	neg
"Complete the sentence below with only one category word.\nSentence: ""A mug is not a ___."" Completed sentence: A mug is not a"	bottle	-6.2249794	Ġbottle	['container', 'cup', '___', 'vessel', 'drink']	neg	neg
"Complete the sentence below with only one category word.\nSentence: ""A mug is not a ___."" Completed sentence: A mug is not a"	container	-1.3773689	Ġcontainer	['container', 'cup', '___', 'vessel', 'drink']	neg	aff
"Complete the sentence below with only one category word.\nSentence: ""A knife is a ___."" Completed sentence: A knife is a"	weapon	-3.9471054	Ġweapon	['tool', 'TOOL', 'cutting', '\\', 'sharp']	aff	aff
"Complete the sentence below with only one category word.\nSentence: ""A knife is an ___."" Completed sentence: A knife is an"	electronic	-8.690084	Ġelectronic	['instrument', 'object', '\\', '**', 'implement']	aff	neg
"Complete the sentence below with only one category word.\nSentence: ""A knife is not an ___."" Completed sentence: A knife is not an"	electronic	-7.020005	Ġelectronic	['instrument', 'object', 'implement', '\\', '**']	neg	neg
"Complete the sentence below with only one category word.\nSentence: ""A knife is not a ___."" Completed sentence: A knife is not a"	weapon	-2.4186745	Ġweapon	['tool', 'weapon', 'TOOL', '\\', 'sharp']	neg	aff
"Complete the sentence below with only one category word.\nSentence: ""A statue is an ___."" Completed sentence: A statue is an"	art	-1.2105732	Ġart	['art', 'artwork', 'artifact', 'object', '**']	aff	aff
"Complete the sentence below with only one category word.\nSentence: ""A statue is a ___."" Completed sentence: A statue is a"	person	-6.681238	Ġperson	['sculpture', 'work', 'man', '**', '(']	aff	neg
"Complete the sentence below with only one category word.\nSentence: ""A statue is not a ___."" Completed sentence: A statue is not a"	person	-5.2804794	Ġperson	['living', '(', 'work', 'sculpture', '___']	neg	neg
"Complete the sentence below with only one category word.\nSentence: ""A statue is not an ___."" Completed sentence: A statue is not an"	art	-2.8067074	Ġart	['artifact', 'object', 'artwork', 'art', '(']	neg	aff
"Complete the sentence below with only one category word.\nSentence: ""A tangerine is a ___."" Completed sentence: A tangerine is a"	fruit	-0.480608	Ġfruit	['fruit', 'citrus', '___', 'type', '(']	aff	aff
"Complete the sentence below with only one category word.\nSentence: ""A tangerine is a ___."" Completed sentence: A tangerine is a"	vegetable	-6.5213976	Ġvegetable	['fruit', 'citrus', '___', 'type', '(']	aff	neg
"Complete the sentence below with only one category word.\nSentence: ""A tangerine is not a ___."" Completed sentence: A tangerine is not a"	vegetable	-3.6265087	Ġvegetable	['fruit', 'citrus', '___', '(', '______']	neg	neg
"Complete the sentence below with only one category word.\nSentence: ""A tangerine is not a ___."" Completed sentence: A tangerine is not a"	fruit	-0.6235275	Ġfruit	['fruit', 'citrus', '___', '(', '______']	neg	aff
"Complete the sentence below with only one category word.\nSentence: ""A robber is a ___."" Completed sentence: A robber is a"	criminal	-0.7721157	Ġcriminal	['criminal', '\\', 'person', 'crime', '__']	aff	aff
"Complete the sentence below with only one category word.\nSentence: ""A robber is a ___."" Completed sentence: A robber is a"	policeman	-12.47513	Ġpoliceman	['criminal', '\\', 'person', 'crime', '__']	aff	neg
"Complete the sentence below with only one category word.\nSentence: ""A robber is not a ___."" Completed sentence: A robber is not a"	policeman	-8.354048	Ġpoliceman	['criminal', '\\', 'thief', '___', 'human']	neg	neg
"Complete the sentence below with only one category word.\nSentence: ""A robber is not a ___."" Completed sentence: A robber is not a"	criminal	-1.7419682	Ġcriminal	['criminal', '\\', 'thief', '___', 'human']	neg	aff
"Complete the sentence below with only one category word.\nSentence: ""A skirt is a ___."" Completed sentence: A skirt is a"	clothing	-2.040739	Ġclothing	['piece', 'garment', 'clothing', '\\', 'type']	aff	aff
"Complete the sentence below with only one category word.\nSentence: ""A skirt is a ___."" Completed sentence: A skirt is a"	food	-14.98962	Ġfood	['piece', 'garment', 'clothing', '\\', 'type']	aff	neg
"Complete the sentence below with only one category word.\nSentence: ""A skirt is not a ___."" Completed sentence: A skirt is not a"	food	-9.582495	Ġfood	['garment', '\\', 'piece', 'clothing', '(']	neg	neg
"Complete the sentence below with only one category word.\nSentence: ""A skirt is not a ___."" Completed sentence: A skirt is not a"	clothing	-2.551237	Ġclothing	['garment', '\\', 'piece', 'clothing', '(']	neg	aff
"Complete the sentence below with only one category word.\nSentence: ""A bread is a ___."" Completed sentence: A bread is a"	food	-0.8758755	Ġfood	['food', '\\', '(', '___', 'noun']	aff	aff
"Complete the sentence below with only one category word.\nSentence: ""A bread is a ___."" Completed sentence: A bread is a"	drink	-9.721606	Ġdrink	['food', '\\', '(', '___', 'noun']	aff	neg
"Complete the sentence below with only one category word.\nSentence: ""A bread is not a ___."" Completed sentence: A bread is not a"	drink	-6.796611	Ġdrink	['food', '___', '(', '\\', 'fruit']	neg	neg
"Complete the sentence below with only one category word.\nSentence: ""A bread is not a ___."" Completed sentence: A bread is not a"	food	-2.1181717	Ġfood	['food', '___', '(', '\\', 'fruit']	neg	aff
"Complete the sentence below with only one category word.\nSentence: ""A tea is a ___."" Completed sentence: A tea is a"	drink	-1.9650555	Ġdrink	['beverage', 'drink', 'liquid', 'hot', '(']	aff	aff
"Complete the sentence below with only one category word.\nSentence: ""A tea is a ___."" Completed sentence: A tea is a"	game	-11.973343	Ġgame	['beverage', 'drink', 'liquid', 'hot', '(']	aff	neg
"Complete the sentence below with only one category word.\nSentence: ""A tea is not a ___."" Completed sentence: A tea is not a"	game	-9.71528	Ġgame	['beverage', 'drink', 'liquid', '(', 'cup']	neg	neg
"Complete the sentence below with only one category word.\nSentence: ""A tea is not a ___."" Completed sentence: A tea is not a"	drink	-1.9498158	Ġdrink	['beverage', 'drink', 'liquid', '(', 'cup']	neg	aff
"Complete the sentence below with only one category word.\nSentence: ""A coconut is a ___."" Completed sentence: A coconut is a"	fruit	-0.35826683	Ġfruit	['fruit', 'plant', 'seed', '___', '**']	aff	aff
"Complete the sentence below with only one category word.\nSentence: ""A coconut is a ___."" Completed sentence: A coconut is a"	berry	-8.088796	Ġberry	['fruit', 'plant', 'seed', '___', '**']	aff	neg
"Complete the sentence below with only one category word.\nSentence: ""A coconut is not a ___."" Completed sentence: A coconut is not a"	berry	-6.4219456	Ġberry	['fruit', '___', 'vegetable', 'plant', 'tree']	neg	neg
"Complete the sentence below with only one category word.\nSentence: ""A coconut is not a ___."" Completed sentence: A coconut is not a"	fruit	-0.6761818	Ġfruit	['fruit', '___', 'vegetable', 'plant', 'tree']	neg	aff
"Complete the sentence below with only one category word.\nSentence: ""A salad is a ___."" Completed sentence: A salad is a"	snack	-5.0557384	Ġsnack	['food', 'meal', 'dish', 'fruit', '(']	aff	aff
"Complete the sentence below with only one category word.\nSentence: ""A salad is a ___."" Completed sentence: A salad is a"	weapon	-14.3593445	Ġweapon	['food', 'meal', 'dish', 'fruit', '(']	aff	neg
"Complete the sentence below with only one category word.\nSentence: ""A salad is not a ___."" Completed sentence: A salad is not a"	weapon	-12.555655	Ġweapon	['meal', 'fruit', 'vegetable', 'dessert', 'main']	neg	neg
"Complete the sentence below with only one category word.\nSentence: ""A salad is not a ___."" Completed sentence: A salad is not a"	snack	-4.161957	Ġsnack	['meal', 'fruit', 'vegetable', 'dessert', 'main']	neg	aff
"Complete the sentence below with only one category word.\nSentence: ""A noodles is a ___."" Completed sentence: A noodles is a"	food	-0.72660065	Ġfood	['food', 'vegetable', 'dish', '\\', '**']	aff	aff
"Complete the sentence below with only one category word.\nSentence: ""A noodles is a ___."" Completed sentence: A noodles is a"	drink	-8.122345	Ġdrink	['food', 'vegetable', 'dish', '\\', '**']	aff	neg
"Complete the sentence below with only one category word.\nSentence: ""A noodles is not a ___."" Completed sentence: A noodles is not a"	drink	-6.58097	Ġdrink	['vegetable', 'food', '___', 'fruit', '(']	neg	neg
"Complete the sentence below with only one category word.\nSentence: ""A noodles is not a ___."" Completed sentence: A noodles is not a"	food	-2.2061615	Ġfood	['vegetable', 'food', '___', 'fruit', '(']	neg	aff
"Complete the sentence below with only one category word.\nSentence: ""A triangle is a ___."" Completed sentence: A triangle is a"	shape	-3.1616383	Ġshape	['polygon', 'two', 'geometric', '**', '']	aff	aff
"Complete the sentence below with only one category word.\nSentence: ""A triangle is a ___."" Completed sentence: A triangle is a"	square	-10.112744	Ġsquare	['polygon', 'two', 'geometric', '**', '']	aff	neg
"Complete the sentence below with only one category word.\nSentence: ""A triangle is not a ___."" Completed sentence: A triangle is not a"	square	-3.3488407	Ġsquare	['polygon', 'quadr', 'circle', '(', 'square']	neg	neg
"Complete the sentence below with only one category word.\nSentence: ""A triangle is not a ___."" Completed sentence: A triangle is not a"	shape	-3.586689	Ġshape	['polygon', 'quadr', 'circle', '(', 'square']	neg	aff
"Complete the sentence below with only one category word.\nSentence: ""A telephone is a ___."" Completed sentence: A telephone is a"	device	-2.1981564	Ġdevice	['communication', 'device', 'tool', '**', '____']	aff	aff
"Complete the sentence below with only one category word.\nSentence: ""A telephone is a ___."" Completed sentence: A telephone is a"	tool	-2.9755688	Ġtool	['communication', 'device', 'tool', '**', '____']	aff	neg
"Complete the sentence below with only one category word.\nSentence: ""A telephone is not a ___."" Completed sentence: A telephone is not a"	tool	-1.5504131	Ġtool	['tool', '(', 'device', 'machine', '___']	neg	neg
"Complete the sentence below with only one category word.\nSentence: ""A telephone is not a ___."" Completed sentence: A telephone is not a"	device	-2.9063282	Ġdevice	['tool', '(', 'device', 'machine', '___']	neg	aff
"Complete the sentence below with only one category word.\nSentence: ""A piano is a ___."" Completed sentence: A piano is a"	device	-9.561193	Ġdevice	['musical', '**', '\\', '(', 'string']	aff	aff
"Complete the sentence below with only one category word.\nSentence: ""A piano is a ___."" Completed sentence: A piano is a"	toy	-8.595135	Ġtoy	['musical', '**', '\\', '(', 'string']	aff	neg
"Complete the sentence below with only one category word.\nSentence: ""A piano is not a ___."" Completed sentence: A piano is not a"	toy	-4.258152	Ġtoy	['musical', 'tool', '(', '\\', '___']	neg	neg
"Complete the sentence below with only one category word.\nSentence: ""A piano is not a ___."" Completed sentence: A piano is not a"	device	-7.451809	Ġdevice	['musical', 'tool', '(', '\\', '___']	neg	aff
"Complete the sentence below with only one category word.\nSentence: ""A hurricane is a ___."" Completed sentence: A hurricane is a"	storm	-3.1551514	Ġstorm	['natural', 'weather', '**', 'storm', 'destructive']	aff	aff
"Complete the sentence below with only one category word.\nSentence: ""A hurricane is a ___."" Completed sentence: A hurricane is a"	breeze	-9.171606	ĠB	['natural', 'weather', '**', 'storm', 'destructive']	aff	neg
"Complete the sentence below with only one category word.\nSentence: ""A hurricane is not a ___."" Completed sentence: A hurricane is not a"	breeze	-7.5636854	Ġbreeze	['natural', 'storm', '(', 'weather', '**']	neg	neg
"Complete the sentence below with only one category word.\nSentence: ""A hurricane is not a ___."" Completed sentence: A hurricane is not a"	storm	-2.1711998	Ġstorm	['natural', 'storm', '(', 'weather', '**']	neg	aff
"Complete the sentence below with only one category word.\nSentence: ""A party is a ___."" Completed sentence: A party is a"	celebration	-4.381937	Ġcelebration	['social', '**', 'fun', 'gathering', 'recreational']	aff	aff
"Complete the sentence below with only one category word.\nSentence: ""A party is a ___."" Completed sentence: A party is a"	mourning	-15.596078	M	['social', '**', 'fun', 'gathering', 'recreational']	aff	neg
"Complete the sentence below with only one category word.\nSentence: ""A party is not a ___."" Completed sentence: A party is not a"	mourning	-12.100306	Ġmourning	"['(', '""', 'social', '___', '**']"	neg	neg
"Complete the sentence below with only one category word.\nSentence: ""A party is not a ___."" Completed sentence: A party is not a"	celebration	-6.516013	Ġcelebration	"['(', '""', 'social', '___', '**']"	neg	aff
"Complete the sentence below with only one category word.\nSentence: ""A door is a ___."" Completed sentence: A door is a"	structure	-4.346077	Ġstructure	['**', '\\', 'man', '(', 'functional']	aff	aff
"Complete the sentence below with only one category word.\nSentence: ""A door is a ___."" Completed sentence: A door is a"	wall	-6.5862827	Ġwall	['**', '\\', 'man', '(', 'functional']	aff	neg
"Complete the sentence below with only one category word.\nSentence: ""A door is not a ___."" Completed sentence: A door is not a"	wall	-4.2473125	Ġwall	['tool', 'window', '\\', '___', '(']	neg	neg
"Complete the sentence below with only one category word.\nSentence: ""A door is not a ___."" Completed sentence: A door is not a"	structure	-5.064314	Ġstructure	['tool', 'window', '\\', '___', '(']	neg	aff
"Complete the sentence below with only one category word.\nSentence: ""An envelope is a ___."" Completed sentence: An envelope is a"	letter	-5.4601145	Ġletter	['container', 'package', '\\', '**', '(']	aff	aff
"Complete the sentence below with only one category word.\nSentence: ""An envelope is a ___."" Completed sentence: An envelope is a"	device	-5.9430075	Ġdevice	['container', 'package', '\\', '**', '(']	aff	neg
"Complete the sentence below with only one category word.\nSentence: ""An envelope is not a ___."" Completed sentence: An envelope is not a"	device	-6.016737	Ġdevice	['container', 'box', '___', '(', 'package']	neg	neg
"Complete the sentence below with only one category word.\nSentence: ""An envelope is not a ___."" Completed sentence: An envelope is not a"	letter	-4.0373516	Ġletter	['container', 'box', '___', '(', 'package']	neg	aff
"Complete the sentence below with only one category word.\nSentence: ""A gun is a ___."" Completed sentence: A gun is a"	weapon	-0.52715874	Ġweapon	['weapon', 'tool', 'TOOL', '**', '____']	aff	aff
"Complete the sentence below with only one category word.\nSentence: ""A gun is a ___."" Completed sentence: A gun is a"	toy	-7.2251806	Ġtoy	['weapon', 'tool', 'TOOL', '**', '____']	aff	neg
"Complete the sentence below with only one category word.\nSentence: ""A gun is not a ___."" Completed sentence: A gun is not a"	toy	-3.1866531	Ġtoy	['weapon', 'tool', 'toy', '(', 'machine']	neg	neg
"Complete the sentence below with only one category word.\nSentence: ""A gun is not a ___."" Completed sentence: A gun is not a"	weapon	-0.60824203	Ġweapon	['weapon', 'tool', 'toy', '(', 'machine']	neg	aff
"Complete the sentence below with only one category word.\nSentence: ""A watch is a ___."" Completed sentence: A watch is a"	device	-3.9710007	Ġdevice	['tool', 'time', '**', 'mechanical', '\\']	aff	aff
"Complete the sentence below with only one category word.\nSentence: ""A watch is a ___."" Completed sentence: A watch is a"	food	-12.439117	Ġfood	['tool', 'time', '**', 'mechanical', '\\']	aff	neg
"Complete the sentence below with only one category word.\nSentence: ""A watch is not a ___."" Completed sentence: A watch is not a"	food	-7.727895	Ġfood	['tool', '\\', '(', 'machine', 'watch']	neg	neg
"Complete the sentence below with only one category word.\nSentence: ""A watch is not a ___."" Completed sentence: A watch is not a"	device	-4.9529285	Ġdevice	['tool', '\\', '(', 'machine', 'watch']	neg	aff
"Complete the sentence below with only one category word.\nSentence: ""A TV is a ___."" Completed sentence: A TV is a"	device	-2.730297	Ġdevice	['**', 'piece', 'household', 'device', 'consumer']	aff	aff
"Complete the sentence below with only one category word.\nSentence: ""A TV is a ___."" Completed sentence: A TV is a"	furniture	-7.2290926	Ġfurniture	['**', 'piece', 'household', 'device', 'consumer']	aff	neg
"Complete the sentence below with only one category word.\nSentence: ""A TV is not a ___."" Completed sentence: A TV is not a"	furniture	-6.9477406	Ġfurniture	['tool', 'machine', '(', 'device', '\\']	neg	neg
"Complete the sentence below with only one category word.\nSentence: ""A TV is not a ___."" Completed sentence: A TV is not a"	device	-3.5905228	Ġdevice	['tool', 'machine', '(', 'device', '\\']	neg	aff
"Complete the sentence below with only one category word.\nSentence: ""A smartphone is a ___."" Completed sentence: A smartphone is a"	device	-2.5653343	Ġdevice	['**', 'device', 'technology', 'technological', 'mobile']	aff	aff
"Complete the sentence below with only one category word.\nSentence: ""A smartphone is a ___."" Completed sentence: A smartphone is a"	watch	-12.785085	Ġwatch	['**', 'device', 'technology', 'technological', 'mobile']	aff	neg
"Complete the sentence below with only one category word.\nSentence: ""A smartphone is not a ___."" Completed sentence: A smartphone is not a"	watch	-6.878916	Ġwatch	['tool', '(', 'computer', 'phone', '**']	neg	neg
"Complete the sentence below with only one category word.\nSentence: ""A smartphone is not a ___."" Completed sentence: A smartphone is not a"	device	-3.1359959	Ġdevice	['tool', '(', 'computer', 'phone', '**']	neg	aff
"Complete the sentence below with only one category word.\nSentence: ""A seal is an ___."" Completed sentence: A seal is an"	animal	-0.41747475	Ġanimal	['animal', 'aquatic', '**', '___', '(']	aff	aff
"Complete the sentence below with only one category word.\nSentence: ""A seal is a ___."" Completed sentence: A seal is a"	plant	-7.812457	Ġplant	['mamm', 'marine', '___', '(', 'M']	aff	neg
"Complete the sentence below with only one category word.\nSentence: ""A seal is not a ___."" Completed sentence: A seal is not a"	plant	-5.6012936	Ġplant	['mamm', '___', 'fish', '(', 'verte']	neg	neg
"Complete the sentence below with only one category word.\nSentence: ""A seal is not an ___."" Completed sentence: A seal is not an"	animal	-0.44463348	Ġanimal	['animal', 'aquatic', '(', '___', 'amphib']	neg	aff
"Complete the sentence below with only one category word.\nSentence: ""A platypus is an ___."" Completed sentence: A platypus is an"	animal	-1.0006771	Ġanimal	['animal', 'egg', 'Australian', '___', '**']	aff	aff
"Complete the sentence below with only one category word.\nSentence: ""A platypus is a ___."" Completed sentence: A platypus is a"	fish	-7.887947	Ġfish	['mamm', '___', 'M', '__', '______']	aff	neg
"Complete the sentence below with only one category word.\nSentence: ""A platypus is not a ___."" Completed sentence: A platypus is not a"	fish	-4.5070667	Ġfish	['mamm', '___', 'bird', 'M', 'rept']	neg	neg
"Complete the sentence below with only one category word.\nSentence: ""A platypus is not an ___."" Completed sentence: A platypus is not an"	animal	-0.92827797	Ġanimal	['animal', 'egg', '___', 'amphib', 'mamm']	neg	aff
"Complete the sentence below with only one category word.\nSentence: ""A spruce is a ___."" Completed sentence: A spruce is a"	tree	-0.6282711	Ġtree	['tree', 'con', '___', 'plant', 'type']	aff	aff
"Complete the sentence below with only one category word.\nSentence: ""A spruce is a ___."" Completed sentence: A spruce is a"	bush	-8.496616	Ġbush	['tree', 'con', '___', 'plant', 'type']	aff	neg
"Complete the sentence below with only one category word.\nSentence: ""A spruce is not a ___."" Completed sentence: A spruce is not a"	bush	-7.029666	Ġbush	['tree', '___', 'con', 'plant', '(']	neg	neg
"Complete the sentence below with only one category word.\nSentence: ""A spruce is not a ___."" Completed sentence: A spruce is not a"	tree	-0.8042946	Ġtree	['tree', '___', 'con', 'plant', '(']	neg	aff
"Complete the sentence below with only one category word.\nSentence: ""A wrench is a ___."" Completed sentence: A wrench is a"	tool	-0.26237106	Ġtool	['tool', 'TOOL', 'hand', '**', 'mechanical']	aff	aff
"Complete the sentence below with only one category word.\nSentence: ""A wrench is a ___."" Completed sentence: A wrench is a"	machine	-5.7651424	Ġmachine	['tool', 'TOOL', 'hand', '**', 'mechanical']	aff	neg
"Complete the sentence below with only one category word.\nSentence: ""A wrench is not a ___."" Completed sentence: A wrench is not a"	machine	-4.918791	Ġmachine	['tool', 'TOOL', '___', '(', '__']	neg	neg
"Complete the sentence below with only one category word.\nSentence: ""A wrench is not a ___."" Completed sentence: A wrench is not a"	tool	-0.33125496	Ġtool	['tool', 'TOOL', '___', '(', '__']	neg	aff
"Complete the sentence below with only one category word.\nSentence: ""A pan is an ___."" Completed sentence: A pan is an"	utensil	-2.6951542	Ġutens	['object', 'appliance', 'utens', '**', '\\']	aff	aff
"Complete the sentence below with only one category word.\nSentence: ""A pan is a ___."" Completed sentence: A pan is a"	pot	-5.938143	Ġpot	['cooking', 'kitchen', 'utens', 'tool', 'piece']	aff	neg
"Complete the sentence below with only one category word.\nSentence: ""A pan is not a ___."" Completed sentence: A pan is not a"	pot	-4.7686825	Ġpot	['tool', 'container', 'utens', 'vessel', '___']	neg	neg
"Complete the sentence below with only one category word.\nSentence: ""A pan is not an ___."" Completed sentence: A pan is not an"	utensil	-3.038271	Ġutens	['object', 'appliance', 'instrument', 'oven', 'utens']	neg	aff
"Complete the sentence below with only one category word.\nSentence: ""A pot is an ___."" Completed sentence: A pot is an"	utensil	-3.5354576	Ġutens	['object', '**', 'item', 'appliance', '___']	aff	aff
"Complete the sentence below with only one category word.\nSentence: ""A pot is a ___."" Completed sentence: A pot is a"	flower	-11.224609	Ġflower	['container', 'vessel', 'cooking', 'kitchen', '**']	aff	neg
"Complete the sentence below with only one category word.\nSentence: ""A pot is not a ___."" Completed sentence: A pot is not a"	flower	-8.298675	Ġflower	['container', 'vessel', '___', 'tool', '(']	neg	neg
"Complete the sentence below with only one category word.\nSentence: ""A pot is not an ___."" Completed sentence: A pot is not an"	utensil	-3.905737	Ġutens	['object', '___', 'appliance', 'instrument', '**']	neg	aff
"Complete the sentence below with only one category word.\nSentence: ""A baby is an ___."" Completed sentence: A baby is an"	infant	-0.6851692	Ġinfant	['infant', 'animal', 'organism', '**', '\\']	aff	aff
"Complete the sentence below with only one category word.\nSentence: ""A baby is a ___."" Completed sentence: A baby is a"	grown-up	-7.940254	ĠG	['human', 'young', 'baby', '(', '\\']	aff	neg
"Complete the sentence below with only one category word.\nSentence: ""A baby is not a ___."" Completed sentence: A baby is not a"	grown-up	-5.422781	Ġgrown	['human', '(', '___', 'living', 'baby']	neg	neg
"Complete the sentence below with only one category word.\nSentence: ""A baby is not an ___."" Completed sentence: A baby is not an"	infant	-1.5255413	Ġinfant	['animal', 'infant', 'adult', 'organism', '(']	neg	aff
"Complete the sentence below with only one category word.\nSentence: ""A loom is a ___."" Completed sentence: A loom is a"	tool	-0.7059326	Ġtool	['tool', 'machine', 'TOOL', 'mechanical', 'weaving']	aff	aff
"Complete the sentence below with only one category word.\nSentence: ""A loom is a ___."" Completed sentence: A loom is a"	place	-11.476088	Ġplace	['tool', 'machine', 'TOOL', 'mechanical', 'weaving']	aff	neg
"Complete the sentence below with only one category word.\nSentence: ""A loom is not a ___."" Completed sentence: A loom is not a"	place	-10.831518	Ġplace	['tool', 'machine', 'TOOL', '(', '\\']	neg	neg
"Complete the sentence below with only one category word.\nSentence: ""A loom is not a ___."" Completed sentence: A loom is not a"	tool	-0.65712357	Ġtool	['tool', 'machine', 'TOOL', '(', '\\']	neg	aff
"Complete the sentence below with only one category word.\nSentence: ""A treatment is a ___."" Completed sentence: A treatment is a"	therapy	-3.260254	Ġtherapy	['medical', 'medicine', '**', 'procedure', 'therapy']	aff	aff
"Complete the sentence below with only one category word.\nSentence: ""A treatment is an ___."" Completed sentence: A treatment is an"	iPod	-14.865755	ĠIp	['intervention', '**', '\\', 'activity', '(']	aff	neg
"Complete the sentence below with only one category word.\nSentence: ""A treatment is not an ___."" Completed sentence: A treatment is not an"	iPod	-13.947401	ĠIp	"['intervention', '(', '""', '**', 'activity']"	neg	neg
"Complete the sentence below with only one category word.\nSentence: ""A treatment is not a ___."" Completed sentence: A treatment is not a"	therapy	-4.0612698	Ġtherapy	['medicine', 'drug', '(', 'procedure', 'medication']	neg	aff
"Complete the sentence below with only one category word.\nSentence: ""An ox is an ___."" Completed sentence: An ox is an"	animal	-0.3433609	Ġanimal	['animal', 'herb', '\\', '____', '___']	aff	aff
"Complete the sentence below with only one category word.\nSentence: ""An ox is a ___."" Completed sentence: An ox is a"	plant	-4.8058815	Ġplant	['mamm', 'four', 'domestic', 'herb', 'farm']	aff	neg
"Complete the sentence below with only one category word.\nSentence: ""An ox is not a ___."" Completed sentence: An ox is not a"	plant	-4.677164	Ġplant	['mamm', '___', '______', 'domestic', 'bird']	neg	neg
"Complete the sentence below with only one category word.\nSentence: ""An ox is not an ___."" Completed sentence: An ox is not an"	animal	-0.2167263	Ġanimal	['animal', 'herb', '(', 'insect', '\\']	neg	aff
"Complete the sentence below with only one category word.\nSentence: ""A railroad is a ___."" Completed sentence: A railroad is a"	transportation	-0.8010044	Ġtransportation	['transportation', 'structure', 'machine', 'transport', 'man']	aff	aff
"Complete the sentence below with only one category word.\nSentence: ""A railroad is a ___."" Completed sentence: A railroad is a"	bus	-12.287281	Ġbus	['transportation', 'structure', 'machine', 'transport', 'man']	aff	neg
"Complete the sentence below with only one category word.\nSentence: ""A railroad is not a ___."" Completed sentence: A railroad is not a"	bus	-7.7927237	Ġbus	['bridge', 'transportation', 'vehicle', '(', 'machine']	neg	neg
"Complete the sentence below with only one category word.\nSentence: ""A railroad is not a ___."" Completed sentence: A railroad is not a"	transportation	-2.421751	Ġtransportation	['bridge', 'transportation', 'vehicle', '(', 'machine']	neg	aff
"Complete the sentence below with only one category word.\nSentence: ""A mower is a ___."" Completed sentence: A mower is a"	machine	-1.5674629	Ġmachine	['tool', 'machine', 'lawn', 'farm', '**']	aff	aff
"Complete the sentence below with only one category word.\nSentence: ""A mower is a ___."" Completed sentence: A mower is a"	phone	-14.517643	Ġphone	['tool', 'machine', 'lawn', 'farm', '**']	aff	neg
"Complete the sentence below with only one category word.\nSentence: ""A mower is not a ___."" Completed sentence: A mower is not a"	phone	-9.797361	Ġphone	['tool', 'machine', 'lawn', 'vehicle', '(']	neg	neg
"Complete the sentence below with only one category word.\nSentence: ""A mower is not a ___."" Completed sentence: A mower is not a"	machine	-2.3168125	Ġmachine	['tool', 'machine', 'lawn', 'vehicle', '(']	neg	aff
"Complete the sentence below with only one category word.\nSentence: ""A factory is a ___."" Completed sentence: A factory is a"	building	-2.6599503	Ġbuilding	['man', 'business', 'place', 'building', 'manufacturing']	aff	aff
"Complete the sentence below with only one category word.\nSentence: ""A factory is a ___."" Completed sentence: A factory is a"	store	-11.137234	Ġstore	['man', 'business', 'place', 'building', 'manufacturing']	aff	neg
"Complete the sentence below with only one category word.\nSentence: ""A factory is not a ___."" Completed sentence: A factory is not a"	store	-7.3835993	Ġstore	"['building', '(', 'living', '""', 'place']"	neg	neg
"Complete the sentence below with only one category word.\nSentence: ""A factory is not a ___."" Completed sentence: A factory is not a"	building	-1.9879074	Ġbuilding	"['building', '(', 'living', '""', 'place']"	neg	aff
"Complete the sentence below with only one category word.\nSentence: ""A broccoli is a ___."" Completed sentence: A broccoli is a"	vegetable	-0.29681396	Ġvegetable	['vegetable', 'plant', 'fruit', '___', 'food']	aff	aff
"Complete the sentence below with only one category word.\nSentence: ""A broccoli is a ___."" Completed sentence: A broccoli is a"	fruit	-3.6007175	Ġfruit	['vegetable', 'plant', 'fruit', '___', 'food']	aff	neg
"Complete the sentence below with only one category word.\nSentence: ""A broccoli is not a ___."" Completed sentence: A broccoli is not a"	fruit	-2.0667877	Ġfruit	['vegetable', 'fruit', 'plant', '___', 'root']	neg	neg
"Complete the sentence below with only one category word.\nSentence: ""A broccoli is not a ___."" Completed sentence: A broccoli is not a"	vegetable	-0.36733437	Ġvegetable	['vegetable', 'fruit', 'plant', '___', 'root']	neg	aff
"Complete the sentence below with only one category word.\nSentence: ""A beat is a ___."" Completed sentence: A beat is a"	rhythm	-1.958086	Ġrhythm	['sound', 'rhythm', 'musical', 'rhyth', 'pulse']	aff	aff
"Complete the sentence below with only one category word.\nSentence: ""A beat is a ___."" Completed sentence: A beat is a"	melody	-6.8056107	Ġmelody	['sound', 'rhythm', 'musical', 'rhyth', 'pulse']	aff	neg
"Complete the sentence below with only one category word.\nSentence: ""A beat is not a ___."" Completed sentence: A beat is not a"	melody	-4.325609	Ġmelody	['sound', '(', 'musical', 'rhythm', 'note']	neg	neg
"Complete the sentence below with only one category word.\nSentence: ""A beat is not a ___."" Completed sentence: A beat is not a"	rhythm	-3.0289822	Ġrhythm	['sound', '(', 'musical', 'rhythm', 'note']	neg	aff
"Complete the sentence below with only one category word.\nSentence: ""A country is a ___."" Completed sentence: A country is a"	land	-3.7024498	Ġland	['political', 'geographical', '(', 'geographic', '**']	aff	aff
"Complete the sentence below with only one category word.\nSentence: ""A country is a ___."" Completed sentence: A country is a"	sea	-14.731178	Ġsea	['political', 'geographical', '(', 'geographic', '**']	aff	neg
"Complete the sentence below with only one category word.\nSentence: ""A country is not a ___."" Completed sentence: A country is not a"	sea	-9.005441	Ġsea	"['(', 'state', '___', '\\', '""']"	neg	neg
"Complete the sentence below with only one category word.\nSentence: ""A country is not a ___."" Completed sentence: A country is not a"	land	-4.520952	Ġland	"['(', 'state', '___', '\\', '""']"	neg	aff
"Complete the sentence below with only one category word.\nSentence: ""A console is a ___."" Completed sentence: A console is a"	furniture	-4.0149918	Ġfurniture	['piece', 'device', '**', '(', 'table']	aff	aff
"Complete the sentence below with only one category word.\nSentence: ""A console is a ___."" Completed sentence: A console is a"	building	-8.942859	Ġbuilding	['piece', 'device', '**', '(', 'table']	aff	neg
"Complete the sentence below with only one category word.\nSentence: ""A console is not a ___."" Completed sentence: A console is not a"	building	-7.4056206	Ġbuilding	['tool', '___', '(', 'computer', 'table']	neg	neg
"Complete the sentence below with only one category word.\nSentence: ""A console is not a ___."" Completed sentence: A console is not a"	furniture	-5.7887726	Ġfurniture	['tool', '___', '(', 'computer', 'table']	neg	aff
"Complete the sentence below with only one category word.\nSentence: ""A factory is a ___."" Completed sentence: A factory is a"	workplace	-4.5729465	Ġworkplace	['man', 'business', 'place', 'building', 'manufacturing']	aff	aff
"Complete the sentence below with only one category word.\nSentence: ""A factory is a ___."" Completed sentence: A factory is a"	mammal	-6.547799	ĠM	['man', 'business', 'place', 'building', 'manufacturing']	aff	neg
"Complete the sentence below with only one category word.\nSentence: ""A factory is not a ___."" Completed sentence: A factory is not a"	mammal	-7.6636095	ĠM	"['building', '(', 'living', '""', 'place']"	neg	neg
"Complete the sentence below with only one category word.\nSentence: ""A factory is not a ___."" Completed sentence: A factory is not a"	workplace	-4.7940826	Ġworkplace	"['building', '(', 'living', '""', 'place']"	neg	aff
"Complete the sentence below with only one category word.\nSentence: ""A farm is a ___."" Completed sentence: A farm is a"	place	-1.2392673	Ġplace	['place', '(', '__', 'land', 'business']	aff	aff
"Complete the sentence below with only one category word.\nSentence: ""A farm is a ___."" Completed sentence: A farm is a"	mineral	-13.1146965	Ġmineral	['place', '(', '__', 'land', 'business']	aff	neg
"Complete the sentence below with only one category word.\nSentence: ""A farm is not a ___."" Completed sentence: A farm is not a"	mineral	-9.85068	Ġmineral	['(', 'building', 'zoo', '__', '\\']	neg	neg
"Complete the sentence below with only one category word.\nSentence: ""A farm is not a ___."" Completed sentence: A farm is not a"	place	-3.182207	Ġplace	['(', 'building', 'zoo', '__', '\\']	neg	aff
"Complete the sentence below with only one category word.\nSentence: ""A transistor is a ___."" Completed sentence: A transistor is a"	device	-2.00041	Ġdevice	['component', 'device', 'semiconductor', '___', 'electronic']	aff	aff
"Complete the sentence below with only one category word.\nSentence: ""A transistor is a ___."" Completed sentence: A transistor is a"	toy	-11.652992	Ġtoy	['component', 'device', 'semiconductor', '___', 'electronic']	aff	neg
"Complete the sentence below with only one category word.\nSentence: ""A transistor is not a ___."" Completed sentence: A transistor is not a"	toy	-8.370627	Ġtoy	['component', '___', '(', 'tool', '\\']	neg	neg
"Complete the sentence below with only one category word.\nSentence: ""A transistor is not a ___."" Completed sentence: A transistor is not a"	device	-3.269081	Ġdevice	['component', '___', '(', 'tool', '\\']	neg	aff
"Complete the sentence below with only one category word.\nSentence: ""A viola is an ___."" Completed sentence: A viola is an"	instrument	-0.44218826	Ġinstrument	['instrument', '**', '(', 'orchestra', 'A']	aff	aff
"Complete the sentence below with only one category word.\nSentence: ""A viola is a ___."" Completed sentence: A viola is a"	place	-13.399848	Ġplace	['string', 'musical', 'STRING', '(', 'wood']	aff	neg
"Complete the sentence below with only one category word.\nSentence: ""A viola is not a ___."" Completed sentence: A viola is not a"	place	-12.452108	Ġplace	['string', '(', '____', '__', '___']	neg	neg
"Complete the sentence below with only one category word.\nSentence: ""A viola is not an ___."" Completed sentence: A viola is not an"	instrument	-0.5654125	Ġinstrument	['instrument', 'orchestra', '(', '**', 'orchest']	neg	aff
"Complete the sentence below with only one category word.\nSentence: ""A monarchy is a ___."" Completed sentence: A monarchy is a"	government	-1.6223507	Ġgovernment	['form', 'government', 'type', 'system', '\\']	aff	aff
"Complete the sentence below with only one category word.\nSentence: ""A monarchy is a ___."" Completed sentence: A monarchy is a"	religion	-13.069143	Ġreligion	['form', 'government', 'type', 'system', '\\']	aff	neg
"Complete the sentence below with only one category word.\nSentence: ""A monarchy is not a ___."" Completed sentence: A monarchy is not a"	religion	-9.518656	Ġreligion	['democracy', 'republic', 'government', 'democratic', '\\']	neg	neg
"Complete the sentence below with only one category word.\nSentence: ""A monarchy is not a ___."" Completed sentence: A monarchy is not a"	government	-2.079176	Ġgovernment	['democracy', 'republic', 'government', 'democratic', '\\']	neg	aff
"Complete the sentence below with only one category word.\nSentence: ""A telescope is a ___."" Completed sentence: A telescope is a"	device	-3.3268757	Ġdevice	['tool', 'scientific', '**', '\\', 'device']	aff	aff
"Complete the sentence below with only one category word.\nSentence: ""A telescope is a ___."" Completed sentence: A telescope is a"	toy	-8.46095	Ġtoy	['tool', 'scientific', '**', '\\', 'device']	aff	neg
"Complete the sentence below with only one category word.\nSentence: ""A telescope is not a ___."" Completed sentence: A telescope is not a"	toy	-5.3107433	Ġtoy	['tool', '(', '\\', 'machine', 'device']	neg	neg
"Complete the sentence below with only one category word.\nSentence: ""A telescope is not a ___."" Completed sentence: A telescope is not a"	device	-4.019449	Ġdevice	['tool', '(', '\\', 'machine', 'device']	neg	aff
"Complete the sentence below with only one category word.\nSentence: ""A mango is a ___."" Completed sentence: A mango is a"	fruit	-0.1552124	Ġfruit	['fruit', 'F', 'tropical', '___', '**']	aff	aff
"Complete the sentence below with only one category word.\nSentence: ""A mango is a ___."" Completed sentence: A mango is a"	vegetable	-6.8815165	Ġvegetable	['fruit', 'F', 'tropical', '___', '**']	aff	neg
"Complete the sentence below with only one category word.\nSentence: ""A mango is not a ___."" Completed sentence: A mango is not a"	vegetable	-4.0872	Ġvegetable	['fruit', '___', '(', 'tree', 'vegetable']	neg	neg
"Complete the sentence below with only one category word.\nSentence: ""A mango is not a ___."" Completed sentence: A mango is not a"	fruit	-0.32105064	Ġfruit	['fruit', '___', '(', 'tree', 'vegetable']	neg	aff
"Complete the sentence below with only one category word.\nSentence: ""A pilot is a ___."" Completed sentence: A pilot is a"	professional	-1.974308	Ġprofessional	['person', 'professional', 'profession', '\\', '**']	aff	aff
"Complete the sentence below with only one category word.\nSentence: ""A pilot is an ___."" Completed sentence: A pilot is an"	amateur	-10.51781	Ġamateur	['**', 'occupational', '\\', 'occupation', 'aviation']	aff	neg
"Complete the sentence below with only one category word.\nSentence: ""A pilot is not an ___."" Completed sentence: A pilot is not an"	amateur	-7.9257536	Ġamateur	"['engineer', 'animal', 'astronaut', '(', '""']"	neg	neg
"Complete the sentence below with only one category word.\nSentence: ""A pilot is not a ___."" Completed sentence: A pilot is not a"	professional	-3.37294	Ġprofessional	['(', 'pilot', 'passenger', '\\', 'human']	neg	aff
"Complete the sentence below with only one category word.\nSentence: ""A manager is a ___."" Completed sentence: A manager is a"	professional	-2.0400467	Ġprofessional	['person', 'professional', 'job', '**', 'role']	aff	aff
"Complete the sentence below with only one category word.\nSentence: ""A manager is an ___."" Completed sentence: A manager is an"	amateur	-11.865679	Ġamateur	"['executive', '**', 'individual', '""', 'employee']"	aff	neg
"Complete the sentence below with only one category word.\nSentence: ""A manager is not an ___."" Completed sentence: A manager is not an"	amateur	-8.001647	Ġamateur	"['employee', 'executive', '""', '(', 'administrator']"	neg	neg
"Complete the sentence below with only one category word.\nSentence: ""A manager is not a ___."" Completed sentence: A manager is not a"	professional	-3.4549618	Ġprofessional	"['(', 'job', '""', '___', 'worker']"	neg	aff
"Complete the sentence below with only one category word.\nSentence: ""A doctrine is a ___."" Completed sentence: A doctrine is a"	principle	-5.0881367	Ġprinciple	['belief', 'statement', 'set', 'theory', 'religious']	aff	aff
"Complete the sentence below with only one category word.\nSentence: ""A doctrine is a ___."" Completed sentence: A doctrine is a"	person	-10.992206	Ġperson	['belief', 'statement', 'set', 'theory', 'religious']	aff	neg
"Complete the sentence below with only one category word.\nSentence: ""A doctrine is not a ___."" Completed sentence: A doctrine is not a"	person	-9.385914	Ġperson	['theory', 'belief', '(', 'rule', 'book']	neg	neg
"Complete the sentence below with only one category word.\nSentence: ""A doctrine is not a ___."" Completed sentence: A doctrine is not a"	principle	-4.588896	Ġprinciple	['theory', 'belief', '(', 'rule', 'book']	neg	aff
"Complete the sentence below with only one category word.\nSentence: ""A tennis is a ___."" Completed sentence: A tennis is a"	sport	-1.0301228	Ġsport	['sport', 'ball', 'sports', 'game', 'racket']	aff	aff
"Complete the sentence below with only one category word.\nSentence: ""A tennis is a ___."" Completed sentence: A tennis is a"	vegetable	-10.336177	Ġvegetable	['sport', 'ball', 'sports', 'game', 'racket']	aff	neg
"Complete the sentence below with only one category word.\nSentence: ""A tennis is not a ___."" Completed sentence: A tennis is not a"	vegetable	-5.340226	Ġvegetable	['ball', 'tool', 'fruit', 'sport', '(']	neg	neg
"Complete the sentence below with only one category word.\nSentence: ""A tennis is not a ___."" Completed sentence: A tennis is not a"	sport	-2.804596	Ġsport	['ball', 'tool', 'fruit', 'sport', '(']	neg	aff
"Complete the sentence below with only one category word.\nSentence: ""A cap is a ___."" Completed sentence: A cap is a"	clothing	-3.980816	Ġclothing	['head', 'hat', '**', '\\', 'piece']	aff	aff
"Complete the sentence below with only one category word.\nSentence: ""A cap is a ___."" Completed sentence: A cap is a"	person	-7.836008	Ġperson	['head', 'hat', '**', '\\', 'piece']	aff	neg
"Complete the sentence below with only one category word.\nSentence: ""A cap is not a ___."" Completed sentence: A cap is not a"	person	-7.765315	Ġperson	['hat', 'tool', '___', '______', '(']	neg	neg
"Complete the sentence below with only one category word.\nSentence: ""A cap is not a ___."" Completed sentence: A cap is not a"	clothing	-3.8486557	Ġclothing	['hat', 'tool', '___', '______', '(']	neg	aff
"Complete the sentence below with only one category word.\nSentence: ""A chairman is a ___."" Completed sentence: A chairman is a"	human	-5.611574	Ġhuman	['person', 'leader', 'position', 'title', 'leadership']	aff	aff
"Complete the sentence below with only one category word.\nSentence: ""A chairman is a ___."" Completed sentence: A chairman is a"	machine	-11.215916	Ġmachine	['person', 'leader', 'position', 'title', 'leadership']	aff	neg
"Complete the sentence below with only one category word.\nSentence: ""A chairman is not a ___."" Completed sentence: A chairman is not a"	machine	-9.345428	Ġmachine	"['(', '""', 'member', 'leader', '\\']"	neg	neg
"Complete the sentence below with only one category word.\nSentence: ""A chairman is not a ___."" Completed sentence: A chairman is not a"	human	-7.0537167	Ġhuman	"['(', '""', 'member', 'leader', '\\']"	neg	aff
"Complete the sentence below with only one category word.\nSentence: ""A court is a ___."" Completed sentence: A court is a"	room	-5.5611324	Ġroom	['building', 'place', 'legal', '\\', '(']	aff	aff
"Complete the sentence below with only one category word.\nSentence: ""A court is a ___."" Completed sentence: A court is a"	tree	-13.328155	Ġtree	['building', 'place', 'legal', '\\', '(']	aff	neg
"Complete the sentence below with only one category word.\nSentence: ""A court is not a ___."" Completed sentence: A court is not a"	tree	-10.127207	Ġtree	['building', 'place', 'venue', '(', '\\']	neg	neg
"Complete the sentence below with only one category word.\nSentence: ""A court is not a ___."" Completed sentence: A court is not a"	room	-4.889494	Ġroom	['building', 'place', 'venue', '(', '\\']	neg	aff
"Complete the sentence below with only one category word.\nSentence: ""A court is a ___."" Completed sentence: A court is a"	building	-1.5415344	Ġbuilding	['building', 'place', 'legal', '\\', '(']	aff	aff
"Complete the sentence below with only one category word.\nSentence: ""A court is a ___."" Completed sentence: A court is a"	plant	-11.006097	Ġplant	['building', 'place', 'legal', '\\', '(']	aff	neg
"Complete the sentence below with only one category word.\nSentence: ""A cout is not a ___."" Completed sentence: A cout is not a"	plant	-5.0615253	Ġplant	"['(', 'clothing', '\\', 'tool', '""']"	neg	neg
"Complete the sentence below with only one category word.\nSentence: ""A cout is not a ___."" Completed sentence: A cout is not a"	building	-3.474535	Ġbuilding	"['(', 'clothing', '\\', 'tool', '""']"	neg	aff
"Complete the sentence below with only one category word.\nSentence: ""A painting is a ___."" Completed sentence: A painting is a"	drawing	-7.488243	Ġdrawing	['work', 'visual', '**', '(', 'piece']	aff	aff
"Complete the sentence below with only one category word.\nSentence: ""A painting is a ___."" Completed sentence: A painting is a"	sculpture	-6.4172	Ġsculpture	['work', 'visual', '**', '(', 'piece']	aff	neg
"Complete the sentence below with only one category word.\nSentence: ""A painting is not a ___."" Completed sentence: A painting is not a"	sculpture	-2.422945	Ġsculpture	"['(', 'sculpture', 'work', 'tool', '""']"	neg	neg
"Complete the sentence below with only one category word.\nSentence: ""A painting is not a ___."" Completed sentence: A painting is not a"	drawing	-4.765091	Ġdrawing	"['(', 'sculpture', 'work', 'tool', '""']"	neg	aff
"Complete the sentence below with only one category word.\nSentence: ""A guppy is a ___."" Completed sentence: A guppy is a"	fish	-0.91825485	Ġfish	['fish', 'small', '___', 'type', '__']	aff	aff
"Complete the sentence below with only one category word.\nSentence: ""A guppy is a ___."" Completed sentence: A guppy is a"	reptile	-7.1820498	Ġrept	['fish', 'small', '___', 'type', '__']	aff	neg
"Complete the sentence below with only one category word.\nSentence: ""A guppy is not a ___."" Completed sentence: A guppy is not a"	reptile	-4.2636433	Ġrept	['fish', '___', 'mamm', 'verte', '____']	neg	neg
"Complete the sentence below with only one category word.\nSentence: ""A guppy is not a ___."" Completed sentence: A guppy is not a"	fish	-0.91012573	Ġfish	['fish', '___', 'mamm', 'verte', '____']	neg	aff
"Complete the sentence below with only one category word.\nSentence: ""A ginger is a ___."" Completed sentence: A ginger is a"	plant	-1.6103745	Ġplant	['plant', 'vegetable', 'spice', 'fruit', 'type']	aff	aff
"Complete the sentence below with only one category word.\nSentence: ""A ginger is a ___."" Completed sentence: A ginger is a"	flavor	-7.826127	Ġflavor	['plant', 'vegetable', 'spice', 'fruit', 'type']	aff	neg
"Complete the sentence below with only one category word.\nSentence: ""A ginger is not a ___."" Completed sentence: A ginger is not a"	flavor	-8.8605995	Ġflavor	"['vegetable', 'fruit', 'plant', '(', '""']"	neg	neg
"Complete the sentence below with only one category word.\nSentence: ""A ginger is not a ___."" Completed sentence: A ginger is not a"	plant	-2.99576	Ġplant	"['vegetable', 'fruit', 'plant', '(', '""']"	neg	aff
"Complete the sentence below with only one category word.\nSentence: ""A goat is an ___."" Completed sentence: A goat is an"	animal	-0.36428452	Ġanimal	['animal', 'herb', 'M', '**', 'Animal']	aff	aff
"Complete the sentence below with only one category word.\nSentence: ""A goat is a ___."" Completed sentence: A goat is a"	person	-11.224509	Ġperson	['mamm', 'domestic', 'herb', '___', 'M']	aff	neg
"Complete the sentence below with only one category word.\nSentence: ""A goat is not a ___."" Completed sentence: A goat is not a"	person	-8.465513	Ġperson	['mamm', '___', 'domestic', 'quadr', '______']	neg	neg
"Complete the sentence below with only one category word.\nSentence: ""A goat is not an ___."" Completed sentence: A goat is not an"	animal	-0.27972984	Ġanimal	"['animal', 'herb', 'omn', '\\', '""']"	neg	aff
"Complete the sentence below with only one category word.\nSentence: ""A submarine is a ___."" Completed sentence: A submarine is a"	vehicle	-2.124937	Ġvehicle	['vessel', 'vehicle', 'machine', 'ship', '\\']	aff	aff
"Complete the sentence below with only one category word.\nSentence: ""A submarine is a ___."" Completed sentence: A submarine is a"	fish	-9.310499	Ġfish	['vessel', 'vehicle', 'machine', 'ship', '\\']	aff	neg
"Complete the sentence below with only one category word.\nSentence: ""A submarine is not a ___."" Completed sentence: A submarine is not a"	fish	-5.3316593	Ġfish	['vehicle', 'ship', 'land', 'machine', '(']	neg	neg
"Complete the sentence below with only one category word.\nSentence: ""A submarine is not a ___."" Completed sentence: A submarine is not a"	vehicle	-2.0898705	Ġvehicle	['vehicle', 'ship', 'land', 'machine', '(']	neg	aff
"Complete the sentence below with only one category word.\nSentence: ""A gift is a ___."" Completed sentence: A gift is a"	present	-1.5927563	Ġpresent	['present', 'gift', '(', '\\', 'noun']	aff	aff
"Complete the sentence below with only one category word.\nSentence: ""A gift is a ___."" Completed sentence: A gift is a"	feeling	-9.336238	Ġfeeling	['present', 'gift', '(', '\\', 'noun']	aff	neg
"Complete the sentence below with only one category word.\nSentence: ""A gift is not a ___."" Completed sentence: A gift is not a"	feeling	-7.8541327	Ġfeeling	"['(', '___', 'present', 'toy', '""']"	neg	neg
"Complete the sentence below with only one category word.\nSentence: ""A gift is not a ___."" Completed sentence: A gift is not a"	present	-2.984686	Ġpresent	"['(', '___', 'present', 'toy', '""']"	neg	aff
"Complete the sentence below with only one category word.\nSentence: ""A degree is a ___."" Completed sentence: A degree is a"	document	-8.599732	Ġdocument	['qualification', 'credential', 'measure', 'certificate', 'title']	aff	aff
"Complete the sentence below with only one category word.\nSentence: ""A degree is a ___."" Completed sentence: A degree is a"	person	-10.456012	Ġperson	['qualification', 'credential', 'measure', 'certificate', 'title']	aff	neg
"Complete the sentence below with only one category word.\nSentence: ""A degree is not a ___."" Completed sentence: A degree is not a"	person	-8.949844	Ġperson	['qualification', 'certificate', '(', 'credential', 'diploma']	neg	neg
"Complete the sentence below with only one category word.\nSentence: ""A degree is not a ___."" Completed sentence: A degree is not a"	document	-6.761319	Ġdocument	['qualification', 'certificate', '(', 'credential', 'diploma']	neg	aff
"Complete the sentence below with only one category word.\nSentence: ""A swimming is a ___."" Completed sentence: A swimming is a"	sport	-0.9110565	Ġsport	['sport', 'physical', '**', 'hobby', 'recreational']	aff	aff
"Complete the sentence below with only one category word.\nSentence: ""A swimming is a ___."" Completed sentence: A swimming is a"	vegetable	-12.088118	Ġvegetable	['sport', 'physical', '**', 'hobby', 'recreational']	aff	neg
"Complete the sentence below with only one category word.\nSentence: ""A swimming is not a ___."" Completed sentence: A swimming is not a"	vegetable	-6.9937143	Ġvegetable	"['sport', '(', 'hobby', '""', 'game']"	neg	neg
"Complete the sentence below with only one category word.\nSentence: ""A swimming is not a ___."" Completed sentence: A swimming is not a"	sport	-1.1962814	Ġsport	"['sport', '(', 'hobby', '""', 'game']"	neg	aff
"Complete the sentence below with only one category word.\nSentence: ""A basket is a ___."" Completed sentence: A basket is a"	container	-0.646925	Ġcontainer	['container', '**', '\\', 'tool', '(']	aff	aff
"Complete the sentence below with only one category word.\nSentence: ""A basket is a ___."" Completed sentence: A basket is a"	material	-8.66706	Ġmaterial	['container', '**', '\\', 'tool', '(']	aff	neg
"Complete the sentence below with only one category word.\nSentence: ""A basket is not a ___."" Completed sentence: A basket is not a"	material	-8.48891	Ġmaterial	['container', 'tool', '___', '(', 'vessel']	neg	neg
"Complete the sentence below with only one category word.\nSentence: ""A basket is not a ___."" Completed sentence: A basket is not a"	container	-0.7502861	Ġcontainer	['container', 'tool', '___', '(', 'vessel']	neg	aff
"Complete the sentence below with only one category word.\nSentence: ""A television is an ___."" Completed sentence: A television is an"	electronics	-4.6036777	Ġelectronics	['electronic', 'appliance', 'electrical', 'entertainment', '**']	aff	aff
"Complete the sentence below with only one category word.\nSentence: ""A television is a ___."" Completed sentence: A television is a"	plant	-11.136735	Ġplant	['**', 'household', 'device', 'consumer', 'piece']	aff	neg
"Complete the sentence below with only one category word.\nSentence: ""A television is not a ___."" Completed sentence: A television is not a"	plant	-6.51723	Ġplant	"['tool', 'machine', '(', 'device', '""']"	neg	neg
"Complete the sentence below with only one category word.\nSentence: ""A television is not an ___."" Completed sentence: A television is not an"	electronics	-5.7688065	Ġelectronics	['appliance', 'electronic', 'electrical', 'instrument', 'entertainment']	neg	aff
"Complete the sentence below with only one category word.\nSentence: ""A butterfly is an ___."" Completed sentence: A butterfly is an"	insect	-0.17463684	Ġinsect	['insect', 'animal', 'in', '\\', 'In']	aff	aff
"Complete the sentence below with only one category word.\nSentence: ""A butterfly is a ___."" Completed sentence: A butterfly is a"	mammal	-6.157938	ĠM	['___', '\\', '__', 'insect', '____']	aff	neg
"Complete the sentence below with only one category word.\nSentence: ""A butterfly is not a ___."" Completed sentence: A butterfly is not a"	mammal	-2.9695244	Ġmamm	['___', 'bird', '\\', '(', 'mamm']	neg	neg
"Complete the sentence below with only one category word.\nSentence: ""A butterfly is not an ___."" Completed sentence: A butterfly is not an"	insect	-0.18599701	Ġinsect	['insect', 'animal', 'in', '___', '\\']	neg	aff
"Complete the sentence below with only one category word.\nSentence: ""A pill is a ___."" Completed sentence: A pill is a"	drug	-2.7642765	Ġdrug	['medicine', 'medication', 'drug', 'pharmaceutical', 'medical']	aff	aff
"Complete the sentence below with only one category word.\nSentence: ""A pill is a ___."" Completed sentence: A pill is a"	food	-6.052636	Ġfood	['medicine', 'medication', 'drug', 'pharmaceutical', 'medical']	aff	neg
"Complete the sentence below with only one category word.\nSentence: ""A pill is not a ___."" Completed sentence: A pill is not a"	food	-3.2283344	Ġfood	['medicine', 'drug', 'liquid', 'medication', 'food']	neg	neg
"Complete the sentence below with only one category word.\nSentence: ""A pill is not a ___."" Completed sentence: A pill is not a"	drug	-2.1003647	Ġdrug	['medicine', 'drug', 'liquid', 'medication', 'food']	neg	aff
"Complete the sentence below with only one category word.\nSentence: ""A limousine is a ___."" Completed sentence: A limousine is a"	vehicle	-2.0414982	Ġvehicle	['luxury', 'vehicle', 'mode', 'transportation', 'type']	aff	aff
"Complete the sentence below with only one category word.\nSentence: ""A limousine is a ___."" Completed sentence: A limousine is a"	flower	-15.042677	Ġflower	['luxury', 'vehicle', 'mode', 'transportation', 'type']	aff	neg
"Complete the sentence below with only one category word.\nSentence: ""A limousine is not a ___."" Completed sentence: A limousine is not a"	flower	-12.001856	Ġflower	['vehicle', 'car', '(', '___', '__']	neg	neg
"Complete the sentence below with only one category word.\nSentence: ""A limousine is not a ___."" Completed sentence: A limousine is not a"	vehicle	-1.1610184	Ġvehicle	['vehicle', 'car', '(', '___', '__']	neg	aff
"Complete the sentence below with only one category word.\nSentence: ""A turkey is an ___."" Completed sentence: A turkey is an"	animal	-0.7712822	Ġanimal	['animal', '\\', 'AN', '**', 'omn']	aff	aff
"Complete the sentence below with only one category word.\nSentence: ""A turkey is a ___."" Completed sentence: A turkey is a"	plant	-7.8520355	Ġplant	['bird', 'domestic', '\\', 'f', 'farm']	aff	neg
"Complete the sentence below with only one category word.\nSentence: ""A turkey is not a ___."" Completed sentence: A turkey is not a"	plant	-7.1356697	Ġplant	['bird', 'mamm', '___', '\\', '(']	neg	neg
"Complete the sentence below with only one category word.\nSentence: ""A turkey is not an ___."" Completed sentence: A turkey is not an"	animal	-0.7813797	Ġanimal	"['animal', '\\', 'egg', '(', '""']"	neg	aff
"Complete the sentence below with only one category word.\nSentence: ""A kangaroo is an ___."" Completed sentence: A kangaroo is an"	animal	-0.5995426	Ġanimal	['animal', 'Australian', 'M', '___', 'AN']	aff	aff
"Complete the sentence below with only one category word.\nSentence: ""A kangaroo is a ___."" Completed sentence: A kangaroo is a"	person	-12.671694	Ġperson	['mamm', 'M', '___', 'mars', '__']	aff	neg
"Complete the sentence below with only one category word.\nSentence: ""A kangaroo is not a ___."" Completed sentence: A kangaroo is not a"	person	-10.141252	Ġperson	['mamm', '___', '(', 'bird', 'quadr']	neg	neg
"Complete the sentence below with only one category word.\nSentence: ""A kangaroo is not an ___."" Completed sentence: A kangaroo is not an"	animal	-0.33195877	Ġanimal	"['animal', '___', '(', '\\', '""']"	neg	aff
"Complete the sentence below with only one category word.\nSentence: ""A violine is an ___."" Completed sentence: A violine is an"	instrument	-0.28873253	Ġinstrument	['instrument', 'musical', '**', '(', 'orchestra']	aff	aff
"Complete the sentence below with only one category word.\nSentence: ""A violine is a ___."" Completed sentence: A violine is a"	person	-12.968074	Ġperson	['string', 'musical', 'violin', '(', 'STRING']	aff	neg
"Complete the sentence below with only one category word.\nSentence: ""A violin is not a ___."" Completed sentence: A violin is not a"	person	-9.229357	Ġperson	['musical', 'string', '(', 'tool', '____']	neg	neg
"Complete the sentence below with only one category word.\nSentence: ""A violin is not an ___."" Completed sentence: A violin is not an"	instrument	-0.25511932	Ġinstrument	['instrument', 'orchestra', '(', '**', 'musical']	neg	aff
"Complete the sentence below with only one category word.\nSentence: ""A rug is a ___."" Completed sentence: A rug is a"	covering	-5.6641645	Ġcovering	['floor', 'decorative', 'textile', 'piece', '**']	aff	aff
"Complete the sentence below with only one category word.\nSentence: ""A rug is a ___."" Completed sentence: A rug is a"	vegetable	-10.840012	Ġvegetable	['floor', 'decorative', 'textile', 'piece', '**']	aff	neg
"Complete the sentence below with only one category word.\nSentence: ""A rug is not a ___."" Completed sentence: A rug is not a"	vegetable	-6.4141836	Ġvegetable	['piece', '___', '\\', '(', 'carpet']	neg	neg
"Complete the sentence below with only one category word.\nSentence: ""A rug is not a ___."" Completed sentence: A rug is not a"	covering	-6.4821043	Ġcovering	['piece', '___', '\\', '(', 'carpet']	neg	aff
"Complete the sentence below with only one category word.\nSentence: ""A parent is a ___."" Completed sentence: A parent is a"	guardian	-4.0269203	Ġguardian	['___', '**', '__', 'human', '\\']	aff	aff
"Complete the sentence below with only one category word.\nSentence: ""A parent is a ___."" Completed sentence: A parent is a"	child	-7.684599	Ġchild	['___', '**', '__', 'human', '\\']	aff	neg
"Complete the sentence below with only one category word.\nSentence: ""A parent is not a ___."" Completed sentence: A parent is not a"	child	-3.1932564	Ġchild	"['___', '(', '\\', '""', '____']"	neg	neg
"Complete the sentence below with only one category word.\nSentence: ""A parent is not a ___."" Completed sentence: A parent is not a"	guardian	-3.5033092	Ġguardian	"['___', '(', '\\', '""', '____']"	neg	aff
"Complete the sentence below with only one category word.\nSentence: ""A student is a ___."" Completed sentence: A student is a"	pupil	-6.1193695	Ġpupil	['person', 'human', '\\', '__', 'learner']	aff	aff
"Complete the sentence below with only one category word.\nSentence: ""A student is a ___."" Completed sentence: A student is a"	child	-5.355242	Ġchild	['person', 'human', '\\', '__', 'learner']	aff	neg
"Complete the sentence below with only one category word.\nSentence: ""A student is not a ___."" Completed sentence: A student is not a"	child	-5.099003	Ġchild	['(', 'human', 'person', '___', '__']	neg	neg
"Complete the sentence below with only one category word.\nSentence: ""A student is not a ___."" Completed sentence: A student is not a"	pupil	-6.3682146	Ġpupil	['(', 'human', 'person', '___', '__']	neg	aff
"Complete the sentence below with only one category word.\nSentence: ""A bathroom is a ___."" Completed sentence: A bathroom is a"	room	-1.8275356	Ġroom	['room', 'place', '**', '\\', '(']	aff	aff
"Complete the sentence below with only one category word.\nSentence: ""A bathroom is a ___."" Completed sentence: A bathroom is a"	house	-5.891098	Ġhouse	['room', 'place', '**', '\\', '(']	aff	neg
"Complete the sentence below with only one category word.\nSentence: ""A bathroom is not a ___."" Completed sentence: A bathroom is not a"	house	-3.3851967	Ġhouse	"['living', 'room', '(', '\\', '""']"	neg	neg
"Complete the sentence below with only one category word.\nSentence: ""A bathroom is not a ___."" Completed sentence: A bathroom is not a"	room	-2.5880241	Ġroom	"['living', 'room', '(', '\\', '""']"	neg	aff
"Complete the sentence below with only one category word.\nSentence: ""A cloud is an ___."" Completed sentence: A cloud is an"	atmospheric	-2.0951443	Ġatmospheric	['**', 'object', 'atmospheric', '\\', 'example']	aff	aff
"Complete the sentence below with only one category word.\nSentence: ""A cloud is a ___."" Completed sentence: A cloud is a"	star	-13.261644	Ġstar	['natural', 'weather', '\\', '**', 'meteor']	aff	neg
"Complete the sentence below with only one category word.\nSentence: ""A cloud is not a ___."" Completed sentence: A cloud is not a"	star	-7.866378	Ġstar	['solid', 'cloud', 'living', '(', '___']	neg	neg
"Complete the sentence below with only one category word.\nSentence: ""A cloud is not an ___."" Completed sentence: A cloud is not an"	atmospheric	-5.0103607	Ġatmospheric	['object', 'animal', 'organism', '(', 'entity']	neg	aff
"Complete the sentence below with only one category word.\nSentence: ""A song is a ___."" Completed sentence: A song is a"	music	-5.041973	Ġmusic	['musical', 'form', 'piece', '(', 'work']	aff	aff
"Complete the sentence below with only one category word.\nSentence: ""A song is a ___."" Completed sentence: A song is a"	noise	-10.567252	Ġnoise	['musical', 'form', 'piece', '(', 'work']	aff	neg
"Complete the sentence below with only one category word.\nSentence: ""A song is not a ___."" Completed sentence: A song is not a"	noise	-7.6896496	Ġnoise	"['(', 'musical', 'work', '""', '___']"	neg	neg
"Complete the sentence below with only one category word.\nSentence: ""A song is not a ___."" Completed sentence: A song is not a"	music	-5.4819336	Ġmusic	"['(', 'musical', 'work', '""', '___']"	neg	aff
"Complete the sentence below with only one category word.\nSentence: ""A fly is an ___."" Completed sentence: A fly is an"	insect	-0.28326607	Ġinsect	['insect', 'animal', 'in', 'ar', 'In']	aff	aff
"Complete the sentence below with only one category word.\nSentence: ""A fly is a ___."" Completed sentence: A fly is a"	tool	-10.934153	Ġtool	['\\', '___', '__', 'insect', '____']	aff	neg
"Complete the sentence below with only one category word.\nSentence: ""A fly is not a ___."" Completed sentence: A fly is not a"	tool	-9.750344	Ġtool	['___', 'bird', '____', 'verte', '\\']	neg	neg
"Complete the sentence below with only one category word.\nSentence: ""A fly is not an ___."" Completed sentence: A fly is not an"	insect	-0.24613571	Ġinsect	['insect', 'animal', 'in', '\\', 'ar']	neg	aff
"Complete the sentence below with only one category word.\nSentence: ""A worm is an ___."" Completed sentence: A worm is an"	invertebrate	-0.67416763	Ġin	['in', 'animal', 'insect', 'ar', '\\']	aff	aff
"Complete the sentence below with only one category word.\nSentence: ""A worm is a ___."" Completed sentence: A worm is a"	vertebrate	-5.859708	Ġverte	['___', '\\', 'creature', '____', '______']	aff	neg
"Complete the sentence below with only one category word.\nSentence: ""A worm is not a ___."" Completed sentence: A worm is not a"	vertebrate	-2.035307	Ġverte	['___', 'verte', '\\', 'plant', '____']	neg	neg
"Complete the sentence below with only one category word.\nSentence: ""A worm is not an ___."" Completed sentence: A worm is not an"	invertebrate	-2.6821823	Ġin	['animal', 'insect', 'in', 'ar', 'organism']	neg	aff
"Complete the sentence below with only one category word.\nSentence: ""A mother is a ___."" Completed sentence: A mother is a"	person	-5.338916	Ġperson	['female', 'caregiver', 'parent', '**', 'mother']	aff	aff
"Complete the sentence below with only one category word.\nSentence: ""A mother is a ___."" Completed sentence: A mother is a"	computer	-12.728539	Ġcomputer	['female', 'caregiver', 'parent', '**', 'mother']	aff	neg
"Complete the sentence below with only one category word.\nSentence: ""A mother is not a ___."" Completed sentence: A mother is not a"	computer	-8.453306	Ġcomputer	"['parent', '\\', 'father', '(', '""']"	neg	neg
"Complete the sentence below with only one category word.\nSentence: ""A mother is not a ___."" Completed sentence: A mother is not a"	person	-5.000017	Ġperson	"['parent', '\\', 'father', '(', '""']"	neg	aff
"Complete the sentence below with only one category word.\nSentence: ""A sibling is a ___."" Completed sentence: A sibling is a"	family	-1.5098324	Ġfamily	['family', 'relative', 'relationship', 'sibling', 'blood']	aff	aff
"Complete the sentence below with only one category word.\nSentence: ""A sibling is a ___."" Completed sentence: A sibling is a"	machine	-15.187742	Ġmachine	['family', 'relative', 'relationship', 'sibling', 'blood']	aff	neg
"Complete the sentence below with only one category word.\nSentence: ""A sibling is not a ___."" Completed sentence: A sibling is not a"	machine	-11.742109	Ġmachine	"['parent', 'sibling', 'friend', '""', '**']"	neg	neg
"Complete the sentence below with only one category word.\nSentence: ""A sibling is not a ___."" Completed sentence: A sibling is not a"	family	-3.4977188	Ġfamily	"['parent', 'sibling', 'friend', '""', '**']"	neg	aff
"Complete the sentence below with only one category word.\nSentence: ""A vacation is a ___."" Completed sentence: A vacation is a"	trip	-4.457325	Ġtrip	['leisure', 'break', '(', 'recreational', 'time']	aff	aff
"Complete the sentence below with only one category word.\nSentence: ""A vacation is a ___."" Completed sentence: A vacation is a"	time	-3.2325	Ġtime	['leisure', 'break', '(', 'recreational', 'time']	aff	neg
"Complete the sentence below with only one category word.\nSentence: ""A vacation is not a ___."" Completed sentence: A vacation is not a"	time	-5.8007193	Ġtime	"['necessity', '(', '""', 'luxury', 'necessary']"	neg	neg
"Complete the sentence below with only one category word.\nSentence: ""A vacation is not a ___."" Completed sentence: A vacation is not a"	trip	-3.9792252	Ġtrip	"['necessity', '(', '""', 'luxury', 'necessary']"	neg	aff
"Complete the sentence below with only one category word.\nSentence: ""A fireplace is a ___."" Completed sentence: A fireplace is a"	structure	-4.2157364	Ġstructure	['heating', 'source', '(', '**', 'heat']	aff	aff
"Complete the sentence below with only one category word.\nSentence: ""A fireplace is a ___."" Completed sentence: A fireplace is a"	creature	-10.75044	Ġcreature	['heating', 'source', '(', '**', 'heat']	aff	neg
"Complete the sentence below with only one category word.\nSentence: ""A fireplace is not a ___."" Completed sentence: A fireplace is not a"	creature	-7.0677567	Ġcreature	"['tool', '(', 'source', '\\', '""']"	neg	neg
"Complete the sentence below with only one category word.\nSentence: ""A fireplace is not a ___."" Completed sentence: A fireplace is not a"	structure	-4.740587	Ġstructure	"['tool', '(', 'source', '\\', '""']"	neg	aff
"Complete the sentence below with only one category word.\nSentence: ""A basenji is a ___."" Completed sentence: A basenji is a"	dog	-0.6716881	Ġdog	['dog', 'breed', 'domestic', 'type', '___']	aff	aff
"Complete the sentence below with only one category word.\nSentence: ""A basenji is a ___."" Completed sentence: A basenji is a"	cat	-8.1241455	Ġcat	['dog', 'breed', 'domestic', 'type', '___']	aff	neg
"Complete the sentence below with only one category word.\nSentence: ""A basenji is not a ___."" Completed sentence: A basenji is not a"	cat	-4.2970715	Ġcat	['dog', 'breed', 'domestic', 'mamm', '___']	neg	neg
"Complete the sentence below with only one category word.\nSentence: ""A basenji is not a ___."" Completed sentence: A basenji is not a"	dog	-0.9309139	Ġdog	['dog', 'breed', 'domestic', 'mamm', '___']	neg	aff
"Complete the sentence below with only one category word.\nSentence: ""A chihuahua is a ___."" Completed sentence: A chihuahua is a"	dog	-1.4914284	Ġdog	['small', 'dog', 'domestic', '___', 'breed']	aff	aff
"Complete the sentence below with only one category word.\nSentence: ""A chihuahua is a ___."" Completed sentence: A chihuahua is a"	reptile	-11.807436	Ġrept	['small', 'dog', 'domestic', '___', 'breed']	aff	neg
"Complete the sentence below with only one category word.\nSentence: ""A chihuahua is not a ___."" Completed sentence: A chihuahua is not a"	reptile	-7.126999	Ġrept	['dog', 'mamm', '___', 'domestic', '__']	neg	neg
"Complete the sentence below with only one category word.\nSentence: ""A chihuahua is not a ___."" Completed sentence: A chihuahua is not a"	dog	-1.1382065	Ġdog	['dog', 'mamm', '___', 'domestic', '__']	neg	aff
"Complete the sentence below with only one category word.\nSentence: ""A dalmatian is a ___."" Completed sentence: A dalmatian is a"	dog	-0.9874706	Ġdog	['dog', 'breed', 'domestic', 'mamm', 'pet']	aff	aff
"Complete the sentence below with only one category word.\nSentence: ""A dalmatian is a ___."" Completed sentence: A dalmatian is a"	horse	-10.985058	Ġhorse	['dog', 'breed', 'domestic', 'mamm', 'pet']	aff	neg
"Complete the sentence below with only one category word.\nSentence: ""A dalmatian is not a ___."" Completed sentence: A dalmatian is not a"	horse	-8.237657	Ġhorse	['dog', 'mamm', 'domestic', '___', 'pet']	neg	neg
"Complete the sentence below with only one category word.\nSentence: ""A dalmatian is not a ___."" Completed sentence: A dalmatian is not a"	dog	-1.464983	Ġdog	['dog', 'mamm', 'domestic', '___', 'pet']	neg	aff
"Complete the sentence below with only one category word.\nSentence: ""A labrador is a ___."" Completed sentence: A labrador is a"	dog	-0.73482513	Ġdog	['dog', 'breed', '___', '__', 'type']	aff	aff
"Complete the sentence below with only one category word.\nSentence: ""A labrador is a ___."" Completed sentence: A labrador is a"	bird	-10.684728	Ġbird	['dog', 'breed', '___', '__', 'type']	aff	neg
"Complete the sentence below with only one category word.\nSentence: ""A labrador is not a ___."" Completed sentence: A labrador is not a"	bird	-5.1194725	Ġbird	['dog', 'mamm', '___', 'pet', 'breed']	neg	neg
"Complete the sentence below with only one category word.\nSentence: ""A labrador is not a ___."" Completed sentence: A labrador is not a"	dog	-1.0027046	Ġdog	['dog', 'mamm', '___', 'pet', 'breed']	neg	aff
"Complete the sentence below with only one category word.\nSentence: ""A crocus is a ___."" Completed sentence: A crocus is a"	flower	-0.7773552	Ġflower	['flower', 'plant', '___', 'flowering', 'bulb']	aff	aff
"Complete the sentence below with only one category word.\nSentence: ""A crocus is a ___."" Completed sentence: A crocus is a"	bird	-11.924082	Ġbird	['flower', 'plant', '___', 'flowering', 'bulb']	aff	neg
"Complete the sentence below with only one category word.\nSentence: ""A crocus is not a ___."" Completed sentence: A crocus is not a"	bird	-6.1734867	Ġbird	['flower', 'plant', '___', '(', '__']	neg	neg
"Complete the sentence below with only one category word.\nSentence: ""A crocus is not a ___."" Completed sentence: A crocus is not a"	flower	-0.8383751	Ġflower	['flower', 'plant', '___', '(', '__']	neg	aff
"Complete the sentence below with only one category word.\nSentence: ""A raddish is a ___."" Completed sentence: A raddish is a"	vegetable	-0.30371094	Ġvegetable	['vegetable', 'root', 'plant', '___', '\\']	aff	aff
"Complete the sentence below with only one category word.\nSentence: ""A raddish is a ___."" Completed sentence: A raddish is a"	flower	-7.6649036	Ġflower	['vegetable', 'root', 'plant', '___', '\\']	aff	neg
"Complete the sentence below with only one category word.\nSentence: ""A raddish is not a ___."" Completed sentence: A raddish is not a"	flower	-6.6745205	Ġflower	['vegetable', 'root', 'fruit', '___', 'plant']	neg	neg
"Complete the sentence below with only one category word.\nSentence: ""A raddish is not a ___."" Completed sentence: A raddish is not a"	vegetable	-0.32733536	Ġvegetable	['vegetable', 'root', 'fruit', '___', 'plant']	neg	aff
"Complete the sentence below with only one category word.\nSentence: ""A delphinium is a ___."" Completed sentence: A delphinium is a"	flower	-0.7220745	Ġflower	['flower', 'plant', 'flowering', '___', 'type']	aff	aff
"Complete the sentence below with only one category word.\nSentence: ""A delphinium is an ___."" Completed sentence: A delphinium is an"	insect	-6.4302645	Ġinsect	['orn', '___', 'aquatic', 'herb', '\\']	aff	neg
"Complete the sentence below with only one category word.\nSentence: ""A delphinium is not an ___."" Completed sentence: A delphinium is not an"	insect	-3.621441	Ġinsect	['animal', 'aquatic', '___', 'herb', '(']	neg	neg
"Complete the sentence below with only one category word.\nSentence: ""A delphinium is not a ___."" Completed sentence: A delphinium is not a"	flower	-0.82001686	Ġflower	['flower', 'plant', '___', '(', '______']	neg	aff
"Complete the sentence below with only one category word.\nSentence: ""A chisel is a ___."" Completed sentence: A chisel is a"	tool	-0.36837006	Ġtool	['tool', 'TOOL', 'hand', '\\', 'metal']	aff	aff
"Complete the sentence below with only one category word.\nSentence: ""A chisel is an ___."" Completed sentence: A chisel is an"	insect	-6.977257	ĠIn	['instrument', 'object', 'implement', '\\', 'TOOL']	aff	neg
"Complete the sentence below with only one category word.\nSentence: ""A chisel is not an ___."" Completed sentence: A chisel is not an"	insect	-7.709032	ĠIn	['instrument', 'object', 'implement', '(', '\\']	neg	neg
"Complete the sentence below with only one category word.\nSentence: ""A chisel is not a ___."" Completed sentence: A chisel is not a"	tool	-0.42473793	Ġtool	['tool', 'TOOL', 'hammer', '(', '___']	neg	aff
"Complete the sentence below with only one category word.\nSentence: ""A money is a ___."" Completed sentence: A money is a"	currency	-2.0009422	Ġcurrency	['currency', 'coin', 'noun', '(', '\\']	aff	aff
"Complete the sentence below with only one category word.\nSentence: ""A money is a ___."" Completed sentence: A money is a"	tool	-4.244135	Ġtool	['currency', 'coin', 'noun', '(', '\\']	aff	neg
"Complete the sentence below with only one category word.\nSentence: ""A money is not a ___."" Completed sentence: A money is not a"	tool	-3.5394611	Ġtool	['coin', 'currency', '(', '\\', 'noun']	neg	neg
"Complete the sentence below with only one category word.\nSentence: ""A money is not a ___."" Completed sentence: A money is not a"	currency	-2.7169762	Ġcurrency	['coin', 'currency', '(', '\\', 'noun']	neg	aff
"Complete the sentence below with only one category word.\nSentence: ""A boulder is a ___."" Completed sentence: A boulder is a"	rock	-1.2487164	Ġrock	['rock', 'natural', 'ROCK', 'geological', 'large']	aff	aff
"Complete the sentence below with only one category word.\nSentence: ""A boulder is a ___."" Completed sentence: A boulder is a"	mammal	-5.6916304	ĠM	['rock', 'natural', 'ROCK', 'geological', 'large']	aff	neg
"Complete the sentence below with only one category word.\nSentence: ""A boulder is not a ___."" Completed sentence: A boulder is not a"	mammal	-5.831419	Ġmamm	['rock', 'living', '___', '(', '____']	neg	neg
"Complete the sentence below with only one category word.\nSentence: ""A boulder is not a ___."" Completed sentence: A boulder is not a"	rock	-1.4074173	Ġrock	['rock', 'living', '___', '(', '____']	neg	aff
"Complete the sentence below with only one category word.\nSentence: ""A classroom is a ___."" Completed sentence: A classroom is a"	room	-2.931694	Ġroom	['place', '(', '**', 'room', 'learning']	aff	aff
"Complete the sentence below with only one category word.\nSentence: ""A classroom is a ___."" Completed sentence: A classroom is a"	tree	-15.18195	Ġtree	['place', '(', '**', 'room', 'learning']	aff	neg
"Complete the sentence below with only one category word.\nSentence: ""A classroom is not a ___."" Completed sentence: A classroom is not a"	tree	-9.656466	Ġtree	"['(', 'living', 'place', '""', '\\']"	neg	neg
"Complete the sentence below with only one category word.\nSentence: ""A classroom is not a ___."" Completed sentence: A classroom is not a"	room	-3.431879	Ġroom	"['(', 'living', 'place', '""', '\\']"	neg	aff
"Complete the sentence below with only one category word.\nSentence: ""A park is a ___."" Completed sentence: A park is a"	place	-1.3894081	Ġplace	['place', 'recreational', 'public', 'natural', '(']	aff	aff
"Complete the sentence below with only one category word.\nSentence: ""A park is an ___."" Completed sentence: A park is an"	insect	-11.573419	ĠIn	['outdoor', '**', '\\', 'ecosystem', '(']	aff	neg
"Complete the sentence below with only one category word.\nSentence: ""A park is not an ___."" Completed sentence: A park is not an"	insect	-9.632006	Ġinsect	"['(', 'ecosystem', 'outdoor', '""', 'environment']"	neg	neg
"Complete the sentence below with only one category word.\nSentence: ""A park is not a ___."" Completed sentence: A park is not a"	place	-3.2733326	Ġplace	['building', '(', 'playground', '\\', 'place']	neg	aff
"Complete the sentence below with only one category word.\nSentence: ""A drink is a ___."" Completed sentence: A drink is a"	beverage	-1.0645885	Ġbeverage	['liquid', 'beverage', 'food', '(', 'fluid']	aff	aff
"Complete the sentence below with only one category word.\nSentence: ""A drink is a ___."" Completed sentence: A drink is a"	pie	-13.300598	Ġpie	['liquid', 'beverage', 'food', '(', 'fluid']	aff	neg
"Complete the sentence below with only one category word.\nSentence: ""A drink is not a ___."" Completed sentence: A drink is not a"	pie	-9.050589	Ġpie	['liquid', 'beverage', 'food', '(', 'solid']	neg	neg
"Complete the sentence below with only one category word.\nSentence: ""A drink is not a ___."" Completed sentence: A drink is not a"	beverage	-1.5895596	Ġbeverage	['liquid', 'beverage', 'food', '(', 'solid']	neg	aff
"Complete the sentence below with only one category word.\nSentence: ""A dinosaur is a ___."" Completed sentence: A dinosaur is a"	reptile	-2.0627747	Ġrept	['rept', 'pre', '___', '__', '(']	aff	aff
"Complete the sentence below with only one category word.\nSentence: ""A dinosaur is a ___."" Completed sentence: A dinosaur is a"	mammal	-5.6130095	ĠM	['rept', 'pre', '___', '__', '(']	aff	neg
"Complete the sentence below with only one category word.\nSentence: ""A dinosaur is not a ___."" Completed sentence: A dinosaur is not a"	mammal	-2.0618324	Ġmamm	['rept', 'mamm', 'bird', '___', 'fish']	neg	neg
"Complete the sentence below with only one category word.\nSentence: ""A dinosaur is not a ___."" Completed sentence: A dinosaur is not a"	reptile	-1.8830891	Ġrept	['rept', 'mamm', 'bird', '___', 'fish']	neg	aff
"Complete the sentence below with only one category word.\nSentence: ""A gull is a ___."" Completed sentence: A gull is a"	bird	-0.2620926	Ġbird	['bird', '\\', '___', '__', '(']	aff	aff
"Complete the sentence below with only one category word.\nSentence: ""A gull is a ___."" Completed sentence: A gull is a"	mammal	-6.515335	ĠM	['bird', '\\', '___', '__', '(']	aff	neg
"Complete the sentence below with only one category word.\nSentence: ""A gull is not a ___."" Completed sentence: A gull is not a"	mammal	-4.2752495	Ġmamm	['bird', '___', '\\', '__', '(']	neg	neg
"Complete the sentence below with only one category word.\nSentence: ""A gull is not a ___."" Completed sentence: A gull is not a"	bird	-0.48748016	Ġbird	['bird', '___', '\\', '__', '(']	neg	aff
"Complete the sentence below with only one category word.\nSentence: ""A liver is an ___."" Completed sentence: A liver is an"	organ	-0.0428257	Ġorgan	['organ', 'internal', '\\', 'animal', '**']	aff	aff
"Complete the sentence below with only one category word.\nSentence: ""A liver is a ___."" Completed sentence: A liver is a"	glass	-17.722359	Ġglass	['organ', '\\', 'G', '(', 'digestive']	aff	neg
"Complete the sentence below with only one category word.\nSentence: ""A liver is not a ___."" Completed sentence: A liver is not a"	glass	-14.522434	Ġglass	['muscle', '\\', '___', 'organ', '(']	neg	neg
"Complete the sentence below with only one category word.\nSentence: ""A liver is not an ___."" Completed sentence: A liver is not an"	organ	-0.06082344	Ġorgan	['organ', 'animal', '\\', '(', 'accessory']	neg	aff
"Complete the sentence below with only one category word.\nSentence: ""A coat is a ___."" Completed sentence: A coat is a"	garment	-2.4118996	Ġgarment	['clothing', 'piece', 'garment', '\\', 'jacket']	aff	aff
"Complete the sentence below with only one category word.\nSentence: ""A coat is a ___."" Completed sentence: A coat is a"	house	-9.215205	Ġhouse	['clothing', 'piece', 'garment', '\\', 'jacket']	aff	neg
"Complete the sentence below with only one category word.\nSentence: ""A coat is not a ___."" Completed sentence: A coat is not a"	house	-6.7499886	Ġhouse	['\\', 'clothing', 'garment', 'jacket', '(']	neg	neg
"Complete the sentence below with only one category word.\nSentence: ""A coat is not a ___."" Completed sentence: A coat is not a"	garment	-2.4849777	Ġgarment	['\\', 'clothing', 'garment', 'jacket', '(']	neg	aff
"Complete the sentence below with only one category word.\nSentence: ""A bedroom is a ___."" Completed sentence: A bedroom is a"	room	-1.404665	Ġroom	['room', 'place', 'living', '\\', '**']	aff	aff
"Complete the sentence below with only one category word.\nSentence: ""A bedroom is a ___."" Completed sentence: A bedroom is a"	house	-6.4202747	Ġhouse	['room', 'place', 'living', '\\', '**']	aff	neg
"Complete the sentence below with only one category word.\nSentence: ""A bedroom is not a ___."" Completed sentence: A bedroom is not a"	house	-4.1925716	Ġhouse	['living', 'room', '(', '\\', '___']	neg	neg
"Complete the sentence below with only one category word.\nSentence: ""A bedroom is not a ___."" Completed sentence: A bedroom is not a"	room	-2.3402805	Ġroom	['living', 'room', '(', '\\', '___']	neg	aff
"Complete the sentence below with only one category word.\nSentence: ""A garlic is a ___."" Completed sentence: A garlic is a"	vegetable	-0.8416462	Ġvegetable	['vegetable', 'plant', 'bulb', 'food', '**']	aff	aff
"Complete the sentence below with only one category word.\nSentence: ""A garlic is a ___."" Completed sentence: A garlic is a"	fruit	-3.8378773	Ġfruit	['vegetable', 'plant', 'bulb', 'food', '**']	aff	neg
"Complete the sentence below with only one category word.\nSentence: ""A garlic is not a ___."" Completed sentence: A garlic is not a"	fruit	-2.5593433	Ġfruit	['vegetable', 'plant', 'fruit', '(', 'bulb']	neg	neg
"Complete the sentence below with only one category word.\nSentence: ""A garlic is not a ___."" Completed sentence: A garlic is not a"	vegetable	-0.6123638	Ġvegetable	['vegetable', 'plant', 'fruit', '(', 'bulb']	neg	aff
"Complete the sentence below with only one category word.\nSentence: ""A wallet is an ___."" Completed sentence: A wallet is an"	accessory	-2.1827908	Ġaccessory	['item', 'accessory', 'object', '**', 'essential']	aff	aff
"Complete the sentence below with only one category word.\nSentence: ""A wallet is a ___."" Completed sentence: A wallet is a"	food	-10.302427	Ġfood	['container', '**', 'personal', '\\', '(']	aff	neg
"Complete the sentence below with only one category word.\nSentence: ""A wallet is not a ___."" Completed sentence: A wallet is not a"	food	-5.9512806	Ġfood	['container', 'tool', '(', '___', '\\']	neg	neg
"Complete the sentence below with only one category word.\nSentence: ""A wallet is not an ___."" Completed sentence: A wallet is not an"	accessory	-1.9534683	Ġaccessory	['item', 'accessory', 'object', 'instrument', 'electronic']	neg	aff
"Complete the sentence below with only one category word.\nSentence: ""A race is a ___."" Completed sentence: A race is a"	competition	-1.3472042	Ġcompetition	['competition', 'sport', 'competitive', 'sports', 'sporting']	aff	aff
"Complete the sentence below with only one category word.\nSentence: ""A race is a ___."" Completed sentence: A race is a"	party	-10.530307	Ġparty	['competition', 'sport', 'competitive', 'sports', 'sporting']	aff	neg
"Complete the sentence below with only one category word.\nSentence: ""A race is not a ___."" Completed sentence: A race is not a"	party	-8.9219265	Ġparty	['competition', 'sport', 'contest', 'game', '(']	neg	neg
"Complete the sentence below with only one category word.\nSentence: ""A race is not a ___."" Completed sentence: A race is not a"	competition	-1.0482597	Ġcompetition	['competition', 'sport', 'contest', 'game', '(']	neg	aff
"Complete the sentence below with only one category word.\nSentence: ""A university is an ___."" Completed sentence: A university is an"	institution	-0.9994812	Ġinstitution	['educational', 'institution', 'organization', 'academic', '**']	aff	aff
"Complete the sentence below with only one category word.\nSentence: ""A university is a ___."" Completed sentence: A university is a"	tree	-12.515381	Ġtree	['place', 'building', '(', 'school', 'educational']	aff	neg
"Complete the sentence below with only one category word.\nSentence: ""A university is not a ___."" Completed sentence: A university is not a"	tree	-9.208169	Ġtree	"['building', 'place', '(', '""', 'business']"	neg	neg
"Complete the sentence below with only one category word.\nSentence: ""A university is not an ___."" Completed sentence: A university is not an"	institution	-0.74832916	Ġinstitution	"['institution', 'organization', 'educational', '""', '(']"	neg	aff
"Complete the sentence below with only one category word.\nSentence: ""A belt is an ___."" Completed sentence: A belt is an"	accessory	-0.27441406	Ġaccessory	['accessory', 'item', 'article', '\\', 'append']	aff	aff
"Complete the sentence below with only one category word.\nSentence: ""A belt is a ___."" Completed sentence: A belt is a"	food	-9.500468	Ġfood	['piece', 'tool', 'utility', '\\', 'clothing']	aff	neg
"Complete the sentence below with only one category word.\nSentence: ""A belt is not a ___."" Completed sentence: A belt is not a"	food	-5.5056667	Ġfood	['tool', 'clothing', '___', '(', '\\']	neg	neg
"Complete the sentence below with only one category word.\nSentence: ""A belt is not an ___."" Completed sentence: A belt is not an"	accessory	-0.50976944	Ġaccessory	['accessory', 'article', 'item', 'append', 'instrument']	neg	aff
"Complete the sentence below with only one category word.\nSentence: ""A carp is a ___."" Completed sentence: A carp is a"	fish	-2.8054104	Ġfish	['\\', 'mamm', 'fish', 'type', '___']	aff	aff
"Complete the sentence below with only one category word.\nSentence: ""A carp is a ___."" Completed sentence: A carp is a"	reptile	-5.138364	Ġrept	['\\', 'mamm', 'fish', 'type', '___']	aff	neg
"Complete the sentence below with only one category word.\nSentence: ""A carp is not a ___."" Completed sentence: A carp is not a"	reptile	-4.379898	Ġrept	['mamm', 'fish', 'bird', '___', '(']	neg	neg
"Complete the sentence below with only one category word.\nSentence: ""A carp is not a ___."" Completed sentence: A carp is not a"	fish	-2.4650135	Ġfish	['mamm', 'fish', 'bird', '___', '(']	neg	aff
"Complete the sentence below with only one category word.\nSentence: ""A washer is a ___."" Completed sentence: A washer is a"	machine	-1.0137405	Ġmachine	['machine', 'household', 'tool', 'washing', '**']	aff	aff
"Complete the sentence below with only one category word.\nSentence: ""A washer is a ___."" Completed sentence: A washer is a"	person	-7.6585464	Ġperson	['machine', 'household', 'tool', 'washing', '**']	aff	neg
"Complete the sentence below with only one category word.\nSentence: ""A washer is not a ___."" Completed sentence: A washer is not a"	person	-7.4578123	Ġperson	['machine', 'tool', '\\', '(', '___']	neg	neg
"Complete the sentence below with only one category word.\nSentence: ""A washer is not a ___."" Completed sentence: A washer is not a"	machine	-0.9806671	Ġmachine	['machine', 'tool', '\\', '(', '___']	neg	aff
"Complete the sentence below with only one category word.\nSentence: ""A dryer is a ___."" Completed sentence: A dryer is a"	machine	-1.9969349	Ġmachine	['household', 'machine', 'tool', 'utility', 'appliance']	aff	aff
"Complete the sentence below with only one category word.\nSentence: ""A dryer is a ___."" Completed sentence: A dryer is a"	place	-10.200979	Ġplace	['household', 'machine', 'tool', 'utility', 'appliance']	aff	neg
"Complete the sentence below with only one category word.\nSentence: ""A dryer is not a ___."" Completed sentence: A dryer is not a"	place	-9.244511	Ġplace	"['machine', 'tool', '(', '\\', '""']"	neg	neg
"Complete the sentence below with only one category word.\nSentence: ""A dryer is not a ___."" Completed sentence: A dryer is not a"	machine	-1.4700432	Ġmachine	"['machine', 'tool', '(', '\\', '""']"	neg	aff
"Complete the sentence below with only one category word.\nSentence: ""A stove is a ___."" Completed sentence: A stove is a"	device	-4.9058857	Ġdevice	['kitchen', 'cooking', 'household', 'piece', 'tool']	aff	aff
"Complete the sentence below with only one category word.\nSentence: ""A stove is a ___."" Completed sentence: A stove is a"	room	-8.932798	Ġroom	['kitchen', 'cooking', 'household', 'piece', 'tool']	aff	neg
"Complete the sentence below with only one category word.\nSentence: ""A stove is not a ___."" Completed sentence: A stove is not a"	room	-7.6796427	Ġroom	['tool', '(', 'kitchen', 'machine', '\\']	neg	neg
"Complete the sentence below with only one category word.\nSentence: ""A stove is not a ___."" Completed sentence: A stove is not a"	device	-5.665081	Ġdevice	['tool', '(', 'kitchen', 'machine', '\\']	neg	aff
"Complete the sentence below with only one category word.\nSentence: ""A souffle is a ___."" Completed sentence: A souffle is a"	recipe	-4.9570827	Ġrecipe	['dessert', 'baked', 'food', 'cake', 'dish']	aff	aff
"Complete the sentence below with only one category word.\nSentence: ""A souffle is a ___."" Completed sentence: A souffle is a"	tool	-13.430162	Ġtool	['dessert', 'baked', 'food', 'cake', 'dish']	aff	neg
"Complete the sentence below with only one category word.\nSentence: ""A souffle is not a ___."" Completed sentence: A souffle is not a"	tool	-10.795161	Ġtool	['dessert', 'cake', '(', 'baked', 'pudding']	neg	neg
"Complete the sentence below with only one category word.\nSentence: ""A souffle is not a ___."" Completed sentence: A souffle is not a"	recipe	-4.3424053	Ġrecipe	['dessert', 'cake', '(', 'baked', 'pudding']	neg	aff
"Complete the sentence below with only one category word.\nSentence: ""A plum is a ___."" Completed sentence: A plum is a"	fruit	-0.25580215	Ġfruit	['fruit', '___', 'F', 'plant', '(']	aff	aff
"Complete the sentence below with only one category word.\nSentence: ""A plum is a ___."" Completed sentence: A plum is a"	tool	-13.601992	Ġtool	['fruit', '___', 'F', 'plant', '(']	aff	neg
"Complete the sentence below with only one category word.\nSentence: ""A plum is not a ___."" Completed sentence: A plum is not a"	tool	-11.166852	Ġtool	['fruit', '___', 'tree', '(', 'vegetable']	neg	neg
"Complete the sentence below with only one category word.\nSentence: ""A plum is not a ___."" Completed sentence: A plum is not a"	fruit	-0.48724937	Ġfruit	['fruit', '___', 'tree', '(', 'vegetable']	neg	aff
"Complete the sentence below with only one category word.\nSentence: ""A meeting is an ___."" Completed sentence: A meeting is an"	event	-0.48416328	Ġevent	['event', '**', 'activity', 'EVENT', '(']	aff	aff
"Complete the sentence below with only one category word.\nSentence: ""A meeting is a ___."" Completed sentence: A meeting is a"	person	-8.970747	Ġperson	['social', '**', '(', 'gathering', 'meeting']	aff	neg
"Complete the sentence below with only one category word.\nSentence: ""A meeting is not a ___."" Completed sentence: A meeting is not a"	person	-8.73205	Ġperson	"['(', '""', 'meeting', '**', '___']"	neg	neg
"Complete the sentence below with only one category word.\nSentence: ""A meeting is not an ___."" Completed sentence: A meeting is not an"	event	-0.5841007	Ġevent	"['event', 'activity', 'entertainment', '""', '(']"	neg	aff
"Complete the sentence below with only one category word.\nSentence: ""An anvil is a ___."" Completed sentence: An anvil is a"	tool	-0.48018837	Ġtool	['tool', 'TOOL', 'metal', 'hammer', 'machine']	aff	aff
"Complete the sentence below with only one category word.\nSentence: ""An anvil is a ___."" Completed sentence: An anvil is a"	rock	-7.1168413	Ġrock	['tool', 'TOOL', 'metal', 'hammer', 'machine']	aff	neg
"Complete the sentence below with only one category word.\nSentence: ""An anvil is not a ___."" Completed sentence: An anvil is not a"	rock	-5.4427624	Ġrock	['tool', 'weapon', 'hammer', 'TOOL', 'machine']	neg	neg
"Complete the sentence below with only one category word.\nSentence: ""An anvil is not a ___."" Completed sentence: An anvil is not a"	tool	-0.50704	Ġtool	['tool', 'weapon', 'hammer', 'TOOL', 'machine']	neg	aff
"Complete the sentence below with only one category word.\nSentence: ""A scissor is a ___."" Completed sentence: A scissor is a"	tool	-0.4328022	Ġtool	['tool', 'TOOL', 'cutting', '**', '\\']	aff	aff
"Complete the sentence below with only one category word.\nSentence: ""A scissor is a ___."" Completed sentence: A scissor is a"	plant	-10.745433	Ġplant	['tool', 'TOOL', 'cutting', '**', '\\']	aff	neg
"Complete the sentence below with only one category word.\nSentence: ""An scissor is not a ___."" Completed sentence: An scissor is not a"	plant	-7.629362	Ġplant	['tool', 'TOOL', 'knife', '\\', '(']	neg	neg
"Complete the sentence below with only one category word.\nSentence: ""An scissor is not a ___."" Completed sentence: An scissor is not a"	tool	-0.350708	Ġtool	['tool', 'TOOL', 'knife', '\\', '(']	neg	aff
"Complete the sentence below with only one category word.\nSentence: ""A screw is a ___."" Completed sentence: A screw is a"	tool	-0.74038124	Ġtool	['tool', 'machine', 'mechanical', 'TOOL', '**']	aff	aff
"Complete the sentence below with only one category word.\nSentence: ""A screw is a ___."" Completed sentence: A screw is a"	drink	-16.08311	Ġdrink	['tool', 'machine', 'mechanical', 'TOOL', '**']	aff	neg
"Complete the sentence below with only one category word.\nSentence: ""A screw is not a ___."" Completed sentence: A screw is not a"	drink	-11.037489	Ġdrink	['tool', 'machine', 'TOOL', 'nut', 'screw']	neg	neg
"Complete the sentence below with only one category word.\nSentence: ""A screw is not a ___."" Completed sentence: A screw is not a"	tool	-0.71707726	Ġtool	['tool', 'machine', 'TOOL', 'nut', 'screw']	neg	aff
"Complete the sentence below with only one category word.\nSentence: ""A manager is a ___."" Completed sentence: A manager is a"	supervisor	-6.4184523	Ġsupervisor	['person', 'professional', 'job', '**', 'role']	aff	aff
"Complete the sentence below with only one category word.\nSentence: ""A manager is a ___."" Completed sentence: A manager is a"	place	-10.461215	Ġplace	['person', 'professional', 'job', '**', 'role']	aff	neg
"Complete the sentence below with only one category word.\nSentence: ""A manager is not a ___."" Completed sentence: A manager is not a"	place	-9.96815	Ġplace	"['(', 'job', '""', '___', 'worker']"	neg	neg
"Complete the sentence below with only one category word.\nSentence: ""A manager is not a ___."" Completed sentence: A manager is not a"	supervisor	-4.7344246	Ġsupervisor	"['(', 'job', '""', '___', 'worker']"	neg	aff
"Complete the sentence below with only one category word.\nSentence: ""A motel is a ___."" Completed sentence: A motel is a"	building	-4.1046543	Ġbuilding	['place', 'hotel', 'business', '**', 'lodging']	aff	aff
"Complete the sentence below with only one category word.\nSentence: ""A motel is an ___."" Completed sentence: A motel is an"	animal	-9.505409	Ġanimal	"['accommodation', 'establishment', '**', '""', 'inn']"	aff	neg
"Complete the sentence below with only one category word.\nSentence: ""A model is not an ___."" Completed sentence: A model is not an"	animal	-4.1487045	Ġanimal	"['artist', 'actor', 'object', '""', '(']"	neg	neg
"Complete the sentence below with only one category word.\nSentence: ""A model is not a ___."" Completed sentence: A model is not a"	building	-6.268943	Ġbuilding	['tool', 'person', 'human', '(', 'real']	neg	aff
"Complete the sentence below with only one category word.\nSentence: ""An autobiography is a ___."" Completed sentence: An autobiography is a"	book	-1.5959511	Ġbook	['personal', 'book', 'written', 'work', '(']	aff	aff
"Complete the sentence below with only one category word.\nSentence: ""An autobiography is a ___."" Completed sentence: An autobiography is a"	chair	-18.54071	Ġchair	['personal', 'book', 'written', 'work', '(']	aff	neg
"Complete the sentence below with only one category word.\nSentence: ""An autobiography is not a ___."" Completed sentence: An autobiography is not a"	chair	-16.360643	Ġchair	['book', 'fictional', 'fiction', 'novel', 'work']	neg	neg
"Complete the sentence below with only one category word.\nSentence: ""An autobiography is not a ___."" Completed sentence: An autobiography is not a"	book	-1.6748867	Ġbook	['book', 'fictional', 'fiction', 'novel', 'work']	neg	aff
"Complete the sentence below with only one category word.\nSentence: ""A wren is a ___."" Completed sentence: A wren is a"	bird	-0.41846848	Ġbird	['bird', 'small', '___', 'M', 'type']	aff	aff
"Complete the sentence below with only one category word.\nSentence: ""A wren is a ___."" Completed sentence: A wren is a"	mammal	-4.2465725	ĠM	['bird', 'small', '___', 'M', 'type']	aff	neg
"Complete the sentence below with only one category word.\nSentence: ""A wren is not a ___."" Completed sentence: A wren is not a"	mammal	-2.5925694	Ġmamm	['bird', 'mamm', '___', '(', '______']	neg	neg
"Complete the sentence below with only one category word.\nSentence: ""A wren is not a ___."" Completed sentence: A wren is not a"	bird	-0.562109	Ġbird	['bird', 'mamm', '___', '(', '______']	neg	aff
"Complete the sentence below with only one category word.\nSentence: ""A spider is an ___."" Completed sentence: A spider is an"	arachnid	-1.2512093	Ġar	['ar', 'insect', 'animal', 'in', 'In']	aff	aff
"Complete the sentence below with only one category word.\nSentence: ""A spider is a ___."" Completed sentence: A spider is a"	plant	-7.3894157	Ġplant	['\\', '___', '__', 'creature', '____']	aff	neg
"Complete the sentence below with only one category word.\nSentence: ""A spider is not a ___."" Completed sentence: A spider is not a"	plant	-3.6974049	Ġplant	['___', '\\', 'mamm', '____', '(']	neg	neg
"Complete the sentence below with only one category word.\nSentence: ""A spider is not an ___."" Completed sentence: A spider is not an"	arachnid	-2.7423725	Ġar	['insect', 'animal', 'ar', 'in', '\\']	neg	aff
"Complete the sentence below with only one category word.\nSentence: ""A blouse is a ___."" Completed sentence: A blouse is a"	clothing	-1.4290752	Ġclothing	['clothing', 'piece', 'garment', '\\', '**']	aff	aff
"Complete the sentence below with only one category word.\nSentence: ""A blouse is a ___."" Completed sentence: A blouse is a"	jewelry	-11.531594	Ġjewelry	['clothing', 'piece', 'garment', '\\', '**']	aff	neg
"Complete the sentence below with only one category word.\nSentence: ""A blouse is not a ___."" Completed sentence: A blouse is not a"	jewelry	-9.373663	Ġjewelry	['shirt', '\\', 'piece', 'garment', '(']	neg	neg
"Complete the sentence below with only one category word.\nSentence: ""A blouse is not a ___."" Completed sentence: A blouse is not a"	clothing	-3.076437	Ġclothing	['shirt', '\\', 'piece', 'garment', '(']	neg	aff
"Complete the sentence below with only one category word.\nSentence: ""A cape is a ___."" Completed sentence: A cape is a"	clothing	-2.5537357	Ġclothing	['piece', 'garment', 'clothing', '**', 'part']	aff	aff
"Complete the sentence below with only one category word.\nSentence: ""A cape is a ___."" Completed sentence: A cape is a"	drink	-14.183243	Ġdrink	['piece', 'garment', 'clothing', '**', 'part']	aff	neg
"Complete the sentence below with only one category word.\nSentence: ""A cape is not a ___."" Completed sentence: A cape is not a"	drink	-10.273947	Ġdrink	['garment', 'hat', 'clothing', '(', '\\']	neg	neg
"Complete the sentence below with only one category word.\nSentence: ""A cape is not a ___."" Completed sentence: A cape is not a"	clothing	-2.9180355	Ġclothing	['garment', 'hat', 'clothing', '(', '\\']	neg	aff
"Complete the sentence below with only one category word.\nSentence: ""A metro is a ___."" Completed sentence: A metro is a"	train	-4.72258	Ġtrain	['transportation', 'public', 'transport', 'mode', '**']	aff	aff
"Complete the sentence below with only one category word.\nSentence: ""A metro is a ___."" Completed sentence: A metro is a"	bus	-6.736721	Ġbus	['transportation', 'public', 'transport', 'mode', '**']	aff	neg
"Complete the sentence below with only one category word.\nSentence: ""A metro is not a ___."" Completed sentence: A metro is not a"	bus	-3.786028	Ġbus	['vehicle', 'transportation', 'public', 'train', '(']	neg	neg
"Complete the sentence below with only one category word.\nSentence: ""A metro is not a ___."" Completed sentence: A metro is not a"	train	-2.9048843	Ġtrain	['vehicle', 'transportation', 'public', 'train', '(']	neg	aff
"Complete the sentence below with only one category word.\nSentence: ""A macaw is a ___."" Completed sentence: A macaw is a"	bird	-0.58514786	Ġbird	['bird', 'type', '**', '(', 'par']	aff	aff
"Complete the sentence below with only one category word.\nSentence: ""A macaw is a ___."" Completed sentence: A macaw is a"	grain	-18.004427	Ġgrain	['bird', 'type', '**', '(', 'par']	aff	neg
"Complete the sentence below with only one category word.\nSentence: ""A macaw is not a ___."" Completed sentence: A macaw is not a"	grain	-14.637724	Ġgrain	['bird', '___', '(', 'par', '______']	neg	neg
"Complete the sentence below with only one category word.\nSentence: ""A macaw is not a ___."" Completed sentence: A macaw is not a"	bird	-0.87734413	Ġbird	['bird', '___', '(', 'par', '______']	neg	aff
"Complete the sentence below with only one category word.\nSentence: ""An eel is a ___."" Completed sentence: An eel is a"	fish	-1.0950546	Ġfish	['fish', 'verte', '___', '\\', 'rept']	aff	aff
"Complete the sentence below with only one category word.\nSentence: ""An eel is a ___."" Completed sentence: An eel is a"	vegetable	-7.9033527	Ġvegetable	['fish', 'verte', '___', '\\', 'rept']	aff	neg
"Complete the sentence below with only one category word.\nSentence: ""An eel is not a ___."" Completed sentence: An eel is not a"	vegetable	-6.6456585	Ġvegetable	['fish', 'verte', 'mamm', '___', 'rept']	neg	neg
"Complete the sentence below with only one category word.\nSentence: ""An eel is not a ___."" Completed sentence: An eel is not a"	fish	-0.86736107	Ġfish	['fish', 'verte', 'mamm', '___', 'rept']	neg	aff
"Complete the sentence below with only one category word.\nSentence: ""A pelican is a ___."" Completed sentence: A pelican is a"	bird	-0.34147835	Ġbird	['bird', '\\', '___', '__', '(']	aff	aff
"Complete the sentence below with only one category word.\nSentence: ""A pelican is a ___."" Completed sentence: A pelican is a"	bacterium	-5.732538	ĠB	['bird', '\\', '___', '__', '(']	aff	neg
"Complete the sentence below with only one category word.\nSentence: ""A pelican is not a ___."" Completed sentence: A pelican is not a"	bacterium	-6.12027	ĠB	['bird', 'fish', 'mamm', '___', '(']	neg	neg
"Complete the sentence below with only one category word.\nSentence: ""A pelican is not a ___."" Completed sentence: A pelican is not a"	bird	-0.5961971	Ġbird	['bird', 'fish', 'mamm', '___', '(']	neg	aff
"Complete the sentence below with only one category word.\nSentence: ""A bunny is an ___."" Completed sentence: A bunny is an"	animal	-0.18278313	Ġanimal	['animal', '**', '___', '\\', 'herb']	aff	aff
"Complete the sentence below with only one category word.\nSentence: ""A bunny is a ___."" Completed sentence: A bunny is a"	fungus	-5.483238	ĠF	['mamm', '___', '\\', '(', 'M']	aff	neg
"Complete the sentence below with only one category word.\nSentence: ""A bunny is not a ___."" Completed sentence: A bunny is not a"	fungus	-6.722666	ĠF	['mamm', '___', 'quadr', '(', '\\']	neg	neg
"Complete the sentence below with only one category word.\nSentence: ""A bunny is not an ___."" Completed sentence: A bunny is not an"	animal	-0.29132843	Ġanimal	"['animal', 'insect', '___', 'herb', '""']"	neg	aff
"Complete the sentence below with only one category word.\nSentence: ""A spaceship is a ___."" Completed sentence: A spaceship is a"	vehicle	-1.7343216	Ġvehicle	['vehicle', 'spacecraft', 'man', 'machine', 'space']	aff	aff
"Complete the sentence below with only one category word.\nSentence: ""A spaceship is a ___."" Completed sentence: A spaceship is a"	toy	-8.912372	Ġtoy	['vehicle', 'spacecraft', 'man', 'machine', 'space']	aff	neg
"Complete the sentence below with only one category word.\nSentence: ""A spaceship is not a ___."" Completed sentence: A spaceship is not a"	toy	-5.6442814	Ġtoy	['vehicle', 'machine', '(', 'tool', 'living']	neg	neg
"Complete the sentence below with only one category word.\nSentence: ""A spaceship is not a ___."" Completed sentence: A spaceship is not a"	vehicle	-1.5880947	Ġvehicle	['vehicle', 'machine', '(', 'tool', 'living']	neg	aff
"Complete the sentence below with only one category word.\nSentence: ""A toucan is a ___."" Completed sentence: A toucan is a"	bird	-0.3122368	Ġbird	['bird', '___', '(', '**', 'M']	aff	aff
"Complete the sentence below with only one category word.\nSentence: ""A toucan is a ___."" Completed sentence: A toucan is a"	fruit	-6.177518	Ġfruit	['bird', '___', '(', '**', 'M']	aff	neg
"Complete the sentence below with only one category word.\nSentence: ""A toucan is not a ___."" Completed sentence: A toucan is not a"	fruit	-5.5317173	Ġfruit	['bird', '___', 'mamm', '(', '______']	neg	neg
"Complete the sentence below with only one category word.\nSentence: ""A toucan is not a ___."" Completed sentence: A toucan is not a"	bird	-0.42588234	Ġbird	['bird', '___', 'mamm', '(', '______']	neg	aff
"Complete the sentence below with only one category word.\nSentence: ""A koi is a ___."" Completed sentence: A koi is a"	fish	-0.6836567	Ġfish	['fish', '___', 'living', '(', '\\']	aff	aff
"Complete the sentence below with only one category word.\nSentence: ""A koi is a ___."" Completed sentence: A koi is a"	plant	-5.3091335	Ġplant	['fish', '___', 'living', '(', '\\']	aff	neg
"Complete the sentence below with only one category word.\nSentence: ""A koi is not a ___."" Completed sentence: A koi is not a"	plant	-3.7968845	Ġplant	['fish', '___', '(', 'verte', 'mamm']	neg	neg
"Complete the sentence below with only one category word.\nSentence: ""A koi is not a ___."" Completed sentence: A koi is not a"	fish	-0.64889526	Ġfish	['fish', '___', '(', 'verte', 'mamm']	neg	aff
"Complete the sentence below with only one category word.\nSentence: ""A brush is a ___."" Completed sentence: A brush is a"	tool	-0.50917435	Ġtool	['tool', 'TOOL', '**', 'utens', '\\']	aff	aff
"Complete the sentence below with only one category word.\nSentence: ""A brush is a ___."" Completed sentence: A brush is a"	toy	-8.651076	Ġtoy	['tool', 'TOOL', '**', 'utens', '\\']	aff	neg
"Complete the sentence below with only one category word.\nSentence: ""A brush is not a ___."" Completed sentence: A brush is not a"	toy	-5.5491486	Ġtoy	['tool', 'utens', 'TOOL', '___', '(']	neg	neg
"Complete the sentence below with only one category word.\nSentence: ""A brush is not a ___."" Completed sentence: A brush is not a"	tool	-0.45907974	Ġtool	['tool', 'utens', 'TOOL', '___', '(']	neg	aff
"Complete the sentence below with only one category word.\nSentence: ""A wheelbarrow is a ___."" Completed sentence: A wheelbarrow is a"	vehicle	-3.5263195	Ġvehicle	['tool', 'TOOL', '\\', 'transportation', '**']	aff	aff
"Complete the sentence below with only one category word.\nSentence: ""A wheelbarrow is a ___."" Completed sentence: A wheelbarrow is a"	flower	-14.5966015	Ġflower	['tool', 'TOOL', '\\', 'transportation', '**']	aff	neg
"Complete the sentence below with only one category word.\nSentence: ""A wheelbarrow is not a ___."" Completed sentence: A wheelbarrow is not a"	flower	-11.840373	Ġflower	['tool', 'vehicle', 'machine', '(', '\\']	neg	neg
"Complete the sentence below with only one category word.\nSentence: ""A wheelbarrow is not a ___."" Completed sentence: A wheelbarrow is not a"	vehicle	-1.697176	Ġvehicle	['tool', 'vehicle', 'machine', '(', '\\']	neg	aff
"Complete the sentence below with only one category word.\nSentence: ""A unicycle is a ___."" Completed sentence: A unicycle is a"	vehicle	-1.720047	Ġvehicle	['vehicle', 'toy', 'two', '**', 'transportation']	aff	aff
"Complete the sentence below with only one category word.\nSentence: ""A unicycle is a ___."" Completed sentence: A unicycle is a"	flower	-14.538041	Ġflower	['vehicle', 'toy', 'two', '**', 'transportation']	aff	neg
"Complete the sentence below with only one category word.\nSentence: ""A unicycle is not a ___."" Completed sentence: A unicycle is not a"	flower	-12.828661	Ġflower	['vehicle', 'bicycle', 'two', '(', 'toy']	neg	neg
"Complete the sentence below with only one category word.\nSentence: ""A unicycle is not a ___."" Completed sentence: A unicycle is not a"	vehicle	-1.0813084	Ġvehicle	['vehicle', 'bicycle', 'two', '(', 'toy']	neg	aff
"Complete the sentence below with only one category word.\nSentence: ""A bike is a ___."" Completed sentence: A bike is a"	machine	-3.6789246	Ġmachine	['transportation', 'vehicle', 'mode', 'two', 'transport']	aff	aff
"Complete the sentence below with only one category word.\nSentence: ""A bike is a ___."" Completed sentence: A bike is a"	flower	-16.78717	Ġflower	['transportation', 'vehicle', 'mode', 'two', 'transport']	aff	neg
"Complete the sentence below with only one category word.\nSentence: ""A bike is not a ___."" Completed sentence: A bike is not a"	flower	-11.749558	Ġflower	['vehicle', 'tool', 'machine', 'car', '(']	neg	neg
"Complete the sentence below with only one category word.\nSentence: ""A bike is not a ___."" Completed sentence: A bike is not a"	machine	-2.4715023	Ġmachine	['vehicle', 'tool', 'machine', 'car', '(']	neg	aff
"Complete the sentence below with only one category word.\nSentence: ""A skateboard is a ___."" Completed sentence: A skateboard is a"	vehicle	-3.64073	Ġvehicle	['tool', 'toy', 'sports', 'sport', '**']	aff	aff
"Complete the sentence below with only one category word.\nSentence: ""A skateboard is a ___."" Completed sentence: A skateboard is a"	flower	-17.481777	Ġflower	['tool', 'toy', 'sports', 'sport', '**']	aff	neg
"Complete the sentence below with only one category word.\nSentence: ""A skateboard is not a ___."" Completed sentence: A skateboard is not a"	flower	-13.611852	Ġflower	['tool', 'toy', 'vehicle', 'machine', 'TOOL']	neg	neg
"Complete the sentence below with only one category word.\nSentence: ""A skateboard is not a ___."" Completed sentence: A skateboard is not a"	vehicle	-1.9749355	Ġvehicle	['tool', 'toy', 'vehicle', 'machine', 'TOOL']	neg	aff
"Complete the sentence below with only one category word.\nSentence: ""A stroller is a ___."" Completed sentence: A stroller is a"	vehicle	-2.9722767	Ġvehicle	['transportation', 'baby', 'mobility', 'vehicle', '**']	aff	aff
"Complete the sentence below with only one category word.\nSentence: ""A stroller is a ___."" Completed sentence: A stroller is a"	flower	-15.74778	Ġflower	['transportation', 'baby', 'mobility', 'vehicle', '**']	aff	neg
"Complete the sentence below with only one category word.\nSentence: ""A stroller is not a ___."" Completed sentence: A stroller is not a"	flower	-12.2189245	Ġflower	['vehicle', 'toy', 'tool', '(', '\\']	neg	neg
"Complete the sentence below with only one category word.\nSentence: ""A stroller is not a ___."" Completed sentence: A stroller is not a"	vehicle	-1.1385193	Ġvehicle	['vehicle', 'toy', 'tool', '(', '\\']	neg	aff
"Complete the sentence below with only one category word.\nSentence: ""A wagon is a ___."" Completed sentence: A wagon is a"	vehicle	-1.0920315	Ġvehicle	['vehicle', 'transportation', 'tool', 'transport', 'mode']	aff	aff
"Complete the sentence below with only one category word.\nSentence: ""A wagon is a ___."" Completed sentence: A wagon is a"	flower	-15.121524	Ġflower	['vehicle', 'transportation', 'tool', 'transport', 'mode']	aff	neg
"Complete the sentence below with only one category word.\nSentence: ""A wagon is not a ___."" Completed sentence: A wagon is not a"	flower	-11.532343	Ġflower	['vehicle', 'tool', 'car', 'machine', '\\']	neg	neg
"Complete the sentence below with only one category word.\nSentence: ""A wagon is not a ___."" Completed sentence: A wagon is not a"	vehicle	-0.82668495	Ġvehicle	['vehicle', 'tool', 'car', 'machine', '\\']	neg	aff
"Complete the sentence below with only one category word.\nSentence: ""A corporation is a ___."" Completed sentence: A corporation is a"	business	-1.1266956	Ġbusiness	['legal', 'business', 'for', '**', '(']	aff	aff
"Complete the sentence below with only one category word.\nSentence: ""A corporation is a ___."" Completed sentence: A corporation is a"	toy	-15.112339	Ġtoy	['legal', 'business', 'for', '**', '(']	aff	neg
"Complete the sentence below with only one category word.\nSentence: ""A corporation is not a ___."" Completed sentence: A corporation is not a"	toy	-11.182061	Ġtoy	['legal', '(', 'living', 'person', 'business']	neg	neg
"Complete the sentence below with only one category word.\nSentence: ""A corporation is not a ___."" Completed sentence: A corporation is not a"	business	-3.0863152	Ġbusiness	['legal', '(', 'living', 'person', 'business']	neg	aff
"Complete the sentence below with only one category word.\nSentence: ""A camera is a ___."" Completed sentence: A camera is a"	device	-2.8809738	Ġdevice	['tool', '**', 'device', 'technological', '\\']	aff	aff
"Complete the sentence below with only one category word.\nSentence: ""A camera is a ___."" Completed sentence: A camera is a"	plant	-10.68437	Ġplant	['tool', '**', 'device', 'technological', '\\']	aff	neg
"Complete the sentence below with only one category word.\nSentence: ""A camera is not a ___."" Completed sentence: A camera is not a"	plant	-7.525798	Ġplant	['tool', 'machine', 'TOOL', '(', '\\']	neg	neg
"Complete the sentence below with only one category word.\nSentence: ""A camera is not a ___."" Completed sentence: A camera is not a"	device	-3.983183	Ġdevice	['tool', 'machine', 'TOOL', '(', '\\']	neg	aff
"Complete the sentence below with only one category word.\nSentence: ""A chainsaw is a ___."" Completed sentence: A chainsaw is a"	tool	-0.6847763	Ġtool	['tool', 'TOOL', 'power', 'machine', 'cutting']	aff	aff
"Complete the sentence below with only one category word.\nSentence: ""A chainsaw is a ___."" Completed sentence: A chainsaw is a"	toy	-8.94107	Ġtoy	['tool', 'TOOL', 'power', 'machine', 'cutting']	aff	neg
"Complete the sentence below with only one category word.\nSentence: ""A chainsaw is not a ___."" Completed sentence: A chainsaw is not a"	toy	-3.9543629	Ġtoy	['tool', 'TOOL', 'machine', 'weapon', '(']	neg	neg
"Complete the sentence below with only one category word.\nSentence: ""A chainsaw is not a ___."" Completed sentence: A chainsaw is not a"	tool	-0.712698	Ġtool	['tool', 'TOOL', 'machine', 'weapon', '(']	neg	aff
"Complete the sentence below with only one category word.\nSentence: ""A bobcat is a ___."" Completed sentence: A bobcat is a"	carnivore	-2.3104782	Ġcarniv	['mamm', 'M', 'carniv', 'f', 'small']	aff	aff
"Complete the sentence below with only one category word.\nSentence: ""A bobcat is a ___."" Completed sentence: A bobcat is a"	plant	-9.45583	Ġplant	['mamm', 'M', 'carniv', 'f', 'small']	aff	neg
"Complete the sentence below with only one category word.\nSentence: ""A bobcat is not a ___."" Completed sentence: A bobcat is not a"	plant	-6.713238	Ġplant	['mamm', 'domestic', '___', 'carniv', '______']	neg	neg
"Complete the sentence below with only one category word.\nSentence: ""A bobcat is not a ___."" Completed sentence: A bobcat is not a"	carnivore	-3.217474	Ġcarniv	['mamm', 'domestic', '___', 'carniv', '______']	neg	aff
"Complete the sentence below with only one category word.\nSentence: ""A tractor is a ___."" Completed sentence: A tractor is a"	machine	-1.2038937	Ġmachine	['machine', 'farm', 'vehicle', 'farming', 'mechanical']	aff	aff
"Complete the sentence below with only one category word.\nSentence: ""A tractor is an ___."" Completed sentence: A tractor is an"	animal	-4.8062725	Ġanimal	['agricultural', 'engine', 'industrial', '**', '(']	aff	neg
"Complete the sentence below with only one category word.\nSentence: ""A tractor is not an ___."" Completed sentence: A tractor is not an"	animal	-1.1249924	Ġanimal	['animal', 'engine', 'automobile', 'agricultural', '\\']	neg	neg
"Complete the sentence below with only one category word.\nSentence: ""A tractor is not a ___."" Completed sentence: A tractor is not a"	machine	-2.1249962	Ġmachine	['vehicle', 'machine', 'tool', '\\', '(']	neg	aff
"Complete the sentence below with only one category word.\nSentence: ""A camel is a ___."" Completed sentence: A camel is a"	mammals	-3.622219	ĠM	['mamm', '___', '__', 'domestic', '\\']	aff	aff
"Complete the sentence below with only one category word.\nSentence: ""A camel is a ___."" Completed sentence: A camel is a"	reptile	-6.7597017	Ġrept	['mamm', '___', '__', 'domestic', '\\']	aff	neg
"Complete the sentence below with only one category word.\nSentence: ""A camel is not a ___."" Completed sentence: A camel is not a"	reptile	-5.144476	Ġrept	['mamm', '___', 'domestic', 'bird', '(']	neg	neg
"Complete the sentence below with only one category word.\nSentence: ""A camel is not a ___."" Completed sentence: A camel is not a"	mammals	-4.140257	ĠM	['mamm', '___', 'domestic', 'bird', '(']	neg	aff
"Complete the sentence below with only one category word.\nSentence: ""An apartment is a ___."" Completed sentence: An apartment is a"	house	-4.1794147	Ġhouse	['living', 'place', 'dwelling', 'home', 'residential']	aff	aff
"Complete the sentence below with only one category word.\nSentence: ""An apartment is a ___."" Completed sentence: An apartment is a"	plant	-12.30828	Ġplant	['living', 'place', 'dwelling', 'home', 'residential']	aff	neg
"Complete the sentence below with only one category word.\nSentence: ""An apartment is not a ___."" Completed sentence: An apartment is not a"	plant	-8.728538	Ġplant	['house', 'home', 'dwelling', 'building', '___']	neg	neg
"Complete the sentence below with only one category word.\nSentence: ""An apartment is not a ___."" Completed sentence: An apartment is not a"	house	-1.962595	Ġhouse	['house', 'home', 'dwelling', 'building', '___']	neg	aff
