context	target	target_logprob	best_target_variation	tokens	ctx_polarity	tgt_polarity
"Complete the sentence below with only one category word.\nSentence: ""A cat is an ___."" Completed sentence: A cat is an"	animal	-0.73096275	▁animal	['animal', '___', '____', '__', '_______']	aff	aff
"Complete the sentence below with only one category word.\nSentence: ""A cat is a ___."" Completed sentence: A cat is a"	machine	-11.062136	▁machine	['___', 'mammal', '____', '__', 'pet']	aff	neg
"Complete the sentence below with only one category word.\nSentence: ""A cat is not a ___."" Completed sentence: A cat is not a"	machine	-9.199043	▁machine	['___', '____', 'mammal', '__', '(']	neg	neg
"Complete the sentence below with only one category word.\nSentence: ""A cat is not an ___."" Completed sentence: A cat is not an"	animal	-1.0231133	▁animal	['animal', '___', '____', '__', '_______']	neg	aff
"Complete the sentence below with only one category word.\nSentence: ""A computer is a ___."" Completed sentence: A computer is a"	machine	-3.6123028	▁machine	['___', '(', '____', '__', 'tool']	aff	aff
"Complete the sentence below with only one category word.\nSentence: ""A computer is a ___."" Completed sentence: A computer is a"	person	-7.10515	▁person	['___', '(', '____', '__', 'tool']	aff	neg
"Complete the sentence below with only one category word.\nSentence: ""A computer is not a ___."" Completed sentence: A computer is not a"	person	-4.95125	▁person	['___', '____', '(', '__', '\\']	neg	neg
"Complete the sentence below with only one category word.\nSentence: ""A computer is not a ___."" Completed sentence: A computer is not a"	machine	-4.249462	▁machine	['___', '____', '(', '__', '\\']	neg	aff
"Complete the sentence below with only one category word.\nSentence: ""A book is a ___."" Completed sentence: A book is a"	text	-4.317768	▁text	['___', '____', '(', '__', '______']	aff	aff
"Complete the sentence below with only one category word.\nSentence: ""A book is a ___."" Completed sentence: A book is a"	person	-7.1120434	▁person	['___', '____', '(', '__', '______']	aff	neg
"Complete the sentence below with only one category word.\nSentence: ""A book is not a ___."" Completed sentence: A book is not a"	person	-6.1088486	▁person	['___', '____', '______', '(', '__']	neg	neg
"Complete the sentence below with only one category word.\nSentence: ""A book is not a ___."" Completed sentence: A book is not a"	text	-5.4939537	▁text	['___', '____', '______', '(', '__']	neg	aff
"Complete the sentence below with only one category word.\nSentence: ""A dog is an ___."" Completed sentence: A dog is an"	animal	-0.92944527	▁animal	['animal', '___', '____', '__', '_______']	aff	aff
"Complete the sentence below with only one category word.\nSentence: ""A dog is a ___."" Completed sentence: A dog is a"	plant	-9.00042	▁plant	['___', '____', 'pet', 'mammal', '__']	aff	neg
"Complete the sentence below with only one category word.\nSentence: ""A dog is not a ___."" Completed sentence: A dog is not a"	plant	-6.8187256	▁plant	['___', '____', '__', '(', 'pet']	neg	neg
"Complete the sentence below with only one category word.\nSentence: ""A dog is not an ___."" Completed sentence: A dog is not an"	animal	-1.2314835	▁animal	['animal', '___', '____', '__', '_______']	neg	aff
"Complete the sentence below with only one category word.\nSentence: ""A monkey is an ___."" Completed sentence: A monkey is an"	animal	-0.84955406	▁animal	['animal', '__', '___', '____', '___']	aff	aff
"Complete the sentence below with only one category word.\nSentence: ""A monkey is a ___."" Completed sentence: A monkey is a"	toy	-9.993418	▁toy	['mammal', '___', '__', 'primate', '____']	aff	neg
"Complete the sentence below with only one category word.\nSentence: ""A monkey is not a ___."" Completed sentence: A monkey is not a"	toy	-8.550491	▁toy	['___', 'mammal', '____', '__', '(']	neg	neg
"Complete the sentence below with only one category word.\nSentence: ""A monkey is not an ___."" Completed sentence: A monkey is not an"	animal	-1.0655079	▁animal	['animal', '___', '__', '____', '_______']	neg	aff
"Complete the sentence below with only one category word.\nSentence: ""A rabbit is an ___."" Completed sentence: A rabbit is an"	animal	-0.6980572	▁animal	['animal', '___', '__', 'mammal', '____']	aff	aff
"Complete the sentence below with only one category word.\nSentence: ""A rabbit is a ___."" Completed sentence: A rabbit is a"	plant	-7.3596	▁plant	['mammal', '___', '__', '____', 'animal']	aff	neg
"Complete the sentence below with only one category word.\nSentence: ""A rabbit is not a ___."" Completed sentence: A rabbit is not a"	plant	-5.782095	▁plant	['mammal', '___', '____', '__', '(']	neg	neg
"Complete the sentence below with only one category word.\nSentence: ""A rabbit is not an ___."" Completed sentence: A rabbit is not an"	animal	-1.0130501	▁animal	['animal', '___', '__', '____', 'mammal']	neg	aff
"Complete the sentence below with only one category word.\nSentence: ""A human is a ___."" Completed sentence: A human is a"	mammal	-2.4045353	▁mammal	['mammal', '___', '(', '__', '_______']	aff	aff
"Complete the sentence below with only one category word.\nSentence: ""A human is a ___."" Completed sentence: A human is a"	device	-11.527219	▁device	['mammal', '___', '(', '__', '_______']	aff	neg
"Complete the sentence below with only one category word.\nSentence: ""A human is not a ___."" Completed sentence: A human is not a"	device	-9.883474	▁device	['___', '____', '(', '__', '_______']	neg	neg
"Complete the sentence below with only one category word.\nSentence: ""A human is not a ___."" Completed sentence: A human is not a"	mammal	-3.5996819	▁mammal	['___', '____', '(', '__', '_______']	neg	aff
"Complete the sentence below with only one category word.\nSentence: ""A laptop is a ___."" Completed sentence: A laptop is a"	device	-3.4830837	▁device	['___', 'portable', '____', '(', '__']	aff	aff
"Complete the sentence below with only one category word.\nSentence: ""A laptop is a ___."" Completed sentence: A laptop is a"	toy	-8.932186	▁toy	['___', 'portable', '____', '(', '__']	aff	neg
"Complete the sentence below with only one category word.\nSentence: ""A laptop is not a ___."" Completed sentence: A laptop is not a"	toy	-7.218813	▁toy	['___', '____', '(', 'computer', '__']	neg	neg
"Complete the sentence below with only one category word.\nSentence: ""A laptop is not a ___."" Completed sentence: A laptop is not a"	device	-4.2636375	▁device	['___', '____', '(', 'computer', '__']	neg	aff
"Complete the sentence below with only one category word.\nSentence: ""An earphone is a ___."" Completed sentence: An earphone is a"	device	-4.033119	▁device	['___', '____', '(', '__', '(']	aff	aff
"Complete the sentence below with only one category word.\nSentence: ""An earphone is a ___."" Completed sentence: An earphone is a"	toy	-9.324867	▁toy	['___', '____', '(', '__', '(']	aff	neg
"Complete the sentence below with only one category word.\nSentence: ""An earphone is not a ___."" Completed sentence: An earphone is not a"	toy	-7.4098797	▁toy	['___', '____', '(', '__', '$\\']	neg	neg
"Complete the sentence below with only one category word.\nSentence: ""An earphone is not a ___."" Completed sentence: An earphone is not a"	device	-5.1758156	▁device	['___', '____', '(', '__', '$\\']	neg	aff
"Complete the sentence below with only one category word.\nSentence: ""A book is a ___."" Completed sentence: A book is a"	creation	-9.357702	▁creation	['___', '____', '(', '__', '______']	aff	aff
"Complete the sentence below with only one category word.\nSentence: ""A book is an ___."" Completed sentence: A book is an"	utensil	-15.945705	▁utens	['___', '__', '____', '______', '________']	aff	neg
"Complete the sentence below with only one category word.\nSentence: ""A book is not an ___."" Completed sentence: A book is not an"	utensil	-14.2767515	▁utens	['___', '____', '__', 'object', '_______']	neg	neg
"Complete the sentence below with only one category word.\nSentence: ""A book is not a ___."" Completed sentence: A book is not a"	creation	-10.487704	▁creation	['___', '____', '______', '(', '__']	neg	aff
"Complete the sentence below with only one category word.\nSentence: ""A house is a ___."" Completed sentence: A house is a"	building	-3.4119968	▁building	['___', '____', '__', '(', 'building']	aff	aff
"Complete the sentence below with only one category word.\nSentence: ""A house is a ___."" Completed sentence: A house is a"	plant	-9.2786045	▁plant	['___', '____', '__', '(', 'building']	aff	neg
"Complete the sentence below with only one category word.\nSentence: ""A house is not a ___."" Completed sentence: A house is not a"	plant	-8.188467	▁plant	['___', '____', 'home', '_______', '$\\']	neg	neg
"Complete the sentence below with only one category word.\nSentence: ""A house is not a ___."" Completed sentence: A house is not a"	building	-5.0017147	▁building	['___', '____', 'home', '_______', '$\\']	neg	aff
"Complete the sentence below with only one category word.\nSentence: ""A school is a ___."" Completed sentence: A school is a"	building	-5.0795803	▁building	['(', '___', '____', '__', 'place']	aff	aff
"Complete the sentence below with only one category word.\nSentence: ""A school is a ___."" Completed sentence: A school is a"	toy	-12.704004	▁toy	['(', '___', '____', '__', 'place']	aff	neg
"Complete the sentence below with only one category word.\nSentence: ""A school is not a ___."" Completed sentence: A school is not a"	toy	-8.8210125	▁toy	['____', '___', '_______', '(', '\\']	neg	neg
"Complete the sentence below with only one category word.\nSentence: ""A school is not a ___."" Completed sentence: A school is not a"	building	-5.4384937	▁building	['____', '___', '_______', '(', '\\']	neg	aff
"Complete the sentence below with only one category word.\nSentence: ""A phone is a ___."" Completed sentence: A phone is a"	device	-3.2738914	▁device	['___', '____', '(', 'device', '__']	aff	aff
"Complete the sentence below with only one category word.\nSentence: ""A phone is a ___."" Completed sentence: A phone is a"	rock	-11.522491	▁rock	['___', '____', '(', 'device', '__']	aff	neg
"Complete the sentence below with only one category word.\nSentence: ""A phone is not a ___."" Completed sentence: A phone is not a"	rock	-9.288067	▁rock	['___', '____', '(', '__', '\\']	neg	neg
"Complete the sentence below with only one category word.\nSentence: ""A phone is not a ___."" Completed sentence: A phone is not a"	device	-4.608433	▁device	['___', '____', '(', '__', '\\']	neg	aff
"Complete the sentence below with only one category word.\nSentence: ""A fork is an ___."" Completed sentence: A fork is an"	utensil	-2.3079586	▁utens	['___', 'object', 'utens', '__', '____']	aff	aff
"Complete the sentence below with only one category word.\nSentence: ""A fork is a ___."" Completed sentence: A fork is a"	knife	-6.7114124	▁knife	['tool', 'utens', '___', 'noun', 'kitchen']	aff	neg
"Complete the sentence below with only one category word.\nSentence: ""A fork is not a ___."" Completed sentence: A fork is not a"	knife	-6.9367657	▁knife	['___', '____', 'tool', '(', 'noun']	neg	neg
"Complete the sentence below with only one category word.\nSentence: ""A fork is not an ___."" Completed sentence: A fork is not an"	utensil	-4.8519173	▁utens	['___', 'object', '____', '__', '$\\']	neg	aff
"Complete the sentence below with only one category word.\nSentence: ""A knife is a ___."" Completed sentence: A knife is a"	tool	-1.7007179	▁tool	['___', 'tool', '____', 'noun', 'kitchen']	aff	aff
"Complete the sentence below with only one category word.\nSentence: ""A knife is a ___."" Completed sentence: A knife is a"	fruit	-9.357388	▁fruit	['___', 'tool', '____', 'noun', 'kitchen']	aff	neg
"Complete the sentence below with only one category word.\nSentence: ""A knife is not a ___."" Completed sentence: A knife is not a"	fruit	-6.649925	▁fruit	['___', '____', 'tool', '(', '______']	neg	neg
"Complete the sentence below with only one category word.\nSentence: ""A knife is not a ___."" Completed sentence: A knife is not a"	tool	-2.589079	▁tool	['___', '____', 'tool', '(', '______']	neg	aff
"Complete the sentence below with only one category word.\nSentence: ""A boat is a ___."" Completed sentence: A boat is a"	vehicle	-2.6765518	▁vehicle	['___', 'vehicle', '____', 'noun', 'water']	aff	aff
"Complete the sentence below with only one category word.\nSentence: ""A boat is a ___."" Completed sentence: A boat is a"	mammal	-8.739481	▁mammal	['___', 'vehicle', '____', 'noun', 'water']	aff	neg
"Complete the sentence below with only one category word.\nSentence: ""A boat is not a ___."" Completed sentence: A boat is not a"	mammal	-7.049986	▁mammal	['___', '____', '$\\', '(', '_______']	neg	neg
"Complete the sentence below with only one category word.\nSentence: ""A boat is not a ___."" Completed sentence: A boat is not a"	vehicle	-3.2788353	▁vehicle	['___', '____', '$\\', '(', '_______']	neg	aff
"Complete the sentence below with only one category word.\nSentence: ""A grape is a ___."" Completed sentence: A grape is a"	fruit	-0.51655006	▁fruit	['fruit', '___', '__', '(', '____']	aff	aff
"Complete the sentence below with only one category word.\nSentence: ""A grape is a ___."" Completed sentence: A grape is a"	vegetable	-4.259922	▁vegetable	['fruit', '___', '__', '(', '____']	aff	neg
"Complete the sentence below with only one category word.\nSentence: ""A grape is not a ___."" Completed sentence: A grape is not a"	vegetable	-2.5561523	▁vegetable	['fruit', '___', 'vegetable', '____', '(']	neg	neg
"Complete the sentence below with only one category word.\nSentence: ""A grape is not a ___."" Completed sentence: A grape is not a"	fruit	-0.9131241	▁fruit	['fruit', '___', 'vegetable', '____', '(']	neg	aff
"Complete the sentence below with only one category word.\nSentence: ""A pigeon is a ___."" Completed sentence: A pigeon is a"	bird	-1.2613716	▁bird	['bird', '___', '____', '(', 'type']	aff	aff
"Complete the sentence below with only one category word.\nSentence: ""A pigeon is a ___."" Completed sentence: A pigeon is a"	plant	-9.771118	▁plant	['bird', '___', '____', '(', 'type']	aff	neg
"Complete the sentence below with only one category word.\nSentence: ""A pigeon is not a ___."" Completed sentence: A pigeon is not a"	plant	-8.053385	▁plant	['___', 'bird', '____', '__', '(']	neg	neg
"Complete the sentence below with only one category word.\nSentence: ""A pigeon is not a ___."" Completed sentence: A pigeon is not a"	bird	-2.0144634	▁bird	['___', 'bird', '____', '__', '(']	neg	aff
"Complete the sentence below with only one category word.\nSentence: ""A spoon is an ___."" Completed sentence: A spoon is an"	utensil	-3.3742466	▁utens	['___', 'object', '____', 'example', '__']	aff	aff
"Complete the sentence below with only one category word.\nSentence: ""A spoon is a ___."" Completed sentence: A spoon is a"	reptile	-15.010819	▁reptile	['tool', '___', 'utens', '____', 'kitchen']	aff	neg
"Complete the sentence below with only one category word.\nSentence: ""A spoon is not a ___."" Completed sentence: A spoon is not a"	reptile	-13.158623	▁reptile	['___', '____', 'tool', '(', '$\\']	neg	neg
"Complete the sentence below with only one category word.\nSentence: ""A spoon is not an ___."" Completed sentence: A spoon is not an"	utensil	-5.342945	▁utens	['___', 'object', '____', '__', '$\\']	neg	aff
"Complete the sentence below with only one category word.\nSentence: ""A person is a ___."" Completed sentence: A person is a"	mammal	-5.8349743	▁mammal	['___', '____', 'human', '(', '_______']	aff	aff
"Complete the sentence below with only one category word.\nSentence: ""A person is a ___."" Completed sentence: A person is a"	reptile	-10.434797	▁reptile	['___', '____', 'human', '(', '_______']	aff	neg
"Complete the sentence below with only one category word.\nSentence: ""A person is not a ___."" Completed sentence: A person is not a"	reptile	-9.564211	▁reptile	['____', '___', '(', '_______', '________']	neg	neg
"Complete the sentence below with only one category word.\nSentence: ""A person is not a ___."" Completed sentence: A person is not a"	mammal	-7.15987	▁mammal	['____', '___', '(', '_______', '________']	neg	aff
"Complete the sentence below with only one category word.\nSentence: ""A fig is a ___."" Completed sentence: A fig is a"	tree	-5.7838497	▁tree	['fruit', '___', '$\\', '__', '________']	aff	aff
"Complete the sentence below with only one category word.\nSentence: ""A fig is a ___."" Completed sentence: A fig is a"	mineral	-12.898486	▁mineral	['fruit', '___', '$\\', '__', '________']	aff	neg
"Complete the sentence below with only one category word.\nSentence: ""A fig is not a ___."" Completed sentence: A fig is not a"	mineral	-10.2590885	▁mineral	['fruit', '___', '____', '__', '$\\']	neg	neg
"Complete the sentence below with only one category word.\nSentence: ""A fig is not a ___."" Completed sentence: A fig is not a"	tree	-6.1142387	▁tree	['fruit', '___', '____', '__', '$\\']	neg	aff
"Complete the sentence below with only one category word.\nSentence: ""A rock is a ___."" Completed sentence: A rock is a"	mineral	-2.6722736	▁mineral	['___', '__', 'natural', '____', 'mineral']	aff	aff
"Complete the sentence below with only one category word.\nSentence: ""A rock is a ___."" Completed sentence: A rock is a"	vegetable	-10.020667	▁vegetable	['___', '__', 'natural', '____', 'mineral']	aff	neg
"Complete the sentence below with only one category word.\nSentence: ""A rock is not a ___."" Completed sentence: A rock is not a"	vegetable	-6.6869926	▁vegetable	['___', '____', '__', '(', '________']	neg	neg
"Complete the sentence below with only one category word.\nSentence: ""A rock is not a ___."" Completed sentence: A rock is not a"	mineral	-3.9814415	▁mineral	['___', '____', '__', '(', '________']	neg	aff
"Complete the sentence below with only one category word.\nSentence: ""A book is a ___."" Completed sentence: A book is a"	publication	-6.4888077	▁publication	['___', '____', '(', '__', '______']	aff	aff
"Complete the sentence below with only one category word.\nSentence: ""A book is a ___."" Completed sentence: A book is a"	mammal	-12.78561	▁mammal	['___', '____', '(', '__', '______']	aff	neg
"Complete the sentence below with only one category word.\nSentence: ""A book is not a ___."" Completed sentence: A book is not a"	mammal	-10.621967	▁mammal	['___', '____', '______', '(', '__']	neg	neg
"Complete the sentence below with only one category word.\nSentence: ""A book is not a ___."" Completed sentence: A book is not a"	publication	-7.8690205	▁publication	['___', '____', '______', '(', '__']	neg	aff
"Complete the sentence below with only one category word.\nSentence: ""A bee is an ___."" Completed sentence: A bee is an"	insect	-0.9456291	▁insect	['insect', 'animal', '___', '__', 'invertebrate']	aff	aff
"Complete the sentence below with only one category word.\nSentence: ""A bee is a ___."" Completed sentence: A bee is a"	mammal	-5.3682156	▁mammal	['noun', '___', '(', 'insect', 'living']	aff	neg
"Complete the sentence below with only one category word.\nSentence: ""A bee is not a ___."" Completed sentence: A bee is not a"	mammal	-3.8525276	▁mammal	['___', '____', '__', '(', '$\\']	neg	neg
"Complete the sentence below with only one category word.\nSentence: ""A bee is not an ___."" Completed sentence: A bee is not an"	insect	-1.678215	▁insect	['animal', 'insect', '___', '__', '____']	neg	aff
"Complete the sentence below with only one category word.\nSentence: ""A cat is a ___."" Completed sentence: A cat is a"	mammal	-2.0480614	▁mammal	['___', 'mammal', '____', '__', 'pet']	aff	aff
"Complete the sentence below with only one category word.\nSentence: ""A cat is a ___."" Completed sentence: A cat is a"	reptile	-7.159214	▁reptile	['___', 'mammal', '____', '__', 'pet']	aff	neg
"Complete the sentence below with only one category word.\nSentence: ""A cat is not a ___."" Completed sentence: A cat is not a"	reptile	-5.999069	▁reptile	['___', '____', 'mammal', '__', '(']	neg	neg
"Complete the sentence below with only one category word.\nSentence: ""A cat is not a ___."" Completed sentence: A cat is not a"	mammal	-2.839819	▁mammal	['___', '____', 'mammal', '__', '(']	neg	aff
"Complete the sentence below with only one category word.\nSentence: ""A snake is a ___."" Completed sentence: A snake is a"	reptile	-1.155447	▁reptile	['reptile', '___', '____', 'vertebrate', '(']	aff	aff
"Complete the sentence below with only one category word.\nSentence: ""A snake is a ___."" Completed sentence: A snake is a"	mammal	-4.3218307	▁mammal	['reptile', '___', '____', 'vertebrate', '(']	aff	neg
"Complete the sentence below with only one category word.\nSentence: ""A snake is not a ___."" Completed sentence: A snake is not a"	mammal	-3.0427418	▁mammal	['___', '____', 'reptile', '(', 'mammal']	neg	neg
"Complete the sentence below with only one category word.\nSentence: ""A snake is not a ___."" Completed sentence: A snake is not a"	reptile	-2.576828	▁reptile	['___', '____', 'reptile', '(', 'mammal']	neg	aff
"Complete the sentence below with only one category word.\nSentence: ""A donkey is an ___."" Completed sentence: A donkey is an"	animal	-0.7159977	▁animal	['animal', '___', '____', '__', '___']	aff	aff
"Complete the sentence below with only one category word.\nSentence: ""A donkey is a ___."" Completed sentence: A donkey is a"	person	-7.6275806	▁person	['___', 'mammal', '____', 'noun', '(']	aff	neg
"Complete the sentence below with only one category word.\nSentence: ""A donkey is not a ___."" Completed sentence: A donkey is not a"	person	-6.022873	▁person	['___', '____', 'mammal', '______', '__']	neg	neg
"Complete the sentence below with only one category word.\nSentence: ""A donkey is not an ___."" Completed sentence: A donkey is not an"	animal	-0.8467388	▁animal	['animal', '___', '____', '__', '_______']	neg	aff
"Complete the sentence below with only one category word.\nSentence: ""A squirrel is an ___."" Completed sentence: A squirrel is an"	animal	-1.0202065	▁animal	['animal', '___', '__', '____', '___']	aff	aff
"Complete the sentence below with only one category word.\nSentence: ""A squirrel is a ___."" Completed sentence: A squirrel is a"	mineral	-10.735648	▁mineral	['mammal', '___', '__', '____', '(']	aff	neg
"Complete the sentence below with only one category word.\nSentence: ""A squirrel is not a ___."" Completed sentence: A squirrel is not a"	mineral	-9.83284	▁mineral	['___', '____', 'mammal', '__', '(']	neg	neg
"Complete the sentence below with only one category word.\nSentence: ""A squirrel is not an ___."" Completed sentence: A squirrel is not an"	animal	-1.1323032	▁animal	['animal', '___', '__', '____', 'mammal']	neg	aff
"Complete the sentence below with only one category word.\nSentence: ""A cobra is a ___."" Completed sentence: A cobra is a"	reptile	-1.9292374	▁reptile	['snake', 'reptile', '___', '(', '____']	aff	aff
"Complete the sentence below with only one category word.\nSentence: ""A cobra is a ___."" Completed sentence: A cobra is a"	mineral	-11.617325	▁mineral	['snake', 'reptile', '___', '(', '____']	aff	neg
"Complete the sentence below with only one category word.\nSentence: ""A cobra is not a ___."" Completed sentence: A cobra is not a"	mineral	-9.120066	▁mineral	['___', 'reptile', '____', 'snake', '(']	neg	neg
"Complete the sentence below with only one category word.\nSentence: ""A cobra is not a ___."" Completed sentence: A cobra is not a"	reptile	-2.3192043	▁reptile	['___', 'reptile', '____', 'snake', '(']	neg	aff
"Complete the sentence below with only one category word.\nSentence: ""A turtle is a ___."" Completed sentence: A turtle is a"	reptile	-1.4441719	▁reptile	['reptile', '___', 'vertebrate', '(', '____']	aff	aff
"Complete the sentence below with only one category word.\nSentence: ""A turtle is a ___."" Completed sentence: A turtle is a"	bird	-7.062361	▁bird	['reptile', '___', 'vertebrate', '(', '____']	aff	neg
"Complete the sentence below with only one category word.\nSentence: ""A turtle is not a ___."" Completed sentence: A turtle is not a"	bird	-4.4755116	▁bird	['___', '____', 'mammal', '__', '(']	neg	neg
"Complete the sentence below with only one category word.\nSentence: ""A turtle is not a ___."" Completed sentence: A turtle is not a"	reptile	-2.9685917	▁reptile	['___', '____', 'mammal', '__', '(']	neg	aff
"Complete the sentence below with only one category word.\nSentence: ""A bird is an ___."" Completed sentence: A bird is an"	animal	-0.98342896	▁animal	['animal', '___', '__', '____', '_______']	aff	aff
"Complete the sentence below with only one category word.\nSentence: ""A bird is a ___."" Completed sentence: A bird is a"	mineral	-9.307215	▁mineral	['___', '____', 'bird', '(', 'noun']	aff	neg
"Complete the sentence below with only one category word.\nSentence: ""A bird is not a ___."" Completed sentence: A bird is not a"	mineral	-7.7575035	▁mineral	['___', '____', 'bird', '$\\', '(']	neg	neg
"Complete the sentence below with only one category word.\nSentence: ""A bird is not an ___."" Completed sentence: A bird is not an"	animal	-1.276062	▁animal	['animal', '___', '____', '__', '_______']	neg	aff
"Complete the sentence below with only one category word.\nSentence: ""A car is a ___."" Completed sentence: A car is a"	vehicle	-1.9015675	▁vehicle	['___', 'vehicle', '____', 'noun', '__']	aff	aff
"Complete the sentence below with only one category word.\nSentence: ""A car is a ___."" Completed sentence: A car is a"	bush	-14.051634	▁bush	['___', 'vehicle', '____', 'noun', '__']	aff	neg
"Complete the sentence below with only one category word.\nSentence: ""A car is not a ___."" Completed sentence: A car is not a"	bush	-11.526552	▁bush	['___', '____', 'vehicle', '(', '_______']	neg	neg
"Complete the sentence below with only one category word.\nSentence: ""A car is not a ___."" Completed sentence: A car is not a"	vehicle	-2.5841007	▁vehicle	['___', '____', 'vehicle', '(', '_______']	neg	aff
"Complete the sentence below with only one category word.\nSentence: ""A rose is a ___."" Completed sentence: A rose is a"	flower	-2.0384178	▁flower	['___', 'flower', 'noun', 'plant', '____']	aff	aff
"Complete the sentence below with only one category word.\nSentence: ""A rose is a ___."" Completed sentence: A rose is a"	weed	-11.052165	▁weed	['___', 'flower', 'noun', 'plant', '____']	aff	neg
"Complete the sentence below with only one category word.\nSentence: ""A rose is not a ___."" Completed sentence: A rose is not a"	weed	-9.69729	▁weed	['___', '____', 'flower', '(', '__']	neg	neg
"Complete the sentence below with only one category word.\nSentence: ""A rose is not a ___."" Completed sentence: A rose is not a"	flower	-2.769104	▁flower	['___', '____', 'flower', '(', '__']	neg	aff
"Complete the sentence below with only one category word.\nSentence: ""A lily is a ___."" Completed sentence: A lily is a"	flower	-1.4756393	▁flower	['flower', '___', 'plant', '____', '(']	aff	aff
"Complete the sentence below with only one category word.\nSentence: ""A lily is a ___."" Completed sentence: A lily is a"	tree	-9.8294735	▁tree	['flower', '___', 'plant', '____', '(']	aff	neg
"Complete the sentence below with only one category word.\nSentence: ""A lily is not a ___."" Completed sentence: A lily is not a"	tree	-7.034792	▁tree	['___', 'flower', '____', 'plant', '(']	neg	neg
"Complete the sentence below with only one category word.\nSentence: ""A lily is not a ___."" Completed sentence: A lily is not a"	flower	-2.0444489	▁flower	['___', 'flower', '____', 'plant', '(']	neg	aff
"Complete the sentence below with only one category word.\nSentence: ""A daisy is a ___."" Completed sentence: A daisy is a"	flower	-1.3246994	▁flower	['flower', '___', '____', '________', '__']	aff	aff
"Complete the sentence below with only one category word.\nSentence: ""A daisy is a ___."" Completed sentence: A daisy is a"	tree	-11.586323	▁tree	['flower', '___', '____', '________', '__']	aff	neg
"Complete the sentence below with only one category word.\nSentence: ""A daisy is not a ___."" Completed sentence: A daisy is not a"	tree	-7.774042	▁tree	['___', 'flower', '____', 'plant', '__']	neg	neg
"Complete the sentence below with only one category word.\nSentence: ""A daisy is not a ___."" Completed sentence: A daisy is not a"	flower	-1.9895535	▁flower	['___', 'flower', '____', 'plant', '__']	neg	aff
"Complete the sentence below with only one category word.\nSentence: ""A tulip is a ___."" Completed sentence: A tulip is a"	flower	-1.6613941	▁flower	['flower', '___', 'plant', '____', '________']	aff	aff
"Complete the sentence below with only one category word.\nSentence: ""A tulip is a ___."" Completed sentence: A tulip is a"	tree	-8.309134	▁tree	['flower', '___', 'plant', '____', '________']	aff	neg
"Complete the sentence below with only one category word.\nSentence: ""A tulip is not a ___."" Completed sentence: A tulip is not a"	tree	-6.1114464	▁tree	['___', 'flower', '____', 'plant', '__']	neg	neg
"Complete the sentence below with only one category word.\nSentence: ""A tulip is not a ___."" Completed sentence: A tulip is not a"	flower	-2.0384998	▁flower	['___', 'flower', '____', 'plant', '__']	neg	aff
"Complete the sentence below with only one category word.\nSentence: ""A snake is an ___."" Completed sentence: A snake is an"	animal	-0.8507023	▁animal	['animal', '___', 'reptile', '__', '____']	aff	aff
"Complete the sentence below with only one category word.\nSentence: ""A snake is a ___."" Completed sentence: A snake is a"	toy	-9.390095	▁toy	['reptile', '___', '____', 'vertebrate', '(']	aff	neg
"Complete the sentence below with only one category word.\nSentence: ""A snake is not a ___."" Completed sentence: A snake is not a"	toy	-8.130415	▁toy	['___', '____', 'reptile', '(', 'mammal']	neg	neg
"Complete the sentence below with only one category word.\nSentence: ""A snake is not an ___."" Completed sentence: A snake is not an"	animal	-1.0932274	▁animal	['animal', '___', '____', '__', 'reptile']	neg	aff
"Complete the sentence below with only one category word.\nSentence: ""A crocodile is an ___."" Completed sentence: A crocodile is an"	animal	-0.9062023	▁animal	['animal', '___', 'reptile', '__', '____']	aff	aff
"Complete the sentence below with only one category word.\nSentence: ""A crocodile is a ___."" Completed sentence: A crocodile is a"	mammal	-3.3954105	▁mammal	['reptile', '___', '____', 'mammal', '__']	aff	neg
"Complete the sentence below with only one category word.\nSentence: ""A crocodile is not a ___."" Completed sentence: A crocodile is not a"	mammal	-2.7580757	▁mammal	['reptile', '___', '____', 'mammal', '__']	neg	neg
"Complete the sentence below with only one category word.\nSentence: ""A crocodile is not an ___."" Completed sentence: A crocodile is not an"	animal	-1.1204433	▁animal	['animal', '___', '____', '__', 'reptile']	neg	aff
"Complete the sentence below with only one category word.\nSentence: ""A mice is a ___."" Completed sentence: A mice is a"	rodent	-3.2446594	▁rodent	['___', 'mammal', 'small', '____', '__']	aff	aff
"Complete the sentence below with only one category word.\nSentence: ""A mice is a ___."" Completed sentence: A mice is a"	toy	-7.627384	▁toy	['___', 'mammal', 'small', '____', '__']	aff	neg
"Complete the sentence below with only one category word.\nSentence: ""A mice is not a ___."" Completed sentence: A mice is not a"	toy	-7.65259	▁toy	['___', 'mammal', '____', '__', 'animal']	neg	neg
"Complete the sentence below with only one category word.\nSentence: ""A mice is not a ___."" Completed sentence: A mice is not a"	rodent	-4.651434	▁rodent	['___', 'mammal', '____', '__', 'animal']	neg	aff
"Complete the sentence below with only one category word.\nSentence: ""A horse is an ___."" Completed sentence: A horse is an"	animal	-0.7068901	▁animal	['animal', '___', '____', '__', '_______']	aff	aff
"Complete the sentence below with only one category word.\nSentence: ""A horse is a ___."" Completed sentence: A horse is a"	person	-8.031017	▁person	['mammal', '___', '____', 'noun', '_______']	aff	neg
"Complete the sentence below with only one category word.\nSentence: ""A horse is not a ___."" Completed sentence: A horse is not a"	person	-5.5982685	▁person	['___', '____', '_______', '(', '$\\']	neg	neg
"Complete the sentence below with only one category word.\nSentence: ""A horse is not an ___."" Completed sentence: A horse is not an"	animal	-1.1529598	▁animal	['animal', '___', '____', '__', '_______']	neg	aff
"Complete the sentence below with only one category word.\nSentence: ""A mouse is an ___."" Completed sentence: A mouse is an"	animal	-0.85385513	▁animal	['animal', '___', '__', '____', '___']	aff	aff
"Complete the sentence below with only one category word.\nSentence: ""A mouse is a ___."" Completed sentence: A mouse is a"	toy	-6.8991604	▁toy	['___', 'mammal', '____', 'small', '(']	aff	neg
"Complete the sentence below with only one category word.\nSentence: ""A mouse is not a ___."" Completed sentence: A mouse is not a"	toy	-6.863785	▁toy	['___', '____', 'mammal', '(', '__']	neg	neg
"Complete the sentence below with only one category word.\nSentence: ""A mouse is not an ___."" Completed sentence: A mouse is not an"	animal	-1.1042519	▁animal	['animal', '___', '____', '__', '_______']	neg	aff
"Complete the sentence below with only one category word.\nSentence: ""A salmon is a ___."" Completed sentence: A salmon is a"	fish	-1.2158737	▁fish	['fish', '___', '____', '(', '__']	aff	aff
"Complete the sentence below with only one category word.\nSentence: ""A salmon is a ___."" Completed sentence: A salmon is a"	fruit	-8.600746	▁fruit	['fish', '___', '____', '(', '__']	aff	neg
"Complete the sentence below with only one category word.\nSentence: ""A salmon is not a ___."" Completed sentence: A salmon is not a"	fruit	-5.576565	▁fruit	['___', 'fish', '____', '__', '(']	neg	neg
"Complete the sentence below with only one category word.\nSentence: ""A salmon is not a ___."" Completed sentence: A salmon is not a"	fish	-1.9571667	▁fish	['___', 'fish', '____', '__', '(']	neg	aff
"Complete the sentence below with only one category word.\nSentence: ""A carrot is a ___."" Completed sentence: A carrot is a"	vegetable	-0.9352398	▁vegetable	['vegetable', '___', 'fruit', '____', '__']	aff	aff
"Complete the sentence below with only one category word.\nSentence: ""A carrot is a ___."" Completed sentence: A carrot is a"	mineral	-9.316305	▁mineral	['vegetable', '___', 'fruit', '____', '__']	aff	neg
"Complete the sentence below with only one category word.\nSentence: ""A carrot is not a ___."" Completed sentence: A carrot is not a"	mineral	-8.202894	▁mineral	['vegetable', 'fruit', '___', '____', '(']	neg	neg
"Complete the sentence below with only one category word.\nSentence: ""A carrot is not a ___."" Completed sentence: A carrot is not a"	vegetable	-1.4433975	▁vegetable	['vegetable', 'fruit', '___', '____', '(']	neg	aff
"Complete the sentence below with only one category word.\nSentence: ""A table is a ___."" Completed sentence: A table is a"	furniture	-2.8249664	▁furniture	['___', '____', 'furniture', '__', 'noun']	aff	aff
"Complete the sentence below with only one category word.\nSentence: ""A table is a ___."" Completed sentence: A table is a"	toy	-9.863922	▁toy	['___', '____', 'furniture', '__', 'noun']	aff	neg
"Complete the sentence below with only one category word.\nSentence: ""A table is not a ___."" Completed sentence: A table is not a"	toy	-7.630188	▁toy	['___', '____', '$\\', '(', '______']	neg	neg
"Complete the sentence below with only one category word.\nSentence: ""A table is not a ___."" Completed sentence: A table is not a"	furniture	-3.7599735	▁furniture	['___', '____', '$\\', '(', '______']	neg	aff
"Complete the sentence below with only one category word.\nSentence: ""A rabbit is a ___."" Completed sentence: A rabbit is a"	mammal	-0.95147324	▁mammal	['mammal', '___', '__', '____', 'animal']	aff	aff
"Complete the sentence below with only one category word.\nSentence: ""A rabbit is a ___."" Completed sentence: A rabbit is a"	bird	-6.553873	▁bird	['mammal', '___', '__', '____', 'animal']	aff	neg
"Complete the sentence below with only one category word.\nSentence: ""A rabbit is not a ___."" Completed sentence: A rabbit is not a"	bird	-4.4513683	▁bird	['mammal', '___', '____', '__', '(']	neg	neg
"Complete the sentence below with only one category word.\nSentence: ""A rabbit is not a ___."" Completed sentence: A rabbit is not a"	mammal	-1.731123	▁mammal	['mammal', '___', '____', '__', '(']	neg	aff
"Complete the sentence below with only one category word.\nSentence: ""A dog is a ___."" Completed sentence: A dog is a"	mammal	-2.3256493	▁mammal	['___', '____', 'pet', 'mammal', '__']	aff	aff
"Complete the sentence below with only one category word.\nSentence: ""A dog is a ___."" Completed sentence: A dog is a"	fish	-9.131237	▁fish	['___', '____', 'pet', 'mammal', '__']	aff	neg
"Complete the sentence below with only one category word.\nSentence: ""A dog is not a ___."" Completed sentence: A dog is not a"	fish	-5.9223022	▁fish	['___', '____', '__', '(', 'pet']	neg	neg
"Complete the sentence below with only one category word.\nSentence: ""A dog is not a ___."" Completed sentence: A dog is not a"	mammal	-3.2576904	▁mammal	['___', '____', '__', '(', 'pet']	neg	aff
"Complete the sentence below with only one category word.\nSentence: ""A deer is an ___."" Completed sentence: A deer is an"	animal	-0.9345741	▁animal	['animal', '___', '__', '____', 'herb']	aff	aff
"Complete the sentence below with only one category word.\nSentence: ""A deer is a ___."" Completed sentence: A deer is a"	plant	-6.139694	▁plant	['mammal', '___', 'noun', '____', '__']	aff	neg
"Complete the sentence below with only one category word.\nSentence: ""A deer is not a ___."" Completed sentence: A deer is not a"	plant	-5.252207	▁plant	['mammal', '___', '____', '(', '__']	neg	neg
"Complete the sentence below with only one category word.\nSentence: ""A deer is not an ___."" Completed sentence: A deer is not an"	animal	-1.125061	▁animal	['animal', '___', '____', '__', '_______']	neg	aff
"Complete the sentence below with only one category word.\nSentence: ""A whale is a ___."" Completed sentence: A whale is a"	mammal	-1.2180443	▁mammal	['mammal', '___', 'marine', '____', '(']	aff	aff
"Complete the sentence below with only one category word.\nSentence: ""A whale is a ___."" Completed sentence: A whale is a"	reptile	-6.520176	▁reptile	['mammal', '___', 'marine', '____', '(']	aff	neg
"Complete the sentence below with only one category word.\nSentence: ""A whale is not a ___."" Completed sentence: A whale is not a"	reptile	-5.417322	▁reptile	['___', 'mammal', '____', 'fish', '(']	neg	neg
"Complete the sentence below with only one category word.\nSentence: ""A whale is not a ___."" Completed sentence: A whale is not a"	mammal	-1.9724121	▁mammal	['___', 'mammal', '____', 'fish', '(']	neg	aff
"Complete the sentence below with only one category word.\nSentence: ""A desk is a ___."" Completed sentence: A desk is a"	furniture	-2.882	▁furniture	['___', '____', 'piece', 'furniture', '__']	aff	aff
"Complete the sentence below with only one category word.\nSentence: ""A desk is a ___."" Completed sentence: A desk is a"	toy	-11.348671	▁toy	['___', '____', 'piece', 'furniture', '__']	aff	neg
"Complete the sentence below with only one category word.\nSentence: ""A desk is not a ___."" Completed sentence: A desk is not a"	toy	-7.810671	▁toy	['___', '____', '$\\', '______', '__']	neg	neg
"Complete the sentence below with only one category word.\nSentence: ""A desk is not a ___."" Completed sentence: A desk is not a"	furniture	-3.454279	▁furniture	['___', '____', '$\\', '______', '__']	neg	aff
"Complete the sentence below with only one category word.\nSentence: ""A bicycle is a ___."" Completed sentence: A bicycle is a"	vehicle	-2.2637959	▁vehicle	['___', 'vehicle', '____', '__', '(']	aff	aff
"Complete the sentence below with only one category word.\nSentence: ""A bicycle is a ___."" Completed sentence: A bicycle is a"	toy	-5.9126644	▁toy	['___', 'vehicle', '____', '__', '(']	aff	neg
"Complete the sentence below with only one category word.\nSentence: ""A bicycle is not a ___."" Completed sentence: A bicycle is not a"	toy	-5.579035	▁toy	['___', '____', 'vehicle', '(', '\\']	neg	neg
"Complete the sentence below with only one category word.\nSentence: ""A bicycle is not a ___."" Completed sentence: A bicycle is not a"	vehicle	-2.9190598	▁vehicle	['___', '____', 'vehicle', '(', '\\']	neg	aff
"Complete the sentence below with only one category word.\nSentence: ""A bat is a ___."" Completed sentence: A bat is a"	mammal	-0.72236633	▁mammal	['mammal', 'flying', 'vertebrate', '___', '(']	aff	aff
"Complete the sentence below with only one category word.\nSentence: ""A bat is a ___."" Completed sentence: A bat is a"	reptile	-5.0952454	▁reptile	['mammal', 'flying', 'vertebrate', '___', '(']	aff	neg
"Complete the sentence below with only one category word.\nSentence: ""A bat is not a ___."" Completed sentence: A bat is not a"	reptile	-4.3381023	▁reptile	['mammal', '___', '____', 'bird', '(']	neg	neg
"Complete the sentence below with only one category word.\nSentence: ""A bat is not a ___."" Completed sentence: A bat is not a"	mammal	-1.5489159	▁mammal	['mammal', '___', '____', 'bird', '(']	neg	aff
"Complete the sentence below with only one category word.\nSentence: ""A cloud is a ___."" Completed sentence: A cloud is a"	gas	-7.0239353	▁gas	['___', '____', '________', '_______', '______']	aff	aff
"Complete the sentence below with only one category word.\nSentence: ""A cloud is a ___."" Completed sentence: A cloud is a"	liquid	-5.931059	▁liquid	['___', '____', '________', '_______', '______']	aff	neg
"Complete the sentence below with only one category word.\nSentence: ""A cloud is not a ___."" Completed sentence: A cloud is not a"	liquid	-6.265524	▁liquid	['___', '____', '________', '_______', '$\\']	neg	neg
"Complete the sentence below with only one category word.\nSentence: ""A cloud is not a ___."" Completed sentence: A cloud is not a"	gas	-8.2825165	▁gas	['___', '____', '________', '_______', '$\\']	neg	aff
"Complete the sentence below with only one category word.\nSentence: ""An Apple is a ___."" Completed sentence: An Apple is a"	fruit	-1.4243107	▁fruit	['fruit', '___', '____', '__', 'Fruit']	aff	aff
"Complete the sentence below with only one category word.\nSentence: ""An Apple is a ___."" Completed sentence: An Apple is a"	vegetable	-4.4798336	▁vegetable	['fruit', '___', '____', '__', 'Fruit']	aff	neg
"Complete the sentence below with only one category word.\nSentence: ""An Apple is not a ___."" Completed sentence: An Apple is not a"	vegetable	-3.178463	▁vegetable	['fruit', '___', '____', '__', '(']	neg	neg
"Complete the sentence below with only one category word.\nSentence: ""An Apple is not a ___."" Completed sentence: An Apple is not a"	fruit	-1.4491634	▁fruit	['fruit', '___', '____', '__', '(']	neg	aff
"Complete the sentence below with only one category word.\nSentence: ""A toy is a ___."" Completed sentence: A toy is a"	plaything	-4.963745	▁play	['___', '____', '__', '________', 'toy']	aff	aff
"Complete the sentence below with only one category word.\nSentence: ""A toy is a ___."" Completed sentence: A toy is a"	food	-11.265006	▁food	['___', '____', '__', '________', 'toy']	aff	neg
"Complete the sentence below with only one category word.\nSentence: ""A toy is not a ___."" Completed sentence: A toy is not a"	food	-7.50296	▁food	['___', '____', 'toy', '__', '(']	neg	neg
"Complete the sentence below with only one category word.\nSentence: ""A toy is not a ___."" Completed sentence: A toy is not a"	plaything	-7.015461	▁play	['___', '____', 'toy', '__', '(']	neg	aff
"Complete the sentence below with only one category word.\nSentence: ""A human is a ___."" Completed sentence: A human is a"	mammal	-2.4045353	▁mammal	['mammal', '___', '(', '__', '_______']	aff	aff
"Complete the sentence below with only one category word.\nSentence: ""A human is a ___."" Completed sentence: A human is a"	fish	-8.878605	▁fish	['mammal', '___', '(', '__', '_______']	aff	neg
"Complete the sentence below with only one category word.\nSentence: ""A human is not a ___."" Completed sentence: A human is not a"	fish	-6.0405617	▁fish	['___', '____', '(', '__', '_______']	neg	neg
"Complete the sentence below with only one category word.\nSentence: ""A human is not a ___."" Completed sentence: A human is not a"	mammal	-3.5996819	▁mammal	['___', '____', '(', '__', '_______']	neg	aff
"Complete the sentence below with only one category word.\nSentence: ""A hummingbird is a ___."" Completed sentence: A hummingbird is a"	bird	-1.247221	▁bird	['bird', '___', '(', '____', 'type']	aff	aff
"Complete the sentence below with only one category word.\nSentence: ""A hummingbird is a ___."" Completed sentence: A hummingbird is a"	mammal	-4.588669	▁mammal	['bird', '___', '(', '____', 'type']	aff	neg
"Complete the sentence below with only one category word.\nSentence: ""A hummingbird is not a ___."" Completed sentence: A hummingbird is not a"	mammal	-3.4401531	▁mammal	['bird', '___', '____', '__', '(']	neg	neg
"Complete the sentence below with only one category word.\nSentence: ""A hummingbird is not a ___."" Completed sentence: A hummingbird is not a"	bird	-1.878233	▁bird	['bird', '___', '____', '__', '(']	neg	aff
"Complete the sentence below with only one category word.\nSentence: ""A cauliflower is a ___."" Completed sentence: A cauliflower is a"	vegetable	-1.4017887	▁vegetable	['vegetable', '___', '____', '__', '\\']	aff	aff
"Complete the sentence below with only one category word.\nSentence: ""A cauliflower is a ___."" Completed sentence: A cauliflower is a"	fruit	-3.9502277	▁fruit	['vegetable', '___', '____', '__', '\\']	aff	neg
"Complete the sentence below with only one category word.\nSentence: ""A cauliflower is not a ___."" Completed sentence: A cauliflower is not a"	fruit	-2.8115597	▁fruit	['vegetable', '___', '____', 'fruit', '__']	neg	neg
"Complete the sentence below with only one category word.\nSentence: ""A cauliflower is not a ___."" Completed sentence: A cauliflower is not a"	vegetable	-1.3058605	▁vegetable	['vegetable', '___', '____', 'fruit', '__']	neg	aff
"Complete the sentence below with only one category word.\nSentence: ""A turnip is a ___."" Completed sentence: A turnip is a"	vegetable	-1.0640659	▁vegetable	['vegetable', '___', '____', '__', 'fruit']	aff	aff
"Complete the sentence below with only one category word.\nSentence: ""A turnip is a ___."" Completed sentence: A turnip is a"	mineral	-10.118228	▁mineral	['vegetable', '___', '____', '__', 'fruit']	aff	neg
"Complete the sentence below with only one category word.\nSentence: ""A turnip is not a ___."" Completed sentence: A turnip is not a"	mineral	-8.981228	▁mineral	['vegetable', '___', 'fruit', '____', '__']	neg	neg
"Complete the sentence below with only one category word.\nSentence: ""A turnip is not a ___."" Completed sentence: A turnip is not a"	vegetable	-1.3334141	▁vegetable	['vegetable', '___', 'fruit', '____', '__']	neg	aff
"Complete the sentence below with only one category word.\nSentence: ""A yam is a ___."" Completed sentence: A yam is a"	vegetable	-1.2952881	▁vegetable	['vegetable', 'fruit', '___', 'root', '____']	aff	aff
"Complete the sentence below with only one category word.\nSentence: ""A yam is a ___."" Completed sentence: A yam is a"	grain	-8.556698	▁grain	['vegetable', 'fruit', '___', 'root', '____']	aff	neg
"Complete the sentence below with only one category word.\nSentence: ""A yam is not a ___."" Completed sentence: A yam is not a"	grain	-7.588991	▁grain	['vegetable', 'fruit', '___', '____', '______']	neg	neg
"Complete the sentence below with only one category word.\nSentence: ""A yam is not a ___."" Completed sentence: A yam is not a"	vegetable	-1.5046825	▁vegetable	['vegetable', 'fruit', '___', '____', '______']	neg	aff
"Complete the sentence below with only one category word.\nSentence: ""A truck is a ___."" Completed sentence: A truck is a"	vehicle	-1.240387	▁vehicle	['vehicle', '___', 'noun', '____', '__']	aff	aff
"Complete the sentence below with only one category word.\nSentence: ""A truck is a ___."" Completed sentence: A truck is a"	toy	-8.520594	▁toy	['vehicle', '___', 'noun', '____', '__']	aff	neg
"Complete the sentence below with only one category word.\nSentence: ""A truck is not a ___."" Completed sentence: A truck is not a"	toy	-6.6916065	▁toy	['___', 'vehicle', '____', '__', '$\\']	neg	neg
"Complete the sentence below with only one category word.\nSentence: ""A truck is not a ___."" Completed sentence: A truck is not a"	vehicle	-2.0289822	▁vehicle	['___', 'vehicle', '____', '__', '$\\']	neg	aff
"Complete the sentence below with only one category word.\nSentence: ""A lamp is a ___."" Completed sentence: A lamp is a"	light	-4.4014435	▁light	['___', 'noun', '____', '(', '__']	aff	aff
"Complete the sentence below with only one category word.\nSentence: ""A lamp is a ___."" Completed sentence: A lamp is a"	clock	-11.480231	▁clock	['___', 'noun', '____', '(', '__']	aff	neg
"Complete the sentence below with only one category word.\nSentence: ""A lamp is not a ___."" Completed sentence: A lamp is not a"	clock	-9.878683	▁clock	['___', '____', '(', '$\\', '\\']	neg	neg
"Complete the sentence below with only one category word.\nSentence: ""A lamp is not a ___."" Completed sentence: A lamp is not a"	light	-5.8370914	▁light	['___', '____', '(', '$\\', '\\']	neg	aff
"Complete the sentence below with only one category word.\nSentence: ""A cycle is a ___."" Completed sentence: A cycle is a"	vehicle	-8.360052	▁vehicle	['___', '____', '______', '$\\', 'sequence']	aff	aff
"Complete the sentence below with only one category word.\nSentence: ""A cycle is a ___."" Completed sentence: A cycle is a"	toy	-11.926623	▁toy	['___', '____', '______', '$\\', 'sequence']	aff	neg
"Complete the sentence below with only one category word.\nSentence: ""A cycle is not a ___."" Completed sentence: A cycle is not a"	toy	-9.871221	▁toy	['___', '____', '$\\', '__', '______']	neg	neg
"Complete the sentence below with only one category word.\nSentence: ""A cycle is not a ___."" Completed sentence: A cycle is not a"	vehicle	-6.8652554	▁vehicle	['___', '____', '$\\', '__', '______']	neg	aff
"Complete the sentence below with only one category word.\nSentence: ""A crow is a ___."" Completed sentence: A crow is a"	bird	-1.2210522	▁bird	['bird', '___', '____', '(', '_______']	aff	aff
"Complete the sentence below with only one category word.\nSentence: ""A crow is a ___."" Completed sentence: A crow is a"	vehicle	-10.408564	▁vehicle	['bird', '___', '____', '(', '_______']	aff	neg
"Complete the sentence below with only one category word.\nSentence: ""A crow is not a ___."" Completed sentence: A crow is not a"	vehicle	-8.966719	▁vehicle	['___', 'bird', '____', '$\\', '______']	neg	neg
"Complete the sentence below with only one category word.\nSentence: ""A crow is not a ___."" Completed sentence: A crow is not a"	bird	-1.8554459	▁bird	['___', 'bird', '____', '$\\', '______']	neg	aff
"Complete the sentence below with only one category word.\nSentence: ""A pencil is a ___."" Completed sentence: A pencil is a"	tool	-2.5343628	▁tool	['___', 'noun', 'tool', 'writing', '(']	aff	aff
"Complete the sentence below with only one category word.\nSentence: ""A pencil is a ___."" Completed sentence: A pencil is a"	tree	-12.133908	▁tree	['___', 'noun', 'tool', 'writing', '(']	aff	neg
"Complete the sentence below with only one category word.\nSentence: ""A pencil is not a ___."" Completed sentence: A pencil is not a"	tree	-9.520985	▁tree	['___', '____', '(', 'noun', '\\']	neg	neg
"Complete the sentence below with only one category word.\nSentence: ""A pencil is not a ___."" Completed sentence: A pencil is not a"	tool	-3.2788048	▁tool	['___', '____', '(', 'noun', '\\']	neg	aff
"Complete the sentence below with only one category word.\nSentence: ""A snowflake is a ___."" Completed sentence: A snowflake is a"	crystal	-3.7275963	▁crystal	['___', '____', '__', '________', '______']	aff	aff
"Complete the sentence below with only one category word.\nSentence: ""A snowflake is a ___."" Completed sentence: A snowflake is a"	liquid	-7.7396984	▁liquid	['___', '____', '__', '________', '______']	aff	neg
"Complete the sentence below with only one category word.\nSentence: ""A snowflake is not a ___."" Completed sentence: A snowflake is not a"	liquid	-7.4480534	▁liquid	['___', '____', '__', '________', '______']	neg	neg
"Complete the sentence below with only one category word.\nSentence: ""A snowflake is not a ___."" Completed sentence: A snowflake is not a"	crystal	-6.0280266	▁crystal	['___', '____', '__', '________', '______']	neg	aff
"Complete the sentence below with only one category word.\nSentence: ""A pearl is a ___."" Completed sentence: A pearl is a"	gem	-4.4304943	▁gem	['___', 'natural', '____', '________', '__']	aff	aff
"Complete the sentence below with only one category word.\nSentence: ""A pearl is a ___."" Completed sentence: A pearl is a"	fruit	-8.243835	▁fruit	['___', 'natural', '____', '________', '__']	aff	neg
"Complete the sentence below with only one category word.\nSentence: ""A pearl is not a ___."" Completed sentence: A pearl is not a"	fruit	-5.224243	▁fruit	['___', '____', '__', '________', '(']	neg	neg
"Complete the sentence below with only one category word.\nSentence: ""A pearl is not a ___."" Completed sentence: A pearl is not a"	gem	-4.817631	▁gem	['___', '____', '__', '________', '(']	neg	aff
"Complete the sentence below with only one category word.\nSentence: ""A fish is an ___."" Completed sentence: A fish is an"	animal	-1.0324116	▁animal	['animal', '___', '__', 'aquatic', '____']	aff	aff
"Complete the sentence below with only one category word.\nSentence: ""A fish is a ___."" Completed sentence: A fish is a"	human	-9.633637	▁human	['___', '____', 'vertebrate', 'living', '(']	aff	neg
"Complete the sentence below with only one category word.\nSentence: ""A fish is not a ___."" Completed sentence: A fish is not a"	human	-7.216631	▁human	['___', '____', 'fish', '(', '__']	neg	neg
"Complete the sentence below with only one category word.\nSentence: ""A fish is not an ___."" Completed sentence: A fish is not an"	animal	-1.232523	▁animal	['animal', '___', '__', '____', '_______']	neg	aff
"Complete the sentence below with only one category word.\nSentence: ""A mountain is a ___."" Completed sentence: A mountain is a"	landform	-2.5849972	▁land	['natural', '___', 'land', '____', '(']	aff	aff
"Complete the sentence below with only one category word.\nSentence: ""A mountain is a ___."" Completed sentence: A mountain is a"	building	-8.271681	▁building	['natural', '___', 'land', '____', '(']	aff	neg
"Complete the sentence below with only one category word.\nSentence: ""A mountain is not a ___."" Completed sentence: A mountain is not a"	building	-6.189451	▁building	['___', '____', '_______', '(', '______']	neg	neg
"Complete the sentence below with only one category word.\nSentence: ""A mountain is not a ___."" Completed sentence: A mountain is not a"	landform	-4.296358	▁land	['___', '____', '_______', '(', '______']	neg	aff
"Complete the sentence below with only one category word.\nSentence: ""A university is a ___."" Completed sentence: A university is a"	school	-4.849535	▁school	['(', '___', '____', '_____', '\\']	aff	aff
"Complete the sentence below with only one category word.\nSentence: ""A university is a ___."" Completed sentence: A university is a"	person	-8.301468	▁person	['(', '___', '____', '_____', '\\']	aff	neg
"Complete the sentence below with only one category word.\nSentence: ""A university is not a ___."" Completed sentence: A university is not a"	person	-7.2331467	▁person	['____', '___', '(', '_______', '\\']	neg	neg
"Complete the sentence below with only one category word.\nSentence: ""A university is not a ___."" Completed sentence: A university is not a"	school	-4.1269894	▁school	['____', '___', '(', '_______', '\\']	neg	aff
"Complete the sentence below with only one category word.\nSentence: ""A train is a ___."" Completed sentence: A train is a"	vehicle	-1.3639736	▁vehicle	['vehicle', '___', '____', 'transportation', 'type']	aff	aff
"Complete the sentence below with only one category word.\nSentence: ""A train is a ___."" Completed sentence: A train is a"	plant	-9.894583	▁plant	['vehicle', '___', '____', 'transportation', 'type']	aff	neg
"Complete the sentence below with only one category word.\nSentence: ""A train is not a ___."" Completed sentence: A train is not a"	plant	-6.8974056	▁plant	['___', 'vehicle', '____', '_______', '$\\']	neg	neg
"Complete the sentence below with only one category word.\nSentence: ""A train is not a ___."" Completed sentence: A train is not a"	vehicle	-2.0971718	▁vehicle	['___', 'vehicle', '____', '_______', '$\\']	neg	aff
"Complete the sentence below with only one category word.\nSentence: ""A duck is a ___."" Completed sentence: A duck is a"	bird	-1.3634491	▁bird	['bird', '___', '____', 'noun', '$\\']	aff	aff
"Complete the sentence below with only one category word.\nSentence: ""A duck is a ___."" Completed sentence: A duck is a"	fish	-6.870226	▁fish	['bird', '___', '____', 'noun', '$\\']	aff	neg
"Complete the sentence below with only one category word.\nSentence: ""A duck is not a ___."" Completed sentence: A duck is not a"	fish	-4.710474	▁fish	['___', 'bird', '____', '$\\', '__']	neg	neg
"Complete the sentence below with only one category word.\nSentence: ""A duck is not a ___."" Completed sentence: A duck is not a"	bird	-2.1296024	▁bird	['___', 'bird', '____', '$\\', '__']	neg	aff
"Complete the sentence below with only one category word.\nSentence: ""A horse is a ___."" Completed sentence: A horse is a"	mammal	-2.0098362	▁mammal	['mammal', '___', '____', 'noun', '_______']	aff	aff
"Complete the sentence below with only one category word.\nSentence: ""A horse is an ___."" Completed sentence: A horse is an"	insect	-7.683058	▁insect	['animal', '___', '____', '__', '_______']	aff	neg
"Complete the sentence below with only one category word.\nSentence: ""A horse is not an ___."" Completed sentence: A horse is not an"	insect	-6.62694	▁insect	['animal', '___', '____', '__', '_______']	neg	neg
"Complete the sentence below with only one category word.\nSentence: ""A horse is not a ___."" Completed sentence: A horse is not a"	mammal	-3.385355	▁mammal	['___', '____', '_______', '(', '$\\']	neg	aff
"Complete the sentence below with only one category word.\nSentence: ""A bird is a ___."" Completed sentence: A bird is a"	vertebrate	-3.1911316	▁vertebrate	['___', '____', 'bird', '(', 'noun']	aff	aff
"Complete the sentence below with only one category word.\nSentence: ""A bird is an ___."" Completed sentence: A bird is an"	invertebrate	-5.939266	▁invertebrate	['animal', '___', '__', '____', '_______']	aff	neg
"Complete the sentence below with only one category word.\nSentence: ""A bird is not an ___."" Completed sentence: A bird is not an"	invertebrate	-5.6150055	▁invertebrate	['animal', '___', '____', '__', '_______']	neg	neg
"Complete the sentence below with only one category word.\nSentence: ""A bird is not a ___."" Completed sentence: A bird is not a"	vertebrate	-4.382702	▁vertebrate	['___', '____', 'bird', '$\\', '(']	neg	aff
"Complete the sentence below with only one category word.\nSentence: ""A person is a ___."" Completed sentence: A person is a"	human	-2.9360504	▁human	['___', '____', 'human', '(', '_______']	aff	aff
"Complete the sentence below with only one category word.\nSentence: ""A person is a ___."" Completed sentence: A person is a"	machine	-8.330948	▁machine	['___', '____', 'human', '(', '_______']	aff	neg
"Complete the sentence below with only one category word.\nSentence: ""A person is not a ___."" Completed sentence: A person is not a"	machine	-6.8512917	▁machine	['____', '___', '(', '_______', '________']	neg	neg
"Complete the sentence below with only one category word.\nSentence: ""A person is not a ___."" Completed sentence: A person is not a"	human	-5.2957134	▁human	['____', '___', '(', '_______', '________']	neg	aff
"Complete the sentence below with only one category word.\nSentence: ""A building is a ___."" Completed sentence: A building is a"	structure	-2.6167812	▁structure	['___', 'structure', '____', '__', '(']	aff	aff
"Complete the sentence below with only one category word.\nSentence: ""A building is a ___."" Completed sentence: A building is a"	plant	-9.605959	▁plant	['___', 'structure', '____', '__', '(']	aff	neg
"Complete the sentence below with only one category word.\nSentence: ""A building is not a ___."" Completed sentence: A building is not a"	plant	-7.443247	▁plant	['___', '____', '$\\', '_______', '__']	neg	neg
"Complete the sentence below with only one category word.\nSentence: ""A building is not a ___."" Completed sentence: A building is not a"	structure	-4.6114025	▁structure	['___', '____', '$\\', '_______', '__']	neg	aff
"Complete the sentence below with only one category word.\nSentence: ""A tool is an ___."" Completed sentence: A tool is an"	instrument	-4.491411	▁instrument	['___', '____', '__', 'object', '___']	aff	aff
"Complete the sentence below with only one category word.\nSentence: ""A tool is a ___."" Completed sentence: A tool is a"	toy	-10.412371	▁toy	['___', '____', '(', '__', '______']	aff	neg
"Complete the sentence below with only one category word.\nSentence: ""A tool is not a ___."" Completed sentence: A tool is not a"	toy	-7.0983562	▁toy	['___', '____', '(', '________', '______']	neg	neg
"Complete the sentence below with only one category word.\nSentence: ""A tool is not an ___."" Completed sentence: A tool is not an"	instrument	-3.858179	▁instrument	['___', '____', '__', 'object', '_______']	neg	aff
"Complete the sentence below with only one category word.\nSentence: ""A vegetable is a ___."" Completed sentence: A vegetable is a"	plant	-2.7698822	▁plant	['___', 'fruit', '____', '__', 'plant']	aff	aff
"Complete the sentence below with only one category word.\nSentence: ""A vegetable is an ___."" Completed sentence: A vegetable is an"	animal	-6.7985764	▁animal	['___', '__', '____', '___', '$\\']	aff	neg
"Complete the sentence below with only one category word.\nSentence: ""A vegetable is not an ___."" Completed sentence: A vegetable is not an"	animal	-4.060219	▁animal	['___', '____', '__', '_______', '______']	neg	neg
"Complete the sentence below with only one category word.\nSentence: ""A vegetable is not a ___."" Completed sentence: A vegetable is not a"	plant	-4.686861	▁plant	['fruit', '___', '____', '__', '(']	neg	aff
"Complete the sentence below with only one category word.\nSentence: ""A banana is a ___."" Completed sentence: A banana is a"	fruit	-0.50753975	▁fruit	['fruit', '___', '____', '__', '(']	aff	aff
"Complete the sentence below with only one category word.\nSentence: ""A banana is a ___."" Completed sentence: A banana is a"	vegetable	-4.364441	▁vegetable	['fruit', '___', '____', '__', '(']	aff	neg
"Complete the sentence below with only one category word.\nSentence: ""A banana is not a ___."" Completed sentence: A banana is not a"	vegetable	-2.7962723	▁vegetable	['fruit', '___', '____', 'vegetable', '__']	neg	neg
"Complete the sentence below with only one category word.\nSentence: ""A banana is not a ___."" Completed sentence: A banana is not a"	fruit	-0.9096203	▁fruit	['fruit', '___', '____', 'vegetable', '__']	neg	aff
"Complete the sentence below with only one category word.\nSentence: ""A jackfruit is a ___."" Completed sentence: A jackfruit is a"	fruit	-0.8924866	▁fruit	['fruit', '___', '__', '____', '$\\']	aff	aff
"Complete the sentence below with only one category word.\nSentence: ""A jackfruit is a ___."" Completed sentence: A jackfruit is a"	rock	-10.597638	▁rock	['fruit', '___', '__', '____', '$\\']	aff	neg
"Complete the sentence below with only one category word.\nSentence: ""A jackfruit is not a ___."" Completed sentence: A jackfruit is not a"	rock	-9.750988	▁rock	['fruit', '___', '____', 'vegetable', '______']	neg	neg
"Complete the sentence below with only one category word.\nSentence: ""A jackfruit is not a ___."" Completed sentence: A jackfruit is not a"	fruit	-1.0322285	▁fruit	['fruit', '___', '____', 'vegetable', '______']	neg	aff
"Complete the sentence below with only one category word.\nSentence: ""A chicken is a ___."" Completed sentence: A chicken is a"	bird	-2.0871086	▁bird	['___', 'bird', '____', '(', '__']	aff	aff
"Complete the sentence below with only one category word.\nSentence: ""A chicken is a ___."" Completed sentence: A chicken is a"	mammal	-4.014902	▁mammal	['___', 'bird', '____', '(', '__']	aff	neg
"Complete the sentence below with only one category word.\nSentence: ""A chicken is not a ___."" Completed sentence: A chicken is not a"	mammal	-3.9475117	▁mammal	['___', '____', '(', '__', '\\']	neg	neg
"Complete the sentence below with only one category word.\nSentence: ""A chicken is not a ___."" Completed sentence: A chicken is not a"	bird	-3.390932	▁bird	['___', '____', '(', '__', '\\']	neg	aff
"Complete the sentence below with only one category word.\nSentence: ""A robin is a ___."" Completed sentence: A robin is a"	bird	-0.92268944	▁bird	['bird', '___', '____', 'type', 'kind']	aff	aff
"Complete the sentence below with only one category word.\nSentence: ""A robin is a ___."" Completed sentence: A robin is a"	mammal	-5.91045	▁mammal	['bird', '___', '____', 'type', 'kind']	aff	neg
"Complete the sentence below with only one category word.\nSentence: ""A robin is not a ___."" Completed sentence: A robin is not a"	mammal	-4.1096306	▁mammal	['___', 'bird', '____', '__', '______']	neg	neg
"Complete the sentence below with only one category word.\nSentence: ""A robin is not a ___."" Completed sentence: A robin is not a"	bird	-1.6875668	▁bird	['___', 'bird', '____', '__', '______']	neg	aff
"Complete the sentence below with only one category word.\nSentence: ""A tiger is an ___."" Completed sentence: A tiger is an"	animal	-0.63708687	▁animal	['animal', '___', '__', '____', '___']	aff	aff
"Complete the sentence below with only one category word.\nSentence: ""A tiger is a ___."" Completed sentence: A tiger is a"	machine	-11.500286	▁machine	['mammal', '___', '____', 'wild', '(']	aff	neg
"Complete the sentence below with only one category word.\nSentence: ""A tiger is not a ___."" Completed sentence: A tiger is not a"	machine	-9.225767	▁machine	['___', '____', 'mammal', '_______', '__']	neg	neg
"Complete the sentence below with only one category word.\nSentence: ""A tiger is not an ___."" Completed sentence: A tiger is not an"	animal	-0.99541473	▁animal	['animal', '___', '____', '__', '_______']	neg	aff
"Complete the sentence below with only one category word.\nSentence: ""A mammal is an ___."" Completed sentence: A mammal is an"	animal	-1.0921574	▁animal	['animal', '___', '__', '_______', 'vertebrate']	aff	aff
"Complete the sentence below with only one category word.\nSentence: ""A mammal is a ___."" Completed sentence: A mammal is a"	plant	-8.24617	▁plant	['vertebrate', '(', '___', '_______', '__']	aff	neg
"Complete the sentence below with only one category word.\nSentence: ""A mammal is not a ___."" Completed sentence: A mammal is not a"	plant	-4.8976555	▁plant	['___', '____', '(', 'vertebrate', '__']	neg	neg
"Complete the sentence below with only one category word.\nSentence: ""A mammal is not an ___."" Completed sentence: A mammal is not an"	animal	-1.3899574	▁animal	['animal', '___', '__', '____', '_______']	neg	aff
"Complete the sentence below with only one category word.\nSentence: ""A reptile is an ___."" Completed sentence: A reptile is an"	animal	-1.1734619	▁animal	['animal', '___', '___', 'amp', '____']	aff	aff
"Complete the sentence below with only one category word.\nSentence: ""A reptile is a ___."" Completed sentence: A reptile is a"	tool	-12.634619	▁tool	['vertebrate', 'cold', '___', '____', '(']	aff	neg
"Complete the sentence below with only one category word.\nSentence: ""A reptile is not a ___."" Completed sentence: A reptile is not a"	tool	-11.116204	▁tool	['___', '____', 'mammal', 'vertebrate', '(']	neg	neg
"Complete the sentence below with only one category word.\nSentence: ""A reptile is not an ___."" Completed sentence: A reptile is not an"	animal	-1.5529728	▁animal	['animal', '___', '____', 'amp', '__']	neg	aff
"Complete the sentence below with only one category word.\nSentence: ""A bison is a ___."" Completed sentence: A bison is a"	mammal	-1.0352802	▁mammal	['mammal', 'herb', '___', 'noun', 'wild']	aff	aff
"Complete the sentence below with only one category word.\nSentence: ""A bison is a ___."" Completed sentence: A bison is a"	bird	-6.823456	▁bird	['mammal', 'herb', '___', 'noun', 'wild']	aff	neg
"Complete the sentence below with only one category word.\nSentence: ""A bison is not a ___."" Completed sentence: A bison is not a"	bird	-4.671734	▁bird	['mammal', '___', '____', '__', 'herb']	neg	neg
"Complete the sentence below with only one category word.\nSentence: ""A bison is not a ___."" Completed sentence: A bison is not a"	mammal	-1.4331932	▁mammal	['mammal', '___', '____', '__', 'herb']	neg	aff
"Complete the sentence below with only one category word.\nSentence: ""A plane is a ___."" Completed sentence: A plane is a"	vehicle	-3.1466293	▁vehicle	['___', '____', '__', 'vehicle', 'geometric']	aff	aff
"Complete the sentence below with only one category word.\nSentence: ""A plane is a ___."" Completed sentence: A plane is a"	person	-8.189421	▁person	['___', '____', '__', 'vehicle', 'geometric']	aff	neg
"Complete the sentence below with only one category word.\nSentence: ""A plane is not a ___."" Completed sentence: A plane is not a"	person	-6.4334393	▁person	['___', '____', 'vehicle', '$\\', '__']	neg	neg
"Complete the sentence below with only one category word.\nSentence: ""A plane is not a ___."" Completed sentence: A plane is not a"	vehicle	-2.988037	▁vehicle	['___', '____', 'vehicle', '$\\', '__']	neg	aff
"Complete the sentence below with only one category word.\nSentence: ""A chair is a ___."" Completed sentence: A chair is a"	furniture	-2.6093273	▁furniture	['___', 'furniture', '____', '__', 'piece']	aff	aff
"Complete the sentence below with only one category word.\nSentence: ""A chair is a ___."" Completed sentence: A chair is a"	person	-6.747978	▁person	['___', 'furniture', '____', '__', 'piece']	aff	neg
"Complete the sentence below with only one category word.\nSentence: ""A chair is not a ___."" Completed sentence: A chair is not a"	person	-5.9881287	▁person	['___', '____', '__', '$\\', '(']	neg	neg
"Complete the sentence below with only one category word.\nSentence: ""A chair is not a ___."" Completed sentence: A chair is not a"	furniture	-3.3686943	▁furniture	['___', '____', '__', '$\\', '(']	neg	aff
"Complete the sentence below with only one category word.\nSentence: ""A ruler is a ___."" Completed sentence: A ruler is a"	tool	-2.220909	▁tool	['___', 'tool', '____', '(', '__']	aff	aff
"Complete the sentence below with only one category word.\nSentence: ""A ruler is an ___."" Completed sentence: A ruler is an"	animal	-6.2390194	▁animal	['___', '__', '____', 'instrument', 'object']	aff	neg
"Complete the sentence below with only one category word.\nSentence: ""A ruler is not an ___."" Completed sentence: A ruler is not an"	animal	-3.8997002	▁animal	['___', '____', '__', '_______', '______']	neg	neg
"Complete the sentence below with only one category word.\nSentence: ""A ruler is not a ___."" Completed sentence: A ruler is not a"	tool	-4.623667	▁tool	['___', '____', '______', '_______', '(']	neg	aff
"Complete the sentence below with only one category word.\nSentence: ""A book is a ___."" Completed sentence: A book is a"	literature	-6.73555	▁literature	['___', '____', '(', '__', '______']	aff	aff
"Complete the sentence below with only one category word.\nSentence: ""A book is a ___."" Completed sentence: A book is a"	furniture	-10.385731	▁furniture	['___', '____', '(', '__', '______']	aff	neg
"Complete the sentence below with only one category word.\nSentence: ""A book is not a ___."" Completed sentence: A book is not a"	furniture	-8.083982	▁furniture	['___', '____', '______', '(', '__']	neg	neg
"Complete the sentence below with only one category word.\nSentence: ""A book is not a ___."" Completed sentence: A book is not a"	literature	-7.4994297	▁literature	['___', '____', '______', '(', '__']	neg	aff
"Complete the sentence below with only one category word.\nSentence: ""A pencil is a ___."" Completed sentence: A pencil is a"	stationary	-6.7719917	▁stationary	['___', 'noun', 'tool', 'writing', '(']	aff	aff
"Complete the sentence below with only one category word.\nSentence: ""A pencil is a ___."" Completed sentence: A pencil is a"	food	-10.31656	▁food	['___', 'noun', 'tool', 'writing', '(']	aff	neg
"Complete the sentence below with only one category word.\nSentence: ""A pencil is not a ___."" Completed sentence: A pencil is not a"	food	-7.583433	▁food	['___', '____', '(', 'noun', '\\']	neg	neg
"Complete the sentence below with only one category word.\nSentence: ""A pencil is not a ___."" Completed sentence: A pencil is not a"	stationary	-8.022291	▁stationary	['___', '____', '(', 'noun', '\\']	neg	aff
"Complete the sentence below with only one category word.\nSentence: ""A phone is an ___."" Completed sentence: A phone is an"	instrument	-5.914854	▁instrument	['___', 'electronic', '____', '__', 'object']	aff	aff
"Complete the sentence below with only one category word.\nSentence: ""A phone is a ___."" Completed sentence: A phone is a"	valley	-15.479909	▁valley	['___', '____', '(', 'device', '__']	aff	neg
"Complete the sentence below with only one category word.\nSentence: ""A phone is not a ___."" Completed sentence: A phone is not a"	valley	-15.858837	▁valley	['___', '____', '(', '__', '\\']	neg	neg
"Complete the sentence below with only one category word.\nSentence: ""A phone is not an ___."" Completed sentence: A phone is not an"	instrument	-5.471014	▁instrument	['___', '____', '__', 'object', '$\\']	neg	aff
"Complete the sentence below with only one category word.\nSentence: ""A mouse is a ___."" Completed sentence: A mouse is a"	mammal	-2.2210712	▁mammal	['___', 'mammal', '____', 'small', '(']	aff	aff
"Complete the sentence below with only one category word.\nSentence: ""A mouse is a ___."" Completed sentence: A mouse is a"	reptile	-6.4714127	▁reptile	['___', 'mammal', '____', 'small', '(']	aff	neg
"Complete the sentence below with only one category word.\nSentence: ""A mouse is not a ___."" Completed sentence: A mouse is not a"	reptile	-5.339649	▁reptile	['___', '____', 'mammal', '(', '__']	neg	neg
"Complete the sentence below with only one category word.\nSentence: ""A mouse is not a ___."" Completed sentence: A mouse is not a"	mammal	-2.4389458	▁mammal	['___', '____', 'mammal', '(', '__']	neg	aff
"Complete the sentence below with only one category word.\nSentence: ""A creeper is a ___."" Completed sentence: A creeper is a"	plant	-2.0807056	▁plant	['plant', '___', '____', 'vine', 'climbing']	aff	aff
"Complete the sentence below with only one category word.\nSentence: ""A creeper is a ___."" Completed sentence: A creeper is a"	fish	-13.518834	▁fish	['plant', '___', '____', 'vine', 'climbing']	aff	neg
"Complete the sentence below with only one category word.\nSentence: ""A creeper is not a ___."" Completed sentence: A creeper is not a"	fish	-10.304089	▁fish	['___', 'plant', '____', '______', '________']	neg	neg
"Complete the sentence below with only one category word.\nSentence: ""A creeper is not a ___."" Completed sentence: A creeper is not a"	plant	-2.3017445	▁plant	['___', 'plant', '____', '______', '________']	neg	aff
"Complete the sentence below with only one category word.\nSentence: ""A teacher is a ___."" Completed sentence: A teacher is a"	person	-2.621685	▁person	['(', '___', 'person', '____', 'professional']	aff	aff
"Complete the sentence below with only one category word.\nSentence: ""A teacher is a ___."" Completed sentence: A teacher is a"	thing	-10.903862	▁thing	['(', '___', 'person', '____', 'professional']	aff	neg
"Complete the sentence below with only one category word.\nSentence: ""A teacher is not a ___."" Completed sentence: A teacher is not a"	thing	-9.011366	▁thing	['____', '___', '(', '_______', '________']	neg	neg
"Complete the sentence below with only one category word.\nSentence: ""A teacher is not a ___."" Completed sentence: A teacher is not a"	person	-4.5789375	▁person	['____', '___', '(', '_______', '________']	neg	aff
"Complete the sentence below with only one category word.\nSentence: ""A doctor is a ___."" Completed sentence: A doctor is a"	person	-2.5793877	▁person	['professional', 'person', '(', '___', '\\']	aff	aff
"Complete the sentence below with only one category word.\nSentence: ""A doctor is an ___."" Completed sentence: A doctor is an"	animal	-5.330271	▁animal	['___', '____', '_______', '__', '______']	aff	neg
"Complete the sentence below with only one category word.\nSentence: ""A doctor is not an ___."" Completed sentence: A doctor is not an"	animal	-4.0679855	▁animal	['___', '____', '_______', '__', '______']	neg	neg
"Complete the sentence below with only one category word.\nSentence: ""A doctor is not a ___."" Completed sentence: A doctor is not a"	person	-4.4536476	▁person	['____', '___', '_______', '(', 'doctor']	neg	aff
"Complete the sentence below with only one category word.\nSentence: ""A lizard is a ___."" Completed sentence: A lizard is a"	reptile	-1.1778202	▁reptile	['reptile', 'vertebrate', '___', '____', '(']	aff	aff
"Complete the sentence below with only one category word.\nSentence: ""A lizard is a ___."" Completed sentence: A lizard is a"	mammal	-4.0899754	▁mammal	['reptile', 'vertebrate', '___', '____', '(']	aff	neg
"Complete the sentence below with only one category word.\nSentence: ""A lizard is not a ___."" Completed sentence: A lizard is not a"	mammal	-2.7803555	▁mammal	['___', '____', 'reptile', 'mammal', 'vertebrate']	neg	neg
"Complete the sentence below with only one category word.\nSentence: ""A lizard is not a ___."" Completed sentence: A lizard is not a"	reptile	-2.4986725	▁reptile	['___', '____', 'reptile', 'mammal', 'vertebrate']	neg	aff
"Complete the sentence below with only one category word.\nSentence: ""A skyscraper is a ___."" Completed sentence: A skyscraper is a"	building	-2.570198	▁building	['___', 'building', '__', '____', 'man']	aff	aff
"Complete the sentence below with only one category word.\nSentence: ""A skyscraper is a ___."" Completed sentence: A skyscraper is a"	fish	-15.274498	▁fish	['___', 'building', '__', '____', 'man']	aff	neg
"Complete the sentence below with only one category word.\nSentence: ""A skyscraper is not a ___."" Completed sentence: A skyscraper is not a"	fish	-9.968481	▁fish	['___', '____', 'building', '__', '_______']	neg	neg
"Complete the sentence below with only one category word.\nSentence: ""A skyscraper is not a ___."" Completed sentence: A skyscraper is not a"	building	-2.726427	▁building	['___', '____', 'building', '__', '_______']	neg	aff
"Complete the sentence below with only one category word.\nSentence: ""A barn is a ___."" Completed sentence: A barn is a"	building	-2.1180935	▁building	['___', 'building', '____', 'structure', '__']	aff	aff
"Complete the sentence below with only one category word.\nSentence: ""A barn is a ___."" Completed sentence: A barn is a"	bird	-11.4837885	▁bird	['___', 'building', '____', 'structure', '__']	aff	neg
"Complete the sentence below with only one category word.\nSentence: ""A barn is not a ___."" Completed sentence: A barn is not a"	bird	-7.9510994	▁bird	['___', '____', '$\\', '_______', '__']	neg	neg
"Complete the sentence below with only one category word.\nSentence: ""A barn is not a ___."" Completed sentence: A barn is not a"	building	-3.3196983	▁building	['___', '____', '$\\', '_______', '__']	neg	aff
"Complete the sentence below with only one category word.\nSentence: ""A rock is a ___."" Completed sentence: A rock is a"	solid	-4.1962757	▁solid	['___', '__', 'natural', '____', 'mineral']	aff	aff
"Complete the sentence below with only one category word.\nSentence: ""A rock is a ___."" Completed sentence: A rock is a"	liquid	-10.156614	▁liquid	['___', '__', 'natural', '____', 'mineral']	aff	neg
"Complete the sentence below with only one category word.\nSentence: ""A rock is not a ___."" Completed sentence: A rock is not a"	liquid	-7.6791553	▁liquid	['___', '____', '__', '(', '________']	neg	neg
"Complete the sentence below with only one category word.\nSentence: ""A rock is not a ___."" Completed sentence: A rock is not a"	solid	-5.0081234	▁solid	['___', '____', '__', '(', '________']	neg	aff
"Complete the sentence below with only one category word.\nSentence: ""A hammer is a ___."" Completed sentence: A hammer is a"	tool	-0.8735523	▁tool	['tool', '___', '(', '____', 'noun']	aff	aff
"Complete the sentence below with only one category word.\nSentence: ""A hammer is a ___."" Completed sentence: A hammer is a"	plant	-10.384613	▁plant	['tool', '___', '(', '____', 'noun']	aff	neg
"Complete the sentence below with only one category word.\nSentence: ""A hammer is not a ___."" Completed sentence: A hammer is not a"	plant	-7.61887	▁plant	['tool', '___', '____', '(', '\\']	neg	neg
"Complete the sentence below with only one category word.\nSentence: ""A hammer is not a ___."" Completed sentence: A hammer is not a"	tool	-1.5518017	▁tool	['tool', '___', '____', '(', '\\']	neg	aff
"Complete the sentence below with only one category word.\nSentence: ""A hotel is a ___."" Completed sentence: A hotel is a"	building	-4.0762024	▁building	['___', '(', 'place', '____', 'service']	aff	aff
"Complete the sentence below with only one category word.\nSentence: ""A hotel is a ___."" Completed sentence: A hotel is a"	machine	-10.933374	▁machine	['___', '(', 'place', '____', 'service']	aff	neg
"Complete the sentence below with only one category word.\nSentence: ""A hotel is not a ___."" Completed sentence: A hotel is not a"	machine	-10.098963	▁machine	['___', '____', '(', '$\\', '_____']	neg	neg
"Complete the sentence below with only one category word.\nSentence: ""A hotel is not a ___."" Completed sentence: A hotel is not a"	building	-5.2509327	▁building	['___', '____', '(', '$\\', '_____']	neg	aff
"Complete the sentence below with only one category word.\nSentence: ""A cactus is a ___."" Completed sentence: A cactus is a"	plant	-0.96308136	▁plant	['plant', '___', '____', '__', '(']	aff	aff
"Complete the sentence below with only one category word.\nSentence: ""A cactus is a ___."" Completed sentence: A cactus is a"	fish	-14.706973	▁fish	['plant', '___', '____', '__', '(']	aff	neg
"Complete the sentence below with only one category word.\nSentence: ""A cactus is not a ___."" Completed sentence: A cactus is not a"	fish	-10.747927	▁fish	['___', 'plant', '____', '__', '(']	neg	neg
"Complete the sentence below with only one category word.\nSentence: ""A cactus is not a ___."" Completed sentence: A cactus is not a"	plant	-1.7161655	▁plant	['___', 'plant', '____', '__', '(']	neg	aff
"Complete the sentence below with only one category word.\nSentence: ""A bush is a ___."" Completed sentence: A bush is a"	plant	-1.5238209	▁plant	['plant', '___', 'shrub', '____', '______']	aff	aff
"Complete the sentence below with only one category word.\nSentence: ""A bush is a ___."" Completed sentence: A bush is a"	fish	-15.421762	▁fish	['plant', '___', 'shrub', '____', '______']	aff	neg
"Complete the sentence below with only one category word.\nSentence: ""A bush is not a ___."" Completed sentence: A bush is not a"	fish	-9.719566	▁fish	['___', 'plant', '____', '__', '______']	neg	neg
"Complete the sentence below with only one category word.\nSentence: ""A bush is not a ___."" Completed sentence: A bush is not a"	plant	-2.1846428	▁plant	['___', 'plant', '____', '__', '______']	neg	aff
"Complete the sentence below with only one category word.\nSentence: ""A herb is a ___."" Completed sentence: A herb is a"	plant	-1.8080921	▁plant	['plant', '___', '____', '______', '________']	aff	aff
"Complete the sentence below with only one category word.\nSentence: ""A herb is a ___."" Completed sentence: A herb is a"	fish	-13.793039	▁fish	['plant', '___', '____', '______', '________']	aff	neg
"Complete the sentence below with only one category word.\nSentence: ""A herb is not a ___."" Completed sentence: A herb is not a"	fish	-9.4149	▁fish	['___', '____', 'plant', '__', '(']	neg	neg
"Complete the sentence below with only one category word.\nSentence: ""A herb is not a ___."" Completed sentence: A herb is not a"	plant	-2.6967964	▁plant	['___', '____', 'plant', '__', '(']	neg	aff
"Complete the sentence below with only one category word.\nSentence: ""A vine is a ___."" Completed sentence: A vine is a"	plant	-1.6237888	▁plant	['plant', '___', '____', '(', 'climbing']	aff	aff
"Complete the sentence below with only one category word.\nSentence: ""A vine is a ___."" Completed sentence: A vine is a"	fish	-13.360393	▁fish	['plant', '___', '____', '(', 'climbing']	aff	neg
"Complete the sentence below with only one category word.\nSentence: ""A vine is not a ___."" Completed sentence: A vine is not a"	fish	-8.7970295	▁fish	['___', '____', 'plant', '(', '__']	neg	neg
"Complete the sentence below with only one category word.\nSentence: ""A vine is not a ___."" Completed sentence: A vine is not a"	plant	-2.304531	▁plant	['___', '____', 'plant', '(', '__']	neg	aff
"Complete the sentence below with only one category word.\nSentence: ""A lily is a ___."" Completed sentence: A lily is a"	plant	-2.2065487	▁plant	['flower', '___', 'plant', '____', '(']	aff	aff
"Complete the sentence below with only one category word.\nSentence: ""A lily is a ___."" Completed sentence: A lily is a"	person	-8.699736	▁person	['flower', '___', 'plant', '____', '(']	aff	neg
"Complete the sentence below with only one category word.\nSentence: ""A lily is not a ___."" Completed sentence: A lily is not a"	person	-7.9106693	▁person	['___', 'flower', '____', 'plant', '(']	neg	neg
"Complete the sentence below with only one category word.\nSentence: ""A lily is not a ___."" Completed sentence: A lily is not a"	plant	-2.6681118	▁plant	['___', 'flower', '____', 'plant', '(']	neg	aff
"Complete the sentence below with only one category word.\nSentence: ""An airplane is a ___."" Completed sentence: An airplane is a"	vehicle	-1.8667927	▁vehicle	['vehicle', '___', 'noun', '____', '__']	aff	aff
"Complete the sentence below with only one category word.\nSentence: ""An airplane is a ___."" Completed sentence: An airplane is a"	drink	-12.461543	▁drink	['vehicle', '___', 'noun', '____', '__']	aff	neg
"Complete the sentence below with only one category word.\nSentence: ""An airplane is not a ___."" Completed sentence: An airplane is not a"	drink	-9.74114	▁drink	['___', '____', 'vehicle', '_______', '\\']	neg	neg
"Complete the sentence below with only one category word.\nSentence: ""An airplane is not a ___."" Completed sentence: An airplane is not a"	vehicle	-2.5085526	▁vehicle	['___', '____', 'vehicle', '_______', '\\']	neg	aff
"Complete the sentence below with only one category word.\nSentence: ""A phone is a ___."" Completed sentence: A phone is a"	gadget	-5.1535664	▁gadget	['___', '____', '(', 'device', '__']	aff	aff
"Complete the sentence below with only one category word.\nSentence: ""A phone is a ___."" Completed sentence: A phone is a"	food	-10.752289	▁food	['___', '____', '(', 'device', '__']	aff	neg
"Complete the sentence below with only one category word.\nSentence: ""A phone is not a ___."" Completed sentence: A phone is not a"	food	-7.519228	▁food	['___', '____', '(', '__', '\\']	neg	neg
"Complete the sentence below with only one category word.\nSentence: ""A phone is not a ___."" Completed sentence: A phone is not a"	gadget	-6.606064	▁gadget	['___', '____', '(', '__', '\\']	neg	aff
"Complete the sentence below with only one category word.\nSentence: ""A turtle is an ___."" Completed sentence: A turtle is an"	animal	-0.98563004	▁animal	['animal', '___', '__', 'reptile', 'invertebrate']	aff	aff
"Complete the sentence below with only one category word.\nSentence: ""A turtle is a ___."" Completed sentence: A turtle is a"	toy	-9.834835	▁toy	['reptile', '___', 'vertebrate', '(', '____']	aff	neg
"Complete the sentence below with only one category word.\nSentence: ""A turtle is not a ___."" Completed sentence: A turtle is not a"	toy	-8.349947	▁toy	['___', '____', 'mammal', '__', '(']	neg	neg
"Complete the sentence below with only one category word.\nSentence: ""A turtle is not an ___."" Completed sentence: A turtle is not an"	animal	-1.1426659	▁animal	['animal', '___', '__', '____', '_______']	neg	aff
"Complete the sentence below with only one category word.\nSentence: ""A vegetable is a ___."" Completed sentence: A vegetable is a"	food	-5.046423	▁food	['___', 'fruit', '____', '__', 'plant']	aff	aff
"Complete the sentence below with only one category word.\nSentence: ""A vegetable is a ___."" Completed sentence: A vegetable is a"	drink	-12.57832	▁drink	['___', 'fruit', '____', '__', 'plant']	aff	neg
"Complete the sentence below with only one category word.\nSentence: ""A vegetable is not a ___."" Completed sentence: A vegetable is not a"	drink	-8.421663	▁drink	['fruit', '___', '____', '__', '(']	neg	neg
"Complete the sentence below with only one category word.\nSentence: ""A vegetable is not a ___."" Completed sentence: A vegetable is not a"	food	-5.3367634	▁food	['fruit', '___', '____', '__', '(']	neg	aff
"Complete the sentence below with only one category word.\nSentence: ""A lark is a ___."" Completed sentence: A lark is a"	bird	-1.1106014	▁bird	['bird', 'song', '___', 'type', 'small']	aff	aff
"Complete the sentence below with only one category word.\nSentence: ""A lark is a ___."" Completed sentence: A lark is a"	mammal	-7.8440247	▁mammal	['bird', 'song', '___', 'type', 'small']	aff	neg
"Complete the sentence below with only one category word.\nSentence: ""A lark is not a ___."" Completed sentence: A lark is not a"	mammal	-5.7157173	▁mammal	['bird', '___', '____', 'song', '__']	neg	neg
"Complete the sentence below with only one category word.\nSentence: ""A lark is not a ___."" Completed sentence: A lark is not a"	bird	-1.5797768	▁bird	['bird', '___', '____', 'song', '__']	neg	aff
"Complete the sentence below with only one category word.\nSentence: ""A thrush is a ___."" Completed sentence: A thrush is a"	bird	-0.86782455	▁bird	['bird', '___', 'song', 'type', '____']	aff	aff
"Complete the sentence below with only one category word.\nSentence: ""A thrush is a ___."" Completed sentence: A thrush is a"	reptile	-9.228188	▁reptile	['bird', '___', 'song', 'type', '____']	aff	neg
"Complete the sentence below with only one category word.\nSentence: ""A thrush is not a ___."" Completed sentence: A thrush is not a"	reptile	-6.6362324	▁reptile	['bird', '___', '____', '$\\', '______']	neg	neg
"Complete the sentence below with only one category word.\nSentence: ""A thrush is not a ___."" Completed sentence: A thrush is not a"	bird	-1.4948769	▁bird	['bird', '___', '____', '$\\', '______']	neg	aff
"Complete the sentence below with only one category word.\nSentence: ""A canary is a ___."" Completed sentence: A canary is a"	bird	-1.2780228	▁bird	['bird', '___', 'song', '____', '__']	aff	aff
"Complete the sentence below with only one category word.\nSentence: ""A canary is a ___."" Completed sentence: A canary is a"	mineral	-10.546142	▁mineral	['bird', '___', 'song', '____', '__']	aff	neg
"Complete the sentence below with only one category word.\nSentence: ""A canary is not a ___."" Completed sentence: A canary is not a"	mineral	-9.075083	▁mineral	['___', 'bird', '____', '__', '______']	neg	neg
"Complete the sentence below with only one category word.\nSentence: ""A canary is not a ___."" Completed sentence: A canary is not a"	bird	-1.8523121	▁bird	['___', 'bird', '____', '__', '______']	neg	aff
"Complete the sentence below with only one category word.\nSentence: ""A human is an ___."" Completed sentence: A human is an"	animal	-1.3413715	▁animal	['animal', '___', '__', '_______', 'organism']	aff	aff
"Complete the sentence below with only one category word.\nSentence: ""A human is a ___."" Completed sentence: A human is a"	mineral	-8.603174	▁mineral	['mammal', '___', '(', '__', '_______']	aff	neg
"Complete the sentence below with only one category word.\nSentence: ""A human is not a ___."" Completed sentence: A human is not a"	mineral	-8.091194	▁mineral	['___', '____', '(', '__', '_______']	neg	neg
"Complete the sentence below with only one category word.\nSentence: ""A human is not an ___."" Completed sentence: A human is not an"	animal	-1.1847515	▁animal	['animal', '___', '____', '__', '_______']	neg	aff
"Complete the sentence below with only one category word.\nSentence: ""A chair is a ___."" Completed sentence: A chair is a"	seat	-5.872202	▁seat	['___', 'furniture', '____', '__', 'piece']	aff	aff
"Complete the sentence below with only one category word.\nSentence: ""A chair is a ___."" Completed sentence: A chair is a"	mammal	-13.542427	▁mammal	['___', 'furniture', '____', '__', 'piece']	aff	neg
"Complete the sentence below with only one category word.\nSentence: ""A chair is not a ___."" Completed sentence: A chair is not a"	mammal	-10.145258	▁mammal	['___', '____', '__', '$\\', '(']	neg	neg
"Complete the sentence below with only one category word.\nSentence: ""A chair is not a ___."" Completed sentence: A chair is not a"	seat	-6.544935	▁seat	['___', '____', '__', '$\\', '(']	neg	aff
"Complete the sentence below with only one category word.\nSentence: ""A pine is a ___."" Completed sentence: A pine is a"	tree	-1.419281	▁tree	['tree', 'plant', '___', 'kind', '__']	aff	aff
"Complete the sentence below with only one category word.\nSentence: ""A pine is a ___."" Completed sentence: A pine is a"	person	-9.611889	▁person	['tree', 'plant', '___', 'kind', '__']	aff	neg
"Complete the sentence below with only one category word.\nSentence: ""A pine is not a ___."" Completed sentence: A pine is not a"	person	-8.561176	▁person	['___', 'tree', '____', '______', '__']	neg	neg
"Complete the sentence below with only one category word.\nSentence: ""A pine is not a ___."" Completed sentence: A pine is not a"	tree	-2.0460548	▁tree	['___', 'tree', '____', '______', '__']	neg	aff
"Complete the sentence below with only one category word.\nSentence: ""A potato is a ___."" Completed sentence: A potato is a"	vegetable	-1.4991531	▁vegetable	['vegetable', '___', 'fruit', '____', '__']	aff	aff
"Complete the sentence below with only one category word.\nSentence: ""A potato is a ___."" Completed sentence: A potato is a"	fruit	-2.4426174	▁fruit	['vegetable', '___', 'fruit', '____', '__']	aff	neg
"Complete the sentence below with only one category word.\nSentence: ""A potato is not a ___."" Completed sentence: A potato is not a"	fruit	-1.9198933	▁fruit	['vegetable', 'fruit', '___', '____', '__']	neg	neg
"Complete the sentence below with only one category word.\nSentence: ""A potato is not a ___."" Completed sentence: A potato is not a"	vegetable	-1.734272	▁vegetable	['vegetable', 'fruit', '___', '____', '__']	neg	aff
"Complete the sentence below with only one category word.\nSentence: ""A pea is a ___."" Completed sentence: A pea is a"	vegetable	-1.5815086	▁vegetable	['vegetable', '___', 'fruit', '____', '__']	aff	aff
"Complete the sentence below with only one category word.\nSentence: ""A pea is a ___."" Completed sentence: A pea is a"	fruit	-2.255186	▁fruit	['vegetable', '___', 'fruit', '____', '__']	aff	neg
"Complete the sentence below with only one category word.\nSentence: ""A pea is not a ___."" Completed sentence: A pea is not a"	fruit	-2.1775494	▁fruit	['___', '____', 'fruit', 'vegetable', '__']	neg	neg
"Complete the sentence below with only one category word.\nSentence: ""A pea is not a ___."" Completed sentence: A pea is not a"	vegetable	-2.2555027	▁vegetable	['___', '____', 'fruit', 'vegetable', '__']	neg	aff
"Complete the sentence below with only one category word.\nSentence: ""A frog is an ___."" Completed sentence: A frog is an"	amphibian	-1.2239285	▁amp	['amp', 'animal', '___', '__', '____']	aff	aff
"Complete the sentence below with only one category word.\nSentence: ""A frog is a ___."" Completed sentence: A frog is a"	reptile	-3.647707	▁reptile	['___', '____', '__', 'vertebrate', '(']	aff	neg
"Complete the sentence below with only one category word.\nSentence: ""A frog is not a ___."" Completed sentence: A frog is not a"	reptile	-3.7852077	▁reptile	['___', '____', '__', 'mammal', '(']	neg	neg
"Complete the sentence below with only one category word.\nSentence: ""A frog is not an ___."" Completed sentence: A frog is not an"	amphibian	-2.4846458	▁amp	['animal', '___', 'amp', '__', '____']	neg	aff
"Complete the sentence below with only one category word.\nSentence: ""A diamond is a ___."" Completed sentence: A diamond is a"	mineral	-2.636219	▁mineral	['___', '____', '________', '__', 'mineral']	aff	aff
"Complete the sentence below with only one category word.\nSentence: ""A diamond is a ___."" Completed sentence: A diamond is a"	toy	-14.0422945	▁toy	['___', '____', '________', '__', 'mineral']	aff	neg
"Complete the sentence below with only one category word.\nSentence: ""A diamond is not a ___."" Completed sentence: A diamond is not a"	toy	-10.339758	▁toy	['___', '____', '________', '__', '(']	neg	neg
"Complete the sentence below with only one category word.\nSentence: ""A diamond is not a ___."" Completed sentence: A diamond is not a"	mineral	-3.3396873	▁mineral	['___', '____', '________', '__', '(']	neg	aff
"Complete the sentence below with only one category word.\nSentence: ""A watch is a ___."" Completed sentence: A watch is a"	timepiece	-2.9805737	▁time	['___', '(', '____', '__', 'time']	aff	aff
"Complete the sentence below with only one category word.\nSentence: ""A watch is a ___."" Completed sentence: A watch is a"	toy	-8.076437	▁toy	['___', '(', '____', '__', 'time']	aff	neg
"Complete the sentence below with only one category word.\nSentence: ""A watch is not a ___."" Completed sentence: A watch is not a"	toy	-6.3257923	▁toy	['___', '____', '(', '__', '$\\']	neg	neg
"Complete the sentence below with only one category word.\nSentence: ""A watch is not a ___."" Completed sentence: A watch is not a"	timepiece	-4.4065304	▁time	['___', '____', '(', '__', '$\\']	neg	aff
"Complete the sentence below with only one category word.\nSentence: ""A knife is an ___."" Completed sentence: A knife is an"	utensil	-5.738268	▁utens	['___', 'object', '____', '__', '_____']	aff	aff
"Complete the sentence below with only one category word.\nSentence: ""A knife is a ___."" Completed sentence: A knife is a"	food	-7.233122	▁food	['___', 'tool', '____', 'noun', 'kitchen']	aff	neg
"Complete the sentence below with only one category word.\nSentence: ""A knife is not a ___."" Completed sentence: A knife is not a"	food	-5.800619	▁food	['___', '____', 'tool', '(', '______']	neg	neg
"Complete the sentence below with only one category word.\nSentence: ""A knife is not an ___."" Completed sentence: A knife is not an"	utensil	-6.5975075	▁utens	['___', '____', 'object', '__', '______']	neg	aff
"Complete the sentence below with only one category word.\nSentence: ""A plate is a ___."" Completed sentence: A plate is a"	dish	-4.5766087	▁dish	['___', '____', '______', '__', '\\']	aff	aff
"Complete the sentence below with only one category word.\nSentence: ""A plate is a ___."" Completed sentence: A plate is a"	food	-3.8621445	▁food	['___', '____', '______', '__', '\\']	aff	neg
"Complete the sentence below with only one category word.\nSentence: ""A plate is not a ___."" Completed sentence: A plate is not a"	food	-4.38476	▁food	['___', '____', '__', '______', '(']	neg	neg
"Complete the sentence below with only one category word.\nSentence: ""A plate is not a ___."" Completed sentence: A plate is not a"	dish	-5.1015663	▁dish	['___', '____', '__', '______', '(']	neg	aff
"Complete the sentence below with only one category word.\nSentence: ""A cup is a ___."" Completed sentence: A cup is a"	dish	-7.9516487	▁dish	['container', '___', '____', '\\', '(']	aff	aff
"Complete the sentence below with only one category word.\nSentence: ""A cup is a ___."" Completed sentence: A cup is a"	food	-7.039356	▁food	['container', '___', '____', '\\', '(']	aff	neg
"Complete the sentence below with only one category word.\nSentence: ""A cup is not a ___."" Completed sentence: A cup is not a"	food	-5.7272434	▁food	['___', '____', '\\', '(', 'container']	neg	neg
"Complete the sentence below with only one category word.\nSentence: ""A cup is not a ___."" Completed sentence: A cup is not a"	dish	-7.767355	▁dish	['___', '____', '\\', '(', 'container']	neg	aff
"Complete the sentence below with only one category word.\nSentence: ""A zebra is a ___."" Completed sentence: A zebra is a"	mammal	-1.3394947	▁mammal	['mammal', '___', '____', 'noun', '_______']	aff	aff
"Complete the sentence below with only one category word.\nSentence: ""A zebra is a ___."" Completed sentence: A zebra is a"	fish	-9.470001	▁fish	['mammal', '___', '____', 'noun', '_______']	aff	neg
"Complete the sentence below with only one category word.\nSentence: ""A zebra is not a ___."" Completed sentence: A zebra is not a"	fish	-5.8499126	▁fish	['___', 'mammal', '____', '__', '(']	neg	neg
"Complete the sentence below with only one category word.\nSentence: ""A zebra is not a ___."" Completed sentence: A zebra is not a"	mammal	-1.9133129	▁mammal	['___', 'mammal', '____', '__', '(']	neg	aff
"Complete the sentence below with only one category word.\nSentence: ""A cheetah is a ___."" Completed sentence: A cheetah is a"	mammal	-1.3347797	▁mammal	['mammal', '___', '____', '__', '(']	aff	aff
"Complete the sentence below with only one category word.\nSentence: ""A cheetah is a ___."" Completed sentence: A cheetah is a"	reptile	-6.1317863	▁reptile	['mammal', '___', '____', '__', '(']	aff	neg
"Complete the sentence below with only one category word.\nSentence: ""A cheetah is not a ___."" Completed sentence: A cheetah is not a"	reptile	-4.945423	▁reptile	['mammal', '___', '____', '__', '_______']	neg	neg
"Complete the sentence below with only one category word.\nSentence: ""A cheetah is not a ___."" Completed sentence: A cheetah is not a"	mammal	-1.8739834	▁mammal	['mammal', '___', '____', '__', '_______']	neg	aff
"Complete the sentence below with only one category word.\nSentence: ""A diamond is a ___."" Completed sentence: A diamond is a"	gem	-3.4613762	▁gem	['___', '____', '________', '__', 'mineral']	aff	aff
"Complete the sentence below with only one category word.\nSentence: ""A diamond is a ___."" Completed sentence: A diamond is a"	place	-12.311622	▁place	['___', '____', '________', '__', 'mineral']	aff	neg
"Complete the sentence below with only one category word.\nSentence: ""A diamond is not a ___."" Completed sentence: A diamond is not a"	place	-9.988211	▁place	['___', '____', '________', '__', '(']	neg	neg
"Complete the sentence below with only one category word.\nSentence: ""A diamond is not a ___."" Completed sentence: A diamond is not a"	gem	-3.805704	▁gem	['___', '____', '________', '__', '(']	neg	aff
"Complete the sentence below with only one category word.\nSentence: ""A baseball is a ___."" Completed sentence: A baseball is a"	sport	-2.9864845	▁sport	['___', 'noun', '____', 'sports', 'sport']	aff	aff
"Complete the sentence below with only one category word.\nSentence: ""A baseball is a ___."" Completed sentence: A baseball is a"	toy	-5.9515	▁toy	['___', 'noun', '____', 'sports', 'sport']	aff	neg
"Complete the sentence below with only one category word.\nSentence: ""A baseball is not a ___."" Completed sentence: A baseball is not a"	toy	-6.245262	▁toy	['___', '____', '(', '______', '\\']	neg	neg
"Complete the sentence below with only one category word.\nSentence: ""A baseball is not a ___."" Completed sentence: A baseball is not a"	sport	-4.3205986	▁sport	['___', '____', '(', '______', '\\']	neg	aff
"Complete the sentence below with only one category word.\nSentence: ""A lamp is a ___."" Completed sentence: A lamp is a"	lighting	-4.8486786	▁lighting	['___', 'noun', '____', '(', '__']	aff	aff
"Complete the sentence below with only one category word.\nSentence: ""A lamp is a ___."" Completed sentence: A lamp is a"	food	-10.197943	▁food	['___', 'noun', '____', '(', '__']	aff	neg
"Complete the sentence below with only one category word.\nSentence: ""A lamp is not a ___."" Completed sentence: A lamp is not a"	food	-7.7163544	▁food	['___', '____', '(', '$\\', '\\']	neg	neg
"Complete the sentence below with only one category word.\nSentence: ""A lamp is not a ___."" Completed sentence: A lamp is not a"	lighting	-6.9992733	▁lighting	['___', '____', '(', '$\\', '\\']	neg	aff
"Complete the sentence below with only one category word.\nSentence: ""A lizard is an ___."" Completed sentence: A lizard is an"	animal	-1.1095028	▁animal	['animal', '___', 'reptile', 'amp', '__']	aff	aff
"Complete the sentence below with only one category word.\nSentence: ""A lizard is a ___."" Completed sentence: A lizard is a"	mineral	-9.184942	▁mineral	['reptile', 'vertebrate', '___', '____', '(']	aff	neg
"Complete the sentence below with only one category word.\nSentence: ""A lizard is not a ___."" Completed sentence: A lizard is not a"	mineral	-8.57708	▁mineral	['___', '____', 'reptile', 'mammal', 'vertebrate']	neg	neg
"Complete the sentence below with only one category word.\nSentence: ""A lizard is not an ___."" Completed sentence: A lizard is not an"	animal	-1.3436565	▁animal	['animal', '___', '____', '__', 'invertebrate']	neg	aff
"Complete the sentence below with only one category word.\nSentence: ""A computer is an ___."" Completed sentence: A computer is an"	electronics	-6.742567	▁electronics	['___', '____', '__', 'electronic', 'example']	aff	aff
"Complete the sentence below with only one category word.\nSentence: ""A computer is a ___."" Completed sentence: A computer is a"	furniture	-10.399881	▁furniture	['___', '(', '____', '__', 'tool']	aff	neg
"Complete the sentence below with only one category word.\nSentence: ""A computer is not a ___."" Completed sentence: A computer is not a"	furniture	-8.063053	▁furniture	['___', '____', '(', '__', '\\']	neg	neg
"Complete the sentence below with only one category word.\nSentence: ""A computer is not an ___."" Completed sentence: A computer is not an"	electronics	-7.856121	▁electronics	['___', '____', '__', 'object', '_______']	neg	aff
"Complete the sentence below with only one category word.\nSentence: ""A phone is an ___."" Completed sentence: A phone is an"	electronic	-2.3887043	▁electronic	['___', 'electronic', '____', '__', 'object']	aff	aff
"Complete the sentence below with only one category word.\nSentence: ""A phone is a ___."" Completed sentence: A phone is a"	mineral	-12.669365	▁mineral	['___', '____', '(', 'device', '__']	aff	neg
"Complete the sentence below with only one category word.\nSentence: ""A phone is not a ___."" Completed sentence: A phone is not a"	mineral	-10.549755	▁mineral	['___', '____', '(', '__', '\\']	neg	neg
"Complete the sentence below with only one category word.\nSentence: ""A phone is not an ___."" Completed sentence: A phone is not an"	electronic	-3.7350845	▁electronic	['___', '____', '__', 'object', '$\\']	neg	aff
"Complete the sentence below with only one category word.\nSentence: ""A spider is an ___."" Completed sentence: A spider is an"	invertebrate	-1.818716	▁invertebrate	['animal', 'invertebrate', 'insect', 'ar', '___']	aff	aff
"Complete the sentence below with only one category word.\nSentence: ""A spider is a ___."" Completed sentence: A spider is a"	vertebrate	-5.583784	▁vertebrate	['___', '(', '__', '____', 'invertebrate']	aff	neg
"Complete the sentence below with only one category word.\nSentence: ""A spider is not a ___."" Completed sentence: A spider is not a"	vertebrate	-4.121071	▁vertebrate	['___', '____', '(', '__', '$\\']	neg	neg
"Complete the sentence below with only one category word.\nSentence: ""A spider is not an ___."" Completed sentence: A spider is not an"	invertebrate	-2.404665	▁invertebrate	['animal', '___', 'insect', 'invertebrate', '__']	neg	aff
"Complete the sentence below with only one category word.\nSentence: ""A bus is a ___."" Completed sentence: A bus is a"	vehicle	-1.187685	▁vehicle	['vehicle', '___', '____', 'type', 'noun']	aff	aff
"Complete the sentence below with only one category word.\nSentence: ""A bus is a ___."" Completed sentence: A bus is a"	flower	-11.512569	▁flower	['vehicle', '___', '____', 'type', 'noun']	aff	neg
"Complete the sentence below with only one category word.\nSentence: ""A bus is not a ___."" Completed sentence: A bus is not a"	flower	-8.5484295	▁flower	['___', 'vehicle', '____', '__', '\\']	neg	neg
"Complete the sentence below with only one category word.\nSentence: ""A bus is not a ___."" Completed sentence: A bus is not a"	vehicle	-1.9004765	▁vehicle	['___', 'vehicle', '____', '__', '\\']	neg	aff
"Complete the sentence below with only one category word.\nSentence: ""A drill is a ___."" Completed sentence: A drill is a"	tool	-1.1923027	▁tool	['tool', '___', '____', 'hand', '(']	aff	aff
"Complete the sentence below with only one category word.\nSentence: ""A drill is a ___."" Completed sentence: A drill is a"	vegetable	-10.649162	▁vegetable	['tool', '___', '____', 'hand', '(']	aff	neg
"Complete the sentence below with only one category word.\nSentence: ""A drill is not a ___."" Completed sentence: A drill is not a"	vegetable	-8.787233	▁vegetable	['tool', '___', '____', '(', '\\']	neg	neg
"Complete the sentence below with only one category word.\nSentence: ""A drill is not a ___."" Completed sentence: A drill is not a"	tool	-1.765028	▁tool	['tool', '___', '____', '(', '\\']	neg	aff
"Complete the sentence below with only one category word.\nSentence: ""A fir is a ___."" Completed sentence: A fir is a"	tree	-1.862997	▁tree	['tree', 'con', '___', 'type', '____']	aff	aff
"Complete the sentence below with only one category word.\nSentence: ""A fir is a ___."" Completed sentence: A fir is a"	tool	-12.276873	▁tool	['tree', 'con', '___', 'type', '____']	aff	neg
"Complete the sentence below with only one category word.\nSentence: ""A fir is not a ___."" Completed sentence: A fir is not a"	tool	-11.146845	▁tool	['___', 'tree', '____', '______', 'con']	neg	neg
"Complete the sentence below with only one category word.\nSentence: ""A fir is not a ___."" Completed sentence: A fir is not a"	tree	-2.3133907	▁tree	['___', 'tree', '____', '______', 'con']	neg	aff
"Complete the sentence below with only one category word.\nSentence: ""A city is a ___."" Completed sentence: A city is a"	place	-4.0501537	▁place	['___', '____', '__', '(', '________']	aff	aff
"Complete the sentence below with only one category word.\nSentence: ""A city is a ___."" Completed sentence: A city is a"	thing	-10.426252	▁thing	['___', '____', '__', '(', '________']	aff	neg
"Complete the sentence below with only one category word.\nSentence: ""A city is not a ___."" Completed sentence: A city is not a"	thing	-7.989979	▁thing	['___', '____', '_______', '________', '__']	neg	neg
"Complete the sentence below with only one category word.\nSentence: ""A city is not a ___."" Completed sentence: A city is not a"	place	-4.6626987	▁place	['___', '____', '_______', '________', '__']	neg	aff
"Complete the sentence below with only one category word.\nSentence: ""A church is a ___."" Completed sentence: A church is a"	building	-3.2056847	▁building	['place', 'religious', '___', '____', '(']	aff	aff
"Complete the sentence below with only one category word.\nSentence: ""A church is a ___."" Completed sentence: A church is a"	toy	-12.7822275	▁toy	['place', 'religious', '___', '____', '(']	aff	neg
"Complete the sentence below with only one category word.\nSentence: ""A church is not a ___."" Completed sentence: A church is not a"	toy	-9.803226	▁toy	['___', '____', 'place', '_______', '_____']	neg	neg
"Complete the sentence below with only one category word.\nSentence: ""A church is not a ___."" Completed sentence: A church is not a"	building	-3.706213	▁building	['___', '____', 'place', '_______', '_____']	neg	aff
"Complete the sentence below with only one category word.\nSentence: ""A mall is a ___."" Completed sentence: A mall is a"	building	-4.802271	▁building	['___', '(', '____', '_____', 'shopping']	aff	aff
"Complete the sentence below with only one category word.\nSentence: ""A mall is a ___."" Completed sentence: A mall is a"	person	-8.193876	▁person	['___', '(', '____', '_____', 'shopping']	aff	neg
"Complete the sentence below with only one category word.\nSentence: ""A mall is not a ___."" Completed sentence: A mall is not a"	person	-7.4009533	▁person	['___', '____', '(', '__', '_____']	neg	neg
"Complete the sentence below with only one category word.\nSentence: ""A mall is not a ___."" Completed sentence: A mall is not a"	building	-5.5387573	▁building	['___', '____', '(', '__', '_____']	neg	aff
"Complete the sentence below with only one category word.\nSentence: ""A school is an ___."" Completed sentence: A school is an"	institution	-3.0578346	▁institution	['___', 'educational', '____', '__', 'academic']	aff	aff
"Complete the sentence below with only one category word.\nSentence: ""A school is a ___."" Completed sentence: A school is a"	person	-7.605276	▁person	['(', '___', '____', '__', 'place']	aff	neg
"Complete the sentence below with only one category word.\nSentence: ""A school is not a ___."" Completed sentence: A school is not a"	person	-7.828491	▁person	['____', '___', '_______', '(', '\\']	neg	neg
"Complete the sentence below with only one category word.\nSentence: ""A school is not an ___."" Completed sentence: A school is not an"	institution	-2.9699955	▁institution	['___', '____', '_______', 'institution', '__']	neg	aff
"Complete the sentence below with only one category word.\nSentence: ""A cat is a ___."" Completed sentence: A cat is a"	feline	-5.7891045	▁feline	['___', 'mammal', '____', '__', 'pet']	aff	aff
"Complete the sentence below with only one category word.\nSentence: ""A cat is a ___."" Completed sentence: A cat is a"	canine	-8.184877	▁canine	['___', 'mammal', '____', '__', 'pet']	aff	neg
"Complete the sentence below with only one category word.\nSentence: ""A cat is not a ___."" Completed sentence: A cat is not a"	canine	-6.994936	▁canine	['___', '____', 'mammal', '__', '(']	neg	neg
"Complete the sentence below with only one category word.\nSentence: ""A cat is not a ___."" Completed sentence: A cat is not a"	feline	-6.9496803	▁feline	['___', '____', 'mammal', '__', '(']	neg	aff
"Complete the sentence below with only one category word.\nSentence: ""A dog is a ___."" Completed sentence: A dog is a"	canine	-5.107073	▁canine	['___', '____', 'pet', 'mammal', '__']	aff	aff
"Complete the sentence below with only one category word.\nSentence: ""A dog is a ___."" Completed sentence: A dog is a"	feline	-8.757164	▁F	['___', '____', 'pet', 'mammal', '__']	aff	neg
"Complete the sentence below with only one category word.\nSentence: ""A dog is not a ___."" Completed sentence: A dog is not a"	feline	-7.8121643	▁feline	['___', '____', '__', '(', 'pet']	neg	neg
"Complete the sentence below with only one category word.\nSentence: ""A dog is not a ___."" Completed sentence: A dog is not a"	canine	-6.1750374	▁canine	['___', '____', '__', '(', 'pet']	neg	aff
"Complete the sentence below with only one category word.\nSentence: ""A crocodile is a ___."" Completed sentence: A crocodile is a"	reptile	-1.1460171	▁reptile	['reptile', '___', '____', 'mammal', '__']	aff	aff
"Complete the sentence below with only one category word.\nSentence: ""A crocodile is a ___."" Completed sentence: A crocodile is a"	fish	-5.7007675	▁fish	['reptile', '___', '____', 'mammal', '__']	aff	neg
"Complete the sentence below with only one category word.\nSentence: ""A crocodile is not a ___."" Completed sentence: A crocodile is not a"	fish	-3.9643536	▁fish	['reptile', '___', '____', 'mammal', '__']	neg	neg
"Complete the sentence below with only one category word.\nSentence: ""A crocodile is not a ___."" Completed sentence: A crocodile is not a"	reptile	-1.8893299	▁reptile	['reptile', '___', '____', 'mammal', '__']	neg	aff
"Complete the sentence below with only one category word.\nSentence: ""A book is a ___."" Completed sentence: A book is a"	writing	-6.672415	▁writing	['___', '____', '(', '__', '______']	aff	aff
"Complete the sentence below with only one category word.\nSentence: ""A book is an ___."" Completed sentence: A book is an"	insect	-13.869354	▁insect	['___', '__', '____', '______', '________']	aff	neg
"Complete the sentence below with only one category word.\nSentence: ""A book is not an ___."" Completed sentence: A book is not an"	insect	-11.111814	▁insect	['___', '____', '__', 'object', '_______']	neg	neg
"Complete the sentence below with only one category word.\nSentence: ""A book is not a ___."" Completed sentence: A book is not a"	writing	-8.256557	▁writing	['___', '____', '______', '(', '__']	neg	aff
"Complete the sentence below with only one category word.\nSentence: ""A house is a ___."" Completed sentence: A house is a"	structure	-3.8075829	▁structure	['___', '____', '__', '(', 'building']	aff	aff
"Complete the sentence below with only one category word.\nSentence: ""A house is a ___."" Completed sentence: A house is a"	tool	-7.8839836	▁tool	['___', '____', '__', '(', 'building']	aff	neg
"Complete the sentence below with only one category word.\nSentence: ""A house is not a ___."" Completed sentence: A house is not a"	tool	-7.7786007	▁tool	['___', '____', 'home', '_______', '$\\']	neg	neg
"Complete the sentence below with only one category word.\nSentence: ""A house is not a ___."" Completed sentence: A house is not a"	structure	-6.644514	▁structure	['___', '____', 'home', '_______', '$\\']	neg	aff
"Complete the sentence below with only one category word.\nSentence: ""A man is a ___."" Completed sentence: A man is a"	mammal	-4.8419075	▁mammal	['___', '____', 'human', '_______', '(']	aff	aff
"Complete the sentence below with only one category word.\nSentence: ""A man is a ___."" Completed sentence: A man is a"	reptile	-9.812689	▁reptile	['___', '____', 'human', '_______', '(']	aff	neg
"Complete the sentence below with only one category word.\nSentence: ""A man is not a ___."" Completed sentence: A man is not a"	reptile	-9.090908	▁reptile	['____', '___', '_______', '(', '______']	neg	neg
"Complete the sentence below with only one category word.\nSentence: ""A man is not a ___."" Completed sentence: A man is not a"	mammal	-5.8758907	▁mammal	['____', '___', '_______', '(', '______']	neg	aff
"Complete the sentence below with only one category word.\nSentence: ""A woman is a ___."" Completed sentence: A woman is a"	mammal	-6.899061	▁mammal	['____', '___', '(', 'person', '_______']	aff	aff
"Complete the sentence below with only one category word.\nSentence: ""A woman is a ___."" Completed sentence: A woman is a"	reptile	-12.250094	▁reptile	['____', '___', '(', 'person', '_______']	aff	neg
"Complete the sentence below with only one category word.\nSentence: ""A woman is not a ___."" Completed sentence: A woman is not a"	reptile	-11.827297	▁reptile	['____', '___', '_______', '______', '________']	neg	neg
"Complete the sentence below with only one category word.\nSentence: ""A woman is not a ___."" Completed sentence: A woman is not a"	mammal	-8.036217	▁mammal	['____', '___', '_______', '______', '________']	neg	aff
"Complete the sentence below with only one category word.\nSentence: ""An elephant is a ___."" Completed sentence: An elephant is a"	mammal	-1.01297	▁mammal	['mammal', '___', '____', '(', '__']	aff	aff
"Complete the sentence below with only one category word.\nSentence: ""An elephant is a ___."" Completed sentence: An elephant is a"	reptile	-6.323021	▁reptile	['mammal', '___', '____', '(', '__']	aff	neg
"Complete the sentence below with only one category word.\nSentence: ""An elephant is not a ___."" Completed sentence: An elephant is not a"	reptile	-4.830948	▁reptile	['mammal', '___', '____', '__', '(']	neg	neg
"Complete the sentence below with only one category word.\nSentence: ""An elephant is not a ___."" Completed sentence: An elephant is not a"	mammal	-1.7262783	▁mammal	['mammal', '___', '____', '__', '(']	neg	aff
"Complete the sentence below with only one category word.\nSentence: ""A balloon is a ___."" Completed sentence: A balloon is a"	toy	-5.692627	▁toy	['___', 'noun', '____', '________', '__']	aff	aff
"Complete the sentence below with only one category word.\nSentence: ""A balloon is a ___."" Completed sentence: A balloon is a"	building	-9.402086	▁building	['___', 'noun', '____', '________', '__']	aff	neg
"Complete the sentence below with only one category word.\nSentence: ""A balloon is not a ___."" Completed sentence: A balloon is not a"	building	-8.487261	▁building	['___', '____', '\\', 'noun', '_______']	neg	neg
"Complete the sentence below with only one category word.\nSentence: ""A balloon is not a ___."" Completed sentence: A balloon is not a"	toy	-5.9041595	▁toy	['___', '____', '\\', 'noun', '_______']	neg	aff
"Complete the sentence below with only one category word.\nSentence: ""A restaurant is a ___."" Completed sentence: A restaurant is a"	building	-6.29825	▁building	['(', '___', '_____', '____', 'place']	aff	aff
"Complete the sentence below with only one category word.\nSentence: ""A restaurant is a ___."" Completed sentence: A restaurant is a"	fish	-12.586081	▁fish	['(', '___', '_____', '____', 'place']	aff	neg
"Complete the sentence below with only one category word.\nSentence: ""A restaurant is not a ___."" Completed sentence: A restaurant is not a"	fish	-10.051031	▁fish	['___', '____', '(', '_______', 'restaurant']	neg	neg
"Complete the sentence below with only one category word.\nSentence: ""A restaurant is not a ___."" Completed sentence: A restaurant is not a"	building	-6.5916996	▁building	['___', '____', '(', '_______', 'restaurant']	neg	aff
"Complete the sentence below with only one category word.\nSentence: ""A whale is an ___."" Completed sentence: A whale is an"	animal	-1.173605	▁animal	['animal', '___', '__', 'mammal', '____']	aff	aff
"Complete the sentence below with only one category word.\nSentence: ""A whale is a ___."" Completed sentence: A whale is a"	plant	-7.606346	▁plant	['mammal', '___', 'marine', '____', '(']	aff	neg
"Complete the sentence below with only one category word.\nSentence: ""A whale is not a ___."" Completed sentence: A whale is not a"	plant	-5.7199574	▁plant	['___', 'mammal', '____', 'fish', '(']	neg	neg
"Complete the sentence below with only one category word.\nSentence: ""A whale is not an ___."" Completed sentence: A whale is not an"	animal	-1.3526783	▁animal	['animal', '___', '____', '__', '_______']	neg	aff
"Complete the sentence below with only one category word.\nSentence: ""A manager is a ___."" Completed sentence: A manager is a"	leader	-4.024893	▁leader	['person', '(', '___', '____', '__']	aff	aff
"Complete the sentence below with only one category word.\nSentence: ""A manager is a ___."" Completed sentence: A manager is a"	follower	-8.651434	▁follower	['person', '(', '___', '____', '__']	aff	neg
"Complete the sentence below with only one category word.\nSentence: ""A manager is not a ___."" Completed sentence: A manager is not a"	follower	-7.194002	▁follower	['____', '___', '(', '_______', '________']	neg	neg
"Complete the sentence below with only one category word.\nSentence: ""A manager is not a ___."" Completed sentence: A manager is not a"	leader	-4.115324	▁leader	['____', '___', '(', '_______', '________']	neg	aff
"Complete the sentence below with only one category word.\nSentence: ""A garden is a ___."" Completed sentence: A garden is a"	place	-2.9067593	▁place	['___', '____', 'place', '$\\', '_____']	aff	aff
"Complete the sentence below with only one category word.\nSentence: ""A garden is a ___."" Completed sentence: A garden is a"	thing	-7.437952	▁thing	['___', '____', 'place', '$\\', '_____']	aff	neg
"Complete the sentence below with only one category word.\nSentence: ""A garden is not a ___."" Completed sentence: A garden is not a"	thing	-6.8339233	▁thing	['___', '____', '_______', '________', '$\\']	neg	neg
"Complete the sentence below with only one category word.\nSentence: ""A garden is not a ___."" Completed sentence: A garden is not a"	place	-4.087553	▁place	['___', '____', '_______', '________', '$\\']	neg	aff
"Complete the sentence below with only one category word.\nSentence: ""A book is a ___."" Completed sentence: A book is a"	thing	-6.871626	▁thing	['___', '____', '(', '__', '______']	aff	aff
"Complete the sentence below with only one category word.\nSentence: ""A book is a ___."" Completed sentence: A book is a"	food	-11.161163	▁food	['___', '____', '(', '__', '______']	aff	neg
"Complete the sentence below with only one category word.\nSentence: ""A book is not a ___."" Completed sentence: A book is not a"	food	-8.249916	▁food	['___', '____', '______', '(', '__']	neg	neg
"Complete the sentence below with only one category word.\nSentence: ""A book is not a ___."" Completed sentence: A book is not a"	thing	-6.4193764	▁thing	['___', '____', '______', '(', '__']	neg	aff
"Complete the sentence below with only one category word.\nSentence: ""An ant is an ___."" Completed sentence: An ant is an"	insect	-1.0241222	▁insect	['insect', 'animal', 'invertebrate', '___', '__']	aff	aff
"Complete the sentence below with only one category word.\nSentence: ""An ant is a ___."" Completed sentence: An ant is a"	mammal	-4.5160027	▁mammal	['(', '___', '__', 'insect', 'living']	aff	neg
"Complete the sentence below with only one category word.\nSentence: ""An ant is not a ___."" Completed sentence: An ant is not a"	mammal	-2.8151588	▁mammal	['___', '____', '(', 'mammal', '__']	neg	neg
"Complete the sentence below with only one category word.\nSentence: ""An ant is not an ___."" Completed sentence: An ant is not an"	insect	-1.7547932	▁insect	['animal', 'insect', '___', '__', 'invertebrate']	neg	aff
"Complete the sentence below with only one category word.\nSentence: ""A saw is a ___."" Completed sentence: A saw is a"	tool	-0.987154	▁tool	['tool', '___', '____', 'hand', '(']	aff	aff
"Complete the sentence below with only one category word.\nSentence: ""A saw is a ___."" Completed sentence: A saw is a"	weapon	-7.897518	▁weapon	['tool', '___', '____', 'hand', '(']	aff	neg
"Complete the sentence below with only one category word.\nSentence: ""A saw is not a ___."" Completed sentence: A saw is not a"	weapon	-6.2300434	▁weapon	['___', 'tool', '____', '(', '\\']	neg	neg
"Complete the sentence below with only one category word.\nSentence: ""A saw is not a ___."" Completed sentence: A saw is not a"	tool	-1.8091297	▁tool	['___', 'tool', '____', '(', '\\']	neg	aff
"Complete the sentence below with only one category word.\nSentence: ""A zebra is an ___."" Completed sentence: A zebra is an"	animal	-0.5848732	▁animal	['animal', '___', '__', '____', '_______']	aff	aff
"Complete the sentence below with only one category word.\nSentence: ""A zebra is a ___."" Completed sentence: A zebra is a"	plant	-6.977335	▁plant	['mammal', '___', '____', 'noun', '_______']	aff	neg
"Complete the sentence below with only one category word.\nSentence: ""A zebra is not a ___."" Completed sentence: A zebra is not a"	plant	-5.7528534	▁plant	['___', 'mammal', '____', '__', '(']	neg	neg
"Complete the sentence below with only one category word.\nSentence: ""A zebra is not an ___."" Completed sentence: A zebra is not an"	animal	-0.8461571	▁animal	['animal', '___', '__', '____', '_______']	neg	aff
"Complete the sentence below with only one category word.\nSentence: ""A coin is a ___."" Completed sentence: A coin is a"	currency	-4.2559147	▁currency	['___', '__', '____', '________', '______']	aff	aff
"Complete the sentence below with only one category word.\nSentence: ""A coin is a ___."" Completed sentence: A coin is a"	card	-9.672755	▁card	['___', '__', '____', '________', '______']	aff	neg
"Complete the sentence below with only one category word.\nSentence: ""A coin is not a ___."" Completed sentence: A coin is not a"	card	-7.884075	▁card	['___', '____', '__', '______', '________']	neg	neg
"Complete the sentence below with only one category word.\nSentence: ""A coin is not a ___."" Completed sentence: A coin is not a"	currency	-5.3917255	▁currency	['___', '____', '__', '______', '________']	neg	aff
"Complete the sentence below with only one category word.\nSentence: ""A hawk is a ___."" Completed sentence: A hawk is a"	bird	-1.0075188	▁bird	['bird', '___', 'type', '(', 'kind']	aff	aff
"Complete the sentence below with only one category word.\nSentence: ""A hawk is a ___."" Completed sentence: A hawk is a"	fish	-9.203844	▁fish	['bird', '___', 'type', '(', 'kind']	aff	neg
"Complete the sentence below with only one category word.\nSentence: ""A hawk is not a ___."" Completed sentence: A hawk is not a"	fish	-6.8169155	▁fish	['bird', '___', '____', '(', '\\']	neg	neg
"Complete the sentence below with only one category word.\nSentence: ""A hawk is not a ___."" Completed sentence: A hawk is not a"	bird	-1.5481281	▁bird	['bird', '___', '____', '(', '\\']	neg	aff
"Complete the sentence below with only one category word.\nSentence: ""A shark is a ___."" Completed sentence: A shark is a"	fish	-1.6018219	▁fish	['fish', '___', 'marine', '____', 'predator']	aff	aff
"Complete the sentence below with only one category word.\nSentence: ""A shark is a ___."" Completed sentence: A shark is a"	mammal	-3.615099	▁mammal	['fish', '___', 'marine', '____', 'predator']	aff	neg
"Complete the sentence below with only one category word.\nSentence: ""A shark is not a ___."" Completed sentence: A shark is not a"	mammal	-2.7770634	▁mammal	['fish', '___', '____', 'mammal', '(']	neg	neg
"Complete the sentence below with only one category word.\nSentence: ""A shark is not a ___."" Completed sentence: A shark is not a"	fish	-1.9409657	▁fish	['fish', '___', '____', 'mammal', '(']	neg	aff
"Complete the sentence below with only one category word.\nSentence: ""A daffodil is a ___."" Completed sentence: A daffodil is a"	flower	-1.6101418	▁flower	['flower', '___', '____', 'plant', 'spring']	aff	aff
"Complete the sentence below with only one category word.\nSentence: ""A daffodil is a ___."" Completed sentence: A daffodil is a"	tool	-11.929408	▁tool	['flower', '___', '____', 'plant', 'spring']	aff	neg
"Complete the sentence below with only one category word.\nSentence: ""A daffodil is not a ___."" Completed sentence: A daffodil is not a"	tool	-10.389046	▁tool	['___', 'flower', '____', 'plant', '__']	neg	neg
"Complete the sentence below with only one category word.\nSentence: ""A daffodil is not a ___."" Completed sentence: A daffodil is not a"	flower	-1.8493919	▁flower	['___', 'flower', '____', 'plant', '__']	neg	aff
"Complete the sentence below with only one category word.\nSentence: ""A pansy is a ___."" Completed sentence: A pansy is a"	flower	-1.0115814	▁flower	['flower', '___', '____', '(', 'plant']	aff	aff
"Complete the sentence below with only one category word.\nSentence: ""A pansy is a ___."" Completed sentence: A pansy is a"	tool	-10.7263	▁tool	['flower', '___', '____', '(', 'plant']	aff	neg
"Complete the sentence below with only one category word.\nSentence: ""A pansy is not a ___."" Completed sentence: A pansy is not a"	tool	-9.514061	▁tool	['flower', '___', '____', '______', '(']	neg	neg
"Complete the sentence below with only one category word.\nSentence: ""A pansy is not a ___."" Completed sentence: A pansy is not a"	flower	-1.6863804	▁flower	['flower', '___', '____', '______', '(']	neg	aff
"Complete the sentence below with only one category word.\nSentence: ""An elephant is an ___."" Completed sentence: An elephant is an"	animal	-0.7785015	▁animal	['animal', '___', '__', 'mammal', '____']	aff	aff
"Complete the sentence below with only one category word.\nSentence: ""An elephant is a ___."" Completed sentence: An elephant is a"	toy	-8.772928	▁toy	['mammal', '___', '____', '(', '__']	aff	neg
"Complete the sentence below with only one category word.\nSentence: ""An elephant is not a ___."" Completed sentence: An elephant is not a"	toy	-7.102419	▁toy	['mammal', '___', '____', '__', '(']	neg	neg
"Complete the sentence below with only one category word.\nSentence: ""An elephant is not an ___."" Completed sentence: An elephant is not an"	animal	-0.93655396	▁animal	['animal', '___', '____', '__', 'mammal']	neg	aff
"Complete the sentence below with only one category word.\nSentence: ""A lion is a ___."" Completed sentence: A lion is a"	carnivore	-3.1787815	▁carni	['mammal', '___', '____', 'wild', 'carni']	aff	aff
"Complete the sentence below with only one category word.\nSentence: ""A lion is a ___."" Completed sentence: A lion is a"	herbivore	-5.619877	▁herb	['mammal', '___', '____', 'wild', 'carni']	aff	neg
"Complete the sentence below with only one category word.\nSentence: ""A lion is not a ___."" Completed sentence: A lion is not a"	herbivore	-4.7110386	▁herb	['___', 'mammal', '____', '_______', '______']	neg	neg
"Complete the sentence below with only one category word.\nSentence: ""A lion is not a ___."" Completed sentence: A lion is not a"	carnivore	-4.057436	▁carni	['___', 'mammal', '____', '_______', '______']	neg	aff
"Complete the sentence below with only one category word.\nSentence: ""A gazelle is an ___."" Completed sentence: A gazelle is an"	ungulate	-3.678236	▁ung	['animal', '___', 'herb', '__', '_______']	aff	aff
"Complete the sentence below with only one category word.\nSentence: ""A gazelle is a ___."" Completed sentence: A gazelle is a"	predator	-6.501745	▁predator	['mammal', '___', 'herb', 'type', '_______']	aff	neg
"Complete the sentence below with only one category word.\nSentence: ""A gazelle is not a ___."" Completed sentence: A gazelle is not a"	predator	-4.8798523	▁predator	['mammal', '___', '____', '_______', '__']	neg	neg
"Complete the sentence below with only one category word.\nSentence: ""A gazelle is not an ___."" Completed sentence: A gazelle is not an"	ungulate	-5.034498	▁ung	['animal', '___', '__', 'herb', '____']	neg	aff
"Complete the sentence below with only one category word.\nSentence: ""A cow is a ___."" Completed sentence: A cow is a"	mammal	-2.0269833	▁mammal	['mammal', '___', 'noun', '____', 'animal']	aff	aff
"Complete the sentence below with only one category word.\nSentence: ""A cow is a ___."" Completed sentence: A cow is a"	reptile	-8.368429	▁reptile	['mammal', '___', 'noun', '____', 'animal']	aff	neg
"Complete the sentence below with only one category word.\nSentence: ""A cow is not a ___."" Completed sentence: A cow is not a"	reptile	-6.8921795	▁reptile	['___', '____', 'mammal', '__', '_______']	neg	neg
"Complete the sentence below with only one category word.\nSentence: ""A cow is not a ___."" Completed sentence: A cow is not a"	mammal	-2.6323223	▁mammal	['___', '____', 'mammal', '__', '_______']	neg	aff
"Complete the sentence below with only one category word.\nSentence: ""A cow is an ___."" Completed sentence: A cow is an"	animal	-0.70265007	▁animal	['animal', '___', '__', '____', '_______']	aff	aff
"Complete the sentence below with only one category word.\nSentence: ""A cow is a ___."" Completed sentence: A cow is a"	plant	-5.234974	▁plant	['mammal', '___', 'noun', '____', 'animal']	aff	neg
"Complete the sentence below with only one category word.\nSentence: ""A cow is not a ___."" Completed sentence: A cow is not a"	plant	-4.8866367	▁plant	['___', '____', 'mammal', '__', '_______']	neg	neg
"Complete the sentence below with only one category word.\nSentence: ""A cow is not an ___."" Completed sentence: A cow is not an"	animal	-0.9830017	▁animal	['animal', '___', '____', '__', '_______']	neg	aff
"Complete the sentence below with only one category word.\nSentence: ""A fish is a ___."" Completed sentence: A fish is a"	vertebrate	-2.7112312	▁vertebrate	['___', '____', 'vertebrate', 'living', '(']	aff	aff
"Complete the sentence below with only one category word.\nSentence: ""A fish is an ___."" Completed sentence: A fish is an"	invertebrate	-3.7657146	▁invertebrate	['animal', '___', '__', 'aquatic', '____']	aff	neg
"Complete the sentence below with only one category word.\nSentence: ""A fish is not an ___."" Completed sentence: A fish is not an"	invertebrate	-4.31299	▁invertebrate	['animal', '___', '__', '____', '_______']	neg	neg
"Complete the sentence below with only one category word.\nSentence: ""A fish is not a ___."" Completed sentence: A fish is not a"	vertebrate	-3.733986	▁vertebrate	['___', '____', 'fish', '(', '__']	neg	aff
"Complete the sentence below with only one category word.\nSentence: ""A mosquito is an ___."" Completed sentence: A mosquito is an"	insect	-0.7598095	▁insect	['insect', 'animal', 'invertebrate', '__', 'ar']	aff	aff
"Complete the sentence below with only one category word.\nSentence: ""A mosquito is a ___."" Completed sentence: A mosquito is a"	mammal	-5.070883	▁mammal	['noun', 'insect', '___', 'bug', '(']	aff	neg
"Complete the sentence below with only one category word.\nSentence: ""A mosquito is not a ___."" Completed sentence: A mosquito is not a"	mammal	-3.265028	▁mammal	['___', '____', '__', '$\\', '(']	neg	neg
"Complete the sentence below with only one category word.\nSentence: ""A mosquito is not an ___."" Completed sentence: A mosquito is not an"	insect	-1.5119019	▁insect	['animal', 'insect', '___', '__', 'organism']	neg	aff
"Complete the sentence below with only one category word.\nSentence: ""A cathedral is a ___."" Completed sentence: A cathedral is a"	building	-3.2556896	▁building	['religious', 'place', '___', '________', '____']	aff	aff
"Complete the sentence below with only one category word.\nSentence: ""A cathedral is a ___."" Completed sentence: A cathedral is a"	bird	-12.661122	▁bird	['religious', 'place', '___', '________', '____']	aff	neg
"Complete the sentence below with only one category word.\nSentence: ""A cathedral is not a ___."" Completed sentence: A cathedral is not a"	bird	-8.93799	▁bird	['___', '____', 'place', '__', 'building']	neg	neg
"Complete the sentence below with only one category word.\nSentence: ""A cathedral is not a ___."" Completed sentence: A cathedral is not a"	building	-3.2338371	▁building	['___', '____', 'place', '__', 'building']	neg	aff
"Complete the sentence below with only one category word.\nSentence: ""A palace is a ___."" Completed sentence: A palace is a"	building	-3.2992992	▁building	['___', '____', '________', '_____', '__']	aff	aff
"Complete the sentence below with only one category word.\nSentence: ""A palace is a ___."" Completed sentence: A palace is a"	bird	-13.579304	▁bird	['___', '____', '________', '_____', '__']	aff	neg
"Complete the sentence below with only one category word.\nSentence: ""A palace is not a ___."" Completed sentence: A palace is not a"	bird	-10.342455	▁bird	['___', '____', '_______', '__', '________']	neg	neg
"Complete the sentence below with only one category word.\nSentence: ""A palace is not a ___."" Completed sentence: A palace is not a"	building	-4.536251	▁building	['___', '____', '_______', '__', '________']	neg	aff
"Complete the sentence below with only one category word.\nSentence: ""A snake is a ___."" Completed sentence: A snake is a"	creature	-5.0328007	▁creature	['reptile', '___', '____', 'vertebrate', '(']	aff	aff
"Complete the sentence below with only one category word.\nSentence: ""A snake is a ___."" Completed sentence: A snake is a"	building	-11.803696	▁building	['reptile', '___', '____', 'vertebrate', '(']	aff	neg
"Complete the sentence below with only one category word.\nSentence: ""A snake is not a ___."" Completed sentence: A snake is not a"	building	-10.58523	▁building	['___', '____', 'reptile', '(', 'mammal']	neg	neg
"Complete the sentence below with only one category word.\nSentence: ""A snake is not a ___."" Completed sentence: A snake is not a"	creature	-6.226076	▁creature	['___', '____', 'reptile', '(', 'mammal']	neg	aff
"Complete the sentence below with only one category word.\nSentence: ""A human is a ___."" Completed sentence: A human is a"	vertebrate	-3.992014	▁vertebrate	['mammal', '___', '(', '__', '_______']	aff	aff
"Complete the sentence below with only one category word.\nSentence: ""A human is a ___."" Completed sentence: A human is a"	plant	-5.794132	▁plant	['mammal', '___', '(', '__', '_______']	aff	neg
"Complete the sentence below with only one category word.\nSentence: ""A human is not a ___."" Completed sentence: A human is not a"	plant	-4.5581017	▁plant	['___', '____', '(', '__', '_______']	neg	neg
"Complete the sentence below with only one category word.\nSentence: ""A human is not a ___."" Completed sentence: A human is not a"	vertebrate	-5.3881035	▁vertebrate	['___', '____', '(', '__', '_______']	neg	aff
"Complete the sentence below with only one category word.\nSentence: ""A rat is a ___."" Completed sentence: A rat is a"	mammal	-1.6846695	▁mammal	['mammal', '___', '____', 'noun', '__']	aff	aff
"Complete the sentence below with only one category word.\nSentence: ""A rat is a ___."" Completed sentence: A rat is a"	bird	-6.865219	▁bird	['mammal', '___', '____', 'noun', '__']	aff	neg
"Complete the sentence below with only one category word.\nSentence: ""A rat is not a ___."" Completed sentence: A rat is not a"	bird	-5.0876427	▁bird	['___', '____', 'mammal', '__', '(']	neg	neg
"Complete the sentence below with only one category word.\nSentence: ""A rat is not a ___."" Completed sentence: A rat is not a"	mammal	-2.2523613	▁mammal	['___', '____', 'mammal', '__', '(']	neg	aff
"Complete the sentence below with only one category word.\nSentence: ""A fork is a ___."" Completed sentence: A fork is a"	tool	-1.5646019	▁tool	['tool', 'utens', '___', 'noun', 'kitchen']	aff	aff
"Complete the sentence below with only one category word.\nSentence: ""A fork is a ___."" Completed sentence: A fork is a"	vegetable	-9.263962	▁vegetable	['tool', 'utens', '___', 'noun', 'kitchen']	aff	neg
"Complete the sentence below with only one category word.\nSentence: ""A fork is not a ___."" Completed sentence: A fork is not a"	vegetable	-5.9944057	▁vegetable	['___', '____', 'tool', '(', 'noun']	neg	neg
"Complete the sentence below with only one category word.\nSentence: ""A fork is not a ___."" Completed sentence: A fork is not a"	tool	-2.6518898	▁tool	['___', '____', 'tool', '(', 'noun']	neg	aff
"Complete the sentence below with only one category word.\nSentence: ""A napkin is a ___."" Completed sentence: A napkin is a"	cloth	-4.4260406	▁cloth	['___', '____', '__', 'noun', '______']	aff	aff
"Complete the sentence below with only one category word.\nSentence: ""A napkin is a ___."" Completed sentence: A napkin is a"	toy	-11.119347	▁toy	['___', '____', '__', 'noun', '______']	aff	neg
"Complete the sentence below with only one category word.\nSentence: ""A napkin is not a ___."" Completed sentence: A napkin is not a"	toy	-8.197443	▁toy	['___', '____', '__', '(', '______']	neg	neg
"Complete the sentence below with only one category word.\nSentence: ""A napkin is not a ___."" Completed sentence: A napkin is not a"	cloth	-6.6976337	▁cloth	['___', '____', '__', '(', '______']	neg	aff
"Complete the sentence below with only one category word.\nSentence: ""An airplane is a ___."" Completed sentence: An airplane is a"	machine	-4.215164	▁machine	['vehicle', '___', 'noun', '____', '__']	aff	aff
"Complete the sentence below with only one category word.\nSentence: ""An airplane is a ___."" Completed sentence: An airplane is a"	bird	-6.380108	▁bird	['vehicle', '___', 'noun', '____', '__']	aff	neg
"Complete the sentence below with only one category word.\nSentence: ""An airplane is not a ___."" Completed sentence: An airplane is not a"	bird	-4.533245	▁bird	['___', '____', 'vehicle', '_______', '\\']	neg	neg
"Complete the sentence below with only one category word.\nSentence: ""An airplane is not a ___."" Completed sentence: An airplane is not a"	machine	-5.593807	▁machine	['___', '____', 'vehicle', '_______', '\\']	neg	aff
"Complete the sentence below with only one category word.\nSentence: ""A cucumber is a ___."" Completed sentence: A cucumber is a"	fruit	-1.7303791	▁fruit	['vegetable', 'fruit', '___', '____', '__']	aff	aff
"Complete the sentence below with only one category word.\nSentence: ""A cucumber is a ___."" Completed sentence: A cucumber is a"	vegetable	-0.99393845	▁vegetable	['vegetable', 'fruit', '___', '____', '__']	aff	neg
"Complete the sentence below with only one category word.\nSentence: ""A cucumber is not a ___."" Completed sentence: A cucumber is not a"	vegetable	-1.4084473	▁vegetable	['vegetable', 'fruit', '___', '____', '__']	neg	neg
"Complete the sentence below with only one category word.\nSentence: ""A cucumber is not a ___."" Completed sentence: A cucumber is not a"	fruit	-1.6775227	▁fruit	['vegetable', 'fruit', '___', '____', '__']	neg	aff
"Complete the sentence below with only one category word.\nSentence: ""A trout is a ___."" Completed sentence: A trout is a"	fish	-1.3445816	▁fish	['fish', '___', '____', '(', 'kind']	aff	aff
"Complete the sentence below with only one category word.\nSentence: ""A trout is a ___."" Completed sentence: A trout is a"	plant	-8.228706	▁plant	['fish', '___', '____', '(', 'kind']	aff	neg
"Complete the sentence below with only one category word.\nSentence: ""A trout is not a ___."" Completed sentence: A trout is not a"	plant	-6.5661316	▁plant	['fish', '___', '____', '(', '__']	neg	neg
"Complete the sentence below with only one category word.\nSentence: ""A trout is not a ___."" Completed sentence: A trout is not a"	fish	-1.7150745	▁fish	['fish', '___', '____', '(', '__']	neg	aff
"Complete the sentence below with only one category word.\nSentence: ""A rat is an ___."" Completed sentence: A rat is an"	animal	-0.77975845	▁animal	['animal', '___', '__', '____', 'mammal']	aff	aff
"Complete the sentence below with only one category word.\nSentence: ""A rat is a ___."" Completed sentence: A rat is a"	person	-8.32233	▁person	['mammal', '___', '____', 'noun', '__']	aff	neg
"Complete the sentence below with only one category word.\nSentence: ""A rat is not a ___."" Completed sentence: A rat is not a"	person	-6.144329	▁person	['___', '____', 'mammal', '__', '(']	neg	neg
"Complete the sentence below with only one category word.\nSentence: ""A rat is not an ___."" Completed sentence: A rat is not an"	animal	-1.0175228	▁animal	['animal', '___', '____', '__', '_______']	neg	aff
"Complete the sentence below with only one category word.\nSentence: ""A chef is a ___."" Completed sentence: A chef is a"	cook	-2.7376194	▁cook	['___', 'person', 'cook', '(', 'professional']	aff	aff
"Complete the sentence below with only one category word.\nSentence: ""A chef is a ___."" Completed sentence: A chef is a"	musician	-7.773323	▁musician	['___', 'person', 'cook', '(', 'professional']	aff	neg
"Complete the sentence below with only one category word.\nSentence: ""A chef is not a ___."" Completed sentence: A chef is not a"	musician	-6.1021957	▁musician	['___', '____', '(', '______', 'cook']	neg	neg
"Complete the sentence below with only one category word.\nSentence: ""A chef is not a ___."" Completed sentence: A chef is not a"	cook	-3.2431774	▁cook	['___', '____', '(', '______', 'cook']	neg	aff
"Complete the sentence below with only one category word.\nSentence: ""A doctor is a ___."" Completed sentence: A doctor is a"	professional	-2.0295734	▁professional	['professional', 'person', '(', '___', '\\']	aff	aff
"Complete the sentence below with only one category word.\nSentence: ""A doctor is a ___."" Completed sentence: A doctor is a"	toy	-13.070815	▁toy	['professional', 'person', '(', '___', '\\']	aff	neg
"Complete the sentence below with only one category word.\nSentence: ""A doctor is not a ___."" Completed sentence: A doctor is not a"	toy	-9.723587	▁toy	['____', '___', '_______', '(', 'doctor']	neg	neg
"Complete the sentence below with only one category word.\nSentence: ""A doctor is not a ___."" Completed sentence: A doctor is not a"	professional	-3.5902977	▁professional	['____', '___', '_______', '(', 'doctor']	neg	aff
"Complete the sentence below with only one category word.\nSentence: ""A lawyer is an ___."" Completed sentence: A lawyer is an"	attorney	-3.3042984	▁attorney	['___', '____', '__', '_______', '______']	aff	aff
"Complete the sentence below with only one category word.\nSentence: ""A lawyer is a ___."" Completed sentence: A lawyer is a"	plumber	-11.083039	▁plumber	['professional', 'profession', '____', 'person', '___']	aff	neg
"Complete the sentence below with only one category word.\nSentence: ""A lawyer is not a ___."" Completed sentence: A lawyer is not a"	plumber	-7.127104	▁plumber	['____', '___', '_______', '______', '________']	neg	neg
"Complete the sentence below with only one category word.\nSentence: ""A lawyer is not an ___."" Completed sentence: A lawyer is not an"	attorney	-3.0621662	▁attorney	['___', '____', '_______', '______', 'attorney']	neg	aff
"Complete the sentence below with only one category word.\nSentence: ""A teacher is an ___."" Completed sentence: A teacher is an"	educator	-2.3934097	▁educator	['___', '____', 'educator', '__', '_______']	aff	aff
"Complete the sentence below with only one category word.\nSentence: ""A teacher is a ___."" Completed sentence: A teacher is a"	cashier	-8.887117	▁C	['(', '___', 'person', '____', 'professional']	aff	neg
"Complete the sentence below with only one category word.\nSentence: ""A teacher is not a ___."" Completed sentence: A teacher is not a"	cashier	-8.403557	▁C	['____', '___', '(', '_______', '________']	neg	neg
"Complete the sentence below with only one category word.\nSentence: ""A teacher is not an ___."" Completed sentence: A teacher is not an"	educator	-3.3034763	▁educator	['___', '____', '_______', '__', 'educator']	neg	aff
"Complete the sentence below with only one category word.\nSentence: ""A textbook is a ___."" Completed sentence: A textbook is a"	book	-4.1532307	▁book	['___', '____', '(', '__', '______']	aff	aff
"Complete the sentence below with only one category word.\nSentence: ""A textbook is a ___."" Completed sentence: A textbook is a"	flower	-14.045635	▁flower	['___', '____', '(', '__', '______']	aff	neg
"Complete the sentence below with only one category word.\nSentence: ""A textbook is not a ___."" Completed sentence: A textbook is not a"	flower	-12.512004	▁flower	['___', '____', '(', '__', '______']	neg	neg
"Complete the sentence below with only one category word.\nSentence: ""A textbook is not a ___."" Completed sentence: A textbook is not a"	book	-4.5271873	▁book	['___', '____', '(', '__', '______']	neg	aff
"Complete the sentence below with only one category word.\nSentence: ""A lotus is a ___."" Completed sentence: A lotus is a"	flower	-1.8215218	▁flower	['flower', '___', 'plant', '____', '$\\']	aff	aff
"Complete the sentence below with only one category word.\nSentence: ""A lotus is an ___."" Completed sentence: A lotus is an"	insect	-6.282501	▁insect	['___', 'aquatic', '$\\', '____', '__']	aff	neg
"Complete the sentence below with only one category word.\nSentence: ""A lotus is not an ___."" Completed sentence: A lotus is not an"	insect	-5.9923534	▁insect	['___', '____', '__', 'animal', '_______']	neg	neg
"Complete the sentence below with only one category word.\nSentence: ""A lotus is not a ___."" Completed sentence: A lotus is not a"	flower	-2.2335968	▁flower	['___', '____', 'flower', 'plant', '(']	neg	aff
"Complete the sentence below with only one category word.\nSentence: ""A frog is an ___."" Completed sentence: A frog is an"	animal	-1.3583412	▁animal	['amp', 'animal', '___', '__', '____']	aff	aff
"Complete the sentence below with only one category word.\nSentence: ""A frog is a ___."" Completed sentence: A frog is a"	toy	-9.425802	▁toy	['___', '____', '__', 'vertebrate', '(']	aff	neg
"Complete the sentence below with only one category word.\nSentence: ""A frog is not a ___."" Completed sentence: A frog is not a"	toy	-8.50581	▁toy	['___', '____', '__', 'mammal', '(']	neg	neg
"Complete the sentence below with only one category word.\nSentence: ""A frog is not an ___."" Completed sentence: A frog is not an"	animal	-1.2155037	▁animal	['animal', '___', 'amp', '__', '____']	neg	aff
"Complete the sentence below with only one category word.\nSentence: ""A petunia is a ___."" Completed sentence: A petunia is a"	flower	-1.5309963	▁flower	['flower', '___', 'plant', 'flowering', '____']	aff	aff
"Complete the sentence below with only one category word.\nSentence: ""A petunia is a ___."" Completed sentence: A petunia is a"	person	-9.519699	▁person	['flower', '___', 'plant', 'flowering', '____']	aff	neg
"Complete the sentence below with only one category word.\nSentence: ""A petunia is not a ___."" Completed sentence: A petunia is not a"	person	-8.011595	▁person	['___', '____', 'flower', 'plant', '______']	neg	neg
"Complete the sentence below with only one category word.\nSentence: ""A petunia is not a ___."" Completed sentence: A petunia is not a"	flower	-2.2741718	▁flower	['___', '____', 'flower', 'plant', '______']	neg	aff
"Complete the sentence below with only one category word.\nSentence: ""A kitchen is a ___."" Completed sentence: A kitchen is a"	room	-2.7230244	▁room	['___', '____', 'room', '_____', '(']	aff	aff
"Complete the sentence below with only one category word.\nSentence: ""A kitchen is a ___."" Completed sentence: A kitchen is a"	house	-8.25086	▁house	['___', '____', 'room', '_____', '(']	aff	neg
"Complete the sentence below with only one category word.\nSentence: ""A kitchen is not a ___."" Completed sentence: A kitchen is not a"	house	-7.1287174	▁house	['___', '____', '_______', '________', '(']	neg	neg
"Complete the sentence below with only one category word.\nSentence: ""A kitchen is not a ___."" Completed sentence: A kitchen is not a"	room	-3.9443321	▁room	['___', '____', '_______', '________', '(']	neg	aff
"Complete the sentence below with only one category word.\nSentence: ""A sunflower is a ___."" Completed sentence: A sunflower is a"	flower	-1.9858265	▁flower	['flower', '___', 'plant', '__', '(']	aff	aff
"Complete the sentence below with only one category word.\nSentence: ""A sunflower is a ___."" Completed sentence: A sunflower is a"	fruit	-7.640566	▁fruit	['flower', '___', 'plant', '__', '(']	aff	neg
"Complete the sentence below with only one category word.\nSentence: ""A sunflower is not a ___."" Completed sentence: A sunflower is not a"	fruit	-4.1491146	▁fruit	['___', 'flower', 'plant', '____', '__']	neg	neg
"Complete the sentence below with only one category word.\nSentence: ""A sunflower is not a ___."" Completed sentence: A sunflower is not a"	flower	-2.3233547	▁flower	['___', 'flower', 'plant', '____', '__']	neg	aff
"Complete the sentence below with only one category word.\nSentence: ""A blade is a ___."" Completed sentence: A blade is a"	tool	-1.570425	▁tool	['tool', '___', 'noun', '____', '']	aff	aff
"Complete the sentence below with only one category word.\nSentence: ""A blade is a ___."" Completed sentence: A blade is a"	building	-8.775318	▁building	['tool', '___', 'noun', '____', '']	aff	neg
"Complete the sentence below with only one category word.\nSentence: ""A blade is not a ___."" Completed sentence: A blade is not a"	building	-8.456823	▁building	['___', '____', 'tool', 'noun', '(']	neg	neg
"Complete the sentence below with only one category word.\nSentence: ""A blade is not a ___."" Completed sentence: A blade is not a"	tool	-2.6020622	▁tool	['___', '____', 'tool', 'noun', '(']	neg	aff
"Complete the sentence below with only one category word.\nSentence: ""A celery is a ___."" Completed sentence: A celery is a"	vegetable	-0.81702995	▁vegetable	['vegetable', '___', 'fruit', '____', '__']	aff	aff
"Complete the sentence below with only one category word.\nSentence: ""A celery is a ___."" Completed sentence: A celery is a"	legume	-11.246285	▁legume	['vegetable', '___', 'fruit', '____', '__']	aff	neg
"Complete the sentence below with only one category word.\nSentence: ""A celery is not a ___."" Completed sentence: A celery is not a"	legume	-9.347382	▁legume	['vegetable', 'fruit', '___', '____', '__']	neg	neg
"Complete the sentence below with only one category word.\nSentence: ""A celery is not a ___."" Completed sentence: A celery is not a"	vegetable	-1.1308594	▁vegetable	['vegetable', 'fruit', '___', '____', '__']	neg	aff
"Complete the sentence below with only one category word.\nSentence: ""A cherry is a ___."" Completed sentence: A cherry is a"	fruit	-0.6912384	▁fruit	['fruit', '___', '____', '______', '__']	aff	aff
"Complete the sentence below with only one category word.\nSentence: ""A cherry is a ___."" Completed sentence: A cherry is a"	nut	-8.113836	▁nut	['fruit', '___', '____', '______', '__']	aff	neg
"Complete the sentence below with only one category word.\nSentence: ""A cherry is not a ___."" Completed sentence: A cherry is not a"	nut	-8.697464	▁nut	['fruit', '___', '____', '______', '__']	neg	neg
"Complete the sentence below with only one category word.\nSentence: ""A cherry is not a ___."" Completed sentence: A cherry is not a"	fruit	-1.021143	▁fruit	['fruit', '___', '____', '______', '__']	neg	aff
"Complete the sentence below with only one category word.\nSentence: ""A peach is a ___."" Completed sentence: A peach is a"	fruit	-0.6038723	▁fruit	['fruit', '___', '(', '__', '____']	aff	aff
"Complete the sentence below with only one category word.\nSentence: ""A peach is a ___."" Completed sentence: A peach is a"	meat	-12.597668	▁meat	['fruit', '___', '(', '__', '____']	aff	neg
"Complete the sentence below with only one category word.\nSentence: ""A peach is not a ___."" Completed sentence: A peach is not a"	meat	-10.65424	▁meat	['fruit', '___', '____', 'vegetable', '(']	neg	neg
"Complete the sentence below with only one category word.\nSentence: ""A peach is not a ___."" Completed sentence: A peach is not a"	fruit	-0.94465446	▁fruit	['fruit', '___', '____', 'vegetable', '(']	neg	aff
"Complete the sentence below with only one category word.\nSentence: ""A giraffe is a ___."" Completed sentence: A giraffe is a"	mammal	-1.047678	▁mammal	['mammal', '___', 'animal', '____', '__']	aff	aff
"Complete the sentence below with only one category word.\nSentence: ""A giraffe is a ___."" Completed sentence: A giraffe is a"	bird	-6.2602882	▁bird	['mammal', '___', 'animal', '____', '__']	aff	neg
"Complete the sentence below with only one category word.\nSentence: ""A giraffe is not a ___."" Completed sentence: A giraffe is not a"	bird	-4.532686	▁bird	['mammal', '___', '____', '__', '(']	neg	neg
"Complete the sentence below with only one category word.\nSentence: ""A giraffe is not a ___."" Completed sentence: A giraffe is not a"	mammal	-1.650322	▁mammal	['mammal', '___', '____', '__', '(']	neg	aff
"Complete the sentence below with only one category word.\nSentence: ""A leopard is a ___."" Completed sentence: A leopard is a"	mammal	-1.7123909	▁mammal	['mammal', '___', 'wild', '____', '__']	aff	aff
"Complete the sentence below with only one category word.\nSentence: ""A leopard is a ___."" Completed sentence: A leopard is a"	reptile	-5.8788624	▁reptile	['mammal', '___', 'wild', '____', '__']	aff	neg
"Complete the sentence below with only one category word.\nSentence: ""A leopard is not a ___."" Completed sentence: A leopard is not a"	reptile	-4.7960396	▁reptile	['___', '____', 'mammal', '_______', '__']	neg	neg
"Complete the sentence below with only one category word.\nSentence: ""A leopard is not a ___."" Completed sentence: A leopard is not a"	mammal	-2.326788	▁mammal	['___', '____', 'mammal', '_______', '__']	neg	aff
"Complete the sentence below with only one category word.\nSentence: ""A penguin is a ___."" Completed sentence: A penguin is a"	bird	-1.1455994	▁bird	['bird', '___', '____', 'mammal', '(']	aff	aff
"Complete the sentence below with only one category word.\nSentence: ""A penguin is a ___."" Completed sentence: A penguin is a"	number	-9.4715805	▁number	['bird', '___', '____', 'mammal', '(']	aff	neg
"Complete the sentence below with only one category word.\nSentence: ""A penguin is not a ___."" Completed sentence: A penguin is not a"	number	-9.135887	▁number	['___', 'bird', '____', 'mammal', '__']	neg	neg
"Complete the sentence below with only one category word.\nSentence: ""A penguin is not a ___."" Completed sentence: A penguin is not a"	bird	-1.931324	▁bird	['___', 'bird', '____', 'mammal', '__']	neg	aff
"Complete the sentence below with only one category word.\nSentence: ""An orange is a ___."" Completed sentence: An orange is a"	fruit	-0.67871857	▁fruit	['fruit', '___', '____', '(', '__']	aff	aff
"Complete the sentence below with only one category word.\nSentence: ""An orange is a ___."" Completed sentence: An orange is a"	drink	-12.536319	▁drink	['fruit', '___', '____', '(', '__']	aff	neg
"Complete the sentence below with only one category word.\nSentence: ""An orange is not a ___."" Completed sentence: An orange is not a"	drink	-10.313768	▁drink	['fruit', '____', '___', 'vegetable', '(']	neg	neg
"Complete the sentence below with only one category word.\nSentence: ""An orange is not a ___."" Completed sentence: An orange is not a"	fruit	-0.98493576	▁fruit	['fruit', '____', '___', 'vegetable', '(']	neg	aff
"Complete the sentence below with only one category word.\nSentence: ""A bike is a ___."" Completed sentence: A bike is a"	vehicle	-2.07971	▁vehicle	['___', 'vehicle', '____', '__', 'noun']	aff	aff
"Complete the sentence below with only one category word.\nSentence: ""A bike is a ___."" Completed sentence: A bike is a"	tree	-12.093531	▁tree	['___', 'vehicle', '____', '__', 'noun']	aff	neg
"Complete the sentence below with only one category word.\nSentence: ""A bike is not a ___."" Completed sentence: A bike is not a"	tree	-9.185167	▁tree	['___', '____', 'vehicle', '__', '(']	neg	neg
"Complete the sentence below with only one category word.\nSentence: ""A bike is not a ___."" Completed sentence: A bike is not a"	vehicle	-2.8235512	▁vehicle	['___', '____', 'vehicle', '__', '(']	neg	aff
"Complete the sentence below with only one category word.\nSentence: ""A turkey is a ___."" Completed sentence: A turkey is a"	bird	-1.6138058	▁bird	['bird', '___', 'noun', '____', '__']	aff	aff
"Complete the sentence below with only one category word.\nSentence: ""A turkey is an ___."" Completed sentence: A turkey is an"	animal	-1.0393734	▁animal	['animal', '___', '__', '____', 'example']	aff	neg
"Complete the sentence below with only one category word.\nSentence: ""A turkey is not an ___."" Completed sentence: A turkey is not an"	animal	-1.2063427	▁animal	['animal', '___', '____', '__', '_______']	neg	neg
"Complete the sentence below with only one category word.\nSentence: ""A turkey is not a ___."" Completed sentence: A turkey is not a"	bird	-2.4818516	▁bird	['___', '____', 'bird', '__', '(']	neg	aff
"Complete the sentence below with only one category word.\nSentence: ""A dolphin is a ___."" Completed sentence: A dolphin is a"	mammal	-0.86468506	▁mammal	['mammal', 'marine', '___', '__', '(']	aff	aff
"Complete the sentence below with only one category word.\nSentence: ""A dolphin is a ___."" Completed sentence: A dolphin is a"	reptile	-7.4084644	▁reptile	['mammal', 'marine', '___', '__', '(']	aff	neg
"Complete the sentence below with only one category word.\nSentence: ""A dolphin is not a ___."" Completed sentence: A dolphin is not a"	reptile	-5.1932793	▁reptile	['___', 'mammal', '____', 'fish', '__']	neg	neg
"Complete the sentence below with only one category word.\nSentence: ""A dolphin is not a ___."" Completed sentence: A dolphin is not a"	mammal	-1.8079224	▁mammal	['___', 'mammal', '____', 'fish', '__']	neg	aff
"Complete the sentence below with only one category word.\nSentence: ""A bluebird is a ___."" Completed sentence: A bluebird is a"	bird	-1.5860538	▁bird	['bird', '___', '____', '__', '(']	aff	aff
"Complete the sentence below with only one category word.\nSentence: ""A bluebird is a ___."" Completed sentence: A bluebird is a"	color	-7.202177	▁color	['bird', '___', '____', '__', '(']	aff	neg
"Complete the sentence below with only one category word.\nSentence: ""A bluebird is not a ___."" Completed sentence: A bluebird is not a"	color	-7.231373	▁color	['___', '____', 'bird', '__', '______']	neg	neg
"Complete the sentence below with only one category word.\nSentence: ""A bluebird is not a ___."" Completed sentence: A bluebird is not a"	bird	-2.0894642	▁bird	['___', '____', 'bird', '__', '______']	neg	aff
"Complete the sentence below with only one category word.\nSentence: ""A willow is a ___."" Completed sentence: A willow is a"	tree	-1.669466	▁tree	['tree', '___', '____', '________', '______']	aff	aff
"Complete the sentence below with only one category word.\nSentence: ""A willow is a ___."" Completed sentence: A willow is a"	tool	-10.879955	▁tool	['tree', '___', '____', '________', '______']	aff	neg
"Complete the sentence below with only one category word.\nSentence: ""A willow is not a ___."" Completed sentence: A willow is not a"	tool	-9.81801	▁tool	['tree', '___', '____', '______', '________']	neg	neg
"Complete the sentence below with only one category word.\nSentence: ""A willow is not a ___."" Completed sentence: A willow is not a"	tree	-1.7112541	▁tree	['tree', '___', '____', '______', '________']	neg	aff
"Complete the sentence below with only one category word.\nSentence: ""A glass is a ___."" Completed sentence: A glass is a"	container	-1.5802612	▁container	['container', '___', '____', '(', '________']	aff	aff
"Complete the sentence below with only one category word.\nSentence: ""A glass is a ___."" Completed sentence: A glass is a"	plant	-10.438636	▁plant	['container', '___', '____', '(', '________']	aff	neg
"Complete the sentence below with only one category word.\nSentence: ""A glass is not a ___."" Completed sentence: A glass is not a"	plant	-7.959879	▁plant	['___', '____', '(', '\\', 'container']	neg	neg
"Complete the sentence below with only one category word.\nSentence: ""A glass is not a ___."" Completed sentence: A glass is not a"	container	-3.248783	▁container	['___', '____', '(', '\\', 'container']	neg	aff
"Complete the sentence below with only one category word.\nSentence: ""A bear is a ___."" Completed sentence: A bear is a"	mammal	-1.2011147	▁mammal	['mammal', '___', '____', 'noun', '(']	aff	aff
"Complete the sentence below with only one category word.\nSentence: ""A bear is a ___."" Completed sentence: A bear is a"	reptile	-7.065613	▁reptile	['mammal', '___', '____', 'noun', '(']	aff	neg
"Complete the sentence below with only one category word.\nSentence: ""A bear is not a ___."" Completed sentence: A bear is not a"	reptile	-5.3789387	▁reptile	['___', '____', 'mammal', '__', '_______']	neg	neg
"Complete the sentence below with only one category word.\nSentence: ""A bear is not a ___."" Completed sentence: A bear is not a"	mammal	-2.1486015	▁mammal	['___', '____', 'mammal', '__', '_______']	neg	aff
"Complete the sentence below with only one category word.\nSentence: ""A glider is an ___."" Completed sentence: A glider is an"	aircraft	-2.1045246	▁aircraft	['___', 'aircraft', 'animal', '___', '__']	aff	aff
"Complete the sentence below with only one category word.\nSentence: ""A glider is a ___."" Completed sentence: A glider is a"	building	-9.202333	▁building	['___', 'type', 'flying', '_____', '\\']	aff	neg
"Complete the sentence below with only one category word.\nSentence: ""A glider is not a ___."" Completed sentence: A glider is not a"	building	-9.305319	▁building	['___', '____', 'vehicle', '\\', '__']	neg	neg
"Complete the sentence below with only one category word.\nSentence: ""A glider is not an ___."" Completed sentence: A glider is not an"	aircraft	-2.585558	▁aircraft	['___', 'animal', 'aircraft', '__', '____']	neg	aff
"Complete the sentence below with only one category word.\nSentence: ""A helicopter is an ___."" Completed sentence: A helicopter is an"	aircraft	-2.5419617	▁aircraft	['___', 'aircraft', '__', 'example', 'air']	aff	aff
"Complete the sentence below with only one category word.\nSentence: ""A helicopter is a ___."" Completed sentence: A helicopter is a"	mammal	-7.5251846	▁mammal	['___', 'vehicle', 'type', '__', 'flying']	aff	neg
"Complete the sentence below with only one category word.\nSentence: ""A helicopter is not a ___."" Completed sentence: A helicopter is not a"	mammal	-6.109499	▁mammal	['___', '____', 'vehicle', '__', '_______']	neg	neg
"Complete the sentence below with only one category word.\nSentence: ""A helicopter is not an ___."" Completed sentence: A helicopter is not an"	aircraft	-3.1231785	▁aircraft	['___', 'animal', '__', '____', 'aircraft']	neg	aff
"Complete the sentence below with only one category word.\nSentence: ""A blender is a ___."" Completed sentence: A blender is a"	machine	-4.4216843	▁machine	['___', 'kitchen', '(', '____', 'tool']	aff	aff
"Complete the sentence below with only one category word.\nSentence: ""A blender is a ___."" Completed sentence: A blender is a"	toy	-9.040913	▁toy	['___', 'kitchen', '(', '____', 'tool']	aff	neg
"Complete the sentence below with only one category word.\nSentence: ""A blender is not a ___."" Completed sentence: A blender is not a"	toy	-7.4952984	▁toy	['___', '____', '(', '\\', '__']	neg	neg
"Complete the sentence below with only one category word.\nSentence: ""A blender is not a ___."" Completed sentence: A blender is not a"	machine	-5.1018333	▁machine	['___', '____', '(', '\\', '__']	neg	aff
"Complete the sentence below with only one category word.\nSentence: ""A toaster is a ___."" Completed sentence: A toaster is a"	machine	-6.041498	▁machine	['___', '____', '(', 'noun', '__']	aff	aff
"Complete the sentence below with only one category word.\nSentence: ""A toaster is a ___."" Completed sentence: A toaster is a"	food	-7.4257755	▁food	['___', '____', '(', 'noun', '__']	aff	neg
"Complete the sentence below with only one category word.\nSentence: ""A toaster is not a ___."" Completed sentence: A toaster is not a"	food	-5.8748035	▁food	['___', '____', '(', '__', '$\\']	neg	neg
"Complete the sentence below with only one category word.\nSentence: ""A toaster is not a ___."" Completed sentence: A toaster is not a"	machine	-6.4735622	▁machine	['___', '____', '(', '__', '$\\']	neg	aff
"Complete the sentence below with only one category word.\nSentence: ""A phone is an ___."" Completed sentence: A phone is an"	appliance	-4.5934315	▁appliance	['___', 'electronic', '____', '__', 'object']	aff	aff
"Complete the sentence below with only one category word.\nSentence: ""A phone is a ___."" Completed sentence: A phone is a"	mammal	-12.536549	▁mammal	['___', '____', '(', 'device', '__']	aff	neg
"Complete the sentence below with only one category word.\nSentence: ""A phone is not a ___."" Completed sentence: A phone is not a"	mammal	-9.706734	▁mammal	['___', '____', '(', '__', '\\']	neg	neg
"Complete the sentence below with only one category word.\nSentence: ""A phone is not an ___."" Completed sentence: A phone is not an"	appliance	-4.7535114	▁appliance	['___', '____', '__', 'object', '$\\']	neg	aff
"Complete the sentence below with only one category word.\nSentence: ""A toy is a ___."" Completed sentence: A toy is a"	thing	-5.7409134	▁thing	['___', '____', '__', '________', 'toy']	aff	aff
"Complete the sentence below with only one category word.\nSentence: ""A toy is a ___."" Completed sentence: A toy is a"	bird	-13.326254	▁bird	['___', '____', '__', '________', 'toy']	aff	neg
"Complete the sentence below with only one category word.\nSentence: ""A toy is not a ___."" Completed sentence: A toy is not a"	bird	-9.343159	▁bird	['___', '____', 'toy', '__', '(']	neg	neg
"Complete the sentence below with only one category word.\nSentence: ""A toy is not a ___."" Completed sentence: A toy is not a"	thing	-6.3256454	▁thing	['___', '____', 'toy', '__', '(']	neg	aff
"Complete the sentence below with only one category word.\nSentence: ""A novel is a ___."" Completed sentence: A novel is a"	book	-3.8644657	▁book	['work', '___', '(', '____', 'fiction']	aff	aff
"Complete the sentence below with only one category word.\nSentence: ""A novel is a ___."" Completed sentence: A novel is a"	film	-12.388973	▁film	['work', '___', '(', '____', 'fiction']	aff	neg
"Complete the sentence below with only one category word.\nSentence: ""A novel is not a ___."" Completed sentence: A novel is not a"	film	-9.359005	▁film	['___', '____', '______', '__', '(']	neg	neg
"Complete the sentence below with only one category word.\nSentence: ""A novel is not a ___."" Completed sentence: A novel is not a"	book	-4.9752197	▁book	['___', '____', '______', '__', '(']	neg	aff
"Complete the sentence below with only one category word.\nSentence: ""A drum is an ___."" Completed sentence: A drum is an"	instrument	-1.0385876	▁instrument	['instrument', '___', 'musical', '__', 'percussion']	aff	aff
"Complete the sentence below with only one category word.\nSentence: ""A drum is a ___."" Completed sentence: A drum is a"	toy	-8.008753	▁toy	['percussion', 'musical', '___', '', '____']	aff	neg
"Complete the sentence below with only one category word.\nSentence: ""A drum is not a ___."" Completed sentence: A drum is not a"	toy	-6.7380295	▁toy	['___', 'percussion', '____', 'musical', '\\']	neg	neg
"Complete the sentence below with only one category word.\nSentence: ""A drum is not an ___."" Completed sentence: A drum is not an"	instrument	-1.2391262	▁instrument	['instrument', '___', '__', '____', 'object']	neg	aff
"Complete the sentence below with only one category word.\nSentence: ""A movie is an ___."" Completed sentence: A movie is an"	entertainment	-2.3453178	▁entertainment	['___', 'entertainment', '____', '__', '___']	aff	aff
"Complete the sentence below with only one category word.\nSentence: ""A movie is a ___."" Completed sentence: A movie is a"	person	-7.436781	▁person	['___', '____', '(', '________', '______']	aff	neg
"Complete the sentence below with only one category word.\nSentence: ""A movie is not a ___."" Completed sentence: A movie is not a"	person	-6.5775013	▁person	['___', '____', '________', '______', '(']	neg	neg
"Complete the sentence below with only one category word.\nSentence: ""A movie is not an ___."" Completed sentence: A movie is not an"	entertainment	-3.9201927	▁entertainment	['___', '____', '__', '______', '________']	neg	aff
"Complete the sentence below with only one category word.\nSentence: ""A house is a ___."" Completed sentence: A house is a"	dwelling	-4.3837204	▁dwelling	['___', '____', '__', '(', 'building']	aff	aff
"Complete the sentence below with only one category word.\nSentence: ""A house is a ___."" Completed sentence: A house is a"	waterway	-13.116701	▁Water	['___', '____', '__', '(', 'building']	aff	neg
"Complete the sentence below with only one category word.\nSentence: ""A house is not a ___."" Completed sentence: A house is not a"	waterway	-13.779073	▁Water	['___', '____', 'home', '_______', '$\\']	neg	neg
"Complete the sentence below with only one category word.\nSentence: ""A house is not a ___."" Completed sentence: A house is not a"	dwelling	-5.8140163	▁dwelling	['___', '____', 'home', '_______', '$\\']	neg	aff
"Complete the sentence below with only one category word.\nSentence: ""A river is a ___."" Completed sentence: A river is a"	waterway	-4.9772835	▁waterway	['___', 'natural', 'body', '____', '(']	aff	aff
"Complete the sentence below with only one category word.\nSentence: ""A river is a ___."" Completed sentence: A river is a"	mountain	-10.235554	▁mountain	['___', 'natural', 'body', '____', '(']	aff	neg
"Complete the sentence below with only one category word.\nSentence: ""A river is not a ___."" Completed sentence: A river is not a"	mountain	-6.5809135	▁mountain	['___', '____', '$\\', '_______', '________']	neg	neg
"Complete the sentence below with only one category word.\nSentence: ""A river is not a ___."" Completed sentence: A river is not a"	waterway	-7.462616	▁waterway	['___', '____', '$\\', '_______', '________']	neg	aff
"Complete the sentence below with only one category word.\nSentence: ""A girl is a ___."" Completed sentence: A girl is a"	person	-2.1697807	▁person	['___', 'person', '____', '__', '(']	aff	aff
"Complete the sentence below with only one category word.\nSentence: ""A girl is a ___."" Completed sentence: A girl is a"	boy	-6.6644115	▁boy	['___', 'person', '____', '__', '(']	aff	neg
"Complete the sentence below with only one category word.\nSentence: ""A girl is not a ___."" Completed sentence: A girl is not a"	boy	-4.679228	▁boy	['____', '___', '______', '_______', '________']	neg	neg
"Complete the sentence below with only one category word.\nSentence: ""A girl is not a ___."" Completed sentence: A girl is not a"	person	-3.8256588	▁person	['____', '___', '______', '_______', '________']	neg	aff
"Complete the sentence below with only one category word.\nSentence: ""A steak is a ___."" Completed sentence: A steak is a"	food	-3.2818794	▁food	['___', '(', '____', '__', 'noun']	aff	aff
"Complete the sentence below with only one category word.\nSentence: ""A steak is a ___."" Completed sentence: A steak is a"	flower	-10.387144	▁flower	['___', '(', '____', '__', 'noun']	aff	neg
"Complete the sentence below with only one category word.\nSentence: ""A steak is not a ___."" Completed sentence: A steak is not a"	flower	-8.490198	▁flower	['___', '____', '(', '__', '______']	neg	neg
"Complete the sentence below with only one category word.\nSentence: ""A steak is not a ___."" Completed sentence: A steak is not a"	food	-4.074465	▁food	['___', '____', '(', '__', '______']	neg	aff
"Complete the sentence below with only one category word.\nSentence: ""A shoe is a ___."" Completed sentence: A shoe is a"	clothing	-3.9514198	▁clothing	['___', 'noun', '____', '$\\', '__']	aff	aff
"Complete the sentence below with only one category word.\nSentence: ""A shoe is a ___."" Completed sentence: A shoe is a"	furniture	-8.565187	▁furniture	['___', 'noun', '____', '$\\', '__']	aff	neg
"Complete the sentence below with only one category word.\nSentence: ""A shoe is not a ___."" Completed sentence: A shoe is not a"	furniture	-7.6733093	▁furniture	['___', '____', '$\\', '(', '______']	neg	neg
"Complete the sentence below with only one category word.\nSentence: ""A shoe is not a ___."" Completed sentence: A shoe is not a"	clothing	-4.9993324	▁clothing	['___', '____', '$\\', '(', '______']	neg	aff
"Complete the sentence below with only one category word.\nSentence: ""A computer is an ___."" Completed sentence: A computer is an"	equipment	-7.679468	▁equipment	['___', '____', '__', 'electronic', 'example']	aff	aff
"Complete the sentence below with only one category word.\nSentence: ""A computer is a ___."" Completed sentence: A computer is a"	drink	-14.824038	▁drink	['___', '(', '____', '__', 'tool']	aff	neg
"Complete the sentence below with only one category word.\nSentence: ""A computer is not a ___."" Completed sentence: A computer is not a"	drink	-10.972076	▁drink	['___', '____', '(', '__', '\\']	neg	neg
"Complete the sentence below with only one category word.\nSentence: ""A computer is not an ___."" Completed sentence: A computer is not an"	equipment	-7.246443	▁equipment	['___', '____', '__', 'object', '_______']	neg	aff
"Complete the sentence below with only one category word.\nSentence: ""A mouse is a ___."" Completed sentence: A mouse is a"	rodent	-4.1204967	▁rodent	['___', 'mammal', '____', 'small', '(']	aff	aff
"Complete the sentence below with only one category word.\nSentence: ""A mouse is a ___."" Completed sentence: A mouse is a"	bird	-7.121071	▁bird	['___', 'mammal', '____', 'small', '(']	aff	neg
"Complete the sentence below with only one category word.\nSentence: ""A mouse is not a ___."" Completed sentence: A mouse is not a"	bird	-5.003948	▁bird	['___', '____', 'mammal', '(', '__']	neg	neg
"Complete the sentence below with only one category word.\nSentence: ""A mouse is not a ___."" Completed sentence: A mouse is not a"	rodent	-5.983282	▁rodent	['___', '____', 'mammal', '(', '__']	neg	aff
"Complete the sentence below with only one category word.\nSentence: ""A nail is a ___."" Completed sentence: A nail is a"	metal	-4.524683	▁metal	['noun', '___', 'tool', '____', '________']	aff	aff
"Complete the sentence below with only one category word.\nSentence: ""A nail is a ___."" Completed sentence: A nail is a"	paper	-10.422611	▁paper	['noun', '___', 'tool', '____', '________']	aff	neg
"Complete the sentence below with only one category word.\nSentence: ""A nail is not a ___."" Completed sentence: A nail is not a"	paper	-9.7309265	▁paper	['___', 'noun', '____', '(', '________']	neg	neg
"Complete the sentence below with only one category word.\nSentence: ""A nail is not a ___."" Completed sentence: A nail is not a"	metal	-6.108526	▁metal	['___', 'noun', '____', '(', '________']	neg	aff
"Complete the sentence below with only one category word.\nSentence: ""A driver is a ___."" Completed sentence: A driver is a"	person	-2.5982666	▁person	['___', 'person', 'noun', '____', 'vehicle']	aff	aff
"Complete the sentence below with only one category word.\nSentence: ""A driver is a ___."" Completed sentence: A driver is a"	machine	-6.816904	▁machine	['___', 'person', 'noun', '____', 'vehicle']	aff	neg
"Complete the sentence below with only one category word.\nSentence: ""A driver is not a ___."" Completed sentence: A driver is not a"	machine	-6.8786697	▁machine	['___', '____', 'vehicle', '_______', '(']	neg	neg
"Complete the sentence below with only one category word.\nSentence: ""A driver is not a ___."" Completed sentence: A driver is not a"	person	-3.551796	▁person	['___', '____', 'vehicle', '_______', '(']	neg	aff
"Complete the sentence below with only one category word.\nSentence: ""A lake is a ___."" Completed sentence: A lake is a"	pond	-8.161503	▁pond	['___', 'body', '____', 'natural', '(']	aff	aff
"Complete the sentence below with only one category word.\nSentence: ""A lake is a ___."" Completed sentence: A lake is a"	mountain	-10.651193	▁mountain	['___', 'body', '____', 'natural', '(']	aff	neg
"Complete the sentence below with only one category word.\nSentence: ""A lake is not a ___."" Completed sentence: A lake is not a"	mountain	-7.3804283	▁mountain	['___', '____', '_______', '______', '$\\']	neg	neg
"Complete the sentence below with only one category word.\nSentence: ""A lake is not a ___."" Completed sentence: A lake is not a"	pond	-7.0451736	▁pond	['___', '____', '_______', '______', '$\\']	neg	aff
"Complete the sentence below with only one category word.\nSentence: ""A duck is an ___."" Completed sentence: A duck is an"	animal	-1.1851768	▁animal	['animal', '___', '__', '____', '$\\']	aff	aff
"Complete the sentence below with only one category word.\nSentence: ""A duck is a ___."" Completed sentence: A duck is a"	fruit	-10.0174885	▁fruit	['bird', '___', '____', 'noun', '$\\']	aff	neg
"Complete the sentence below with only one category word.\nSentence: ""A duck is not a ___."" Completed sentence: A duck is not a"	fruit	-6.8986626	▁fruit	['___', 'bird', '____', '$\\', '__']	neg	neg
"Complete the sentence below with only one category word.\nSentence: ""A duck is not an ___."" Completed sentence: A duck is not an"	animal	-1.2740993	▁animal	['animal', '___', '____', '__', '_______']	neg	aff
"Complete the sentence below with only one category word.\nSentence: ""A mackerel is a ___."" Completed sentence: A mackerel is a"	fish	-0.910944	▁fish	['fish', '___', '____', '(', 'type']	aff	aff
"Complete the sentence below with only one category word.\nSentence: ""A mackerel is a ___."" Completed sentence: A mackerel is a"	bird	-8.349873	▁bird	['fish', '___', '____', '(', 'type']	aff	neg
"Complete the sentence below with only one category word.\nSentence: ""A mackerel is not a ___."" Completed sentence: A mackerel is not a"	bird	-5.9400635	▁bird	['fish', '___', '____', '(', '______']	neg	neg
"Complete the sentence below with only one category word.\nSentence: ""A mackerel is not a ___."" Completed sentence: A mackerel is not a"	fish	-1.5155926	▁fish	['fish', '___', '____', '(', '______']	neg	aff
"Complete the sentence below with only one category word.\nSentence: ""A vase is a ___."" Completed sentence: A vase is a"	decoration	-7.9057636	▁decoration	['___', '____', '(', 'container', '__']	aff	aff
"Complete the sentence below with only one category word.\nSentence: ""A vase is a ___."" Completed sentence: A vase is a"	tool	-8.136076	▁tool	['___', '____', '(', 'container', '__']	aff	neg
"Complete the sentence below with only one category word.\nSentence: ""A vase is not a ___."" Completed sentence: A vase is not a"	tool	-6.932987	▁tool	['___', '____', '(', '__', '______']	neg	neg
"Complete the sentence below with only one category word.\nSentence: ""A vase is not a ___."" Completed sentence: A vase is not a"	decoration	-8.432552	▁decoration	['___', '____', '(', '__', '______']	neg	aff
"Complete the sentence below with only one category word.\nSentence: ""A cat is a ___."" Completed sentence: A cat is a"	carnivore	-6.9455776	▁carni	['___', 'mammal', '____', '__', 'pet']	aff	aff
"Complete the sentence below with only one category word.\nSentence: ""A cat is a ___."" Completed sentence: A cat is a"	herbivore	-8.744295	▁herb	['___', 'mammal', '____', '__', 'pet']	aff	neg
"Complete the sentence below with only one category word.\nSentence: ""A cat is not a ___."" Completed sentence: A cat is not a"	herbivore	-7.2194786	▁herb	['___', '____', 'mammal', '__', '(']	neg	neg
"Complete the sentence below with only one category word.\nSentence: ""A cat is not a ___."" Completed sentence: A cat is not a"	carnivore	-7.1326504	▁carni	['___', '____', 'mammal', '__', '(']	neg	aff
"Complete the sentence below with only one category word.\nSentence: ""A school is a ___."" Completed sentence: A school is a"	place	-3.076826	▁place	['(', '___', '____', '__', 'place']	aff	aff
"Complete the sentence below with only one category word.\nSentence: ""A school is a ___."" Completed sentence: A school is a"	device	-12.906064	▁device	['(', '___', '____', '__', 'place']	aff	neg
"Complete the sentence below with only one category word.\nSentence: ""A school is not a ___."" Completed sentence: A school is not a"	device	-10.613924	▁device	['____', '___', '_______', '(', '\\']	neg	neg
"Complete the sentence below with only one category word.\nSentence: ""A school is not a ___."" Completed sentence: A school is not a"	place	-3.5255833	▁place	['____', '___', '_______', '(', '\\']	neg	aff
"Complete the sentence below with only one category word.\nSentence: ""A python is a ___."" Completed sentence: A python is a"	snake	-1.5777225	▁snake	['snake', 'reptile', '___', '(', 'type']	aff	aff
"Complete the sentence below with only one category word.\nSentence: ""A python is a ___."" Completed sentence: A python is a"	mammal	-4.016281	▁mammal	['snake', 'reptile', '___', '(', 'type']	aff	neg
"Complete the sentence below with only one category word.\nSentence: ""A python is not a ___."" Completed sentence: A python is not a"	mammal	-3.410719	▁mammal	['___', 'reptile', '____', 'snake', '(']	neg	neg
"Complete the sentence below with only one category word.\nSentence: ""A python is not a ___."" Completed sentence: A python is not a"	snake	-2.6318226	▁snake	['___', 'reptile', '____', 'snake', '(']	neg	aff
"Complete the sentence below with only one category word.\nSentence: ""A hawk is an ___."" Completed sentence: A hawk is an"	animal	-1.012228	▁animal	['animal', '___', '__', '____', 'bird']	aff	aff
"Complete the sentence below with only one category word.\nSentence: ""A hawk is a ___."" Completed sentence: A hawk is a"	reptile	-6.3415775	▁reptile	['bird', '___', 'type', '(', 'kind']	aff	neg
"Complete the sentence below with only one category word.\nSentence: ""A hawk is not a ___."" Completed sentence: A hawk is not a"	reptile	-5.5830593	▁reptile	['bird', '___', '____', '(', '\\']	neg	neg
"Complete the sentence below with only one category word.\nSentence: ""A hawk is not an ___."" Completed sentence: A hawk is not an"	animal	-1.2750244	▁animal	['animal', '___', '____', '__', '_______']	neg	aff
"Complete the sentence below with only one category word.\nSentence: ""A beach is a ___."" Completed sentence: A beach is a"	place	-4.7553444	▁place	['___', 'natural', '(', '____', '__']	aff	aff
"Complete the sentence below with only one category word.\nSentence: ""A beach is an ___."" Completed sentence: A beach is an"	ocean	-4.996958	▁ocean	['___', '__', '____', '$\\', 'example']	aff	neg
"Complete the sentence below with only one category word.\nSentence: ""A beach is not an ___."" Completed sentence: A beach is not an"	ocean	-5.1000404	▁ocean	['___', '____', '__', '_______', '$\\']	neg	neg
"Complete the sentence below with only one category word.\nSentence: ""A beach is not a ___."" Completed sentence: A beach is not a"	place	-4.5234604	▁place	['___', '____', '__', '________', '_______']	neg	aff
"Complete the sentence below with only one category word.\nSentence: ""A carnation is a ___."" Completed sentence: A carnation is a"	flower	-1.2285995	▁flower	['flower', '___', '____', '______', '________']	aff	aff
"Complete the sentence below with only one category word.\nSentence: ""A carnation is a ___."" Completed sentence: A carnation is a"	bee	-14.1005535	▁bee	['flower', '___', '____', '______', '________']	aff	neg
"Complete the sentence below with only one category word.\nSentence: ""A carnation is not a ___."" Completed sentence: A carnation is not a"	bee	-12.9277315	▁bee	['___', 'flower', '____', '______', '__']	neg	neg
"Complete the sentence below with only one category word.\nSentence: ""A carnation is not a ___."" Completed sentence: A carnation is not a"	flower	-1.8846455	▁flower	['___', 'flower', '____', '______', '__']	neg	aff
"Complete the sentence below with only one category word.\nSentence: ""A shoe is a ___."" Completed sentence: A shoe is a"	footwear	-4.0659065	▁footwear	['___', 'noun', '____', '$\\', '__']	aff	aff
"Complete the sentence below with only one category word.\nSentence: ""A shoe is a ___."" Completed sentence: A shoe is a"	tool	-6.106846	▁tool	['___', 'noun', '____', '$\\', '__']	aff	neg
"Complete the sentence below with only one category word.\nSentence: ""A shoe is not a ___."" Completed sentence: A shoe is not a"	tool	-6.0228615	▁tool	['___', '____', '$\\', '(', '______']	neg	neg
"Complete the sentence below with only one category word.\nSentence: ""A shoe is not a ___."" Completed sentence: A shoe is not a"	footwear	-5.8785896	▁footwear	['___', '____', '$\\', '(', '______']	neg	aff
"Complete the sentence below with only one category word.\nSentence: ""A sailboat is a ___."" Completed sentence: A sailboat is a"	watercraft	-2.7880592	▁water	['___', '____', 'water', 'boat', '__']	aff	aff
"Complete the sentence below with only one category word.\nSentence: ""A sailboat is a ___."" Completed sentence: A sailboat is a"	building	-10.298967	▁building	['___', '____', 'water', 'boat', '__']	aff	neg
"Complete the sentence below with only one category word.\nSentence: ""A sailboat is not a ___."" Completed sentence: A sailboat is not a"	building	-9.073523	▁building	['___', '____', '__', '(', '_______']	neg	neg
"Complete the sentence below with only one category word.\nSentence: ""A sailboat is not a ___."" Completed sentence: A sailboat is not a"	watercraft	-4.8407803	▁water	['___', '____', '__', '(', '_______']	neg	aff
"Complete the sentence below with only one category word.\nSentence: ""A clown is a ___."" Completed sentence: A clown is a"	performer	-4.240055	▁performer	['___', '____', 'comic', 'funny', '__']	aff	aff
"Complete the sentence below with only one category word.\nSentence: ""A clown is a ___."" Completed sentence: A clown is a"	doctor	-9.968601	▁doctor	['___', '____', 'comic', 'funny', '__']	aff	neg
"Complete the sentence below with only one category word.\nSentence: ""A clown is not a ___."" Completed sentence: A clown is not a"	doctor	-8.05715	▁doctor	['___', '____', '__', 'clown', '_______']	neg	neg
"Complete the sentence below with only one category word.\nSentence: ""A clown is not a ___."" Completed sentence: A clown is not a"	performer	-4.940506	▁performer	['___', '____', '__', 'clown', '_______']	neg	aff
"Complete the sentence below with only one category word.\nSentence: ""A dog is a ___."" Completed sentence: A dog is a"	pet	-2.3217773	▁pet	['___', '____', 'pet', 'mammal', '__']	aff	aff
"Complete the sentence below with only one category word.\nSentence: ""A dog is a ___."" Completed sentence: A dog is a"	fruit	-10.839	▁fruit	['___', '____', 'pet', 'mammal', '__']	aff	neg
"Complete the sentence below with only one category word.\nSentence: ""A dog is not a ___."" Completed sentence: A dog is not a"	fruit	-6.8817997	▁fruit	['___', '____', '__', '(', 'pet']	neg	neg
"Complete the sentence below with only one category word.\nSentence: ""A dog is not a ___."" Completed sentence: A dog is not a"	pet	-3.1888256	▁pet	['___', '____', '__', '(', 'pet']	neg	aff
"Complete the sentence below with only one category word.\nSentence: ""A plate is an ___."" Completed sentence: A plate is an"	utensil	-5.8684196	▁utens	['___', '____', '__', 'object', '______']	aff	aff
"Complete the sentence below with only one category word.\nSentence: ""A plate is a ___."" Completed sentence: A plate is a"	toy	-9.30867	▁toy	['___', '____', '______', '__', '\\']	aff	neg
"Complete the sentence below with only one category word.\nSentence: ""A plate is not a ___."" Completed sentence: A plate is not a"	toy	-8.348436	▁toy	['___', '____', '__', '______', '(']	neg	neg
"Complete the sentence below with only one category word.\nSentence: ""A plate is not an ___."" Completed sentence: A plate is not an"	utensil	-6.869816	▁utens	['___', '____', '__', 'object', '_______']	neg	aff
"Complete the sentence below with only one category word.\nSentence: ""A rose is a ___."" Completed sentence: A rose is a"	plant	-2.7112331	▁plant	['___', 'flower', 'noun', 'plant', '____']	aff	aff
"Complete the sentence below with only one category word.\nSentence: ""A rose is a ___."" Completed sentence: A rose is a"	bird	-10.433627	▁bird	['___', 'flower', 'noun', 'plant', '____']	aff	neg
"Complete the sentence below with only one category word.\nSentence: ""A rose is not a ___."" Completed sentence: A rose is not a"	bird	-6.502186	▁bird	['___', '____', 'flower', '(', '__']	neg	neg
"Complete the sentence below with only one category word.\nSentence: ""A rose is not a ___."" Completed sentence: A rose is not a"	plant	-3.6868305	▁plant	['___', '____', 'flower', '(', '__']	neg	aff
"Complete the sentence below with only one category word.\nSentence: ""A vase is a ___."" Completed sentence: A vase is a"	container	-2.972124	▁container	['___', '____', '(', 'container', '__']	aff	aff
"Complete the sentence below with only one category word.\nSentence: ""A vase is a ___."" Completed sentence: A vase is a"	bird	-12.681472	▁bird	['___', '____', '(', 'container', '__']	aff	neg
"Complete the sentence below with only one category word.\nSentence: ""A vase is not a ___."" Completed sentence: A vase is not a"	bird	-9.630682	▁bird	['___', '____', '(', '__', '______']	neg	neg
"Complete the sentence below with only one category word.\nSentence: ""A vase is not a ___."" Completed sentence: A vase is not a"	container	-4.4111557	▁container	['___', '____', '(', '__', '______']	neg	aff
"Complete the sentence below with only one category word.\nSentence: ""A linnet is a ___."" Completed sentence: A linnet is a"	bird	-1.1336308	▁bird	['bird', '___', 'song', 'type', '____']	aff	aff
"Complete the sentence below with only one category word.\nSentence: ""A linnet is a ___."" Completed sentence: A linnet is a"	flower	-6.4389057	▁flower	['bird', '___', 'song', 'type', '____']	aff	neg
"Complete the sentence below with only one category word.\nSentence: ""A linnet is not a ___."" Completed sentence: A linnet is not a"	flower	-5.975666	▁flower	['bird', '___', '____', '$\\', '______']	neg	neg
"Complete the sentence below with only one category word.\nSentence: ""A linnet is not a ___."" Completed sentence: A linnet is not a"	bird	-1.5758018	▁bird	['bird', '___', '____', '$\\', '______']	neg	aff
"Complete the sentence below with only one category word.\nSentence: ""A wasp is an ___."" Completed sentence: A wasp is an"	insect	-0.6646366	▁insect	['insect', 'animal', '__', '___', 'invertebrate']	aff	aff
"Complete the sentence below with only one category word.\nSentence: ""A wasp is a ___."" Completed sentence: A wasp is a"	mammal	-7.779434	▁mammal	['(', '___', 'insect', '__', 'bug']	aff	neg
"Complete the sentence below with only one category word.\nSentence: ""A wasp is not a ___."" Completed sentence: A wasp is not a"	mammal	-4.797756	▁mammal	['___', '____', '__', '(', '$\\']	neg	neg
"Complete the sentence below with only one category word.\nSentence: ""A wasp is not an ___."" Completed sentence: A wasp is not an"	insect	-1.0705433	▁insect	['insect', 'animal', '___', '__', '____']	neg	aff
"Complete the sentence below with only one category word.\nSentence: ""A jigsaw is a ___."" Completed sentence: A jigsaw is a"	tool	-2.00449	▁tool	['___', 'tool', '(', '____', 'power']	aff	aff
"Complete the sentence below with only one category word.\nSentence: ""A jigsaw is a ___."" Completed sentence: A jigsaw is a"	toy	-6.8427753	▁toy	['___', 'tool', '(', '____', 'power']	aff	neg
"Complete the sentence below with only one category word.\nSentence: ""A jigsaw is not a ___."" Completed sentence: A jigsaw is not a"	toy	-6.318779	▁toy	['___', 'tool', '____', '(', '\\']	neg	neg
"Complete the sentence below with only one category word.\nSentence: ""A jigsaw is not a ___."" Completed sentence: A jigsaw is not a"	tool	-2.3698368	▁tool	['___', 'tool', '____', '(', '\\']	neg	aff
"Complete the sentence below with only one category word.\nSentence: ""A fig is a ___."" Completed sentence: A fig is a"	fruit	-0.6719799	▁fruit	['fruit', '___', '$\\', '__', '________']	aff	aff
"Complete the sentence below with only one category word.\nSentence: ""A fig is a ___."" Completed sentence: A fig is a"	chair	-12.950841	▁chair	['fruit', '___', '$\\', '__', '________']	aff	neg
"Complete the sentence below with only one category word.\nSentence: ""A fig is not a ___."" Completed sentence: A fig is not a"	chair	-11.686033	▁chair	['fruit', '___', '____', '__', '$\\']	neg	neg
"Complete the sentence below with only one category word.\nSentence: ""A fig is not a ___."" Completed sentence: A fig is not a"	fruit	-1.0104446	▁fruit	['fruit', '___', '____', '__', '$\\']	neg	aff
"Complete the sentence below with only one category word.\nSentence: ""A sailboat is a ___."" Completed sentence: A sailboat is a"	vessel	-4.0220337	▁vessel	['___', '____', 'water', 'boat', '__']	aff	aff
"Complete the sentence below with only one category word.\nSentence: ""A sailboat is a ___."" Completed sentence: A sailboat is a"	box	-12.526617	▁box	['___', '____', 'water', 'boat', '__']	aff	neg
"Complete the sentence below with only one category word.\nSentence: ""A sailboat is not a ___."" Completed sentence: A sailboat is not a"	box	-9.990339	▁box	['___', '____', '__', '(', '_______']	neg	neg
"Complete the sentence below with only one category word.\nSentence: ""A sailboat is not a ___."" Completed sentence: A sailboat is not a"	vessel	-5.504446	▁vessel	['___', '____', '__', '(', '_______']	neg	aff
"Complete the sentence below with only one category word.\nSentence: ""A sword is a ___."" Completed sentence: A sword is a"	weapon	-1.4298553	▁weapon	['weapon', '___', 'noun', 'tool', '____']	aff	aff
"Complete the sentence below with only one category word.\nSentence: ""A sword is a ___."" Completed sentence: A sword is a"	flower	-12.419553	▁flower	['weapon', '___', 'noun', 'tool', '____']	aff	neg
"Complete the sentence below with only one category word.\nSentence: ""A sword is not a ___."" Completed sentence: A sword is not a"	flower	-8.706554	▁flower	['___', 'weapon', '____', 'tool', 'noun']	neg	neg
"Complete the sentence below with only one category word.\nSentence: ""A sword is not a ___."" Completed sentence: A sword is not a"	weapon	-2.1092834	▁weapon	['___', 'weapon', '____', 'tool', 'noun']	neg	aff
"Complete the sentence below with only one category word.\nSentence: ""A trumpet is an ___."" Completed sentence: A trumpet is an"	instrument	-0.60230446	▁instrument	['instrument', '___', 'musical', '__', '_____']	aff	aff
"Complete the sentence below with only one category word.\nSentence: ""A trumpet is a ___."" Completed sentence: A trumpet is a"	rock	-10.857639	▁rock	['musical', '___', 'brass', 'wind', '(']	aff	neg
"Complete the sentence below with only one category word.\nSentence: ""A trumpet is not a ___."" Completed sentence: A trumpet is not a"	rock	-8.855879	▁rock	['___', 'musical', '\\', '(', '____']	neg	neg
"Complete the sentence below with only one category word.\nSentence: ""A trumpet is not an ___."" Completed sentence: A trumpet is not an"	instrument	-0.91721725	▁instrument	['instrument', '___', '__', '____', '_______']	neg	aff
"Complete the sentence below with only one category word.\nSentence: ""A pot is a ___."" Completed sentence: A pot is a"	vessel	-3.804018	▁vessel	['container', '___', '____', '(', 'noun']	aff	aff
"Complete the sentence below with only one category word.\nSentence: ""A pot is a ___."" Completed sentence: A pot is a"	tool	-4.297861	▁tool	['container', '___', '____', '(', 'noun']	aff	neg
"Complete the sentence below with only one category word.\nSentence: ""A pot is not a ___."" Completed sentence: A pot is not a"	tool	-4.8426647	▁tool	['___', '____', '(', '______', '$\\']	neg	neg
"Complete the sentence below with only one category word.\nSentence: ""A pot is not a ___."" Completed sentence: A pot is not a"	vessel	-5.76223	▁vessel	['___', '____', '(', '______', '$\\']	neg	aff
"Complete the sentence below with only one category word.\nSentence: ""A tomato is a ___."" Completed sentence: A tomato is a"	fruit	-1.182888	▁fruit	['fruit', 'vegetable', '___', '__', '____']	aff	aff
"Complete the sentence below with only one category word.\nSentence: ""A tomato is a ___."" Completed sentence: A tomato is a"	candy	-14.932792	▁candy	['fruit', 'vegetable', '___', '__', '____']	aff	neg
"Complete the sentence below with only one category word.\nSentence: ""A tomato is not a ___."" Completed sentence: A tomato is not a"	candy	-11.410851	▁candy	['fruit', 'vegetable', '___', '____', '__']	neg	neg
"Complete the sentence below with only one category word.\nSentence: ""A tomato is not a ___."" Completed sentence: A tomato is not a"	fruit	-1.1782093	▁fruit	['fruit', 'vegetable', '___', '____', '__']	neg	aff
"Complete the sentence below with only one category word.\nSentence: ""A clock is a ___."" Completed sentence: A clock is a"	timepiece	-2.8256664	▁time	['___', '(', '____', '__', 'time']	aff	aff
"Complete the sentence below with only one category word.\nSentence: ""A clock is a ___."" Completed sentence: A clock is a"	fruit	-11.355514	▁fruit	['___', '(', '____', '__', 'time']	aff	neg
"Complete the sentence below with only one category word.\nSentence: ""A clock is not a ___."" Completed sentence: A clock is not a"	fruit	-7.265772	▁fruit	['___', '____', '(', '__', '$\\']	neg	neg
"Complete the sentence below with only one category word.\nSentence: ""A clock is not a ___."" Completed sentence: A clock is not a"	timepiece	-4.1999207	▁time	['___', '____', '(', '__', '$\\']	neg	aff
"Complete the sentence below with only one category word.\nSentence: ""An alligator is a ___."" Completed sentence: An alligator is a"	reptile	-1.0540466	▁reptile	['reptile', '___', '____', '__', '(']	aff	aff
"Complete the sentence below with only one category word.\nSentence: ""An alligator is a ___."" Completed sentence: An alligator is a"	mammal	-3.765749	▁mammal	['reptile', '___', '____', '__', '(']	aff	neg
"Complete the sentence below with only one category word.\nSentence: ""An alligator is not a ___."" Completed sentence: An alligator is not a"	mammal	-2.8291683	▁mammal	['___', 'reptile', '____', 'mammal', '__']	neg	neg
"Complete the sentence below with only one category word.\nSentence: ""An alligator is not a ___."" Completed sentence: An alligator is not a"	reptile	-1.9880543	▁reptile	['___', 'reptile', '____', 'mammal', '__']	neg	aff
"Complete the sentence below with only one category word.\nSentence: ""A strawberry is a ___."" Completed sentence: A strawberry is a"	fruit	-0.8153324	▁fruit	['fruit', '___', '__', '(', '____']	aff	aff
"Complete the sentence below with only one category word.\nSentence: ""A strawberry is a ___."" Completed sentence: A strawberry is a"	vegetable	-4.5282326	▁vegetable	['fruit', '___', '__', '(', '____']	aff	neg
"Complete the sentence below with only one category word.\nSentence: ""A strawberry is not a ___."" Completed sentence: A strawberry is not a"	vegetable	-2.9799309	▁vegetable	['fruit', '___', '____', 'vegetable', '__']	neg	neg
"Complete the sentence below with only one category word.\nSentence: ""A strawberry is not a ___."" Completed sentence: A strawberry is not a"	fruit	-1.1129742	▁fruit	['fruit', '___', '____', 'vegetable', '__']	neg	aff
"Complete the sentence below with only one category word.\nSentence: ""A eucalyptus is a ___."" Completed sentence: A eucalyptus is a"	tree	-1.7171059	▁tree	['tree', 'plant', '___', '____', '________']	aff	aff
"Complete the sentence below with only one category word.\nSentence: ""A eucalyptus is a ___."" Completed sentence: A eucalyptus is a"	river	-13.826329	▁river	['tree', 'plant', '___', '____', '________']	aff	neg
"Complete the sentence below with only one category word.\nSentence: ""A eucalyptus is not a ___."" Completed sentence: A eucalyptus is not a"	river	-12.046073	▁river	['___', 'tree', 'plant', '____', '__']	neg	neg
"Complete the sentence below with only one category word.\nSentence: ""A eucalyptus is not a ___."" Completed sentence: A eucalyptus is not a"	tree	-2.3157654	▁tree	['___', 'tree', 'plant', '____', '__']	neg	aff
"Complete the sentence below with only one category word.\nSentence: ""A pony is an ___."" Completed sentence: A pony is an"	animal	-1.2681465	▁animal	['___', 'animal', '____', '__', '___']	aff	aff
"Complete the sentence below with only one category word.\nSentence: ""A pony is a ___."" Completed sentence: A pony is a"	fruit	-11.607105	▁fruit	['___', '____', 'small', 'type', '__']	aff	neg
"Complete the sentence below with only one category word.\nSentence: ""A pony is not a ___."" Completed sentence: A pony is not a"	fruit	-8.86236	▁fruit	['___', '____', '______', '__', '_______']	neg	neg
"Complete the sentence below with only one category word.\nSentence: ""A pony is not an ___."" Completed sentence: A pony is not an"	animal	-1.2170544	▁animal	['animal', '___', '____', '__', '_______']	neg	aff
"Complete the sentence below with only one category word.\nSentence: ""A puppy is an ___."" Completed sentence: A puppy is an"	animal	-1.4204388	▁animal	['animal', '___', '____', '__', 'infant']	aff	aff
"Complete the sentence below with only one category word.\nSentence: ""A puppy is a ___."" Completed sentence: A puppy is a"	human	-8.8747425	▁human	['____', '___', 'baby', '__', 'young']	aff	neg
"Complete the sentence below with only one category word.\nSentence: ""A puppy is not a ___."" Completed sentence: A puppy is not a"	human	-6.3546085	▁human	['____', '___', '______', '__', '_______']	neg	neg
"Complete the sentence below with only one category word.\nSentence: ""A puppy is not an ___."" Completed sentence: A puppy is not an"	animal	-1.4465122	▁animal	['animal', '___', '____', '__', '_______']	neg	aff
"Complete the sentence below with only one category word.\nSentence: ""A motorcycle is a ___."" Completed sentence: A motorcycle is a"	vehicle	-1.649065	▁vehicle	['vehicle', '___', '____', '__', 'two']	aff	aff
"Complete the sentence below with only one category word.\nSentence: ""A motorcycle is an ___."" Completed sentence: A motorcycle is an"	animal	-5.790806	▁animal	['___', '__', '____', '___', 'example']	aff	neg
"Complete the sentence below with only one category word.\nSentence: ""A motorcycle is not an ___."" Completed sentence: A motorcycle is not an"	animal	-3.793068	▁animal	['___', '____', '__', '_______', 'automobile']	neg	neg
"Complete the sentence below with only one category word.\nSentence: ""A motorcycle is not a ___."" Completed sentence: A motorcycle is not a"	vehicle	-2.285984	▁vehicle	['___', '____', 'vehicle', '\\', '__']	neg	aff
"Complete the sentence below with only one category word.\nSentence: ""A zucchini is a ___."" Completed sentence: A zucchini is a"	vegetable	-0.9303093	▁vegetable	['vegetable', 'fruit', '___', '____', '__']	aff	aff
"Complete the sentence below with only one category word.\nSentence: ""A zucchini is a ___."" Completed sentence: A zucchini is a"	fruit	-2.1776543	▁fruit	['vegetable', 'fruit', '___', '____', '__']	aff	neg
"Complete the sentence below with only one category word.\nSentence: ""A zucchini is not a ___."" Completed sentence: A zucchini is not a"	fruit	-1.915451	▁fruit	['vegetable', 'fruit', '___', '____', '__']	neg	neg
"Complete the sentence below with only one category word.\nSentence: ""A zucchini is not a ___."" Completed sentence: A zucchini is not a"	vegetable	-1.282608	▁vegetable	['vegetable', 'fruit', '___', '____', '__']	neg	aff
"Complete the sentence below with only one category word.\nSentence: ""A lion is an ___."" Completed sentence: A lion is an"	animal	-0.6370106	▁animal	['animal', '___', '__', '____', '___']	aff	aff
"Complete the sentence below with only one category word.\nSentence: ""A lion is a ___."" Completed sentence: A lion is a"	bird	-8.0726185	▁bird	['mammal', '___', '____', 'wild', 'carni']	aff	neg
"Complete the sentence below with only one category word.\nSentence: ""A lion is not a ___."" Completed sentence: A lion is not a"	bird	-4.8741055	▁bird	['___', 'mammal', '____', '_______', '______']	neg	neg
"Complete the sentence below with only one category word.\nSentence: ""A lion is not an ___."" Completed sentence: A lion is not an"	animal	-0.90703773	▁animal	['animal', '___', '____', '__', '_______']	neg	aff
"Complete the sentence below with only one category word.\nSentence: ""A hat is a ___."" Completed sentence: A hat is a"	clothing	-3.603445	▁clothing	['___', '____', '__', 'noun', '$\\']	aff	aff
"Complete the sentence below with only one category word.\nSentence: ""A hat is a ___."" Completed sentence: A hat is a"	furniture	-10.84	▁furniture	['___', '____', '__', 'noun', '$\\']	aff	neg
"Complete the sentence below with only one category word.\nSentence: ""A hat is not a ___."" Completed sentence: A hat is not a"	furniture	-9.347488	▁furniture	['___', '____', '__', '$\\', '______']	neg	neg
"Complete the sentence below with only one category word.\nSentence: ""A hat is not a ___."" Completed sentence: A hat is not a"	clothing	-5.06493	▁clothing	['___', '____', '__', '$\\', '______']	neg	aff
"Complete the sentence below with only one category word.\nSentence: ""A glass is a ___."" Completed sentence: A glass is a"	material	-6.125952	▁material	['container', '___', '____', '(', '________']	aff	aff
"Complete the sentence below with only one category word.\nSentence: ""A glass is a ___."" Completed sentence: A glass is a"	man	-5.466936	▁man	['container', '___', '____', '(', '________']	aff	neg
"Complete the sentence below with only one category word.\nSentence: ""A glass is not a ___."" Completed sentence: A glass is not a"	man	-7.9590473	▁man	['___', '____', '(', '\\', 'container']	neg	neg
"Complete the sentence below with only one category word.\nSentence: ""A glass is not a ___."" Completed sentence: A glass is not a"	material	-6.2743855	▁material	['___', '____', '(', '\\', 'container']	neg	aff
"Complete the sentence below with only one category word.\nSentence: ""A pizza is a ___."" Completed sentence: A pizza is a"	food	-1.7653599	▁food	['___', 'food', '____', '(', '__']	aff	aff
"Complete the sentence below with only one category word.\nSentence: ""A pizza is a ___."" Completed sentence: A pizza is a"	drink	-8.741697	▁drink	['___', 'food', '____', '(', '__']	aff	neg
"Complete the sentence below with only one category word.\nSentence: ""A pizza is not a ___."" Completed sentence: A pizza is not a"	drink	-7.0316677	▁drink	['___', '____', '(', 'food', '__']	neg	neg
"Complete the sentence below with only one category word.\nSentence: ""A pizza is not a ___."" Completed sentence: A pizza is not a"	food	-3.0033875	▁food	['___', '____', '(', 'food', '__']	neg	aff
"Complete the sentence below with only one category word.\nSentence: ""A game is an ___."" Completed sentence: A game is an"	entertainment	-4.4177856	▁entertainment	['___', '____', '__', '_______', '______']	aff	aff
"Complete the sentence below with only one category word.\nSentence: ""A game is a ___."" Completed sentence: A game is a"	person	-7.7014637	▁person	['___', '____', '______', '________', '_____']	aff	neg
"Complete the sentence below with only one category word.\nSentence: ""A game is not a ___."" Completed sentence: A game is not a"	person	-7.634592	▁person	['___', '____', '______', '________', '_______']	neg	neg
"Complete the sentence below with only one category word.\nSentence: ""A game is not an ___."" Completed sentence: A game is not an"	entertainment	-5.3923054	▁entertainment	['___', '____', '__', '_______', '______']	neg	aff
"Complete the sentence below with only one category word.\nSentence: ""A leopard is an ___."" Completed sentence: A leopard is an"	animal	-0.84057045	▁animal	['animal', '___', '__', '____', '___']	aff	aff
"Complete the sentence below with only one category word.\nSentence: ""A leopard is an ___."" Completed sentence: A leopard is an"	amphibian	-8.937595	▁amp	['animal', '___', '__', '____', '___']	aff	neg
"Complete the sentence below with only one category word.\nSentence: ""A leopard is not an ___."" Completed sentence: A leopard is not an"	amphibian	-7.2124233	▁amp	['animal', '___', '____', '__', '_______']	neg	neg
"Complete the sentence below with only one category word.\nSentence: ""A leopard is not an ___."" Completed sentence: A leopard is not an"	animal	-1.1939449	▁animal	['animal', '___', '____', '__', '_______']	neg	aff
"Complete the sentence below with only one category word.\nSentence: ""A giraffe is an ___."" Completed sentence: A giraffe is an"	animal	-0.50972176	▁animal	['animal', '___', '__', '____', 'mammal']	aff	aff
"Complete the sentence below with only one category word.\nSentence: ""A giraffe is an ___."" Completed sentence: A giraffe is an"	insect	-8.28764	▁insect	['animal', '___', '__', '____', 'mammal']	aff	neg
"Complete the sentence below with only one category word.\nSentence: ""A giraffe is not an ___."" Completed sentence: A giraffe is not an"	insect	-6.4743576	▁insect	['animal', '___', '____', '__', 'mammal']	neg	neg
"Complete the sentence below with only one category word.\nSentence: ""A giraffe is not an ___."" Completed sentence: A giraffe is not an"	animal	-0.80760765	▁animal	['animal', '___', '____', '__', 'mammal']	neg	aff
"Complete the sentence below with only one category word.\nSentence: ""A seal is a ___."" Completed sentence: A seal is a"	mammal	-1.0277538	▁mammal	['mammal', 'marine', '___', '____', '__']	aff	aff
"Complete the sentence below with only one category word.\nSentence: ""A seal is a ___."" Completed sentence: A seal is a"	bird	-7.2312355	▁bird	['mammal', 'marine', '___', '____', '__']	aff	neg
"Complete the sentence below with only one category word.\nSentence: ""A seal is not a ___."" Completed sentence: A seal is not a"	bird	-4.8965855	▁bird	['___', 'mammal', '____', '__', '(']	neg	neg
"Complete the sentence below with only one category word.\nSentence: ""A seal is not a ___."" Completed sentence: A seal is not a"	mammal	-1.8246326	▁mammal	['___', 'mammal', '____', '__', '(']	neg	aff
"Complete the sentence below with only one category word.\nSentence: ""A ruler is a ___."" Completed sentence: A ruler is a"	stationary	-8.894564	▁stationary	['___', 'tool', '____', '(', '__']	aff	aff
"Complete the sentence below with only one category word.\nSentence: ""A ruler is a ___."" Completed sentence: A ruler is a"	toy	-9.542145	▁toy	['___', 'tool', '____', '(', '__']	aff	neg
"Complete the sentence below with only one category word.\nSentence: ""A ruler is not a ___."" Completed sentence: A ruler is not a"	toy	-8.642981	▁toy	['___', '____', '______', '_______', '(']	neg	neg
"Complete the sentence below with only one category word.\nSentence: ""A ruler is not a ___."" Completed sentence: A ruler is not a"	stationary	-9.552988	▁stationary	['___', '____', '______', '_______', '(']	neg	aff
"Complete the sentence below with only one category word.\nSentence: ""A phone is an ___."" Completed sentence: A phone is an"	electronics	-5.054165	▁electronics	['___', 'electronic', '____', '__', 'object']	aff	aff
"Complete the sentence below with only one category word.\nSentence: ""A phone is a ___."" Completed sentence: A phone is a"	toy	-7.52454	▁toy	['___', '____', '(', 'device', '__']	aff	neg
"Complete the sentence below with only one category word.\nSentence: ""A phone is not a ___."" Completed sentence: A phone is not a"	toy	-6.6130733	▁toy	['___', '____', '(', '__', '\\']	neg	neg
"Complete the sentence below with only one category word.\nSentence: ""A phone is not an ___."" Completed sentence: A phone is not an"	electronics	-6.370413	▁electronics	['___', '____', '__', 'object', '$\\']	neg	aff
"Complete the sentence below with only one category word.\nSentence: ""A cat is a ___."" Completed sentence: A cat is a"	predator	-7.954384	▁predator	['___', 'mammal', '____', '__', 'pet']	aff	aff
"Complete the sentence below with only one category word.\nSentence: ""A cat is a ___."" Completed sentence: A cat is a"	thing	-7.619232	▁thing	['___', 'mammal', '____', '__', 'pet']	aff	neg
"Complete the sentence below with only one category word.\nSentence: ""A cat is not a ___."" Completed sentence: A cat is not a"	thing	-7.1146297	▁thing	['___', '____', 'mammal', '__', '(']	neg	neg
"Complete the sentence below with only one category word.\nSentence: ""A cat is not a ___."" Completed sentence: A cat is not a"	predator	-7.873001	▁predator	['___', '____', 'mammal', '__', '(']	neg	aff
"Complete the sentence below with only one category word.\nSentence: ""A mineral is a ___."" Completed sentence: A mineral is a"	thing	-11.131509	▁thing	['naturally', 'natural', '___', '____', 'non']	aff	aff
"Complete the sentence below with only one category word.\nSentence: ""A mineral is an ___."" Completed sentence: A mineral is an"	animal	-8.737682	▁animal	['___', '__', '____', 'inorganic', '_____']	aff	neg
"Complete the sentence below with only one category word.\nSentence: ""A mineral is not an ___."" Completed sentence: A mineral is not an"	animal	-4.7632484	▁animal	['___', '____', '__', '________', '_____']	neg	neg
"Complete the sentence below with only one category word.\nSentence: ""A mineral is not a ___."" Completed sentence: A mineral is not a"	thing	-9.209158	▁thing	['____', '___', '________', '__', '\\']	neg	aff
"Complete the sentence below with only one category word.\nSentence: ""A carrot is a ___."" Completed sentence: A carrot is a"	food	-5.497856	▁food	['vegetable', '___', 'fruit', '____', '__']	aff	aff
"Complete the sentence below with only one category word.\nSentence: ""A carrot is a ___."" Completed sentence: A carrot is a"	fruit	-2.7297897	▁fruit	['vegetable', '___', 'fruit', '____', '__']	aff	neg
"Complete the sentence below with only one category word.\nSentence: ""A carrot is not a ___."" Completed sentence: A carrot is not a"	fruit	-1.8683891	▁fruit	['vegetable', 'fruit', '___', '____', '(']	neg	neg
"Complete the sentence below with only one category word.\nSentence: ""A carrot is not a ___."" Completed sentence: A carrot is not a"	food	-4.9554443	▁food	['vegetable', 'fruit', '___', '____', '(']	neg	aff
"Complete the sentence below with only one category word.\nSentence: ""An oak is a ___."" Completed sentence: An oak is a"	tree	-1.5935516	▁tree	['tree', '___', 'plant', '____', '________']	aff	aff
"Complete the sentence below with only one category word.\nSentence: ""An oak is a ___."" Completed sentence: An oak is a"	flower	-6.578272	▁flower	['tree', '___', 'plant', '____', '________']	aff	neg
"Complete the sentence below with only one category word.\nSentence: ""An oak is not a ___."" Completed sentence: An oak is not a"	flower	-4.7044144	▁flower	['___', 'tree', '____', '______', '________']	neg	neg
"Complete the sentence below with only one category word.\nSentence: ""An oak is not a ___."" Completed sentence: An oak is not a"	tree	-2.091837	▁tree	['___', 'tree', '____', '______', '________']	neg	aff
"Complete the sentence below with only one category word.\nSentence: ""A beneficiary is a ___."" Completed sentence: A beneficiary is a"	person	-2.1366634	▁person	['person', '___', 'beneficiary', '____', 'recipient']	aff	aff
"Complete the sentence below with only one category word.\nSentence: ""A beneficiary is a ___."" Completed sentence: A beneficiary is a"	device	-9.624714	▁device	['person', '___', 'beneficiary', '____', 'recipient']	aff	neg
"Complete the sentence below with only one category word.\nSentence: ""A beneficiary is not a ___."" Completed sentence: A beneficiary is not a"	device	-10.303295	▁device	['beneficiary', '___', '____', '(', '______']	neg	neg
"Complete the sentence below with only one category word.\nSentence: ""A beneficiary is not a ___."" Completed sentence: A beneficiary is not a"	person	-4.283264	▁person	['beneficiary', '___', '____', '(', '______']	neg	aff
"Complete the sentence below with only one category word.\nSentence: ""A doctor is a ___."" Completed sentence: A doctor is a"	human	-4.891655	▁human	['professional', 'person', '(', '___', '\\']	aff	aff
"Complete the sentence below with only one category word.\nSentence: ""A doctor is a ___."" Completed sentence: A doctor is a"	machine	-10.610879	▁machine	['professional', 'person', '(', '___', '\\']	aff	neg
"Complete the sentence below with only one category word.\nSentence: ""A doctor is not a ___."" Completed sentence: A doctor is not a"	machine	-8.020443	▁machine	['____', '___', '_______', '(', 'doctor']	neg	neg
"Complete the sentence below with only one category word.\nSentence: ""A doctor is not a ___."" Completed sentence: A doctor is not a"	human	-6.0992355	▁human	['____', '___', '_______', '(', 'doctor']	neg	aff
"Complete the sentence below with only one category word.\nSentence: ""A teacher is a ___."" Completed sentence: A teacher is a"	human	-4.9424324	▁human	['(', '___', 'person', '____', 'professional']	aff	aff
"Complete the sentence below with only one category word.\nSentence: ""A teacher is a ___."" Completed sentence: A teacher is a"	desk	-12.901911	▁desk	['(', '___', 'person', '____', 'professional']	aff	neg
"Complete the sentence below with only one category word.\nSentence: ""A teacher is not a ___."" Completed sentence: A teacher is not a"	desk	-10.147163	▁desk	['____', '___', '(', '_______', '________']	neg	neg
"Complete the sentence below with only one category word.\nSentence: ""A teacher is not a ___."" Completed sentence: A teacher is not a"	human	-6.3464317	▁human	['____', '___', '(', '_______', '________']	neg	aff
"Complete the sentence below with only one category word.\nSentence: ""A student is a ___."" Completed sentence: A student is a"	human	-4.2496014	▁human	['person', '(', '___', '____', 'student']	aff	aff
"Complete the sentence below with only one category word.\nSentence: ""A student is a ___."" Completed sentence: A student is a"	book	-9.961416	▁book	['person', '(', '___', '____', 'student']	aff	neg
"Complete the sentence below with only one category word.\nSentence: ""A student is not a ___."" Completed sentence: A student is not a"	book	-7.697733	▁book	['____', '___', 'student', '(', '__']	neg	neg
"Complete the sentence below with only one category word.\nSentence: ""A student is not a ___."" Completed sentence: A student is not a"	human	-6.5460777	▁human	['____', '___', 'student', '(', '__']	neg	aff
"Complete the sentence below with only one category word.\nSentence: ""A horse is a ___."" Completed sentence: A horse is a"	herbivore	-5.7483997	▁herb	['mammal', '___', '____', 'noun', '_______']	aff	aff
"Complete the sentence below with only one category word.\nSentence: ""A horse is a ___."" Completed sentence: A horse is a"	mineral	-9.655878	▁mineral	['mammal', '___', '____', 'noun', '_______']	aff	neg
"Complete the sentence below with only one category word.\nSentence: ""A horse is not a ___."" Completed sentence: A horse is not a"	mineral	-8.666744	▁mineral	['___', '____', '_______', '(', '$\\']	neg	neg
"Complete the sentence below with only one category word.\nSentence: ""A horse is not a ___."" Completed sentence: A horse is not a"	herbivore	-6.348837	▁herb	['___', '____', '_______', '(', '$\\']	neg	aff
"Complete the sentence below with only one category word.\nSentence: ""A suit is a ___."" Completed sentence: A suit is a"	clothing	-4.0513344	▁clothing	['___', '____', '________', '__', 'formal']	aff	aff
"Complete the sentence below with only one category word.\nSentence: ""A suit is a ___."" Completed sentence: A suit is a"	house	-11.026052	▁house	['___', '____', '________', '__', 'formal']	aff	neg
"Complete the sentence below with only one category word.\nSentence: ""A suit is not a ___."" Completed sentence: A suit is not a"	house	-9.765776	▁house	['___', '____', '________', '_______', '__']	neg	neg
"Complete the sentence below with only one category word.\nSentence: ""A suit is not a ___."" Completed sentence: A suit is not a"	clothing	-5.6318264	▁clothing	['___', '____', '________', '_______', '__']	neg	aff
"Complete the sentence below with only one category word.\nSentence: ""A road is a ___."" Completed sentence: A road is a"	structure	-5.7023697	▁structure	['___', '____', '(', '__', 'man']	aff	aff
"Complete the sentence below with only one category word.\nSentence: ""A road is an ___."" Completed sentence: A road is an"	animal	-7.7022533	▁animal	['___', '__', '____', '$\\', 'example']	aff	neg
"Complete the sentence below with only one category word.\nSentence: ""A road is not an ___."" Completed sentence: A road is not an"	animal	-4.3692856	▁animal	['___', '____', '__', '$\\', 'object']	neg	neg
"Complete the sentence below with only one category word.\nSentence: ""A road is not a ___."" Completed sentence: A road is not a"	structure	-6.309435	▁structure	['___', '____', '$\\', '(', '__']	neg	aff
"Complete the sentence below with only one category word.\nSentence: ""A roof is a ___."" Completed sentence: A roof is a"	structure	-3.8613071	▁structure	['___', '____', '________', '\\', '______']	aff	aff
"Complete the sentence below with only one category word.\nSentence: ""A roof is a ___."" Completed sentence: A roof is a"	toy	-9.989315	▁toy	['___', '____', '________', '\\', '______']	aff	neg
"Complete the sentence below with only one category word.\nSentence: ""A roof is not a ___."" Completed sentence: A roof is not a"	toy	-8.932568	▁toy	['___', '____', '________', '______', '$\\']	neg	neg
"Complete the sentence below with only one category word.\nSentence: ""A roof is not a ___."" Completed sentence: A roof is not a"	structure	-6.411171	▁structure	['___', '____', '________', '______', '$\\']	neg	aff
"Complete the sentence below with only one category word.\nSentence: ""A mirror is a ___."" Completed sentence: A mirror is a"	glass	-6.3419933	▁glass	['___', '____', '________', '__', '______']	aff	aff
"Complete the sentence below with only one category word.\nSentence: ""A mirror is a ___."" Completed sentence: A mirror is a"	table	-10.826856	▁table	['___', '____', '________', '__', '______']	aff	neg
"Complete the sentence below with only one category word.\nSentence: ""A mirror is not a ___."" Completed sentence: A mirror is not a"	table	-7.9379272	▁table	['___', '____', '______', '________', '__']	neg	neg
"Complete the sentence below with only one category word.\nSentence: ""A mirror is not a ___."" Completed sentence: A mirror is not a"	glass	-6.4909363	▁glass	['___', '____', '______', '________', '__']	neg	aff
"Complete the sentence below with only one category word.\nSentence: ""A mouse is a ___."" Completed sentence: A mouse is a"	pest	-6.1616135	▁pest	['___', 'mammal', '____', 'small', '(']	aff	aff
"Complete the sentence below with only one category word.\nSentence: ""A mouse is a ___."" Completed sentence: A mouse is a"	fish	-10.490176	▁fish	['___', 'mammal', '____', 'small', '(']	aff	neg
"Complete the sentence below with only one category word.\nSentence: ""A mouse is not a ___."" Completed sentence: A mouse is not a"	fish	-6.566887	▁fish	['___', '____', 'mammal', '(', '__']	neg	neg
"Complete the sentence below with only one category word.\nSentence: ""A mouse is not a ___."" Completed sentence: A mouse is not a"	pest	-8.265417	▁pest	['___', '____', 'mammal', '(', '__']	neg	aff
"Complete the sentence below with only one category word.\nSentence: ""A horse is a ___."" Completed sentence: A horse is a"	beast	-8.563065	▁beast	['mammal', '___', '____', 'noun', '_______']	aff	aff
"Complete the sentence below with only one category word.\nSentence: ""A horse is a ___."" Completed sentence: A horse is a"	lion	-12.189705	▁lion	['mammal', '___', '____', 'noun', '_______']	aff	neg
"Complete the sentence below with only one category word.\nSentence: ""A horse is not a ___."" Completed sentence: A horse is not a"	lion	-8.918907	▁lion	['___', '____', '_______', '(', '$\\']	neg	neg
"Complete the sentence below with only one category word.\nSentence: ""A horse is not a ___."" Completed sentence: A horse is not a"	beast	-8.893436	▁beast	['___', '____', '_______', '(', '$\\']	neg	aff
"Complete the sentence below with only one category word.\nSentence: ""A sparrow is an ___."" Completed sentence: A sparrow is an"	animal	-1.819994	▁animal	['___', 'animal', '__', '____', 'bird']	aff	aff
"Complete the sentence below with only one category word.\nSentence: ""A sparrow is a ___."" Completed sentence: A sparrow is a"	mammal	-6.196951	▁mammal	['bird', '___', 'small', '____', '______']	aff	neg
"Complete the sentence below with only one category word.\nSentence: ""A sparrow is not a ___."" Completed sentence: A sparrow is not a"	mammal	-3.885271	▁mammal	['bird', '___', '____', '______', '(']	neg	neg
"Complete the sentence below with only one category word.\nSentence: ""A sparrow is not an ___."" Completed sentence: A sparrow is not an"	animal	-1.7174282	▁animal	['___', 'animal', '____', '__', '_______']	neg	aff
"Complete the sentence below with only one category word.\nSentence: ""A fish is a ___."" Completed sentence: A fish is a"	food	-7.3958397	▁food	['___', '____', 'vertebrate', 'living', '(']	aff	aff
"Complete the sentence below with only one category word.\nSentence: ""A fish is a ___."" Completed sentence: A fish is a"	mineral	-7.3283405	▁mineral	['___', '____', 'vertebrate', 'living', '(']	aff	neg
"Complete the sentence below with only one category word.\nSentence: ""A fish is not a ___."" Completed sentence: A fish is not a"	mineral	-6.8257637	▁mineral	['___', '____', 'fish', '(', '__']	neg	neg
"Complete the sentence below with only one category word.\nSentence: ""A fish is not a ___."" Completed sentence: A fish is not a"	food	-6.1931686	▁food	['___', '____', 'fish', '(', '__']	neg	aff
"Complete the sentence below with only one category word.\nSentence: ""A house is a ___."" Completed sentence: A house is a"	residence	-4.9185963	▁residence	['___', '____', '__', '(', 'building']	aff	aff
"Complete the sentence below with only one category word.\nSentence: ""A house is a ___."" Completed sentence: A house is a"	furniture	-7.3958683	▁furniture	['___', '____', '__', '(', 'building']	aff	neg
"Complete the sentence below with only one category word.\nSentence: ""A house is not a ___."" Completed sentence: A house is not a"	furniture	-7.1886063	▁furniture	['___', '____', 'home', '_______', '$\\']	neg	neg
"Complete the sentence below with only one category word.\nSentence: ""A house is not a ___."" Completed sentence: A house is not a"	residence	-5.332838	▁residence	['___', '____', 'home', '_______', '$\\']	neg	aff
"Complete the sentence below with only one category word.\nSentence: ""A lamp is an ___."" Completed sentence: A lamp is an"	electronics	-9.355135	▁electronics	['___', 'object', '__', '____', '______']	aff	aff
"Complete the sentence below with only one category word.\nSentence: ""A lamp is a ___."" Completed sentence: A lamp is a"	room	-7.1205215	▁room	['___', 'noun', '____', '(', '__']	aff	neg
"Complete the sentence below with only one category word.\nSentence: ""A lamp is not a ___."" Completed sentence: A lamp is not a"	room	-6.8240433	▁room	['___', '____', '(', '$\\', '\\']	neg	neg
"Complete the sentence below with only one category word.\nSentence: ""A lamp is not an ___."" Completed sentence: A lamp is not an"	electronics	-9.717312	▁electronics	['___', '____', '__', 'object', '______']	neg	aff
"Complete the sentence below with only one category word.\nSentence: ""A cloud is a ___."" Completed sentence: A cloud is a"	sky	-6.597149	▁sky	['___', '____', '________', '_______', '______']	aff	aff
"Complete the sentence below with only one category word.\nSentence: ""A cloud is a ___."" Completed sentence: A cloud is a"	ground	-10.978974	▁ground	['___', '____', '________', '_______', '______']	aff	neg
"Complete the sentence below with only one category word.\nSentence: ""A cloud is not a ___."" Completed sentence: A cloud is not a"	ground	-10.411549	▁ground	['___', '____', '________', '_______', '$\\']	neg	neg
"Complete the sentence below with only one category word.\nSentence: ""A cloud is not a ___."" Completed sentence: A cloud is not a"	sky	-6.9987183	▁sky	['___', '____', '________', '_______', '$\\']	neg	aff
"Complete the sentence below with only one category word.\nSentence: ""A school is an ___."" Completed sentence: A school is an"	education	-5.045231	▁education	['___', 'educational', '____', '__', 'academic']	aff	aff
"Complete the sentence below with only one category word.\nSentence: ""A school is a ___."" Completed sentence: A school is a"	fruit	-13.561059	▁fruit	['(', '___', '____', '__', 'place']	aff	neg
"Complete the sentence below with only one category word.\nSentence: ""A school is not a ___."" Completed sentence: A school is not a"	fruit	-9.97278	▁fruit	['____', '___', '_______', '(', '\\']	neg	neg
"Complete the sentence below with only one category word.\nSentence: ""A school is not an ___."" Completed sentence: A school is not an"	education	-5.7163525	▁education	['___', '____', '_______', 'institution', '__']	neg	aff
"Complete the sentence below with only one category word.\nSentence: ""An elephant is a ___."" Completed sentence: An elephant is a"	herbivore	-4.573679	▁herb	['mammal', '___', '____', '(', '__']	aff	aff
"Complete the sentence below with only one category word.\nSentence: ""An elephant is a ___."" Completed sentence: An elephant is a"	plant	-5.9776554	▁plant	['mammal', '___', '____', '(', '__']	aff	neg
"Complete the sentence below with only one category word.\nSentence: ""An elephant is not a ___."" Completed sentence: An elephant is not a"	plant	-5.1917973	▁plant	['mammal', '___', '____', '__', '(']	neg	neg
"Complete the sentence below with only one category word.\nSentence: ""An elephant is not a ___."" Completed sentence: An elephant is not a"	herbivore	-4.726406	▁herb	['mammal', '___', '____', '__', '(']	neg	aff
"Complete the sentence below with only one category word.\nSentence: ""A radish is a ___."" Completed sentence: A radish is a"	vegetable	-1.0020771	▁vegetable	['vegetable', '___', '____', '__', 'fruit']	aff	aff
"Complete the sentence below with only one category word.\nSentence: ""A radish is a ___."" Completed sentence: A radish is a"	flower	-6.6004295	▁flower	['vegetable', '___', '____', '__', 'fruit']	aff	neg
"Complete the sentence below with only one category word.\nSentence: ""A radish is not a ___."" Completed sentence: A radish is not a"	flower	-5.8577766	▁flower	['vegetable', 'fruit', '___', '____', '__']	neg	neg
"Complete the sentence below with only one category word.\nSentence: ""A radish is not a ___."" Completed sentence: A radish is not a"	vegetable	-1.2415218	▁vegetable	['vegetable', 'fruit', '___', '____', '__']	neg	aff
"Complete the sentence below with only one category word.\nSentence: ""A rock is an ___."" Completed sentence: A rock is an"	aggregate	-9.009827	▁aggregate	['___', '__', 'object', '____', '________']	aff	aff
"Complete the sentence below with only one category word.\nSentence: ""A rock is a ___."" Completed sentence: A rock is a"	toy	-11.822703	▁toy	['___', '__', 'natural', '____', 'mineral']	aff	neg
"Complete the sentence below with only one category word.\nSentence: ""A rock is not a ___."" Completed sentence: A rock is not a"	toy	-9.53023	▁toy	['___', '____', '__', '(', '________']	neg	neg
"Complete the sentence below with only one category word.\nSentence: ""A rock is not an ___."" Completed sentence: A rock is not an"	aggregate	-9.382284	▁aggregate	['___', '__', '____', 'object', '________']	neg	aff
"Complete the sentence below with only one category word.\nSentence: ""A tree is an ___."" Completed sentence: A tree is an"	organism	-2.4575005	▁organism	['___', '__', 'organism', '____', 'object']	aff	aff
"Complete the sentence below with only one category word.\nSentence: ""A tree is a ___."" Completed sentence: A tree is a"	mammal	-6.937874	▁mammal	['___', 'living', 'plant', '____', 'natural']	aff	neg
"Complete the sentence below with only one category word.\nSentence: ""A tree is not a ___."" Completed sentence: A tree is not a"	mammal	-5.4372616	▁mammal	['___', '____', '(', '__', '______']	neg	neg
"Complete the sentence below with only one category word.\nSentence: ""A tree is not an ___."" Completed sentence: A tree is not an"	organism	-3.2849693	▁organism	['___', '____', '__', 'animal', 'object']	neg	aff
"Complete the sentence below with only one category word.\nSentence: ""A car is a ___."" Completed sentence: A car is a"	transport	-7.479389	▁transport	['___', 'vehicle', '____', 'noun', '__']	aff	aff
"Complete the sentence below with only one category word.\nSentence: ""A car is a ___."" Completed sentence: A car is a"	horse	-11.822384	▁horse	['___', 'vehicle', '____', 'noun', '__']	aff	neg
"Complete the sentence below with only one category word.\nSentence: ""A car is not a ___."" Completed sentence: A car is not a"	horse	-8.536827	▁horse	['___', '____', 'vehicle', '(', '_______']	neg	neg
"Complete the sentence below with only one category word.\nSentence: ""A car is not a ___."" Completed sentence: A car is not a"	transport	-8.328304	▁transport	['___', '____', 'vehicle', '(', '_______']	neg	aff
"Complete the sentence below with only one category word.\nSentence: ""An instrument is a ___."" Completed sentence: An instrument is a"	tool	-2.7806053	▁tool	['___', 'musical', 'tool', '____', '(']	aff	aff
"Complete the sentence below with only one category word.\nSentence: ""An instrument is a ___."" Completed sentence: An instrument is a"	place	-9.586075	▁place	['___', 'musical', 'tool', '____', '(']	aff	neg
"Complete the sentence below with only one category word.\nSentence: ""An instrument is not a ___."" Completed sentence: An instrument is not a"	place	-9.014832	▁place	['___', '____', '__', '(', '\\']	neg	neg
"Complete the sentence below with only one category word.\nSentence: ""An instrument is not a ___."" Completed sentence: An instrument is not a"	tool	-3.826109	▁tool	['___', '____', '__', '(', '\\']	neg	aff
"Complete the sentence below with only one category word.\nSentence: ""A plant is an ___."" Completed sentence: A plant is an"	organism	-2.1058578	▁organism	['___', 'organism', '__', '____', '___']	aff	aff
"Complete the sentence below with only one category word.\nSentence: ""A plant is a ___."" Completed sentence: A plant is a"	toy	-12.0886755	▁toy	['___', 'living', '____', '(', '__']	aff	neg
"Complete the sentence below with only one category word.\nSentence: ""A plant is not a ___."" Completed sentence: A plant is not a"	toy	-10.186153	▁toy	['___', '____', '__', '(', '________']	neg	neg
"Complete the sentence below with only one category word.\nSentence: ""A plant is not an ___."" Completed sentence: A plant is not an"	organism	-2.79278	▁organism	['___', 'animal', '____', '__', 'organism']	neg	aff
"Complete the sentence below with only one category word.\nSentence: ""A wolf is an ___."" Completed sentence: A wolf is an"	animal	-0.7042618	▁animal	['animal', '___', '__', '____', 'mammal']	aff	aff
"Complete the sentence below with only one category word.\nSentence: ""A wolf is a ___."" Completed sentence: A wolf is a"	person	-9.886794	▁person	['mammal', '___', 'carni', 'wild', 'predator']	aff	neg
"Complete the sentence below with only one category word.\nSentence: ""A wolf is not a ___."" Completed sentence: A wolf is not a"	person	-7.1830387	▁person	['___', 'mammal', '____', '(', '__']	neg	neg
"Complete the sentence below with only one category word.\nSentence: ""A wolf is not an ___."" Completed sentence: A wolf is not an"	animal	-1.0326462	▁animal	['animal', '___', '____', '__', '_______']	neg	aff
"Complete the sentence below with only one category word.\nSentence: ""A table is a ___."" Completed sentence: A table is a"	surface	-7.752365	▁surface	['___', '____', 'furniture', '__', 'noun']	aff	aff
"Complete the sentence below with only one category word.\nSentence: ""A table is a ___."" Completed sentence: A table is a"	house	-9.151184	▁house	['___', '____', 'furniture', '__', 'noun']	aff	neg
"Complete the sentence below with only one category word.\nSentence: ""A table is not a ___."" Completed sentence: A table is not a"	house	-8.501379	▁house	['___', '____', '$\\', '(', '______']	neg	neg
"Complete the sentence below with only one category word.\nSentence: ""A table is not a ___."" Completed sentence: A table is not a"	surface	-8.818932	▁surface	['___', '____', '$\\', '(', '______']	neg	aff
"Complete the sentence below with only one category word.\nSentence: ""A bear is an ___."" Completed sentence: A bear is an"	animal	-0.8070736	▁animal	['animal', '___', '__', 'mammal', '____']	aff	aff
"Complete the sentence below with only one category word.\nSentence: ""A bear is a ___."" Completed sentence: A bear is a"	human	-9.4186325	▁human	['mammal', '___', '____', 'noun', '(']	aff	neg
"Complete the sentence below with only one category word.\nSentence: ""A bear is not a ___."" Completed sentence: A bear is not a"	human	-6.7261963	▁human	['___', '____', 'mammal', '__', '_______']	neg	neg
"Complete the sentence below with only one category word.\nSentence: ""A bear is not an ___."" Completed sentence: A bear is not an"	animal	-1.1098747	▁animal	['animal', '___', '____', '__', '_______']	neg	aff
"Complete the sentence below with only one category word.\nSentence: ""A horse is a ___."" Completed sentence: A horse is a"	vertebrate	-4.2579403	▁vertebrate	['mammal', '___', '____', 'noun', '_______']	aff	aff
"Complete the sentence below with only one category word.\nSentence: ""A horse is a ___."" Completed sentence: A horse is a"	fish	-9.062895	▁fish	['mammal', '___', '____', 'noun', '_______']	aff	neg
"Complete the sentence below with only one category word.\nSentence: ""A horse is not a ___."" Completed sentence: A horse is not a"	fish	-5.926943	▁fish	['___', '____', '_______', '(', '$\\']	neg	neg
"Complete the sentence below with only one category word.\nSentence: ""A horse is not a ___."" Completed sentence: A horse is not a"	vertebrate	-5.5359917	▁vertebrate	['___', '____', '_______', '(', '$\\']	neg	aff
"Complete the sentence below with only one category word.\nSentence: ""A plane is a ___."" Completed sentence: A plane is a"	transport	-8.206869	▁transport	['___', '____', '__', 'vehicle', 'geometric']	aff	aff
"Complete the sentence below with only one category word.\nSentence: ""A plane is a ___."" Completed sentence: A plane is a"	flower	-10.164981	▁flower	['___', '____', '__', 'vehicle', 'geometric']	aff	neg
"Complete the sentence below with only one category word.\nSentence: ""A plane is not a ___."" Completed sentence: A plane is not a"	flower	-8.1244335	▁flower	['___', '____', 'vehicle', '$\\', '__']	neg	neg
"Complete the sentence below with only one category word.\nSentence: ""A plane is not a ___."" Completed sentence: A plane is not a"	transport	-8.4718	▁transport	['___', '____', 'vehicle', '$\\', '__']	neg	aff
"Complete the sentence below with only one category word.\nSentence: ""A carrot is a ___."" Completed sentence: A carrot is a"	root	-4.635393	▁root	['vegetable', '___', 'fruit', '____', '__']	aff	aff
"Complete the sentence below with only one category word.\nSentence: ""A carrot is a ___."" Completed sentence: A carrot is a"	building	-12.626857	▁building	['vegetable', '___', 'fruit', '____', '__']	aff	neg
"Complete the sentence below with only one category word.\nSentence: ""A carrot is not a ___."" Completed sentence: A carrot is not a"	building	-10.793987	▁building	['vegetable', 'fruit', '___', '____', '(']	neg	neg
"Complete the sentence below with only one category word.\nSentence: ""A carrot is not a ___."" Completed sentence: A carrot is not a"	root	-6.1595135	▁root	['vegetable', 'fruit', '___', '____', '(']	neg	aff
"Complete the sentence below with only one category word.\nSentence: ""A cow is a ___."" Completed sentence: A cow is a"	pet	-7.1732597	▁pet	['mammal', '___', 'noun', '____', 'animal']	aff	aff
"Complete the sentence below with only one category word.\nSentence: ""A cow is an ___."" Completed sentence: A cow is an"	insect	-8.044445	▁insect	['animal', '___', '__', '____', '_______']	aff	neg
"Complete the sentence below with only one category word.\nSentence: ""A cow is not an ___."" Completed sentence: A cow is not an"	insect	-6.6515865	▁insect	['animal', '___', '____', '__', '_______']	neg	neg
"Complete the sentence below with only one category word.\nSentence: ""A cow is not a ___."" Completed sentence: A cow is not a"	pet	-6.237665	▁pet	['___', '____', 'mammal', '__', '_______']	neg	aff
"Complete the sentence below with only one category word.\nSentence: ""A carrot is a ___."" Completed sentence: A carrot is a"	herb	-8.163967	▁herb	['vegetable', '___', 'fruit', '____', '__']	aff	aff
"Complete the sentence below with only one category word.\nSentence: ""A carrot is a ___."" Completed sentence: A carrot is a"	pest	-15.776966	▁pest	['vegetable', '___', 'fruit', '____', '__']	aff	neg
"Complete the sentence below with only one category word.\nSentence: ""A carrot is not a ___."" Completed sentence: A carrot is not a"	pest	-14.974668	▁pest	['vegetable', 'fruit', '___', '____', '(']	neg	neg
"Complete the sentence below with only one category word.\nSentence: ""A carrot is not a ___."" Completed sentence: A carrot is not a"	herb	-7.192646	▁herb	['vegetable', 'fruit', '___', '____', '(']	neg	aff
"Complete the sentence below with only one category word.\nSentence: ""A vitamin is a ___."" Completed sentence: A vitamin is a"	nutrient	-1.91539	▁nutrient	['nutrient', '___', 'substance', '(', '____']	aff	aff
"Complete the sentence below with only one category word.\nSentence: ""A vitamin is a ___."" Completed sentence: A vitamin is a"	toxin	-11.909265	▁toxin	['nutrient', '___', 'substance', '(', '____']	aff	neg
"Complete the sentence below with only one category word.\nSentence: ""A vitamin is not a ___."" Completed sentence: A vitamin is not a"	toxin	-10.649277	▁toxin	['___', '____', 'nutrient', '________', '__']	neg	neg
"Complete the sentence below with only one category word.\nSentence: ""A vitamin is not a ___."" Completed sentence: A vitamin is not a"	nutrient	-2.6561985	▁nutrient	['___', '____', 'nutrient', '________', '__']	neg	aff
"Complete the sentence below with only one category word.\nSentence: ""A bus is a ___."" Completed sentence: A bus is a"	transport	-6.6000595	▁transport	['vehicle', '___', '____', 'type', 'noun']	aff	aff
"Complete the sentence below with only one category word.\nSentence: ""A bus is an ___."" Completed sentence: A bus is an"	animal	-4.6597443	▁animal	['___', 'example', '__', '___', '____']	aff	neg
"Complete the sentence below with only one category word.\nSentence: ""A bus is not an ___."" Completed sentence: A bus is not an"	animal	-2.5738049	▁animal	['___', '____', 'animal', '__', 'object']	neg	neg
"Complete the sentence below with only one category word.\nSentence: ""A bus is not a ___."" Completed sentence: A bus is not a"	transport	-7.381136	▁transport	['___', 'vehicle', '____', '__', '\\']	neg	aff
"Complete the sentence below with only one category word.\nSentence: ""A store is a ___."" Completed sentence: A store is a"	building	-5.6565075	▁building	['___', '(', '____', 'retail', 'place']	aff	aff
"Complete the sentence below with only one category word.\nSentence: ""A store is a ___."" Completed sentence: A store is a"	car	-12.46174	▁car	['___', '(', '____', 'retail', 'place']	aff	neg
"Complete the sentence below with only one category word.\nSentence: ""A store is not a ___."" Completed sentence: A store is not a"	car	-8.9394245	▁car	['___', '____', '(', '$\\', 'store']	neg	neg
"Complete the sentence below with only one category word.\nSentence: ""A store is not a ___."" Completed sentence: A store is not a"	building	-5.8612175	▁building	['___', '____', '(', '$\\', 'store']	neg	aff
"Complete the sentence below with only one category word.\nSentence: ""A sun is a ___."" Completed sentence: A sun is a"	star	-0.99676514	▁star	['star', '___', '____', 'celestial', '__']	aff	aff
"Complete the sentence below with only one category word.\nSentence: ""A sun is a ___."" Completed sentence: A sun is a"	planet	-4.5728855	▁planet	['star', '___', '____', 'celestial', '__']	aff	neg
"Complete the sentence below with only one category word.\nSentence: ""A sun is not a ___."" Completed sentence: A sun is not a"	planet	-2.8305016	▁planet	['star', '___', '____', 'planet', '\\']	neg	neg
"Complete the sentence below with only one category word.\nSentence: ""A sun is not a ___."" Completed sentence: A sun is not a"	star	-1.7490864	▁star	['star', '___', '____', 'planet', '\\']	neg	aff
"Complete the sentence below with only one category word.\nSentence: ""A maple is a ___."" Completed sentence: A maple is a"	tree	-1.6560745	▁tree	['tree', '___', 'plant', '____', '______']	aff	aff
"Complete the sentence below with only one category word.\nSentence: ""A maple is a ___."" Completed sentence: A maple is a"	fruit	-5.3765717	▁fruit	['tree', '___', 'plant', '____', '______']	aff	neg
"Complete the sentence below with only one category word.\nSentence: ""A maple is not a ___."" Completed sentence: A maple is not a"	fruit	-3.6529331	▁fruit	['___', 'tree', '____', 'plant', '______']	neg	neg
"Complete the sentence below with only one category word.\nSentence: ""A maple is not a ___."" Completed sentence: A maple is not a"	tree	-2.0174904	▁tree	['___', 'tree', '____', 'plant', '______']	neg	aff
"Complete the sentence below with only one category word.\nSentence: ""A plant is a ___."" Completed sentence: A plant is a"	lifeform	-6.7701054	▁life	['___', 'living', '____', '(', '__']	aff	aff
"Complete the sentence below with only one category word.\nSentence: ""A plant is a ___."" Completed sentence: A plant is a"	mineral	-9.420792	▁mineral	['___', 'living', '____', '(', '__']	aff	neg
"Complete the sentence below with only one category word.\nSentence: ""A plant is not a ___."" Completed sentence: A plant is not a"	mineral	-7.4301987	▁mineral	['___', '____', '__', '(', '________']	neg	neg
"Complete the sentence below with only one category word.\nSentence: ""A plant is not a ___."" Completed sentence: A plant is not a"	lifeform	-7.3050785	▁life	['___', '____', '__', '(', '________']	neg	aff
"Complete the sentence below with only one category word.\nSentence: ""A giraffe is a ___."" Completed sentence: A giraffe is a"	herbivore	-4.0128117	▁herb	['mammal', '___', 'animal', '____', '__']	aff	aff
"Complete the sentence below with only one category word.\nSentence: ""A giraffe is a ___."" Completed sentence: A giraffe is a"	rock	-10.741409	▁rock	['mammal', '___', 'animal', '____', '__']	aff	neg
"Complete the sentence below with only one category word.\nSentence: ""A giraffe is not a ___."" Completed sentence: A giraffe is not a"	rock	-9.198429	▁rock	['mammal', '___', '____', '__', '(']	neg	neg
"Complete the sentence below with only one category word.\nSentence: ""A giraffe is not a ___."" Completed sentence: A giraffe is not a"	herbivore	-4.400606	▁herb	['mammal', '___', '____', '__', '(']	neg	aff
"Complete the sentence below with only one category word.\nSentence: ""A diamond is a ___."" Completed sentence: A diamond is a"	gemstone	-3.3933277	▁gemstone	['___', '____', '________', '__', 'mineral']	aff	aff
"Complete the sentence below with only one category word.\nSentence: ""A diamond is a ___."" Completed sentence: A diamond is a"	tree	-11.924755	▁tree	['___', '____', '________', '__', 'mineral']	aff	neg
"Complete the sentence below with only one category word.\nSentence: ""A diamond is not a ___."" Completed sentence: A diamond is not a"	tree	-9.066006	▁tree	['___', '____', '________', '__', '(']	neg	neg
"Complete the sentence below with only one category word.\nSentence: ""A diamond is not a ___."" Completed sentence: A diamond is not a"	gemstone	-3.3488255	▁gemstone	['___', '____', '________', '__', '(']	neg	aff
"Complete the sentence below with only one category word.\nSentence: ""A ruby is a ___."" Completed sentence: A ruby is a"	gem	-2.5576305	▁gem	['gemstone', '___', 'mineral', 'gem', '____']	aff	aff
"Complete the sentence below with only one category word.\nSentence: ""A ruby is a ___."" Completed sentence: A ruby is a"	metal	-8.586107	▁metal	['gemstone', '___', 'mineral', 'gem', '____']	aff	neg
"Complete the sentence below with only one category word.\nSentence: ""A ruby is not a ___."" Completed sentence: A ruby is not a"	metal	-6.643154	▁metal	['___', '____', 'gemstone', '__', 'mineral']	neg	neg
"Complete the sentence below with only one category word.\nSentence: ""A ruby is not a ___."" Completed sentence: A ruby is not a"	gem	-3.1660023	▁gem	['___', '____', 'gemstone', '__', 'mineral']	neg	aff
"Complete the sentence below with only one category word.\nSentence: ""A glock is a ___."" Completed sentence: A glock is a"	gun	-2.8481007	▁gun	['___', 'handgun', 'type', 'gun', 'pistol']	aff	aff
"Complete the sentence below with only one category word.\nSentence: ""A glock is a ___."" Completed sentence: A glock is a"	toy	-9.055258	▁toy	['___', 'handgun', 'type', 'gun', 'pistol']	aff	neg
"Complete the sentence below with only one category word.\nSentence: ""A glock is not a ___."" Completed sentence: A glock is not a"	toy	-7.6495953	▁toy	['___', '____', 'weapon', 'firearm', '__']	neg	neg
"Complete the sentence below with only one category word.\nSentence: ""A glock is not a ___."" Completed sentence: A glock is not a"	gun	-3.4616642	▁gun	['___', '____', 'weapon', 'firearm', '__']	neg	aff
"Complete the sentence below with only one category word.\nSentence: ""A cheetah is a ___."" Completed sentence: A cheetah is a"	carnivore	-3.7617054	▁carni	['mammal', '___', '____', '__', '(']	aff	aff
"Complete the sentence below with only one category word.\nSentence: ""A cheetah is a ___."" Completed sentence: A cheetah is a"	plant	-8.137718	▁plant	['mammal', '___', '____', '__', '(']	aff	neg
"Complete the sentence below with only one category word.\nSentence: ""A cheetah is not a ___."" Completed sentence: A cheetah is not a"	plant	-6.30875	▁plant	['mammal', '___', '____', '__', '_______']	neg	neg
"Complete the sentence below with only one category word.\nSentence: ""A cheetah is not a ___."" Completed sentence: A cheetah is not a"	carnivore	-3.9052715	▁carni	['mammal', '___', '____', '__', '_______']	neg	aff
"Complete the sentence below with only one category word.\nSentence: ""A hippopotamus is a ___."" Completed sentence: A hippopotamus is a"	mammal	-0.7798481	▁mammal	['mammal', '___', '____', '__', '(']	aff	aff
"Complete the sentence below with only one category word.\nSentence: ""A hippopotamus is a ___."" Completed sentence: A hippopotamus is a"	reptile	-5.980648	▁reptile	['mammal', '___', '____', '__', '(']	aff	neg
"Complete the sentence below with only one category word.\nSentence: ""A hippopotamus is not a ___."" Completed sentence: A hippopotamus is not a"	reptile	-4.8596973	▁reptile	['mammal', '___', '____', '__', '(']	neg	neg
"Complete the sentence below with only one category word.\nSentence: ""A hippopotamus is not a ___."" Completed sentence: A hippopotamus is not a"	mammal	-1.3011475	▁mammal	['mammal', '___', '____', '__', '(']	neg	aff
"Complete the sentence below with only one category word.\nSentence: ""A cheetah is an ___."" Completed sentence: A cheetah is an"	animal	-0.53822136	▁animal	['animal', '___', '__', '____', 'mammal']	aff	aff
"Complete the sentence below with only one category word.\nSentence: ""A cheetah is a ___."" Completed sentence: A cheetah is a"	bird	-7.2362022	▁bird	['mammal', '___', '____', '__', '(']	aff	neg
"Complete the sentence below with only one category word.\nSentence: ""A cheetah is not a ___."" Completed sentence: A cheetah is not a"	bird	-5.2060757	▁bird	['mammal', '___', '____', '__', '_______']	neg	neg
"Complete the sentence below with only one category word.\nSentence: ""A cheetah is not an ___."" Completed sentence: A cheetah is not an"	animal	-0.9189739	▁animal	['animal', '___', '__', '____', '_______']	neg	aff
"Complete the sentence below with only one category word.\nSentence: ""A tiger is a ___."" Completed sentence: A tiger is a"	mammal	-1.8742466	▁mammal	['mammal', '___', '____', 'wild', '(']	aff	aff
"Complete the sentence below with only one category word.\nSentence: ""A tiger is a ___."" Completed sentence: A tiger is a"	plant	-7.500454	▁plant	['mammal', '___', '____', 'wild', '(']	aff	neg
"Complete the sentence below with only one category word.\nSentence: ""A tiger is not a ___."" Completed sentence: A tiger is not a"	plant	-5.7007656	▁plant	['___', '____', 'mammal', '_______', '__']	neg	neg
"Complete the sentence below with only one category word.\nSentence: ""A tiger is not a ___."" Completed sentence: A tiger is not a"	mammal	-2.5802898	▁mammal	['___', '____', 'mammal', '_______', '__']	neg	aff
"Complete the sentence below with only one category word.\nSentence: ""A valley is a ___."" Completed sentence: A valley is a"	landform	-2.846386	▁land	['___', '____', 'land', 'natural', '_____']	aff	aff
"Complete the sentence below with only one category word.\nSentence: ""A valley is a ___."" Completed sentence: A valley is a"	house	-11.515013	▁house	['___', '____', 'land', 'natural', '_____']	aff	neg
"Complete the sentence below with only one category word.\nSentence: ""A valley is not a ___."" Completed sentence: A valley is not a"	house	-9.327963	▁house	['___', '____', '_______', '$\\', '________']	neg	neg
"Complete the sentence below with only one category word.\nSentence: ""A valley is not a ___."" Completed sentence: A valley is not a"	landform	-3.839943	▁land	['___', '____', '_______', '$\\', '________']	neg	aff
"Complete the sentence below with only one category word.\nSentence: ""A sparrow is a ___."" Completed sentence: A sparrow is a"	bird	-1.108715	▁bird	['bird', '___', 'small', '____', '______']	aff	aff
"Complete the sentence below with only one category word.\nSentence: ""A sparrow is a ___."" Completed sentence: A sparrow is a"	reptile	-9.041866	▁reptile	['bird', '___', 'small', '____', '______']	aff	neg
"Complete the sentence below with only one category word.\nSentence: ""A sparrow is not a ___."" Completed sentence: A sparrow is not a"	reptile	-6.5950108	▁reptile	['bird', '___', '____', '______', '(']	neg	neg
"Complete the sentence below with only one category word.\nSentence: ""A sparrow is not a ___."" Completed sentence: A sparrow is not a"	bird	-1.5723839	▁bird	['bird', '___', '____', '______', '(']	neg	aff
"Complete the sentence below with only one category word.\nSentence: ""A computer is an ___."" Completed sentence: A computer is an"	electronic	-2.6878395	▁electronic	['___', '____', '__', 'electronic', 'example']	aff	aff
"Complete the sentence below with only one category word.\nSentence: ""A computer is an ___."" Completed sentence: A computer is an"	animal	-8.210159	▁animal	['___', '____', '__', 'electronic', 'example']	aff	neg
"Complete the sentence below with only one category word.\nSentence: ""A computer is not an ___."" Completed sentence: A computer is not an"	animal	-3.9460526	▁animal	['___', '____', '__', 'object', '_______']	neg	neg
"Complete the sentence below with only one category word.\nSentence: ""A computer is not an ___."" Completed sentence: A computer is not an"	electronic	-4.3930473	▁electronic	['___', '____', '__', 'object', '_______']	neg	aff
"Complete the sentence below with only one category word.\nSentence: ""A coffee is a ___."" Completed sentence: A coffee is a"	drink	-2.4250412	▁drink	['beverage', '___', 'drink', '____', 'noun']	aff	aff
"Complete the sentence below with only one category word.\nSentence: ""A coffee is a ___."" Completed sentence: A coffee is a"	fruit	-5.6138306	▁fruit	['beverage', '___', 'drink', '____', 'noun']	aff	neg
"Complete the sentence below with only one category word.\nSentence: ""A coffee is not a ___."" Completed sentence: A coffee is not a"	fruit	-4.925907	▁fruit	['___', 'beverage', '____', 'drink', '__']	neg	neg
"Complete the sentence below with only one category word.\nSentence: ""A coffee is not a ___."" Completed sentence: A coffee is not a"	drink	-2.877407	▁drink	['___', 'beverage', '____', 'drink', '__']	neg	aff
"Complete the sentence below with only one category word.\nSentence: ""A juice is a ___."" Completed sentence: A juice is a"	drink	-3.4460945	▁drink	['fruit', 'liquid', '___', 'beverage', '____']	aff	aff
"Complete the sentence below with only one category word.\nSentence: ""A juice is a ___."" Completed sentence: A juice is a"	fruit	-1.8373623	▁fruit	['fruit', 'liquid', '___', 'beverage', '____']	aff	neg
"Complete the sentence below with only one category word.\nSentence: ""A juice is not a ___."" Completed sentence: A juice is not a"	fruit	-1.8710251	▁fruit	['fruit', '___', '____', 'beverage', '(']	neg	neg
"Complete the sentence below with only one category word.\nSentence: ""A juice is not a ___."" Completed sentence: A juice is not a"	drink	-3.9322433	▁drink	['fruit', '___', '____', 'beverage', '(']	neg	aff
"Complete the sentence below with only one category word.\nSentence: ""A guitar is an ___."" Completed sentence: A guitar is an"	instrument	-0.8301258	▁instrument	['instrument', '___', '__', 'musical', '____']	aff	aff
"Complete the sentence below with only one category word.\nSentence: ""A guitar is a ___."" Completed sentence: A guitar is a"	rock	-8.204029	▁rock	['musical', '___', '(', 'string', '__']	aff	neg
"Complete the sentence below with only one category word.\nSentence: ""A guitar is not a ___."" Completed sentence: A guitar is not a"	rock	-7.2903767	▁rock	['___', 'musical', '____', '(', '\\']	neg	neg
"Complete the sentence below with only one category word.\nSentence: ""A guitar is not an ___."" Completed sentence: A guitar is not an"	instrument	-1.0382366	▁instrument	['instrument', '___', '__', '____', '_______']	neg	aff
"Complete the sentence below with only one category word.\nSentence: ""A drink is a ___."" Completed sentence: A drink is a"	fluid	-5.501211	▁fluid	['___', 'beverage', '____', 'liquid', '(']	aff	aff
"Complete the sentence below with only one category word.\nSentence: ""A drink is a ___."" Completed sentence: A drink is a"	gas	-9.367367	▁gas	['___', 'beverage', '____', 'liquid', '(']	aff	neg
"Complete the sentence below with only one category word.\nSentence: ""A drink is not a ___."" Completed sentence: A drink is not a"	gas	-8.877007	▁gas	['___', '____', 'beverage', '(', '_______']	neg	neg
"Complete the sentence below with only one category word.\nSentence: ""A drink is not a ___."" Completed sentence: A drink is not a"	fluid	-6.8068905	▁fluid	['___', '____', 'beverage', '(', '_______']	neg	aff
"Complete the sentence below with only one category word.\nSentence: ""A fish is a ___."" Completed sentence: A fish is a"	creature	-5.5205784	▁creature	['___', '____', 'vertebrate', 'living', '(']	aff	aff
"Complete the sentence below with only one category word.\nSentence: ""A fish is a ___."" Completed sentence: A fish is a"	building	-11.644911	▁building	['___', '____', 'vertebrate', 'living', '(']	aff	neg
"Complete the sentence below with only one category word.\nSentence: ""A fish is not a ___."" Completed sentence: A fish is not a"	building	-10.243946	▁building	['___', '____', 'fish', '(', '__']	neg	neg
"Complete the sentence below with only one category word.\nSentence: ""A fish is not a ___."" Completed sentence: A fish is not a"	creature	-6.6036644	▁creature	['___', '____', 'fish', '(', '__']	neg	aff
"Complete the sentence below with only one category word.\nSentence: ""A bird is a ___."" Completed sentence: A bird is a"	creature	-5.575329	▁creature	['___', '____', 'bird', '(', 'noun']	aff	aff
"Complete the sentence below with only one category word.\nSentence: ""A bird is a ___."" Completed sentence: A bird is a"	reptile	-5.8552113	▁reptile	['___', '____', 'bird', '(', 'noun']	aff	neg
"Complete the sentence below with only one category word.\nSentence: ""A bird is not a ___."" Completed sentence: A bird is not a"	reptile	-5.519947	▁reptile	['___', '____', 'bird', '$\\', '(']	neg	neg
"Complete the sentence below with only one category word.\nSentence: ""A bird is not a ___."" Completed sentence: A bird is not a"	creature	-6.57687	▁creature	['___', '____', 'bird', '$\\', '(']	neg	aff
"Complete the sentence below with only one category word.\nSentence: ""An egg is a ___."" Completed sentence: An egg is a"	food	-3.5581741	▁food	['___', '____', '__', 'noun', '(']	aff	aff
"Complete the sentence below with only one category word.\nSentence: ""An egg is a ___."" Completed sentence: An egg is a"	drink	-11.075838	▁drink	['___', '____', '__', 'noun', '(']	aff	neg
"Complete the sentence below with only one category word.\nSentence: ""An egg is not a ___."" Completed sentence: An egg is not a"	drink	-9.693085	▁drink	['___', '____', '__', '(', '\\']	neg	neg
"Complete the sentence below with only one category word.\nSentence: ""An egg is not a ___."" Completed sentence: An egg is not a"	food	-4.407505	▁food	['___', '____', '__', '(', '\\']	neg	aff
"Complete the sentence below with only one category word.\nSentence: ""A credit-card is a ___."" Completed sentence: A credit-card is a"	plastic	-5.5758	▁plastic	['___', '____', '__', 'financial', '________']	aff	aff
"Complete the sentence below with only one category word.\nSentence: ""A credit-card is a ___."" Completed sentence: A credit-card is a"	coin	-11.6071	▁coin	['___', '____', '__', 'financial', '________']	aff	neg
"Complete the sentence below with only one category word.\nSentence: ""A credit-card is not a ___."" Completed sentence: A credit-card is not a"	coin	-10.102331	▁coin	['___', '____', '__', 'credit', '']	neg	neg
"Complete the sentence below with only one category word.\nSentence: ""A credit-card is not a ___."" Completed sentence: A credit-card is not a"	plastic	-6.9650364	▁plastic	['___', '____', '__', 'credit', '']	neg	aff
"Complete the sentence below with only one category word.\nSentence: ""A hamburger is a ___."" Completed sentence: A hamburger is a"	food	-2.3235817	▁food	['___', 'food', '(', '____', '__']	aff	aff
"Complete the sentence below with only one category word.\nSentence: ""A hamburger is a ___."" Completed sentence: A hamburger is a"	clothing	-12.590646	▁clothing	['___', 'food', '(', '____', '__']	aff	neg
"Complete the sentence below with only one category word.\nSentence: ""A hamburger is not a ___."" Completed sentence: A hamburger is not a"	clothing	-11.14319	▁clothing	['___', '____', '(', '__', '$\\']	neg	neg
"Complete the sentence below with only one category word.\nSentence: ""A hamburger is not a ___."" Completed sentence: A hamburger is not a"	food	-3.431078	▁food	['___', '____', '(', '__', '$\\']	neg	aff
"Complete the sentence below with only one category word.\nSentence: ""A bean is a ___."" Completed sentence: A bean is a"	food	-4.9646206	▁food	['___', 'vegetable', 'fruit', 'plant', '__']	aff	aff
"Complete the sentence below with only one category word.\nSentence: ""A bean is a ___."" Completed sentence: A bean is a"	mineral	-10.534161	▁mineral	['___', 'vegetable', 'fruit', 'plant', '__']	aff	neg
"Complete the sentence below with only one category word.\nSentence: ""A bean is not a ___."" Completed sentence: A bean is not a"	mineral	-7.8684654	▁mineral	['___', 'fruit', '____', 'vegetable', '__']	neg	neg
"Complete the sentence below with only one category word.\nSentence: ""A bean is not a ___."" Completed sentence: A bean is not a"	food	-4.85351	▁food	['___', 'fruit', '____', 'vegetable', '__']	neg	aff
"Complete the sentence below with only one category word.\nSentence: ""A jaguar is an ___."" Completed sentence: A jaguar is an"	animal	-0.81682205	▁animal	['animal', '___', '__', '____', '___']	aff	aff
"Complete the sentence below with only one category word.\nSentence: ""A jaguar is a ___."" Completed sentence: A jaguar is a"	plant	-6.974554	▁plant	['mammal', '___', 'wild', '(', '____']	aff	neg
"Complete the sentence below with only one category word.\nSentence: ""A jaguar is not a ___."" Completed sentence: A jaguar is not a"	plant	-5.6026955	▁plant	['___', 'mammal', '____', '(', '__']	neg	neg
"Complete the sentence below with only one category word.\nSentence: ""A jaguar is not an ___."" Completed sentence: A jaguar is not an"	animal	-1.0692463	▁animal	['animal', '___', '__', '____', '_______']	neg	aff
"Complete the sentence below with only one category word.\nSentence: ""A man is a ___."" Completed sentence: A man is a"	human	-2.6850605	▁human	['___', '____', 'human', '_______', '(']	aff	aff
"Complete the sentence below with only one category word.\nSentence: ""A man is a ___."" Completed sentence: A man is a"	machine	-7.820038	▁machine	['___', '____', 'human', '_______', '(']	aff	neg
"Complete the sentence below with only one category word.\nSentence: ""A man is not a ___."" Completed sentence: A man is not a"	machine	-5.854992	▁machine	['____', '___', '_______', '(', '______']	neg	neg
"Complete the sentence below with only one category word.\nSentence: ""A man is not a ___."" Completed sentence: A man is not a"	human	-4.5517693	▁human	['____', '___', '_______', '(', '______']	neg	aff
"Complete the sentence below with only one category word.\nSentence: ""A sickle is a ___."" Completed sentence: A sickle is a"	tool	-1.0913467	▁tool	['tool', '___', '', 'farming', 'type']	aff	aff
"Complete the sentence below with only one category word.\nSentence: ""A sickle is a ___."" Completed sentence: A sickle is a"	flower	-9.070444	▁flower	['tool', '___', '', 'farming', 'type']	aff	neg
"Complete the sentence below with only one category word.\nSentence: ""A sickle is not a ___."" Completed sentence: A sickle is not a"	flower	-7.059555	▁flower	['___', 'tool', '____', '(', '$\\']	neg	neg
"Complete the sentence below with only one category word.\nSentence: ""A sickle is not a ___."" Completed sentence: A sickle is not a"	tool	-1.8420753	▁tool	['___', 'tool', '____', '(', '$\\']	neg	aff
"Complete the sentence below with only one category word.\nSentence: ""A map is a ___."" Completed sentence: A map is a"	document	-6.23057	▁document	['___', '____', '________', '__', '(']	aff	aff
"Complete the sentence below with only one category word.\nSentence: ""A map is a ___."" Completed sentence: A map is a"	story	-10.717438	▁story	['___', '____', '________', '__', '(']	aff	neg
"Complete the sentence below with only one category word.\nSentence: ""A map is not a ___."" Completed sentence: A map is not a"	story	-8.630999	▁story	['___', '____', '________', '__', '______']	neg	neg
"Complete the sentence below with only one category word.\nSentence: ""A map is not a ___."" Completed sentence: A map is not a"	document	-6.626766	▁document	['___', '____', '________', '__', '______']	neg	aff
"Complete the sentence below with only one category word.\nSentence: ""A book is a ___."" Completed sentence: A book is a"	story	-5.743328	▁story	['___', '____', '(', '__', '______']	aff	aff
"Complete the sentence below with only one category word.\nSentence: ""A book is a ___."" Completed sentence: A book is a"	fruit	-11.488971	▁fruit	['___', '____', '(', '__', '______']	aff	neg
"Complete the sentence below with only one category word.\nSentence: ""A book is not a ___."" Completed sentence: A book is not a"	fruit	-8.705648	▁fruit	['___', '____', '______', '(', '__']	neg	neg
"Complete the sentence below with only one category word.\nSentence: ""A book is not a ___."" Completed sentence: A book is not a"	story	-6.198082	▁story	['___', '____', '______', '(', '__']	neg	aff
"Complete the sentence below with only one category word.\nSentence: ""A movie is a ___."" Completed sentence: A movie is a"	story	-5.922291	▁story	['___', '____', '(', '________', '______']	aff	aff
"Complete the sentence below with only one category word.\nSentence: ""A movie is an ___."" Completed sentence: A movie is an"	animal	-9.666641	▁animal	['___', 'entertainment', '____', '__', '___']	aff	neg
"Complete the sentence below with only one category word.\nSentence: ""A movie is not an ___."" Completed sentence: A movie is not an"	animal	-6.6177044	▁animal	['___', '____', '__', '______', '________']	neg	neg
"Complete the sentence below with only one category word.\nSentence: ""A movie is not a ___."" Completed sentence: A movie is not a"	story	-6.2942486	▁story	['___', '____', '________', '______', '(']	neg	aff
"Complete the sentence below with only one category word.\nSentence: ""A cat is a ___."" Completed sentence: A cat is a"	pet	-2.798851	▁pet	['___', 'mammal', '____', '__', 'pet']	aff	aff
"Complete the sentence below with only one category word.\nSentence: ""A cat is an ___."" Completed sentence: A cat is an"	insect	-8.08441	▁insect	['animal', '___', '____', '__', '_______']	aff	neg
"Complete the sentence below with only one category word.\nSentence: ""A cat is not an ___."" Completed sentence: A cat is not an"	insect	-6.956938	▁insect	['animal', '___', '____', '__', '_______']	neg	neg
"Complete the sentence below with only one category word.\nSentence: ""A cat is not a ___."" Completed sentence: A cat is not a"	pet	-3.839943	▁pet	['___', '____', 'mammal', '__', '(']	neg	aff
"Complete the sentence below with only one category word.\nSentence: ""A lion is a ___."" Completed sentence: A lion is a"	mammal	-1.6608543	▁mammal	['mammal', '___', '____', 'wild', 'carni']	aff	aff
"Complete the sentence below with only one category word.\nSentence: ""A lion is an ___."" Completed sentence: A lion is an"	amphibian	-9.139648	▁amp	['animal', '___', '__', '____', '___']	aff	neg
"Complete the sentence below with only one category word.\nSentence: ""A lion is not an ___."" Completed sentence: A lion is not an"	amphibian	-7.243252	▁amp	['animal', '___', '____', '__', '_______']	neg	neg
"Complete the sentence below with only one category word.\nSentence: ""A lion is not a ___."" Completed sentence: A lion is not a"	mammal	-2.151165	▁mammal	['___', 'mammal', '____', '_______', '______']	neg	aff
"Complete the sentence below with only one category word.\nSentence: ""A caterpillar is an ___."" Completed sentence: A caterpillar is an"	insect	-1.7110939	▁insect	['animal', 'insect', 'invertebrate', '___', '__']	aff	aff
"Complete the sentence below with only one category word.\nSentence: ""A caterpillar is a ___."" Completed sentence: A caterpillar is a"	mammal	-5.570408	▁mammal	['___', '__', '(', '____', 'larva']	aff	neg
"Complete the sentence below with only one category word.\nSentence: ""A caterpillar is not a ___."" Completed sentence: A caterpillar is not a"	mammal	-3.607523	▁mammal	['___', '__', '____', '(', '$\\']	neg	neg
"Complete the sentence below with only one category word.\nSentence: ""A caterpillar is not an ___."" Completed sentence: A caterpillar is not an"	insect	-1.9761562	▁insect	['animal', 'insect', '___', '__', 'invertebrate']	neg	aff
"Complete the sentence below with only one category word.\nSentence: ""A man is a ___."" Completed sentence: A man is a"	person	-3.3054752	▁person	['___', '____', 'human', '_______', '(']	aff	aff
"Complete the sentence below with only one category word.\nSentence: ""A man is an ___."" Completed sentence: A man is an"	animal	-2.0419807	▁animal	['___', 'animal', '____', '_______', '__']	aff	neg
"Complete the sentence below with only one category word.\nSentence: ""A man is not an ___."" Completed sentence: A man is not an"	animal	-1.6616287	▁animal	['animal', '___', '____', '_______', '______']	neg	neg
"Complete the sentence below with only one category word.\nSentence: ""A man is not a ___."" Completed sentence: A man is not a"	person	-4.550806	▁person	['____', '___', '_______', '(', '______']	neg	aff
"Complete the sentence below with only one category word.\nSentence: ""A woman is a ___."" Completed sentence: A woman is a"	person	-2.962576	▁person	['____', '___', '(', 'person', '_______']	aff	aff
"Complete the sentence below with only one category word.\nSentence: ""A woman is a ___."" Completed sentence: A woman is a"	thing	-7.4055157	▁thing	['____', '___', '(', 'person', '_______']	aff	neg
"Complete the sentence below with only one category word.\nSentence: ""A woman is not a ___."" Completed sentence: A woman is not a"	thing	-5.9950485	▁thing	['____', '___', '_______', '______', '________']	neg	neg
"Complete the sentence below with only one category word.\nSentence: ""A woman is not a ___."" Completed sentence: A woman is not a"	person	-4.207035	▁person	['____', '___', '_______', '______', '________']	neg	aff
"Complete the sentence below with only one category word.\nSentence: ""A sock is a ___."" Completed sentence: A sock is a"	garment	-5.2310867	▁garment	['___', '____', 'clothing', '__', '$\\']	aff	aff
"Complete the sentence below with only one category word.\nSentence: ""A sock is a ___."" Completed sentence: A sock is a"	person	-6.53714	▁person	['___', '____', 'clothing', '__', '$\\']	aff	neg
"Complete the sentence below with only one category word.\nSentence: ""A sock is not a ___."" Completed sentence: A sock is not a"	person	-6.7280846	▁person	['___', '____', '__', '$\\', '(']	neg	neg
"Complete the sentence below with only one category word.\nSentence: ""A sock is not a ___."" Completed sentence: A sock is not a"	garment	-6.244671	▁garment	['___', '____', '__', '$\\', '(']	neg	aff
"Complete the sentence below with only one category word.\nSentence: ""A student is a ___."" Completed sentence: A student is a"	person	-2.603733	▁person	['person', '(', '___', '____', 'student']	aff	aff
"Complete the sentence below with only one category word.\nSentence: ""A student is a ___."" Completed sentence: A student is a"	thing	-8.642902	▁thing	['person', '(', '___', '____', 'student']	aff	neg
"Complete the sentence below with only one category word.\nSentence: ""A student is not a ___."" Completed sentence: A student is not a"	thing	-7.567293	▁thing	['____', '___', 'student', '(', '__']	neg	neg
"Complete the sentence below with only one category word.\nSentence: ""A student is not a ___."" Completed sentence: A student is not a"	person	-4.695446	▁person	['____', '___', 'student', '(', '__']	neg	aff
"Complete the sentence below with only one category word.\nSentence: ""A milk is a ___."" Completed sentence: A milk is a"	drink	-4.6977386	▁drink	['___', 'noun', '____', 'liquid', 'food']	aff	aff
"Complete the sentence below with only one category word.\nSentence: ""A milk is a ___."" Completed sentence: A milk is a"	vegetable	-5.515867	▁vegetable	['___', 'noun', '____', 'liquid', 'food']	aff	neg
"Complete the sentence below with only one category word.\nSentence: ""A milk is not a ___."" Completed sentence: A milk is not a"	vegetable	-4.4012146	▁vegetable	['___', '____', 'food', 'noun', '__']	neg	neg
"Complete the sentence below with only one category word.\nSentence: ""A milk is not a ___."" Completed sentence: A milk is not a"	drink	-4.7554226	▁drink	['___', '____', 'food', 'noun', '__']	neg	aff
"Complete the sentence below with only one category word.\nSentence: ""A water is a ___."" Completed sentence: A water is a"	drink	-7.781719	▁drink	['___', '____', 'liquid', 'noun', '________']	aff	aff
"Complete the sentence below with only one category word.\nSentence: ""A water is a ___."" Completed sentence: A water is a"	gas	-6.6715527	▁gas	['___', '____', 'liquid', 'noun', '________']	aff	neg
"Complete the sentence below with only one category word.\nSentence: ""A water is not a ___."" Completed sentence: A water is not a"	gas	-6.5134926	▁gas	['___', '____', 'liquid', '__', '______']	neg	neg
"Complete the sentence below with only one category word.\nSentence: ""A water is not a ___."" Completed sentence: A water is not a"	drink	-7.0768013	▁drink	['___', '____', 'liquid', '__', '______']	neg	aff
"Complete the sentence below with only one category word.\nSentence: ""A pearl is a ___."" Completed sentence: A pearl is a"	jewel	-7.2216415	▁jewel	['___', 'natural', '____', '________', '__']	aff	aff
"Complete the sentence below with only one category word.\nSentence: ""A pearl is a ___."" Completed sentence: A pearl is a"	tree	-11.576843	▁tree	['___', 'natural', '____', '________', '__']	aff	neg
"Complete the sentence below with only one category word.\nSentence: ""A pearl is not a ___."" Completed sentence: A pearl is not a"	tree	-8.256664	▁tree	['___', '____', '__', '________', '(']	neg	neg
"Complete the sentence below with only one category word.\nSentence: ""A pearl is not a ___."" Completed sentence: A pearl is not a"	jewel	-6.385498	▁jewel	['___', '____', '__', '________', '(']	neg	aff
"Complete the sentence below with only one category word.\nSentence: ""A ficus is a ___."" Completed sentence: A ficus is a"	tree	-3.1990604	▁tree	['___', 'plant', '____', '__', '_____']	aff	aff
"Complete the sentence below with only one category word.\nSentence: ""A ficus is a ___."" Completed sentence: A ficus is a"	flower	-6.2708626	▁flower	['___', 'plant', '____', '__', '_____']	aff	neg
"Complete the sentence below with only one category word.\nSentence: ""A ficus is not a ___."" Completed sentence: A ficus is not a"	flower	-5.3446636	▁flower	['___', '____', 'plant', '__', '(']	neg	neg
"Complete the sentence below with only one category word.\nSentence: ""A ficus is not a ___."" Completed sentence: A ficus is not a"	tree	-3.9252148	▁tree	['___', '____', 'plant', '__', '(']	neg	aff
"Complete the sentence below with only one category word.\nSentence: ""A crane is a ___."" Completed sentence: A crane is a"	bird	-1.4081573	▁bird	['bird', '___', '____', 'type', '$\\']	aff	aff
"Complete the sentence below with only one category word.\nSentence: ""A crane is a ___."" Completed sentence: A crane is a"	flower	-8.747253	▁flower	['bird', '___', '____', 'type', '$\\']	aff	neg
"Complete the sentence below with only one category word.\nSentence: ""A crane is not a ___."" Completed sentence: A crane is not a"	flower	-7.159477	▁flower	['___', 'bird', '____', '__', '(']	neg	neg
"Complete the sentence below with only one category word.\nSentence: ""A crane is not a ___."" Completed sentence: A crane is not a"	bird	-2.047739	▁bird	['___', 'bird', '____', '__', '(']	neg	aff
"Complete the sentence below with only one category word.\nSentence: ""A jaguar is a ___."" Completed sentence: A jaguar is a"	cat	-4.7424717	▁cat	['mammal', '___', 'wild', '(', '____']	aff	aff
"Complete the sentence below with only one category word.\nSentence: ""A jaguar is a ___."" Completed sentence: A jaguar is a"	reptile	-6.394247	▁reptile	['mammal', '___', 'wild', '(', '____']	aff	neg
"Complete the sentence below with only one category word.\nSentence: ""A jaguar is not a ___."" Completed sentence: A jaguar is not a"	reptile	-4.736513	▁reptile	['___', 'mammal', '____', '(', '__']	neg	neg
"Complete the sentence below with only one category word.\nSentence: ""A jaguar is not a ___."" Completed sentence: A jaguar is not a"	cat	-4.744005	▁cat	['___', 'mammal', '____', '(', '__']	neg	aff
"Complete the sentence below with only one category word.\nSentence: ""A sneaker is a ___."" Completed sentence: A sneaker is a"	shoe	-3.073288	▁shoe	['___', 'noun', 'type', '____', 'shoe']	aff	aff
"Complete the sentence below with only one category word.\nSentence: ""A sneaker is a ___."" Completed sentence: A sneaker is a"	mineral	-13.510494	▁mineral	['___', 'noun', 'type', '____', 'shoe']	aff	neg
"Complete the sentence below with only one category word.\nSentence: ""A sneaker is not a ___."" Completed sentence: A sneaker is not a"	mineral	-12.2373	▁mineral	['___', '____', '______', '(', '__']	neg	neg
"Complete the sentence below with only one category word.\nSentence: ""A sneaker is not a ___."" Completed sentence: A sneaker is not a"	shoe	-3.6429691	▁shoe	['___', '____', '______', '(', '__']	neg	aff
"Complete the sentence below with only one category word.\nSentence: ""A volleyball is a ___."" Completed sentence: A volleyball is a"	ball	-2.7436028	▁ball	['___', '____', 'ball', '__', 'sport']	aff	aff
"Complete the sentence below with only one category word.\nSentence: ""A volleyball is a ___."" Completed sentence: A volleyball is a"	tool	-6.4163475	▁tool	['___', '____', 'ball', '__', 'sport']	aff	neg
"Complete the sentence below with only one category word.\nSentence: ""A volleyball is not a ___."" Completed sentence: A volleyball is not a"	tool	-6.229986	▁tool	['___', '____', '__', '(', '______']	neg	neg
"Complete the sentence below with only one category word.\nSentence: ""A volleyball is not a ___."" Completed sentence: A volleyball is not a"	ball	-4.0465717	▁ball	['___', '____', '__', '(', '______']	neg	aff
"Complete the sentence below with only one category word.\nSentence: ""A train is a ___."" Completed sentence: A train is a"	machine	-4.870373	▁machine	['vehicle', '___', '____', 'transportation', 'type']	aff	aff
"Complete the sentence below with only one category word.\nSentence: ""A train is a ___."" Completed sentence: A train is a"	weapon	-11.4542055	▁weapon	['vehicle', '___', '____', 'transportation', 'type']	aff	neg
"Complete the sentence below with only one category word.\nSentence: ""A train is not a ___."" Completed sentence: A train is not a"	weapon	-9.479107	▁weapon	['___', 'vehicle', '____', '_______', '$\\']	neg	neg
"Complete the sentence below with only one category word.\nSentence: ""A train is not a ___."" Completed sentence: A train is not a"	machine	-6.199772	▁machine	['___', 'vehicle', '____', '_______', '$\\']	neg	aff
"Complete the sentence below with only one category word.\nSentence: ""A college is an ___."" Completed sentence: A college is an"	institution	-2.6884403	▁institution	['___', 'educational', 'academic', 'institution', '____']	aff	aff
"Complete the sentence below with only one category word.\nSentence: ""A college is a ___."" Completed sentence: A college is a"	creature	-14.3281555	▁creature	['___', '(', '____', '_____', 'place']	aff	neg
"Complete the sentence below with only one category word.\nSentence: ""A college is not a ___."" Completed sentence: A college is not a"	creature	-11.748181	▁creature	['____', '___', '(', '_______', '\\']	neg	neg
"Complete the sentence below with only one category word.\nSentence: ""A college is not an ___."" Completed sentence: A college is not an"	institution	-2.623867	▁institution	['___', '____', 'institution', '__', '_____']	neg	aff
"Complete the sentence below with only one category word.\nSentence: ""A child is a ___."" Completed sentence: A child is a"	person	-4.047846	▁person	['____', '___', '(', '______', '__']	aff	aff
"Complete the sentence below with only one category word.\nSentence: ""A child is an ___."" Completed sentence: A child is an"	adult	-5.2249317	▁adult	['___', '____', '__', '_______', '______']	aff	neg
"Complete the sentence below with only one category word.\nSentence: ""A child is not an ___."" Completed sentence: A child is not an"	adult	-3.0012875	▁adult	['___', '____', '_______', 'animal', 'adult']	neg	neg
"Complete the sentence below with only one category word.\nSentence: ""A child is not a ___."" Completed sentence: A child is not a"	person	-5.485321	▁person	['____', '___', '______', '_______', '________']	neg	aff
"Complete the sentence below with only one category word.\nSentence: ""A spy is a ___."" Completed sentence: A spy is a"	person	-2.4433136	▁person	['___', 'person', '____', 'spy', '']	aff	aff
"Complete the sentence below with only one category word.\nSentence: ""A spy is a ___."" Completed sentence: A spy is a"	thing	-9.754025	▁thing	['___', 'person', '____', 'spy', '']	aff	neg
"Complete the sentence below with only one category word.\nSentence: ""A spy is not a ___."" Completed sentence: A spy is not a"	thing	-8.872423	▁thing	['___', '____', '______', 'spy', '_______']	neg	neg
"Complete the sentence below with only one category word.\nSentence: ""A spy is not a ___."" Completed sentence: A spy is not a"	person	-3.9122448	▁person	['___', '____', '______', 'spy', '_______']	neg	aff
"Complete the sentence below with only one category word.\nSentence: ""A hunter is a ___."" Completed sentence: A hunter is a"	person	-2.8357582	▁person	['___', 'person', 'noun', '____', '________']	aff	aff
"Complete the sentence below with only one category word.\nSentence: ""A hunter is an ___."" Completed sentence: A hunter is an"	animal	-1.4127159	▁animal	['animal', '___', '__', '____', '______']	aff	neg
"Complete the sentence below with only one category word.\nSentence: ""A hunter is not an ___."" Completed sentence: A hunter is not an"	animal	-1.75737	▁animal	['___', 'animal', '____', '______', '__']	neg	neg
"Complete the sentence below with only one category word.\nSentence: ""A hunter is not a ___."" Completed sentence: A hunter is not a"	person	-4.8020935	▁person	['___', '____', '______', '_______', '________']	neg	aff
"Complete the sentence below with only one category word.\nSentence: ""A musician is a ___."" Completed sentence: A musician is a"	person	-2.3199253	▁person	['person', '___', 'performer', '(', 'musician']	aff	aff
"Complete the sentence below with only one category word.\nSentence: ""A musician is an ___."" Completed sentence: A musician is an"	animal	-6.3728924	▁animal	['___', 'artist', '__', '____', 'instrument']	aff	neg
"Complete the sentence below with only one category word.\nSentence: ""A musician is not an ___."" Completed sentence: A musician is not an"	animal	-4.5215187	▁animal	['___', 'artist', '____', '__', 'instrument']	neg	neg
"Complete the sentence below with only one category word.\nSentence: ""A musician is not a ___."" Completed sentence: A musician is not a"	person	-4.0465565	▁person	['___', '____', 'musician', '(', '__']	neg	aff
"Complete the sentence below with only one category word.\nSentence: ""A machine is a ___."" Completed sentence: A machine is a"	thing	-5.5429707	▁thing	['___', 'tool', '(', '____', 'device']	aff	aff
"Complete the sentence below with only one category word.\nSentence: ""A machine is a ___."" Completed sentence: A machine is a"	person	-6.122734	▁person	['___', 'tool', '(', '____', 'device']	aff	neg
"Complete the sentence below with only one category word.\nSentence: ""A machine is not a ___."" Completed sentence: A machine is not a"	person	-4.949415	▁person	['___', '____', '(', '________', '__']	neg	neg
"Complete the sentence below with only one category word.\nSentence: ""A machine is not a ___."" Completed sentence: A machine is not a"	thing	-5.637863	▁thing	['___', '____', '(', '________', '__']	neg	aff
"Complete the sentence below with only one category word.\nSentence: ""A scientist is a ___."" Completed sentence: A scientist is a"	person	-2.0348682	▁person	['person', 'scientist', '___', '(', '____']	aff	aff
"Complete the sentence below with only one category word.\nSentence: ""A scientist is a ___."" Completed sentence: A scientist is a"	computer	-9.206764	▁computer	['person', 'scientist', '___', '(', '____']	aff	neg
"Complete the sentence below with only one category word.\nSentence: ""A scientist is not a ___."" Completed sentence: A scientist is not a"	computer	-7.26536	▁computer	['____', '___', 'scientist', '_______', '________']	neg	neg
"Complete the sentence below with only one category word.\nSentence: ""A scientist is not a ___."" Completed sentence: A scientist is not a"	person	-4.3680305	▁person	['____', '___', 'scientist', '_______', '________']	neg	aff
"Complete the sentence below with only one category word.\nSentence: ""A professor is a ___."" Completed sentence: A professor is a"	person	-2.3539333	▁person	['(', 'person', 'teacher', '___', '____']	aff	aff
"Complete the sentence below with only one category word.\nSentence: ""A professor is a ___."" Completed sentence: A professor is a"	building	-10.106115	▁building	['(', 'person', 'teacher', '___', '____']	aff	neg
"Complete the sentence below with only one category word.\nSentence: ""A professor is not a ___."" Completed sentence: A professor is not a"	building	-9.926268	▁building	['___', '____', '(', 'teacher', '__']	neg	neg
"Complete the sentence below with only one category word.\nSentence: ""A professor is not a ___."" Completed sentence: A professor is not a"	person	-4.462633	▁person	['___', '____', '(', 'teacher', '__']	neg	aff
"Complete the sentence below with only one category word.\nSentence: ""A kitten is an ___."" Completed sentence: A kitten is an"	animal	-1.255703	▁animal	['animal', '___', '____', '__', 'infant']	aff	aff
"Complete the sentence below with only one category word.\nSentence: ""A kitten is a ___."" Completed sentence: A kitten is a"	plant	-10.974006	▁plant	['___', '____', 'baby', '__', '(']	aff	neg
"Complete the sentence below with only one category word.\nSentence: ""A kitten is not a ___."" Completed sentence: A kitten is not a"	plant	-7.430191	▁plant	['____', '___', '__', '(', '______']	neg	neg
"Complete the sentence below with only one category word.\nSentence: ""A kitten is not an ___."" Completed sentence: A kitten is not an"	animal	-1.2628422	▁animal	['animal', '___', '____', '__', '_______']	neg	aff
"Complete the sentence below with only one category word.\nSentence: ""A piano is an ___."" Completed sentence: A piano is an"	instrument	-0.9640579	▁instrument	['instrument', '___', 'musical', '__', '____']	aff	aff
"Complete the sentence below with only one category word.\nSentence: ""A piano is a ___."" Completed sentence: A piano is a"	drink	-13.36022	▁drink	['musical', '___', '(', '____', '__']	aff	neg
"Complete the sentence below with only one category word.\nSentence: ""A piano is not a ___."" Completed sentence: A piano is not a"	drink	-10.680256	▁drink	['___', 'musical', '____', '(', '\\']	neg	neg
"Complete the sentence below with only one category word.\nSentence: ""A piano is not an ___."" Completed sentence: A piano is not an"	instrument	-1.2714405	▁instrument	['___', 'instrument', '__', '____', 'object']	neg	aff
"Complete the sentence below with only one category word.\nSentence: ""A ship is a ___."" Completed sentence: A ship is a"	vessel	-2.9746437	▁vessel	['___', '____', 'vessel', 'noun', 'vehicle']	aff	aff
"Complete the sentence below with only one category word.\nSentence: ""A ship is a ___."" Completed sentence: A ship is a"	mineral	-13.078036	▁mineral	['___', '____', 'vessel', 'noun', 'vehicle']	aff	neg
"Complete the sentence below with only one category word.\nSentence: ""A ship is not a ___."" Completed sentence: A ship is not a"	mineral	-12.904779	▁mineral	['___', '____', '$\\', '_______', 'boat']	neg	neg
"Complete the sentence below with only one category word.\nSentence: ""A ship is not a ___."" Completed sentence: A ship is not a"	vessel	-4.6313343	▁vessel	['___', '____', '$\\', '_______', 'boat']	neg	aff
"Complete the sentence below with only one category word.\nSentence: ""A noun is a ___."" Completed sentence: A noun is a"	word	-3.3342247	▁word	['person', '____', '________', '___', '$\\']	aff	aff
"Complete the sentence below with only one category word.\nSentence: ""A noun is a ___."" Completed sentence: A noun is a"	verb	-6.7131577	▁verb	['person', '____', '________', '___', '$\\']	aff	neg
"Complete the sentence below with only one category word.\nSentence: ""A noun is not a ___."" Completed sentence: A noun is not a"	verb	-2.611559	▁verb	['___', '____', 'verb', '________', '$\\']	neg	neg
"Complete the sentence below with only one category word.\nSentence: ""A noun is not a ___."" Completed sentence: A noun is not a"	word	-5.654173	▁word	['___', '____', 'verb', '________', '$\\']	neg	aff
"Complete the sentence below with only one category word.\nSentence: ""An adjective is a ___."" Completed sentence: An adjective is a"	word	-2.64085	▁word	['___', '______', '____', 'word', '________']	aff	aff
"Complete the sentence below with only one category word.\nSentence: ""An adjective is a ___."" Completed sentence: An adjective is a"	verb	-5.3741302	▁verb	['___', '______', '____', 'word', '________']	aff	neg
"Complete the sentence below with only one category word.\nSentence: ""An adjective is not a ___."" Completed sentence: An adjective is not a"	verb	-3.428234	▁verb	['noun', '___', '____', '', '________']	neg	neg
"Complete the sentence below with only one category word.\nSentence: ""An adjective is not a ___."" Completed sentence: An adjective is not a"	word	-5.3703403	▁word	['noun', '___', '____', '', '________']	neg	aff
"Complete the sentence below with only one category word.\nSentence: ""A pronoun is a ___."" Completed sentence: A pronoun is a"	word	-3.7411346	▁word	['___', '____', 'noun', '________', '______']	aff	aff
"Complete the sentence below with only one category word.\nSentence: ""A pronoun is a ___."" Completed sentence: A pronoun is a"	verb	-7.1483574	▁verb	['___', '____', 'noun', '________', '______']	aff	neg
"Complete the sentence below with only one category word.\nSentence: ""A pronoun is not a ___."" Completed sentence: A pronoun is not a"	verb	-4.419855	▁verb	['___', '____', 'noun', '________', '______']	neg	neg
"Complete the sentence below with only one category word.\nSentence: ""A pronoun is not a ___."" Completed sentence: A pronoun is not a"	word	-5.304659	▁word	['___', '____', 'noun', '________', '______']	neg	aff
"Complete the sentence below with only one category word.\nSentence: ""A verb is a ___."" Completed sentence: A verb is a"	word	-3.813301	▁word	['___', '____', '________', '______', '']	aff	aff
"Complete the sentence below with only one category word.\nSentence: ""A verb is a ___."" Completed sentence: A verb is a"	noun	-4.837326	▁noun	['___', '____', '________', '______', '']	aff	neg
"Complete the sentence below with only one category word.\nSentence: ""A verb is not a ___."" Completed sentence: A verb is not a"	noun	-2.9933395	▁noun	['___', '____', '______', '________', 'noun']	neg	neg
"Complete the sentence below with only one category word.\nSentence: ""A verb is not a ___."" Completed sentence: A verb is not a"	word	-6.1105423	▁word	['___', '____', '______', '________', 'noun']	neg	aff
"Complete the sentence below with only one category word.\nSentence: ""An adverb is a ___."" Completed sentence: An adverb is a"	word	-2.574133	▁word	['___', '______', 'word', '____', '__________']	aff	aff
"Complete the sentence below with only one category word.\nSentence: ""An adverb is a ___."" Completed sentence: An adverb is a"	noun	-5.163559	▁noun	['___', '______', 'word', '____', '__________']	aff	neg
"Complete the sentence below with only one category word.\nSentence: ""An adverb is not a ___."" Completed sentence: An adverb is not a"	noun	-2.9919605	▁noun	['___', '____', 'verb', '______', 'noun']	neg	neg
"Complete the sentence below with only one category word.\nSentence: ""An adverb is not a ___."" Completed sentence: An adverb is not a"	word	-4.870203	▁word	['___', '____', 'verb', '______', 'noun']	neg	aff
"Complete the sentence below with only one category word.\nSentence: ""A screwdriver is a ___."" Completed sentence: A screwdriver is a"	tool	-0.9542103	▁tool	['tool', '___', '(', '____', '__']	aff	aff
"Complete the sentence below with only one category word.\nSentence: ""A screwdriver is a ___."" Completed sentence: A screwdriver is a"	vegetable	-12.148955	▁vegetable	['tool', '___', '(', '____', '__']	aff	neg
"Complete the sentence below with only one category word.\nSentence: ""A screwdriver is not a ___."" Completed sentence: A screwdriver is not a"	vegetable	-9.848145	▁vegetable	['___', 'tool', '____', '(', '______']	neg	neg
"Complete the sentence below with only one category word.\nSentence: ""A screwdriver is not a ___."" Completed sentence: A screwdriver is not a"	tool	-1.7715282	▁tool	['___', 'tool', '____', '(', '______']	neg	aff
"Complete the sentence below with only one category word.\nSentence: ""A shack is a ___."" Completed sentence: A shack is a"	building	-4.1613827	▁building	['___', '____', '__', '_______', 'small']	aff	aff
"Complete the sentence below with only one category word.\nSentence: ""A shack is a ___."" Completed sentence: A shack is a"	bird	-12.669384	▁bird	['___', '____', '__', '_______', 'small']	aff	neg
"Complete the sentence below with only one category word.\nSentence: ""A shack is not a ___."" Completed sentence: A shack is not a"	bird	-10.771696	▁bird	['___', '____', '__', '_______', '$\\']	neg	neg
"Complete the sentence below with only one category word.\nSentence: ""A shack is not a ___."" Completed sentence: A shack is not a"	building	-3.7965622	▁building	['___', '____', '__', '_______', '$\\']	neg	aff
"Complete the sentence below with only one category word.\nSentence: ""A toaster is an ___."" Completed sentence: A toaster is an"	appliance	-2.7114658	▁appliance	['___', '____', 'appliance', '__', 'object']	aff	aff
"Complete the sentence below with only one category word.\nSentence: ""A toaster is a ___."" Completed sentence: A toaster is a"	toy	-9.54763	▁toy	['___', '____', '(', 'noun', '__']	aff	neg
"Complete the sentence below with only one category word.\nSentence: ""A toaster is not a ___."" Completed sentence: A toaster is not a"	toy	-7.1320515	▁toy	['___', '____', '(', '__', '$\\']	neg	neg
"Complete the sentence below with only one category word.\nSentence: ""A toaster is not an ___."" Completed sentence: A toaster is not an"	appliance	-3.2242699	▁appliance	['___', '____', '__', 'object', 'appliance']	neg	aff
"Complete the sentence below with only one category word.\nSentence: ""A microwave is an ___."" Completed sentence: A microwave is an"	appliance	-1.5874043	▁appliance	['___', 'appliance', 'electrical', '__', '____']	aff	aff
"Complete the sentence below with only one category word.\nSentence: ""A microwave is a ___."" Completed sentence: A microwave is a"	plant	-11.289853	▁plant	['___', 'kitchen', '(', '____', 'household']	aff	neg
"Complete the sentence below with only one category word.\nSentence: ""A microwave is not a ___."" Completed sentence: A microwave is not a"	plant	-8.990833	▁plant	['___', '____', '(', '\\', '__']	neg	neg
"Complete the sentence below with only one category word.\nSentence: ""A microwave is not an ___."" Completed sentence: A microwave is not an"	appliance	-2.2498856	▁appliance	['___', 'appliance', '____', '__', '_______']	neg	aff
"Complete the sentence below with only one category word.\nSentence: ""A coffeemaker is an ___."" Completed sentence: A coffeemaker is an"	appliance	-2.6622658	▁appliance	['___', '____', 'appliance', '__', '___']	aff	aff
"Complete the sentence below with only one category word.\nSentence: ""A coffeemaker is a ___."" Completed sentence: A coffeemaker is a"	food	-7.23501	▁food	['___', '(', '____', 'kitchen', 'household']	aff	neg
"Complete the sentence below with only one category word.\nSentence: ""A coffeemaker is not a ___."" Completed sentence: A coffeemaker is not a"	food	-6.35758	▁food	['___', '____', '(', '__', '$\\']	neg	neg
"Complete the sentence below with only one category word.\nSentence: ""A coffeemaker is not an ___."" Completed sentence: A coffeemaker is not an"	appliance	-3.1996841	▁appliance	['___', '____', '__', 'appliance', 'object']	neg	aff
"Complete the sentence below with only one category word.\nSentence: ""A sofa is a ___."" Completed sentence: A sofa is a"	furniture	-2.4222736	▁furniture	['___', 'piece', 'furniture', '____', '__']	aff	aff
"Complete the sentence below with only one category word.\nSentence: ""A sofa is a ___."" Completed sentence: A sofa is a"	toy	-11.174677	▁toy	['___', 'piece', 'furniture', '____', '__']	aff	neg
"Complete the sentence below with only one category word.\nSentence: ""A sofa is not a ___."" Completed sentence: A sofa is not a"	toy	-8.171553	▁toy	['___', '____', 'furniture', '__', '\\']	neg	neg
"Complete the sentence below with only one category word.\nSentence: ""A sofa is not a ___."" Completed sentence: A sofa is not a"	furniture	-2.9046707	▁furniture	['___', '____', 'furniture', '__', '\\']	neg	aff
"Complete the sentence below with only one category word.\nSentence: ""A lantern is a ___."" Completed sentence: A lantern is a"	light	-3.3909016	▁light	['___', '____', '__', '________', 'noun']	aff	aff
"Complete the sentence below with only one category word.\nSentence: ""A lantern is a ___."" Completed sentence: A lantern is a"	food	-9.209267	▁food	['___', '____', '__', '________', 'noun']	aff	neg
"Complete the sentence below with only one category word.\nSentence: ""A lantern is not a ___."" Completed sentence: A lantern is not a"	food	-7.228239	▁food	['___', '____', '(', '\\', '__']	neg	neg
"Complete the sentence below with only one category word.\nSentence: ""A lantern is not a ___."" Completed sentence: A lantern is not a"	light	-5.1111965	▁light	['___', '____', '(', '\\', '__']	neg	aff
"Complete the sentence below with only one category word.\nSentence: ""A hospital is a ___."" Completed sentence: A hospital is a"	building	-4.4526215	▁building	['(', '___', '____', 'place', '']	aff	aff
"Complete the sentence below with only one category word.\nSentence: ""A hospital is a ___."" Completed sentence: A hospital is a"	river	-14.991877	▁river	['(', '___', '____', 'place', '']	aff	neg
"Complete the sentence below with only one category word.\nSentence: ""A hospital is not a ___."" Completed sentence: A hospital is not a"	river	-12.016724	▁river	['___', '(', '____', 'place', '_______']	neg	neg
"Complete the sentence below with only one category word.\nSentence: ""A hospital is not a ___."" Completed sentence: A hospital is not a"	building	-5.4093647	▁building	['___', '(', '____', 'place', '_______']	neg	aff
"Complete the sentence below with only one category word.\nSentence: ""A lock is a ___."" Completed sentence: A lock is a"	device	-4.483177	▁device	['___', '____', '$\\', '______', '(']	aff	aff
"Complete the sentence below with only one category word.\nSentence: ""A lock is a ___."" Completed sentence: A lock is a"	garment	-13.072033	▁garment	['___', '____', '$\\', '______', '(']	aff	neg
"Complete the sentence below with only one category word.\nSentence: ""A lock is not a ___."" Completed sentence: A lock is not a"	garment	-12.274111	▁garment	['___', '____', '$\\', '______', '(']	neg	neg
"Complete the sentence below with only one category word.\nSentence: ""A lock is not a ___."" Completed sentence: A lock is not a"	device	-6.3952847	▁device	['___', '____', '$\\', '______', '(']	neg	aff
"Complete the sentence below with only one category word.\nSentence: ""A suit is a ___."" Completed sentence: A suit is a"	garment	-5.668339	▁garment	['___', '____', '________', '__', 'formal']	aff	aff
"Complete the sentence below with only one category word.\nSentence: ""A suit is a ___."" Completed sentence: A suit is a"	tool	-9.590157	▁tool	['___', '____', '________', '__', 'formal']	aff	neg
"Complete the sentence below with only one category word.\nSentence: ""A suit is not a ___."" Completed sentence: A suit is not a"	tool	-8.42886	▁tool	['___', '____', '________', '_______', '__']	neg	neg
"Complete the sentence below with only one category word.\nSentence: ""A suit is not a ___."" Completed sentence: A suit is not a"	garment	-6.5151978	▁garment	['___', '____', '________', '_______', '__']	neg	aff
"Complete the sentence below with only one category word.\nSentence: ""A clamp is a ___."" Completed sentence: A clamp is a"	tool	-1.7763042	▁tool	['tool', '___', '____', '______', '\\']	aff	aff
"Complete the sentence below with only one category word.\nSentence: ""A clamp is a ___."" Completed sentence: A clamp is a"	mineral	-12.305093	▁mineral	['tool', '___', '____', '______', '\\']	aff	neg
"Complete the sentence below with only one category word.\nSentence: ""A clamp is not a ___."" Completed sentence: A clamp is not a"	mineral	-10.263773	▁mineral	['___', 'tool', '____', '______', '(']	neg	neg
"Complete the sentence below with only one category word.\nSentence: ""A clamp is not a ___."" Completed sentence: A clamp is not a"	tool	-2.2575264	▁tool	['___', 'tool', '____', '______', '(']	neg	aff
"Complete the sentence below with only one category word.\nSentence: ""A ruby is a ___."" Completed sentence: A ruby is a"	mineral	-2.353859	▁mineral	['gemstone', '___', 'mineral', 'gem', '____']	aff	aff
"Complete the sentence below with only one category word.\nSentence: ""A ruby is a ___."" Completed sentence: A ruby is a"	toy	-13.6812725	▁toy	['gemstone', '___', 'mineral', 'gem', '____']	aff	neg
"Complete the sentence below with only one category word.\nSentence: ""A ruby is not a ___."" Completed sentence: A ruby is not a"	toy	-10.303671	▁toy	['___', '____', 'gemstone', '__', 'mineral']	neg	neg
"Complete the sentence below with only one category word.\nSentence: ""A ruby is not a ___."" Completed sentence: A ruby is not a"	mineral	-2.8513775	▁mineral	['___', '____', 'gemstone', '__', 'mineral']	neg	aff
"Complete the sentence below with only one category word.\nSentence: ""A doll is a ___."" Completed sentence: A doll is a"	toy	-1.4648266	▁toy	['___', 'toy', '____', '__', '(']	aff	aff
"Complete the sentence below with only one category word.\nSentence: ""A doll is a ___."" Completed sentence: A doll is a"	creature	-9.37595	▁creature	['___', 'toy', '____', '__', '(']	aff	neg
"Complete the sentence below with only one category word.\nSentence: ""A doll is not a ___."" Completed sentence: A doll is not a"	creature	-7.9265156	▁creature	['___', '____', 'toy', '__', '(']	neg	neg
"Complete the sentence below with only one category word.\nSentence: ""A doll is not a ___."" Completed sentence: A doll is not a"	toy	-2.1365337	▁toy	['___', '____', 'toy', '__', '(']	neg	aff
"Complete the sentence below with only one category word.\nSentence: ""A dog is a ___."" Completed sentence: A dog is a"	creature	-6.9593315	▁creature	['___', '____', 'pet', 'mammal', '__']	aff	aff
"Complete the sentence below with only one category word.\nSentence: ""A dog is a ___."" Completed sentence: A dog is a"	building	-13.227158	▁building	['___', '____', 'pet', 'mammal', '__']	aff	neg
"Complete the sentence below with only one category word.\nSentence: ""A dog is not a ___."" Completed sentence: A dog is not a"	building	-10.749849	▁building	['___', '____', '__', '(', 'pet']	neg	neg
"Complete the sentence below with only one category word.\nSentence: ""A dog is not a ___."" Completed sentence: A dog is not a"	creature	-6.8529606	▁creature	['___', '____', '__', '(', 'pet']	neg	aff
"Complete the sentence below with only one category word.\nSentence: ""A sandwich is a ___."" Completed sentence: A sandwich is a"	food	-2.8420486	▁food	['___', 'noun', 'food', '__', '____']	aff	aff
"Complete the sentence below with only one category word.\nSentence: ""A sandwich is a ___."" Completed sentence: A sandwich is a"	tool	-11.361752	▁tool	['___', 'noun', 'food', '__', '____']	aff	neg
"Complete the sentence below with only one category word.\nSentence: ""A sandwich is not a ___."" Completed sentence: A sandwich is not a"	tool	-9.656715	▁tool	['___', '____', '(', '__', '$\\']	neg	neg
"Complete the sentence below with only one category word.\nSentence: ""A sandwich is not a ___."" Completed sentence: A sandwich is not a"	food	-3.5696602	▁food	['___', '____', '(', '__', '$\\']	neg	aff
"Complete the sentence below with only one category word.\nSentence: ""A cake is a ___."" Completed sentence: A cake is a"	dessert	-2.780033	▁dessert	['___', '____', 'food', 'dessert', '(']	aff	aff
"Complete the sentence below with only one category word.\nSentence: ""A cake is a ___."" Completed sentence: A cake is a"	toy	-11.699247	▁toy	['___', '____', 'food', 'dessert', '(']	aff	neg
"Complete the sentence below with only one category word.\nSentence: ""A cake is not a ___."" Completed sentence: A cake is not a"	toy	-8.987041	▁toy	['___', '____', '(', '__', '$\\']	neg	neg
"Complete the sentence below with only one category word.\nSentence: ""A cake is not a ___."" Completed sentence: A cake is not a"	dessert	-4.0818443	▁dessert	['___', '____', '(', '__', '$\\']	neg	aff
"Complete the sentence below with only one category word.\nSentence: ""A raccoon is an ___."" Completed sentence: A raccoon is an"	animal	-0.9347973	▁animal	['animal', '___', '__', 'mammal', '____']	aff	aff
"Complete the sentence below with only one category word.\nSentence: ""A raccoon is a ___."" Completed sentence: A raccoon is a"	bird	-6.817335	▁bird	['mammal', '___', '__', '(', '____']	aff	neg
"Complete the sentence below with only one category word.\nSentence: ""A raccoon is not a ___."" Completed sentence: A raccoon is not a"	bird	-4.6891823	▁bird	['mammal', '___', '____', '__', '(']	neg	neg
"Complete the sentence below with only one category word.\nSentence: ""A raccoon is not an ___."" Completed sentence: A raccoon is not an"	animal	-1.2288456	▁animal	['animal', '___', '__', '____', 'mammal']	neg	aff
"Complete the sentence below with only one category word.\nSentence: ""A hut is a ___."" Completed sentence: A hut is a"	building	-3.594139	▁building	['___', '____', '__', '_____', '$']	aff	aff
"Complete the sentence below with only one category word.\nSentence: ""A hut is an ___."" Completed sentence: A hut is an"	insect	-10.324662	▁insect	['___', '__', 'example', '____', '_____']	aff	neg
"Complete the sentence below with only one category word.\nSentence: ""A hut is not an ___."" Completed sentence: A hut is not an"	insect	-9.609976	▁insect	['___', '____', '__', '_______', '$\\']	neg	neg
"Complete the sentence below with only one category word.\nSentence: ""A hut is not a ___."" Completed sentence: A hut is not a"	building	-3.4697018	▁building	['___', '____', '__', '$\\', '_______']	neg	aff
"Complete the sentence below with only one category word.\nSentence: ""A penguin is an ___."" Completed sentence: A penguin is an"	animal	-0.92131805	▁animal	['animal', '___', '__', '____', '_______']	aff	aff
"Complete the sentence below with only one category word.\nSentence: ""A penguin is a ___."" Completed sentence: A penguin is a"	plant	-8.40428	▁plant	['bird', '___', '____', 'mammal', '(']	aff	neg
"Complete the sentence below with only one category word.\nSentence: ""A penguin is not a ___."" Completed sentence: A penguin is not a"	plant	-6.465088	▁plant	['___', 'bird', '____', 'mammal', '__']	neg	neg
"Complete the sentence below with only one category word.\nSentence: ""A penguin is not an ___."" Completed sentence: A penguin is not an"	animal	-1.077385	▁animal	['animal', '___', '____', '__', '_______']	neg	aff
"Complete the sentence below with only one category word.\nSentence: ""A book is a ___."" Completed sentence: A book is a"	media	-8.78894	▁media	['___', '____', '(', '__', '______']	aff	aff
"Complete the sentence below with only one category word.\nSentence: ""A book is an ___."" Completed sentence: A book is an"	instrument	-8.156767	▁instrument	['___', '__', '____', '______', '________']	aff	neg
"Complete the sentence below with only one category word.\nSentence: ""A book is not an ___."" Completed sentence: A book is not an"	instrument	-6.7900085	▁instrument	['___', '____', '__', 'object', '_______']	neg	neg
"Complete the sentence below with only one category word.\nSentence: ""A book is not a ___."" Completed sentence: A book is not a"	media	-9.203541	▁media	['___', '____', '______', '(', '__']	neg	aff
"Complete the sentence below with only one category word.\nSentence: ""A bridge is a ___."" Completed sentence: A bridge is a"	structure	-2.1148376	▁structure	['___', 'structure', 'man', '(', '____']	aff	aff
"Complete the sentence below with only one category word.\nSentence: ""A bridge is a ___."" Completed sentence: A bridge is a"	toy	-10.470675	▁toy	['___', 'structure', 'man', '(', '____']	aff	neg
"Complete the sentence below with only one category word.\nSentence: ""A bridge is not a ___."" Completed sentence: A bridge is not a"	toy	-8.121836	▁toy	['___', '____', '$\\', '(', '__']	neg	neg
"Complete the sentence below with only one category word.\nSentence: ""A bridge is not a ___."" Completed sentence: A bridge is not a"	structure	-4.581522	▁structure	['___', '____', '$\\', '(', '__']	neg	aff
"Complete the sentence below with only one category word.\nSentence: ""A badger is an ___."" Completed sentence: A badger is an"	animal	-0.8143673	▁animal	['animal', '___', 'mammal', '__', '____']	aff	aff
"Complete the sentence below with only one category word.\nSentence: ""A badger is a ___."" Completed sentence: A badger is a"	plant	-9.016167	▁plant	['mammal', '___', '(', 'Mammal', '____']	aff	neg
"Complete the sentence below with only one category word.\nSentence: ""A badger is not a ___."" Completed sentence: A badger is not a"	plant	-7.0099525	▁plant	['mammal', '___', '____', '(', '__']	neg	neg
"Complete the sentence below with only one category word.\nSentence: ""A badger is not an ___."" Completed sentence: A badger is not an"	animal	-1.0781002	▁animal	['animal', '___', '____', '__', 'mammal']	neg	aff
"Complete the sentence below with only one category word.\nSentence: ""A pulley is a ___."" Completed sentence: A pulley is a"	machine	-3.006794	▁machine	['___', 'mechanical', 'machine', '____', '______']	aff	aff
"Complete the sentence below with only one category word.\nSentence: ""A pulley is a ___."" Completed sentence: A pulley is a"	person	-10.578281	▁person	['___', 'mechanical', 'machine', '____', '______']	aff	neg
"Complete the sentence below with only one category word.\nSentence: ""A pulley is not a ___."" Completed sentence: A pulley is not a"	person	-9.037096	▁person	['___', '____', '______', '__', '________']	neg	neg
"Complete the sentence below with only one category word.\nSentence: ""A pulley is not a ___."" Completed sentence: A pulley is not a"	machine	-3.7950382	▁machine	['___', '____', '______', '__', '________']	neg	aff
"Complete the sentence below with only one category word.\nSentence: ""A sapphire is a ___."" Completed sentence: A sapphire is a"	mineral	-2.168665	▁mineral	['gemstone', 'mineral', '___', '__', 'gem']	aff	aff
"Complete the sentence below with only one category word.\nSentence: ""A sapphire is a ___."" Completed sentence: A sapphire is a"	gas	-12.633283	▁gas	['gemstone', 'mineral', '___', '__', 'gem']	aff	neg
"Complete the sentence below with only one category word.\nSentence: ""A sapphire is not a ___."" Completed sentence: A sapphire is not a"	gas	-10.077604	▁gas	['___', 'gemstone', 'mineral', '____', '__']	neg	neg
"Complete the sentence below with only one category word.\nSentence: ""A sapphire is not a ___."" Completed sentence: A sapphire is not a"	mineral	-2.364727	▁mineral	['___', 'gemstone', 'mineral', '____', '__']	neg	aff
"Complete the sentence below with only one category word.\nSentence: ""A possum is an ___."" Completed sentence: A possum is an"	animal	-1.3196449	▁animal	['animal', '___', '__', 'mammal', 'omni']	aff	aff
"Complete the sentence below with only one category word.\nSentence: ""A possum is a ___."" Completed sentence: A possum is a"	plant	-8.782848	▁plant	['mammal', '___', '__', '____', '(']	aff	neg
"Complete the sentence below with only one category word.\nSentence: ""A possum is not a ___."" Completed sentence: A possum is not a"	plant	-7.275198	▁plant	['___', 'mammal', '____', '__', '(']	neg	neg
"Complete the sentence below with only one category word.\nSentence: ""A possum is not an ___."" Completed sentence: A possum is not an"	animal	-1.3498688	▁animal	['animal', '___', '__', '____', 'mammal']	neg	aff
"Complete the sentence below with only one category word.\nSentence: ""A panther is an ___."" Completed sentence: A panther is an"	animal	-0.8103943	▁animal	['animal', '___', '__', '____', '___']	aff	aff
"Complete the sentence below with only one category word.\nSentence: ""A panther is a ___."" Completed sentence: A panther is a"	toy	-10.491623	▁toy	['mammal', '___', 'wild', '____', '(']	aff	neg
"Complete the sentence below with only one category word.\nSentence: ""A panther is not a ___."" Completed sentence: A panther is not a"	toy	-8.532545	▁toy	['___', '____', 'mammal', '(', '__']	neg	neg
"Complete the sentence below with only one category word.\nSentence: ""A panther is not an ___."" Completed sentence: A panther is not an"	animal	-1.0355358	▁animal	['animal', '___', '____', '__', '_______']	neg	aff
"Complete the sentence below with only one category word.\nSentence: ""A hamster is an ___."" Completed sentence: A hamster is an"	animal	-0.7071686	▁animal	['animal', '___', '__', '____', 'mammal']	aff	aff
"Complete the sentence below with only one category word.\nSentence: ""A hamster is a ___."" Completed sentence: A hamster is a"	person	-10.258418	▁person	['mammal', '___', '__', '____', 'pet']	aff	neg
"Complete the sentence below with only one category word.\nSentence: ""A hamster is not a ___."" Completed sentence: A hamster is not a"	person	-7.180237	▁person	['___', 'mammal', '____', '__', '(']	neg	neg
"Complete the sentence below with only one category word.\nSentence: ""A hamster is not an ___."" Completed sentence: A hamster is not an"	animal	-0.82909584	▁animal	['animal', '___', '__', '____', 'mammal']	neg	aff
"Complete the sentence below with only one category word.\nSentence: ""A tractor is a ___."" Completed sentence: A tractor is a"	vehicle	-2.4023876	▁vehicle	['___', 'vehicle', '____', 'farm', '(']	aff	aff
"Complete the sentence below with only one category word.\nSentence: ""A tractor is a ___."" Completed sentence: A tractor is a"	toy	-7.2430115	▁toy	['___', 'vehicle', '____', 'farm', '(']	aff	neg
"Complete the sentence below with only one category word.\nSentence: ""A tractor is not a ___."" Completed sentence: A tractor is not a"	toy	-5.8904476	▁toy	['___', '____', 'vehicle', '(', '\\']	neg	neg
"Complete the sentence below with only one category word.\nSentence: ""A tractor is not a ___."" Completed sentence: A tractor is not a"	vehicle	-2.7941818	▁vehicle	['___', '____', 'vehicle', '(', '\\']	neg	aff
"Complete the sentence below with only one category word.\nSentence: ""A basil is a ___."" Completed sentence: A basil is a"	plant	-2.8987083	▁plant	['herb', '___', 'vegetable', 'plant', 'spice']	aff	aff
"Complete the sentence below with only one category word.\nSentence: ""A basil is a ___."" Completed sentence: A basil is a"	tool	-8.792431	▁tool	['herb', '___', 'vegetable', 'plant', 'spice']	aff	neg
"Complete the sentence below with only one category word.\nSentence: ""A basil is not a ___."" Completed sentence: A basil is not a"	tool	-8.195782	▁tool	['___', 'herb', 'vegetable', '____', '__']	neg	neg
"Complete the sentence below with only one category word.\nSentence: ""A basil is not a ___."" Completed sentence: A basil is not a"	plant	-3.1268444	▁plant	['___', 'herb', 'vegetable', '____', '__']	neg	aff
"Complete the sentence below with only one category word.\nSentence: ""A play is a ___."" Completed sentence: A play is a"	drama	-2.938097	▁drama	['___', '____', 'drama', '__', '________']	aff	aff
"Complete the sentence below with only one category word.\nSentence: ""A play is a ___."" Completed sentence: A play is a"	person	-7.7895126	▁person	['___', '____', 'drama', '__', '________']	aff	neg
"Complete the sentence below with only one category word.\nSentence: ""A play is not a ___."" Completed sentence: A play is not a"	person	-7.004242	▁person	['___', '____', '__', 'play', '______']	neg	neg
"Complete the sentence below with only one category word.\nSentence: ""A play is not a ___."" Completed sentence: A play is not a"	drama	-4.263586	▁drama	['___', '____', '__', 'play', '______']	neg	aff
"Complete the sentence below with only one category word.\nSentence: ""A raspberry is a ___."" Completed sentence: A raspberry is a"	fruit	-0.6094799	▁fruit	['fruit', '___', 'berry', '____', '__']	aff	aff
"Complete the sentence below with only one category word.\nSentence: ""A raspberry is a ___."" Completed sentence: A raspberry is a"	vegetable	-5.0338078	▁vegetable	['fruit', '___', 'berry', '____', '__']	aff	neg
"Complete the sentence below with only one category word.\nSentence: ""A raspberry is not a ___."" Completed sentence: A raspberry is not a"	vegetable	-3.7306652	▁vegetable	['fruit', '___', '____', '__', '______']	neg	neg
"Complete the sentence below with only one category word.\nSentence: ""A raspberry is not a ___."" Completed sentence: A raspberry is not a"	fruit	-0.8574562	▁fruit	['fruit', '___', '____', '__', '______']	neg	aff
"Complete the sentence below with only one category word.\nSentence: ""A canal is a ___."" Completed sentence: A canal is a"	waterway	-3.4145393	▁waterway	['___', 'man', 'human', 'natural', '____']	aff	aff
"Complete the sentence below with only one category word.\nSentence: ""A canal is a ___."" Completed sentence: A canal is a"	road	-8.818775	▁road	['___', 'man', 'human', 'natural', '____']	aff	neg
"Complete the sentence below with only one category word.\nSentence: ""A canal is not a ___."" Completed sentence: A canal is not a"	road	-6.265753	▁road	['___', '____', '__', 'natural', '$\\']	neg	neg
"Complete the sentence below with only one category word.\nSentence: ""A canal is not a ___."" Completed sentence: A canal is not a"	waterway	-4.692648	▁waterway	['___', '____', '__', 'natural', '$\\']	neg	aff
"Complete the sentence below with only one category word.\nSentence: ""A flute is an ___."" Completed sentence: A flute is an"	instrument	-0.59900093	▁instrument	['instrument', '___', '__', 'musical', '_____']	aff	aff
"Complete the sentence below with only one category word.\nSentence: ""A flute is a ___."" Completed sentence: A flute is a"	toy	-10.276744	▁toy	['musical', '___', 'wind', 'wood', '_____']	aff	neg
"Complete the sentence below with only one category word.\nSentence: ""A flute is not a ___."" Completed sentence: A flute is not a"	toy	-8.2463875	▁toy	['___', 'musical', '(', '____', '\\']	neg	neg
"Complete the sentence below with only one category word.\nSentence: ""A flute is not an ___."" Completed sentence: A flute is not an"	instrument	-0.8489208	▁instrument	['instrument', '___', '__', '____', '_______']	neg	aff
"Complete the sentence below with only one category word.\nSentence: ""A swallow is a ___."" Completed sentence: A swallow is a"	bird	-0.821537	▁bird	['bird', '___', '$\\', 'type', '____']	aff	aff
"Complete the sentence below with only one category word.\nSentence: ""A swallow is a ___."" Completed sentence: A swallow is a"	mammal	-7.4091682	▁mammal	['bird', '___', '$\\', 'type', '____']	aff	neg
"Complete the sentence below with only one category word.\nSentence: ""A swallow is not a ___."" Completed sentence: A swallow is not a"	mammal	-5.0911045	▁mammal	['bird', '___', '____', '$\\', '______']	neg	neg
"Complete the sentence below with only one category word.\nSentence: ""A swallow is not a ___."" Completed sentence: A swallow is not a"	bird	-1.7102776	▁bird	['bird', '___', '____', '$\\', '______']	neg	aff
"Complete the sentence below with only one category word.\nSentence: ""A platypus is a ___."" Completed sentence: A platypus is a"	mammal	-0.8594036	▁mammal	['mammal', '___', '(', '__', '$\\']	aff	aff
"Complete the sentence below with only one category word.\nSentence: ""A platypus is a ___."" Completed sentence: A platypus is a"	reptile	-3.7077293	▁reptile	['mammal', '___', '(', '__', '$\\']	aff	neg
"Complete the sentence below with only one category word.\nSentence: ""A platypus is not a ___."" Completed sentence: A platypus is not a"	reptile	-3.3634758	▁reptile	['mammal', '___', '____', '(', '__']	neg	neg
"Complete the sentence below with only one category word.\nSentence: ""A platypus is not a ___."" Completed sentence: A platypus is not a"	mammal	-1.3273525	▁mammal	['mammal', '___', '____', '(', '__']	neg	aff
"Complete the sentence below with only one category word.\nSentence: ""A squirrel is a ___."" Completed sentence: A squirrel is a"	mammal	-1.5361881	▁mammal	['mammal', '___', '__', '____', '(']	aff	aff
"Complete the sentence below with only one category word.\nSentence: ""A squirrel is an ___."" Completed sentence: A squirrel is an"	insect	-6.3229904	▁insect	['animal', '___', '__', '____', '___']	aff	neg
"Complete the sentence below with only one category word.\nSentence: ""A squirrel is not an ___."" Completed sentence: A squirrel is not an"	insect	-5.9695415	▁insect	['animal', '___', '__', '____', 'mammal']	neg	neg
"Complete the sentence below with only one category word.\nSentence: ""A squirrel is not a ___."" Completed sentence: A squirrel is not a"	mammal	-2.079607	▁mammal	['___', '____', 'mammal', '__', '(']	neg	aff
"Complete the sentence below with only one category word.\nSentence: ""An antelope is an ___."" Completed sentence: An antelope is an"	animal	-0.9010258	▁animal	['animal', '___', '__', '____', 'herb']	aff	aff
"Complete the sentence below with only one category word.\nSentence: ""An antelope is a ___."" Completed sentence: An antelope is a"	flower	-9.690704	▁flower	['mammal', '___', 'noun', '____', '__']	aff	neg
"Complete the sentence below with only one category word.\nSentence: ""An antelope is not a ___."" Completed sentence: An antelope is not a"	flower	-7.878704	▁flower	['mammal', '___', '____', '__', '_______']	neg	neg
"Complete the sentence below with only one category word.\nSentence: ""An antelope is not an ___."" Completed sentence: An antelope is not an"	animal	-1.1449146	▁animal	['animal', '___', '__', '____', 'herb']	neg	aff
"Complete the sentence below with only one category word.\nSentence: ""An ant is an ___."" Completed sentence: An ant is an"	animal	-1.7652721	▁animal	['insect', 'animal', 'invertebrate', '___', '__']	aff	aff
"Complete the sentence below with only one category word.\nSentence: ""An ant is a ___."" Completed sentence: An ant is a"	vegetable	-8.787062	▁vegetable	['(', '___', '__', 'insect', 'living']	aff	neg
"Complete the sentence below with only one category word.\nSentence: ""An ant is not a ___."" Completed sentence: An ant is not a"	vegetable	-5.5832977	▁vegetable	['___', '____', '(', 'mammal', '__']	neg	neg
"Complete the sentence below with only one category word.\nSentence: ""An ant is not an ___."" Completed sentence: An ant is not an"	animal	-1.2461357	▁animal	['animal', 'insect', '___', '__', 'invertebrate']	neg	aff
"Complete the sentence below with only one category word.\nSentence: ""A stag is an ___."" Completed sentence: A stag is an"	animal	-0.8743439	▁animal	['animal', '___', '__', '___', '____']	aff	aff
"Complete the sentence below with only one category word.\nSentence: ""A stag is a ___."" Completed sentence: A stag is a"	building	-13.141041	▁building	['mammal', '___', 'noun', 'male', '__']	aff	neg
"Complete the sentence below with only one category word.\nSentence: ""A stag is not a ___."" Completed sentence: A stag is not a"	building	-12.233047	▁building	['___', 'mammal', '____', '__', '(']	neg	neg
"Complete the sentence below with only one category word.\nSentence: ""A stag is not an ___."" Completed sentence: A stag is not an"	animal	-0.95536613	▁animal	['animal', '___', '__', '____', '_______']	neg	aff
"Complete the sentence below with only one category word.\nSentence: ""A bumblebee is an ___."" Completed sentence: A bumblebee is an"	insect	-0.93623924	▁insect	['insect', 'animal', '___', '__', 'example']	aff	aff
"Complete the sentence below with only one category word.\nSentence: ""A bumblebee is a ___."" Completed sentence: A bumblebee is a"	toy	-9.472986	▁toy	['___', 'noun', 'insect', '(', '__']	aff	neg
"Complete the sentence below with only one category word.\nSentence: ""A bumblebee is not a ___."" Completed sentence: A bumblebee is not a"	toy	-8.953068	▁toy	['___', '____', '__', '$\\', 'noun']	neg	neg
"Complete the sentence below with only one category word.\nSentence: ""A bumblebee is not an ___."" Completed sentence: A bumblebee is not an"	insect	-1.2937641	▁insect	['insect', 'animal', '___', '__', '____']	neg	aff
"Complete the sentence below with only one category word.\nSentence: ""A van is a ___."" Completed sentence: A van is a"	vehicle	-1.451561	▁vehicle	['vehicle', '___', 'type', '____', '__']	aff	aff
"Complete the sentence below with only one category word.\nSentence: ""A van is a ___."" Completed sentence: A van is a"	device	-10.348877	▁device	['vehicle', '___', 'type', '____', '__']	aff	neg
"Complete the sentence below with only one category word.\nSentence: ""A van is not a ___."" Completed sentence: A van is not a"	device	-10.379923	▁device	['___', 'vehicle', '____', '__', '\\']	neg	neg
"Complete the sentence below with only one category word.\nSentence: ""A van is not a ___."" Completed sentence: A van is not a"	vehicle	-2.2588367	▁vehicle	['___', 'vehicle', '____', '__', '\\']	neg	aff
"Complete the sentence below with only one category word.\nSentence: ""A bat is an ___."" Completed sentence: A bat is an"	animal	-0.92422104	▁animal	['animal', 'mammal', '___', '__', '$\\']	aff	aff
"Complete the sentence below with only one category word.\nSentence: ""A bat is a ___."" Completed sentence: A bat is a"	furniture	-14.983199	▁furniture	['mammal', 'flying', 'vertebrate', '___', '(']	aff	neg
"Complete the sentence below with only one category word.\nSentence: ""A bat is not a ___."" Completed sentence: A bat is not a"	furniture	-12.711481	▁furniture	['mammal', '___', '____', 'bird', '(']	neg	neg
"Complete the sentence below with only one category word.\nSentence: ""A bat is not an ___."" Completed sentence: A bat is not an"	animal	-1.0717468	▁animal	['animal', '___', '__', 'mammal', '____']	neg	aff
"Complete the sentence below with only one category word.\nSentence: ""A bed is a ___."" Completed sentence: A bed is a"	furniture	-2.220354	▁furniture	['___', 'furniture', 'piece', '____', '__']	aff	aff
"Complete the sentence below with only one category word.\nSentence: ""A bed is a ___."" Completed sentence: A bed is a"	toy	-10.3400135	▁toy	['___', 'furniture', 'piece', '____', '__']	aff	neg
"Complete the sentence below with only one category word.\nSentence: ""A bed is not a ___."" Completed sentence: A bed is not a"	toy	-7.66411	▁toy	['___', '____', '$\\', '__', 'furniture']	neg	neg
"Complete the sentence below with only one category word.\nSentence: ""A bed is not a ___."" Completed sentence: A bed is not a"	furniture	-3.3987732	▁furniture	['___', '____', '$\\', '__', 'furniture']	neg	aff
"Complete the sentence below with only one category word.\nSentence: ""A pencil is an ___."" Completed sentence: A pencil is an"	instrument	-4.2626514	▁instrument	['___', 'object', '__', '____', '______']	aff	aff
"Complete the sentence below with only one category word.\nSentence: ""A pencil is an ___."" Completed sentence: A pencil is an"	animal	-8.268658	▁animal	['___', 'object', '__', '____', '______']	aff	neg
"Complete the sentence below with only one category word.\nSentence: ""A pencil is not an ___."" Completed sentence: A pencil is not an"	animal	-5.2759056	▁animal	['___', '____', 'object', '__', '______']	neg	neg
"Complete the sentence below with only one category word.\nSentence: ""A pencil is not an ___."" Completed sentence: A pencil is not an"	instrument	-4.281803	▁instrument	['___', '____', 'object', '__', '______']	neg	aff
"Complete the sentence below with only one category word.\nSentence: ""A computer is a ___."" Completed sentence: A computer is a"	device	-3.5401554	▁device	['___', '(', '____', '__', 'tool']	aff	aff
"Complete the sentence below with only one category word.\nSentence: ""A computer is a ___."" Completed sentence: A computer is a"	fruit	-11.538782	▁fruit	['___', '(', '____', '__', 'tool']	aff	neg
"Complete the sentence below with only one category word.\nSentence: ""A computer is not a ___."" Completed sentence: A computer is not a"	fruit	-8.341084	▁fruit	['___', '____', '(', '__', '\\']	neg	neg
"Complete the sentence below with only one category word.\nSentence: ""A computer is not a ___."" Completed sentence: A computer is not a"	device	-4.7469845	▁device	['___', '____', '(', '__', '\\']	neg	aff
"Complete the sentence below with only one category word.\nSentence: ""A watch is a ___."" Completed sentence: A watch is a"	gadget	-5.9753265	▁gadget	['___', '(', '____', '__', 'time']	aff	aff
"Complete the sentence below with only one category word.\nSentence: ""A watch is an ___."" Completed sentence: A watch is an"	animal	-8.951738	▁animal	['___', '__', '____', 'object', 'accessory']	aff	neg
"Complete the sentence below with only one category word.\nSentence: ""A watch is not an ___."" Completed sentence: A watch is not an"	animal	-4.5643635	▁animal	['___', '____', '__', 'object', '_______']	neg	neg
"Complete the sentence below with only one category word.\nSentence: ""A watch is not a ___."" Completed sentence: A watch is not a"	gadget	-7.424305	▁gadget	['___', '____', '(', '__', '$\\']	neg	aff
"Complete the sentence below with only one category word.\nSentence: ""A cake is a ___."" Completed sentence: A cake is a"	sweet	-3.9633427	▁sweet	['___', '____', 'food', 'dessert', '(']	aff	aff
"Complete the sentence below with only one category word.\nSentence: ""A cake is a ___."" Completed sentence: A cake is a"	vegetable	-7.521246	▁vegetable	['___', '____', 'food', 'dessert', '(']	aff	neg
"Complete the sentence below with only one category word.\nSentence: ""A cake is not a ___."" Completed sentence: A cake is not a"	vegetable	-5.697901	▁vegetable	['___', '____', '(', '__', '$\\']	neg	neg
"Complete the sentence below with only one category word.\nSentence: ""A cake is not a ___."" Completed sentence: A cake is not a"	sweet	-6.240259	▁sweet	['___', '____', '(', '__', '$\\']	neg	aff
"Complete the sentence below with only one category word.\nSentence: ""A lever is a ___."" Completed sentence: A lever is a"	machine	-3.7991238	▁machine	['___', 'simple', 'lever', '______', '']	aff	aff
"Complete the sentence below with only one category word.\nSentence: ""A lever is a ___."" Completed sentence: A lever is a"	toy	-9.918915	▁toy	['___', 'simple', 'lever', '______', '']	aff	neg
"Complete the sentence below with only one category word.\nSentence: ""A lever is not a ___."" Completed sentence: A lever is not a"	toy	-7.9614487	▁toy	['___', '____', '______', '(', 'lever']	neg	neg
"Complete the sentence below with only one category word.\nSentence: ""A lever is not a ___."" Completed sentence: A lever is not a"	machine	-4.327259	▁machine	['___', '____', '______', '(', 'lever']	neg	aff
"Complete the sentence below with only one category word.\nSentence: ""A shark is an ___."" Completed sentence: A shark is an"	animal	-1.226551	▁animal	['animal', '___', 'aquatic', '__', '____']	aff	aff
"Complete the sentence below with only one category word.\nSentence: ""A shark is a ___."" Completed sentence: A shark is a"	toy	-10.881896	▁toy	['fish', '___', 'marine', '____', 'predator']	aff	neg
"Complete the sentence below with only one category word.\nSentence: ""A shark is not a ___."" Completed sentence: A shark is not a"	toy	-8.849939	▁toy	['fish', '___', '____', 'mammal', '(']	neg	neg
"Complete the sentence below with only one category word.\nSentence: ""A shark is not an ___."" Completed sentence: A shark is not an"	animal	-1.4990845	▁animal	['animal', '___', '____', '__', '______']	neg	aff
"Complete the sentence below with only one category word.\nSentence: ""A ruby is a ___."" Completed sentence: A ruby is a"	gemstone	-1.953455	▁gemstone	['gemstone', '___', 'mineral', 'gem', '____']	aff	aff
"Complete the sentence below with only one category word.\nSentence: ""A ruby is a ___."" Completed sentence: A ruby is a"	plant	-11.550616	▁plant	['gemstone', '___', 'mineral', 'gem', '____']	aff	neg
"Complete the sentence below with only one category word.\nSentence: ""A ruby is not a ___."" Completed sentence: A ruby is not a"	plant	-7.597315	▁plant	['___', '____', 'gemstone', '__', 'mineral']	neg	neg
"Complete the sentence below with only one category word.\nSentence: ""A ruby is not a ___."" Completed sentence: A ruby is not a"	gemstone	-2.582449	▁gemstone	['___', '____', 'gemstone', '__', 'mineral']	neg	aff
"Complete the sentence below with only one category word.\nSentence: ""An armchair is a ___."" Completed sentence: An armchair is a"	furniture	-3.0557423	▁furniture	['___', 'piece', '__', '____', 'furniture']	aff	aff
"Complete the sentence below with only one category word.\nSentence: ""An armchair is a ___."" Completed sentence: An armchair is a"	tool	-7.699787	▁tool	['___', 'piece', '__', '____', 'furniture']	aff	neg
"Complete the sentence below with only one category word.\nSentence: ""An armchair is not a ___."" Completed sentence: An armchair is not a"	tool	-6.1446	▁tool	['___', '____', '__', 'chair', '\\']	neg	neg
"Complete the sentence below with only one category word.\nSentence: ""An armchair is not a ___."" Completed sentence: An armchair is not a"	furniture	-3.4294682	▁furniture	['___', '____', '__', 'chair', '\\']	neg	aff
"Complete the sentence below with only one category word.\nSentence: ""A stencil is a ___."" Completed sentence: A stencil is a"	tool	-4.431301	▁tool	['___', '____', '$\\', '__', '\\']	aff	aff
"Complete the sentence below with only one category word.\nSentence: ""A stencil is a ___."" Completed sentence: A stencil is a"	furniture	-9.761345	▁furniture	['___', '____', '$\\', '__', '\\']	aff	neg
"Complete the sentence below with only one category word.\nSentence: ""A stencil is not a ___."" Completed sentence: A stencil is not a"	furniture	-7.9055786	▁furniture	['___', '____', '______', '__', '$\\']	neg	neg
"Complete the sentence below with only one category word.\nSentence: ""A stencil is not a ___."" Completed sentence: A stencil is not a"	tool	-4.26997	▁tool	['___', '____', '______', '__', '$\\']	neg	aff
"Complete the sentence below with only one category word.\nSentence: ""An earphone is an ___."" Completed sentence: An earphone is an"	electronics	-5.0732346	▁electronics	['___', 'accessory', 'electronic', '____', '__']	aff	aff
"Complete the sentence below with only one category word.\nSentence: ""An earphone is a ___."" Completed sentence: An earphone is a"	tool	-5.766466	▁tool	['___', '____', '(', '__', '(']	aff	neg
"Complete the sentence below with only one category word.\nSentence: ""An earphone is not a ___."" Completed sentence: An earphone is not a"	tool	-5.243744	▁tool	['___', '____', '(', '__', '$\\']	neg	neg
"Complete the sentence below with only one category word.\nSentence: ""An earphone is not an ___."" Completed sentence: An earphone is not an"	electronics	-5.993334	▁electronics	['___', '____', '__', '$\\', 'object']	neg	aff
"Complete the sentence below with only one category word.\nSentence: ""A skateboard is a ___."" Completed sentence: A skateboard is a"	sport	-4.2932568	▁sport	['___', '____', '__', 'noun', '$\\']	aff	aff
"Complete the sentence below with only one category word.\nSentence: ""A skateboard is a ___."" Completed sentence: A skateboard is a"	game	-8.430864	▁game	['___', '____', '__', 'noun', '$\\']	aff	neg
"Complete the sentence below with only one category word.\nSentence: ""A skateboard is not a ___."" Completed sentence: A skateboard is not a"	game	-7.867943	▁game	['___', '____', '__', '(', '$\\']	neg	neg
"Complete the sentence below with only one category word.\nSentence: ""A skateboard is not a ___."" Completed sentence: A skateboard is not a"	sport	-5.3988304	▁sport	['___', '____', '__', '(', '$\\']	neg	aff
"Complete the sentence below with only one category word.\nSentence: ""A brick is a ___."" Completed sentence: A brick is a"	material	-3.876793	▁material	['___', 'noun', '____', '________', '__']	aff	aff
"Complete the sentence below with only one category word.\nSentence: ""A brick is a ___."" Completed sentence: A brick is a"	flower	-10.878975	▁flower	['___', 'noun', '____', '________', '__']	aff	neg
"Complete the sentence below with only one category word.\nSentence: ""A brick is not a ___."" Completed sentence: A brick is not a"	flower	-7.392557	▁flower	['___', '____', '__', '(', '$\\']	neg	neg
"Complete the sentence below with only one category word.\nSentence: ""A brick is not a ___."" Completed sentence: A brick is not a"	material	-4.98876	▁material	['___', '____', '__', '(', '$\\']	neg	aff
"Complete the sentence below with only one category word.\nSentence: ""A windmill is a ___."" Completed sentence: A windmill is a"	machine	-3.2965279	▁machine	['___', 'man', 'structure', '(', '__']	aff	aff
"Complete the sentence below with only one category word.\nSentence: ""A windmill is a ___."" Completed sentence: A windmill is a"	mammal	-10.344712	▁mammal	['___', 'man', 'structure', '(', '__']	aff	neg
"Complete the sentence below with only one category word.\nSentence: ""A windmill is not a ___."" Completed sentence: A windmill is not a"	mammal	-7.539818	▁mammal	['___', '____', '(', '__', '$\\']	neg	neg
"Complete the sentence below with only one category word.\nSentence: ""A windmill is not a ___."" Completed sentence: A windmill is not a"	machine	-5.083353	▁machine	['___', '____', '(', '__', '$\\']	neg	aff
"Complete the sentence below with only one category word.\nSentence: ""A tree is a ___."" Completed sentence: A tree is a"	plant	-2.3717442	▁plant	['___', 'living', 'plant', '____', 'natural']	aff	aff
"Complete the sentence below with only one category word.\nSentence: ""A tree is a ___."" Completed sentence: A tree is a"	mineral	-8.966484	▁mineral	['___', 'living', 'plant', '____', 'natural']	aff	neg
"Complete the sentence below with only one category word.\nSentence: ""A tree is not a ___."" Completed sentence: A tree is not a"	mineral	-7.66745	▁mineral	['___', '____', '(', '__', '______']	neg	neg
"Complete the sentence below with only one category word.\nSentence: ""A tree is not a ___."" Completed sentence: A tree is not a"	plant	-3.655405	▁plant	['___', '____', '(', '__', '______']	neg	aff
"Complete the sentence below with only one category word.\nSentence: ""A rock is a ___."" Completed sentence: A rock is a"	stone	-6.8441105	▁stone	['___', '__', 'natural', '____', 'mineral']	aff	aff
"Complete the sentence below with only one category word.\nSentence: ""A rock is a ___."" Completed sentence: A rock is a"	tree	-12.979421	▁tree	['___', '__', 'natural', '____', 'mineral']	aff	neg
"Complete the sentence below with only one category word.\nSentence: ""A rock is not a ___."" Completed sentence: A rock is not a"	tree	-8.499899	▁tree	['___', '____', '__', '(', '________']	neg	neg
"Complete the sentence below with only one category word.\nSentence: ""A rock is not a ___."" Completed sentence: A rock is not a"	stone	-7.97225	▁stone	['___', '____', '__', '(', '________']	neg	aff
"Complete the sentence below with only one category word.\nSentence: ""A mole is a ___."" Completed sentence: A mole is a"	mammal	-3.394085	▁mammal	['___', '____', '_____', 'unit', 'mammal']	aff	aff
"Complete the sentence below with only one category word.\nSentence: ""A mole is a ___."" Completed sentence: A mole is a"	fish	-8.547668	▁fish	['___', '____', '_____', 'unit', 'mammal']	aff	neg
"Complete the sentence below with only one category word.\nSentence: ""A mole is not a ___."" Completed sentence: A mole is not a"	fish	-7.2112637	▁fish	['___', '____', '$\\', '__', '_______']	neg	neg
"Complete the sentence below with only one category word.\nSentence: ""A mole is not a ___."" Completed sentence: A mole is not a"	mammal	-3.4264736	▁mammal	['___', '____', '$\\', '__', '_______']	neg	aff
"Complete the sentence below with only one category word.\nSentence: ""A movie is a ___."" Completed sentence: A movie is a"	media	-6.4977207	▁media	['___', '____', '(', '________', '______']	aff	aff
"Complete the sentence below with only one category word.\nSentence: ""A movie is a ___."" Completed sentence: A movie is a"	food	-11.31691	▁food	['___', '____', '(', '________', '______']	aff	neg
"Complete the sentence below with only one category word.\nSentence: ""A movie is not a ___."" Completed sentence: A movie is not a"	food	-9.1944275	▁food	['___', '____', '________', '______', '(']	neg	neg
"Complete the sentence below with only one category word.\nSentence: ""A movie is not a ___."" Completed sentence: A movie is not a"	media	-7.594326	▁media	['___', '____', '________', '______', '(']	neg	aff
"Complete the sentence below with only one category word.\nSentence: ""A paperback is a ___."" Completed sentence: A paperback is a"	book	-2.1667957	▁book	['___', 'book', '____', '__', '(']	aff	aff
"Complete the sentence below with only one category word.\nSentence: ""A paperback is a ___."" Completed sentence: A paperback is a"	movie	-11.466303	▁movie	['___', 'book', '____', '__', '(']	aff	neg
"Complete the sentence below with only one category word.\nSentence: ""A paperback is not a ___."" Completed sentence: A paperback is not a"	movie	-9.984812	▁movie	['___', '____', 'book', '__', '______']	neg	neg
"Complete the sentence below with only one category word.\nSentence: ""A paperback is not a ___."" Completed sentence: A paperback is not a"	book	-2.2993317	▁book	['___', '____', 'book', '__', '______']	neg	aff
"Complete the sentence below with only one category word.\nSentence: ""A tower is a ___."" Completed sentence: A tower is a"	structure	-2.7661514	▁structure	['___', '__', '____', 'structure', '________']	aff	aff
"Complete the sentence below with only one category word.\nSentence: ""A tower is a ___."" Completed sentence: A tower is a"	cave	-15.086028	▁cave	['___', '__', '____', 'structure', '________']	aff	neg
"Complete the sentence below with only one category word.\nSentence: ""A tower is not a ___."" Completed sentence: A tower is not a"	cave	-11.004364	▁cave	['___', '____', '__', '$\\', '_______']	neg	neg
"Complete the sentence below with only one category word.\nSentence: ""A tower is not a ___."" Completed sentence: A tower is not a"	structure	-4.782175	▁structure	['___', '____', '__', '$\\', '_______']	neg	aff
"Complete the sentence below with only one category word.\nSentence: ""An asylum is an ___."" Completed sentence: An asylum is an"	institution	-2.1462078	▁institution	['___', 'institution', '____', '_____', '$\\']	aff	aff
"Complete the sentence below with only one category word.\nSentence: ""An asylum is a ___."" Completed sentence: An asylum is a"	game	-11.714171	▁game	['___', 'place', 'mental', '____', '(']	aff	neg
"Complete the sentence below with only one category word.\nSentence: ""An asylum is not a ___."" Completed sentence: An asylum is not a"	game	-10.158915	▁game	['___', '____', 'place', '_______', 'mental']	neg	neg
"Complete the sentence below with only one category word.\nSentence: ""An asylum is not an ___."" Completed sentence: An asylum is not an"	institution	-2.4671154	▁institution	['___', 'institution', '____', '_______', '$\\']	neg	aff
"Complete the sentence below with only one category word.\nSentence: ""A rice is a ___."" Completed sentence: A rice is a"	grain	-1.4995632	▁grain	['grain', 'cereal', 'vegetable', 'food', 'noun']	aff	aff
"Complete the sentence below with only one category word.\nSentence: ""A rice is a ___."" Completed sentence: A rice is a"	fish	-8.159676	▁fish	['grain', 'cereal', 'vegetable', 'food', 'noun']	aff	neg
"Complete the sentence below with only one category word.\nSentence: ""A rice is not a ___."" Completed sentence: A rice is not a"	fish	-6.7714176	▁fish	['grain', '____', '___', 'vegetable', 'cereal']	neg	neg
"Complete the sentence below with only one category word.\nSentence: ""A rice is not a ___."" Completed sentence: A rice is not a"	grain	-2.3604927	▁grain	['grain', '____', '___', 'vegetable', 'cereal']	neg	aff
"Complete the sentence below with only one category word.\nSentence: ""A soup is a ___."" Completed sentence: A soup is a"	food	-3.700964	▁food	['___', '____', 'liquid', '______', '________']	aff	aff
"Complete the sentence below with only one category word.\nSentence: ""A soup is a ___."" Completed sentence: A soup is a"	plant	-8.607916	▁plant	['___', '____', 'liquid', '______', '________']	aff	neg
"Complete the sentence below with only one category word.\nSentence: ""A soup is not a ___."" Completed sentence: A soup is not a"	plant	-8.326418	▁plant	['___', '____', '______', '__', '(']	neg	neg
"Complete the sentence below with only one category word.\nSentence: ""A soup is not a ___."" Completed sentence: A soup is not a"	food	-3.9385433	▁food	['___', '____', '______', '__', '(']	neg	aff
"Complete the sentence below with only one category word.\nSentence: ""A ship is a ___."" Completed sentence: A ship is a"	vehicle	-3.0334892	▁vehicle	['___', '____', 'vessel', 'noun', 'vehicle']	aff	aff
"Complete the sentence below with only one category word.\nSentence: ""A ship is a ___."" Completed sentence: A ship is a"	toy	-9.322779	▁toy	['___', '____', 'vessel', 'noun', 'vehicle']	aff	neg
"Complete the sentence below with only one category word.\nSentence: ""A ship is not a ___."" Completed sentence: A ship is not a"	toy	-7.675335	▁toy	['___', '____', '$\\', '_______', 'boat']	neg	neg
"Complete the sentence below with only one category word.\nSentence: ""A ship is not a ___."" Completed sentence: A ship is not a"	vehicle	-4.416832	▁vehicle	['___', '____', '$\\', '_______', 'boat']	neg	aff
"Complete the sentence below with only one category word.\nSentence: ""A blueberry is a ___."" Completed sentence: A blueberry is a"	fruit	-0.6372261	▁fruit	['fruit', '___', '__', 'noun', '(']	aff	aff
"Complete the sentence below with only one category word.\nSentence: ""A blueberry is a ___."" Completed sentence: A blueberry is a"	flower	-8.678007	▁flower	['fruit', '___', '__', 'noun', '(']	aff	neg
"Complete the sentence below with only one category word.\nSentence: ""A blueberry is not a ___."" Completed sentence: A blueberry is not a"	flower	-7.2665443	▁flower	['fruit', '___', '____', 'vegetable', '__']	neg	neg
"Complete the sentence below with only one category word.\nSentence: ""A blueberry is not a ___."" Completed sentence: A blueberry is not a"	fruit	-0.8882141	▁fruit	['fruit', '___', '____', 'vegetable', '__']	neg	aff
"Complete the sentence below with only one category word.\nSentence: ""A shirt is a ___."" Completed sentence: A shirt is a"	clothing	-2.9479923	▁clothing	['___', '____', '__', 'clothing', 'noun']	aff	aff
"Complete the sentence below with only one category word.\nSentence: ""A shirt is a ___."" Completed sentence: A shirt is a"	food	-11.084294	▁food	['___', '____', '__', 'clothing', 'noun']	aff	neg
"Complete the sentence below with only one category word.\nSentence: ""A shirt is not a ___."" Completed sentence: A shirt is not a"	food	-8.288929	▁food	['___', '____', '__', '______', '________']	neg	neg
"Complete the sentence below with only one category word.\nSentence: ""A shirt is not a ___."" Completed sentence: A shirt is not a"	clothing	-4.7375374	▁clothing	['___', '____', '__', '______', '________']	neg	aff
"Complete the sentence below with only one category word.\nSentence: ""A dandelion is a ___."" Completed sentence: A dandelion is a"	flower	-2.3139038	▁flower	['___', 'flower', '__', 'plant', '____']	aff	aff
"Complete the sentence below with only one category word.\nSentence: ""A dandelion is a ___."" Completed sentence: A dandelion is a"	tree	-10.34955	▁tree	['___', 'flower', '__', 'plant', '____']	aff	neg
"Complete the sentence below with only one category word.\nSentence: ""A dandelion is not a ___."" Completed sentence: A dandelion is not a"	tree	-7.03483	▁tree	['___', '____', 'flower', 'plant', '__']	neg	neg
"Complete the sentence below with only one category word.\nSentence: ""A dandelion is not a ___."" Completed sentence: A dandelion is not a"	flower	-2.3529854	▁flower	['___', '____', 'flower', 'plant', '__']	neg	aff
"Complete the sentence below with only one category word.\nSentence: ""A perfume is a ___."" Completed sentence: A perfume is a"	liquid	-6.085804	▁liquid	['___', '____', 'fragrance', '________', '(']	aff	aff
"Complete the sentence below with only one category word.\nSentence: ""A perfume is a ___."" Completed sentence: A perfume is a"	solid	-7.0957394	▁solid	['___', '____', 'fragrance', '________', '(']	aff	neg
"Complete the sentence below with only one category word.\nSentence: ""A perfume is not a ___."" Completed sentence: A perfume is not a"	solid	-6.5430374	▁solid	['___', '____', '________', '_______', '$\\']	neg	neg
"Complete the sentence below with only one category word.\nSentence: ""A perfume is not a ___."" Completed sentence: A perfume is not a"	liquid	-6.471035	▁liquid	['___', '____', '________', '_______', '$\\']	neg	aff
"Complete the sentence below with only one category word.\nSentence: ""A cabbage is a ___."" Completed sentence: A cabbage is a"	vegetable	-0.94836044	▁vegetable	['vegetable', '___', '____', '__', 'plant']	aff	aff
"Complete the sentence below with only one category word.\nSentence: ""A cabbage is a ___."" Completed sentence: A cabbage is a"	furniture	-13.504774	▁furniture	['vegetable', '___', '____', '__', 'plant']	aff	neg
"Complete the sentence below with only one category word.\nSentence: ""A cabbage is not a ___."" Completed sentence: A cabbage is not a"	furniture	-11.131868	▁furniture	['vegetable', '___', '____', 'fruit', '__']	neg	neg
"Complete the sentence below with only one category word.\nSentence: ""A cabbage is not a ___."" Completed sentence: A cabbage is not a"	vegetable	-1.322876	▁vegetable	['vegetable', '___', '____', 'fruit', '__']	neg	aff
"Complete the sentence below with only one category word.\nSentence: ""A pasta is a ___."" Completed sentence: A pasta is a"	dish	-3.701353	▁dish	['___', 'type', 'food', '____', '__']	aff	aff
"Complete the sentence below with only one category word.\nSentence: ""A pasta is a ___."" Completed sentence: A pasta is a"	building	-9.691074	▁building	['___', 'type', 'food', '____', '__']	aff	neg
"Complete the sentence below with only one category word.\nSentence: ""A pasta is not a ___."" Completed sentence: A pasta is not a"	building	-9.641062	▁building	['___', '____', '__', '(', '______']	neg	neg
"Complete the sentence below with only one category word.\nSentence: ""A pasta is not a ___."" Completed sentence: A pasta is not a"	dish	-3.8710957	▁dish	['___', '____', '__', '(', '______']	neg	aff
"Complete the sentence below with only one category word.\nSentence: ""A brownie is a ___."" Completed sentence: A brownie is a"	dessert	-2.392294	▁dessert	['___', 'dessert', '____', 'cookie', '__']	aff	aff
"Complete the sentence below with only one category word.\nSentence: ""A brownie is a ___."" Completed sentence: A brownie is a"	fruit	-7.5086365	▁fruit	['___', 'dessert', '____', 'cookie', '__']	aff	neg
"Complete the sentence below with only one category word.\nSentence: ""A brownie is not a ___."" Completed sentence: A brownie is not a"	fruit	-5.7515297	▁fruit	['___', '____', '__', '______', 'dessert']	neg	neg
"Complete the sentence below with only one category word.\nSentence: ""A brownie is not a ___."" Completed sentence: A brownie is not a"	dessert	-3.2834682	▁dessert	['___', '____', '__', '______', 'dessert']	neg	aff
"Complete the sentence below with only one category word.\nSentence: ""A lounge is a ___."" Completed sentence: A lounge is a"	room	-2.8606453	▁room	['___', '____', 'room', '_____', 'place']	aff	aff
"Complete the sentence below with only one category word.\nSentence: ""A lounge is a ___."" Completed sentence: A lounge is a"	machine	-11.389774	▁machine	['___', '____', 'room', '_____', 'place']	aff	neg
"Complete the sentence below with only one category word.\nSentence: ""A lounge is not a ___."" Completed sentence: A lounge is not a"	machine	-9.931709	▁machine	['___', '____', 'room', '', '__']	neg	neg
"Complete the sentence below with only one category word.\nSentence: ""A lounge is not a ___."" Completed sentence: A lounge is not a"	room	-3.086893	▁room	['___', '____', 'room', '', '__']	neg	aff
"Complete the sentence below with only one category word.\nSentence: ""A beach is a ___."" Completed sentence: A beach is a"	coastline	-8.687984	▁coastline	['___', 'natural', '(', '____', '__']	aff	aff
"Complete the sentence below with only one category word.\nSentence: ""A beach is a ___."" Completed sentence: A beach is a"	forest	-9.777121	▁forest	['___', 'natural', '(', '____', '__']	aff	neg
"Complete the sentence below with only one category word.\nSentence: ""A beach is not a ___."" Completed sentence: A beach is not a"	forest	-6.7780304	▁forest	['___', '____', '__', '________', '_______']	neg	neg
"Complete the sentence below with only one category word.\nSentence: ""A beach is not a ___."" Completed sentence: A beach is not a"	coastline	-9.356493	▁coastline	['___', '____', '__', '________', '_______']	neg	aff
"Complete the sentence below with only one category word.\nSentence: ""A chicken is a ___."" Completed sentence: A chicken is a"	food	-5.1375885	▁food	['___', 'bird', '____', '(', '__']	aff	aff
"Complete the sentence below with only one category word.\nSentence: ""A chicken is a ___."" Completed sentence: A chicken is a"	fruit	-8.236158	▁fruit	['___', 'bird', '____', '(', '__']	aff	neg
"Complete the sentence below with only one category word.\nSentence: ""A chicken is not a ___."" Completed sentence: A chicken is not a"	fruit	-5.33881	▁fruit	['___', '____', '(', '__', '\\']	neg	neg
"Complete the sentence below with only one category word.\nSentence: ""A chicken is not a ___."" Completed sentence: A chicken is not a"	food	-5.326723	▁food	['___', '____', '(', '__', '\\']	neg	aff
"Complete the sentence below with only one category word.\nSentence: ""A koala is an ___."" Completed sentence: A koala is an"	animal	-1.0015221	▁animal	['animal', '___', '__', 'mammal', '____']	aff	aff
"Complete the sentence below with only one category word.\nSentence: ""A koala is a ___."" Completed sentence: A koala is a"	mineral	-12.142425	▁mineral	['mammal', '___', 'mars', '__', '(']	aff	neg
"Complete the sentence below with only one category word.\nSentence: ""A koala is not a ___."" Completed sentence: A koala is not a"	mineral	-10.147614	▁mineral	['mammal', '___', '____', '__', '(']	neg	neg
"Complete the sentence below with only one category word.\nSentence: ""A koala is not an ___."" Completed sentence: A koala is not an"	animal	-1.0797176	▁animal	['animal', '___', '__', '____', 'mammal']	neg	aff
"Complete the sentence below with only one category word.\nSentence: ""An ostrich is a ___."" Completed sentence: An ostrich is a"	bird	-0.77438164	▁bird	['bird', '___', 'mammal', '____', '__']	aff	aff
"Complete the sentence below with only one category word.\nSentence: ""An ostrich is a ___."" Completed sentence: An ostrich is a"	mammal	-3.5540009	▁mammal	['bird', '___', 'mammal', '____', '__']	aff	neg
"Complete the sentence below with only one category word.\nSentence: ""An ostrich is not a ___."" Completed sentence: An ostrich is not a"	mammal	-2.7243958	▁mammal	['bird', '___', 'mammal', '____', '__']	neg	neg
"Complete the sentence below with only one category word.\nSentence: ""An ostrich is not a ___."" Completed sentence: An ostrich is not a"	bird	-1.4914246	▁bird	['bird', '___', 'mammal', '____', '__']	neg	aff
"Complete the sentence below with only one category word.\nSentence: ""A salad is a ___."" Completed sentence: A salad is a"	food	-4.9338017	▁food	['___', '____', '__', 'vegetable', '(']	aff	aff
"Complete the sentence below with only one category word.\nSentence: ""A salad is a ___."" Completed sentence: A salad is a"	drink	-8.741484	▁drink	['___', '____', '__', 'vegetable', '(']	aff	neg
"Complete the sentence below with only one category word.\nSentence: ""A salad is not a ___."" Completed sentence: A salad is not a"	drink	-6.748951	▁drink	['___', '____', '__', '(', '______']	neg	neg
"Complete the sentence below with only one category word.\nSentence: ""A salad is not a ___."" Completed sentence: A salad is not a"	food	-5.0026455	▁food	['___', '____', '__', '(', '______']	neg	aff
"Complete the sentence below with only one category word.\nSentence: ""A pineapple is a ___."" Completed sentence: A pineapple is a"	fruit	-0.7740917	▁fruit	['fruit', '___', '__', '____', '(']	aff	aff
"Complete the sentence below with only one category word.\nSentence: ""A pineapple is a ___."" Completed sentence: A pineapple is a"	vegetable	-3.9958057	▁vegetable	['fruit', '___', '__', '____', '(']	aff	neg
"Complete the sentence below with only one category word.\nSentence: ""A pineapple is not a ___."" Completed sentence: A pineapple is not a"	vegetable	-2.7717648	▁vegetable	['fruit', '___', 'vegetable', '____', '__']	neg	neg
"Complete the sentence below with only one category word.\nSentence: ""A pineapple is not a ___."" Completed sentence: A pineapple is not a"	fruit	-0.83431816	▁fruit	['fruit', '___', 'vegetable', '____', '__']	neg	aff
"Complete the sentence below with only one category word.\nSentence: ""An eagle is a ___."" Completed sentence: An eagle is a"	bird	-0.8789654	▁bird	['bird', '___', '(', '____', '_______']	aff	aff
"Complete the sentence below with only one category word.\nSentence: ""An eagle is a ___."" Completed sentence: An eagle is a"	plant	-9.391535	▁plant	['bird', '___', '(', '____', '_______']	aff	neg
"Complete the sentence below with only one category word.\nSentence: ""An eagle is not a ___."" Completed sentence: An eagle is not a"	plant	-6.606863	▁plant	['bird', '___', '____', '(', 'mammal']	neg	neg
"Complete the sentence below with only one category word.\nSentence: ""An eagle is not a ___."" Completed sentence: An eagle is not a"	bird	-1.5988655	▁bird	['bird', '___', '____', '(', 'mammal']	neg	aff
"Complete the sentence below with only one category word.\nSentence: ""A bicycle is a ___."" Completed sentence: A bicycle is a"	transport	-6.813614	▁transport	['___', 'vehicle', '____', '__', '(']	aff	aff
"Complete the sentence below with only one category word.\nSentence: ""A bicycle is a ___."" Completed sentence: A bicycle is a"	gemstone	-14.601929	▁gemstone	['___', 'vehicle', '____', '__', '(']	aff	neg
"Complete the sentence below with only one category word.\nSentence: ""A bicycle is not a ___."" Completed sentence: A bicycle is not a"	gemstone	-11.85565	▁gemstone	['___', '____', 'vehicle', '(', '\\']	neg	neg
"Complete the sentence below with only one category word.\nSentence: ""A bicycle is not a ___."" Completed sentence: A bicycle is not a"	transport	-8.421686	▁transport	['___', '____', 'vehicle', '(', '\\']	neg	aff
"Complete the sentence below with only one category word.\nSentence: ""An iodine is an ___."" Completed sentence: An iodine is an"	element	-0.62506485	▁element	['element', '___', '__', 'atom', '_______']	aff	aff
"Complete the sentence below with only one category word.\nSentence: ""An iodine is a ___."" Completed sentence: An iodine is a"	mineral	-4.3089314	▁mineral	['non', '___', 'chemical', '________', '__']	aff	neg
"Complete the sentence below with only one category word.\nSentence: ""An iodine is not a ___."" Completed sentence: An iodine is not a"	mineral	-3.9337406	▁mineral	['___', '____', 'chemical', '__', '________']	neg	neg
"Complete the sentence below with only one category word.\nSentence: ""An iodine is not an ___."" Completed sentence: An iodine is not an"	element	-0.9700432	▁element	['element', '___', '__', '____', '_______']	neg	aff
"Complete the sentence below with only one category word.\nSentence: ""A carbon is an ___."" Completed sentence: A carbon is an"	element	-0.75489044	▁element	['element', 'atom', '___', '__', 'organic']	aff	aff
"Complete the sentence below with only one category word.\nSentence: ""A carbon is a ___."" Completed sentence: A carbon is a"	device	-13.352196	▁device	['___', 'non', '____', 'element', '__']	aff	neg
"Complete the sentence below with only one category word.\nSentence: ""A carbon is not a ___."" Completed sentence: A carbon is not a"	device	-11.854591	▁device	['___', '____', '__', '________', 'element']	neg	neg
"Complete the sentence below with only one category word.\nSentence: ""A carbon is not an ___."" Completed sentence: A carbon is not an"	element	-1.1308594	▁element	['element', '___', 'atom', '__', '____']	neg	aff
"Complete the sentence below with only one category word.\nSentence: ""A salt is a ___."" Completed sentence: A salt is a"	mineral	-3.8948898	▁mineral	['compound', '___', 'chemical', 'ionic', '__']	aff	aff
"Complete the sentence below with only one category word.\nSentence: ""A salt is a ___."" Completed sentence: A salt is a"	toy	-13.87022	▁toy	['compound', '___', 'chemical', 'ionic', '__']	aff	neg
"Complete the sentence below with only one category word.\nSentence: ""A salt is not a ___."" Completed sentence: A salt is not a"	toy	-11.590132	▁toy	['___', '____', '__', 'compound', '______']	neg	neg
"Complete the sentence below with only one category word.\nSentence: ""A salt is not a ___."" Completed sentence: A salt is not a"	mineral	-4.408434	▁mineral	['___', '____', '__', 'compound', '______']	neg	aff
"Complete the sentence below with only one category word.\nSentence: ""A methane is a ___."" Completed sentence: A methane is a"	gas	-3.351406	▁gas	['___', 'compound', 'hydrocarbon', 'molecule', '__']	aff	aff
"Complete the sentence below with only one category word.\nSentence: ""A methane is a ___."" Completed sentence: A methane is a"	liquid	-8.411657	▁liquid	['___', 'compound', 'hydrocarbon', 'molecule', '__']	aff	neg
"Complete the sentence below with only one category word.\nSentence: ""A methane is not a ___."" Completed sentence: A methane is not a"	liquid	-7.250597	▁liquid	['___', '____', '__', '________', 'compound']	neg	neg
"Complete the sentence below with only one category word.\nSentence: ""A methane is not a ___."" Completed sentence: A methane is not a"	gas	-3.7025871	▁gas	['___', '____', '__', '________', 'compound']	neg	aff
"Complete the sentence below with only one category word.\nSentence: ""A ladder is a ___."" Completed sentence: A ladder is a"	tool	-1.950985	▁tool	['___', 'tool', '____', '__', '________']	aff	aff
"Complete the sentence below with only one category word.\nSentence: ""A ladder is a ___."" Completed sentence: A ladder is a"	toy	-8.765381	▁toy	['___', 'tool', '____', '__', '________']	aff	neg
"Complete the sentence below with only one category word.\nSentence: ""A ladder is not a ___."" Completed sentence: A ladder is not a"	toy	-7.404299	▁toy	['___', '____', '______', '(', '$\\']	neg	neg
"Complete the sentence below with only one category word.\nSentence: ""A ladder is not a ___."" Completed sentence: A ladder is not a"	tool	-3.6420212	▁tool	['___', '____', '______', '(', '$\\']	neg	aff
"Complete the sentence below with only one category word.\nSentence: ""A cup is a ___."" Completed sentence: A cup is a"	container	-1.4628277	▁container	['container', '___', '____', '\\', '(']	aff	aff
"Complete the sentence below with only one category word.\nSentence: ""A cup is a ___."" Completed sentence: A cup is a"	tool	-5.104807	▁tool	['container', '___', '____', '\\', '(']	aff	neg
"Complete the sentence below with only one category word.\nSentence: ""A cup is not a ___."" Completed sentence: A cup is not a"	tool	-4.861765	▁tool	['___', '____', '\\', '(', 'container']	neg	neg
"Complete the sentence below with only one category word.\nSentence: ""A cup is not a ___."" Completed sentence: A cup is not a"	container	-3.0755386	▁container	['___', '____', '\\', '(', 'container']	neg	aff
"Complete the sentence below with only one category word.\nSentence: ""A puppy is a ___."" Completed sentence: A puppy is a"	dog	-3.9674664	▁dog	['____', '___', 'baby', '__', 'young']	aff	aff
"Complete the sentence below with only one category word.\nSentence: ""A puppy is a ___."" Completed sentence: A puppy is a"	cat	-9.603058	▁cat	['____', '___', 'baby', '__', 'young']	aff	neg
"Complete the sentence below with only one category word.\nSentence: ""A puppy is not a ___."" Completed sentence: A puppy is not a"	cat	-6.2064037	▁cat	['____', '___', '______', '__', '_______']	neg	neg
"Complete the sentence below with only one category word.\nSentence: ""A puppy is not a ___."" Completed sentence: A puppy is not a"	dog	-3.5287151	▁dog	['____', '___', '______', '__', '_______']	neg	aff
"Complete the sentence below with only one category word.\nSentence: ""A stone is a ___."" Completed sentence: A stone is a"	rock	-3.9107685	▁rock	['___', '________', '__', '____', '(']	aff	aff
"Complete the sentence below with only one category word.\nSentence: ""A stone is a ___."" Completed sentence: A stone is a"	place	-10.493628	▁place	['___', '________', '__', '____', '(']	aff	neg
"Complete the sentence below with only one category word.\nSentence: ""A stone is not a ___."" Completed sentence: A stone is not a"	place	-8.87973	▁place	['___', '____', '(', '__', '________']	neg	neg
"Complete the sentence below with only one category word.\nSentence: ""A stone is not a ___."" Completed sentence: A stone is not a"	rock	-4.2876835	▁rock	['___', '____', '(', '__', '________']	neg	aff
"Complete the sentence below with only one category word.\nSentence: ""A clay is a ___."" Completed sentence: A clay is a"	material	-5.2441387	▁material	['___', '____', 'natural', '__', 'mineral']	aff	aff
"Complete the sentence below with only one category word.\nSentence: ""A clay is a ___."" Completed sentence: A clay is a"	person	-8.200924	▁person	['___', '____', 'natural', '__', 'mineral']	aff	neg
"Complete the sentence below with only one category word.\nSentence: ""A clay is not a ___."" Completed sentence: A clay is not a"	person	-7.5109234	▁person	['___', '____', '__', 'mineral', '________']	neg	neg
"Complete the sentence below with only one category word.\nSentence: ""A clay is not a ___."" Completed sentence: A clay is not a"	material	-5.3540287	▁material	['___', '____', '__', 'mineral', '________']	neg	aff
"Complete the sentence below with only one category word.\nSentence: ""A dragon is a ___."" Completed sentence: A dragon is a"	creature	-3.321869	▁creature	['mythical', '___', '$\\', 'myth', 'creature']	aff	aff
"Complete the sentence below with only one category word.\nSentence: ""A dragon is a ___."" Completed sentence: A dragon is a"	plant	-10.881433	▁plant	['mythical', '___', '$\\', 'myth', 'creature']	aff	neg
"Complete the sentence below with only one category word.\nSentence: ""A dragon is not a ___."" Completed sentence: A dragon is not a"	plant	-7.362175	▁plant	['___', '____', '__', '\\', '$\\']	neg	neg
"Complete the sentence below with only one category word.\nSentence: ""A dragon is not a ___."" Completed sentence: A dragon is not a"	creature	-4.239292	▁creature	['___', '____', '__', '\\', '$\\']	neg	aff
"Complete the sentence below with only one category word.\nSentence: ""A beetle is an ___."" Completed sentence: A beetle is an"	insect	-0.9249306	▁insect	['insect', 'animal', 'invertebrate', 'ar', '__']	aff	aff
"Complete the sentence below with only one category word.\nSentence: ""A beetle is a ___."" Completed sentence: A beetle is a"	plant	-6.8316574	▁plant	['bug', '___', 'insect', '(', '__']	aff	neg
"Complete the sentence below with only one category word.\nSentence: ""A beetle is not a ___."" Completed sentence: A beetle is not a"	plant	-4.7725887	▁plant	['___', '____', '__', '$\\', '(']	neg	neg
"Complete the sentence below with only one category word.\nSentence: ""A beetle is not an ___."" Completed sentence: A beetle is not an"	insect	-1.4617996	▁insect	['insect', 'animal', 'invertebrate', '___', '__']	neg	aff
"Complete the sentence below with only one category word.\nSentence: ""A wheel is a ___."" Completed sentence: A wheel is a"	tool	-3.3988667	▁tool	['___', '____', '________', '__', 'tool']	aff	aff
"Complete the sentence below with only one category word.\nSentence: ""A wheel is a ___."" Completed sentence: A wheel is a"	place	-10.062621	▁place	['___', '____', '________', '__', 'tool']	aff	neg
"Complete the sentence below with only one category word.\nSentence: ""A wheel is not a ___."" Completed sentence: A wheel is not a"	place	-8.0356045	▁place	['___', '____', '$\\', '__', '(']	neg	neg
"Complete the sentence below with only one category word.\nSentence: ""A wheel is not a ___."" Completed sentence: A wheel is not a"	tool	-4.7080097	▁tool	['___', '____', '$\\', '__', '(']	neg	aff
"Complete the sentence below with only one category word.\nSentence: ""A daisy is a ___."" Completed sentence: A daisy is a"	plant	-3.4438972	▁plant	['flower', '___', '____', '________', '__']	aff	aff
"Complete the sentence below with only one category word.\nSentence: ""A daisy is an ___."" Completed sentence: A daisy is an"	animal	-7.363062	▁animal	['___', '__', '___', '_______', '____']	aff	neg
"Complete the sentence below with only one category word.\nSentence: ""A daisy is not an ___."" Completed sentence: A daisy is not an"	animal	-3.8516674	▁animal	['___', '__', '____', '_______', '___']	neg	neg
"Complete the sentence below with only one category word.\nSentence: ""A daisy is not a ___."" Completed sentence: A daisy is not a"	plant	-3.0699348	▁plant	['___', 'flower', '____', 'plant', '__']	neg	aff
"Complete the sentence below with only one category word.\nSentence: ""A holiday is a ___."" Completed sentence: A holiday is a"	break	-4.228176	▁break	['___', '____', 'time', '______', '__']	aff	aff
"Complete the sentence below with only one category word.\nSentence: ""A holiday is a ___."" Completed sentence: A holiday is a"	work	-7.1517506	▁work	['___', '____', 'time', '______', '__']	aff	neg
"Complete the sentence below with only one category word.\nSentence: ""A holiday is not a ___."" Completed sentence: A holiday is not a"	work	-5.785509	▁work	['___', '____', '________', '______', '__']	neg	neg
"Complete the sentence below with only one category word.\nSentence: ""A holiday is not a ___."" Completed sentence: A holiday is not a"	break	-5.898491	▁break	['___', '____', '________', '______', '__']	neg	aff
"Complete the sentence below with only one category word.\nSentence: ""An insect is an ___."" Completed sentence: An insect is an"	arthropod	-2.1759338	▁ar	['animal', 'invertebrate', 'ar', '___', '__']	aff	aff
"Complete the sentence below with only one category word.\nSentence: ""An insect is a ___."" Completed sentence: An insect is a"	mammal	-6.2321033	▁mammal	['___', 'living', '__', 'invertebrate', '____']	aff	neg
"Complete the sentence below with only one category word.\nSentence: ""An insect is not a ___."" Completed sentence: An insect is not a"	mammal	-3.3131084	▁mammal	['___', '____', '__', '(', '$\\']	neg	neg
"Complete the sentence below with only one category word.\nSentence: ""An insect is not an ___."" Completed sentence: An insect is not an"	arthropod	-4.3193283	▁ar	['animal', '___', '__', '____', 'invertebrate']	neg	aff
"Complete the sentence below with only one category word.\nSentence: ""A lily is a ___."" Completed sentence: A lily is a"	flora	-7.7869167	▁flora	['flower', '___', 'plant', '____', '(']	aff	aff
"Complete the sentence below with only one category word.\nSentence: ""A lily is a ___."" Completed sentence: A lily is a"	tool	-10.270894	▁tool	['flower', '___', 'plant', '____', '(']	aff	neg
"Complete the sentence below with only one category word.\nSentence: ""A lily is not a ___."" Completed sentence: A lily is not a"	tool	-9.275011	▁tool	['___', 'flower', '____', 'plant', '(']	neg	neg
"Complete the sentence below with only one category word.\nSentence: ""A lily is not a ___."" Completed sentence: A lily is not a"	flora	-8.738699	▁flora	['___', 'flower', '____', 'plant', '(']	neg	aff
"Complete the sentence below with only one category word.\nSentence: ""A cardinal is a ___."" Completed sentence: A cardinal is a"	bird	-1.2186394	▁bird	['bird', '___', 'type', '____', '__']	aff	aff
"Complete the sentence below with only one category word.\nSentence: ""A cardinal is a ___."" Completed sentence: A cardinal is a"	tree	-9.8879175	▁tree	['bird', '___', 'type', '____', '__']	aff	neg
"Complete the sentence below with only one category word.\nSentence: ""A cardinal is not a ___."" Completed sentence: A cardinal is not a"	tree	-7.474045	▁tree	['bird', '___', '____', '__', '______']	neg	neg
"Complete the sentence below with only one category word.\nSentence: ""A cardinal is not a ___."" Completed sentence: A cardinal is not a"	bird	-1.6070385	▁bird	['bird', '___', '____', '__', '______']	neg	aff
"Complete the sentence below with only one category word.\nSentence: ""A swan is a ___."" Completed sentence: A swan is a"	bird	-1.2650928	▁bird	['bird', '___', '____', 'noun', '__']	aff	aff
"Complete the sentence below with only one category word.\nSentence: ""A swan is a ___."" Completed sentence: A swan is a"	plant	-8.045273	▁plant	['bird', '___', '____', 'noun', '__']	aff	neg
"Complete the sentence below with only one category word.\nSentence: ""A swan is not a ___."" Completed sentence: A swan is not a"	plant	-6.302973	▁plant	['___', 'bird', '____', '$\\', '__']	neg	neg
"Complete the sentence below with only one category word.\nSentence: ""A swan is not a ___."" Completed sentence: A swan is not a"	bird	-2.0374641	▁bird	['___', 'bird', '____', '$\\', '__']	neg	aff
"Complete the sentence below with only one category word.\nSentence: ""A calliper is a ___."" Completed sentence: A calliper is a"	tool	-1.7057438	▁tool	['tool', 'measuring', '___', '____', 'measurement']	aff	aff
"Complete the sentence below with only one category word.\nSentence: ""A calliper is a ___."" Completed sentence: A calliper is a"	weapon	-9.305223	▁weapon	['tool', 'measuring', '___', '____', 'measurement']	aff	neg
"Complete the sentence below with only one category word.\nSentence: ""A calliper is not a ___."" Completed sentence: A calliper is not a"	weapon	-7.5497684	▁weapon	['___', 'tool', '____', '______', '\\']	neg	neg
"Complete the sentence below with only one category word.\nSentence: ""A calliper is not a ___."" Completed sentence: A calliper is not a"	tool	-2.312004	▁tool	['___', 'tool', '____', '______', '\\']	neg	aff
"Complete the sentence below with only one category word.\nSentence: ""A cathedral is a ___."" Completed sentence: A cathedral is a"	church	-4.340908	▁church	['religious', 'place', '___', '________', '____']	aff	aff
"Complete the sentence below with only one category word.\nSentence: ""A cathedral is a ___."" Completed sentence: A cathedral is a"	house	-4.4288845	▁house	['religious', 'place', '___', '________', '____']	aff	neg
"Complete the sentence below with only one category word.\nSentence: ""A cathedral is not a ___."" Completed sentence: A cathedral is not a"	house	-5.492277	▁house	['___', '____', 'place', '__', 'building']	neg	neg
"Complete the sentence below with only one category word.\nSentence: ""A cathedral is not a ___."" Completed sentence: A cathedral is not a"	church	-3.7593765	▁church	['___', '____', 'place', '__', 'building']	neg	aff
"Complete the sentence below with only one category word.\nSentence: ""A pear is a ___."" Completed sentence: A pear is a"	fruit	-0.65483093	▁fruit	['fruit', '___', '____', '__', '(']	aff	aff
"Complete the sentence below with only one category word.\nSentence: ""A pear is a ___."" Completed sentence: A pear is a"	vegetable	-4.254343	▁vegetable	['fruit', '___', '____', '__', '(']	aff	neg
"Complete the sentence below with only one category word.\nSentence: ""A pear is not a ___."" Completed sentence: A pear is not a"	vegetable	-2.9350204	▁vegetable	['fruit', '___', '____', 'vegetable', '__']	neg	neg
"Complete the sentence below with only one category word.\nSentence: ""A pear is not a ___."" Completed sentence: A pear is not a"	fruit	-0.96087646	▁fruit	['fruit', '___', '____', 'vegetable', '__']	neg	aff
"Complete the sentence below with only one category word.\nSentence: ""A watermelon is a ___."" Completed sentence: A watermelon is a"	fruit	-0.820467	▁fruit	['fruit', '___', '____', '__', '(']	aff	aff
"Complete the sentence below with only one category word.\nSentence: ""A watermelon is a ___."" Completed sentence: A watermelon is a"	vegetable	-3.5341797	▁vegetable	['fruit', '___', '____', '__', '(']	aff	neg
"Complete the sentence below with only one category word.\nSentence: ""A watermelon is not a ___."" Completed sentence: A watermelon is not a"	vegetable	-2.6619282	▁vegetable	['fruit', '___', '____', 'vegetable', '__']	neg	neg
"Complete the sentence below with only one category word.\nSentence: ""A watermelon is not a ___."" Completed sentence: A watermelon is not a"	fruit	-1.1527786	▁fruit	['fruit', '___', '____', 'vegetable', '__']	neg	aff
"Complete the sentence below with only one category word.\nSentence: ""A tugboat is a ___."" Completed sentence: A tugboat is a"	vessel	-3.4877357	▁vessel	['___', 'boat', '__', '____', 'water']	aff	aff
"Complete the sentence below with only one category word.\nSentence: ""A tugboat is a ___."" Completed sentence: A tugboat is a"	toy	-9.2838745	▁toy	['___', 'boat', '__', '____', 'water']	aff	neg
"Complete the sentence below with only one category word.\nSentence: ""A tugboat is not a ___."" Completed sentence: A tugboat is not a"	toy	-7.268345	▁toy	['___', '____', '__', '(', '$\\']	neg	neg
"Complete the sentence below with only one category word.\nSentence: ""A tugboat is not a ___."" Completed sentence: A tugboat is not a"	vessel	-4.944153	▁vessel	['___', '____', '__', '(', '$\\']	neg	aff
"Complete the sentence below with only one category word.\nSentence: ""A poet is a ___."" Completed sentence: A poet is a"	writer	-2.810154	▁writer	['person', '___', 'writer', '____', '________']	aff	aff
"Complete the sentence below with only one category word.\nSentence: ""A poet is a ___."" Completed sentence: A poet is a"	tool	-9.24575	▁tool	['person', '___', 'writer', '____', '________']	aff	neg
"Complete the sentence below with only one category word.\nSentence: ""A poet is not a ___."" Completed sentence: A poet is not a"	tool	-8.515392	▁tool	['___', '____', '________', '__', '______']	neg	neg
"Complete the sentence below with only one category word.\nSentence: ""A poet is not a ___."" Completed sentence: A poet is not a"	writer	-4.621477	▁writer	['___', '____', '________', '__', '______']	neg	aff
"Complete the sentence below with only one category word.\nSentence: ""An athlete is a ___."" Completed sentence: An athlete is a"	sportsman	-6.1954727	▁sportsman	['___', 'person', '____', '(', '__']	aff	aff
"Complete the sentence below with only one category word.\nSentence: ""An athlete is a ___."" Completed sentence: An athlete is a"	poet	-10.989422	▁poet	['___', 'person', '____', '(', '__']	aff	neg
"Complete the sentence below with only one category word.\nSentence: ""An athlete is not a ___."" Completed sentence: An athlete is not a"	poet	-8.620022	▁poet	['____', '___', '_______', '(', '________']	neg	neg
"Complete the sentence below with only one category word.\nSentence: ""An athlete is not a ___."" Completed sentence: An athlete is not a"	sportsman	-7.340662	▁sportsman	['____', '___', '_______', '(', '________']	neg	aff
"Complete the sentence below with only one category word.\nSentence: ""A musician is a ___."" Completed sentence: A musician is a"	professional	-4.716604	▁professional	['person', '___', 'performer', '(', 'musician']	aff	aff
"Complete the sentence below with only one category word.\nSentence: ""A musician is an ___."" Completed sentence: A musician is an"	athlete	-6.074974	▁athlete	['___', 'artist', '__', '____', 'instrument']	aff	neg
"Complete the sentence below with only one category word.\nSentence: ""A musician is not an ___."" Completed sentence: A musician is not an"	athlete	-4.413521	▁athlete	['___', 'artist', '____', '__', 'instrument']	neg	neg
"Complete the sentence below with only one category word.\nSentence: ""A musician is not a ___."" Completed sentence: A musician is not a"	professional	-3.8174648	▁professional	['___', '____', 'musician', '(', '__']	neg	aff
"Complete the sentence below with only one category word.\nSentence: ""A cook is a ___."" Completed sentence: A cook is a"	chef	-4.574848	▁chef	['___', 'person', '(', '____', 'worker']	aff	aff
"Complete the sentence below with only one category word.\nSentence: ""A cook is a ___."" Completed sentence: A cook is a"	waiter	-10.297529	▁waiter	['___', 'person', '(', '____', 'worker']	aff	neg
"Complete the sentence below with only one category word.\nSentence: ""A cook is not a ___."" Completed sentence: A cook is not a"	waiter	-7.800459	▁waiter	['___', '____', '(', '______', '_______']	neg	neg
"Complete the sentence below with only one category word.\nSentence: ""A cook is not a ___."" Completed sentence: A cook is not a"	chef	-3.610939	▁chef	['___', '____', '(', '______', '_______']	neg	aff
"Complete the sentence below with only one category word.\nSentence: ""A shirt is a ___."" Completed sentence: A shirt is a"	garment	-4.425005	▁garment	['___', '____', '__', 'clothing', 'noun']	aff	aff
"Complete the sentence below with only one category word.\nSentence: ""A shirt is a ___."" Completed sentence: A shirt is a"	house	-10.704858	▁house	['___', '____', '__', 'clothing', 'noun']	aff	neg
"Complete the sentence below with only one category word.\nSentence: ""A shirt is not a ___."" Completed sentence: A shirt is not a"	house	-9.837942	▁house	['___', '____', '__', '______', '________']	neg	neg
"Complete the sentence below with only one category word.\nSentence: ""A shirt is not a ___."" Completed sentence: A shirt is not a"	garment	-5.840067	▁garment	['___', '____', '__', '______', '________']	neg	aff
"Complete the sentence below with only one category word.\nSentence: ""A doorknob is a ___."" Completed sentence: A doorknob is a"	furnishing	-8.157467	▁furnishing	['___', 'noun', '____', '________', '(']	aff	aff
"Complete the sentence below with only one category word.\nSentence: ""A doorknob is a ___."" Completed sentence: A doorknob is a"	computer	-11.856047	▁computer	['___', 'noun', '____', '________', '(']	aff	neg
"Complete the sentence below with only one category word.\nSentence: ""A doorknob is not a ___."" Completed sentence: A doorknob is not a"	computer	-10.192831	▁computer	['___', '____', '(', '______', '$\\']	neg	neg
"Complete the sentence below with only one category word.\nSentence: ""A doorknob is not a ___."" Completed sentence: A doorknob is not a"	furnishing	-9.35232	▁furnishing	['___', '____', '(', '______', '$\\']	neg	aff
"Complete the sentence below with only one category word.\nSentence: ""A spoon is an ___."" Completed sentence: A spoon is an"	utensil	-3.3742466	▁utens	['___', 'object', '____', 'example', '__']	aff	aff
"Complete the sentence below with only one category word.\nSentence: ""A spoon is a ___."" Completed sentence: A spoon is a"	toy	-8.178333	▁toy	['tool', '___', 'utens', '____', 'kitchen']	aff	neg
"Complete the sentence below with only one category word.\nSentence: ""A spoon is not a ___."" Completed sentence: A spoon is not a"	toy	-6.5232525	▁toy	['___', '____', 'tool', '(', '$\\']	neg	neg
"Complete the sentence below with only one category word.\nSentence: ""A spoon is not an ___."" Completed sentence: A spoon is not an"	utensil	-5.342945	▁utens	['___', 'object', '____', '__', '$\\']	neg	aff
"Complete the sentence below with only one category word.\nSentence: ""A movie is a ___."" Completed sentence: A movie is a"	film	-4.1935024	▁film	['___', '____', '(', '________', '______']	aff	aff
"Complete the sentence below with only one category word.\nSentence: ""A movie is a ___."" Completed sentence: A movie is a"	place	-9.200346	▁place	['___', '____', '(', '________', '______']	aff	neg
"Complete the sentence below with only one category word.\nSentence: ""A movie is not a ___."" Completed sentence: A movie is not a"	place	-8.08639	▁place	['___', '____', '________', '______', '(']	neg	neg
"Complete the sentence below with only one category word.\nSentence: ""A movie is not a ___."" Completed sentence: A movie is not a"	film	-4.909689	▁film	['___', '____', '________', '______', '(']	neg	aff
"Complete the sentence below with only one category word.\nSentence: ""A mansion is a ___."" Completed sentence: A mansion is a"	building	-4.6396675	▁building	['___', '____', '(', '_____', '__']	aff	aff
"Complete the sentence below with only one category word.\nSentence: ""A mansion is an ___."" Completed sentence: A mansion is an"	apartment	-6.6110992	▁apartment	['___', '____', '__', '_____', '_______']	aff	neg
"Complete the sentence below with only one category word.\nSentence: ""A mansion is not an ___."" Completed sentence: A mansion is not an"	apartment	-5.421467	▁apartment	['___', '____', '__', '_______', '$\\']	neg	neg
"Complete the sentence below with only one category word.\nSentence: ""A mansion is not a ___."" Completed sentence: A mansion is not a"	building	-5.14752	▁building	['___', '____', '_______', '__', '(']	neg	aff
"Complete the sentence below with only one category word.\nSentence: ""A monument is a ___."" Completed sentence: A monument is a"	structure	-4.3858128	▁structure	['___', '____', '__', '________', '_____']	aff	aff
"Complete the sentence below with only one category word.\nSentence: ""A monument is a ___."" Completed sentence: A monument is a"	toy	-12.760946	▁toy	['___', '____', '__', '________', '_____']	aff	neg
"Complete the sentence below with only one category word.\nSentence: ""A monument is not a ___."" Completed sentence: A monument is not a"	toy	-9.708752	▁toy	['___', '____', '__', '________', '_______']	neg	neg
"Complete the sentence below with only one category word.\nSentence: ""A monument is not a ___."" Completed sentence: A monument is not a"	structure	-5.8050423	▁structure	['___', '____', '__', '________', '_______']	neg	aff
"Complete the sentence below with only one category word.\nSentence: ""A candle is a ___."" Completed sentence: A candle is a"	light	-4.467991	▁light	['___', 'noun', '____', '________', '__']	aff	aff
"Complete the sentence below with only one category word.\nSentence: ""A candle is a ___."" Completed sentence: A candle is a"	sound	-9.283989	▁sound	['___', 'noun', '____', '________', '__']	aff	neg
"Complete the sentence below with only one category word.\nSentence: ""A candle is not a ___."" Completed sentence: A candle is not a"	sound	-8.196585	▁sound	['___', '____', '(', '\\', '________']	neg	neg
"Complete the sentence below with only one category word.\nSentence: ""A candle is not a ___."" Completed sentence: A candle is not a"	light	-5.5454044	▁light	['___', '____', '(', '\\', '________']	neg	aff
"Complete the sentence below with only one category word.\nSentence: ""A poodle is a ___."" Completed sentence: A poodle is a"	dog	-1.3435917	▁dog	['dog', '___', 'breed', '____', 'type']	aff	aff
"Complete the sentence below with only one category word.\nSentence: ""A poodle is a ___."" Completed sentence: A poodle is a"	bird	-8.044212	▁bird	['dog', '___', 'breed', '____', 'type']	aff	neg
"Complete the sentence below with only one category word.\nSentence: ""A poodle is not a ___."" Completed sentence: A poodle is not a"	bird	-5.5974445	▁bird	['___', '____', 'dog', '__', '______']	neg	neg
"Complete the sentence below with only one category word.\nSentence: ""A poodle is not a ___."" Completed sentence: A poodle is not a"	dog	-2.055462	▁dog	['___', '____', 'dog', '__', '______']	neg	aff
"Complete the sentence below with only one category word.\nSentence: ""A baby is a ___."" Completed sentence: A baby is a"	human	-3.3479881	▁human	['___', '____', '(', '______', 'human']	aff	aff
"Complete the sentence below with only one category word.\nSentence: ""A baby is a ___."" Completed sentence: A baby is a"	cat	-9.888304	▁cat	['___', '____', '(', '______', 'human']	aff	neg
"Complete the sentence below with only one category word.\nSentence: ""A baby is not a ___."" Completed sentence: A baby is not a"	cat	-7.1696053	▁cat	['____', '___', '______', '_______', '(']	neg	neg
"Complete the sentence below with only one category word.\nSentence: ""A baby is not a ___."" Completed sentence: A baby is not a"	human	-6.081417	▁human	['____', '___', '______', '_______', '(']	neg	aff
"Complete the sentence below with only one category word.\nSentence: ""A snowflake is a ___."" Completed sentence: A snowflake is a"	flake	-7.08762	▁flake	['___', '____', '__', '________', '______']	aff	aff
"Complete the sentence below with only one category word.\nSentence: ""A snowflake is a ___."" Completed sentence: A snowflake is a"	cloud	-9.44739	▁cloud	['___', '____', '__', '________', '______']	aff	neg
"Complete the sentence below with only one category word.\nSentence: ""A snowflake is not a ___."" Completed sentence: A snowflake is not a"	cloud	-8.055941	▁cloud	['___', '____', '__', '________', '______']	neg	neg
"Complete the sentence below with only one category word.\nSentence: ""A snowflake is not a ___."" Completed sentence: A snowflake is not a"	flake	-9.119715	▁flake	['___', '____', '__', '________', '______']	neg	aff
"Complete the sentence below with only one category word.\nSentence: ""A violin is an ___."" Completed sentence: A violin is an"	instrument	-0.6289005	▁instrument	['instrument', '___', 'musical', '__', '_____']	aff	aff
"Complete the sentence below with only one category word.\nSentence: ""A violin is a ___."" Completed sentence: A violin is a"	toy	-10.421375	▁toy	['musical', '___', 'string', '(', '__']	aff	neg
"Complete the sentence below with only one category word.\nSentence: ""A violin is not a ___."" Completed sentence: A violin is not a"	toy	-7.7175274	▁toy	['___', 'musical', '(', '____', '\\']	neg	neg
"Complete the sentence below with only one category word.\nSentence: ""A violin is not an ___."" Completed sentence: A violin is not an"	instrument	-0.8577862	▁instrument	['instrument', '___', '__', '____', '_______']	neg	aff
"Complete the sentence below with only one category word.\nSentence: ""A spade is a ___."" Completed sentence: A spade is a"	tool	-0.9693146	▁tool	['tool', '___', '____', 'noun', '(']	aff	aff
"Complete the sentence below with only one category word.\nSentence: ""A spade is a ___."" Completed sentence: A spade is a"	food	-11.13968	▁food	['tool', '___', '____', 'noun', '(']	aff	neg
"Complete the sentence below with only one category word.\nSentence: ""A spade is not a ___."" Completed sentence: A spade is not a"	food	-8.169491	▁food	['___', 'tool', '____', '______', '(']	neg	neg
"Complete the sentence below with only one category word.\nSentence: ""A spade is not a ___."" Completed sentence: A spade is not a"	tool	-2.071104	▁tool	['___', 'tool', '____', '______', '(']	neg	aff
"Complete the sentence below with only one category word.\nSentence: ""An onion is a ___."" Completed sentence: An onion is a"	vegetable	-1.4477692	▁vegetable	['vegetable', '___', '____', 'fruit', '__']	aff	aff
"Complete the sentence below with only one category word.\nSentence: ""An onion is a ___."" Completed sentence: An onion is a"	fruit	-2.7924824	▁fruit	['vegetable', '___', '____', 'fruit', '__']	aff	neg
"Complete the sentence below with only one category word.\nSentence: ""An onion is not a ___."" Completed sentence: An onion is not a"	fruit	-1.97398	▁fruit	['vegetable', '___', 'fruit', '____', '__']	neg	neg
"Complete the sentence below with only one category word.\nSentence: ""An onion is not a ___."" Completed sentence: An onion is not a"	vegetable	-1.758646	▁vegetable	['vegetable', '___', 'fruit', '____', '__']	neg	aff
"Complete the sentence below with only one category word.\nSentence: ""A mailman is a ___."" Completed sentence: A mailman is a"	worker	-3.856556	▁worker	['___', 'person', 'noun', '____', '\\']	aff	aff
"Complete the sentence below with only one category word.\nSentence: ""A mailman is a ___."" Completed sentence: A mailman is a"	police	-9.8207	▁police	['___', 'person', 'noun', '____', '\\']	aff	neg
"Complete the sentence below with only one category word.\nSentence: ""A mailman is not a ___."" Completed sentence: A mailman is not a"	police	-6.5324917	▁police	['___', '____', '(', '__', '\\']	neg	neg
"Complete the sentence below with only one category word.\nSentence: ""A mailman is not a ___."" Completed sentence: A mailman is not a"	worker	-4.8465576	▁worker	['___', '____', '(', '__', '\\']	neg	aff
"Complete the sentence below with only one category word.\nSentence: ""A policeman is a ___."" Completed sentence: A policeman is a"	worker	-6.3071423	▁worker	['law', '___', '____', '______', '\\']	aff	aff
"Complete the sentence below with only one category word.\nSentence: ""A policeman is a ___."" Completed sentence: A policeman is a"	material	-13.324656	▁material	['law', '___', '____', '______', '\\']	aff	neg
"Complete the sentence below with only one category word.\nSentence: ""A policeman is not a ___."" Completed sentence: A policeman is not a"	material	-11.670338	▁material	['___', '____', '______', 'police', '_______']	neg	neg
"Complete the sentence below with only one category word.\nSentence: ""A policeman is not a ___."" Completed sentence: A policeman is not a"	worker	-7.136757	▁worker	['___', '____', '______', 'police', '_______']	neg	aff
"Complete the sentence below with only one category word.\nSentence: ""A sand is a ___."" Completed sentence: A sand is a"	material	-5.717701	▁material	['mineral', '___', 'noun', 'solid', 'rock']	aff	aff
"Complete the sentence below with only one category word.\nSentence: ""A sand is a ___."" Completed sentence: A sand is a"	house	-10.493769	▁house	['mineral', '___', 'noun', 'solid', 'rock']	aff	neg
"Complete the sentence below with only one category word.\nSentence: ""A sand is not a ___."" Completed sentence: A sand is not a"	house	-10.358095	▁house	['___', '____', '__', 'mineral', 'solid']	neg	neg
"Complete the sentence below with only one category word.\nSentence: ""A sand is not a ___."" Completed sentence: A sand is not a"	material	-5.5846195	▁material	['___', '____', '__', 'mineral', 'solid']	neg	aff
"Complete the sentence below with only one category word.\nSentence: ""A grapefruit is a ___."" Completed sentence: A grapefruit is a"	fruit	-0.938324	▁fruit	['fruit', '___', '____', '(', '__']	aff	aff
"Complete the sentence below with only one category word.\nSentence: ""A grapefruit is a ___."" Completed sentence: A grapefruit is a"	color	-9.421827	▁color	['fruit', '___', '____', '(', '__']	aff	neg
"Complete the sentence below with only one category word.\nSentence: ""A grapefruit is not a ___."" Completed sentence: A grapefruit is not a"	color	-8.482037	▁color	['fruit', '___', '____', '(', '______']	neg	neg
"Complete the sentence below with only one category word.\nSentence: ""A grapefruit is not a ___."" Completed sentence: A grapefruit is not a"	fruit	-1.1026535	▁fruit	['fruit', '___', '____', '(', '______']	neg	aff
"Complete the sentence below with only one category word.\nSentence: ""A couch is a ___."" Completed sentence: A couch is a"	furniture	-2.6011295	▁furniture	['___', 'piece', 'furniture', '____', '__']	aff	aff
"Complete the sentence below with only one category word.\nSentence: ""A couch is a ___."" Completed sentence: A couch is a"	building	-9.544802	▁building	['___', 'piece', 'furniture', '____', '__']	aff	neg
"Complete the sentence below with only one category word.\nSentence: ""A couch is not a ___."" Completed sentence: A couch is not a"	building	-9.034376	▁building	['___', '____', '__', 'furniture', '\\']	neg	neg
"Complete the sentence below with only one category word.\nSentence: ""A couch is not a ___."" Completed sentence: A couch is not a"	furniture	-3.1580963	▁furniture	['___', '____', '__', 'furniture', '\\']	neg	aff
"Complete the sentence below with only one category word.\nSentence: ""A lawyer is a ___."" Completed sentence: A lawyer is a"	professional	-2.111372	▁professional	['professional', 'profession', '____', 'person', '___']	aff	aff
"Complete the sentence below with only one category word.\nSentence: ""A lawyer is a ___."" Completed sentence: A lawyer is a"	judge	-6.746706	▁judge	['professional', 'profession', '____', 'person', '___']	aff	neg
"Complete the sentence below with only one category word.\nSentence: ""A lawyer is not a ___."" Completed sentence: A lawyer is not a"	judge	-4.3870716	▁judge	['____', '___', '_______', '______', '________']	neg	neg
"Complete the sentence below with only one category word.\nSentence: ""A lawyer is not a ___."" Completed sentence: A lawyer is not a"	professional	-3.4216633	▁professional	['____', '___', '_______', '______', '________']	neg	aff
"Complete the sentence below with only one category word.\nSentence: ""A brinjal is a ___."" Completed sentence: A brinjal is a"	vegetable	-1.1870384	▁vegetable	['vegetable', 'fruit', '___', '____', '__']	aff	aff
"Complete the sentence below with only one category word.\nSentence: ""A brinjal is a ___."" Completed sentence: A brinjal is a"	fruit	-1.6928463	▁fruit	['vegetable', 'fruit', '___', '____', '__']	aff	neg
"Complete the sentence below with only one category word.\nSentence: ""A brinjal is not a ___."" Completed sentence: A brinjal is not a"	fruit	-1.7052002	▁fruit	['vegetable', 'fruit', '___', '____', '__']	neg	neg
"Complete the sentence below with only one category word.\nSentence: ""A brinjal is not a ___."" Completed sentence: A brinjal is not a"	vegetable	-1.6499386	▁vegetable	['vegetable', 'fruit', '___', '____', '__']	neg	aff
"Complete the sentence below with only one category word.\nSentence: ""A moon is a ___."" Completed sentence: A moon is a"	satellite	-2.917551	▁satellite	['natural', '___', 'celestial', '____', 'satellite']	aff	aff
"Complete the sentence below with only one category word.\nSentence: ""A moon is a ___."" Completed sentence: A moon is a"	star	-6.4104996	▁star	['natural', '___', 'celestial', '____', 'satellite']	aff	neg
"Complete the sentence below with only one category word.\nSentence: ""A moon is not a ___."" Completed sentence: A moon is not a"	star	-4.20487	▁star	['___', 'planet', '____', '\\', '(']	neg	neg
"Complete the sentence below with only one category word.\nSentence: ""A moon is not a ___."" Completed sentence: A moon is not a"	satellite	-4.535124	▁satellite	['___', 'planet', '____', '\\', '(']	neg	aff
"Complete the sentence below with only one category word.\nSentence: ""A dresser is a ___."" Completed sentence: A dresser is a"	furniture	-2.5511856	▁furniture	['___', 'piece', 'furniture', '____', '__']	aff	aff
"Complete the sentence below with only one category word.\nSentence: ""A dresser is a ___."" Completed sentence: A dresser is a"	house	-9.681011	▁house	['___', 'piece', 'furniture', '____', '__']	aff	neg
"Complete the sentence below with only one category word.\nSentence: ""A dresser is not a ___."" Completed sentence: A dresser is not a"	house	-8.877718	▁house	['___', '____', '__', 'furniture', '______']	neg	neg
"Complete the sentence below with only one category word.\nSentence: ""A dresser is not a ___."" Completed sentence: A dresser is not a"	furniture	-2.8977146	▁furniture	['___', '____', '__', 'furniture', '______']	neg	aff
"Complete the sentence below with only one category word.\nSentence: ""A canoe is a ___."" Completed sentence: A canoe is a"	boat	-2.025404	▁boat	['___', 'boat', 'water', 'type', '____']	aff	aff
"Complete the sentence below with only one category word.\nSentence: ""A canoe is a ___."" Completed sentence: A canoe is a"	yacht	-11.420213	▁yacht	['___', 'boat', 'water', 'type', '____']	aff	neg
"Complete the sentence below with only one category word.\nSentence: ""A canoe is not a ___."" Completed sentence: A canoe is not a"	yacht	-7.6351013	▁yacht	['___', '____', 'boat', '(', 'vehicle']	neg	neg
"Complete the sentence below with only one category word.\nSentence: ""A canoe is not a ___."" Completed sentence: A canoe is not a"	boat	-2.5907097	▁boat	['___', '____', 'boat', '(', 'vehicle']	neg	aff
"Complete the sentence below with only one category word.\nSentence: ""A park is a ___."" Completed sentence: A park is a"	facility	-7.9684505	▁facility	['___', '(', 'natural', '__', 'public']	aff	aff
"Complete the sentence below with only one category word.\nSentence: ""A park is a ___."" Completed sentence: A park is a"	paperwork	-16.232393	▁paperwork	['___', '(', 'natural', '__', 'public']	aff	neg
"Complete the sentence below with only one category word.\nSentence: ""A park is not a ___."" Completed sentence: A park is not a"	paperwork	-14.62938	▁paperwork	['___', '____', '(', '__', '$\\']	neg	neg
"Complete the sentence below with only one category word.\nSentence: ""A park is not a ___."" Completed sentence: A park is not a"	facility	-7.588768	▁facility	['___', '____', '(', '__', '$\\']	neg	aff
"Complete the sentence below with only one category word.\nSentence: ""A farm is a ___."" Completed sentence: A farm is a"	land	-4.9689026	▁land	['___', '____', '(', '__', '_____']	aff	aff
"Complete the sentence below with only one category word.\nSentence: ""A farm is a ___."" Completed sentence: A farm is a"	color	-14.01356	▁color	['___', '____', '(', '__', '_____']	aff	neg
"Complete the sentence below with only one category word.\nSentence: ""A farm is not a ___."" Completed sentence: A farm is not a"	color	-10.748358	▁color	['___', '____', '_______', '__', '(']	neg	neg
"Complete the sentence below with only one category word.\nSentence: ""A farm is not a ___."" Completed sentence: A farm is not a"	land	-7.1489925	▁land	['___', '____', '_______', '__', '(']	neg	aff
"Complete the sentence below with only one category word.\nSentence: ""A disc is an ___."" Completed sentence: A disc is an"	electronics	-9.352337	▁electronics	['___', '__', '____', 'object', '________']	aff	aff
"Complete the sentence below with only one category word.\nSentence: ""A disc is a ___."" Completed sentence: A disc is a"	material	-8.946718	▁material	['___', '____', '________', 'circle', '__']	aff	neg
"Complete the sentence below with only one category word.\nSentence: ""A disc is not a ___."" Completed sentence: A disc is not a"	material	-7.979536	▁material	['___', '____', '$\\', '\\', '__']	neg	neg
"Complete the sentence below with only one category word.\nSentence: ""A disc is not an ___."" Completed sentence: A disc is not an"	electronics	-9.078289	▁electronics	['___', '____', '__', 'object', '$\\']	neg	aff
"Complete the sentence below with only one category word.\nSentence: ""A window is a ___."" Completed sentence: A window is a"	structure	-7.058487	▁structure	['___', '____', '__', '(', '$\\']	aff	aff
"Complete the sentence below with only one category word.\nSentence: ""A window is a ___."" Completed sentence: A window is a"	place	-7.073513	▁place	['___', '____', '__', '(', '$\\']	aff	neg
"Complete the sentence below with only one category word.\nSentence: ""A window is not a ___."" Completed sentence: A window is not a"	place	-5.919386	▁place	['___', '____', '$\\', '______', '____________']	neg	neg
"Complete the sentence below with only one category word.\nSentence: ""A window is not a ___."" Completed sentence: A window is not a"	structure	-7.9880276	▁structure	['___', '____', '$\\', '______', '____________']	neg	aff
"Complete the sentence below with only one category word.\nSentence: ""A pumpkin is a ___."" Completed sentence: A pumpkin is a"	vegetable	-1.660574	▁vegetable	['fruit', 'vegetable', '___', '__', '____']	aff	aff
"Complete the sentence below with only one category word.\nSentence: ""A pumpkin is a ___."" Completed sentence: A pumpkin is a"	fruit	-1.2278557	▁fruit	['fruit', 'vegetable', '___', '__', '____']	aff	neg
"Complete the sentence below with only one category word.\nSentence: ""A pumpkin is not a ___."" Completed sentence: A pumpkin is not a"	fruit	-1.5286789	▁fruit	['fruit', 'vegetable', '___', '____', '__']	neg	neg
"Complete the sentence below with only one category word.\nSentence: ""A pumpkin is not a ___."" Completed sentence: A pumpkin is not a"	vegetable	-1.9987526	▁vegetable	['fruit', 'vegetable', '___', '____', '__']	neg	aff
"Complete the sentence below with only one category word.\nSentence: ""A bowl is an ___."" Completed sentence: A bowl is an"	utensil	-5.122383	▁utens	['___', 'object', '____', '__', 'example']	aff	aff
"Complete the sentence below with only one category word.\nSentence: ""A bowl is a ___."" Completed sentence: A bowl is a"	toy	-9.60503	▁toy	['container', '___', '____', '$\\', '(']	aff	neg
"Complete the sentence below with only one category word.\nSentence: ""A bowl is not a ___."" Completed sentence: A bowl is not a"	toy	-7.375923	▁toy	['___', '____', '(', '$\\', '\\']	neg	neg
"Complete the sentence below with only one category word.\nSentence: ""A bowl is not an ___."" Completed sentence: A bowl is not an"	utensil	-6.619484	▁utens	['___', '____', 'object', '__', '$\\']	neg	aff
"Complete the sentence below with only one category word.\nSentence: ""A fox is a ___."" Completed sentence: A fox is a"	mammal	-1.5595055	▁mammal	['mammal', '___', '____', '__', '(']	aff	aff
"Complete the sentence below with only one category word.\nSentence: ""A fox is a ___."" Completed sentence: A fox is a"	fish	-9.284611	▁fish	['mammal', '___', '____', '__', '(']	aff	neg
"Complete the sentence below with only one category word.\nSentence: ""A fox is not a ___."" Completed sentence: A fox is not a"	fish	-6.347061	▁fish	['___', '____', 'mammal', '__', '______']	neg	neg
"Complete the sentence below with only one category word.\nSentence: ""A fox is not a ___."" Completed sentence: A fox is not a"	mammal	-2.2443542	▁mammal	['___', '____', 'mammal', '__', '______']	neg	aff
"Complete the sentence below with only one category word.\nSentence: ""A spider is an ___."" Completed sentence: A spider is an"	arthropod	-2.3400536	▁ar	['animal', 'invertebrate', 'insect', 'ar', '___']	aff	aff
"Complete the sentence below with only one category word.\nSentence: ""A spider is a ___."" Completed sentence: A spider is a"	plant	-7.632971	▁plant	['___', '(', '__', '____', 'invertebrate']	aff	neg
"Complete the sentence below with only one category word.\nSentence: ""A spider is not a ___."" Completed sentence: A spider is not a"	plant	-5.684822	▁plant	['___', '____', '(', '__', '$\\']	neg	neg
"Complete the sentence below with only one category word.\nSentence: ""A spider is not an ___."" Completed sentence: A spider is not an"	arthropod	-3.4403648	▁ar	['animal', '___', 'insect', 'invertebrate', '__']	neg	aff
"Complete the sentence below with only one category word.\nSentence: ""A mountain is a ___."" Completed sentence: A mountain is a"	place	-6.2538586	▁place	['natural', '___', 'land', '____', '(']	aff	aff
"Complete the sentence below with only one category word.\nSentence: ""A mountain is a ___."" Completed sentence: A mountain is a"	thing	-8.923002	▁thing	['natural', '___', 'land', '____', '(']	aff	neg
"Complete the sentence below with only one category word.\nSentence: ""A mountain is not a ___."" Completed sentence: A mountain is not a"	thing	-7.554117	▁thing	['___', '____', '_______', '(', '______']	neg	neg
"Complete the sentence below with only one category word.\nSentence: ""A mountain is not a ___."" Completed sentence: A mountain is not a"	place	-5.333359	▁place	['___', '____', '_______', '(', '______']	neg	aff
"Complete the sentence below with only one category word.\nSentence: ""A magazine is a ___."" Completed sentence: A magazine is a"	publication	-3.7224674	▁publication	['___', '____', '________', '______', '__']	aff	aff
"Complete the sentence below with only one category word.\nSentence: ""A magazine is a ___."" Completed sentence: A magazine is a"	drink	-14.743766	▁drink	['___', '____', '________', '______', '__']	aff	neg
"Complete the sentence below with only one category word.\nSentence: ""A magazine is not a ___."" Completed sentence: A magazine is not a"	drink	-12.796935	▁drink	['___', '____', '(', 'magazine', '______']	neg	neg
"Complete the sentence below with only one category word.\nSentence: ""A magazine is not a ___."" Completed sentence: A magazine is not a"	publication	-5.2247906	▁publication	['___', '____', '(', 'magazine', '______']	neg	aff
"Complete the sentence below with only one category word.\nSentence: ""A desk is a ___."" Completed sentence: A desk is a"	furnishing	-6.988577	▁furnishing	['___', '____', 'piece', 'furniture', '__']	aff	aff
"Complete the sentence below with only one category word.\nSentence: ""A desk is a ___."" Completed sentence: A desk is a"	noun	-5.0515976	▁noun	['___', '____', 'piece', 'furniture', '__']	aff	neg
"Complete the sentence below with only one category word.\nSentence: ""A desk is not a ___."" Completed sentence: A desk is not a"	noun	-5.0445004	▁noun	['___', '____', '$\\', '______', '__']	neg	neg
"Complete the sentence below with only one category word.\nSentence: ""A desk is not a ___."" Completed sentence: A desk is not a"	furnishing	-8.031584	▁furnishing	['___', '____', '$\\', '______', '__']	neg	aff
"Complete the sentence below with only one category word.\nSentence: ""A lamp is a ___."" Completed sentence: A lamp is a"	decoration	-8.754997	▁decoration	['___', 'noun', '____', '(', '__']	aff	aff
"Complete the sentence below with only one category word.\nSentence: ""A lamp is a ___."" Completed sentence: A lamp is a"	toy	-8.700747	▁toy	['___', 'noun', '____', '(', '__']	aff	neg
"Complete the sentence below with only one category word.\nSentence: ""A lamp is not a ___."" Completed sentence: A lamp is not a"	toy	-6.5678387	▁toy	['___', '____', '(', '$\\', '\\']	neg	neg
"Complete the sentence below with only one category word.\nSentence: ""A lamp is not a ___."" Completed sentence: A lamp is not a"	decoration	-8.701351	▁decoration	['___', '____', '(', '$\\', '\\']	neg	aff
"Complete the sentence below with only one category word.\nSentence: ""A pen is a ___."" Completed sentence: A pen is a"	stationary	-6.3717003	▁stationary	['___', 'writing', 'noun', 'tool', '(']	aff	aff
"Complete the sentence below with only one category word.\nSentence: ""A pen is a ___."" Completed sentence: A pen is a"	food	-10.628882	▁food	['___', 'writing', 'noun', 'tool', '(']	aff	neg
"Complete the sentence below with only one category word.\nSentence: ""A pen is not a ___."" Completed sentence: A pen is not a"	food	-7.4397354	▁food	['___', '____', '(', 'noun', 'tool']	neg	neg
"Complete the sentence below with only one category word.\nSentence: ""A pen is not a ___."" Completed sentence: A pen is not a"	stationary	-7.754011	▁stationary	['___', '____', '(', 'noun', 'tool']	neg	aff
"Complete the sentence below with only one category word.\nSentence: ""An eraser is a ___."" Completed sentence: An eraser is a"	stationary	-6.9696083	▁stationary	['___', '____', '__', '(', '______']	aff	aff
"Complete the sentence below with only one category word.\nSentence: ""An eraser is a ___."" Completed sentence: An eraser is a"	food	-11.093864	▁food	['___', '____', '__', '(', '______']	aff	neg
"Complete the sentence below with only one category word.\nSentence: ""An eraser is not a ___."" Completed sentence: An eraser is not a"	food	-8.657038	▁food	['___', '____', '(', '__', '________']	neg	neg
"Complete the sentence below with only one category word.\nSentence: ""An eraser is not a ___."" Completed sentence: An eraser is not a"	stationary	-6.950903	▁stationary	['___', '____', '(', '__', '________']	neg	aff
"Complete the sentence below with only one category word.\nSentence: ""A library is a ___."" Completed sentence: A library is a"	building	-4.5185776	▁building	['___', 'place', '(', '____', 'public']	aff	aff
"Complete the sentence below with only one category word.\nSentence: ""A library is a ___."" Completed sentence: A library is a"	drink	-13.634836	▁drink	['___', 'place', '(', '____', 'public']	aff	neg
"Complete the sentence below with only one category word.\nSentence: ""A library is not a ___."" Completed sentence: A library is not a"	drink	-10.217674	▁drink	['___', '____', '_______', '________', '']	neg	neg
"Complete the sentence below with only one category word.\nSentence: ""A library is not a ___."" Completed sentence: A library is not a"	building	-5.7914963	▁building	['___', '____', '_______', '________', '']	neg	aff
"Complete the sentence below with only one category word.\nSentence: ""A website is a ___."" Completed sentence: A website is a"	webpage	-5.1946983	▁Web	['___', '____', '(', '_____', '________']	aff	aff
"Complete the sentence below with only one category word.\nSentence: ""A website is a ___."" Completed sentence: A website is a"	computer	-6.2420635	▁computer	['___', '____', '(', '_____', '________']	aff	neg
"Complete the sentence below with only one category word.\nSentence: ""A website is not a ___."" Completed sentence: A website is not a"	computer	-6.650387	▁computer	['___', '____', '(', '______', '________']	neg	neg
"Complete the sentence below with only one category word.\nSentence: ""A website is not a ___."" Completed sentence: A website is not a"	webpage	-6.636585	▁Web	['___', '____', '(', '______', '________']	neg	aff
"Complete the sentence below with only one category word.\nSentence: ""A king is a ___."" Completed sentence: A king is a"	ruler	-4.2285366	▁ruler	['___', '____', '_______', 'person', '______']	aff	aff
"Complete the sentence below with only one category word.\nSentence: ""A king is a ___."" Completed sentence: A king is a"	servant	-8.952131	▁servant	['___', '____', '_______', 'person', '______']	aff	neg
"Complete the sentence below with only one category word.\nSentence: ""A king is not a ___."" Completed sentence: A king is not a"	servant	-7.6712112	▁servant	['____', '___', '_______', 'king', '______']	neg	neg
"Complete the sentence below with only one category word.\nSentence: ""A king is not a ___."" Completed sentence: A king is not a"	ruler	-4.74922	▁ruler	['____', '___', '_______', 'king', '______']	neg	aff
"Complete the sentence below with only one category word.\nSentence: ""A snowman is a ___."" Completed sentence: A snowman is a"	sculpture	-5.1098404	▁sculpture	['___', '____', '__', '________', '_____']	aff	aff
"Complete the sentence below with only one category word.\nSentence: ""A snowman is a ___."" Completed sentence: A snowman is a"	building	-7.794403	▁building	['___', '____', '__', '________', '_____']	aff	neg
"Complete the sentence below with only one category word.\nSentence: ""A snowman is not a ___."" Completed sentence: A snowman is not a"	building	-9.20886	▁building	['___', '____', '__', '_______', '______']	neg	neg
"Complete the sentence below with only one category word.\nSentence: ""A snowman is not a ___."" Completed sentence: A snowman is not a"	sculpture	-8.170105	▁sculpture	['___', '____', '__', '_______', '______']	neg	aff
"Complete the sentence below with only one category word.\nSentence: ""A vacuum is a ___."" Completed sentence: A vacuum is a"	machine	-8.804291	▁machine	['___', '____', 'vacuum', '________', '______']	aff	aff
"Complete the sentence below with only one category word.\nSentence: ""A vacuum is a ___."" Completed sentence: A vacuum is a"	pet	-14.773985	▁pet	['___', '____', 'vacuum', '________', '______']	aff	neg
"Complete the sentence below with only one category word.\nSentence: ""A vacuum is not a ___."" Completed sentence: A vacuum is not a"	pet	-12.9229145	▁pet	['___', '____', '________', '______', '(']	neg	neg
"Complete the sentence below with only one category word.\nSentence: ""A vacuum is not a ___."" Completed sentence: A vacuum is not a"	machine	-7.4199753	▁machine	['___', '____', '________', '______', '(']	neg	aff
"Complete the sentence below with only one category word.\nSentence: ""A robot is a ___."" Completed sentence: A robot is a"	machine	-2.6447678	▁machine	['___', '____', 'machine', '__', '________']	aff	aff
"Complete the sentence below with only one category word.\nSentence: ""A robot is a ___."" Completed sentence: A robot is a"	pet	-9.287552	▁pet	['___', '____', 'machine', '__', '________']	aff	neg
"Complete the sentence below with only one category word.\nSentence: ""A robot is not a ___."" Completed sentence: A robot is not a"	pet	-6.625635	▁pet	['___', '____', '__', '(', '________']	neg	neg
"Complete the sentence below with only one category word.\nSentence: ""A robot is not a ___."" Completed sentence: A robot is not a"	machine	-4.626686	▁machine	['___', '____', '__', '(', '________']	neg	aff
"Complete the sentence below with only one category word.\nSentence: ""A seagull is a ___."" Completed sentence: A seagull is a"	bird	-1.3761406	▁bird	['bird', '___', '____', '(', '__']	aff	aff
"Complete the sentence below with only one category word.\nSentence: ""A seagull is a ___."" Completed sentence: A seagull is a"	mammal	-5.24164	▁mammal	['bird', '___', '____', '(', '__']	aff	neg
"Complete the sentence below with only one category word.\nSentence: ""A seagull is not a ___."" Completed sentence: A seagull is not a"	mammal	-4.0620995	▁mammal	['___', 'bird', '____', '__', '______']	neg	neg
"Complete the sentence below with only one category word.\nSentence: ""A seagull is not a ___."" Completed sentence: A seagull is not a"	bird	-1.9748955	▁bird	['___', 'bird', '____', '__', '______']	neg	aff
"Complete the sentence below with only one category word.\nSentence: ""A dress is a ___."" Completed sentence: A dress is a"	garment	-4.5309143	▁garment	['___', '____', '__', '(', '________']	aff	aff
"Complete the sentence below with only one category word.\nSentence: ""A dress is a ___."" Completed sentence: A dress is a"	device	-10.8475	▁device	['___', '____', '__', '(', '________']	aff	neg
"Complete the sentence below with only one category word.\nSentence: ""A dress is not a ___."" Completed sentence: A dress is not a"	device	-10.366339	▁device	['___', '____', '_______', '________', '__']	neg	neg
"Complete the sentence below with only one category word.\nSentence: ""A dress is not a ___."" Completed sentence: A dress is not a"	garment	-6.149393	▁garment	['___', '____', '_______', '________', '__']	neg	aff
"Complete the sentence below with only one category word.\nSentence: ""A swamp is a ___."" Completed sentence: A swamp is a"	habitat	-5.193262	▁habitat	['___', 'wetland', 'natural', '____', '__']	aff	aff
"Complete the sentence below with only one category word.\nSentence: ""A swamp is a ___."" Completed sentence: A swamp is a"	tree	-10.85866	▁tree	['___', 'wetland', 'natural', '____', '__']	aff	neg
"Complete the sentence below with only one category word.\nSentence: ""A swamp is not a ___."" Completed sentence: A swamp is not a"	tree	-7.702963	▁tree	['___', '____', '$\\', '__', '_______']	neg	neg
"Complete the sentence below with only one category word.\nSentence: ""A swamp is not a ___."" Completed sentence: A swamp is not a"	habitat	-4.272732	▁habitat	['___', '____', '$\\', '__', '_______']	neg	aff
"Complete the sentence below with only one category word.\nSentence: ""A continent is a ___."" Completed sentence: A continent is a"	landmass	-2.5548573	▁land	['___', 'land', '____', '__', 'large']	aff	aff
"Complete the sentence below with only one category word.\nSentence: ""A continent is a ___."" Completed sentence: A continent is a"	liquid	-13.832118	▁liquid	['___', 'land', '____', '__', 'large']	aff	neg
"Complete the sentence below with only one category word.\nSentence: ""A continent is not a ___."" Completed sentence: A continent is not a"	liquid	-11.090973	▁liquid	['___', '____', '__', '_______', 'continent']	neg	neg
"Complete the sentence below with only one category word.\nSentence: ""A continent is not a ___."" Completed sentence: A continent is not a"	landmass	-4.0785027	▁land	['___', '____', '__', '_______', 'continent']	neg	aff
"Complete the sentence below with only one category word.\nSentence: ""An icecream is a ___."" Completed sentence: An icecream is a"	dessert	-2.9035168	▁dessert	['___', 'food', '____', 'noun', 'dessert']	aff	aff
"Complete the sentence below with only one category word.\nSentence: ""An icecream is a ___."" Completed sentence: An icecream is a"	plant	-10.485774	▁plant	['___', 'food', '____', 'noun', 'dessert']	aff	neg
"Complete the sentence below with only one category word.\nSentence: ""An ice cream is not a ___."" Completed sentence: An ice cream is not a"	plant	-8.653049	▁plant	['___', '____', 'food', '__', 'dessert']	neg	neg
"Complete the sentence below with only one category word.\nSentence: ""An ice cream is not a ___."" Completed sentence: An ice cream is not a"	dessert	-3.2919655	▁dessert	['___', '____', 'food', '__', 'dessert']	neg	aff
"Complete the sentence below with only one category word.\nSentence: ""A cake is a ___."" Completed sentence: A cake is a"	dish	-6.5222073	▁dish	['___', '____', 'food', 'dessert', '(']	aff	aff
"Complete the sentence below with only one category word.\nSentence: ""A cake is a ___."" Completed sentence: A cake is a"	tree	-12.324153	▁tree	['___', '____', 'food', 'dessert', '(']	aff	neg
"Complete the sentence below with only one category word.\nSentence: ""A cake is not a ___."" Completed sentence: A cake is not a"	tree	-9.072037	▁tree	['___', '____', '(', '__', '$\\']	neg	neg
"Complete the sentence below with only one category word.\nSentence: ""A cake is not a ___."" Completed sentence: A cake is not a"	dish	-6.8454304	▁dish	['___', '____', '(', '__', '$\\']	neg	aff
"Complete the sentence below with only one category word.\nSentence: ""A cookie is a ___."" Completed sentence: A cookie is a"	dessert	-3.809452	▁dessert	['___', '____', 'noun', 'food', 'snack']	aff	aff
"Complete the sentence below with only one category word.\nSentence: ""A cookie is a ___."" Completed sentence: A cookie is a"	toy	-11.0467415	▁toy	['___', '____', 'noun', 'food', 'snack']	aff	neg
"Complete the sentence below with only one category word.\nSentence: ""A cookie is not a ___."" Completed sentence: A cookie is not a"	toy	-8.1043415	▁toy	['___', '____', 'noun', '(', '__']	neg	neg
"Complete the sentence below with only one category word.\nSentence: ""A cookie is not a ___."" Completed sentence: A cookie is not a"	dessert	-4.5921955	▁dessert	['___', '____', 'noun', '(', '__']	neg	aff
"Complete the sentence below with only one category word.\nSentence: ""A bird is an ___."" Completed sentence: A bird is an"	organism	-4.124855	▁organism	['animal', '___', '__', '____', '_______']	aff	aff
"Complete the sentence below with only one category word.\nSentence: ""A bird is a ___."" Completed sentence: A bird is a"	toy	-10.149427	▁toy	['___', '____', 'bird', '(', 'noun']	aff	neg
"Complete the sentence below with only one category word.\nSentence: ""A bird is not a ___."" Completed sentence: A bird is not a"	toy	-8.074503	▁toy	['___', '____', 'bird', '$\\', '(']	neg	neg
"Complete the sentence below with only one category word.\nSentence: ""A bird is not an ___."" Completed sentence: A bird is not an"	organism	-4.2035446	▁organism	['animal', '___', '____', '__', '_______']	neg	aff
"Complete the sentence below with only one category word.\nSentence: ""A mammal is a ___."" Completed sentence: A mammal is a"	vertebrate	-1.3275356	▁vertebrate	['vertebrate', '(', '___', '_______', '__']	aff	aff
"Complete the sentence below with only one category word.\nSentence: ""A mammal is a ___."" Completed sentence: A mammal is a"	place	-12.36094	▁place	['vertebrate', '(', '___', '_______', '__']	aff	neg
"Complete the sentence below with only one category word.\nSentence: ""A mammal is not a ___."" Completed sentence: A mammal is not a"	place	-9.828354	▁place	['___', '____', '(', 'vertebrate', '__']	neg	neg
"Complete the sentence below with only one category word.\nSentence: ""A mammal is not a ___."" Completed sentence: A mammal is not a"	vertebrate	-2.8283596	▁vertebrate	['___', '____', '(', 'vertebrate', '__']	neg	aff
"Complete the sentence below with only one category word.\nSentence: ""A relative is a ___."" Completed sentence: A relative is a"	family	-2.716488	▁family	['___', 'family', '____', '(', 'person']	aff	aff
"Complete the sentence below with only one category word.\nSentence: ""A relative is a ___."" Completed sentence: A relative is a"	furniture	-14.125729	▁furniture	['___', 'family', '____', '(', 'person']	aff	neg
"Complete the sentence below with only one category word.\nSentence: ""A relative is not a ___."" Completed sentence: A relative is not a"	furniture	-11.250611	▁furniture	['___', '____', '(', '$\\', '__']	neg	neg
"Complete the sentence below with only one category word.\nSentence: ""A relative is not a ___."" Completed sentence: A relative is not a"	family	-3.6476765	▁family	['___', '____', '(', '$\\', '__']	neg	aff
"Complete the sentence below with only one category word.\nSentence: ""A vehicle is a ___."" Completed sentence: A vehicle is a"	transportation	-3.9893875	▁transportation	['___', '____', '__', 'noun', 'vehicle']	aff	aff
"Complete the sentence below with only one category word.\nSentence: ""A vehicle is a ___."" Completed sentence: A vehicle is a"	bird	-10.073105	▁bird	['___', '____', '__', 'noun', 'vehicle']	aff	neg
"Complete the sentence below with only one category word.\nSentence: ""A vehicle is not a ___."" Completed sentence: A vehicle is not a"	bird	-7.5009995	▁bird	['___', '____', '__', 'vehicle', '$\\']	neg	neg
"Complete the sentence below with only one category word.\nSentence: ""A vehicle is not a ___."" Completed sentence: A vehicle is not a"	transportation	-5.551306	▁transportation	['___', '____', '__', 'vehicle', '$\\']	neg	aff
"Complete the sentence below with only one category word.\nSentence: ""A vegetable is a ___."" Completed sentence: A vegetable is a"	snack	-7.5978146	▁snack	['___', 'fruit', '____', '__', 'plant']	aff	aff
"Complete the sentence below with only one category word.\nSentence: ""A vegetable is an ___."" Completed sentence: A vegetable is an"	insect	-11.917741	▁insect	['___', '__', '____', '___', '$\\']	aff	neg
"Complete the sentence below with only one category word.\nSentence: ""A vegetable is not an ___."" Completed sentence: A vegetable is not an"	insect	-9.687944	▁insect	['___', '____', '__', '_______', '______']	neg	neg
"Complete the sentence below with only one category word.\nSentence: ""A vegetable is not a ___."" Completed sentence: A vegetable is not a"	snack	-7.293007	▁snack	['fruit', '___', '____', '__', '(']	neg	aff
"Complete the sentence below with only one category word.\nSentence: ""A shoe is an ___."" Completed sentence: A shoe is an"	apparel	-5.6729946	▁apparel	['___', 'article', 'object', '__', '____']	aff	aff
"Complete the sentence below with only one category word.\nSentence: ""A shoe is a ___."" Completed sentence: A shoe is a"	bottle	-11.215558	▁bottle	['___', 'noun', '____', '$\\', '__']	aff	neg
"Complete the sentence below with only one category word.\nSentence: ""A shoe is not a ___."" Completed sentence: A shoe is not a"	bottle	-10.051956	▁bottle	['___', '____', '$\\', '(', '______']	neg	neg
"Complete the sentence below with only one category word.\nSentence: ""A shoe is not an ___."" Completed sentence: A shoe is not an"	apparel	-6.8533096	▁apparel	['___', '____', 'article', 'object', '__']	neg	aff
"Complete the sentence below with only one category word.\nSentence: ""A sock is an ___."" Completed sentence: A sock is an"	apparel	-4.9667606	▁apparel	['___', 'article', '__', 'object', '____']	aff	aff
"Complete the sentence below with only one category word.\nSentence: ""A sock is a ___."" Completed sentence: A sock is a"	shoe	-6.7644196	▁shoe	['___', '____', 'clothing', '__', '$\\']	aff	neg
"Complete the sentence below with only one category word.\nSentence: ""A sock is not a ___."" Completed sentence: A sock is not a"	shoe	-5.565819	▁shoe	['___', '____', '__', '$\\', '(']	neg	neg
"Complete the sentence below with only one category word.\nSentence: ""A sock is not an ___."" Completed sentence: A sock is not an"	apparel	-6.206253	▁apparel	['___', 'article', '____', '__', 'object']	neg	aff
"Complete the sentence below with only one category word.\nSentence: ""A sheep is a ___."" Completed sentence: A sheep is a"	mammal	-2.0723152	▁mammal	['mammal', '___', 'noun', '____', '__']	aff	aff
"Complete the sentence below with only one category word.\nSentence: ""A sheep is a ___."" Completed sentence: A sheep is a"	plant	-6.745714	▁plant	['mammal', '___', 'noun', '____', '__']	aff	neg
"Complete the sentence below with only one category word.\nSentence: ""A sheep is not a ___."" Completed sentence: A sheep is not a"	plant	-5.8389416	▁plant	['___', '____', 'mammal', '__', '______']	neg	neg
"Complete the sentence below with only one category word.\nSentence: ""A sheep is not a ___."" Completed sentence: A sheep is not a"	mammal	-2.2057762	▁mammal	['___', '____', 'mammal', '__', '______']	neg	aff
"Complete the sentence below with only one category word.\nSentence: ""A python is a ___."" Completed sentence: A python is a"	reptile	-1.6702099	▁reptile	['snake', 'reptile', '___', '(', 'type']	aff	aff
"Complete the sentence below with only one category word.\nSentence: ""A python is a ___."" Completed sentence: A python is a"	place	-10.924846	▁place	['snake', 'reptile', '___', '(', 'type']	aff	neg
"Complete the sentence below with only one category word.\nSentence: ""A python is not a ___."" Completed sentence: A python is not a"	place	-9.292284	▁place	['___', 'reptile', '____', 'snake', '(']	neg	neg
"Complete the sentence below with only one category word.\nSentence: ""A python is not a ___."" Completed sentence: A python is not a"	reptile	-2.1228275	▁reptile	['___', 'reptile', '____', 'snake', '(']	neg	aff
"Complete the sentence below with only one category word.\nSentence: ""A river is an ___."" Completed sentence: A river is an"	ecosystem	-4.9993362	▁ecosystem	['___', '__', '____', '_______', '$\\']	aff	aff
"Complete the sentence below with only one category word.\nSentence: ""A river is a ___."" Completed sentence: A river is a"	landmass	-4.9749985	▁land	['___', 'natural', 'body', '____', '(']	aff	neg
"Complete the sentence below with only one category word.\nSentence: ""A river is not a ___."" Completed sentence: A river is not a"	landmass	-5.186878	▁land	['___', '____', '$\\', '_______', '________']	neg	neg
"Complete the sentence below with only one category word.\nSentence: ""A river is not an ___."" Completed sentence: A river is not an"	ecosystem	-4.6140423	▁ecosystem	['___', '____', 'animal', '__', '_______']	neg	aff
"Complete the sentence below with only one category word.\nSentence: ""An ocean is an ___."" Completed sentence: An ocean is an"	ecosystem	-4.3968544	▁ecosystem	['___', '__', '____', '_______', '$\\']	aff	aff
"Complete the sentence below with only one category word.\nSentence: ""An ocean is a ___."" Completed sentence: An ocean is a"	desert	-10.429775	▁desert	['body', '___', '____', '(', '________']	aff	neg
"Complete the sentence below with only one category word.\nSentence: ""An ocean is not a ___."" Completed sentence: An ocean is not a"	desert	-6.7398777	▁desert	['___', '____', '_______', '________', '$\\']	neg	neg
"Complete the sentence below with only one category word.\nSentence: ""An ocean is not an ___."" Completed sentence: An ocean is not an"	ecosystem	-4.411461	▁ecosystem	['___', '____', '__', '_______', '$\\']	neg	aff
"Complete the sentence below with only one category word.\nSentence: ""A poet is an ___."" Completed sentence: A poet is an"	artist	-1.2104111	▁artist	['artist', '___', '____', '__', '_____']	aff	aff
"Complete the sentence below with only one category word.\nSentence: ""A poet is a ___."" Completed sentence: A poet is a"	food	-10.350841	▁food	['person', '___', 'writer', '____', '________']	aff	neg
"Complete the sentence below with only one category word.\nSentence: ""A poet is not a ___."" Completed sentence: A poet is not a"	food	-8.1093445	▁food	['___', '____', '________', '__', '______']	neg	neg
"Complete the sentence below with only one category word.\nSentence: ""A poet is not an ___."" Completed sentence: A poet is not an"	artist	-2.3940983	▁artist	['___', '____', 'artist', '__', '_______']	neg	aff
"Complete the sentence below with only one category word.\nSentence: ""A painter is an ___."" Completed sentence: A painter is an"	artist	-1.0036182	▁artist	['artist', '___', '__', '____', '_____']	aff	aff
"Complete the sentence below with only one category word.\nSentence: ""A painter is a ___."" Completed sentence: A painter is a"	furniture	-9.3800335	▁furniture	['___', 'visual', 'person', '(', '____']	aff	neg
"Complete the sentence below with only one category word.\nSentence: ""A painter is not a ___."" Completed sentence: A painter is not a"	furniture	-7.113331	▁furniture	['____', '___', '________', '______', '_______']	neg	neg
"Complete the sentence below with only one category word.\nSentence: ""A painter is not an ___."" Completed sentence: A painter is not an"	artist	-1.3249569	▁artist	['artist', '___', '____', '__', '_______']	neg	aff
"Complete the sentence below with only one category word.\nSentence: ""A musician is an ___."" Completed sentence: A musician is an"	artist	-1.735775	▁artist	['___', 'artist', '__', '____', 'instrument']	aff	aff
"Complete the sentence below with only one category word.\nSentence: ""A musician is a ___."" Completed sentence: A musician is a"	toy	-12.106762	▁toy	['person', '___', 'performer', '(', 'musician']	aff	neg
"Complete the sentence below with only one category word.\nSentence: ""A musician is not a ___."" Completed sentence: A musician is not a"	toy	-9.98613	▁toy	['___', '____', 'musician', '(', '__']	neg	neg
"Complete the sentence below with only one category word.\nSentence: ""A musician is not an ___."" Completed sentence: A musician is not an"	artist	-2.3709373	▁artist	['___', 'artist', '____', '__', 'instrument']	neg	aff
"Complete the sentence below with only one category word.\nSentence: ""A stapler is a ___."" Completed sentence: A stapler is a"	stationary	-5.980421	▁stationary	['___', 'tool', '(', '____', '__']	aff	aff
"Complete the sentence below with only one category word.\nSentence: ""A stapler is a ___."" Completed sentence: A stapler is a"	pet	-12.547986	▁pet	['___', 'tool', '(', '____', '__']	aff	neg
"Complete the sentence below with only one category word.\nSentence: ""A stapler is not a ___."" Completed sentence: A stapler is not a"	pet	-10.214546	▁pet	['___', '____', '(', 'tool', '__']	neg	neg
"Complete the sentence below with only one category word.\nSentence: ""A stapler is not a ___."" Completed sentence: A stapler is not a"	stationary	-7.4093456	▁stationary	['___', '____', '(', 'tool', '__']	neg	aff
"Complete the sentence below with only one category word.\nSentence: ""A remote is a ___."" Completed sentence: A remote is a"	device	-3.4008274	▁device	['___', '____', '(', 'device', '__']	aff	aff
"Complete the sentence below with only one category word.\nSentence: ""A remote is a ___."" Completed sentence: A remote is a"	pet	-14.18565	▁pet	['___', '____', '(', 'device', '__']	aff	neg
"Complete the sentence below with only one category word.\nSentence: ""A remote is not a ___."" Completed sentence: A remote is not a"	pet	-10.694681	▁pet	['___', '____', '(', '__', '________']	neg	neg
"Complete the sentence below with only one category word.\nSentence: ""A remote is not a ___."" Completed sentence: A remote is not a"	device	-4.128937	▁device	['___', '____', '(', '__', '________']	neg	aff
"Complete the sentence below with only one category word.\nSentence: ""A watch is an ___."" Completed sentence: A watch is an"	accessory	-3.5558987	▁accessory	['___', '__', '____', 'object', 'accessory']	aff	aff
"Complete the sentence below with only one category word.\nSentence: ""A watch is a ___."" Completed sentence: A watch is a"	clothing	-7.5490513	▁clothing	['___', '(', '____', '__', 'time']	aff	neg
"Complete the sentence below with only one category word.\nSentence: ""A watch is not a ___."" Completed sentence: A watch is not a"	clothing	-6.9358807	▁clothing	['___', '____', '(', '__', '$\\']	neg	neg
"Complete the sentence below with only one category word.\nSentence: ""A watch is not an ___."" Completed sentence: A watch is not an"	accessory	-4.1441917	▁accessory	['___', '____', '__', 'object', '_______']	neg	aff
"Complete the sentence below with only one category word.\nSentence: ""A mineral is a ___."" Completed sentence: A mineral is a"	substance	-4.7836742	▁substance	['naturally', 'natural', '___', '____', 'non']	aff	aff
"Complete the sentence below with only one category word.\nSentence: ""A mineral is a ___."" Completed sentence: A mineral is a"	creature	-13.941661	▁creature	['naturally', 'natural', '___', '____', 'non']	aff	neg
"Complete the sentence below with only one category word.\nSentence: ""A mineral is not a ___."" Completed sentence: A mineral is not a"	creature	-11.604574	▁creature	['____', '___', '________', '__', '\\']	neg	neg
"Complete the sentence below with only one category word.\nSentence: ""A mineral is not a ___."" Completed sentence: A mineral is not a"	substance	-4.977785	▁substance	['____', '___', '________', '__', '\\']	neg	aff
"Complete the sentence below with only one category word.\nSentence: ""A backpack is a ___."" Completed sentence: A backpack is a"	bag	-4.4849586	▁bag	['___', '____', '__', '(', 'container']	aff	aff
"Complete the sentence below with only one category word.\nSentence: ""A backpack is a ___."" Completed sentence: A backpack is a"	shoe	-10.758709	▁shoe	['___', '____', '__', '(', 'container']	aff	neg
"Complete the sentence below with only one category word.\nSentence: ""A backpack is not a ___."" Completed sentence: A backpack is not a"	shoe	-8.638142	▁shoe	['___', '____', '(', '__', '______']	neg	neg
"Complete the sentence below with only one category word.\nSentence: ""A backpack is not a ___."" Completed sentence: A backpack is not a"	bag	-5.573551	▁bag	['___', '____', '(', '__', '______']	neg	aff
"Complete the sentence below with only one category word.\nSentence: ""A well is a ___."" Completed sentence: A well is a"	structure	-3.861927	▁structure	['___', '____', 'natural', '$\\', '__']	aff	aff
"Complete the sentence below with only one category word.\nSentence: ""A well is a ___."" Completed sentence: A well is a"	place	-4.392866	▁place	['___', '____', 'natural', '$\\', '__']	aff	neg
"Complete the sentence below with only one category word.\nSentence: ""A well is not a ___."" Completed sentence: A well is not a"	place	-4.4446716	▁place	['___', '____', '$\\', '__', '________']	neg	neg
"Complete the sentence below with only one category word.\nSentence: ""A well is not a ___."" Completed sentence: A well is not a"	structure	-5.5382366	▁structure	['___', '____', '$\\', '__', '________']	neg	aff
"Complete the sentence below with only one category word.\nSentence: ""A saw is an ___."" Completed sentence: A saw is an"	instrument	-4.008909	▁instrument	['___', 'tool', '__', '____', '___']	aff	aff
"Complete the sentence below with only one category word.\nSentence: ""A saw is a ___."" Completed sentence: A saw is a"	place	-12.242194	▁place	['tool', '___', '____', 'hand', '(']	aff	neg
"Complete the sentence below with only one category word.\nSentence: ""A saw is not a ___."" Completed sentence: A saw is not a"	place	-10.021593	▁place	['___', 'tool', '____', '(', '\\']	neg	neg
"Complete the sentence below with only one category word.\nSentence: ""A saw is not an ___."" Completed sentence: A saw is not an"	instrument	-3.771099	▁instrument	['___', '____', '__', '______', 'object']	neg	aff
"Complete the sentence below with only one category word.\nSentence: ""A dove is a ___."" Completed sentence: A dove is a"	bird	-1.0952702	▁bird	['bird', '___', 'type', 'kind', '____']	aff	aff
"Complete the sentence below with only one category word.\nSentence: ""A dove is a ___."" Completed sentence: A dove is a"	reptile	-8.9582	▁reptile	['bird', '___', 'type', 'kind', '____']	aff	neg
"Complete the sentence below with only one category word.\nSentence: ""A dove is not a ___."" Completed sentence: A dove is not a"	reptile	-6.5640926	▁reptile	['bird', '___', '____', '$\\', '\\']	neg	neg
"Complete the sentence below with only one category word.\nSentence: ""A dove is not a ___."" Completed sentence: A dove is not a"	bird	-1.564476	▁bird	['bird', '___', '____', '$\\', '\\']	neg	aff
"Complete the sentence below with only one category word.\nSentence: ""A snail is a ___."" Completed sentence: A snail is a"	mollusk	-2.6171265	▁moll	['___', 'moll', 'snail', '__', '(']	aff	aff
"Complete the sentence below with only one category word.\nSentence: ""A snail is a ___."" Completed sentence: A snail is a"	reptile	-5.2189674	▁reptile	['___', 'moll', 'snail', '__', '(']	aff	neg
"Complete the sentence below with only one category word.\nSentence: ""A snail is not a ___."" Completed sentence: A snail is not a"	reptile	-4.782358	▁reptile	['___', '____', '__', '(', '$\\']	neg	neg
"Complete the sentence below with only one category word.\nSentence: ""A snail is not a ___."" Completed sentence: A snail is not a"	mollusk	-4.7772865	▁moll	['___', '____', '__', '(', '$\\']	neg	aff
"Complete the sentence below with only one category word.\nSentence: ""A jellyfish is an ___."" Completed sentence: A jellyfish is an"	animal	-1.3113956	▁animal	['animal', 'invertebrate', '__', '___', 'organism']	aff	aff
"Complete the sentence below with only one category word.\nSentence: ""A jellyfish is a ___."" Completed sentence: A jellyfish is a"	plant	-5.5401154	▁plant	['__', '___', '____', '(', 'invertebrate']	aff	neg
"Complete the sentence below with only one category word.\nSentence: ""A jellyfish is not a ___."" Completed sentence: A jellyfish is not a"	plant	-4.6108475	▁plant	['___', '____', '__', '(', '_______']	neg	neg
"Complete the sentence below with only one category word.\nSentence: ""A jellyfish is not an ___."" Completed sentence: A jellyfish is not an"	animal	-1.2594109	▁animal	['animal', '___', '__', 'invertebrate', '____']	neg	aff
"Complete the sentence below with only one category word.\nSentence: ""A pipe is a ___."" Completed sentence: A pipe is a"	tool	-3.7019463	▁tool	['noun', '___', '____', '_______', '\\']	aff	aff
"Complete the sentence below with only one category word.\nSentence: ""A pipe is a ___."" Completed sentence: A pipe is a"	drink	-10.325636	▁drink	['noun', '___', '____', '_______', '\\']	aff	neg
"Complete the sentence below with only one category word.\nSentence: ""A pipe is not a ___."" Completed sentence: A pipe is not a"	drink	-8.88386	▁drink	['___', '____', 'noun', '(', '$\\']	neg	neg
"Complete the sentence below with only one category word.\nSentence: ""A pipe is not a ___."" Completed sentence: A pipe is not a"	tool	-4.0395927	▁tool	['___', '____', 'noun', '(', '$\\']	neg	aff
"Complete the sentence below with only one category word.\nSentence: ""A hammer is an ___."" Completed sentence: A hammer is an"	instrument	-3.7153416	▁instrument	['___', 'tool', 'object', '__', '____']	aff	aff
"Complete the sentence below with only one category word.\nSentence: ""A hammer is a ___."" Completed sentence: A hammer is a"	dessert	-14.2202635	▁dessert	['tool', '___', '(', '____', 'noun']	aff	neg
"Complete the sentence below with only one category word.\nSentence: ""A hammer is not a ___."" Completed sentence: A hammer is not a"	dessert	-10.571697	▁dessert	['tool', '___', '____', '(', '\\']	neg	neg
"Complete the sentence below with only one category word.\nSentence: ""A hammer is not an ___."" Completed sentence: A hammer is not an"	instrument	-3.4881687	▁instrument	['___', 'object', '____', '__', '______']	neg	aff
"Complete the sentence below with only one category word.\nSentence: ""A cake is a ___."" Completed sentence: A cake is a"	food	-2.6528893	▁food	['___', '____', 'food', 'dessert', '(']	aff	aff
"Complete the sentence below with only one category word.\nSentence: ""A cake is a ___."" Completed sentence: A cake is a"	stew	-15.118471	▁stew	['___', '____', 'food', 'dessert', '(']	aff	neg
"Complete the sentence below with only one category word.\nSentence: ""A cake is not a ___."" Completed sentence: A cake is not a"	stew	-12.94355	▁stew	['___', '____', '(', '__', '$\\']	neg	neg
"Complete the sentence below with only one category word.\nSentence: ""A cake is not a ___."" Completed sentence: A cake is not a"	food	-3.8737583	▁food	['___', '____', '(', '__', '$\\']	neg	aff
"Complete the sentence below with only one category word.\nSentence: ""A pie is a ___."" Completed sentence: A pie is a"	food	-2.2872486	▁food	['dessert', 'food', '___', '____', '$\\']	aff	aff
"Complete the sentence below with only one category word.\nSentence: ""A pie is a ___."" Completed sentence: A pie is a"	drink	-8.523939	▁drink	['dessert', 'food', '___', '____', '$\\']	aff	neg
"Complete the sentence below with only one category word.\nSentence: ""A pie is not a ___."" Completed sentence: A pie is not a"	drink	-7.19899	▁drink	['___', '____', 'dessert', '$\\', '______']	neg	neg
"Complete the sentence below with only one category word.\nSentence: ""A pie is not a ___."" Completed sentence: A pie is not a"	food	-3.4837818	▁food	['___', '____', 'dessert', '$\\', '______']	neg	aff
"Complete the sentence below with only one category word.\nSentence: ""A sandwich is a ___."" Completed sentence: A sandwich is a"	snack	-4.113674	▁snack	['___', 'noun', 'food', '__', '____']	aff	aff
"Complete the sentence below with only one category word.\nSentence: ""A sandwich is a ___."" Completed sentence: A sandwich is a"	drink	-8.806723	▁drink	['___', 'noun', 'food', '__', '____']	aff	neg
"Complete the sentence below with only one category word.\nSentence: ""A sandwich is not a ___."" Completed sentence: A sandwich is not a"	drink	-6.570362	▁drink	['___', '____', '(', '__', '$\\']	neg	neg
"Complete the sentence below with only one category word.\nSentence: ""A sandwich is not a ___."" Completed sentence: A sandwich is not a"	snack	-5.1796875	▁snack	['___', '____', '(', '__', '$\\']	neg	aff
"Complete the sentence below with only one category word.\nSentence: ""A burger is a ___."" Completed sentence: A burger is a"	food	-2.016739	▁food	['___', 'food', '____', '(', '__']	aff	aff
"Complete the sentence below with only one category word.\nSentence: ""A burger is a ___."" Completed sentence: A burger is a"	drink	-8.58782	▁drink	['___', 'food', '____', '(', '__']	aff	neg
"Complete the sentence below with only one category word.\nSentence: ""A burger is not a ___."" Completed sentence: A burger is not a"	drink	-6.661455	▁drink	['___', '____', '(', '__', 'food']	neg	neg
"Complete the sentence below with only one category word.\nSentence: ""A burger is not a ___."" Completed sentence: A burger is not a"	food	-3.0128098	▁food	['___', '____', '(', '__', 'food']	neg	aff
"Complete the sentence below with only one category word.\nSentence: ""A jade is a ___."" Completed sentence: A jade is a"	gem	-3.8855877	▁gem	['mineral', '___', '____', 'gemstone', 'natural']	aff	aff
"Complete the sentence below with only one category word.\nSentence: ""A jade is a ___."" Completed sentence: A jade is a"	place	-11.340632	▁place	['mineral', '___', '____', 'gemstone', 'natural']	aff	neg
"Complete the sentence below with only one category word.\nSentence: ""A jade is not a ___."" Completed sentence: A jade is not a"	place	-9.952091	▁place	['___', '____', 'mineral', 'gemstone', '__']	neg	neg
"Complete the sentence below with only one category word.\nSentence: ""A jade is not a ___."" Completed sentence: A jade is not a"	gem	-3.5881157	▁gem	['___', '____', 'mineral', 'gemstone', '__']	neg	aff
"Complete the sentence below with only one category word.\nSentence: ""A cat is an ___."" Completed sentence: A cat is an"	organism	-6.032713	▁organism	['animal', '___', '____', '__', '_______']	aff	aff
"Complete the sentence below with only one category word.\nSentence: ""A cat is a ___."" Completed sentence: A cat is a"	mammal	-2.0480614	▁mammal	['___', 'mammal', '____', '__', 'pet']	aff	neg
"Complete the sentence below with only one category word.\nSentence: ""A cat is not a ___."" Completed sentence: A cat is not a"	mammal	-2.839819	▁mammal	['___', '____', 'mammal', '__', '(']	neg	neg
"Complete the sentence below with only one category word.\nSentence: ""A cat is not an ___."" Completed sentence: A cat is not an"	organism	-5.3691273	▁organism	['animal', '___', '____', '__', '_______']	neg	aff
"Complete the sentence below with only one category word.\nSentence: ""An airplane is a ___."" Completed sentence: An airplane is a"	transport	-6.424471	▁transport	['vehicle', '___', 'noun', '____', '__']	aff	aff
"Complete the sentence below with only one category word.\nSentence: ""An airplane is a ___."" Completed sentence: An airplane is a"	boat	-9.567417	▁boat	['vehicle', '___', 'noun', '____', '__']	aff	neg
"Complete the sentence below with only one category word.\nSentence: ""An airplane is not a ___."" Completed sentence: An airplane is not a"	boat	-6.8848534	▁boat	['___', '____', 'vehicle', '_______', '\\']	neg	neg
"Complete the sentence below with only one category word.\nSentence: ""An airplane is not a ___."" Completed sentence: An airplane is not a"	transport	-7.7075825	▁transport	['___', '____', 'vehicle', '_______', '\\']	neg	aff
"Complete the sentence below with only one category word.\nSentence: ""A laptop is a ___."" Completed sentence: A laptop is a"	computer	-3.3731098	▁computer	['___', 'portable', '____', '(', '__']	aff	aff
"Complete the sentence below with only one category word.\nSentence: ""A laptop is a ___."" Completed sentence: A laptop is a"	phone	-8.400156	▁phone	['___', 'portable', '____', '(', '__']	aff	neg
"Complete the sentence below with only one category word.\nSentence: ""A laptop is not a ___."" Completed sentence: A laptop is not a"	phone	-6.385599	▁phone	['___', '____', '(', 'computer', '__']	neg	neg
"Complete the sentence below with only one category word.\nSentence: ""A laptop is not a ___."" Completed sentence: A laptop is not a"	computer	-3.0442047	▁computer	['___', '____', '(', 'computer', '__']	neg	aff
"Complete the sentence below with only one category word.\nSentence: ""A hill is a ___."" Completed sentence: A hill is a"	landform	-2.3052788	▁land	['___', 'natural', 'land', '____', '__']	aff	aff
"Complete the sentence below with only one category word.\nSentence: ""A hill is a ___."" Completed sentence: A hill is a"	flower	-12.262726	▁flower	['___', 'natural', 'land', '____', '__']	aff	neg
"Complete the sentence below with only one category word.\nSentence: ""A hill is not a ___."" Completed sentence: A hill is not a"	flower	-8.201027	▁flower	['___', '____', '$\\', '______', '__']	neg	neg
"Complete the sentence below with only one category word.\nSentence: ""A hill is not a ___."" Completed sentence: A hill is not a"	landform	-4.424547	▁land	['___', '____', '$\\', '______', '__']	neg	aff
"Complete the sentence below with only one category word.\nSentence: ""A castle is a ___."" Completed sentence: A castle is a"	building	-3.4649563	▁building	['___', '__', '________', '____', '_______']	aff	aff
"Complete the sentence below with only one category word.\nSentence: ""A castle is a ___."" Completed sentence: A castle is a"	fish	-13.3787775	▁fish	['___', '__', '________', '____', '_______']	aff	neg
"Complete the sentence below with only one category word.\nSentence: ""A castle is not a ___."" Completed sentence: A castle is not a"	fish	-9.691294	▁fish	['___', '____', '_______', '__', '$\\']	neg	neg
"Complete the sentence below with only one category word.\nSentence: ""A castle is not a ___."" Completed sentence: A castle is not a"	building	-3.8459644	▁building	['___', '____', '_______', '__', '$\\']	neg	aff
"Complete the sentence below with only one category word.\nSentence: ""A paper is a ___."" Completed sentence: A paper is a"	material	-8.797897	▁material	['___', '____', '__', '(', '______']	aff	aff
"Complete the sentence below with only one category word.\nSentence: ""A paper is a ___."" Completed sentence: A paper is a"	toy	-11.406709	▁toy	['___', '____', '__', '(', '______']	aff	neg
"Complete the sentence below with only one category word.\nSentence: ""A paper is not a ___."" Completed sentence: A paper is not a"	toy	-10.381468	▁toy	['___', '____', '__', '(', '$\\']	neg	neg
"Complete the sentence below with only one category word.\nSentence: ""A paper is not a ___."" Completed sentence: A paper is not a"	material	-9.837069	▁material	['___', '____', '__', '(', '$\\']	neg	aff
"Complete the sentence below with only one category word.\nSentence: ""A tombstone is a ___."" Completed sentence: A tombstone is a"	monument	-3.5342522	▁monument	['___', '____', '__', '________', '_____']	aff	aff
"Complete the sentence below with only one category word.\nSentence: ""A tombstone is a ___."" Completed sentence: A tombstone is a"	plaque	-9.55349	▁plaque	['___', '____', '__', '________', '_____']	aff	neg
"Complete the sentence below with only one category word.\nSentence: ""A tombstone is not a ___."" Completed sentence: A tombstone is not a"	plaque	-10.0876255	▁plaque	['___', '____', '__', '$\\', '_______']	neg	neg
"Complete the sentence below with only one category word.\nSentence: ""A tombstone is not a ___."" Completed sentence: A tombstone is not a"	monument	-4.1004524	▁monument	['___', '____', '__', '$\\', '_______']	neg	aff
"Complete the sentence below with only one category word.\nSentence: ""A popsicle is a ___."" Completed sentence: A popsicle is a"	dessert	-3.8358898	▁dessert	['___', '____', 'treat', 'food', '__']	aff	aff
"Complete the sentence below with only one category word.\nSentence: ""A popsicle is a ___."" Completed sentence: A popsicle is a"	salad	-12.275375	▁salad	['___', '____', 'treat', 'food', '__']	aff	neg
"Complete the sentence below with only one category word.\nSentence: ""A popsicle is not a ___."" Completed sentence: A popsicle is not a"	salad	-9.713503	▁salad	['___', '____', '(', '__', 'food']	neg	neg
"Complete the sentence below with only one category word.\nSentence: ""A popsicle is not a ___."" Completed sentence: A popsicle is not a"	dessert	-4.358244	▁dessert	['___', '____', '(', '__', 'food']	neg	aff
"Complete the sentence below with only one category word.\nSentence: ""A monkey is a ___."" Completed sentence: A monkey is a"	primate	-2.902851	▁primate	['mammal', '___', '__', 'primate', '____']	aff	aff
"Complete the sentence below with only one category word.\nSentence: ""A monkey is a ___."" Completed sentence: A monkey is a"	bird	-7.6900883	▁bird	['mammal', '___', '__', 'primate', '____']	aff	neg
"Complete the sentence below with only one category word.\nSentence: ""A monkey is not a ___."" Completed sentence: A monkey is not a"	bird	-5.4984875	▁bird	['___', 'mammal', '____', '__', '(']	neg	neg
"Complete the sentence below with only one category word.\nSentence: ""A monkey is not a ___."" Completed sentence: A monkey is not a"	primate	-3.8707237	▁primate	['___', 'mammal', '____', '__', '(']	neg	aff
"Complete the sentence below with only one category word.\nSentence: ""A bouquet is a ___."" Completed sentence: A bouquet is a"	gift	-5.315901	▁gift	['___', 'flower', '____', 'floral', 'collection']	aff	aff
"Complete the sentence below with only one category word.\nSentence: ""A bouquet is a ___."" Completed sentence: A bouquet is a"	plant	-5.566122	▁plant	['___', 'flower', '____', 'floral', 'collection']	aff	neg
"Complete the sentence below with only one category word.\nSentence: ""A bouquet is not a ___."" Completed sentence: A bouquet is not a"	plant	-4.471634	▁plant	['___', '____', 'flower', '______', '(']	neg	neg
"Complete the sentence below with only one category word.\nSentence: ""A bouquet is not a ___."" Completed sentence: A bouquet is not a"	gift	-6.4192753	▁gift	['___', '____', 'flower', '______', '(']	neg	aff
"Complete the sentence below with only one category word.\nSentence: ""A doorknob is a ___."" Completed sentence: A doorknob is a"	hardware	-4.542076	▁hardware	['___', 'noun', '____', '________', '(']	aff	aff
"Complete the sentence below with only one category word.\nSentence: ""A doorknob is a ___."" Completed sentence: A doorknob is a"	software	-13.529747	▁software	['___', 'noun', '____', '________', '(']	aff	neg
"Complete the sentence below with only one category word.\nSentence: ""A doorknob is not a ___."" Completed sentence: A doorknob is not a"	software	-13.242085	▁software	['___', '____', '(', '______', '$\\']	neg	neg
"Complete the sentence below with only one category word.\nSentence: ""A doorknob is not a ___."" Completed sentence: A doorknob is not a"	hardware	-7.955221	▁hardware	['___', '____', '(', '______', '$\\']	neg	aff
"Complete the sentence below with only one category word.\nSentence: ""A month is a ___."" Completed sentence: A month is a"	timeframe	-6.3661633	▁Time	['___', 'time', 'period', '__', '____']	aff	aff
"Complete the sentence below with only one category word.\nSentence: ""A month is a ___."" Completed sentence: A month is a"	weight	-12.777629	▁weight	['___', 'time', 'period', '__', '____']	aff	neg
"Complete the sentence below with only one category word.\nSentence: ""A month is not a ___."" Completed sentence: A month is not a"	weight	-11.805623	▁weight	['___', '____', '__', '(', '______']	neg	neg
"Complete the sentence below with only one category word.\nSentence: ""A month is not a ___."" Completed sentence: A month is not a"	timeframe	-8.206657	▁Time	['___', '____', '__', '(', '______']	neg	aff
"Complete the sentence below with only one category word.\nSentence: ""A day is a ___."" Completed sentence: A day is a"	timeframe	-6.6332607	▁Time	['___', 'time', '(', 'unit', '__']	aff	aff
"Complete the sentence below with only one category word.\nSentence: ""A day is a ___."" Completed sentence: A day is a"	weight	-11.820461	▁weight	['___', 'time', '(', 'unit', '__']	aff	neg
"Complete the sentence below with only one category word.\nSentence: ""A day is not a ___."" Completed sentence: A day is not a"	weight	-10.644336	▁weight	['___', '____', 'day', '__', '(']	neg	neg
"Complete the sentence below with only one category word.\nSentence: ""A day is not a ___."" Completed sentence: A day is not a"	timeframe	-9.590668	▁Time	['___', '____', 'day', '__', '(']	neg	aff
"Complete the sentence below with only one category word.\nSentence: ""An year is a ___."" Completed sentence: An year is a"	timeframe	-5.8814507	▁Time	['___', 'time', '__', 'period', '____']	aff	aff
"Complete the sentence below with only one category word.\nSentence: ""An year is a ___."" Completed sentence: An year is a"	weight	-13.349086	▁weight	['___', 'time', '__', 'period', '____']	aff	neg
"Complete the sentence below with only one category word.\nSentence: ""An year is not a ___."" Completed sentence: An year is not a"	weight	-12.398382	▁weight	['___', '____', '__', '\\', '________']	neg	neg
"Complete the sentence below with only one category word.\nSentence: ""An year is not a ___."" Completed sentence: An year is not a"	timeframe	-8.1719265	▁Time	['___', '____', '__', '\\', '________']	neg	aff
"Complete the sentence below with only one category word.\nSentence: ""A soprano is a ___."" Completed sentence: A soprano is a"	singer	-1.9723701	▁singer	['type', 'singer', 'female', 'kind', '___']	aff	aff
"Complete the sentence below with only one category word.\nSentence: ""A soprano is a ___."" Completed sentence: A soprano is a"	piano	-11.90635	▁piano	['type', 'singer', 'female', 'kind', '___']	aff	neg
"Complete the sentence below with only one category word.\nSentence: ""A soprano is not a ___."" Completed sentence: A soprano is not a"	piano	-7.5322742	▁piano	['___', 'singer', '__', '____', '(']	neg	neg
"Complete the sentence below with only one category word.\nSentence: ""A soprano is not a ___."" Completed sentence: A soprano is not a"	singer	-2.4120731	▁singer	['___', 'singer', '__', '____', '(']	neg	aff
"Complete the sentence below with only one category word.\nSentence: ""A soldier is a ___."" Completed sentence: A soldier is a"	person	-2.6062603	▁person	['person', '___', '____', 'member', 'soldier']	aff	aff
"Complete the sentence below with only one category word.\nSentence: ""A soldier is a ___."" Completed sentence: A soldier is a"	gun	-10.55864	▁gun	['person', '___', '____', 'member', 'soldier']	aff	neg
"Complete the sentence below with only one category word.\nSentence: ""A soldier is not a ___."" Completed sentence: A soldier is not a"	gun	-8.854681	▁gun	['____', '___', '______', 'soldier', '_______']	neg	neg
"Complete the sentence below with only one category word.\nSentence: ""A soldier is not a ___."" Completed sentence: A soldier is not a"	person	-4.4260197	▁person	['____', '___', '______', 'soldier', '_______']	neg	aff
"Complete the sentence below with only one category word.\nSentence: ""A necktie is a ___."" Completed sentence: A necktie is a"	clothing	-3.3958664	▁clothing	['___', '____', 'noun', '$\\', 'clothing']	aff	aff
"Complete the sentence below with only one category word.\nSentence: ""A necktie is a ___."" Completed sentence: A necktie is a"	tree	-13.062565	▁tree	['___', '____', 'noun', '$\\', 'clothing']	aff	neg
"Complete the sentence below with only one category word.\nSentence: ""A necktie is not a ___."" Completed sentence: A necktie is not a"	tree	-10.439682	▁tree	['___', '____', '(', '__', '_______']	neg	neg
"Complete the sentence below with only one category word.\nSentence: ""A necktie is not a ___."" Completed sentence: A necktie is not a"	clothing	-4.7381744	▁clothing	['___', '____', '(', '__', '_______']	neg	aff
"Complete the sentence below with only one category word.\nSentence: ""A puppy is a ___."" Completed sentence: A puppy is a"	mammal	-4.169857	▁mammal	['____', '___', 'baby', '__', 'young']	aff	aff
"Complete the sentence below with only one category word.\nSentence: ""A puppy is a ___."" Completed sentence: A puppy is a"	plant	-9.714333	▁plant	['____', '___', 'baby', '__', 'young']	aff	neg
"Complete the sentence below with only one category word.\nSentence: ""A puppy is not a ___."" Completed sentence: A puppy is not a"	plant	-6.870722	▁plant	['____', '___', '______', '__', '_______']	neg	neg
"Complete the sentence below with only one category word.\nSentence: ""A puppy is not a ___."" Completed sentence: A puppy is not a"	mammal	-4.027853	▁mammal	['____', '___', '______', '__', '_______']	neg	aff
"Complete the sentence below with only one category word.\nSentence: ""An oven is an ___."" Completed sentence: An oven is an"	appliance	-1.853365	▁appliance	['___', 'appliance', '____', 'object', 'example']	aff	aff
"Complete the sentence below with only one category word.\nSentence: ""An oven is a ___."" Completed sentence: An oven is a"	toy	-10.1832905	▁toy	['___', '(', '____', 'kitchen', 'noun']	aff	neg
"Complete the sentence below with only one category word.\nSentence: ""An oven is not a ___."" Completed sentence: An oven is not a"	toy	-7.868841	▁toy	['___', '____', '(', '$\\', '______']	neg	neg
"Complete the sentence below with only one category word.\nSentence: ""An oven is not an ___."" Completed sentence: An oven is not an"	appliance	-2.3748302	▁appliance	['___', 'appliance', '____', 'object', '__']	neg	aff
"Complete the sentence below with only one category word.\nSentence: ""A sawhorse is a ___."" Completed sentence: A sawhorse is a"	tool	-1.7978401	▁tool	['tool', '___', '(', '____', '______']	aff	aff
"Complete the sentence below with only one category word.\nSentence: ""A sawhorse is a ___."" Completed sentence: A sawhorse is a"	vehicle	-8.07991	▁vehicle	['tool', '___', '(', '____', '______']	aff	neg
"Complete the sentence below with only one category word.\nSentence: ""A sawhorse is not a ___."" Completed sentence: A sawhorse is not a"	vehicle	-7.144787	▁vehicle	['___', '____', '______', 'tool', '(']	neg	neg
"Complete the sentence below with only one category word.\nSentence: ""A sawhorse is not a ___."" Completed sentence: A sawhorse is not a"	tool	-2.8507748	▁tool	['___', '____', '______', 'tool', '(']	neg	aff
"Complete the sentence below with only one category word.\nSentence: ""A housekeeper is a ___."" Completed sentence: A housekeeper is a"	person	-2.7103825	▁person	['___', '____', 'person', '(', '_______']	aff	aff
"Complete the sentence below with only one category word.\nSentence: ""A housekeeper is a ___."" Completed sentence: A housekeeper is a"	toy	-13.002993	▁toy	['___', '____', 'person', '(', '_______']	aff	neg
"Complete the sentence below with only one category word.\nSentence: ""A housekeeper is not a ___."" Completed sentence: A housekeeper is not a"	toy	-10.723405	▁toy	['___', '____', '(', '_______', '________']	neg	neg
"Complete the sentence below with only one category word.\nSentence: ""A housekeeper is not a ___."" Completed sentence: A housekeeper is not a"	person	-4.3371105	▁person	['___', '____', '(', '_______', '________']	neg	aff
"Complete the sentence below with only one category word.\nSentence: ""A carpenter is a ___."" Completed sentence: A carpenter is a"	person	-3.1748276	▁person	['___', '(', 'worker', '__', '________']	aff	aff
"Complete the sentence below with only one category word.\nSentence: ""A carpenter is a ___."" Completed sentence: A carpenter is a"	bird	-11.825987	▁bird	['___', '(', 'worker', '__', '________']	aff	neg
"Complete the sentence below with only one category word.\nSentence: ""A carpenter is not a ___."" Completed sentence: A carpenter is not a"	bird	-8.440964	▁bird	['___', '____', '________', '______', '(']	neg	neg
"Complete the sentence below with only one category word.\nSentence: ""A carpenter is not a ___."" Completed sentence: A carpenter is not a"	person	-4.961067	▁person	['___', '____', '________', '______', '(']	neg	aff
"Complete the sentence below with only one category word.\nSentence: ""A coach is a ___."" Completed sentence: A coach is a"	vehicle	-9.370903	▁vehicle	['person', '___', 'teacher', '____', 'mentor']	aff	aff
"Complete the sentence below with only one category word.\nSentence: ""A coach is a ___."" Completed sentence: A coach is a"	building	-8.972504	▁building	['person', '___', 'teacher', '____', 'mentor']	aff	neg
"Complete the sentence below with only one category word.\nSentence: ""A coach is not a ___."" Completed sentence: A coach is not a"	building	-9.461729	▁building	['____', '___', '_______', 'teacher', '________']	neg	neg
"Complete the sentence below with only one category word.\nSentence: ""A coach is not a ___."" Completed sentence: A coach is not a"	vehicle	-8.46703	▁vehicle	['____', '___', '_______', 'teacher', '________']	neg	aff
"Complete the sentence below with only one category word.\nSentence: ""A map is a ___."" Completed sentence: A map is a"	paper	-7.825365	▁paper	['___', '____', '________', '__', '(']	aff	aff
"Complete the sentence below with only one category word.\nSentence: ""A map is a ___."" Completed sentence: A map is a"	toy	-11.231199	▁toy	['___', '____', '________', '__', '(']	aff	neg
"Complete the sentence below with only one category word.\nSentence: ""A map is not a ___."" Completed sentence: A map is not a"	toy	-9.079557	▁toy	['___', '____', '________', '__', '______']	neg	neg
"Complete the sentence below with only one category word.\nSentence: ""A map is not a ___."" Completed sentence: A map is not a"	paper	-8.794729	▁paper	['___', '____', '________', '__', '______']	neg	aff
"Complete the sentence below with only one category word.\nSentence: ""A radio is a ___."" Completed sentence: A radio is a"	device	-3.9304676	▁device	['___', '____', '(', 'noun', '__']	aff	aff
"Complete the sentence below with only one category word.\nSentence: ""A radio is a ___."" Completed sentence: A radio is a"	flower	-13.739273	▁flower	['___', '____', '(', 'noun', '__']	aff	neg
"Complete the sentence below with only one category word.\nSentence: ""A radio is not a ___."" Completed sentence: A radio is not a"	flower	-10.555595	▁flower	['___', '____', '(', '\\', '__']	neg	neg
"Complete the sentence below with only one category word.\nSentence: ""A radio is not a ___."" Completed sentence: A radio is not a"	device	-5.232683	▁device	['___', '____', '(', '\\', '__']	neg	aff
"Complete the sentence below with only one category word.\nSentence: ""A goose is a ___."" Completed sentence: A goose is a"	bird	-1.1254444	▁bird	['bird', '___', '____', 'noun', 'kind']	aff	aff
"Complete the sentence below with only one category word.\nSentence: ""A goose is a ___."" Completed sentence: A goose is a"	mammal	-4.671976	▁mammal	['bird', '___', '____', 'noun', 'kind']	aff	neg
"Complete the sentence below with only one category word.\nSentence: ""A goose is not a ___."" Completed sentence: A goose is not a"	mammal	-3.842617	▁mammal	['___', 'bird', '____', '$\\', '__']	neg	neg
"Complete the sentence below with only one category word.\nSentence: ""A goose is not a ___."" Completed sentence: A goose is not a"	bird	-2.014904	▁bird	['___', 'bird', '____', '$\\', '__']	neg	aff
"Complete the sentence below with only one category word.\nSentence: ""A teacher is a ___."" Completed sentence: A teacher is a"	guide	-5.8539047	▁guide	['(', '___', 'person', '____', 'professional']	aff	aff
"Complete the sentence below with only one category word.\nSentence: ""A teacher is a ___."" Completed sentence: A teacher is a"	child	-8.515703	▁child	['(', '___', 'person', '____', 'professional']	aff	neg
"Complete the sentence below with only one category word.\nSentence: ""A teacher is not a ___."" Completed sentence: A teacher is not a"	child	-7.214676	▁child	['____', '___', '(', '_______', '________']	neg	neg
"Complete the sentence below with only one category word.\nSentence: ""A teacher is not a ___."" Completed sentence: A teacher is not a"	guide	-7.852619	▁guide	['____', '___', '(', '_______', '________']	neg	aff
"Complete the sentence below with only one category word.\nSentence: ""A flashlight is a ___."" Completed sentence: A flashlight is a"	light	-4.600729	▁light	['___', 'tool', '(', '__', '____']	aff	aff
"Complete the sentence below with only one category word.\nSentence: ""A flashlight is a ___."" Completed sentence: A flashlight is a"	toy	-7.364168	▁toy	['___', 'tool', '(', '__', '____']	aff	neg
"Complete the sentence below with only one category word.\nSentence: ""A flashlight is not a ___."" Completed sentence: A flashlight is not a"	toy	-5.686125	▁toy	['___', '____', '(', 'tool', '\\']	neg	neg
"Complete the sentence below with only one category word.\nSentence: ""A flashlight is not a ___."" Completed sentence: A flashlight is not a"	light	-6.4304276	▁light	['___', '____', '(', 'tool', '\\']	neg	aff
"Complete the sentence below with only one category word.\nSentence: ""A martini is a ___."" Completed sentence: A martini is a"	drink	-2.658678	▁drink	['___', 'cocktail', 'drink', '____', '(']	aff	aff
"Complete the sentence below with only one category word.\nSentence: ""A martini is a ___."" Completed sentence: A martini is a"	food	-8.320919	▁food	['___', 'cocktail', 'drink', '____', '(']	aff	neg
"Complete the sentence below with only one category word.\nSentence: ""A martini is not a ___."" Completed sentence: A martini is not a"	food	-5.9680824	▁food	['___', '____', 'cocktail', 'drink', '(']	neg	neg
"Complete the sentence below with only one category word.\nSentence: ""A martini is not a ___."" Completed sentence: A martini is not a"	drink	-2.9438267	▁drink	['___', '____', 'cocktail', 'drink', '(']	neg	aff
"Complete the sentence below with only one category word.\nSentence: ""A basketball is a ___."" Completed sentence: A basketball is a"	sport	-3.0944958	▁sport	['___', '____', 'ball', 'sports', 'sport']	aff	aff
"Complete the sentence below with only one category word.\nSentence: ""A basketball is a ___."" Completed sentence: A basketball is a"	building	-11.80075	▁building	['___', '____', 'ball', 'sports', 'sport']	aff	neg
"Complete the sentence below with only one category word.\nSentence: ""A basketball is not a ___."" Completed sentence: A basketball is not a"	building	-10.733219	▁building	['___', '____', '(', '______', '__']	neg	neg
"Complete the sentence below with only one category word.\nSentence: ""A basketball is not a ___."" Completed sentence: A basketball is not a"	sport	-3.9869022	▁sport	['___', '____', '(', '______', '__']	neg	aff
"Complete the sentence below with only one category word.\nSentence: ""A snowman is an ___."" Completed sentence: A snowman is an"	art	-5.114048	▁art	['___', '__', '____', '_______', 'object']	aff	aff
"Complete the sentence below with only one category word.\nSentence: ""A snowman is a ___."" Completed sentence: A snowman is a"	snowflake	-8.722216	▁snowflake	['___', '____', '__', '________', '_____']	aff	neg
"Complete the sentence below with only one category word.\nSentence: ""A snowman is not a ___."" Completed sentence: A snowman is not a"	snowflake	-9.38402	▁snowflake	['___', '____', '__', '_______', '______']	neg	neg
"Complete the sentence below with only one category word.\nSentence: ""A snowman is not an ___."" Completed sentence: A snowman is not an"	art	-6.4104214	▁art	['___', 'animal', '____', '__', '_______']	neg	aff
"Complete the sentence below with only one category word.\nSentence: ""A petz is an ___."" Completed sentence: A petz is an"	animal	-1.173027	▁animal	['animal', '___', '____', '__', '___']	aff	aff
"Complete the sentence below with only one category word.\nSentence: ""A petz is a ___."" Completed sentence: A petz is a"	toy	-5.622263	▁toy	['___', '____', 'pet', '__', '______']	aff	neg
"Complete the sentence below with only one category word.\nSentence: ""A petz is not a ___."" Completed sentence: A petz is not a"	toy	-5.5098743	▁toy	['___', '____', 'pet', '__', 'animal']	neg	neg
"Complete the sentence below with only one category word.\nSentence: ""A petz is not an ___."" Completed sentence: A petz is not an"	animal	-1.2020397	▁animal	['animal', '___', '____', '__', '_______']	neg	aff
"Complete the sentence below with only one category word.\nSentence: ""A television is a ___."" Completed sentence: A television is a"	device	-4.6000824	▁device	['___', '____', '(', '__', '\\']	aff	aff
"Complete the sentence below with only one category word.\nSentence: ""A television is a ___."" Completed sentence: A television is a"	furniture	-6.619175	▁furniture	['___', '____', '(', '__', '\\']	aff	neg
"Complete the sentence below with only one category word.\nSentence: ""A television is not a ___."" Completed sentence: A television is not a"	furniture	-5.6306705	▁furniture	['___', '____', '(', '__', '\\']	neg	neg
"Complete the sentence below with only one category word.\nSentence: ""A television is not a ___."" Completed sentence: A television is not a"	device	-5.3756084	▁device	['___', '____', '(', '__', '\\']	neg	aff
"Complete the sentence below with only one category word.\nSentence: ""An oven is a ___."" Completed sentence: An oven is a"	device	-4.6835995	▁device	['___', '(', '____', 'kitchen', 'noun']	aff	aff
"Complete the sentence below with only one category word.\nSentence: ""An oven is a ___."" Completed sentence: An oven is a"	food	-6.3894005	▁food	['___', '(', '____', 'kitchen', 'noun']	aff	neg
"Complete the sentence below with only one category word.\nSentence: ""An oven is not a ___."" Completed sentence: An oven is not a"	food	-5.3271484	▁food	['___', '____', '(', '$\\', '______']	neg	neg
"Complete the sentence below with only one category word.\nSentence: ""An oven is not a ___."" Completed sentence: An oven is not a"	device	-6.0191746	▁device	['___', '____', '(', '$\\', '______']	neg	aff
"Complete the sentence below with only one category word.\nSentence: ""A rag is a ___."" Completed sentence: A rag is a"	cloth	-3.54451	▁cloth	['___', 'piece', '____', 'noun', '(']	aff	aff
"Complete the sentence below with only one category word.\nSentence: ""A rag is a ___."" Completed sentence: A rag is a"	stone	-12.064615	▁stone	['___', 'piece', '____', 'noun', '(']	aff	neg
"Complete the sentence below with only one category word.\nSentence: ""A rag is not a ___."" Completed sentence: A rag is not a"	stone	-11.314978	▁stone	['___', '____', '__', '(', '$\\']	neg	neg
"Complete the sentence below with only one category word.\nSentence: ""A rag is not a ___."" Completed sentence: A rag is not a"	cloth	-5.048273	▁cloth	['___', '____', '__', '(', '$\\']	neg	aff
"Complete the sentence below with only one category word.\nSentence: ""A sheep is an ___."" Completed sentence: A sheep is an"	animal	-0.8327427	▁animal	['animal', '___', '__', '____', '_______']	aff	aff
"Complete the sentence below with only one category word.\nSentence: ""A sheep is a ___."" Completed sentence: A sheep is a"	toy	-10.951751	▁toy	['mammal', '___', 'noun', '____', '__']	aff	neg
"Complete the sentence below with only one category word.\nSentence: ""A sheep is not a ___."" Completed sentence: A sheep is not a"	toy	-9.380831	▁toy	['___', '____', 'mammal', '__', '______']	neg	neg
"Complete the sentence below with only one category word.\nSentence: ""A sheep is not an ___."" Completed sentence: A sheep is not an"	animal	-0.9856243	▁animal	['animal', '___', '____', '__', '_______']	neg	aff
"Complete the sentence below with only one category word.\nSentence: ""A geranium is a ___."" Completed sentence: A geranium is a"	flower	-1.8905277	▁flower	['flower', 'plant', '___', 'flowering', '____']	aff	aff
"Complete the sentence below with only one category word.\nSentence: ""A geranium is a ___."" Completed sentence: A geranium is a"	shrub	-5.7219715	▁shrub	['flower', 'plant', '___', 'flowering', '____']	aff	neg
"Complete the sentence below with only one category word.\nSentence: ""A geranium is not a ___."" Completed sentence: A geranium is not a"	shrub	-5.299799	▁shrub	['___', '____', 'flower', 'plant', '__']	neg	neg
"Complete the sentence below with only one category word.\nSentence: ""A geranium is not a ___."" Completed sentence: A geranium is not a"	flower	-2.5181732	▁flower	['___', '____', 'flower', 'plant', '__']	neg	aff
"Complete the sentence below with only one category word.\nSentence: ""A ray is a ___."" Completed sentence: A ray is a"	fish	-13.365104	▁fish	['line', '___', '____', '$\\', 'straight']	aff	aff
"Complete the sentence below with only one category word.\nSentence: ""A ray is a ___."" Completed sentence: A ray is a"	plant	-13.114208	▁plant	['line', '___', '____', '$\\', 'straight']	aff	neg
"Complete the sentence below with only one category word.\nSentence: ""A ray is not a ___."" Completed sentence: A ray is not a"	plant	-11.621297	▁plant	['___', '____', 'line', '$\\', '__']	neg	neg
"Complete the sentence below with only one category word.\nSentence: ""A ray is not a ___."" Completed sentence: A ray is not a"	fish	-11.712138	▁fish	['___', '____', 'line', '$\\', '__']	neg	aff
"Complete the sentence below with only one category word.\nSentence: ""A lemon is a ___."" Completed sentence: A lemon is a"	fruit	-0.8395157	▁fruit	['fruit', '___', '____', '(', 'citrus']	aff	aff
"Complete the sentence below with only one category word.\nSentence: ""A lemon is a ___."" Completed sentence: A lemon is a"	drink	-10.762455	▁drink	['fruit', '___', '____', '(', 'citrus']	aff	neg
"Complete the sentence below with only one category word.\nSentence: ""A lemon is not a ___."" Completed sentence: A lemon is not a"	drink	-9.606493	▁drink	['fruit', '____', '___', 'vegetable', '(']	neg	neg
"Complete the sentence below with only one category word.\nSentence: ""A lemon is not a ___."" Completed sentence: A lemon is not a"	fruit	-1.1173306	▁fruit	['fruit', '____', '___', 'vegetable', '(']	neg	aff
"Complete the sentence below with only one category word.\nSentence: ""A discussion is a ___."" Completed sentence: A discussion is a"	talk	-6.460661	▁talk	['___', 'conversation', '____', '(', '__']	aff	aff
"Complete the sentence below with only one category word.\nSentence: ""A discussion is a ___."" Completed sentence: A discussion is a"	fight	-10.214716	▁fight	['___', 'conversation', '____', '(', '__']	aff	neg
"Complete the sentence below with only one category word.\nSentence: ""A discussion is not a ___."" Completed sentence: A discussion is not a"	fight	-7.650011	▁fight	['___', '____', 'debate', '$\\', 'conversation']	neg	neg
"Complete the sentence below with only one category word.\nSentence: ""A discussion is not a ___."" Completed sentence: A discussion is not a"	talk	-7.5439625	▁talk	['___', '____', 'debate', '$\\', 'conversation']	neg	aff
"Complete the sentence below with only one category word.\nSentence: ""A basketball is a ___."" Completed sentence: A basketball is a"	ball	-2.4934464	▁ball	['___', '____', 'ball', 'sports', 'sport']	aff	aff
"Complete the sentence below with only one category word.\nSentence: ""A basketball is a ___."" Completed sentence: A basketball is a"	fruit	-9.614546	▁fruit	['___', '____', 'ball', 'sports', 'sport']	aff	neg
"Complete the sentence below with only one category word.\nSentence: ""A basketball is not a ___."" Completed sentence: A basketball is not a"	fruit	-6.1835995	▁fruit	['___', '____', '(', '______', '__']	neg	neg
"Complete the sentence below with only one category word.\nSentence: ""A basketball is not a ___."" Completed sentence: A basketball is not a"	ball	-3.7577019	▁ball	['___', '____', '(', '______', '__']	neg	aff
"Complete the sentence below with only one category word.\nSentence: ""A pig is an ___."" Completed sentence: A pig is an"	animal	-0.75133514	▁animal	['animal', '___', '__', '____', '_______']	aff	aff
"Complete the sentence below with only one category word.\nSentence: ""A pig is a ___."" Completed sentence: A pig is a"	person	-9.276869	▁person	['mammal', '___', '____', '(', '__']	aff	neg
"Complete the sentence below with only one category word.\nSentence: ""A pig is not a ___."" Completed sentence: A pig is not a"	person	-6.1981583	▁person	['___', '____', 'mammal', '__', '(']	neg	neg
"Complete the sentence below with only one category word.\nSentence: ""A pig is not an ___."" Completed sentence: A pig is not an"	animal	-0.9487858	▁animal	['animal', '___', '____', '__', '_______']	neg	aff
"Complete the sentence below with only one category word.\nSentence: ""A squirrel is a ___."" Completed sentence: A squirrel is a"	mammalian	-4.892702	▁Mammal	['mammal', '___', '__', '____', '(']	aff	aff
"Complete the sentence below with only one category word.\nSentence: ""A squirrel is a ___."" Completed sentence: A squirrel is a"	bird	-6.0967484	▁bird	['mammal', '___', '__', '____', '(']	aff	neg
"Complete the sentence below with only one category word.\nSentence: ""A squirrel is not a ___."" Completed sentence: A squirrel is not a"	bird	-4.715536	▁bird	['___', '____', 'mammal', '__', '(']	neg	neg
"Complete the sentence below with only one category word.\nSentence: ""A squirrel is not a ___."" Completed sentence: A squirrel is not a"	mammalian	-5.5388737	▁Mammal	['___', '____', 'mammal', '__', '(']	neg	aff
"Complete the sentence below with only one category word.\nSentence: ""A skunk is a ___."" Completed sentence: A skunk is a"	mammalian	-3.8636665	▁Mammal	['mammal', '___', '____', 'animal', '__']	aff	aff
"Complete the sentence below with only one category word.\nSentence: ""A skunk is an ___."" Completed sentence: A skunk is an"	amphibian	-7.6911526	▁amp	['animal', '___', '__', 'mammal', '___']	aff	neg
"Complete the sentence below with only one category word.\nSentence: ""A skunk is not an ___."" Completed sentence: A skunk is not an"	amphibian	-6.1301136	▁amp	['animal', '___', '__', '____', 'mammal']	neg	neg
"Complete the sentence below with only one category word.\nSentence: ""A skunk is not a ___."" Completed sentence: A skunk is not a"	mammalian	-4.761839	▁Mammal	['mammal', '___', '____', '__', '$\\']	neg	aff
"Complete the sentence below with only one category word.\nSentence: ""A rabbit is a ___."" Completed sentence: A rabbit is a"	mammalian	-4.3841305	▁Mammal	['mammal', '___', '__', '____', 'animal']	aff	aff
"Complete the sentence below with only one category word.\nSentence: ""A rabbit is a ___."" Completed sentence: A rabbit is a"	reptile	-7.378437	▁reptile	['mammal', '___', '__', '____', 'animal']	aff	neg
"Complete the sentence below with only one category word.\nSentence: ""A rabbit is not a ___."" Completed sentence: A rabbit is not a"	reptile	-4.878889	▁reptile	['mammal', '___', '____', '__', '(']	neg	neg
"Complete the sentence below with only one category word.\nSentence: ""A rabbit is not a ___."" Completed sentence: A rabbit is not a"	mammalian	-5.1360474	▁Mammal	['mammal', '___', '____', '__', '(']	neg	aff
"Complete the sentence below with only one category word.\nSentence: ""A wallet is a ___."" Completed sentence: A wallet is a"	container	-2.7544384	▁container	['___', '__', 'container', '____', '(']	aff	aff
"Complete the sentence below with only one category word.\nSentence: ""A wallet is a ___."" Completed sentence: A wallet is a"	building	-10.490355	▁building	['___', '__', 'container', '____', '(']	aff	neg
"Complete the sentence below with only one category word.\nSentence: ""A wallet is not a ___."" Completed sentence: A wallet is not a"	building	-9.397886	▁building	['___', '____', '__', '(', '______']	neg	neg
"Complete the sentence below with only one category word.\nSentence: ""A wallet is not a ___."" Completed sentence: A wallet is not a"	container	-4.5202045	▁container	['___', '____', '__', '(', '______']	neg	aff
"Complete the sentence below with only one category word.\nSentence: ""A harp is an ___."" Completed sentence: A harp is an"	instrument	-0.774086	▁instrument	['instrument', '___', 'musical', '__', '_____']	aff	aff
"Complete the sentence below with only one category word.\nSentence: ""A harp is a ___."" Completed sentence: A harp is a"	toy	-10.559652	▁toy	['musical', '___', 'string', '(', '__']	aff	neg
"Complete the sentence below with only one category word.\nSentence: ""A harp is not a ___."" Completed sentence: A harp is not a"	toy	-8.786961	▁toy	['___', 'musical', '\\', '(', '____']	neg	neg
"Complete the sentence below with only one category word.\nSentence: ""A harp is not an ___."" Completed sentence: A harp is not an"	instrument	-0.9454498	▁instrument	['instrument', '___', '__', '____', '_____']	neg	aff
"Complete the sentence below with only one category word.\nSentence: ""A boy is a ___."" Completed sentence: A boy is a"	human	-3.4164944	▁human	['___', '____', 'person', '__', '(']	aff	aff
"Complete the sentence below with only one category word.\nSentence: ""A boy is an ___."" Completed sentence: A boy is an"	animal	-2.699234	▁animal	['___', '__', '____', 'animal', '_______']	aff	neg
"Complete the sentence below with only one category word.\nSentence: ""A boy is not an ___."" Completed sentence: A boy is not an"	animal	-1.9005032	▁animal	['___', 'animal', '____', '__', 'adult']	neg	neg
"Complete the sentence below with only one category word.\nSentence: ""A boy is not a ___."" Completed sentence: A boy is not a"	human	-5.390459	▁human	['____', '___', '______', '_______', '__']	neg	aff
"Complete the sentence below with only one category word.\nSentence: ""A mug is a ___."" Completed sentence: A mug is a"	container	-2.4311142	▁container	['___', 'container', '____', 'noun', '(']	aff	aff
"Complete the sentence below with only one category word.\nSentence: ""A mug is a ___."" Completed sentence: A mug is a"	bottle	-8.668911	▁bottle	['___', 'container', '____', 'noun', '(']	aff	neg
"Complete the sentence below with only one category word.\nSentence: ""A mug is not a ___."" Completed sentence: A mug is not a"	bottle	-7.9036503	▁bottle	['___', '____', '(', '\\', '$\\']	neg	neg
"Complete the sentence below with only one category word.\nSentence: ""A mug is not a ___."" Completed sentence: A mug is not a"	container	-3.7283974	▁container	['___', '____', '(', '\\', '$\\']	neg	aff
"Complete the sentence below with only one category word.\nSentence: ""A knife is a ___."" Completed sentence: A knife is a"	weapon	-5.457941	▁weapon	['___', 'tool', '____', 'noun', 'kitchen']	aff	aff
"Complete the sentence below with only one category word.\nSentence: ""A knife is an ___."" Completed sentence: A knife is an"	electronic	-9.333643	▁electronic	['___', 'object', '____', '__', '_____']	aff	neg
"Complete the sentence below with only one category word.\nSentence: ""A knife is not an ___."" Completed sentence: A knife is not an"	electronic	-8.518602	▁electronic	['___', '____', 'object', '__', '______']	neg	neg
"Complete the sentence below with only one category word.\nSentence: ""A knife is not a ___."" Completed sentence: A knife is not a"	weapon	-3.4435005	▁weapon	['___', '____', 'tool', '(', '______']	neg	aff
"Complete the sentence below with only one category word.\nSentence: ""A statue is an ___."" Completed sentence: A statue is an"	art	-3.3997784	▁art	['___', '__', '____', '________', '_______']	aff	aff
"Complete the sentence below with only one category word.\nSentence: ""A statue is a ___."" Completed sentence: A statue is a"	person	-5.327574	▁person	['___', '____', 'sculpture', '________', '__']	aff	neg
"Complete the sentence below with only one category word.\nSentence: ""A statue is not a ___."" Completed sentence: A statue is not a"	person	-4.849518	▁person	['___', '____', '__', '________', '_______']	neg	neg
"Complete the sentence below with only one category word.\nSentence: ""A statue is not an ___."" Completed sentence: A statue is not an"	art	-3.858984	▁art	['___', '__', '____', '_______', '________']	neg	aff
"Complete the sentence below with only one category word.\nSentence: ""A tangerine is a ___."" Completed sentence: A tangerine is a"	fruit	-0.98600197	▁fruit	['fruit', '___', '____', 'type', 'kind']	aff	aff
"Complete the sentence below with only one category word.\nSentence: ""A tangerine is a ___."" Completed sentence: A tangerine is a"	vegetable	-5.3815327	▁vegetable	['fruit', '___', '____', 'type', 'kind']	aff	neg
"Complete the sentence below with only one category word.\nSentence: ""A tangerine is not a ___."" Completed sentence: A tangerine is not a"	vegetable	-3.8314095	▁vegetable	['fruit', '____', '___', '__', '(']	neg	neg
"Complete the sentence below with only one category word.\nSentence: ""A tangerine is not a ___."" Completed sentence: A tangerine is not a"	fruit	-1.0601788	▁fruit	['fruit', '____', '___', '__', '(']	neg	aff
"Complete the sentence below with only one category word.\nSentence: ""A robber is a ___."" Completed sentence: A robber is a"	criminal	-1.8106136	▁criminal	['criminal', 'person', 'thief', '___', 'noun']	aff	aff
"Complete the sentence below with only one category word.\nSentence: ""A robber is a ___."" Completed sentence: A robber is a"	policeman	-10.513712	▁policeman	['criminal', 'person', 'thief', '___', 'noun']	aff	neg
"Complete the sentence below with only one category word.\nSentence: ""A robber is not a ___."" Completed sentence: A robber is not a"	policeman	-7.232069	▁policeman	['___', '____', 'criminal', '______', 'person']	neg	neg
"Complete the sentence below with only one category word.\nSentence: ""A robber is not a ___."" Completed sentence: A robber is not a"	criminal	-2.870678	▁criminal	['___', '____', 'criminal', '______', 'person']	neg	aff
"Complete the sentence below with only one category word.\nSentence: ""A skirt is a ___."" Completed sentence: A skirt is a"	clothing	-3.5909462	▁clothing	['___', '____', '__', 'clothing', '________']	aff	aff
"Complete the sentence below with only one category word.\nSentence: ""A skirt is a ___."" Completed sentence: A skirt is a"	food	-12.9607	▁food	['___', '____', '__', 'clothing', '________']	aff	neg
"Complete the sentence below with only one category word.\nSentence: ""A skirt is not a ___."" Completed sentence: A skirt is not a"	food	-10.609087	▁food	['___', '____', '__', '________', '_______']	neg	neg
"Complete the sentence below with only one category word.\nSentence: ""A skirt is not a ___."" Completed sentence: A skirt is not a"	clothing	-5.333437	▁clothing	['___', '____', '__', '________', '_______']	neg	aff
"Complete the sentence below with only one category word.\nSentence: ""A bread is a ___."" Completed sentence: A bread is a"	food	-2.2455635	▁food	['noun', 'food', '___', '$\\', '__']	aff	aff
"Complete the sentence below with only one category word.\nSentence: ""A bread is a ___."" Completed sentence: A bread is a"	drink	-8.798647	▁drink	['noun', 'food', '___', '$\\', '__']	aff	neg
"Complete the sentence below with only one category word.\nSentence: ""A bread is not a ___."" Completed sentence: A bread is not a"	drink	-7.82633	▁drink	['___', '____', 'food', '$\\', 'noun']	neg	neg
"Complete the sentence below with only one category word.\nSentence: ""A bread is not a ___."" Completed sentence: A bread is not a"	food	-2.672861	▁food	['___', '____', 'food', '$\\', 'noun']	neg	aff
"Complete the sentence below with only one category word.\nSentence: ""A tea is a ___."" Completed sentence: A tea is a"	drink	-2.7226353	▁drink	['beverage', '___', '____', 'drink', 'noun']	aff	aff
"Complete the sentence below with only one category word.\nSentence: ""A tea is a ___."" Completed sentence: A tea is a"	game	-9.962677	▁game	['beverage', '___', '____', 'drink', 'noun']	aff	neg
"Complete the sentence below with only one category word.\nSentence: ""A tea is not a ___."" Completed sentence: A tea is not a"	game	-8.93277	▁game	['___', 'beverage', '____', 'drink', '________']	neg	neg
"Complete the sentence below with only one category word.\nSentence: ""A tea is not a ___."" Completed sentence: A tea is not a"	drink	-3.085394	▁drink	['___', 'beverage', '____', 'drink', '________']	neg	aff
"Complete the sentence below with only one category word.\nSentence: ""A coconut is a ___."" Completed sentence: A coconut is a"	fruit	-1.5090275	▁fruit	['fruit', '___', '__', '____', '________']	aff	aff
"Complete the sentence below with only one category word.\nSentence: ""A coconut is a ___."" Completed sentence: A coconut is a"	berry	-7.961418	▁berry	['fruit', '___', '__', '____', '________']	aff	neg
"Complete the sentence below with only one category word.\nSentence: ""A coconut is not a ___."" Completed sentence: A coconut is not a"	berry	-7.0489826	▁berry	['fruit', '___', '____', '__', '(']	neg	neg
"Complete the sentence below with only one category word.\nSentence: ""A coconut is not a ___."" Completed sentence: A coconut is not a"	fruit	-1.4222755	▁fruit	['fruit', '___', '____', '__', '(']	neg	aff
"Complete the sentence below with only one category word.\nSentence: ""A salad is a ___."" Completed sentence: A salad is a"	snack	-5.5532303	▁snack	['___', '____', '__', 'vegetable', '(']	aff	aff
"Complete the sentence below with only one category word.\nSentence: ""A salad is a ___."" Completed sentence: A salad is a"	weapon	-14.362344	▁weapon	['___', '____', '__', 'vegetable', '(']	aff	neg
"Complete the sentence below with only one category word.\nSentence: ""A salad is not a ___."" Completed sentence: A salad is not a"	weapon	-11.222799	▁weapon	['___', '____', '__', '(', '______']	neg	neg
"Complete the sentence below with only one category word.\nSentence: ""A salad is not a ___."" Completed sentence: A salad is not a"	snack	-5.9670963	▁snack	['___', '____', '__', '(', '______']	neg	aff
"Complete the sentence below with only one category word.\nSentence: ""A noodles is a ___."" Completed sentence: A noodles is a"	food	-2.8550186	▁food	['___', '____', 'food', 'noodle', '__']	aff	aff
"Complete the sentence below with only one category word.\nSentence: ""A noodles is a ___."" Completed sentence: A noodles is a"	drink	-7.7283096	▁drink	['___', '____', 'food', 'noodle', '__']	aff	neg
"Complete the sentence below with only one category word.\nSentence: ""A noodles is not a ___."" Completed sentence: A noodles is not a"	drink	-7.2442036	▁drink	['___', '____', '__', 'food', '______']	neg	neg
"Complete the sentence below with only one category word.\nSentence: ""A noodles is not a ___."" Completed sentence: A noodles is not a"	food	-3.061491	▁food	['___', '____', '__', 'food', '______']	neg	aff
"Complete the sentence below with only one category word.\nSentence: ""A triangle is a ___."" Completed sentence: A triangle is a"	shape	-2.9988499	▁shape	['polygon', 'geometric', '___', '', 'shape']	aff	aff
"Complete the sentence below with only one category word.\nSentence: ""A triangle is a ___."" Completed sentence: A triangle is a"	square	-8.868162	▁square	['polygon', 'geometric', '___', '', 'shape']	aff	neg
"Complete the sentence below with only one category word.\nSentence: ""A triangle is not a ___."" Completed sentence: A triangle is not a"	square	-5.99349	▁square	['polygon', '___', '____', '______', '$\\']	neg	neg
"Complete the sentence below with only one category word.\nSentence: ""A triangle is not a ___."" Completed sentence: A triangle is not a"	shape	-3.391407	▁shape	['polygon', '___', '____', '______', '$\\']	neg	aff
"Complete the sentence below with only one category word.\nSentence: ""A telephone is a ___."" Completed sentence: A telephone is a"	device	-3.5572014	▁device	['___', '____', '(', '\\', 'tool']	aff	aff
"Complete the sentence below with only one category word.\nSentence: ""A telephone is a ___."" Completed sentence: A telephone is a"	tool	-3.3808098	▁tool	['___', '____', '(', '\\', 'tool']	aff	neg
"Complete the sentence below with only one category word.\nSentence: ""A telephone is not a ___."" Completed sentence: A telephone is not a"	tool	-3.9813461	▁tool	['___', '____', '(', '\\', '__']	neg	neg
"Complete the sentence below with only one category word.\nSentence: ""A telephone is not a ___."" Completed sentence: A telephone is not a"	device	-5.1777916	▁device	['___', '____', '(', '\\', '__']	neg	aff
"Complete the sentence below with only one category word.\nSentence: ""A piano is a ___."" Completed sentence: A piano is a"	device	-9.479914	▁device	['musical', '___', '(', '____', '__']	aff	aff
"Complete the sentence below with only one category word.\nSentence: ""A piano is a ___."" Completed sentence: A piano is a"	toy	-9.52103	▁toy	['musical', '___', '(', '____', '__']	aff	neg
"Complete the sentence below with only one category word.\nSentence: ""A piano is not a ___."" Completed sentence: A piano is not a"	toy	-7.216509	▁toy	['___', 'musical', '____', '(', '\\']	neg	neg
"Complete the sentence below with only one category word.\nSentence: ""A piano is not a ___."" Completed sentence: A piano is not a"	device	-8.952772	▁device	['___', 'musical', '____', '(', '\\']	neg	aff
"Complete the sentence below with only one category word.\nSentence: ""A hurricane is a ___."" Completed sentence: A hurricane is a"	storm	-4.008299	▁storm	['natural', '___', '________', '(', '______']	aff	aff
"Complete the sentence below with only one category word.\nSentence: ""A hurricane is a ___."" Completed sentence: A hurricane is a"	breeze	-12.365366	▁breeze	['natural', '___', '________', '(', '______']	aff	neg
"Complete the sentence below with only one category word.\nSentence: ""A hurricane is not a ___."" Completed sentence: A hurricane is not a"	breeze	-10.986583	▁breeze	['natural', '___', '____', '________', '(']	neg	neg
"Complete the sentence below with only one category word.\nSentence: ""A hurricane is not a ___."" Completed sentence: A hurricane is not a"	storm	-4.243555	▁storm	['natural', '___', '____', '________', '(']	neg	aff
"Complete the sentence below with only one category word.\nSentence: ""A party is a ___."" Completed sentence: A party is a"	celebration	-2.8081074	▁celebration	['___', 'social', 'celebration', '____', '______']	aff	aff
"Complete the sentence below with only one category word.\nSentence: ""A party is a ___."" Completed sentence: A party is a"	mourning	-13.28883	▁mourning	['___', 'social', 'celebration', '____', '______']	aff	neg
"Complete the sentence below with only one category word.\nSentence: ""A party is not a ___."" Completed sentence: A party is not a"	mourning	-12.21291	▁mourning	['___', '____', '_______', '______', '________']	neg	neg
"Complete the sentence below with only one category word.\nSentence: ""A party is not a ___."" Completed sentence: A party is not a"	celebration	-4.0677147	▁celebration	['___', '____', '_______', '______', '________']	neg	aff
"Complete the sentence below with only one category word.\nSentence: ""A door is a ___."" Completed sentence: A door is a"	structure	-6.725979	▁structure	['___', '____', 'noun', '__', '________']	aff	aff
"Complete the sentence below with only one category word.\nSentence: ""A door is a ___."" Completed sentence: A door is a"	wall	-8.13035	▁wall	['___', '____', 'noun', '__', '________']	aff	neg
"Complete the sentence below with only one category word.\nSentence: ""A door is not a ___."" Completed sentence: A door is not a"	wall	-7.63167	▁wall	['___', '____', '$\\', '______', '__']	neg	neg
"Complete the sentence below with only one category word.\nSentence: ""A door is not a ___."" Completed sentence: A door is not a"	structure	-8.053589	▁structure	['___', '____', '$\\', '______', '__']	neg	aff
"Complete the sentence below with only one category word.\nSentence: ""An envelope is a ___."" Completed sentence: An envelope is a"	letter	-5.2333355	▁letter	['container', '___', 'noun', '____', '______']	aff	aff
"Complete the sentence below with only one category word.\nSentence: ""An envelope is a ___."" Completed sentence: An envelope is a"	device	-8.137539	▁device	['container', '___', 'noun', '____', '______']	aff	neg
"Complete the sentence below with only one category word.\nSentence: ""An envelope is not a ___."" Completed sentence: An envelope is not a"	device	-8.120295	▁device	['___', '____', 'container', 'noun', '______']	neg	neg
"Complete the sentence below with only one category word.\nSentence: ""An envelope is not a ___."" Completed sentence: An envelope is not a"	letter	-5.2292633	▁letter	['___', '____', 'container', 'noun', '______']	neg	aff
"Complete the sentence below with only one category word.\nSentence: ""A gun is a ___."" Completed sentence: A gun is a"	weapon	-1.7354774	▁weapon	['___', 'weapon', 'noun', 'tool', '__']	aff	aff
"Complete the sentence below with only one category word.\nSentence: ""A gun is a ___."" Completed sentence: A gun is a"	toy	-7.1747437	▁toy	['___', 'weapon', 'noun', 'tool', '__']	aff	neg
"Complete the sentence below with only one category word.\nSentence: ""A gun is not a ___."" Completed sentence: A gun is not a"	toy	-5.344042	▁toy	['___', 'weapon', '____', '_______', '________']	neg	neg
"Complete the sentence below with only one category word.\nSentence: ""A gun is not a ___."" Completed sentence: A gun is not a"	weapon	-2.0870628	▁weapon	['___', 'weapon', '____', '_______', '________']	neg	aff
"Complete the sentence below with only one category word.\nSentence: ""A watch is a ___."" Completed sentence: A watch is a"	device	-4.6903725	▁device	['___', '(', '____', '__', 'time']	aff	aff
"Complete the sentence below with only one category word.\nSentence: ""A watch is a ___."" Completed sentence: A watch is a"	food	-10.496664	▁food	['___', '(', '____', '__', 'time']	aff	neg
"Complete the sentence below with only one category word.\nSentence: ""A watch is not a ___."" Completed sentence: A watch is not a"	food	-7.1508694	▁food	['___', '____', '(', '__', '$\\']	neg	neg
"Complete the sentence below with only one category word.\nSentence: ""A watch is not a ___."" Completed sentence: A watch is not a"	device	-6.2640038	▁device	['___', '____', '(', '__', '$\\']	neg	aff
"Complete the sentence below with only one category word.\nSentence: ""A TV is a ___."" Completed sentence: A TV is a"	device	-4.258415	▁device	['___', '____', '(', '__', '\\']	aff	aff
"Complete the sentence below with only one category word.\nSentence: ""A TV is a ___."" Completed sentence: A TV is a"	furniture	-6.2759857	▁furniture	['___', '____', '(', '__', '\\']	aff	neg
"Complete the sentence below with only one category word.\nSentence: ""A TV is not a ___."" Completed sentence: A TV is not a"	furniture	-5.603714	▁furniture	['___', '____', '(', '__', '\\']	neg	neg
"Complete the sentence below with only one category word.\nSentence: ""A TV is not a ___."" Completed sentence: A TV is not a"	device	-5.069565	▁device	['___', '____', '(', '__', '\\']	neg	aff
"Complete the sentence below with only one category word.\nSentence: ""A smartphone is a ___."" Completed sentence: A smartphone is a"	device	-3.5546398	▁device	['___', '____', '(', '__', 'portable']	aff	aff
"Complete the sentence below with only one category word.\nSentence: ""A smartphone is a ___."" Completed sentence: A smartphone is a"	watch	-13.323494	▁watch	['___', '____', '(', '__', 'portable']	aff	neg
"Complete the sentence below with only one category word.\nSentence: ""A smartphone is not a ___."" Completed sentence: A smartphone is not a"	watch	-10.890892	▁watch	['___', '____', '(', '__', '________']	neg	neg
"Complete the sentence below with only one category word.\nSentence: ""A smartphone is not a ___."" Completed sentence: A smartphone is not a"	device	-4.274702	▁device	['___', '____', '(', '__', '________']	neg	aff
"Complete the sentence below with only one category word.\nSentence: ""A seal is an ___."" Completed sentence: A seal is an"	animal	-1.2693291	▁animal	['animal', '___', 'mammal', '__', '____']	aff	aff
"Complete the sentence below with only one category word.\nSentence: ""A seal is a ___."" Completed sentence: A seal is a"	plant	-8.76498	▁plant	['mammal', 'marine', '___', '____', '__']	aff	neg
"Complete the sentence below with only one category word.\nSentence: ""A seal is not a ___."" Completed sentence: A seal is not a"	plant	-6.8639774	▁plant	['___', 'mammal', '____', '__', '(']	neg	neg
"Complete the sentence below with only one category word.\nSentence: ""A seal is not an ___."" Completed sentence: A seal is not an"	animal	-1.3373203	▁animal	['animal', '___', '____', '__', 'mammal']	neg	aff
"Complete the sentence below with only one category word.\nSentence: ""A platypus is an ___."" Completed sentence: A platypus is an"	animal	-1.5114727	▁animal	['animal', '___', 'mammal', '___', '__']	aff	aff
"Complete the sentence below with only one category word.\nSentence: ""A platypus is a ___."" Completed sentence: A platypus is a"	fish	-7.5196896	▁fish	['mammal', '___', '(', '__', '$\\']	aff	neg
"Complete the sentence below with only one category word.\nSentence: ""A platypus is not a ___."" Completed sentence: A platypus is not a"	fish	-4.942713	▁fish	['mammal', '___', '____', '(', '__']	neg	neg
"Complete the sentence below with only one category word.\nSentence: ""A platypus is not an ___."" Completed sentence: A platypus is not an"	animal	-1.1816216	▁animal	['animal', '___', '__', 'mammal', '____']	neg	aff
"Complete the sentence below with only one category word.\nSentence: ""A spruce is a ___."" Completed sentence: A spruce is a"	tree	-1.679697	▁tree	['tree', '___', 'plant', 'kind', '____']	aff	aff
"Complete the sentence below with only one category word.\nSentence: ""A spruce is a ___."" Completed sentence: A spruce is a"	bush	-8.281019	▁bush	['tree', '___', 'plant', 'kind', '____']	aff	neg
"Complete the sentence below with only one category word.\nSentence: ""A spruce is not a ___."" Completed sentence: A spruce is not a"	bush	-8.007381	▁bush	['tree', '___', '____', '______', '__']	neg	neg
"Complete the sentence below with only one category word.\nSentence: ""A spruce is not a ___."" Completed sentence: A spruce is not a"	tree	-1.9971886	▁tree	['tree', '___', '____', '______', '__']	neg	aff
"Complete the sentence below with only one category word.\nSentence: ""A wrench is a ___."" Completed sentence: A wrench is a"	tool	-0.88324356	▁tool	['tool', '___', '____', '(', '__']	aff	aff
"Complete the sentence below with only one category word.\nSentence: ""A wrench is a ___."" Completed sentence: A wrench is a"	machine	-7.2857533	▁machine	['tool', '___', '____', '(', '__']	aff	neg
"Complete the sentence below with only one category word.\nSentence: ""A wrench is not a ___."" Completed sentence: A wrench is not a"	machine	-6.673067	▁machine	['tool', '___', '____', '(', '______']	neg	neg
"Complete the sentence below with only one category word.\nSentence: ""A wrench is not a ___."" Completed sentence: A wrench is not a"	tool	-1.7153568	▁tool	['tool', '___', '____', '(', '______']	neg	aff
"Complete the sentence below with only one category word.\nSentence: ""A pan is an ___."" Completed sentence: A pan is an"	utensil	-4.0108795	▁utens	['___', '____', '___', '__', 'object']	aff	aff
"Complete the sentence below with only one category word.\nSentence: ""A pan is a ___."" Completed sentence: A pan is a"	pot	-6.34746	▁pot	['___', 'kitchen', 'pan', '____', '(']	aff	neg
"Complete the sentence below with only one category word.\nSentence: ""A pan is not a ___."" Completed sentence: A pan is not a"	pot	-6.012089	▁pot	['___', '____', '(', '______', 'pan']	neg	neg
"Complete the sentence below with only one category word.\nSentence: ""A pan is not an ___."" Completed sentence: A pan is not an"	utensil	-5.087225	▁utens	['___', '____', '__', '______', '___']	neg	aff
"Complete the sentence below with only one category word.\nSentence: ""A pot is an ___."" Completed sentence: A pot is an"	utensil	-4.4867115	▁utens	['___', 'object', '____', '__', '______']	aff	aff
"Complete the sentence below with only one category word.\nSentence: ""A pot is a ___."" Completed sentence: A pot is a"	flower	-8.209654	▁flower	['container', '___', '____', '(', 'noun']	aff	neg
"Complete the sentence below with only one category word.\nSentence: ""A pot is not a ___."" Completed sentence: A pot is not a"	flower	-7.017906	▁flower	['___', '____', '(', '______', '$\\']	neg	neg
"Complete the sentence below with only one category word.\nSentence: ""A pot is not an ___."" Completed sentence: A pot is not an"	utensil	-6.193758	▁utens	['___', '____', 'object', '__', '______']	neg	aff
"Complete the sentence below with only one category word.\nSentence: ""A baby is an ___."" Completed sentence: A baby is an"	infant	-2.1337776	▁infant	['___', 'infant', '____', '__', '_______']	aff	aff
"Complete the sentence below with only one category word.\nSentence: ""A baby is a ___."" Completed sentence: A baby is a"	grown-up	-9.544544	▁grown	['___', '____', '(', '______', 'human']	aff	neg
"Complete the sentence below with only one category word.\nSentence: ""A baby is not a ___."" Completed sentence: A baby is not a"	grown-up	-7.911484	▁grown	['____', '___', '______', '_______', '(']	neg	neg
"Complete the sentence below with only one category word.\nSentence: ""A baby is not an ___."" Completed sentence: A baby is not an"	infant	-4.305317	▁infant	['___', '____', '_______', '______', 'animal']	neg	aff
"Complete the sentence below with only one category word.\nSentence: ""A loom is a ___."" Completed sentence: A loom is a"	tool	-2.4359283	▁tool	['___', 'tool', 'weaving', 'machine', '(']	aff	aff
"Complete the sentence below with only one category word.\nSentence: ""A loom is a ___."" Completed sentence: A loom is a"	place	-8.921642	▁place	['___', 'tool', 'weaving', 'machine', '(']	aff	neg
"Complete the sentence below with only one category word.\nSentence: ""A loom is not a ___."" Completed sentence: A loom is not a"	place	-7.384413	▁place	['___', '____', '$\\', 'tool', '(']	neg	neg
"Complete the sentence below with only one category word.\nSentence: ""A loom is not a ___."" Completed sentence: A loom is not a"	tool	-3.1103973	▁tool	['___', '____', '$\\', 'tool', '(']	neg	aff
"Complete the sentence below with only one category word.\nSentence: ""A treatment is a ___."" Completed sentence: A treatment is a"	therapy	-4.2302723	▁therapy	['___', '____', '______', '_______', '________']	aff	aff
"Complete the sentence below with only one category word.\nSentence: ""A treatment is an ___."" Completed sentence: A treatment is an"	iPod	-8.735939	▁I	['___', '____', '__', '_______', 'intervention']	aff	neg
"Complete the sentence below with only one category word.\nSentence: ""A treatment is not an ___."" Completed sentence: A treatment is not an"	iPod	-8.622723	▁I	['___', '____', '_______', '________', '__']	neg	neg
"Complete the sentence below with only one category word.\nSentence: ""A treatment is not a ___."" Completed sentence: A treatment is not a"	therapy	-4.00811	▁therapy	['___', '____', '_______', '________', 'cure']	neg	aff
"Complete the sentence below with only one category word.\nSentence: ""An ox is an ___."" Completed sentence: An ox is an"	animal	-0.59031105	▁animal	['animal', '___', 'herb', '____', '__']	aff	aff
"Complete the sentence below with only one category word.\nSentence: ""An ox is a ___."" Completed sentence: An ox is a"	plant	-6.2880325	▁plant	['mammal', 'noun', '___', 'farm', 'domestic']	aff	neg
"Complete the sentence below with only one category word.\nSentence: ""An ox is not a ___."" Completed sentence: An ox is not a"	plant	-5.369364	▁plant	['___', 'mammal', '____', '\\', '$\\']	neg	neg
"Complete the sentence below with only one category word.\nSentence: ""An ox is not an ___."" Completed sentence: An ox is not an"	animal	-0.9291954	▁animal	['animal', '___', '____', '__', '_______']	neg	aff
"Complete the sentence below with only one category word.\nSentence: ""A railroad is a ___."" Completed sentence: A railroad is a"	transportation	-2.3573227	▁transportation	['___', 'transportation', '__', 'man', '____']	aff	aff
"Complete the sentence below with only one category word.\nSentence: ""A railroad is a ___."" Completed sentence: A railroad is a"	bus	-11.687416	▁bus	['___', 'transportation', '__', 'man', '____']	aff	neg
"Complete the sentence below with only one category word.\nSentence: ""A railroad is not a ___."" Completed sentence: A railroad is not a"	bus	-10.158975	▁bus	['___', '____', '$\\', '__', '(']	neg	neg
"Complete the sentence below with only one category word.\nSentence: ""A railroad is not a ___."" Completed sentence: A railroad is not a"	transportation	-4.1458645	▁transportation	['___', '____', '$\\', '__', '(']	neg	aff
"Complete the sentence below with only one category word.\nSentence: ""A mower is a ___."" Completed sentence: A mower is a"	machine	-3.377468	▁machine	['___', 'tool', '____', 'noun', '(']	aff	aff
"Complete the sentence below with only one category word.\nSentence: ""A mower is a ___."" Completed sentence: A mower is a"	phone	-12.391726	▁phone	['___', 'tool', '____', 'noun', '(']	aff	neg
"Complete the sentence below with only one category word.\nSentence: ""A mower is not a ___."" Completed sentence: A mower is not a"	phone	-10.572605	▁phone	['___', '____', 'tool', '(', '__']	neg	neg
"Complete the sentence below with only one category word.\nSentence: ""A mower is not a ___."" Completed sentence: A mower is not a"	machine	-4.1183186	▁machine	['___', '____', 'tool', '(', '__']	neg	aff
"Complete the sentence below with only one category word.\nSentence: ""A factory is a ___."" Completed sentence: A factory is a"	building	-4.3520374	▁building	['___', '(', 'place', '____', 'manufacturing']	aff	aff
"Complete the sentence below with only one category word.\nSentence: ""A factory is a ___."" Completed sentence: A factory is a"	store	-9.215054	▁store	['___', '(', 'place', '____', 'manufacturing']	aff	neg
"Complete the sentence below with only one category word.\nSentence: ""A factory is not a ___."" Completed sentence: A factory is not a"	store	-6.777807	▁store	['___', '____', '(', '$\\', '_______']	neg	neg
"Complete the sentence below with only one category word.\nSentence: ""A factory is not a ___."" Completed sentence: A factory is not a"	building	-5.1302547	▁building	['___', '____', '(', '$\\', '_______']	neg	aff
"Complete the sentence below with only one category word.\nSentence: ""A broccoli is a ___."" Completed sentence: A broccoli is a"	vegetable	-0.8388405	▁vegetable	['vegetable', '___', '__', '____', 'fruit']	aff	aff
"Complete the sentence below with only one category word.\nSentence: ""A broccoli is a ___."" Completed sentence: A broccoli is a"	fruit	-3.319601	▁fruit	['vegetable', '___', '__', '____', 'fruit']	aff	neg
"Complete the sentence below with only one category word.\nSentence: ""A broccoli is not a ___."" Completed sentence: A broccoli is not a"	fruit	-2.180914	▁fruit	['vegetable', '___', 'fruit', '____', '__']	neg	neg
"Complete the sentence below with only one category word.\nSentence: ""A broccoli is not a ___."" Completed sentence: A broccoli is not a"	vegetable	-1.1358032	▁vegetable	['vegetable', '___', 'fruit', '____', '__']	neg	aff
"Complete the sentence below with only one category word.\nSentence: ""A beat is a ___."" Completed sentence: A beat is a"	rhythm	-4.0033035	▁rhythm	['___', '____', 'unit', '__', '_______']	aff	aff
"Complete the sentence below with only one category word.\nSentence: ""A beat is a ___."" Completed sentence: A beat is a"	melody	-8.360739	▁melody	['___', '____', 'unit', '__', '_______']	aff	neg
"Complete the sentence below with only one category word.\nSentence: ""A beat is not a ___."" Completed sentence: A beat is not a"	melody	-7.19676	▁melody	['___', '____', '__', '______', '_______']	neg	neg
"Complete the sentence below with only one category word.\nSentence: ""A beat is not a ___."" Completed sentence: A beat is not a"	rhythm	-3.53924	▁rhythm	['___', '____', '__', '______', '_______']	neg	aff
"Complete the sentence below with only one category word.\nSentence: ""A country is a ___."" Completed sentence: A country is a"	land	-4.456148	▁land	['___', '____', 'nation', '__', '________']	aff	aff
"Complete the sentence below with only one category word.\nSentence: ""A country is a ___."" Completed sentence: A country is a"	sea	-11.760258	▁sea	['___', '____', 'nation', '__', '________']	aff	neg
"Complete the sentence below with only one category word.\nSentence: ""A country is not a ___."" Completed sentence: A country is not a"	sea	-10.405798	▁sea	['____', '___', '________', '_______', '__']	neg	neg
"Complete the sentence below with only one category word.\nSentence: ""A country is not a ___."" Completed sentence: A country is not a"	land	-6.922632	▁land	['____', '___', '________', '_______', '__']	neg	aff
"Complete the sentence below with only one category word.\nSentence: ""A console is a ___."" Completed sentence: A console is a"	furniture	-4.909403	▁furniture	['___', '____', 'type', 'piece', '_____']	aff	aff
"Complete the sentence below with only one category word.\nSentence: ""A console is a ___."" Completed sentence: A console is a"	building	-9.576729	▁building	['___', '____', 'type', 'piece', '_____']	aff	neg
"Complete the sentence below with only one category word.\nSentence: ""A console is not a ___."" Completed sentence: A console is not a"	building	-9.607418	▁building	['___', '____', '__', '(', '\\']	neg	neg
"Complete the sentence below with only one category word.\nSentence: ""A console is not a ___."" Completed sentence: A console is not a"	furniture	-5.3610973	▁furniture	['___', '____', '__', '(', '\\']	neg	aff
"Complete the sentence below with only one category word.\nSentence: ""A factory is a ___."" Completed sentence: A factory is a"	workplace	-5.846571	▁workplace	['___', '(', 'place', '____', 'manufacturing']	aff	aff
"Complete the sentence below with only one category word.\nSentence: ""A factory is a ___."" Completed sentence: A factory is a"	mammal	-12.233156	▁mammal	['___', '(', 'place', '____', 'manufacturing']	aff	neg
"Complete the sentence below with only one category word.\nSentence: ""A factory is not a ___."" Completed sentence: A factory is not a"	mammal	-9.863935	▁mammal	['___', '____', '(', '$\\', '_______']	neg	neg
"Complete the sentence below with only one category word.\nSentence: ""A factory is not a ___."" Completed sentence: A factory is not a"	workplace	-6.226387	▁workplace	['___', '____', '(', '$\\', '_______']	neg	aff
"Complete the sentence below with only one category word.\nSentence: ""A farm is a ___."" Completed sentence: A farm is a"	place	-3.7785568	▁place	['___', '____', '(', '__', '_____']	aff	aff
"Complete the sentence below with only one category word.\nSentence: ""A farm is a ___."" Completed sentence: A farm is a"	mineral	-11.752694	▁mineral	['___', '____', '(', '__', '_____']	aff	neg
"Complete the sentence below with only one category word.\nSentence: ""A farm is not a ___."" Completed sentence: A farm is not a"	mineral	-10.922697	▁mineral	['___', '____', '_______', '__', '(']	neg	neg
"Complete the sentence below with only one category word.\nSentence: ""A farm is not a ___."" Completed sentence: A farm is not a"	place	-4.405407	▁place	['___', '____', '_______', '__', '(']	neg	aff
"Complete the sentence below with only one category word.\nSentence: ""A transistor is a ___."" Completed sentence: A transistor is a"	device	-3.324915	▁device	['___', 'semiconductor', 'component', '\\', '____']	aff	aff
"Complete the sentence below with only one category word.\nSentence: ""A transistor is a ___."" Completed sentence: A transistor is a"	toy	-11.854513	▁toy	['___', 'semiconductor', 'component', '\\', '____']	aff	neg
"Complete the sentence below with only one category word.\nSentence: ""A transistor is not a ___."" Completed sentence: A transistor is not a"	toy	-9.960598	▁toy	['___', '____', '\\', 'component', '__']	neg	neg
"Complete the sentence below with only one category word.\nSentence: ""A transistor is not a ___."" Completed sentence: A transistor is not a"	device	-4.27894	▁device	['___', '____', '\\', 'component', '__']	neg	aff
"Complete the sentence below with only one category word.\nSentence: ""A viola is an ___."" Completed sentence: A viola is an"	instrument	-0.54185295	▁instrument	['instrument', '___', 'musical', '__', '_____']	aff	aff
"Complete the sentence below with only one category word.\nSentence: ""A viola is a ___."" Completed sentence: A viola is a"	place	-14.080792	▁place	['string', 'musical', '___', 'type', '_____']	aff	neg
"Complete the sentence below with only one category word.\nSentence: ""A viola is not a ___."" Completed sentence: A viola is not a"	place	-11.96531	▁place	['___', '(', '__', 'string', '\\']	neg	neg
"Complete the sentence below with only one category word.\nSentence: ""A viola is not an ___."" Completed sentence: A viola is not an"	instrument	-0.79610825	▁instrument	['instrument', '___', '__', '____', '_____']	neg	aff
"Complete the sentence below with only one category word.\nSentence: ""A monarchy is a ___."" Completed sentence: A monarchy is a"	government	-3.1471806	▁government	['___', '____', '_____', '______', '_______']	aff	aff
"Complete the sentence below with only one category word.\nSentence: ""A monarchy is a ___."" Completed sentence: A monarchy is a"	religion	-11.0746565	▁religion	['___', '____', '_____', '______', '_______']	aff	neg
"Complete the sentence below with only one category word.\nSentence: ""A monarchy is not a ___."" Completed sentence: A monarchy is not a"	religion	-8.642881	▁religion	['___', '____', '_____', '_______', '______']	neg	neg
"Complete the sentence below with only one category word.\nSentence: ""A monarchy is not a ___."" Completed sentence: A monarchy is not a"	government	-3.3705292	▁government	['___', '____', '_____', '_______', '______']	neg	aff
"Complete the sentence below with only one category word.\nSentence: ""A telescope is a ___."" Completed sentence: A telescope is a"	device	-3.9040565	▁device	['___', 'scientific', '____', 'tool', '(']	aff	aff
"Complete the sentence below with only one category word.\nSentence: ""A telescope is a ___."" Completed sentence: A telescope is a"	toy	-9.259623	▁toy	['___', 'scientific', '____', 'tool', '(']	aff	neg
"Complete the sentence below with only one category word.\nSentence: ""A telescope is not a ___."" Completed sentence: A telescope is not a"	toy	-7.086294	▁toy	['___', '____', '\\', '(', '__']	neg	neg
"Complete the sentence below with only one category word.\nSentence: ""A telescope is not a ___."" Completed sentence: A telescope is not a"	device	-5.60355	▁device	['___', '____', '\\', '(', '__']	neg	aff
"Complete the sentence below with only one category word.\nSentence: ""A mango is a ___."" Completed sentence: A mango is a"	fruit	-0.642704	▁fruit	['fruit', '___', '____', '(', '__']	aff	aff
"Complete the sentence below with only one category word.\nSentence: ""A mango is a ___."" Completed sentence: A mango is a"	vegetable	-5.1764526	▁vegetable	['fruit', '___', '____', '(', '__']	aff	neg
"Complete the sentence below with only one category word.\nSentence: ""A mango is not a ___."" Completed sentence: A mango is not a"	vegetable	-3.3375168	▁vegetable	['fruit', '____', '___', '(', '______']	neg	neg
"Complete the sentence below with only one category word.\nSentence: ""A mango is not a ___."" Completed sentence: A mango is not a"	fruit	-0.969471	▁fruit	['fruit', '____', '___', '(', '______']	neg	aff
"Complete the sentence below with only one category word.\nSentence: ""A pilot is a ___."" Completed sentence: A pilot is a"	professional	-3.6958656	▁professional	['___', 'person', '____', '\\', '_______']	aff	aff
"Complete the sentence below with only one category word.\nSentence: ""A pilot is an ___."" Completed sentence: A pilot is an"	amateur	-7.6316853	▁amateur	['___', '__', '____', 'occupation', '_______']	aff	neg
"Complete the sentence below with only one category word.\nSentence: ""A pilot is not an ___."" Completed sentence: A pilot is not an"	amateur	-6.244789	▁amateur	['___', '____', '__', '_______', 'animal']	neg	neg
"Complete the sentence below with only one category word.\nSentence: ""A pilot is not a ___."" Completed sentence: A pilot is not a"	professional	-4.521654	▁professional	['___', '____', '_______', '__', '(']	neg	aff
"Complete the sentence below with only one category word.\nSentence: ""A manager is a ___."" Completed sentence: A manager is a"	professional	-4.899845	▁professional	['person', '(', '___', '____', '__']	aff	aff
"Complete the sentence below with only one category word.\nSentence: ""A manager is an ___."" Completed sentence: A manager is an"	amateur	-8.7795105	▁amateur	['___', '____', '__', '_____', '_______']	aff	neg
"Complete the sentence below with only one category word.\nSentence: ""A manager is not an ___."" Completed sentence: A manager is not an"	amateur	-7.732876	▁amateur	['___', '____', '_______', '__', 'employee']	neg	neg
"Complete the sentence below with only one category word.\nSentence: ""A manager is not a ___."" Completed sentence: A manager is not a"	professional	-6.0616856	▁professional	['____', '___', '(', '_______', '________']	neg	aff
"Complete the sentence below with only one category word.\nSentence: ""A doctrine is a ___."" Completed sentence: A doctrine is a"	principle	-6.6164246	▁principle	['___', '____', '________', '______', '__']	aff	aff
"Complete the sentence below with only one category word.\nSentence: ""A doctrine is a ___."" Completed sentence: A doctrine is a"	person	-7.5603123	▁person	['___', '____', '________', '______', '__']	aff	neg
"Complete the sentence below with only one category word.\nSentence: ""A doctrine is not a ___."" Completed sentence: A doctrine is not a"	person	-7.123787	▁person	['___', '____', '__', '________', '_______']	neg	neg
"Complete the sentence below with only one category word.\nSentence: ""A doctrine is not a ___."" Completed sentence: A doctrine is not a"	principle	-7.9111614	▁principle	['___', '____', '__', '________', '_______']	neg	aff
"Complete the sentence below with only one category word.\nSentence: ""A tennis is a ___."" Completed sentence: A tennis is a"	sport	-1.6491871	▁sport	['sport', '___', 'sports', 'racket', '____']	aff	aff
"Complete the sentence below with only one category word.\nSentence: ""A tennis is a ___."" Completed sentence: A tennis is a"	vegetable	-9.455658	▁vegetable	['sport', '___', 'sports', 'racket', '____']	aff	neg
"Complete the sentence below with only one category word.\nSentence: ""A tennis is not a ___."" Completed sentence: A tennis is not a"	vegetable	-6.5671387	▁vegetable	['___', '____', 'sport', '__', 'sports']	neg	neg
"Complete the sentence below with only one category word.\nSentence: ""A tennis is not a ___."" Completed sentence: A tennis is not a"	sport	-2.3543282	▁sport	['___', '____', 'sport', '__', 'sports']	neg	aff
"Complete the sentence below with only one category word.\nSentence: ""A cap is a ___."" Completed sentence: A cap is a"	clothing	-4.312702	▁clothing	['___', 'hat', 'head', '____', '$\\']	aff	aff
"Complete the sentence below with only one category word.\nSentence: ""A cap is a ___."" Completed sentence: A cap is a"	person	-8.135948	▁person	['___', 'hat', 'head', '____', '$\\']	aff	neg
"Complete the sentence below with only one category word.\nSentence: ""A cap is not a ___."" Completed sentence: A cap is not a"	person	-7.63764	▁person	['___', '____', '$\\', '__', '______']	neg	neg
"Complete the sentence below with only one category word.\nSentence: ""A cap is not a ___."" Completed sentence: A cap is not a"	clothing	-4.933632	▁clothing	['___', '____', '$\\', '__', '______']	neg	aff
"Complete the sentence below with only one category word.\nSentence: ""A chairman is a ___."" Completed sentence: A chairman is a"	human	-6.291193	▁human	['___', 'person', 'noun', '____', '__']	aff	aff
"Complete the sentence below with only one category word.\nSentence: ""A chairman is a ___."" Completed sentence: A chairman is a"	machine	-10.907106	▁machine	['___', 'person', 'noun', '____', '__']	aff	neg
"Complete the sentence below with only one category word.\nSentence: ""A chairman is not a ___."" Completed sentence: A chairman is not a"	machine	-10.14957	▁machine	['___', '____', '__', '______', '(']	neg	neg
"Complete the sentence below with only one category word.\nSentence: ""A chairman is not a ___."" Completed sentence: A chairman is not a"	human	-7.3989143	▁human	['___', '____', '__', '______', '(']	neg	aff
"Complete the sentence below with only one category word.\nSentence: ""A court is a ___."" Completed sentence: A court is a"	room	-7.467621	▁room	['___', '_____', '____', '(', '']	aff	aff
"Complete the sentence below with only one category word.\nSentence: ""A court is a ___."" Completed sentence: A court is a"	tree	-10.84277	▁tree	['___', '_____', '____', '(', '']	aff	neg
"Complete the sentence below with only one category word.\nSentence: ""A court is not a ___."" Completed sentence: A court is not a"	tree	-10.20833	▁tree	['___', '____', '_____', '_______', '$\\']	neg	neg
"Complete the sentence below with only one category word.\nSentence: ""A court is not a ___."" Completed sentence: A court is not a"	room	-8.403744	▁room	['___', '____', '_____', '_______', '$\\']	neg	aff
"Complete the sentence below with only one category word.\nSentence: ""A court is a ___."" Completed sentence: A court is a"	building	-5.9237785	▁building	['___', '_____', '____', '(', '']	aff	aff
"Complete the sentence below with only one category word.\nSentence: ""A court is a ___."" Completed sentence: A court is a"	plant	-12.498487	▁plant	['___', '_____', '____', '(', '']	aff	neg
"Complete the sentence below with only one category word.\nSentence: ""A cout is not a ___."" Completed sentence: A cout is not a"	plant	-11.415747	▁plant	['___', '____', '______', 'class', '__']	neg	neg
"Complete the sentence below with only one category word.\nSentence: ""A cout is not a ___."" Completed sentence: A cout is not a"	building	-9.644616	▁building	['___', '____', '______', 'class', '__']	neg	aff
"Complete the sentence below with only one category word.\nSentence: ""A painting is a ___."" Completed sentence: A painting is a"	drawing	-5.7992764	▁drawing	['___', 'work', '____', 'visual', '________']	aff	aff
"Complete the sentence below with only one category word.\nSentence: ""A painting is a ___."" Completed sentence: A painting is a"	sculpture	-6.0431805	▁sculpture	['___', 'work', '____', 'visual', '________']	aff	neg
"Complete the sentence below with only one category word.\nSentence: ""A painting is not a ___."" Completed sentence: A painting is not a"	sculpture	-4.8095703	▁sculpture	['___', '____', '________', '_______', '__']	neg	neg
"Complete the sentence below with only one category word.\nSentence: ""A painting is not a ___."" Completed sentence: A painting is not a"	drawing	-5.900879	▁drawing	['___', '____', '________', '_______', '__']	neg	aff
"Complete the sentence below with only one category word.\nSentence: ""A guppy is a ___."" Completed sentence: A guppy is a"	fish	-0.88933563	▁fish	['fish', '___', 'type', '____', 'kind']	aff	aff
"Complete the sentence below with only one category word.\nSentence: ""A guppy is a ___."" Completed sentence: A guppy is a"	reptile	-8.735006	▁reptile	['fish', '___', 'type', '____', 'kind']	aff	neg
"Complete the sentence below with only one category word.\nSentence: ""A guppy is not a ___."" Completed sentence: A guppy is not a"	reptile	-5.8877068	▁reptile	['fish', '___', '____', '__', '(']	neg	neg
"Complete the sentence below with only one category word.\nSentence: ""A guppy is not a ___."" Completed sentence: A guppy is not a"	fish	-1.5988941	▁fish	['fish', '___', '____', '__', '(']	neg	aff
"Complete the sentence below with only one category word.\nSentence: ""A ginger is a ___."" Completed sentence: A ginger is a"	plant	-3.6168442	▁plant	['___', '____', 'spice', 'type', 'fruit']	aff	aff
"Complete the sentence below with only one category word.\nSentence: ""A ginger is a ___."" Completed sentence: A ginger is a"	flavor	-6.073393	▁flavor	['___', '____', 'spice', 'type', 'fruit']	aff	neg
"Complete the sentence below with only one category word.\nSentence: ""A ginger is not a ___."" Completed sentence: A ginger is not a"	flavor	-5.9066257	▁flavor	['___', '____', 'fruit', '______', '__']	neg	neg
"Complete the sentence below with only one category word.\nSentence: ""A ginger is not a ___."" Completed sentence: A ginger is not a"	plant	-4.041168	▁plant	['___', '____', 'fruit', '______', '__']	neg	aff
"Complete the sentence below with only one category word.\nSentence: ""A goat is an ___."" Completed sentence: A goat is an"	animal	-0.94970703	▁animal	['animal', '___', '__', 'herb', '____']	aff	aff
"Complete the sentence below with only one category word.\nSentence: ""A goat is a ___."" Completed sentence: A goat is a"	person	-9.194357	▁person	['mammal', '___', '____', '__', 'noun']	aff	neg
"Complete the sentence below with only one category word.\nSentence: ""A goat is not a ___."" Completed sentence: A goat is not a"	person	-6.661396	▁person	['___', '____', 'mammal', '(', '__']	neg	neg
"Complete the sentence below with only one category word.\nSentence: ""A goat is not an ___."" Completed sentence: A goat is not an"	animal	-1.1120224	▁animal	['animal', '___', '____', '__', '_______']	neg	aff
"Complete the sentence below with only one category word.\nSentence: ""A submarine is a ___."" Completed sentence: A submarine is a"	vehicle	-2.5058956	▁vehicle	['___', 'vehicle', '____', 'vessel', 'noun']	aff	aff
"Complete the sentence below with only one category word.\nSentence: ""A submarine is a ___."" Completed sentence: A submarine is a"	fish	-6.9999084	▁fish	['___', 'vehicle', '____', 'vessel', 'noun']	aff	neg
"Complete the sentence below with only one category word.\nSentence: ""A submarine is not a ___."" Completed sentence: A submarine is not a"	fish	-5.115284	▁fish	['___', '____', 'vehicle', '__', '_______']	neg	neg
"Complete the sentence below with only one category word.\nSentence: ""A submarine is not a ___."" Completed sentence: A submarine is not a"	vehicle	-2.97575	▁vehicle	['___', '____', 'vehicle', '__', '_______']	neg	aff
"Complete the sentence below with only one category word.\nSentence: ""A gift is a ___."" Completed sentence: A gift is a"	present	-3.8421974	▁present	['___', '____', '________', '______', '_______']	aff	aff
"Complete the sentence below with only one category word.\nSentence: ""A gift is a ___."" Completed sentence: A gift is a"	feeling	-9.14979	▁feeling	['___', '____', '________', '______', '_______']	aff	neg
"Complete the sentence below with only one category word.\nSentence: ""A gift is not a ___."" Completed sentence: A gift is not a"	feeling	-9.705694	▁feeling	['___', '____', '_______', 'gift', '______']	neg	neg
"Complete the sentence below with only one category word.\nSentence: ""A gift is not a ___."" Completed sentence: A gift is not a"	present	-3.8869057	▁present	['___', '____', '_______', 'gift', '______']	neg	aff
"Complete the sentence below with only one category word.\nSentence: ""A degree is a ___."" Completed sentence: A degree is a"	document	-5.518133	▁document	['___', '____', '______', '________', '_______']	aff	aff
"Complete the sentence below with only one category word.\nSentence: ""A degree is a ___."" Completed sentence: A degree is a"	person	-7.470848	▁person	['___', '____', '______', '________', '_______']	aff	neg
"Complete the sentence below with only one category word.\nSentence: ""A degree is not a ___."" Completed sentence: A degree is not a"	person	-7.359438	▁person	['___', '____', '______', '_______', '________']	neg	neg
"Complete the sentence below with only one category word.\nSentence: ""A degree is not a ___."" Completed sentence: A degree is not a"	document	-6.4240723	▁document	['___', '____', '______', '_______', '________']	neg	aff
"Complete the sentence below with only one category word.\nSentence: ""A swimming is a ___."" Completed sentence: A swimming is a"	sport	-2.3840065	▁sport	['___', 'sport', '_______', 'verb', 'noun']	aff	aff
"Complete the sentence below with only one category word.\nSentence: ""A swimming is a ___."" Completed sentence: A swimming is a"	vegetable	-7.237858	▁vegetable	['___', 'sport', '_______', 'verb', 'noun']	aff	neg
"Complete the sentence below with only one category word.\nSentence: ""A swimming is not a ___."" Completed sentence: A swimming is not a"	vegetable	-5.779558	▁vegetable	['___', 'sport', '____', '_______', '__']	neg	neg
"Complete the sentence below with only one category word.\nSentence: ""A swimming is not a ___."" Completed sentence: A swimming is not a"	sport	-2.4796562	▁sport	['___', 'sport', '____', '_______', '__']	neg	aff
"Complete the sentence below with only one category word.\nSentence: ""A basket is a ___."" Completed sentence: A basket is a"	container	-0.79361534	▁container	['container', '___', '____', 'noun', '______']	aff	aff
"Complete the sentence below with only one category word.\nSentence: ""A basket is a ___."" Completed sentence: A basket is a"	material	-7.685938	▁material	['container', '___', '____', 'noun', '______']	aff	neg
"Complete the sentence below with only one category word.\nSentence: ""A basket is not a ___."" Completed sentence: A basket is not a"	material	-7.676817	▁material	['___', '____', 'container', '$\\', '______']	neg	neg
"Complete the sentence below with only one category word.\nSentence: ""A basket is not a ___."" Completed sentence: A basket is not a"	container	-2.6617298	▁container	['___', '____', 'container', '$\\', '______']	neg	aff
"Complete the sentence below with only one category word.\nSentence: ""A television is an ___."" Completed sentence: A television is an"	electronics	-5.1016445	▁electronics	['___', 'electronic', '____', '__', 'object']	aff	aff
"Complete the sentence below with only one category word.\nSentence: ""A television is a ___."" Completed sentence: A television is a"	plant	-12.028483	▁plant	['___', '____', '(', '__', '\\']	aff	neg
"Complete the sentence below with only one category word.\nSentence: ""A television is not a ___."" Completed sentence: A television is not a"	plant	-8.995607	▁plant	['___', '____', '(', '__', '\\']	neg	neg
"Complete the sentence below with only one category word.\nSentence: ""A television is not an ___."" Completed sentence: A television is not an"	electronics	-6.1686974	▁electronics	['___', '____', '__', 'object', 'electronic']	neg	aff
"Complete the sentence below with only one category word.\nSentence: ""A butterfly is an ___."" Completed sentence: A butterfly is an"	insect	-1.2932224	▁insect	['insect', 'animal', 'invertebrate', '__', '___']	aff	aff
"Complete the sentence below with only one category word.\nSentence: ""A butterfly is a ___."" Completed sentence: A butterfly is a"	mammal	-5.9549637	▁mammal	['___', '__', '(', '________', '\\']	aff	neg
"Complete the sentence below with only one category word.\nSentence: ""A butterfly is not a ___."" Completed sentence: A butterfly is not a"	mammal	-3.800436	▁mammal	['___', '____', '__', '(', '$\\']	neg	neg
"Complete the sentence below with only one category word.\nSentence: ""A butterfly is not an ___."" Completed sentence: A butterfly is not an"	insect	-1.927742	▁insect	['animal', 'insect', '___', '__', '____']	neg	aff
"Complete the sentence below with only one category word.\nSentence: ""A pill is a ___."" Completed sentence: A pill is a"	drug	-3.770441	▁drug	['___', '____', 'medicine', '__', '(']	aff	aff
"Complete the sentence below with only one category word.\nSentence: ""A pill is a ___."" Completed sentence: A pill is a"	food	-6.4340935	▁food	['___', '____', 'medicine', '__', '(']	aff	neg
"Complete the sentence below with only one category word.\nSentence: ""A pill is not a ___."" Completed sentence: A pill is not a"	food	-5.44936	▁food	['___', '____', '(', '$\\', '________']	neg	neg
"Complete the sentence below with only one category word.\nSentence: ""A pill is not a ___."" Completed sentence: A pill is not a"	drug	-4.011881	▁drug	['___', '____', '(', '$\\', '________']	neg	aff
"Complete the sentence below with only one category word.\nSentence: ""A limousine is a ___."" Completed sentence: A limousine is a"	vehicle	-2.0659428	▁vehicle	['___', 'vehicle', 'luxury', 'type', 'car']	aff	aff
"Complete the sentence below with only one category word.\nSentence: ""A limousine is a ___."" Completed sentence: A limousine is a"	flower	-10.057405	▁flower	['___', 'vehicle', 'luxury', 'type', 'car']	aff	neg
"Complete the sentence below with only one category word.\nSentence: ""A limousine is not a ___."" Completed sentence: A limousine is not a"	flower	-9.034319	▁flower	['___', 'vehicle', '____', 'car', '__']	neg	neg
"Complete the sentence below with only one category word.\nSentence: ""A limousine is not a ___."" Completed sentence: A limousine is not a"	vehicle	-2.3512592	▁vehicle	['___', 'vehicle', '____', 'car', '__']	neg	aff
"Complete the sentence below with only one category word.\nSentence: ""A turkey is an ___."" Completed sentence: A turkey is an"	animal	-1.0393734	▁animal	['animal', '___', '__', '____', 'example']	aff	aff
"Complete the sentence below with only one category word.\nSentence: ""A turkey is a ___."" Completed sentence: A turkey is a"	plant	-7.996855	▁plant	['bird', '___', 'noun', '____', '__']	aff	neg
"Complete the sentence below with only one category word.\nSentence: ""A turkey is not a ___."" Completed sentence: A turkey is not a"	plant	-6.6030655	▁plant	['___', '____', 'bird', '__', '(']	neg	neg
"Complete the sentence below with only one category word.\nSentence: ""A turkey is not an ___."" Completed sentence: A turkey is not an"	animal	-1.2063427	▁animal	['animal', '___', '____', '__', '_______']	neg	aff
"Complete the sentence below with only one category word.\nSentence: ""A kangaroo is an ___."" Completed sentence: A kangaroo is an"	animal	-0.7692871	▁animal	['animal', '___', '__', 'mammal', '____']	aff	aff
"Complete the sentence below with only one category word.\nSentence: ""A kangaroo is a ___."" Completed sentence: A kangaroo is a"	person	-9.857746	▁person	['mammal', '___', 'mars', '__', 'Mammal']	aff	neg
"Complete the sentence below with only one category word.\nSentence: ""A kangaroo is not a ___."" Completed sentence: A kangaroo is not a"	person	-7.84741	▁person	['mammal', '___', '____', '__', '______']	neg	neg
"Complete the sentence below with only one category word.\nSentence: ""A kangaroo is not an ___."" Completed sentence: A kangaroo is not an"	animal	-1.0354271	▁animal	['animal', '___', '__', '____', 'mammal']	neg	aff
"Complete the sentence below with only one category word.\nSentence: ""A violine is an ___."" Completed sentence: A violine is an"	instrument	-0.6580887	▁instrument	['instrument', '___', '__', 'musical', '_____']	aff	aff
"Complete the sentence below with only one category word.\nSentence: ""A violine is a ___."" Completed sentence: A violine is a"	person	-9.252567	▁person	['musical', '___', '__', 'string', 'instrument']	aff	neg
"Complete the sentence below with only one category word.\nSentence: ""A violin is not a ___."" Completed sentence: A violin is not a"	person	-6.9333344	▁person	['___', 'musical', '(', '____', '\\']	neg	neg
"Complete the sentence below with only one category word.\nSentence: ""A violin is not an ___."" Completed sentence: A violin is not an"	instrument	-0.8577862	▁instrument	['instrument', '___', '__', '____', '_______']	neg	aff
"Complete the sentence below with only one category word.\nSentence: ""A rug is a ___."" Completed sentence: A rug is a"	covering	-7.0020676	▁covering	['___', '____', '__', '________', '______']	aff	aff
"Complete the sentence below with only one category word.\nSentence: ""A rug is a ___."" Completed sentence: A rug is a"	vegetable	-11.258817	▁vegetable	['___', '____', '__', '________', '______']	aff	neg
"Complete the sentence below with only one category word.\nSentence: ""A rug is not a ___."" Completed sentence: A rug is not a"	vegetable	-8.584385	▁vegetable	['___', '____', '$\\', '__', '______']	neg	neg
"Complete the sentence below with only one category word.\nSentence: ""A rug is not a ___."" Completed sentence: A rug is not a"	covering	-10.01137	▁covering	['___', '____', '$\\', '__', '______']	neg	aff
"Complete the sentence below with only one category word.\nSentence: ""A parent is a ___."" Completed sentence: A parent is a"	guardian	-3.5461826	▁guardian	['___', '(', '____', 'parent', 'person']	aff	aff
"Complete the sentence below with only one category word.\nSentence: ""A parent is a ___."" Completed sentence: A parent is a"	child	-6.1526318	▁child	['___', '(', '____', 'parent', 'person']	aff	neg
"Complete the sentence below with only one category word.\nSentence: ""A parent is not a ___."" Completed sentence: A parent is not a"	child	-5.7381325	▁child	['____', '___', '(', '_______', '________']	neg	neg
"Complete the sentence below with only one category word.\nSentence: ""A parent is not a ___."" Completed sentence: A parent is not a"	guardian	-4.6646175	▁guardian	['____', '___', '(', '_______', '________']	neg	aff
"Complete the sentence below with only one category word.\nSentence: ""A student is a ___."" Completed sentence: A student is a"	pupil	-6.685461	▁pupil	['person', '(', '___', '____', 'student']	aff	aff
"Complete the sentence below with only one category word.\nSentence: ""A student is a ___."" Completed sentence: A student is a"	child	-5.6455116	▁child	['person', '(', '___', '____', 'student']	aff	neg
"Complete the sentence below with only one category word.\nSentence: ""A student is not a ___."" Completed sentence: A student is not a"	child	-5.9584827	▁child	['____', '___', 'student', '(', '__']	neg	neg
"Complete the sentence below with only one category word.\nSentence: ""A student is not a ___."" Completed sentence: A student is not a"	pupil	-7.392582	▁pupil	['____', '___', 'student', '(', '__']	neg	aff
"Complete the sentence below with only one category word.\nSentence: ""A bathroom is a ___."" Completed sentence: A bathroom is a"	room	-2.8653526	▁room	['___', '____', '__', 'room', '_____']	aff	aff
"Complete the sentence below with only one category word.\nSentence: ""A bathroom is a ___."" Completed sentence: A bathroom is a"	house	-7.9620304	▁house	['___', '____', '__', 'room', '_____']	aff	neg
"Complete the sentence below with only one category word.\nSentence: ""A bathroom is not a ___."" Completed sentence: A bathroom is not a"	house	-7.157297	▁house	['___', '____', '_______', '________', '______']	neg	neg
"Complete the sentence below with only one category word.\nSentence: ""A bathroom is not a ___."" Completed sentence: A bathroom is not a"	room	-3.3435974	▁room	['___', '____', '_______', '________', '______']	neg	aff
"Complete the sentence below with only one category word.\nSentence: ""A cloud is an ___."" Completed sentence: A cloud is an"	atmospheric	-4.20245	▁atmospheric	['___', '____', '__', 'object', '_______']	aff	aff
"Complete the sentence below with only one category word.\nSentence: ""A cloud is a ___."" Completed sentence: A cloud is a"	star	-10.23345	▁star	['___', '____', '________', '_______', '______']	aff	neg
"Complete the sentence below with only one category word.\nSentence: ""A cloud is not a ___."" Completed sentence: A cloud is not a"	star	-7.9613705	▁star	['___', '____', '________', '_______', '$\\']	neg	neg
"Complete the sentence below with only one category word.\nSentence: ""A cloud is not an ___."" Completed sentence: A cloud is not an"	atmospheric	-6.8338585	▁atmospheric	['___', '____', 'object', '__', '_______']	neg	aff
"Complete the sentence below with only one category word.\nSentence: ""A song is a ___."" Completed sentence: A song is a"	music	-5.4520645	▁music	['___', '____', '(', '__', 'type']	aff	aff
"Complete the sentence below with only one category word.\nSentence: ""A song is a ___."" Completed sentence: A song is a"	noise	-9.682062	▁noise	['___', '____', '(', '__', 'type']	aff	neg
"Complete the sentence below with only one category word.\nSentence: ""A song is not a ___."" Completed sentence: A song is not a"	noise	-8.689228	▁noise	['___', '____', '__', '______', '(']	neg	neg
"Complete the sentence below with only one category word.\nSentence: ""A song is not a ___."" Completed sentence: A song is not a"	music	-6.2387733	▁music	['___', '____', '__', '______', '(']	neg	aff
"Complete the sentence below with only one category word.\nSentence: ""A fly is an ___."" Completed sentence: A fly is an"	insect	-0.97345924	▁insect	['insect', 'animal', 'invertebrate', '__', '___']	aff	aff
"Complete the sentence below with only one category word.\nSentence: ""A fly is a ___."" Completed sentence: A fly is a"	tool	-9.435797	▁tool	['noun', '___', '(', '$\\', 'insect']	aff	neg
"Complete the sentence below with only one category word.\nSentence: ""A fly is not a ___."" Completed sentence: A fly is not a"	tool	-8.223322	▁tool	['___', '____', '$\\', '__', '(']	neg	neg
"Complete the sentence below with only one category word.\nSentence: ""A fly is not an ___."" Completed sentence: A fly is not an"	insect	-1.7904072	▁insect	['animal', 'insect', '___', '__', 'invertebrate']	neg	aff
"Complete the sentence below with only one category word.\nSentence: ""A worm is an ___."" Completed sentence: A worm is an"	invertebrate	-1.4714165	▁invertebrate	['animal', 'invertebrate', '__', '___', '____']	aff	aff
"Complete the sentence below with only one category word.\nSentence: ""A worm is a ___."" Completed sentence: A worm is a"	vertebrate	-4.3236446	▁vertebrate	['___', '__', '____', 'living', '(']	aff	neg
"Complete the sentence below with only one category word.\nSentence: ""A worm is not a ___."" Completed sentence: A worm is not a"	vertebrate	-3.9434357	▁vertebrate	['___', '____', '__', '(', '\\']	neg	neg
"Complete the sentence below with only one category word.\nSentence: ""A worm is not an ___."" Completed sentence: A worm is not an"	invertebrate	-2.8189964	▁invertebrate	['animal', '___', '__', '____', 'invertebrate']	neg	aff
"Complete the sentence below with only one category word.\nSentence: ""A mother is a ___."" Completed sentence: A mother is a"	person	-3.5215855	▁person	['___', '____', '(', 'parent', 'mother']	aff	aff
"Complete the sentence below with only one category word.\nSentence: ""A mother is a ___."" Completed sentence: A mother is a"	computer	-10.107052	▁computer	['___', '____', '(', 'parent', 'mother']	aff	neg
"Complete the sentence below with only one category word.\nSentence: ""A mother is not a ___."" Completed sentence: A mother is not a"	computer	-7.82386	▁computer	['____', '___', '(', '_______', '________']	neg	neg
"Complete the sentence below with only one category word.\nSentence: ""A mother is not a ___."" Completed sentence: A mother is not a"	person	-4.4784374	▁person	['____', '___', '(', '_______', '________']	neg	aff
"Complete the sentence below with only one category word.\nSentence: ""A sibling is a ___."" Completed sentence: A sibling is a"	family	-2.3734646	▁family	['___', 'family', '(', '____', 'relative']	aff	aff
"Complete the sentence below with only one category word.\nSentence: ""A sibling is a ___."" Completed sentence: A sibling is a"	machine	-11.456506	▁machine	['___', 'family', '(', '____', 'relative']	aff	neg
"Complete the sentence below with only one category word.\nSentence: ""A sibling is not a ___."" Completed sentence: A sibling is not a"	machine	-10.8508	▁machine	['friend', '___', '(', '____', '______']	neg	neg
"Complete the sentence below with only one category word.\nSentence: ""A sibling is not a ___."" Completed sentence: A sibling is not a"	family	-4.2774944	▁family	['friend', '___', '(', '____', '______']	neg	aff
"Complete the sentence below with only one category word.\nSentence: ""A vacation is a ___."" Completed sentence: A vacation is a"	trip	-4.7785473	▁trip	['___', '(', '__', 'time', '____']	aff	aff
"Complete the sentence below with only one category word.\nSentence: ""A vacation is a ___."" Completed sentence: A vacation is a"	time	-3.044735	▁time	['___', '(', '__', 'time', '____']	aff	neg
"Complete the sentence below with only one category word.\nSentence: ""A vacation is not a ___."" Completed sentence: A vacation is not a"	time	-4.853842	▁time	['___', '____', '________', '(', 'vacation']	neg	neg
"Complete the sentence below with only one category word.\nSentence: ""A vacation is not a ___."" Completed sentence: A vacation is not a"	trip	-4.44384	▁trip	['___', '____', '________', '(', 'vacation']	neg	aff
"Complete the sentence below with only one category word.\nSentence: ""A fireplace is a ___."" Completed sentence: A fireplace is a"	structure	-5.542486	▁structure	['___', '____', '__', '________', '$\\']	aff	aff
"Complete the sentence below with only one category word.\nSentence: ""A fireplace is a ___."" Completed sentence: A fireplace is a"	creature	-9.430908	▁creature	['___', '____', '__', '________', '$\\']	aff	neg
"Complete the sentence below with only one category word.\nSentence: ""A fireplace is not a ___."" Completed sentence: A fireplace is not a"	creature	-8.764513	▁creature	['___', '____', '$\\', '__', '________']	neg	neg
"Complete the sentence below with only one category word.\nSentence: ""A fireplace is not a ___."" Completed sentence: A fireplace is not a"	structure	-6.492735	▁structure	['___', '____', '$\\', '__', '________']	neg	aff
"Complete the sentence below with only one category word.\nSentence: ""A basenji is a ___."" Completed sentence: A basenji is a"	dog	-1.086504	▁dog	['dog', 'breed', '___', '____', '__']	aff	aff
"Complete the sentence below with only one category word.\nSentence: ""A basenji is a ___."" Completed sentence: A basenji is a"	cat	-6.4408207	▁cat	['dog', 'breed', '___', '____', '__']	aff	neg
"Complete the sentence below with only one category word.\nSentence: ""A basenji is not a ___."" Completed sentence: A basenji is not a"	cat	-4.3618946	▁cat	['___', 'dog', 'breed', '____', '__']	neg	neg
"Complete the sentence below with only one category word.\nSentence: ""A basenji is not a ___."" Completed sentence: A basenji is not a"	dog	-1.9253349	▁dog	['___', 'dog', 'breed', '____', '__']	neg	aff
"Complete the sentence below with only one category word.\nSentence: ""A chihuahua is a ___."" Completed sentence: A chihuahua is a"	dog	-1.2647667	▁dog	['dog', 'breed', '___', '____', 'small']	aff	aff
"Complete the sentence below with only one category word.\nSentence: ""A chihuahua is a ___."" Completed sentence: A chihuahua is a"	reptile	-10.414221	▁reptile	['dog', 'breed', '___', '____', 'small']	aff	neg
"Complete the sentence below with only one category word.\nSentence: ""A chihuahua is not a ___."" Completed sentence: A chihuahua is not a"	reptile	-6.669674	▁reptile	['___', 'dog', '____', '__', 'breed']	neg	neg
"Complete the sentence below with only one category word.\nSentence: ""A chihuahua is not a ___."" Completed sentence: A chihuahua is not a"	dog	-1.8623295	▁dog	['___', 'dog', '____', '__', 'breed']	neg	aff
"Complete the sentence below with only one category word.\nSentence: ""A dalmatian is a ___."" Completed sentence: A dalmatian is a"	dog	-1.4658413	▁dog	['dog', 'breed', '___', '____', '__']	aff	aff
"Complete the sentence below with only one category word.\nSentence: ""A dalmatian is a ___."" Completed sentence: A dalmatian is a"	horse	-11.775595	▁horse	['dog', 'breed', '___', '____', '__']	aff	neg
"Complete the sentence below with only one category word.\nSentence: ""A dalmatian is not a ___."" Completed sentence: A dalmatian is not a"	horse	-8.808506	▁horse	['___', '____', 'dog', '__', 'breed']	neg	neg
"Complete the sentence below with only one category word.\nSentence: ""A dalmatian is not a ___."" Completed sentence: A dalmatian is not a"	dog	-2.2319775	▁dog	['___', '____', 'dog', '__', 'breed']	neg	aff
"Complete the sentence below with only one category word.\nSentence: ""A labrador is a ___."" Completed sentence: A labrador is a"	dog	-1.5141869	▁dog	['dog', '___', '____', '__', 'breed']	aff	aff
"Complete the sentence below with only one category word.\nSentence: ""A labrador is a ___."" Completed sentence: A labrador is a"	bird	-7.9370117	▁bird	['dog', '___', '____', '__', 'breed']	aff	neg
"Complete the sentence below with only one category word.\nSentence: ""A labrador is not a ___."" Completed sentence: A labrador is not a"	bird	-5.3788757	▁bird	['___', '____', 'dog', '__', 'mammal']	neg	neg
"Complete the sentence below with only one category word.\nSentence: ""A labrador is not a ___."" Completed sentence: A labrador is not a"	dog	-2.223299	▁dog	['___', '____', 'dog', '__', 'mammal']	neg	aff
"Complete the sentence below with only one category word.\nSentence: ""A crocus is a ___."" Completed sentence: A crocus is a"	flower	-1.5899792	▁flower	['flower', '___', '____', 'spring', 'plant']	aff	aff
"Complete the sentence below with only one category word.\nSentence: ""A crocus is a ___."" Completed sentence: A crocus is a"	bird	-10.950122	▁bird	['flower', '___', '____', 'spring', 'plant']	aff	neg
"Complete the sentence below with only one category word.\nSentence: ""A crocus is not a ___."" Completed sentence: A crocus is not a"	bird	-6.9369793	▁bird	['flower', '___', '____', 'plant', '______']	neg	neg
"Complete the sentence below with only one category word.\nSentence: ""A crocus is not a ___."" Completed sentence: A crocus is not a"	flower	-1.7813454	▁flower	['flower', '___', '____', 'plant', '______']	neg	aff
"Complete the sentence below with only one category word.\nSentence: ""A raddish is a ___."" Completed sentence: A raddish is a"	vegetable	-0.9960346	▁vegetable	['vegetable', '___', '____', '__', 'fruit']	aff	aff
"Complete the sentence below with only one category word.\nSentence: ""A raddish is a ___."" Completed sentence: A raddish is a"	flower	-7.1217804	▁flower	['vegetable', '___', '____', '__', 'fruit']	aff	neg
"Complete the sentence below with only one category word.\nSentence: ""A raddish is not a ___."" Completed sentence: A raddish is not a"	flower	-6.673706	▁flower	['vegetable', '___', 'fruit', '____', '__']	neg	neg
"Complete the sentence below with only one category word.\nSentence: ""A raddish is not a ___."" Completed sentence: A raddish is not a"	vegetable	-1.136486	▁vegetable	['vegetable', '___', 'fruit', '____', '__']	neg	aff
"Complete the sentence below with only one category word.\nSentence: ""A delphinium is a ___."" Completed sentence: A delphinium is a"	flower	-1.5771999	▁flower	['flower', '___', 'plant', '____', '(']	aff	aff
"Complete the sentence below with only one category word.\nSentence: ""A delphinium is an ___."" Completed sentence: A delphinium is an"	insect	-7.313904	▁insect	['___', '___', '____', '__', '$\\']	aff	neg
"Complete the sentence below with only one category word.\nSentence: ""A delphinium is not an ___."" Completed sentence: A delphinium is not an"	insect	-6.2998333	▁insect	['___', '____', '__', '_______', '___']	neg	neg
"Complete the sentence below with only one category word.\nSentence: ""A delphinium is not a ___."" Completed sentence: A delphinium is not a"	flower	-2.0713234	▁flower	['___', 'flower', '____', 'plant', '$\\']	neg	aff
"Complete the sentence below with only one category word.\nSentence: ""A chisel is a ___."" Completed sentence: A chisel is a"	tool	-1.3171444	▁tool	['tool', '___', '____', 'hand', '__']	aff	aff
"Complete the sentence below with only one category word.\nSentence: ""A chisel is an ___."" Completed sentence: A chisel is an"	insect	-12.829996	▁insect	['___', '__', '____', 'tool', '______']	aff	neg
"Complete the sentence below with only one category word.\nSentence: ""A chisel is not an ___."" Completed sentence: A chisel is not an"	insect	-10.768299	▁insect	['___', '____', '__', '______', '_______']	neg	neg
"Complete the sentence below with only one category word.\nSentence: ""A chisel is not a ___."" Completed sentence: A chisel is not a"	tool	-1.8471928	▁tool	['tool', '___', '____', '______', '(']	neg	aff
"Complete the sentence below with only one category word.\nSentence: ""A money is a ___."" Completed sentence: A money is a"	currency	-3.6311436	▁currency	['___', '____', 'noun', '__', '________']	aff	aff
"Complete the sentence below with only one category word.\nSentence: ""A money is a ___."" Completed sentence: A money is a"	tool	-6.345745	▁tool	['___', '____', 'noun', '__', '________']	aff	neg
"Complete the sentence below with only one category word.\nSentence: ""A money is not a ___."" Completed sentence: A money is not a"	tool	-6.750204	▁tool	['___', '____', '__', '________', '___________']	neg	neg
"Complete the sentence below with only one category word.\nSentence: ""A money is not a ___."" Completed sentence: A money is not a"	currency	-3.9113712	▁currency	['___', '____', '__', '________', '___________']	neg	aff
"Complete the sentence below with only one category word.\nSentence: ""A boulder is a ___."" Completed sentence: A boulder is a"	rock	-1.976841	▁rock	['___', 'rock', '____', '__', '________']	aff	aff
"Complete the sentence below with only one category word.\nSentence: ""A boulder is a ___."" Completed sentence: A boulder is a"	mammal	-10.496482	▁mammal	['___', 'rock', '____', '__', '________']	aff	neg
"Complete the sentence below with only one category word.\nSentence: ""A boulder is not a ___."" Completed sentence: A boulder is not a"	mammal	-6.486204	▁mammal	['___', '____', '(', '__', '________']	neg	neg
"Complete the sentence below with only one category word.\nSentence: ""A boulder is not a ___."" Completed sentence: A boulder is not a"	rock	-3.1037045	▁rock	['___', '____', '(', '__', '________']	neg	aff
"Complete the sentence below with only one category word.\nSentence: ""A classroom is a ___."" Completed sentence: A classroom is a"	room	-4.368767	▁room	['___', '____', '(', '__', '_____']	aff	aff
"Complete the sentence below with only one category word.\nSentence: ""A classroom is a ___."" Completed sentence: A classroom is a"	tree	-13.632742	▁tree	['___', '____', '(', '__', '_____']	aff	neg
"Complete the sentence below with only one category word.\nSentence: ""A classroom is not a ___."" Completed sentence: A classroom is not a"	tree	-9.495836	▁tree	['___', '____', '_______', '_____', '________']	neg	neg
"Complete the sentence below with only one category word.\nSentence: ""A classroom is not a ___."" Completed sentence: A classroom is not a"	room	-5.8826237	▁room	['___', '____', '_______', '_____', '________']	neg	aff
"Complete the sentence below with only one category word.\nSentence: ""A park is a ___."" Completed sentence: A park is a"	place	-3.3662415	▁place	['___', '(', 'natural', '__', 'public']	aff	aff
"Complete the sentence below with only one category word.\nSentence: ""A park is an ___."" Completed sentence: A park is an"	insect	-13.252453	▁insect	['___', '__', '____', '$\\', 'outdoor']	aff	neg
"Complete the sentence below with only one category word.\nSentence: ""A park is not an ___."" Completed sentence: A park is not an"	insect	-10.440325	▁insect	['___', '____', '__', '$\\', '_______']	neg	neg
"Complete the sentence below with only one category word.\nSentence: ""A park is not a ___."" Completed sentence: A park is not a"	place	-3.8822613	▁place	['___', '____', '(', '__', '$\\']	neg	aff
"Complete the sentence below with only one category word.\nSentence: ""A drink is a ___."" Completed sentence: A drink is a"	beverage	-1.9256153	▁beverage	['___', 'beverage', '____', 'liquid', '(']	aff	aff
"Complete the sentence below with only one category word.\nSentence: ""A drink is a ___."" Completed sentence: A drink is a"	pie	-11.690845	▁pie	['___', 'beverage', '____', 'liquid', '(']	aff	neg
"Complete the sentence below with only one category word.\nSentence: ""A drink is not a ___."" Completed sentence: A drink is not a"	pie	-9.528603	▁pie	['___', '____', 'beverage', '(', '_______']	neg	neg
"Complete the sentence below with only one category word.\nSentence: ""A drink is not a ___."" Completed sentence: A drink is not a"	beverage	-2.4263363	▁beverage	['___', '____', 'beverage', '(', '_______']	neg	aff
"Complete the sentence below with only one category word.\nSentence: ""A dinosaur is a ___."" Completed sentence: A dinosaur is a"	reptile	-3.3621864	▁reptile	['___', '____', '__', 'vertebrate', '________']	aff	aff
"Complete the sentence below with only one category word.\nSentence: ""A dinosaur is a ___."" Completed sentence: A dinosaur is a"	mammal	-3.8516674	▁mammal	['___', '____', '__', 'vertebrate', '________']	aff	neg
"Complete the sentence below with only one category word.\nSentence: ""A dinosaur is not a ___."" Completed sentence: A dinosaur is not a"	mammal	-2.7077637	▁mammal	['___', '____', 'mammal', '__', '(']	neg	neg
"Complete the sentence below with only one category word.\nSentence: ""A dinosaur is not a ___."" Completed sentence: A dinosaur is not a"	reptile	-3.5587616	▁reptile	['___', '____', 'mammal', '__', '(']	neg	aff
"Complete the sentence below with only one category word.\nSentence: ""A gull is a ___."" Completed sentence: A gull is a"	bird	-1.1047592	▁bird	['bird', '___', '____', 'sea', '__']	aff	aff
"Complete the sentence below with only one category word.\nSentence: ""A gull is a ___."" Completed sentence: A gull is a"	mammal	-5.8345394	▁mammal	['bird', '___', '____', 'sea', '__']	aff	neg
"Complete the sentence below with only one category word.\nSentence: ""A gull is not a ___."" Completed sentence: A gull is not a"	mammal	-4.3575745	▁mammal	['___', 'bird', '____', '__', '______']	neg	neg
"Complete the sentence below with only one category word.\nSentence: ""A gull is not a ___."" Completed sentence: A gull is not a"	bird	-1.8152771	▁bird	['___', 'bird', '____', '__', '______']	neg	aff
"Complete the sentence below with only one category word.\nSentence: ""A liver is an ___."" Completed sentence: A liver is an"	organ	-0.49723816	▁organ	['organ', '___', 'internal', '__', '$\\']	aff	aff
"Complete the sentence below with only one category word.\nSentence: ""A liver is a ___."" Completed sentence: A liver is a"	glass	-12.324369	▁glass	['___', 'organ', '__', '(', '____']	aff	neg
"Complete the sentence below with only one category word.\nSentence: ""A liver is not a ___."" Completed sentence: A liver is not a"	glass	-10.978113	▁glass	['___', '__', '____', '(', 'organ']	neg	neg
"Complete the sentence below with only one category word.\nSentence: ""A liver is not an ___."" Completed sentence: A liver is not an"	organ	-0.7095871	▁organ	['organ', '___', '__', '____', '$\\']	neg	aff
"Complete the sentence below with only one category word.\nSentence: ""A coat is a ___."" Completed sentence: A coat is a"	garment	-4.5721207	▁garment	['___', '____', '__', '________', '______']	aff	aff
"Complete the sentence below with only one category word.\nSentence: ""A coat is a ___."" Completed sentence: A coat is a"	house	-10.815559	▁house	['___', '____', '__', '________', '______']	aff	neg
"Complete the sentence below with only one category word.\nSentence: ""A coat is not a ___."" Completed sentence: A coat is not a"	house	-9.688183	▁house	['___', '____', '__', '______', '_______']	neg	neg
"Complete the sentence below with only one category word.\nSentence: ""A coat is not a ___."" Completed sentence: A coat is not a"	garment	-6.0515957	▁garment	['___', '____', '__', '______', '_______']	neg	aff
"Complete the sentence below with only one category word.\nSentence: ""A bedroom is a ___."" Completed sentence: A bedroom is a"	room	-2.8167877	▁room	['___', '____', '__', 'room', '(']	aff	aff
"Complete the sentence below with only one category word.\nSentence: ""A bedroom is a ___."" Completed sentence: A bedroom is a"	house	-8.668507	▁house	['___', '____', '__', 'room', '(']	aff	neg
"Complete the sentence below with only one category word.\nSentence: ""A bedroom is not a ___."" Completed sentence: A bedroom is not a"	house	-7.5892906	▁house	['___', '____', '_______', '______', '$\\']	neg	neg
"Complete the sentence below with only one category word.\nSentence: ""A bedroom is not a ___."" Completed sentence: A bedroom is not a"	room	-3.422327	▁room	['___', '____', '_______', '______', '$\\']	neg	aff
"Complete the sentence below with only one category word.\nSentence: ""A garlic is a ___."" Completed sentence: A garlic is a"	vegetable	-1.3174381	▁vegetable	['vegetable', '___', '____', 'fruit', '__']	aff	aff
"Complete the sentence below with only one category word.\nSentence: ""A garlic is a ___."" Completed sentence: A garlic is a"	fruit	-2.8979855	▁fruit	['vegetable', '___', '____', 'fruit', '__']	aff	neg
"Complete the sentence below with only one category word.\nSentence: ""A garlic is not a ___."" Completed sentence: A garlic is not a"	fruit	-2.0137043	▁fruit	['vegetable', '___', 'fruit', '____', '__']	neg	neg
"Complete the sentence below with only one category word.\nSentence: ""A garlic is not a ___."" Completed sentence: A garlic is not a"	vegetable	-1.401247	▁vegetable	['vegetable', '___', 'fruit', '____', '__']	neg	aff
"Complete the sentence below with only one category word.\nSentence: ""A wallet is an ___."" Completed sentence: A wallet is an"	accessory	-1.9206238	▁accessory	['___', 'accessory', '__', '____', 'object']	aff	aff
"Complete the sentence below with only one category word.\nSentence: ""A wallet is a ___."" Completed sentence: A wallet is a"	food	-12.37663	▁food	['___', '__', 'container', '____', '(']	aff	neg
"Complete the sentence below with only one category word.\nSentence: ""A wallet is not a ___."" Completed sentence: A wallet is not a"	food	-9.01968	▁food	['___', '____', '__', '(', '______']	neg	neg
"Complete the sentence below with only one category word.\nSentence: ""A wallet is not an ___."" Completed sentence: A wallet is not an"	accessory	-3.2995243	▁accessory	['___', '____', '__', 'object', 'article']	neg	aff
"Complete the sentence below with only one category word.\nSentence: ""A race is a ___."" Completed sentence: A race is a"	competition	-2.5024853	▁competition	['competition', '___', '____', '________', '__']	aff	aff
"Complete the sentence below with only one category word.\nSentence: ""A race is a ___."" Completed sentence: A race is a"	party	-10.140007	▁party	['competition', '___', '____', '________', '__']	aff	neg
"Complete the sentence below with only one category word.\nSentence: ""A race is not a ___."" Completed sentence: A race is not a"	party	-8.946121	▁party	['____', '___', '________', '______', '_______']	neg	neg
"Complete the sentence below with only one category word.\nSentence: ""A race is not a ___."" Completed sentence: A race is not a"	competition	-3.1749477	▁competition	['____', '___', '________', '______', '_______']	neg	aff
"Complete the sentence below with only one category word.\nSentence: ""A university is an ___."" Completed sentence: A university is an"	institution	-2.7504978	▁institution	['___', 'academic', 'educational', '____', 'institution']	aff	aff
"Complete the sentence below with only one category word.\nSentence: ""A university is a ___."" Completed sentence: A university is a"	tree	-12.7901125	▁tree	['(', '___', '____', '_____', '\\']	aff	neg
"Complete the sentence below with only one category word.\nSentence: ""A university is not a ___."" Completed sentence: A university is not a"	tree	-9.425392	▁tree	['____', '___', '(', '_______', '\\']	neg	neg
"Complete the sentence below with only one category word.\nSentence: ""A university is not an ___."" Completed sentence: A university is not an"	institution	-2.6953907	▁institution	['___', '____', 'institution', '__', 'academic']	neg	aff
"Complete the sentence below with only one category word.\nSentence: ""A belt is an ___."" Completed sentence: A belt is an"	accessory	-0.84978485	▁accessory	['accessory', '___', 'article', '__', '____']	aff	aff
"Complete the sentence below with only one category word.\nSentence: ""A belt is a ___."" Completed sentence: A belt is a"	food	-10.763129	▁food	['___', '____', 'belt', 'noun', '__']	aff	neg
"Complete the sentence below with only one category word.\nSentence: ""A belt is not a ___."" Completed sentence: A belt is not a"	food	-7.798918	▁food	['___', '____', '(', '__', '______']	neg	neg
"Complete the sentence below with only one category word.\nSentence: ""A belt is not an ___."" Completed sentence: A belt is not an"	accessory	-2.1244907	▁accessory	['___', 'accessory', 'article', '____', '__']	neg	aff
"Complete the sentence below with only one category word.\nSentence: ""A carp is a ___."" Completed sentence: A carp is a"	fish	-0.8529434	▁fish	['fish', '___', 'type', 'freshwater', '']	aff	aff
"Complete the sentence below with only one category word.\nSentence: ""A carp is a ___."" Completed sentence: A carp is a"	reptile	-11.04386	▁reptile	['fish', '___', 'type', 'freshwater', '']	aff	neg
"Complete the sentence below with only one category word.\nSentence: ""A carp is not a ___."" Completed sentence: A carp is not a"	reptile	-7.8135853	▁reptile	['fish', '___', '____', '$\\', '(']	neg	neg
"Complete the sentence below with only one category word.\nSentence: ""A carp is not a ___."" Completed sentence: A carp is not a"	fish	-1.1295376	▁fish	['fish', '___', '____', '$\\', '(']	neg	aff
"Complete the sentence below with only one category word.\nSentence: ""A washer is a ___."" Completed sentence: A washer is a"	machine	-4.4328804	▁machine	['___', 'tool', 'noun', '____', 'household']	aff	aff
"Complete the sentence below with only one category word.\nSentence: ""A washer is a ___."" Completed sentence: A washer is a"	person	-7.7644653	▁person	['___', 'tool', 'noun', '____', 'household']	aff	neg
"Complete the sentence below with only one category word.\nSentence: ""A washer is not a ___."" Completed sentence: A washer is not a"	person	-7.1157036	▁person	['___', '____', '(', '__', '$\\']	neg	neg
"Complete the sentence below with only one category word.\nSentence: ""A washer is not a ___."" Completed sentence: A washer is not a"	machine	-5.5333176	▁machine	['___', '____', '(', '__', '$\\']	neg	aff
"Complete the sentence below with only one category word.\nSentence: ""A dryer is a ___."" Completed sentence: A dryer is a"	machine	-4.2637825	▁machine	['___', '(', 'household', '____', '_____']	aff	aff
"Complete the sentence below with only one category word.\nSentence: ""A dryer is a ___."" Completed sentence: A dryer is a"	place	-11.134156	▁place	['___', '(', 'household', '____', '_____']	aff	neg
"Complete the sentence below with only one category word.\nSentence: ""A dryer is not a ___."" Completed sentence: A dryer is not a"	place	-8.594711	▁place	['___', '____', '(', '__', '$\\']	neg	neg
"Complete the sentence below with only one category word.\nSentence: ""A dryer is not a ___."" Completed sentence: A dryer is not a"	machine	-5.0377636	▁machine	['___', '____', '(', '__', '$\\']	neg	aff
"Complete the sentence below with only one category word.\nSentence: ""A stove is a ___."" Completed sentence: A stove is a"	device	-5.3726482	▁device	['___', '(', '____', 'noun', '__']	aff	aff
"Complete the sentence below with only one category word.\nSentence: ""A stove is a ___."" Completed sentence: A stove is a"	room	-6.4588203	▁room	['___', '(', '____', 'noun', '__']	aff	neg
"Complete the sentence below with only one category word.\nSentence: ""A stove is not a ___."" Completed sentence: A stove is not a"	room	-5.8976154	▁room	['___', '____', '(', '\\', '$\\']	neg	neg
"Complete the sentence below with only one category word.\nSentence: ""A stove is not a ___."" Completed sentence: A stove is not a"	device	-6.3996983	▁device	['___', '____', '(', '\\', '$\\']	neg	aff
"Complete the sentence below with only one category word.\nSentence: ""A souffle is a ___."" Completed sentence: A souffle is a"	recipe	-4.454811	▁recipe	['___', '__', '____', 'dessert', 'baked']	aff	aff
"Complete the sentence below with only one category word.\nSentence: ""A souffle is a ___."" Completed sentence: A souffle is a"	tool	-11.958448	▁tool	['___', '__', '____', 'dessert', 'baked']	aff	neg
"Complete the sentence below with only one category word.\nSentence: ""A souffle is not a ___."" Completed sentence: A souffle is not a"	tool	-10.3173065	▁tool	['___', '____', '(', '__', 'dessert']	neg	neg
"Complete the sentence below with only one category word.\nSentence: ""A souffle is not a ___."" Completed sentence: A souffle is not a"	recipe	-4.7726727	▁recipe	['___', '____', '(', '__', 'dessert']	neg	aff
"Complete the sentence below with only one category word.\nSentence: ""A plum is a ___."" Completed sentence: A plum is a"	fruit	-0.56773376	▁fruit	['fruit', '___', '____', '$\\', 'kind']	aff	aff
"Complete the sentence below with only one category word.\nSentence: ""A plum is a ___."" Completed sentence: A plum is a"	tool	-10.976211	▁tool	['fruit', '___', '____', '$\\', 'kind']	aff	neg
"Complete the sentence below with only one category word.\nSentence: ""A plum is not a ___."" Completed sentence: A plum is not a"	tool	-9.120478	▁tool	['fruit', '____', '___', '$\\', 'vegetable']	neg	neg
"Complete the sentence below with only one category word.\nSentence: ""A plum is not a ___."" Completed sentence: A plum is not a"	fruit	-0.86418533	▁fruit	['fruit', '____', '___', '$\\', 'vegetable']	neg	aff
"Complete the sentence below with only one category word.\nSentence: ""A meeting is an ___."" Completed sentence: A meeting is an"	event	-5.0684414	▁event	['___', '__', '____', '______', '_____']	aff	aff
"Complete the sentence below with only one category word.\nSentence: ""A meeting is a ___."" Completed sentence: A meeting is a"	person	-5.73238	▁person	['___', '____', '______', '(', '__']	aff	neg
"Complete the sentence below with only one category word.\nSentence: ""A meeting is not a ___."" Completed sentence: A meeting is not a"	person	-7.7936096	▁person	['____', '___', '________', '______', '(']	neg	neg
"Complete the sentence below with only one category word.\nSentence: ""A meeting is not an ___."" Completed sentence: A meeting is not an"	event	-4.5325356	▁event	['___', '____', '__', '_______', '______']	neg	aff
"Complete the sentence below with only one category word.\nSentence: ""An anvil is a ___."" Completed sentence: An anvil is a"	tool	-1.8380394	▁tool	['tool', '___', 'noun', '____', '(']	aff	aff
"Complete the sentence below with only one category word.\nSentence: ""An anvil is a ___."" Completed sentence: An anvil is a"	rock	-5.90501	▁rock	['tool', '___', 'noun', '____', '(']	aff	neg
"Complete the sentence below with only one category word.\nSentence: ""An anvil is not a ___."" Completed sentence: An anvil is not a"	rock	-5.7278767	▁rock	['___', '____', 'tool', '(', '$\\']	neg	neg
"Complete the sentence below with only one category word.\nSentence: ""An anvil is not a ___."" Completed sentence: An anvil is not a"	tool	-2.8898659	▁tool	['___', '____', 'tool', '(', '$\\']	neg	aff
"Complete the sentence below with only one category word.\nSentence: ""A scissor is a ___."" Completed sentence: A scissor is a"	tool	-1.2229614	▁tool	['tool', '___', '____', 'noun', '(']	aff	aff
"Complete the sentence below with only one category word.\nSentence: ""A scissor is a ___."" Completed sentence: A scissor is a"	plant	-10.333491	▁plant	['tool', '___', '____', 'noun', '(']	aff	neg
"Complete the sentence below with only one category word.\nSentence: ""An scissor is not a ___."" Completed sentence: An scissor is not a"	plant	-7.4309483	▁plant	['___', 'tool', '____', '__', '\\']	neg	neg
"Complete the sentence below with only one category word.\nSentence: ""An scissor is not a ___."" Completed sentence: An scissor is not a"	tool	-1.671135	▁tool	['___', 'tool', '____', '__', '\\']	neg	aff
"Complete the sentence below with only one category word.\nSentence: ""A screw is a ___."" Completed sentence: A screw is a"	tool	-2.5128155	▁tool	['___', 'tool', 'fastener', '________', 'noun']	aff	aff
"Complete the sentence below with only one category word.\nSentence: ""A screw is a ___."" Completed sentence: A screw is a"	drink	-13.521682	▁drink	['___', 'tool', 'fastener', '________', 'noun']	aff	neg
"Complete the sentence below with only one category word.\nSentence: ""A screw is not a ___."" Completed sentence: A screw is not a"	drink	-10.612852	▁drink	['___', '____', '(', 'noun', '\\']	neg	neg
"Complete the sentence below with only one category word.\nSentence: ""A screw is not a ___."" Completed sentence: A screw is not a"	tool	-3.2433167	▁tool	['___', '____', '(', 'noun', '\\']	neg	aff
"Complete the sentence below with only one category word.\nSentence: ""A manager is a ___."" Completed sentence: A manager is a"	supervisor	-5.055643	▁supervisor	['person', '(', '___', '____', '__']	aff	aff
"Complete the sentence below with only one category word.\nSentence: ""A manager is a ___."" Completed sentence: A manager is a"	place	-9.227333	▁place	['person', '(', '___', '____', '__']	aff	neg
"Complete the sentence below with only one category word.\nSentence: ""A manager is not a ___."" Completed sentence: A manager is not a"	place	-9.7957115	▁place	['____', '___', '(', '_______', '________']	neg	neg
"Complete the sentence below with only one category word.\nSentence: ""A manager is not a ___."" Completed sentence: A manager is not a"	supervisor	-4.6679516	▁supervisor	['____', '___', '(', '_______', '________']	neg	aff
"Complete the sentence below with only one category word.\nSentence: ""A motel is a ___."" Completed sentence: A motel is a"	building	-5.618059	▁building	['type', '___', 'place', '(', 'hotel']	aff	aff
"Complete the sentence below with only one category word.\nSentence: ""A motel is an ___."" Completed sentence: A motel is an"	animal	-8.265297	▁animal	['___', 'example', '__', '____', 'accommodation']	aff	neg
"Complete the sentence below with only one category word.\nSentence: ""A model is not an ___."" Completed sentence: A model is not an"	animal	-6.710293	▁animal	['___', '____', '__', '____', '________']	neg	neg
"Complete the sentence below with only one category word.\nSentence: ""A model is not a ___."" Completed sentence: A model is not a"	building	-8.079048	▁building	['___', '____', '________', '__', '_______']	neg	aff
"Complete the sentence below with only one category word.\nSentence: ""An autobiography is a ___."" Completed sentence: An autobiography is a"	book	-4.753687	▁book	['___', '____', '(', '__', '________']	aff	aff
"Complete the sentence below with only one category word.\nSentence: ""An autobiography is a ___."" Completed sentence: An autobiography is a"	chair	-15.52037	▁chair	['___', '____', '(', '__', '________']	aff	neg
"Complete the sentence below with only one category word.\nSentence: ""An autobiography is not a ___."" Completed sentence: An autobiography is not a"	chair	-13.334643	▁chair	['___', '____', '__', '(', '$\\']	neg	neg
"Complete the sentence below with only one category word.\nSentence: ""An autobiography is not a ___."" Completed sentence: An autobiography is not a"	book	-4.93565	▁book	['___', '____', '__', '(', '$\\']	neg	aff
"Complete the sentence below with only one category word.\nSentence: ""A wren is a ___."" Completed sentence: A wren is a"	bird	-1.0040703	▁bird	['bird', '___', 'small', 'type', '____']	aff	aff
"Complete the sentence below with only one category word.\nSentence: ""A wren is a ___."" Completed sentence: A wren is a"	mammal	-6.552122	▁mammal	['bird', '___', 'small', 'type', '____']	aff	neg
"Complete the sentence below with only one category word.\nSentence: ""A wren is not a ___."" Completed sentence: A wren is not a"	mammal	-4.459278	▁mammal	['bird', '___', '____', '______', '__']	neg	neg
"Complete the sentence below with only one category word.\nSentence: ""A wren is not a ___."" Completed sentence: A wren is not a"	bird	-1.6048546	▁bird	['bird', '___', '____', '______', '__']	neg	aff
"Complete the sentence below with only one category word.\nSentence: ""A spider is an ___."" Completed sentence: A spider is an"	arachnid	-2.6699066	▁arach	['animal', 'invertebrate', 'insect', 'ar', '___']	aff	aff
"Complete the sentence below with only one category word.\nSentence: ""A spider is a ___."" Completed sentence: A spider is a"	plant	-7.632971	▁plant	['___', '(', '__', '____', 'invertebrate']	aff	neg
"Complete the sentence below with only one category word.\nSentence: ""A spider is not a ___."" Completed sentence: A spider is not a"	plant	-5.684822	▁plant	['___', '____', '(', '__', '$\\']	neg	neg
"Complete the sentence below with only one category word.\nSentence: ""A spider is not an ___."" Completed sentence: A spider is not an"	arachnid	-3.5108738	▁arach	['animal', '___', 'insect', 'invertebrate', '__']	neg	aff
"Complete the sentence below with only one category word.\nSentence: ""A blouse is a ___."" Completed sentence: A blouse is a"	clothing	-3.7248096	▁clothing	['___', '____', 'top', '__', 'shirt']	aff	aff
"Complete the sentence below with only one category word.\nSentence: ""A blouse is a ___."" Completed sentence: A blouse is a"	jewelry	-11.184187	▁jewelry	['___', '____', 'top', '__', 'shirt']	aff	neg
"Complete the sentence below with only one category word.\nSentence: ""A blouse is not a ___."" Completed sentence: A blouse is not a"	jewelry	-9.776344	▁jewelry	['___', '____', '__', '______', '(']	neg	neg
"Complete the sentence below with only one category word.\nSentence: ""A blouse is not a ___."" Completed sentence: A blouse is not a"	clothing	-5.3990364	▁clothing	['___', '____', '__', '______', '(']	neg	aff
"Complete the sentence below with only one category word.\nSentence: ""A cape is a ___."" Completed sentence: A cape is a"	clothing	-4.4433002	▁clothing	['___', 'type', '____', '_______', 'piece']	aff	aff
"Complete the sentence below with only one category word.\nSentence: ""A cape is a ___."" Completed sentence: A cape is a"	drink	-11.273207	▁drink	['___', 'type', '____', '_______', 'piece']	aff	neg
"Complete the sentence below with only one category word.\nSentence: ""A cape is not a ___."" Completed sentence: A cape is not a"	drink	-10.346397	▁drink	['___', '____', '_______', '______', '__']	neg	neg
"Complete the sentence below with only one category word.\nSentence: ""A cape is not a ___."" Completed sentence: A cape is not a"	clothing	-5.2361794	▁clothing	['___', '____', '_______', '______', '__']	neg	aff
"Complete the sentence below with only one category word.\nSentence: ""A metro is a ___."" Completed sentence: A metro is a"	train	-4.093109	▁train	['public', '___', 'transportation', 'type', '____']	aff	aff
"Complete the sentence below with only one category word.\nSentence: ""A metro is a ___."" Completed sentence: A metro is a"	bus	-5.4370384	▁bus	['public', '___', 'transportation', 'type', '____']	aff	neg
"Complete the sentence below with only one category word.\nSentence: ""A metro is not a ___."" Completed sentence: A metro is not a"	bus	-4.42083	▁bus	['___', '____', 'vehicle', '__', 'public']	neg	neg
"Complete the sentence below with only one category word.\nSentence: ""A metro is not a ___."" Completed sentence: A metro is not a"	train	-3.85042	▁train	['___', '____', 'vehicle', '__', 'public']	neg	aff
"Complete the sentence below with only one category word.\nSentence: ""A macaw is a ___."" Completed sentence: A macaw is a"	bird	-1.1844177	▁bird	['bird', '___', '____', 'type', '(']	aff	aff
"Complete the sentence below with only one category word.\nSentence: ""A macaw is a ___."" Completed sentence: A macaw is a"	grain	-12.6796255	▁grain	['bird', '___', '____', 'type', '(']	aff	neg
"Complete the sentence below with only one category word.\nSentence: ""A macaw is not a ___."" Completed sentence: A macaw is not a"	grain	-11.341664	▁grain	['bird', '___', '____', '______', '__']	neg	neg
"Complete the sentence below with only one category word.\nSentence: ""A macaw is not a ___."" Completed sentence: A macaw is not a"	bird	-1.7606583	▁bird	['bird', '___', '____', '______', '__']	neg	aff
"Complete the sentence below with only one category word.\nSentence: ""An eel is a ___."" Completed sentence: An eel is a"	fish	-1.2464542	▁fish	['fish', '___', '(', '____', '__']	aff	aff
"Complete the sentence below with only one category word.\nSentence: ""An eel is a ___."" Completed sentence: An eel is a"	vegetable	-8.125887	▁vegetable	['fish', '___', '(', '____', '__']	aff	neg
"Complete the sentence below with only one category word.\nSentence: ""An eel is not a ___."" Completed sentence: An eel is not a"	vegetable	-6.087246	▁vegetable	['fish', '___', '____', '(', '__']	neg	neg
"Complete the sentence below with only one category word.\nSentence: ""An eel is not a ___."" Completed sentence: An eel is not a"	fish	-1.590313	▁fish	['fish', '___', '____', '(', '__']	neg	aff
"Complete the sentence below with only one category word.\nSentence: ""A pelican is a ___."" Completed sentence: A pelican is a"	bird	-0.66949654	▁bird	['bird', '___', '____', '__', '$\\']	aff	aff
"Complete the sentence below with only one category word.\nSentence: ""A pelican is a ___."" Completed sentence: A pelican is a"	bacterium	-9.135387	▁B	['bird', '___', '____', '__', '$\\']	aff	neg
"Complete the sentence below with only one category word.\nSentence: ""A pelican is not a ___."" Completed sentence: A pelican is not a"	bacterium	-10.123739	▁B	['bird', '___', '____', '__', '\\']	neg	neg
"Complete the sentence below with only one category word.\nSentence: ""A pelican is not a ___."" Completed sentence: A pelican is not a"	bird	-1.3891411	▁bird	['bird', '___', '____', '__', '\\']	neg	aff
"Complete the sentence below with only one category word.\nSentence: ""A bunny is an ___."" Completed sentence: A bunny is an"	animal	-0.5674076	▁animal	['animal', '___', '__', '____', 'mammal']	aff	aff
"Complete the sentence below with only one category word.\nSentence: ""A bunny is a ___."" Completed sentence: A bunny is a"	fungus	-13.984778	▁fungus	['mammal', '___', '__', '____', 'animal']	aff	neg
"Complete the sentence below with only one category word.\nSentence: ""A bunny is not a ___."" Completed sentence: A bunny is not a"	fungus	-13.098886	▁fungus	['___', '____', 'mammal', '__', 'animal']	neg	neg
"Complete the sentence below with only one category word.\nSentence: ""A bunny is not an ___."" Completed sentence: A bunny is not an"	animal	-0.8734665	▁animal	['animal', '___', '__', '____', 'mammal']	neg	aff
"Complete the sentence below with only one category word.\nSentence: ""A spaceship is a ___."" Completed sentence: A spaceship is a"	vehicle	-3.0710793	▁vehicle	['___', '____', 'noun', 'vehicle', '__']	aff	aff
"Complete the sentence below with only one category word.\nSentence: ""A spaceship is a ___."" Completed sentence: A spaceship is a"	toy	-7.2538776	▁toy	['___', '____', 'noun', 'vehicle', '__']	aff	neg
"Complete the sentence below with only one category word.\nSentence: ""A spaceship is not a ___."" Completed sentence: A spaceship is not a"	toy	-7.0833225	▁toy	['___', '____', '__', '$\\', '\\']	neg	neg
"Complete the sentence below with only one category word.\nSentence: ""A spaceship is not a ___."" Completed sentence: A spaceship is not a"	vehicle	-3.445181	▁vehicle	['___', '____', '__', '$\\', '\\']	neg	aff
"Complete the sentence below with only one category word.\nSentence: ""A toucan is a ___."" Completed sentence: A toucan is a"	bird	-0.7353592	▁bird	['bird', '___', '____', '__', '(']	aff	aff
"Complete the sentence below with only one category word.\nSentence: ""A toucan is a ___."" Completed sentence: A toucan is a"	fruit	-6.469597	▁fruit	['bird', '___', '____', '__', '(']	aff	neg
"Complete the sentence below with only one category word.\nSentence: ""A toucan is not a ___."" Completed sentence: A toucan is not a"	fruit	-4.9209023	▁fruit	['bird', '___', '____', '__', '______']	neg	neg
"Complete the sentence below with only one category word.\nSentence: ""A toucan is not a ___."" Completed sentence: A toucan is not a"	bird	-1.373148	▁bird	['bird', '___', '____', '__', '______']	neg	aff
"Complete the sentence below with only one category word.\nSentence: ""A koi is a ___."" Completed sentence: A koi is a"	fish	-1.0105515	▁fish	['fish', '___', 'type', 'kind', '____']	aff	aff
"Complete the sentence below with only one category word.\nSentence: ""A koi is a ___."" Completed sentence: A koi is a"	plant	-7.4783325	▁plant	['fish', '___', 'type', 'kind', '____']	aff	neg
"Complete the sentence below with only one category word.\nSentence: ""A koi is not a ___."" Completed sentence: A koi is not a"	plant	-5.8486805	▁plant	['fish', '___', '____', '__', '(']	neg	neg
"Complete the sentence below with only one category word.\nSentence: ""A koi is not a ___."" Completed sentence: A koi is not a"	fish	-1.4296417	▁fish	['fish', '___', '____', '__', '(']	neg	aff
"Complete the sentence below with only one category word.\nSentence: ""A brush is a ___."" Completed sentence: A brush is a"	tool	-1.268671	▁tool	['tool', '___', '____', '(', 'household']	aff	aff
"Complete the sentence below with only one category word.\nSentence: ""A brush is a ___."" Completed sentence: A brush is a"	toy	-8.821798	▁toy	['tool', '___', '____', '(', 'household']	aff	neg
"Complete the sentence below with only one category word.\nSentence: ""A brush is not a ___."" Completed sentence: A brush is not a"	toy	-7.4705505	▁toy	['___', 'tool', '____', '(', '$\\']	neg	neg
"Complete the sentence below with only one category word.\nSentence: ""A brush is not a ___."" Completed sentence: A brush is not a"	tool	-2.350109	▁tool	['___', 'tool', '____', '(', '$\\']	neg	aff
"Complete the sentence below with only one category word.\nSentence: ""A wheelbarrow is a ___."" Completed sentence: A wheelbarrow is a"	vehicle	-3.356968	▁vehicle	['___', 'tool', '____', '$\\', 'noun']	aff	aff
"Complete the sentence below with only one category word.\nSentence: ""A wheelbarrow is a ___."" Completed sentence: A wheelbarrow is a"	flower	-11.214886	▁flower	['___', 'tool', '____', '$\\', 'noun']	aff	neg
"Complete the sentence below with only one category word.\nSentence: ""A wheelbarrow is not a ___."" Completed sentence: A wheelbarrow is not a"	flower	-8.264254	▁flower	['___', '____', '$\\', '______', '(']	neg	neg
"Complete the sentence below with only one category word.\nSentence: ""A wheelbarrow is not a ___."" Completed sentence: A wheelbarrow is not a"	vehicle	-3.6731567	▁vehicle	['___', '____', '$\\', '______', '(']	neg	aff
"Complete the sentence below with only one category word.\nSentence: ""A unicycle is a ___."" Completed sentence: A unicycle is a"	vehicle	-2.4915752	▁vehicle	['___', 'vehicle', '____', '__', 'two']	aff	aff
"Complete the sentence below with only one category word.\nSentence: ""A unicycle is a ___."" Completed sentence: A unicycle is a"	flower	-10.814748	▁flower	['___', 'vehicle', '____', '__', 'two']	aff	neg
"Complete the sentence below with only one category word.\nSentence: ""A unicycle is not a ___."" Completed sentence: A unicycle is not a"	flower	-9.345703	▁flower	['___', '____', '__', '$\\', 'vehicle']	neg	neg
"Complete the sentence below with only one category word.\nSentence: ""A unicycle is not a ___."" Completed sentence: A unicycle is not a"	vehicle	-2.9706535	▁vehicle	['___', '____', '__', '$\\', 'vehicle']	neg	aff
"Complete the sentence below with only one category word.\nSentence: ""A bike is a ___."" Completed sentence: A bike is a"	machine	-5.4086914	▁machine	['___', 'vehicle', '____', '__', 'noun']	aff	aff
"Complete the sentence below with only one category word.\nSentence: ""A bike is a ___."" Completed sentence: A bike is a"	flower	-11.568395	▁flower	['___', 'vehicle', '____', '__', 'noun']	aff	neg
"Complete the sentence below with only one category word.\nSentence: ""A bike is not a ___."" Completed sentence: A bike is not a"	flower	-8.929516	▁flower	['___', '____', 'vehicle', '__', '(']	neg	neg
"Complete the sentence below with only one category word.\nSentence: ""A bike is not a ___."" Completed sentence: A bike is not a"	machine	-6.4396496	▁machine	['___', '____', 'vehicle', '__', '(']	neg	aff
"Complete the sentence below with only one category word.\nSentence: ""A skateboard is a ___."" Completed sentence: A skateboard is a"	vehicle	-3.7816162	▁vehicle	['___', '____', '__', 'noun', '$\\']	aff	aff
"Complete the sentence below with only one category word.\nSentence: ""A skateboard is a ___."" Completed sentence: A skateboard is a"	flower	-13.60635	▁flower	['___', '____', '__', 'noun', '$\\']	aff	neg
"Complete the sentence below with only one category word.\nSentence: ""A skateboard is not a ___."" Completed sentence: A skateboard is not a"	flower	-10.590452	▁flower	['___', '____', '__', '(', '$\\']	neg	neg
"Complete the sentence below with only one category word.\nSentence: ""A skateboard is not a ___."" Completed sentence: A skateboard is not a"	vehicle	-3.529932	▁vehicle	['___', '____', '__', '(', '$\\']	neg	aff
"Complete the sentence below with only one category word.\nSentence: ""A stroller is a ___."" Completed sentence: A stroller is a"	vehicle	-3.2461643	▁vehicle	['___', 'baby', 'stroller', '____', 'vehicle']	aff	aff
"Complete the sentence below with only one category word.\nSentence: ""A stroller is a ___."" Completed sentence: A stroller is a"	flower	-12.17971	▁flower	['___', 'baby', 'stroller', '____', 'vehicle']	aff	neg
"Complete the sentence below with only one category word.\nSentence: ""A stroller is not a ___."" Completed sentence: A stroller is not a"	flower	-9.018505	▁flower	['___', '____', 'vehicle', '__', '(']	neg	neg
"Complete the sentence below with only one category word.\nSentence: ""A stroller is not a ___."" Completed sentence: A stroller is not a"	vehicle	-2.9784908	▁vehicle	['___', '____', 'vehicle', '__', '(']	neg	aff
"Complete the sentence below with only one category word.\nSentence: ""A wagon is a ___."" Completed sentence: A wagon is a"	vehicle	-1.6861877	▁vehicle	['___', 'vehicle', 'noun', '____', '__']	aff	aff
"Complete the sentence below with only one category word.\nSentence: ""A wagon is a ___."" Completed sentence: A wagon is a"	flower	-12.331901	▁flower	['___', 'vehicle', 'noun', '____', '__']	aff	neg
"Complete the sentence below with only one category word.\nSentence: ""A wagon is not a ___."" Completed sentence: A wagon is not a"	flower	-9.403767	▁flower	['___', 'vehicle', '____', '$\\', '\\']	neg	neg
"Complete the sentence below with only one category word.\nSentence: ""A wagon is not a ___."" Completed sentence: A wagon is not a"	vehicle	-2.0865707	▁vehicle	['___', 'vehicle', '____', '$\\', '\\']	neg	aff
"Complete the sentence below with only one category word.\nSentence: ""A corporation is a ___."" Completed sentence: A corporation is a"	business	-3.1848488	▁business	['____', '___', '(', '_____', 'legal']	aff	aff
"Complete the sentence below with only one category word.\nSentence: ""A corporation is a ___."" Completed sentence: A corporation is a"	toy	-14.330221	▁toy	['____', '___', '(', '_____', 'legal']	aff	neg
"Complete the sentence below with only one category word.\nSentence: ""A corporation is not a ___."" Completed sentence: A corporation is not a"	toy	-12.459117	▁toy	['___', '____', '(', '__', '________']	neg	neg
"Complete the sentence below with only one category word.\nSentence: ""A corporation is not a ___."" Completed sentence: A corporation is not a"	business	-4.4559364	▁business	['___', '____', '(', '__', '________']	neg	aff
"Complete the sentence below with only one category word.\nSentence: ""A camera is a ___."" Completed sentence: A camera is a"	device	-3.7592964	▁device	['___', '(', '____', 'tool', 'noun']	aff	aff
"Complete the sentence below with only one category word.\nSentence: ""A camera is a ___."" Completed sentence: A camera is a"	plant	-11.478645	▁plant	['___', '(', '____', 'tool', 'noun']	aff	neg
"Complete the sentence below with only one category word.\nSentence: ""A camera is not a ___."" Completed sentence: A camera is not a"	plant	-8.663006	▁plant	['___', '____', '(', '_______', 'tool']	neg	neg
"Complete the sentence below with only one category word.\nSentence: ""A camera is not a ___."" Completed sentence: A camera is not a"	device	-5.5297546	▁device	['___', '____', '(', '_______', 'tool']	neg	aff
"Complete the sentence below with only one category word.\nSentence: ""A chainsaw is a ___."" Completed sentence: A chainsaw is a"	tool	-1.357317	▁tool	['tool', '___', 'power', '____', '(']	aff	aff
"Complete the sentence below with only one category word.\nSentence: ""A chainsaw is a ___."" Completed sentence: A chainsaw is a"	toy	-8.332993	▁toy	['tool', '___', 'power', '____', '(']	aff	neg
"Complete the sentence below with only one category word.\nSentence: ""A chainsaw is not a ___."" Completed sentence: A chainsaw is not a"	toy	-6.238756	▁toy	['___', 'tool', '____', '(', '\\']	neg	neg
"Complete the sentence below with only one category word.\nSentence: ""A chainsaw is not a ___."" Completed sentence: A chainsaw is not a"	tool	-2.0841389	▁tool	['___', 'tool', '____', '(', '\\']	neg	aff
"Complete the sentence below with only one category word.\nSentence: ""A bobcat is a ___."" Completed sentence: A bobcat is a"	carnivore	-4.298649	▁carni	['mammal', '___', '____', 'wild', '__']	aff	aff
"Complete the sentence below with only one category word.\nSentence: ""A bobcat is a ___."" Completed sentence: A bobcat is a"	plant	-7.9107285	▁plant	['mammal', '___', '____', 'wild', '__']	aff	neg
"Complete the sentence below with only one category word.\nSentence: ""A bobcat is not a ___."" Completed sentence: A bobcat is not a"	plant	-6.539871	▁plant	['___', '____', 'mammal', '__', '______']	neg	neg
"Complete the sentence below with only one category word.\nSentence: ""A bobcat is not a ___."" Completed sentence: A bobcat is not a"	carnivore	-4.363001	▁carni	['___', '____', 'mammal', '__', '______']	neg	aff
"Complete the sentence below with only one category word.\nSentence: ""A tractor is a ___."" Completed sentence: A tractor is a"	machine	-3.357626	▁machine	['___', 'vehicle', '____', 'farm', '(']	aff	aff
"Complete the sentence below with only one category word.\nSentence: ""A tractor is an ___."" Completed sentence: A tractor is an"	animal	-3.7567291	▁animal	['___', '__', '____', 'agricultural', '___']	aff	neg
"Complete the sentence below with only one category word.\nSentence: ""A tractor is not an ___."" Completed sentence: A tractor is not an"	animal	-2.4902554	▁animal	['___', '____', 'animal', '__', 'object']	neg	neg
"Complete the sentence below with only one category word.\nSentence: ""A tractor is not a ___."" Completed sentence: A tractor is not a"	machine	-5.039049	▁machine	['___', '____', 'vehicle', '(', '\\']	neg	aff
"Complete the sentence below with only one category word.\nSentence: ""A camel is a ___."" Completed sentence: A camel is a"	mammals	-5.9217606	▁mammals	['mammal', '___', 'land', 'noun', 'quadru']	aff	aff
"Complete the sentence below with only one category word.\nSentence: ""A camel is a ___."" Completed sentence: A camel is a"	reptile	-4.9966927	▁reptile	['mammal', '___', 'land', 'noun', 'quadru']	aff	neg
"Complete the sentence below with only one category word.\nSentence: ""A camel is not a ___."" Completed sentence: A camel is not a"	reptile	-4.416092	▁reptile	['mammal', '___', '____', '\\', '(']	neg	neg
"Complete the sentence below with only one category word.\nSentence: ""A camel is not a ___."" Completed sentence: A camel is not a"	mammals	-6.723364	▁mammals	['mammal', '___', '____', '\\', '(']	neg	aff
"Complete the sentence below with only one category word.\nSentence: ""An apartment is a ___."" Completed sentence: An apartment is a"	house	-5.5691624	▁house	['___', '____', '__', 'type', '(']	aff	aff
"Complete the sentence below with only one category word.\nSentence: ""An apartment is a ___."" Completed sentence: An apartment is a"	plant	-11.453302	▁plant	['___', '____', '__', 'type', '(']	aff	neg
"Complete the sentence below with only one category word.\nSentence: ""An apartment is not a ___."" Completed sentence: An apartment is not a"	plant	-9.172018	▁plant	['___', '____', '$\\', '_______', '__']	neg	neg
"Complete the sentence below with only one category word.\nSentence: ""An apartment is not a ___."" Completed sentence: An apartment is not a"	house	-4.409704	▁house	['___', '____', '$\\', '_______', '__']	neg	aff
