context	target	target_logprob	ctx_polarity	tgt_polarity
A cat is an animal.	animal	-0.9236409068107605	aff	aff
A cat is a machine.	machine	-3.6339731216430664	aff	neg
A cat is not a machine.	machine	-1.9686487913131714	neg	neg
A cat is not an animal.	animal	-0.7943458557128906	neg	aff
A computer is a machine.	machine	-0.7822222709655762	aff	aff
A computer is a person.	person	-1.9158860445022583	aff	neg
A computer is not a person.	person	-0.9078995585441589	neg	neg
A computer is not a machine.	machine	-1.2598659992218018	neg	aff
A book is a text.	text	-1.861118197441101	aff	aff
A book is a person.	person	-1.9433178901672363	aff	neg
A book is not a person.	person	-1.0973997116088867	neg	neg
A book is not a text.	text	-1.6073108911514282	neg	aff
A dog is an animal.	animal	-0.776298999786377	aff	aff
A dog is a plant.	plant	-4.2291579246521	aff	neg
A dog is not a plant.	plant	-2.343888998031616	neg	neg
A dog is not an animal.	animal	-0.9083404541015625	neg	aff
A monkey is an animal.	animal	-1.501757025718689	aff	aff
A monkey is a toy.	toy	-3.7526819705963135	aff	neg
A monkey is not a toy.	toy	-1.9520533084869385	neg	neg
A monkey is not an animal.	animal	-1.2755593061447144	neg	aff
A rabbit is an animal.	animal	-1.5450128316879272	aff	aff
A rabbit is a plant.	plant	-4.220020771026611	aff	neg
A rabbit is not a plant.	plant	-2.195923328399658	neg	neg
A rabbit is not an animal.	animal	-1.0740400552749634	neg	aff
A human is a mammal.	mammal	-1.9961796998977661	aff	aff
A human is a device.	device	-3.78981614112854	aff	neg
A human is not a device.	device	-2.5664920806884766	neg	neg
A human is not a mammal.	mammal	-1.3552645444869995	neg	aff
A laptop is a device.	device	-2.0122201442718506	aff	aff
A laptop is a toy.	toy	-2.4226410388946533	aff	neg
A laptop is not a toy.	toy	-1.6963423490524292	neg	neg
A laptop is not a device.	device	-1.7661420106887817	neg	aff
An earphone is a device.	device	-2.706759214401245	aff	aff
An earphone is a toy.	toy	-2.852886199951172	aff	neg
An earphone is not a toy.	toy	-2.15818452835083	neg	neg
An earphone is not a device.	device	-2.1932592391967773	neg	aff
A book is a creation.	creation	-2.826709032058716	aff	aff
A book is an utensil.	utensil	-3.676192283630371	aff	neg
A book is not an utensil.	utensil	-2.8830385208129883	neg	neg
A book is not a creation.	creation	-2.8075485229492188	neg	aff
A house is a building.	building	-1.5144509077072144	aff	aff
A house is a plant.	plant	-3.0034847259521484	aff	neg
A house is not a plant.	plant	-2.0014889240264893	neg	neg
A house is not a building.	building	-1.153525710105896	neg	aff
A school is a building.	building	-2.1284356117248535	aff	aff
A school is a toy.	toy	-3.8666231632232666	aff	neg
A school is not a toy.	toy	-2.6162612438201904	neg	neg
A school is not a building.	building	-1.655619502067566	neg	aff
A phone is a device.	device	-1.6189813613891602	aff	aff
A phone is a rock.	rock	-4.502270698547363	aff	neg
A phone is not a rock.	rock	-2.8273885250091553	neg	neg
A phone is not a device.	device	-1.6715326309204102	neg	aff
A fork is an utensil.	utensil	-2.774500846862793	aff	aff
A fork is a knife.	knife	-2.0298776626586914	aff	neg
A fork is not a knife.	knife	-0.5923250913619995	neg	neg
A fork is not an utensil.	utensil	-1.9957700967788696	neg	aff
A knife is a tool.	tool	-1.6533085107803345	aff	aff
A knife is a fruit.	fruit	-4.746458530426025	aff	neg
A knife is not a fruit.	fruit	-2.7801365852355957	neg	neg
A knife is not a tool.	tool	-1.6171720027923584	neg	aff
A boat is a vehicle.	vehicle	-2.840986967086792	aff	aff
A boat is a mammal.	mammal	-4.354343891143799	aff	neg
A boat is not a mammal.	mammal	-2.726627826690674	neg	neg
A boat is not a vehicle.	vehicle	-1.2631347179412842	neg	aff
A grape is a fruit.	fruit	-1.2671799659729004	aff	aff
A grape is a vegetable.	vegetable	-1.9084826707839966	aff	neg
A grape is not a vegetable.	vegetable	-1.404698133468628	neg	neg
A grape is not a fruit.	fruit	-1.0675153732299805	neg	aff
A pigeon is a bird.	bird	-1.301566481590271	aff	aff
A pigeon is a plant.	plant	-4.199533462524414	aff	neg
A pigeon is not a plant.	plant	-2.3231518268585205	neg	neg
A pigeon is not a bird.	bird	-1.123336672782898	neg	aff
A spoon is an utensil.	utensil	-2.700573682785034	aff	aff
A spoon is a reptile.	reptile	-4.201103687286377	aff	neg
A spoon is not a reptile.	reptile	-2.678417682647705	neg	neg
A spoon is not an utensil.	utensil	-2.0312836170196533	neg	aff
A person is a mammal.	mammal	-2.7255074977874756	aff	aff
A person is a reptile.	reptile	-3.177743673324585	aff	neg
A person is not a reptile.	reptile	-1.6480953693389893	neg	neg
A person is not a mammal.	mammal	-1.7429134845733643	neg	aff
A fig is a tree.	tree	-1.987696647644043	aff	aff
A fig is a mineral.	mineral	-4.3047776222229	aff	neg
A fig is not a mineral.	mineral	-3.2484078407287598	neg	neg
A fig is not a tree.	tree	-0.9492525458335876	neg	aff
A rock is a mineral.	mineral	-2.2219622135162354	aff	aff
A rock is a vegetable.	vegetable	-3.3389012813568115	aff	neg
A rock is not a vegetable.	vegetable	-2.1180295944213867	neg	neg
A rock is not a mineral.	mineral	-1.717674970626831	neg	aff
A book is a publication.	publication	-2.1758151054382324	aff	aff
A book is a mammal.	mammal	-5.652096271514893	aff	neg
A book is not a mammal.	mammal	-3.464393377304077	neg	neg
A book is not a publication.	publication	-2.160261631011963	neg	aff
A bee is an insect.	insect	-1.3696656227111816	aff	aff
A bee is a mammal.	mammal	-4.021927356719971	aff	neg
A bee is not a mammal.	mammal	-1.7564712762832642	neg	neg
A bee is not an insect.	insect	-0.8996127247810364	neg	aff
A cat is a mammal.	mammal	-2.5414581298828125	aff	aff
A cat is a reptile.	reptile	-2.951775312423706	aff	neg
A cat is not a reptile.	reptile	-1.598362922668457	neg	neg
A cat is not a mammal.	mammal	-1.4027353525161743	neg	aff
A snake is a reptile.	reptile	-1.2299760580062866	aff	aff
A snake is a mammal.	mammal	-3.188474416732788	aff	neg
A snake is not a mammal.	mammal	-1.3609744310379028	neg	neg
A snake is not a reptile.	reptile	-1.2532118558883667	neg	aff
A donkey is an animal.	animal	-1.626041054725647	aff	aff
A donkey is a person.	person	-2.9914958477020264	aff	neg
A donkey is not a person.	person	-1.8555465936660767	neg	neg
A donkey is not an animal.	animal	-1.4063985347747803	neg	aff
A squirrel is an animal.	animal	-1.3581072092056274	aff	aff
A squirrel is a mineral.	mineral	-5.994168758392334	aff	neg
A squirrel is not a mineral.	mineral	-3.677253246307373	neg	neg
A squirrel is not an animal.	animal	-1.084827184677124	neg	aff
A cobra is a reptile.	reptile	-1.8459632396697998	aff	aff
A cobra is a mineral.	mineral	-3.9764232635498047	aff	neg
A cobra is not a mineral.	mineral	-3.7156875133514404	neg	neg
A cobra is not a reptile.	reptile	-1.4662379026412964	neg	aff
A turtle is a reptile.	reptile	-1.712994933128357	aff	aff
A turtle is a bird.	bird	-3.0557472705841064	aff	neg
A turtle is not a bird.	bird	-1.1597166061401367	neg	neg
A turtle is not a reptile.	reptile	-1.2199021577835083	neg	aff
A bird is an animal.	animal	-1.030964970588684	aff	aff
A bird is a mineral.	mineral	-4.854190349578857	aff	neg
A bird is not a mineral.	mineral	-2.994842767715454	neg	neg
A bird is not an animal.	animal	-0.6989830732345581	neg	aff
A car is a vehicle.	vehicle	-1.0035027265548706	aff	aff
A car is a bush.	bush	-4.828415393829346	aff	neg
A car is not a bush.	bush	-2.6928064823150635	neg	neg
A car is not a vehicle.	vehicle	-1.1912521123886108	neg	aff
A rose is a flower.	flower	-1.0013619661331177	aff	aff
A rose is a weed.	weed	-2.471532106399536	aff	neg
A rose is not a weed.	weed	-1.336726427078247	neg	neg
A rose is not a flower.	flower	-0.9149121046066284	neg	aff
A lily is a flower.	flower	-1.5183532238006592	aff	aff
A lily is a tree.	tree	-2.930158853530884	aff	neg
A lily is not a tree.	tree	-1.5058093070983887	neg	neg
A lily is not a flower.	flower	-1.0401277542114258	neg	aff
A daisy is a flower.	flower	-1.3933565616607666	aff	aff
A daisy is a tree.	tree	-2.5946600437164307	aff	neg
A daisy is not a tree.	tree	-1.5393319129943848	neg	neg
A daisy is not a flower.	flower	-1.0924866199493408	neg	aff
A tulip is a flower.	flower	-0.9887898564338684	aff	aff
A tulip is a tree.	tree	-2.5759832859039307	aff	neg
A tulip is not a tree.	tree	-1.1959853172302246	neg	neg
A tulip is not a flower.	flower	-0.8478882312774658	neg	aff
A snake is an animal.	animal	-1.4095321893692017	aff	aff
A snake is a toy.	toy	-3.9060304164886475	aff	neg
A snake is not a toy.	toy	-1.7740086317062378	neg	neg
A snake is not an animal.	animal	-0.9384135007858276	neg	aff
A crocodile is an animal.	animal	-1.330081582069397	aff	aff
A crocodile is a mammal.	mammal	-1.8302958011627197	aff	neg
A crocodile is not a mammal.	mammal	-1.0247877836227417	neg	neg
A crocodile is not an animal.	animal	-0.7995573282241821	neg	aff
A mice is a rodent.	rodent	-3.118112325668335	aff	aff
A mice is a toy.	toy	-4.297430515289307	aff	neg
A mice is not a toy.	toy	-3.1425228118896484	neg	neg
A mice is not a rodent.	rodent	-2.1023995876312256	neg	aff
A horse is an animal.	animal	-0.9262582659721375	aff	aff
A horse is a person.	person	-2.1187143325805664	aff	neg
A horse is not a person.	person	-1.3124580383300781	neg	neg
A horse is not an animal.	animal	-1.0187454223632812	neg	aff
A mouse is an animal.	animal	-1.4067511558532715	aff	aff
A mouse is a toy.	toy	-2.44028639793396	aff	neg
A mouse is not a toy.	toy	-1.5892304182052612	neg	neg
A mouse is not an animal.	animal	-1.0688706636428833	neg	aff
A salmon is a fish.	fish	-1.346754550933838	aff	aff
A salmon is a fruit.	fruit	-3.9403953552246094	aff	neg
A salmon is not a fruit.	fruit	-2.5303637981414795	neg	neg
A salmon is not a fish.	fish	-1.6648205518722534	neg	aff
A carrot is a vegetable.	vegetable	-1.1634634733200073	aff	aff
A carrot is a mineral.	mineral	-3.4000117778778076	aff	neg
A carrot is not a mineral.	mineral	-2.8094322681427	neg	neg
A carrot is not a vegetable.	vegetable	-1.2019062042236328	neg	aff
A table is a furniture.	furniture	-3.4055659770965576	aff	aff
A table is a toy.	toy	-3.950850248336792	aff	neg
A table is not a toy.	toy	-2.3888707160949707	neg	neg
A table is not a furniture.	furniture	-2.5665414333343506	neg	aff
A rabbit is a mammal.	mammal	-2.6103432178497314	aff	aff
A rabbit is a bird.	bird	-3.1811869144439697	aff	neg
A rabbit is not a bird.	bird	-1.2013062238693237	neg	neg
A rabbit is not a mammal.	mammal	-1.5033445358276367	neg	aff
A dog is a mammal.	mammal	-2.4177944660186768	aff	aff
A dog is a fish.	fish	-3.7871453762054443	aff	neg
A dog is not a fish.	fish	-1.6246281862258911	neg	neg
A dog is not a mammal.	mammal	-1.4252477884292603	neg	aff
A deer is an animal.	animal	-1.4235955476760864	aff	aff
A deer is a plant.	plant	-4.610716342926025	aff	neg
A deer is not a plant.	plant	-2.9655673503875732	neg	neg
A deer is not an animal.	animal	-1.1747368574142456	neg	aff
A whale is a mammal.	mammal	-1.892046332359314	aff	aff
A whale is a reptile.	reptile	-2.7383134365081787	aff	neg
A whale is not a reptile.	reptile	-1.5601036548614502	neg	neg
A whale is not a mammal.	mammal	-1.3605953454971313	neg	aff
A desk is a furniture.	furniture	-3.5966711044311523	aff	aff
A desk is a toy.	toy	-3.803316831588745	aff	neg
A desk is not a toy.	toy	-2.542409658432007	neg	neg
A desk is not a furniture.	furniture	-2.8667643070220947	neg	aff
A bicycle is a vehicle.	vehicle	-2.4588563442230225	aff	aff
A bicycle is a toy.	toy	-2.475210666656494	aff	neg
A bicycle is not a toy.	toy	-1.3283309936523438	neg	neg
A bicycle is not a vehicle.	vehicle	-1.111734390258789	neg	aff
A bat is a mammal.	mammal	-3.1729419231414795	aff	aff
A bat is a reptile.	reptile	-3.181307077407837	aff	neg
A bat is not a reptile.	reptile	-2.061713218688965	neg	neg
A bat is not a mammal.	mammal	-2.2116379737854004	neg	aff
A cloud is a gas.	gas	-3.264784574508667	aff	aff
A cloud is a liquid.	liquid	-2.9342548847198486	aff	neg
A cloud is not a liquid.	liquid	-2.2501509189605713	neg	neg
A cloud is not a gas.	gas	-2.8102400302886963	neg	aff
An Apple is a fruit.	fruit	-2.55808687210083	aff	aff
An Apple is a vegetable.	vegetable	-3.003575325012207	aff	neg
An Apple is not a vegetable.	vegetable	-2.7301182746887207	neg	neg
An Apple is not a fruit.	fruit	-2.6698451042175293	neg	aff
A toy is a plaything.	plaything	-1.845697045326233	aff	aff
A toy is a food.	food	-3.8026106357574463	aff	neg
A toy is not a food.	food	-2.7351953983306885	neg	neg
A toy is not a plaything.	plaything	-1.5395549535751343	neg	aff
A human is a mammal.	mammal	-1.9961796998977661	aff	aff
A human is a fish.	fish	-3.7357559204101562	aff	neg
A human is not a fish.	fish	-1.9055856466293335	neg	neg
A human is not a mammal.	mammal	-1.3552645444869995	neg	aff
A hummingbird is a bird.	bird	-0.9685112833976746	aff	aff
A hummingbird is a mammal.	mammal	-2.5326716899871826	aff	neg
A hummingbird is not a mammal.	mammal	-1.4996305704116821	neg	neg
A hummingbird is not a bird.	bird	-1.0002317428588867	neg	aff
A cauliflower is a vegetable.	vegetable	-1.3142701387405396	aff	aff
A cauliflower is a fruit.	fruit	-2.259272336959839	aff	neg
A cauliflower is not a fruit.	fruit	-1.8724998235702515	neg	neg
A cauliflower is not a vegetable.	vegetable	-1.2849838733673096	neg	aff
A turnip is a vegetable.	vegetable	-2.1650424003601074	aff	aff
A turnip is a mineral.	mineral	-3.6098134517669678	aff	neg
A turnip is not a mineral.	mineral	-2.9518229961395264	neg	neg
A turnip is not a vegetable.	vegetable	-1.7691656351089478	neg	aff
A yam is a vegetable.	vegetable	-2.1761863231658936	aff	aff
A yam is a grain.	grain	-2.43202543258667	aff	neg
A yam is not a grain.	grain	-2.3946099281311035	neg	neg
A yam is not a vegetable.	vegetable	-2.141347885131836	neg	aff
A truck is a vehicle.	vehicle	-2.1151187419891357	aff	aff
A truck is a toy.	toy	-2.915492296218872	aff	neg
A truck is not a toy.	toy	-2.1387391090393066	neg	neg
A truck is not a vehicle.	vehicle	-1.1837016344070435	neg	aff
A lamp is a light.	light	-1.6493059396743774	aff	aff
A lamp is a clock.	clock	-3.8002703189849854	aff	neg
A lamp is not a clock.	clock	-1.9749090671539307	neg	neg
A lamp is not a light.	light	-1.3785406351089478	neg	aff
A cycle is a vehicle.	vehicle	-3.2685673236846924	aff	aff
A cycle is a toy.	toy	-4.151463985443115	aff	neg
A cycle is not a toy.	toy	-3.1136837005615234	neg	neg
A cycle is not a vehicle.	vehicle	-2.4054348468780518	neg	aff
A crow is a bird.	bird	-1.4367834329605103	aff	aff
A crow is a vehicle.	vehicle	-5.637735366821289	aff	neg
A crow is not a vehicle.	vehicle	-4.282486915588379	neg	neg
A crow is not a bird.	bird	-1.1422920227050781	neg	aff
A pencil is a tool.	tool	-1.9808220863342285	aff	aff
A pencil is a tree.	tree	-4.192716121673584	aff	neg
A pencil is not a tree.	tree	-2.080573320388794	neg	neg
A pencil is not a tool.	tool	-1.8074649572372437	neg	aff
A snowflake is a crystal.	crystal	-2.9148223400115967	aff	aff
A snowflake is a liquid.	liquid	-3.610766887664795	aff	neg
A snowflake is not a liquid.	liquid	-3.039942979812622	neg	neg
A snowflake is not a crystal.	crystal	-2.1607494354248047	neg	aff
A pearl is a gem.	gem	-1.7819494009017944	aff	aff
A pearl is a fruit.	fruit	-2.986689329147339	aff	neg
A pearl is not a fruit.	fruit	-2.0324461460113525	neg	neg
A pearl is not a gem.	gem	-1.5207213163375854	neg	aff
A fish is an animal.	animal	-1.061935544013977	aff	aff
A fish is a human.	human	-3.787386894226074	aff	neg
A fish is not a human.	human	-1.6599053144454956	neg	neg
A fish is not an animal.	animal	-0.8505878448486328	neg	aff
A mountain is a landform.	landform	-2.179704427719116	aff	aff
A mountain is a building.	building	-3.3259811401367188	aff	neg
A mountain is not a building.	building	-2.1321873664855957	neg	neg
A mountain is not a landform.	landform	-2.0047290325164795	neg	aff
A university is a school.	school	-1.0567278861999512	aff	aff
A university is a person.	person	-2.894892930984497	aff	neg
A university is not a person.	person	-2.2824580669403076	neg	neg
A university is not a school.	school	-1.0778634548187256	neg	aff
A train is a vehicle.	vehicle	-2.94852614402771	aff	aff
A train is a plant.	plant	-4.922451496124268	aff	neg
A train is not a plant.	plant	-2.733001470565796	neg	neg
A train is not a vehicle.	vehicle	-1.5081068277359009	neg	aff
A duck is a bird.	bird	-1.9143813848495483	aff	aff
A duck is a fish.	fish	-3.026907205581665	aff	neg
A duck is not a fish.	fish	-1.152194619178772	neg	neg
A duck is not a bird.	bird	-1.1117569208145142	neg	aff
A horse is a mammal.	mammal	-2.3403027057647705	aff	aff
A horse is an insect.	insect	-3.5485613346099854	aff	neg
A horse is not an insect.	insect	-1.5431139469146729	neg	neg
A horse is not a mammal.	mammal	-1.761457085609436	neg	aff
A bird is a vertebrate.	vertebrate	-1.9692504405975342	aff	aff
A bird is an invertebrate.	invertebrate	-2.1478219032287598	aff	neg
A bird is not an invertebrate.	invertebrate	-1.4705129861831665	neg	neg
A bird is not a vertebrate.	vertebrate	-1.4762015342712402	neg	aff
A person is a human.	human	-1.8162585496902466	aff	aff
A person is a machine.	machine	-2.033829927444458	aff	neg
A person is not a machine.	machine	-0.7403289079666138	neg	neg
A person is not a human.	human	-2.421335458755493	neg	aff
A building is a structure.	structure	-1.7665873765945435	aff	aff
A building is a plant.	plant	-4.0015034675598145	aff	neg
A building is not a plant.	plant	-2.157033681869507	neg	neg
A building is not a structure.	structure	-1.7736594676971436	neg	aff
A tool is an instrument.	instrument	-2.1582305431365967	aff	aff
A tool is a toy.	toy	-2.787091016769409	aff	neg
A tool is not a toy.	toy	-1.7096627950668335	neg	neg
A tool is not an instrument.	instrument	-1.7814826965332031	neg	aff
A vegetable is a plant.	plant	-1.47380793094635	aff	aff
A vegetable is an animal.	animal	-1.3965364694595337	aff	neg
A vegetable is not an animal.	animal	-0.8647896647453308	neg	neg
A vegetable is not a plant.	plant	-0.9586928486824036	neg	aff
A banana is a fruit.	fruit	-1.3047966957092285	aff	aff
A banana is a vegetable.	vegetable	-1.9512850046157837	aff	neg
A banana is not a vegetable.	vegetable	-1.2183080911636353	neg	neg
A banana is not a fruit.	fruit	-1.16425359249115	neg	aff
A jackfruit is a fruit.	fruit	-1.946428894996643	aff	aff
A jackfruit is a rock.	rock	-3.413350820541382	aff	neg
A jackfruit is not a rock.	rock	-2.5170180797576904	neg	neg
A jackfruit is not a fruit.	fruit	-1.8335213661193848	neg	aff
A chicken is a bird.	bird	-1.7170677185058594	aff	aff
A chicken is a mammal.	mammal	-2.9491279125213623	aff	neg
A chicken is not a mammal.	mammal	-1.5637835264205933	neg	neg
A chicken is not a bird.	bird	-1.653961181640625	neg	aff
A robin is a bird.	bird	-1.3685473203659058	aff	aff
A robin is a mammal.	mammal	-2.845447063446045	aff	neg
A robin is not a mammal.	mammal	-1.5910916328430176	neg	neg
A robin is not a bird.	bird	-1.0545612573623657	neg	aff
A tiger is an animal.	animal	-1.856729507446289	aff	aff
A tiger is a machine.	machine	-4.3441548347473145	aff	neg
A tiger is not a machine.	machine	-2.509782314300537	neg	neg
A tiger is not an animal.	animal	-1.392513632774353	neg	aff
A mammal is an animal.	animal	-1.1281434297561646	aff	aff
A mammal is a plant.	plant	-3.505580186843872	aff	neg
A mammal is not a plant.	plant	-1.6981842517852783	neg	neg
A mammal is not an animal.	animal	-1.6635102033615112	neg	aff
A reptile is an animal.	animal	-1.3120712041854858	aff	aff
A reptile is a tool.	tool	-3.223667621612549	aff	neg
A reptile is not a tool.	tool	-2.552006244659424	neg	neg
A reptile is not an animal.	animal	-0.9815154075622559	neg	aff
A bison is a mammal.	mammal	-2.3213582038879395	aff	aff
A bison is a bird.	bird	-2.078397274017334	aff	neg
A bison is not a bird.	bird	-1.266117811203003	neg	neg
A bison is not a mammal.	mammal	-1.3525797128677368	neg	aff
A plane is a vehicle.	vehicle	-3.262324571609497	aff	aff
A plane is a person.	person	-3.3592653274536133	aff	neg
A plane is not a person.	person	-1.6699554920196533	neg	neg
A plane is not a vehicle.	vehicle	-1.4787492752075195	neg	aff
A chair is a furniture.	furniture	-2.8315861225128174	aff	aff
A chair is a person.	person	-3.087616205215454	aff	neg
A chair is not a person.	person	-1.9974877834320068	neg	neg
A chair is not a furniture.	furniture	-2.3190150260925293	neg	aff
A ruler is a tool.	tool	-2.8293027877807617	aff	aff
A ruler is an animal.	animal	-2.719388723373413	aff	neg
A ruler is not an animal.	animal	-2.233539342880249	neg	neg
A ruler is not a tool.	tool	-2.3619983196258545	neg	aff
A book is a literature.	literature	-2.2946479320526123	aff	aff
A book is a furniture.	furniture	-3.9267051219940186	aff	neg
A book is not a furniture.	furniture	-2.9572410583496094	neg	neg
A book is not a literature.	literature	-2.0205459594726562	neg	aff
A pencil is a stationary.	stationary	-4.282892227172852	aff	aff
A pencil is a food.	food	-4.217318058013916	aff	neg
A pencil is not a food.	food	-3.0576577186584473	neg	neg
A pencil is not a stationary.	stationary	-3.7965147495269775	neg	aff
A phone is an instrument.	instrument	-1.7206501960754395	aff	aff
A phone is a valley.	valley	-6.6907639503479	aff	neg
A phone is not a valley.	valley	-4.412741661071777	neg	neg
A phone is not an instrument.	instrument	-1.3794176578521729	neg	aff
A mouse is a mammal.	mammal	-2.1859686374664307	aff	aff
A mouse is a reptile.	reptile	-2.3365936279296875	aff	neg
A mouse is not a reptile.	reptile	-1.5086390972137451	neg	neg
A mouse is not a mammal.	mammal	-1.55858314037323	neg	aff
A creeper is a plant.	plant	-2.6539082527160645	aff	aff
A creeper is a fish.	fish	-1.5786473751068115	aff	neg
A creeper is not a fish.	fish	-1.1485905647277832	neg	neg
A creeper is not a plant.	plant	-2.000786781311035	neg	aff
A teacher is a person.	person	-2.3293025493621826	aff	aff
A teacher is a thing.	thing	-4.2407097816467285	aff	neg
A teacher is not a thing.	thing	-3.3510639667510986	neg	neg
A teacher is not a person.	person	-1.7816145420074463	neg	aff
A doctor is a person.	person	-2.497394323348999	aff	aff
A doctor is an animal.	animal	-3.3736019134521484	aff	neg
A doctor is not an animal.	animal	-1.8964794874191284	neg	neg
A doctor is not a person.	person	-1.8614267110824585	neg	aff
A lizard is a reptile.	reptile	-1.1044251918792725	aff	aff
A lizard is a mammal.	mammal	-2.437727928161621	aff	neg
A lizard is not a mammal.	mammal	-1.1637535095214844	neg	neg
A lizard is not a reptile.	reptile	-1.0366195440292358	neg	aff
A skyscraper is a building.	building	-0.9111899137496948	aff	aff
A skyscraper is a fish.	fish	-3.386833667755127	aff	neg
A skyscraper is not a fish.	fish	-2.8122236728668213	neg	neg
A skyscraper is not a building.	building	-1.389204502105713	neg	aff
A barn is a building.	building	-2.152223825454712	aff	aff
A barn is a bird.	bird	-4.279726505279541	aff	neg
A barn is not a bird.	bird	-3.034558057785034	neg	neg
A barn is not a building.	building	-1.5858452320098877	neg	aff
A rock is a solid.	solid	-3.563187837600708	aff	aff
A rock is a liquid.	liquid	-3.1160519123077393	aff	neg
A rock is not a liquid.	liquid	-2.2219619750976562	neg	neg
A rock is not a solid.	solid	-1.9316297769546509	neg	aff
A hammer is a tool.	tool	-1.7359857559204102	aff	aff
A hammer is a plant.	plant	-4.828624725341797	aff	neg
A hammer is not a plant.	plant	-2.7645699977874756	neg	neg
A hammer is not a tool.	tool	-1.5935689210891724	neg	aff
A hotel is a building.	building	-2.1722476482391357	aff	aff
A hotel is a machine.	machine	-3.2754199504852295	aff	neg
A hotel is not a machine.	machine	-2.894378662109375	neg	neg
A hotel is not a building.	building	-1.6680850982666016	neg	aff
A cactus is a plant.	plant	-1.6019755601882935	aff	aff
A cactus is a fish.	fish	-3.148343563079834	aff	neg
A cactus is not a fish.	fish	-1.7183890342712402	neg	neg
A cactus is not a plant.	plant	-0.9522396326065063	neg	aff
A bush is a plant.	plant	-2.4710896015167236	aff	aff
A bush is a fish.	fish	-4.227381229400635	aff	neg
A bush is not a fish.	fish	-2.6484463214874268	neg	neg
A bush is not a plant.	plant	-1.7078378200531006	neg	aff
A herb is a plant.	plant	-2.0977723598480225	aff	aff
A herb is a fish.	fish	-4.810758113861084	aff	neg
A herb is not a fish.	fish	-2.9587457180023193	neg	neg
A herb is not a plant.	plant	-1.7895845174789429	neg	aff
A vine is a plant.	plant	-1.794787049293518	aff	aff
A vine is a fish.	fish	-4.400099277496338	aff	neg
A vine is not a fish.	fish	-2.754546642303467	neg	neg
A vine is not a plant.	plant	-1.2900450229644775	neg	aff
A lily is a plant.	plant	-2.4247257709503174	aff	aff
A lily is a person.	person	-3.041090726852417	aff	neg
A lily is not a person.	person	-2.339094638824463	neg	neg
A lily is not a plant.	plant	-1.3660770654678345	neg	aff
An airplane is a vehicle.	vehicle	-2.2331137657165527	aff	aff
An airplane is a drink.	drink	-3.734654664993286	aff	neg
An airplane is not a drink.	drink	-2.333292245864868	neg	neg
An airplane is not a vehicle.	vehicle	-0.7398433685302734	neg	aff
A phone is a gadget.	gadget	-1.992104411125183	aff	aff
A phone is a food.	food	-4.5875654220581055	aff	neg
A phone is not a food.	food	-3.4151194095611572	neg	neg
A phone is not a gadget.	gadget	-1.7324284315109253	neg	aff
A turtle is an animal.	animal	-2.0045888423919678	aff	aff
A turtle is a toy.	toy	-3.6990537643432617	aff	neg
A turtle is not a toy.	toy	-2.0729432106018066	neg	neg
A turtle is not an animal.	animal	-1.1966499090194702	neg	aff
A vegetable is a food.	food	-1.5692706108093262	aff	aff
A vegetable is a drink.	drink	-3.043260335922241	aff	neg
A vegetable is not a drink.	drink	-2.310070514678955	neg	neg
A vegetable is not a food.	food	-1.0939055681228638	neg	aff
A lark is a bird.	bird	-1.748766303062439	aff	aff
A lark is a mammal.	mammal	-2.72432541847229	aff	neg
A lark is not a mammal.	mammal	-1.665232539176941	neg	neg
A lark is not a bird.	bird	-1.3333251476287842	neg	aff
A thrush is a bird.	bird	-2.564277172088623	aff	aff
A thrush is a reptile.	reptile	-2.623037338256836	aff	neg
A thrush is not a reptile.	reptile	-2.252223253250122	neg	neg
A thrush is not a bird.	bird	-1.9357709884643555	neg	aff
A canary is a bird.	bird	-1.7544111013412476	aff	aff
A canary is a mineral.	mineral	-2.9426915645599365	aff	neg
A canary is not a mineral.	mineral	-2.5612499713897705	neg	neg
A canary is not a bird.	bird	-1.4859778881072998	neg	aff
A human is an animal.	animal	-1.2653080224990845	aff	aff
A human is a mineral.	mineral	-3.9447076320648193	aff	neg
A human is not a mineral.	mineral	-2.7203941345214844	neg	neg
A human is not an animal.	animal	-0.5041621327400208	neg	aff
A chair is a seat.	seat	-1.5633646249771118	aff	aff
A chair is a mammal.	mammal	-4.921372890472412	aff	neg
A chair is not a mammal.	mammal	-3.0179781913757324	neg	neg
A chair is not a seat.	seat	-0.9819965362548828	neg	aff
A pine is a tree.	tree	-1.308485507965088	aff	aff
A pine is a person.	person	-3.7681350708007812	aff	neg
A pine is not a person.	person	-3.1666972637176514	neg	neg
A pine is not a tree.	tree	-1.1788384914398193	neg	aff
A potato is a vegetable.	vegetable	-1.0907384157180786	aff	aff
A potato is a fruit.	fruit	-2.419107675552368	aff	neg
A potato is not a fruit.	fruit	-1.6586449146270752	neg	neg
A potato is not a vegetable.	vegetable	-0.7440195083618164	neg	aff
A pea is a vegetable.	vegetable	-1.5849608182907104	aff	aff
A pea is a fruit.	fruit	-1.8532483577728271	aff	neg
A pea is not a fruit.	fruit	-1.4570913314819336	neg	neg
A pea is not a vegetable.	vegetable	-1.3308110237121582	neg	aff
A frog is an amphibian.	amphibian	-0.8807129263877869	aff	aff
A frog is a reptile.	reptile	-1.568036675453186	aff	neg
A frog is not a reptile.	reptile	-1.0925037860870361	neg	neg
A frog is not an amphibian.	amphibian	-0.8903225660324097	neg	aff
A diamond is a mineral.	mineral	-1.7380322217941284	aff	aff
A diamond is a toy.	toy	-2.63454008102417	aff	neg
A diamond is not a toy.	toy	-1.888132929801941	neg	neg
A diamond is not a mineral.	mineral	-1.4370354413986206	neg	aff
A watch is a timepiece.	timepiece	-1.6446067094802856	aff	aff
A watch is a toy.	toy	-2.48618483543396	aff	neg
A watch is not a toy.	toy	-1.5913612842559814	neg	neg
A watch is not a timepiece.	timepiece	-1.466971516609192	neg	aff
A knife is an utensil.	utensil	-3.029158353805542	aff	aff
A knife is a food.	food	-4.3008599281311035	aff	neg
A knife is not a food.	food	-2.965414047241211	neg	neg
A knife is not an utensil.	utensil	-2.1462693214416504	neg	aff
A plate is a dish.	dish	-1.7436853647232056	aff	aff
A plate is a food.	food	-3.321489095687866	aff	neg
A plate is not a food.	food	-2.463373899459839	neg	neg
A plate is not a dish.	dish	-1.0873233079910278	neg	aff
A cup is a dish.	dish	-3.459758996963501	aff	aff
A cup is a food.	food	-4.420196533203125	aff	neg
A cup is not a food.	food	-2.6706182956695557	neg	neg
A cup is not a dish.	dish	-1.7363508939743042	neg	aff
A zebra is a mammal.	mammal	-2.717846155166626	aff	aff
A zebra is a fish.	fish	-2.300755739212036	aff	neg
A zebra is not a fish.	fish	-1.5015718936920166	neg	neg
A zebra is not a mammal.	mammal	-1.7556731700897217	neg	aff
A cheetah is a mammal.	mammal	-2.2505059242248535	aff	aff
A cheetah is a reptile.	reptile	-2.3210902214050293	aff	neg
A cheetah is not a reptile.	reptile	-1.5805459022521973	neg	neg
A cheetah is not a mammal.	mammal	-1.56443452835083	neg	aff
A diamond is a gem.	gem	-1.1264101266860962	aff	aff
A diamond is a place.	place	-3.6512291431427	aff	neg
A diamond is not a place.	place	-3.3360748291015625	neg	neg
A diamond is not a gem.	gem	-1.1040338277816772	neg	aff
A baseball is a sport.	sport	-3.035818338394165	aff	aff
A baseball is a toy.	toy	-2.83731746673584	aff	neg
A baseball is not a toy.	toy	-1.9713108539581299	neg	neg
A baseball is not a sport.	sport	-2.863893747329712	neg	aff
A lamp is a lighting.	lighting	-3.9930851459503174	aff	aff
A lamp is a food.	food	-4.71809720993042	aff	neg
A lamp is not a food.	food	-3.3798203468322754	neg	neg
A lamp is not a lighting.	lighting	-3.5123074054718018	neg	aff
A lizard is an animal.	animal	-1.732688069343567	aff	aff
A lizard is a mineral.	mineral	-4.351595401763916	aff	neg
A lizard is not a mineral.	mineral	-3.003643035888672	neg	neg
A lizard is not an animal.	animal	-1.0439910888671875	neg	aff
A computer is an electronics.	electronics	-2.93011736869812	aff	aff
A computer is a furniture.	furniture	-4.161876678466797	aff	neg
A computer is not a furniture.	furniture	-3.0612881183624268	neg	neg
A computer is not an electronics.	electronics	-2.655174970626831	neg	aff
A phone is an electronic.	electronic	-3.890101194381714	aff	aff
A phone is a mineral.	mineral	-4.969483852386475	aff	neg
A phone is not a mineral.	mineral	-3.4924509525299072	neg	neg
A phone is not an electronic.	electronic	-3.3667454719543457	neg	aff
A spider is an invertebrate.	invertebrate	-1.6412550210952759	aff	aff
A spider is a vertebrate.	vertebrate	-2.184861421585083	aff	neg
A spider is not a vertebrate.	vertebrate	-1.632700800895691	neg	neg
A spider is not an invertebrate.	invertebrate	-1.456399917602539	neg	aff
A bus is a vehicle.	vehicle	-2.609262704849243	aff	aff
A bus is a flower.	flower	-4.994691371917725	aff	neg
A bus is not a flower.	flower	-3.019059658050537	neg	neg
A bus is not a vehicle.	vehicle	-1.3269034624099731	neg	aff
A drill is a tool.	tool	-3.2158148288726807	aff	aff
A drill is a vegetable.	vegetable	-5.8393683433532715	aff	neg
A drill is not a vegetable.	vegetable	-3.987635850906372	neg	neg
A drill is not a tool.	tool	-2.3490757942199707	neg	aff
A fir is a tree.	tree	-1.9318569898605347	aff	aff
A fir is a tool.	tool	-4.364281177520752	aff	neg
A fir is not a tool.	tool	-3.66430926322937	neg	neg
A fir is not a tree.	tree	-1.3943637609481812	neg	aff
A city is a place.	place	-1.3115483522415161	aff	aff
A city is a thing.	thing	-2.9798715114593506	aff	neg
A city is not a thing.	thing	-2.386573553085327	neg	neg
A city is not a place.	place	-1.3559646606445312	neg	aff
A church is a building.	building	-1.9959906339645386	aff	aff
A church is a toy.	toy	-4.316344738006592	aff	neg
A church is not a toy.	toy	-2.8764820098876953	neg	neg
A church is not a building.	building	-1.571881651878357	neg	aff
A mall is a building.	building	-2.856618642807007	aff	aff
A mall is a person.	person	-3.8329169750213623	aff	neg
A mall is not a person.	person	-2.4927291870117188	neg	neg
A mall is not a building.	building	-1.8762253522872925	neg	aff
A school is an institution.	institution	-0.7464439272880554	aff	aff
A school is a person.	person	-2.8432133197784424	aff	neg
A school is not a person.	person	-2.1353657245635986	neg	neg
A school is not an institution.	institution	-0.8113757371902466	neg	aff
A cat is a feline.	feline	-1.6679884195327759	aff	aff
A cat is a canine.	canine	-3.9387457370758057	aff	neg
A cat is not a canine.	canine	-1.8334457874298096	neg	neg
A cat is not a feline.	feline	-1.0288209915161133	neg	aff
A dog is a canine.	canine	-1.8184880018234253	aff	aff
A dog is a feline.	feline	-2.9425406455993652	aff	neg
A dog is not a feline.	feline	-1.3704044818878174	neg	neg
A dog is not a canine.	canine	-2.0336482524871826	neg	aff
A crocodile is a reptile.	reptile	-1.0188519954681396	aff	aff
A crocodile is a fish.	fish	-2.142983913421631	aff	neg
A crocodile is not a fish.	fish	-0.9898405075073242	neg	neg
A crocodile is not a reptile.	reptile	-1.1955304145812988	neg	aff
A book is a writing.	writing	-3.023200273513794	aff	aff
A book is an insect.	insect	-4.48197603225708	aff	neg
A book is not an insect.	insect	-2.826371908187866	neg	neg
A book is not a writing.	writing	-2.8065638542175293	neg	aff
A house is a structure.	structure	-2.408132314682007	aff	aff
A house is a tool.	tool	-3.2537500858306885	aff	neg
A house is not a tool.	tool	-2.6833536624908447	neg	neg
A house is not a structure.	structure	-2.005887269973755	neg	aff
A man is a mammal.	mammal	-3.355260133743286	aff	aff
A man is a reptile.	reptile	-3.2600035667419434	aff	neg
A man is not a reptile.	reptile	-1.6732094287872314	neg	neg
A man is not a mammal.	mammal	-1.8097065687179565	neg	aff
A woman is a mammal.	mammal	-3.6617844104766846	aff	aff
A woman is a reptile.	reptile	-3.5917930603027344	aff	neg
A woman is not a reptile.	reptile	-2.24704909324646	neg	neg
A woman is not a mammal.	mammal	-1.9545094966888428	neg	aff
An elephant is a mammal.	mammal	-1.3285564184188843	aff	aff
An elephant is a reptile.	reptile	-1.8290421962738037	aff	neg
An elephant is not a reptile.	reptile	-1.2774271965026855	neg	neg
An elephant is not a mammal.	mammal	-1.1455738544464111	neg	aff
A balloon is a toy.	toy	-2.8679208755493164	aff	aff
A balloon is a building.	building	-5.1207275390625	aff	neg
A balloon is not a building.	building	-3.4141898155212402	neg	neg
A balloon is not a toy.	toy	-1.7257747650146484	neg	aff
A restaurant is a building.	building	-3.0092153549194336	aff	aff
A restaurant is a fish.	fish	-5.179738521575928	aff	neg
A restaurant is not a fish.	fish	-4.0069580078125	neg	neg
A restaurant is not a building.	building	-1.8658716678619385	neg	aff
A whale is an animal.	animal	-1.4845925569534302	aff	aff
A whale is a plant.	plant	-4.895990371704102	aff	neg
A whale is not a plant.	plant	-2.7172563076019287	neg	neg
A whale is not an animal.	animal	-1.2856568098068237	neg	aff
A manager is a leader.	leader	-1.9548636674880981	aff	aff
A manager is a follower.	follower	-3.409696340560913	aff	neg
A manager is not a follower.	follower	-2.5797064304351807	neg	neg
A manager is not a leader.	leader	-1.3399909734725952	neg	aff
A garden is a place.	place	-2.313476324081421	aff	aff
A garden is a thing.	thing	-3.598379373550415	aff	neg
A garden is not a thing.	thing	-2.7942471504211426	neg	neg
A garden is not a place.	place	-2.20104718208313	neg	aff
A book is a thing.	thing	-2.846517562866211	aff	aff
A book is a food.	food	-3.885559320449829	aff	neg
A book is not a food.	food	-2.8901126384735107	neg	neg
A book is not a thing.	thing	-2.3194992542266846	neg	aff
An ant is an insect.	insect	-1.2119101285934448	aff	aff
An ant is a mammal.	mammal	-2.0109758377075195	aff	neg
An ant is not a mammal.	mammal	-1.0171105861663818	neg	neg
An ant is not an insect.	insect	-0.5699923634529114	neg	aff
A saw is a tool.	tool	-3.000568151473999	aff	aff
A saw is a weapon.	weapon	-2.902226209640503	aff	neg
A saw is not a weapon.	weapon	-1.8456742763519287	neg	neg
A saw is not a tool.	tool	-2.2467682361602783	neg	aff
A zebra is an animal.	animal	-1.6696300506591797	aff	aff
A zebra is a plant.	plant	-3.0408859252929688	aff	neg
A zebra is not a plant.	plant	-1.8531352281570435	neg	neg
A zebra is not an animal.	animal	-1.0962402820587158	neg	aff
A coin is a currency.	currency	-1.801927924156189	aff	aff
A coin is a card.	card	-2.737746477127075	aff	neg
A coin is not a card.	card	-1.3478729724884033	neg	neg
A coin is not a currency.	currency	-1.5133095979690552	neg	aff
A hawk is a bird.	bird	-1.645772099494934	aff	aff
A hawk is a fish.	fish	-4.2715535163879395	aff	neg
A hawk is not a fish.	fish	-1.8266746997833252	neg	neg
A hawk is not a bird.	bird	-1.5036602020263672	neg	aff
A shark is a fish.	fish	-2.245412588119507	aff	aff
A shark is a mammal.	mammal	-2.8495585918426514	aff	neg
A shark is not a mammal.	mammal	-1.5716832876205444	neg	neg
A shark is not a fish.	fish	-1.1121989488601685	neg	aff
A daffodil is a flower.	flower	-1.7165180444717407	aff	aff
A daffodil is a tool.	tool	-3.3245248794555664	aff	neg
A daffodil is not a tool.	tool	-2.7603933811187744	neg	neg
A daffodil is not a flower.	flower	-1.280582070350647	neg	aff
A pansy is a flower.	flower	-2.475679636001587	aff	aff
A pansy is a tool.	tool	-3.794297456741333	aff	neg
A pansy is not a tool.	tool	-3.1985034942626953	neg	neg
A pansy is not a flower.	flower	-1.8496270179748535	neg	aff
An elephant is an animal.	animal	-1.258744716644287	aff	aff
An elephant is a toy.	toy	-2.0659966468811035	aff	neg
An elephant is not a toy.	toy	-1.2912460565567017	neg	neg
An elephant is not an animal.	animal	-0.8575247526168823	neg	aff
A lion is a carnivore.	carnivore	-1.4547618627548218	aff	aff
A lion is a herbivore.	herbivore	-2.802067995071411	aff	neg
A lion is not a herbivore.	herbivore	-1.9711426496505737	neg	neg
A lion is not a carnivore.	carnivore	-1.2039070129394531	neg	aff
A gazelle is an ungulate.	ungulate	-3.320451259613037	aff	aff
A gazelle is a predator.	predator	-2.0938403606414795	aff	neg
A gazelle is not a predator.	predator	-1.6005700826644897	neg	neg
A gazelle is not an ungulate.	ungulate	-2.3351354598999023	neg	aff
A cow is a mammal.	mammal	-2.3538694381713867	aff	aff
A cow is a reptile.	reptile	-2.533052682876587	aff	neg
A cow is not a reptile.	reptile	-1.603755235671997	neg	neg
A cow is not a mammal.	mammal	-1.537972331047058	neg	aff
A cow is an animal.	animal	-0.879656970500946	aff	aff
A cow is a plant.	plant	-3.5077104568481445	aff	neg
A cow is not a plant.	plant	-1.6394048929214478	neg	neg
A cow is not an animal.	animal	-0.8415657877922058	neg	aff
A fish is a vertebrate.	vertebrate	-1.9435999393463135	aff	aff
A fish is an invertebrate.	invertebrate	-1.2830631732940674	aff	neg
A fish is not an invertebrate.	invertebrate	-1.3372859954833984	neg	neg
A fish is not a vertebrate.	vertebrate	-1.487428903579712	neg	aff
A mosquito is an insect.	insect	-1.3481253385543823	aff	aff
A mosquito is a mammal.	mammal	-3.0326032638549805	aff	neg
A mosquito is not a mammal.	mammal	-1.579595685005188	neg	neg
A mosquito is not an insect.	insect	-0.9271546602249146	neg	aff
A cathedral is a building.	building	-2.2354469299316406	aff	aff
A cathedral is a bird.	bird	-5.119409561157227	aff	neg
A cathedral is not a bird.	bird	-3.9242751598358154	neg	neg
A cathedral is not a building.	building	-2.0833258628845215	neg	aff
A palace is a building.	building	-2.4624454975128174	aff	aff
A palace is a bird.	bird	-4.925390720367432	aff	neg
A palace is not a bird.	bird	-3.395052671432495	neg	neg
A palace is not a building.	building	-2.199340343475342	neg	aff
A snake is a creature.	creature	-2.58054518699646	aff	aff
A snake is a building.	building	-6.077899932861328	aff	neg
A snake is not a building.	building	-4.639237880706787	neg	neg
A snake is not a creature.	creature	-1.3972939252853394	neg	aff
A human is a vertebrate.	vertebrate	-2.4109370708465576	aff	aff
A human is a plant.	plant	-3.1897459030151367	aff	neg
A human is not a plant.	plant	-1.646888017654419	neg	neg
A human is not a vertebrate.	vertebrate	-1.704516053199768	neg	aff
A rat is a mammal.	mammal	-2.66752552986145	aff	aff
A rat is a bird.	bird	-3.4654417037963867	aff	neg
A rat is not a bird.	bird	-1.365234375	neg	neg
A rat is not a mammal.	mammal	-1.4054890871047974	neg	aff
A fork is a tool.	tool	-2.092672109603882	aff	aff
A fork is a vegetable.	vegetable	-3.216665267944336	aff	neg
A fork is not a vegetable.	vegetable	-1.6545159816741943	neg	neg
A fork is not a tool.	tool	-1.5757418870925903	neg	aff
A napkin is a cloth.	cloth	-2.679197072982788	aff	aff
A napkin is a toy.	toy	-2.0700459480285645	aff	neg
A napkin is not a toy.	toy	-1.3786072731018066	neg	neg
A napkin is not a cloth.	cloth	-1.692031741142273	neg	aff
An airplane is a machine.	machine	-1.8337100744247437	aff	aff
An airplane is a bird.	bird	-2.579108476638794	aff	neg
An airplane is not a bird.	bird	-1.4926836490631104	neg	neg
An airplane is not a machine.	machine	-1.3459389209747314	neg	aff
A cucumber is a fruit.	fruit	-1.2123527526855469	aff	aff
A cucumber is a vegetable.	vegetable	-0.9032564163208008	aff	neg
A cucumber is not a vegetable.	vegetable	-0.7267259359359741	neg	neg
A cucumber is not a fruit.	fruit	-1.0204559564590454	neg	aff
A trout is a fish.	fish	-1.2151814699172974	aff	aff
A trout is a plant.	plant	-4.334731101989746	aff	neg
A trout is not a plant.	plant	-2.2406153678894043	neg	neg
A trout is not a fish.	fish	-1.101842999458313	neg	aff
A rat is an animal.	animal	-1.5747464895248413	aff	aff
A rat is a person.	person	-3.3895676136016846	aff	neg
A rat is not a person.	person	-1.677327275276184	neg	neg
A rat is not an animal.	animal	-1.0821325778961182	neg	aff
A chef is a cook.	cook	-0.9335147738456726	aff	aff
A chef is a musician.	musician	-3.6562511920928955	aff	neg
A chef is not a musician.	musician	-2.0397450923919678	neg	neg
A chef is not a cook.	cook	-1.5169428586959839	neg	aff
A doctor is a professional.	professional	-1.9816182851791382	aff	aff
A doctor is a toy.	toy	-4.782479763031006	aff	neg
A doctor is not a toy.	toy	-2.5125575065612793	neg	neg
A doctor is not a professional.	professional	-1.5282849073410034	neg	aff
A lawyer is an attorney.	attorney	-1.7203707695007324	aff	aff
A lawyer is a plumber.	plumber	-3.0436031818389893	aff	neg
A lawyer is not a plumber.	plumber	-1.2665488719940186	neg	neg
A lawyer is not an attorney.	attorney	-1.4003826379776	neg	aff
A teacher is an educator.	educator	-0.6356579661369324	aff	aff
A teacher is a cashier.	cashier	-3.9382927417755127	aff	neg
A teacher is not a cashier.	cashier	-2.5169155597686768	neg	neg
A teacher is not an educator.	educator	-0.9108737111091614	neg	aff
A textbook is a book.	book	-1.529066562652588	aff	aff
A textbook is a flower.	flower	-4.994128227233887	aff	neg
A textbook is not a flower.	flower	-3.0655219554901123	neg	neg
A textbook is not a book.	book	-1.5873280763626099	neg	aff
A lotus is a flower.	flower	-2.2422423362731934	aff	aff
A lotus is an insect.	insect	-2.26655650138855	aff	neg
A lotus is not an insect.	insect	-1.6834559440612793	neg	neg
A lotus is not a flower.	flower	-1.8181298971176147	neg	aff
A frog is an animal.	animal	-1.0293617248535156	aff	aff
A frog is a toy.	toy	-3.3775475025177	aff	neg
A frog is not a toy.	toy	-1.8832216262817383	neg	neg
A frog is not an animal.	animal	-0.8773228526115417	neg	aff
A petunia is a flower.	flower	-1.3035552501678467	aff	aff
A petunia is a person.	person	-3.455840587615967	aff	neg
A petunia is not a person.	person	-2.6094846725463867	neg	neg
A petunia is not a flower.	flower	-1.1395070552825928	neg	aff
A kitchen is a room.	room	-3.184922933578491	aff	aff
A kitchen is a house.	house	-2.631218433380127	aff	neg
A kitchen is not a house.	house	-1.542799949645996	neg	neg
A kitchen is not a room.	room	-1.743297815322876	neg	aff
A sunflower is a flower.	flower	-1.2354573011398315	aff	aff
A sunflower is a fruit.	fruit	-1.9684697389602661	aff	neg
A sunflower is not a fruit.	fruit	-1.6688915491104126	neg	neg
A sunflower is not a flower.	flower	-1.4850132465362549	neg	aff
A blade is a tool.	tool	-2.277043581008911	aff	aff
A blade is a building.	building	-5.363874435424805	aff	neg
A blade is not a building.	building	-3.386936902999878	neg	neg
A blade is not a tool.	tool	-1.9655303955078125	neg	aff
A celery is a vegetable.	vegetable	-1.5660369396209717	aff	aff
A celery is a legume.	legume	-3.150094509124756	aff	neg
A celery is not a legume.	legume	-2.638043165206909	neg	neg
A celery is not a vegetable.	vegetable	-1.7543410062789917	neg	aff
A cherry is a fruit.	fruit	-1.5401930809020996	aff	aff
A cherry is a nut.	nut	-3.185076951980591	aff	neg
A cherry is not a nut.	nut	-1.9049148559570312	neg	neg
A cherry is not a fruit.	fruit	-1.367382287979126	neg	aff
A peach is a fruit.	fruit	-1.7799839973449707	aff	aff
A peach is a meat.	meat	-4.482821941375732	aff	neg
A peach is not a meat.	meat	-3.0276944637298584	neg	neg
A peach is not a fruit.	fruit	-1.5277910232543945	neg	aff
A giraffe is a mammal.	mammal	-1.7912935018539429	aff	aff
A giraffe is a bird.	bird	-1.877556562423706	aff	neg
A giraffe is not a bird.	bird	-1.339952826499939	neg	neg
A giraffe is not a mammal.	mammal	-1.447392463684082	neg	aff
A leopard is a mammal.	mammal	-2.560162305831909	aff	aff
A leopard is a reptile.	reptile	-2.5035438537597656	aff	neg
A leopard is not a reptile.	reptile	-1.4948227405548096	neg	neg
A leopard is not a mammal.	mammal	-1.564496397972107	neg	aff
A penguin is a bird.	bird	-1.6943312883377075	aff	aff
A penguin is a number.	number	-3.3098831176757812	aff	neg
A penguin is not a number.	number	-2.6803128719329834	neg	neg
A penguin is not a bird.	bird	-1.205104112625122	neg	aff
An orange is a fruit.	fruit	-1.477347493171692	aff	aff
An orange is a drink.	drink	-2.3440678119659424	aff	neg
An orange is not a drink.	drink	-1.9931188821792603	neg	neg
An orange is not a fruit.	fruit	-1.5477845668792725	neg	aff
A bike is a vehicle.	vehicle	-2.508129596710205	aff	aff
A bike is a tree.	tree	-4.653281211853027	aff	neg
A bike is not a tree.	tree	-2.651015043258667	neg	neg
A bike is not a vehicle.	vehicle	-1.3753334283828735	neg	aff
A turkey is a bird.	bird	-1.5736757516860962	aff	aff
A turkey is an animal.	animal	-1.816230297088623	aff	neg
A turkey is not an animal.	animal	-1.3657945394515991	neg	neg
A turkey is not a bird.	bird	-1.7915449142456055	neg	aff
A dolphin is a mammal.	mammal	-2.4788825511932373	aff	aff
A dolphin is a reptile.	reptile	-2.183244466781616	aff	neg
A dolphin is not a reptile.	reptile	-1.3479981422424316	neg	neg
A dolphin is not a mammal.	mammal	-1.452566146850586	neg	aff
A bluebird is a bird.	bird	-1.1295727491378784	aff	aff
A bluebird is a color.	color	-3.301285982131958	aff	neg
A bluebird is not a color.	color	-2.748131036758423	neg	neg
A bluebird is not a bird.	bird	-1.3061827421188354	neg	aff
A willow is a tree.	tree	-1.9956241846084595	aff	aff
A willow is a tool.	tool	-3.263417959213257	aff	neg
A willow is not a tool.	tool	-2.8223683834075928	neg	neg
A willow is not a tree.	tree	-1.3302123546600342	neg	aff
A glass is a container.	container	-3.988414764404297	aff	aff
A glass is a plant.	plant	-4.515038013458252	aff	neg
A glass is not a plant.	plant	-2.7241663932800293	neg	neg
A glass is not a container.	container	-2.3479397296905518	neg	aff
A bear is a mammal.	mammal	-3.2150933742523193	aff	aff
A bear is a reptile.	reptile	-3.374011516571045	aff	neg
A bear is not a reptile.	reptile	-1.8611881732940674	neg	neg
A bear is not a mammal.	mammal	-1.8025633096694946	neg	aff
A glider is an aircraft.	aircraft	-1.7145427465438843	aff	aff
A glider is a building.	building	-3.949326992034912	aff	neg
A glider is not a building.	building	-2.8147494792938232	neg	neg
A glider is not an aircraft.	aircraft	-1.1068432331085205	neg	aff
A helicopter is an aircraft.	aircraft	-1.6772757768630981	aff	aff
A helicopter is a mammal.	mammal	-4.774532794952393	aff	neg
A helicopter is not a mammal.	mammal	-2.756432294845581	neg	neg
A helicopter is not an aircraft.	aircraft	-0.8116136193275452	neg	aff
A blender is a machine.	machine	-2.5952184200286865	aff	aff
A blender is a toy.	toy	-3.2586352825164795	aff	neg
A blender is not a toy.	toy	-2.2815613746643066	neg	neg
A blender is not a machine.	machine	-1.9381663799285889	neg	aff
A toaster is a machine.	machine	-2.4803199768066406	aff	aff
A toaster is a food.	food	-3.7043468952178955	aff	neg
A toaster is not a food.	food	-3.2916791439056396	neg	neg
A toaster is not a machine.	machine	-2.0087063312530518	neg	aff
A phone is an appliance.	appliance	-1.8841711282730103	aff	aff
A phone is a mammal.	mammal	-4.501118183135986	aff	neg
A phone is not a mammal.	mammal	-3.1688129901885986	neg	neg
A phone is not an appliance.	appliance	-1.4182184934616089	neg	aff
A toy is a thing.	thing	-2.5721545219421387	aff	aff
A toy is a bird.	bird	-5.129640579223633	aff	neg
A toy is not a bird.	bird	-3.234325647354126	neg	neg
A toy is not a thing.	thing	-2.1677730083465576	neg	aff
A novel is a book.	book	-1.1054726839065552	aff	aff
A novel is a film.	film	-2.520463705062866	aff	neg
A novel is not a film.	film	-0.7835988998413086	neg	neg
A novel is not a book.	book	-1.3573635816574097	neg	aff
A drum is an instrument.	instrument	-1.1029542684555054	aff	aff
A drum is a toy.	toy	-2.8783767223358154	aff	neg
A drum is not a toy.	toy	-2.099174976348877	neg	neg
A drum is not an instrument.	instrument	-1.1142723560333252	neg	aff
A movie is an entertainment.	entertainment	-2.2422068119049072	aff	aff
A movie is a person.	person	-3.348895311355591	aff	neg
A movie is not a person.	person	-1.78445303440094	neg	neg
A movie is not an entertainment.	entertainment	-2.4082489013671875	neg	aff
A house is a dwelling.	dwelling	-1.3644882440567017	aff	aff
A house is a waterway.	waterway	-4.63032865524292	aff	neg
A house is not a waterway.	waterway	-3.7258918285369873	neg	neg
A house is not a dwelling.	dwelling	-1.144788384437561	neg	aff
A river is a waterway.	waterway	-0.8880568742752075	aff	aff
A river is a mountain.	mountain	-2.563096284866333	aff	neg
A river is not a mountain.	mountain	-1.131373405456543	neg	neg
A river is not a waterway.	waterway	-0.9355640411376953	neg	aff
A girl is a person.	person	-2.4634082317352295	aff	aff
A girl is a boy.	boy	-1.5117536783218384	aff	neg
A girl is not a boy.	boy	-0.5843991041183472	neg	neg
A girl is not a person.	person	-1.891610026359558	neg	aff
A steak is a food.	food	-3.188563108444214	aff	aff
A steak is a flower.	flower	-4.242106914520264	aff	neg
A steak is not a flower.	flower	-2.4544734954833984	neg	neg
A steak is not a food.	food	-2.499098062515259	neg	aff
A shoe is a clothing.	clothing	-3.650590181350708	aff	aff
A shoe is a furniture.	furniture	-4.045440196990967	aff	neg
A shoe is not a furniture.	furniture	-3.052633047103882	neg	neg
A shoe is not a clothing.	clothing	-2.764436960220337	neg	aff
A computer is an equipment.	equipment	-3.1728203296661377	aff	aff
A computer is a drink.	drink	-5.039643287658691	aff	neg
A computer is not a drink.	drink	-3.364701986312866	neg	neg
A computer is not an equipment.	equipment	-2.739978790283203	neg	aff
A mouse is a rodent.	rodent	-1.5583186149597168	aff	aff
A mouse is a bird.	bird	-2.7305853366851807	aff	neg
A mouse is not a bird.	bird	-1.136040449142456	neg	neg
A mouse is not a rodent.	rodent	-1.5951570272445679	neg	aff
A nail is a metal.	metal	-4.814137935638428	aff	aff
A nail is a paper.	paper	-5.694988250732422	aff	neg
A nail is not a paper.	paper	-3.549060583114624	neg	neg
A nail is not a metal.	metal	-3.3270699977874756	neg	aff
A driver is a person.	person	-2.9978129863739014	aff	aff
A driver is a machine.	machine	-2.941561460494995	aff	neg
A driver is not a machine.	machine	-1.926071286201477	neg	neg
A driver is not a person.	person	-2.3158085346221924	neg	aff
A lake is a pond.	pond	-1.801681637763977	aff	aff
A lake is a mountain.	mountain	-2.7105941772460938	aff	neg
A lake is not a mountain.	mountain	-1.0934152603149414	neg	neg
A lake is not a pond.	pond	-0.9145066142082214	neg	aff
A duck is an animal.	animal	-1.264091968536377	aff	aff
A duck is a fruit.	fruit	-4.788090229034424	aff	neg
A duck is not a fruit.	fruit	-2.5031304359436035	neg	neg
A duck is not an animal.	animal	-0.8594937920570374	neg	aff
A mackerel is a fish.	fish	-1.7968374490737915	aff	aff
A mackerel is a bird.	bird	-1.798624873161316	aff	neg
A mackerel is not a bird.	bird	-1.565176010131836	neg	neg
A mackerel is not a fish.	fish	-1.392192006111145	neg	aff
A vase is a decoration.	decoration	-2.0545217990875244	aff	aff
A vase is a tool.	tool	-3.023620843887329	aff	neg
A vase is not a tool.	tool	-2.7364108562469482	neg	neg
A vase is not a decoration.	decoration	-1.6863174438476562	neg	aff
A cat is a carnivore.	carnivore	-1.9831352233886719	aff	aff
A cat is a herbivore.	herbivore	-2.8103506565093994	aff	neg
A cat is not a herbivore.	herbivore	-2.094738721847534	neg	neg
A cat is not a carnivore.	carnivore	-1.4443143606185913	neg	aff
A school is a place.	place	-2.112963914871216	aff	aff
A school is a device.	device	-4.9174604415893555	aff	neg
A school is not a device.	device	-3.3274765014648438	neg	neg
A school is not a place.	place	-1.8244268894195557	neg	aff
A python is a snake.	snake	-1.2541919946670532	aff	aff
A python is a mammal.	mammal	-3.8761653900146484	aff	neg
A python is not a mammal.	mammal	-2.3134474754333496	neg	neg
A python is not a snake.	snake	-1.6567951440811157	neg	aff
A hawk is an animal.	animal	-2.636887311935425	aff	aff
A hawk is a reptile.	reptile	-3.213085889816284	aff	neg
A hawk is not a reptile.	reptile	-1.7296419143676758	neg	neg
A hawk is not an animal.	animal	-1.42899489402771	neg	aff
A beach is a place.	place	-2.3530874252319336	aff	aff
A beach is an ocean.	ocean	-1.3805636167526245	aff	neg
A beach is not an ocean.	ocean	-1.1219910383224487	neg	neg
A beach is not a place.	place	-2.442234754562378	neg	aff
A carnation is a flower.	flower	-1.8124629259109497	aff	aff
A carnation is a bee.	bee	-3.8370611667633057	aff	neg
A carnation is not a bee.	bee	-2.9355244636535645	neg	neg
A carnation is not a flower.	flower	-1.4135026931762695	neg	aff
A shoe is a footwear.	footwear	-1.747611165046692	aff	aff
A shoe is a tool.	tool	-2.7706644535064697	aff	neg
A shoe is not a tool.	tool	-2.28121280670166	neg	neg
A shoe is not a footwear.	footwear	-2.298976421356201	neg	aff
A sailboat is a watercraft.	watercraft	-1.93063223361969	aff	aff
A sailboat is a building.	building	-3.6298162937164307	aff	neg
A sailboat is not a building.	building	-2.3603007793426514	neg	neg
A sailboat is not a watercraft.	watercraft	-1.1081982851028442	neg	aff
A clown is a performer.	performer	-2.6000723838806152	aff	aff
A clown is a doctor.	doctor	-4.0527567863464355	aff	neg
A clown is not a doctor.	doctor	-2.329313039779663	neg	neg
A clown is not a performer.	performer	-1.8578861951828003	neg	aff
A dog is a pet.	pet	-1.3284558057785034	aff	aff
A dog is a fruit.	fruit	-5.08964729309082	aff	neg
A dog is not a fruit.	fruit	-3.058112382888794	neg	neg
A dog is not a pet.	pet	-1.1203234195709229	neg	aff
A plate is an utensil.	utensil	-3.207738161087036	aff	aff
A plate is a toy.	toy	-4.028017044067383	aff	neg
A plate is not a toy.	toy	-2.2430591583251953	neg	neg
A plate is not an utensil.	utensil	-2.4724316596984863	neg	aff
A rose is a plant.	plant	-2.3089683055877686	aff	aff
A rose is a bird.	bird	-3.417639970779419	aff	neg
A rose is not a bird.	bird	-2.191959857940674	neg	neg
A rose is not a plant.	plant	-1.39899742603302	neg	aff
A vase is a container.	container	-2.7510697841644287	aff	aff
A vase is a bird.	bird	-4.346271514892578	aff	neg
A vase is not a bird.	bird	-3.0227787494659424	neg	neg
A vase is not a container.	container	-1.6991431713104248	neg	aff
A linnet is a bird.	bird	-4.2477288246154785	aff	aff
A linnet is a flower.	flower	-3.5929183959960938	aff	neg
A linnet is not a flower.	flower	-2.701401948928833	neg	neg
A linnet is not a bird.	bird	-2.9608538150787354	neg	aff
A wasp is an insect.	insect	-1.9613685607910156	aff	aff
A wasp is a mammal.	mammal	-3.2093257904052734	aff	neg
A wasp is not a mammal.	mammal	-1.9519121646881104	neg	neg
A wasp is not an insect.	insect	-1.447069764137268	neg	aff
A jigsaw is a tool.	tool	-2.088646650314331	aff	aff
A jigsaw is a toy.	toy	-2.2339115142822266	aff	neg
A jigsaw is not a toy.	toy	-1.6718544960021973	neg	neg
A jigsaw is not a tool.	tool	-2.0348472595214844	neg	aff
A fig is a fruit.	fruit	-1.4723917245864868	aff	aff
A fig is a chair.	chair	-5.032329559326172	aff	neg
A fig is not a chair.	chair	-3.5137686729431152	neg	neg
A fig is not a fruit.	fruit	-1.2984262704849243	neg	aff
A sailboat is a vessel.	vessel	-1.6185379028320312	aff	aff
A sailboat is a box.	box	-3.693119525909424	aff	neg
A sailboat is not a box.	box	-2.4763145446777344	neg	neg
A sailboat is not a vessel.	vessel	-1.2039340734481812	neg	aff
A sword is a weapon.	weapon	-0.8970958590507507	aff	aff
A sword is a flower.	flower	-3.9484329223632812	aff	neg
A sword is not a flower.	flower	-2.4789321422576904	neg	neg
A sword is not a weapon.	weapon	-0.9644320607185364	neg	aff
A trumpet is an instrument.	instrument	-1.4183088541030884	aff	aff
A trumpet is a rock.	rock	-4.48659610748291	aff	neg
A trumpet is not a rock.	rock	-2.4179110527038574	neg	neg
A trumpet is not an instrument.	instrument	-1.477612853050232	neg	aff
A pot is a vessel.	vessel	-3.802276611328125	aff	aff
A pot is a tool.	tool	-3.0478217601776123	aff	neg
A pot is not a tool.	tool	-2.3267691135406494	neg	neg
A pot is not a vessel.	vessel	-2.5032477378845215	neg	aff
A tomato is a fruit.	fruit	-1.6879944801330566	aff	aff
A tomato is a candy.	candy	-3.67338490486145	aff	neg
A tomato is not a candy.	candy	-3.0139000415802	neg	neg
A tomato is not a fruit.	fruit	-1.343256950378418	neg	aff
A clock is a timepiece.	timepiece	-1.3515805006027222	aff	aff
A clock is a fruit.	fruit	-4.560266494750977	aff	neg
A clock is not a fruit.	fruit	-3.3906705379486084	neg	neg
A clock is not a timepiece.	timepiece	-1.0215890407562256	neg	aff
An alligator is a reptile.	reptile	-1.6301164627075195	aff	aff
An alligator is a mammal.	mammal	-1.9601160287857056	aff	neg
An alligator is not a mammal.	mammal	-1.2857317924499512	neg	neg
An alligator is not a reptile.	reptile	-1.3036965131759644	neg	aff
A strawberry is a fruit.	fruit	-1.4422370195388794	aff	aff
A strawberry is a vegetable.	vegetable	-2.145704984664917	aff	neg
A strawberry is not a vegetable.	vegetable	-1.4006001949310303	neg	neg
A strawberry is not a fruit.	fruit	-1.3132086992263794	neg	aff
A eucalyptus is a tree.	tree	-1.9393936395645142	aff	aff
A eucalyptus is a river.	river	-3.6759815216064453	aff	neg
A eucalyptus is not a river.	river	-2.748985528945923	neg	neg
A eucalyptus is not a tree.	tree	-1.4087952375411987	neg	aff
A pony is an animal.	animal	-1.395351767539978	aff	aff
A pony is a fruit.	fruit	-4.396847724914551	aff	neg
A pony is not a fruit.	fruit	-2.766758441925049	neg	neg
A pony is not an animal.	animal	-1.274228811264038	neg	aff
A puppy is an animal.	animal	-1.4248522520065308	aff	aff
A puppy is a human.	human	-4.22215461730957	aff	neg
A puppy is not a human.	human	-1.963518738746643	neg	neg
A puppy is not an animal.	animal	-1.2654836177825928	neg	aff
A motorcycle is a vehicle.	vehicle	-2.535858631134033	aff	aff
A motorcycle is an animal.	animal	-2.4272818565368652	aff	neg
A motorcycle is not an animal.	animal	-1.6686142683029175	neg	neg
A motorcycle is not a vehicle.	vehicle	-1.0801018476486206	neg	aff
A zucchini is a vegetable.	vegetable	-1.4517347812652588	aff	aff
A zucchini is a fruit.	fruit	-1.8037004470825195	aff	neg
A zucchini is not a fruit.	fruit	-1.447948694229126	neg	neg
A zucchini is not a vegetable.	vegetable	-1.2183705568313599	neg	aff
A lion is an animal.	animal	-1.3017754554748535	aff	aff
A lion is a bird.	bird	-3.7725143432617188	aff	neg
A lion is not a bird.	bird	-1.4127222299575806	neg	neg
A lion is not an animal.	animal	-1.2310094833374023	neg	aff
A hat is a clothing.	clothing	-4.614410877227783	aff	aff
A hat is a furniture.	furniture	-5.20891809463501	aff	neg
A hat is not a furniture.	furniture	-3.6849205493927	neg	neg
A hat is not a clothing.	clothing	-3.2039005756378174	neg	aff
A glass is a material.	material	-3.7942841053009033	aff	aff
A glass is a man.	man	-4.898946285247803	aff	neg
A glass is not a man.	man	-2.583237886428833	neg	neg
A glass is not a material.	material	-3.2354283332824707	neg	aff
A pizza is a food.	food	-3.216557502746582	aff	aff
A pizza is a drink.	drink	-3.39697003364563	aff	neg
A pizza is not a drink.	drink	-1.9770946502685547	neg	neg
A pizza is not a food.	food	-2.8622632026672363	neg	aff
A game is an entertainment.	entertainment	-2.7432644367218018	aff	aff
A game is a person.	person	-3.2007901668548584	aff	neg
A game is not a person.	person	-1.7515500783920288	neg	neg
A game is not an entertainment.	entertainment	-2.6894869804382324	neg	aff
A leopard is an animal.	animal	-1.7022310495376587	aff	aff
A leopard is an amphibian.	amphibian	-1.8855996131896973	aff	neg
A leopard is not an amphibian.	amphibian	-1.1447815895080566	neg	neg
A leopard is not an animal.	animal	-1.2068253755569458	neg	aff
A giraffe is an animal.	animal	-1.3236604928970337	aff	aff
A giraffe is an insect.	insect	-2.4911296367645264	aff	neg
A giraffe is not an insect.	insect	-1.4511116743087769	neg	neg
A giraffe is not an animal.	animal	-1.2160120010375977	neg	aff
A seal is a mammal.	mammal	-3.43273663520813	aff	aff
A seal is a bird.	bird	-3.5626776218414307	aff	neg
A seal is not a bird.	bird	-1.8846635818481445	neg	neg
A seal is not a mammal.	mammal	-2.458014965057373	neg	aff
A ruler is a stationary.	stationary	-7.4805450439453125	aff	aff
A ruler is a toy.	toy	-3.4981374740600586	aff	neg
A ruler is not a toy.	toy	-2.5906262397766113	neg	neg
A ruler is not a stationary.	stationary	-6.0134806632995605	neg	aff
A phone is an electronics.	electronics	-3.1521074771881104	aff	aff
A phone is a toy.	toy	-2.364208459854126	aff	neg
A phone is not a toy.	toy	-1.5734301805496216	neg	neg
A phone is not an electronics.	electronics	-3.1086885929107666	neg	aff
A cat is a predator.	predator	-2.5310585498809814	aff	aff
A cat is a thing.	thing	-3.288569211959839	aff	neg
A cat is not a thing.	thing	-2.5266518592834473	neg	neg
A cat is not a predator.	predator	-1.565471887588501	neg	aff
A mineral is a thing.	thing	-3.1145753860473633	aff	aff
A mineral is an animal.	animal	-3.219075918197632	aff	neg
A mineral is not an animal.	animal	-2.173490285873413	neg	neg
A mineral is not a thing.	thing	-2.5175063610076904	neg	aff
A carrot is a food.	food	-3.1429951190948486	aff	aff
A carrot is a fruit.	fruit	-1.8366514444351196	aff	neg
A carrot is not a fruit.	fruit	-1.4991261959075928	neg	neg
A carrot is not a food.	food	-2.76841402053833	neg	aff
An oak is a tree.	tree	-0.5859251022338867	aff	aff
An oak is a flower.	flower	-3.1353180408477783	aff	neg
An oak is not a flower.	flower	-1.7483865022659302	neg	neg
An oak is not a tree.	tree	-0.6983367204666138	neg	aff
A beneficiary is a person.	person	-3.186049699783325	aff	aff
A beneficiary is a device.	device	-6.1366868019104	aff	neg
A beneficiary is not a device.	device	-4.3194499015808105	neg	neg
A beneficiary is not a person.	person	-2.829627752304077	neg	aff
A doctor is a human.	human	-3.4324681758880615	aff	aff
A doctor is a machine.	machine	-3.5584094524383545	aff	neg
A doctor is not a machine.	machine	-2.0318078994750977	neg	neg
A doctor is not a human.	human	-2.32828688621521	neg	aff
A teacher is a human.	human	-3.827111005783081	aff	aff
A teacher is a desk.	desk	-5.450950622558594	aff	neg
A teacher is not a desk.	desk	-3.986448049545288	neg	neg
A teacher is not a human.	human	-2.6545803546905518	neg	aff
A student is a human.	human	-3.766721725463867	aff	aff
A student is a book.	book	-4.581126689910889	aff	neg
A student is not a book.	book	-3.812013864517212	neg	neg
A student is not a human.	human	-2.7706782817840576	neg	aff
A horse is a herbivore.	herbivore	-2.4191439151763916	aff	aff
A horse is a mineral.	mineral	-4.037140369415283	aff	neg
A horse is not a mineral.	mineral	-2.90177321434021	neg	neg
A horse is not a herbivore.	herbivore	-1.8439557552337646	neg	aff
A suit is a clothing.	clothing	-3.5815627574920654	aff	aff
A suit is a house.	house	-4.212267875671387	aff	neg
A suit is not a house.	house	-2.11942982673645	neg	neg
A suit is not a clothing.	clothing	-3.1714396476745605	neg	aff
A road is a structure.	structure	-3.1449639797210693	aff	aff
A road is an animal.	animal	-3.3883249759674072	aff	neg
A road is not an animal.	animal	-2.422853708267212	neg	neg
A road is not a structure.	structure	-2.19730544090271	neg	aff
A roof is a structure.	structure	-2.82659912109375	aff	aff
A roof is a toy.	toy	-4.081267833709717	aff	neg
A roof is not a toy.	toy	-3.1241672039031982	neg	neg
A roof is not a structure.	structure	-1.994447112083435	neg	aff
A mirror is a glass.	glass	-3.5217678546905518	aff	aff
A mirror is a table.	table	-4.801950931549072	aff	neg
A mirror is not a table.	table	-2.5585315227508545	neg	neg
A mirror is not a glass.	glass	-2.243255853652954	neg	aff
A mouse is a pest.	pest	-2.08150315284729	aff	aff
A mouse is a fish.	fish	-3.6481268405914307	aff	neg
A mouse is not a fish.	fish	-1.7914592027664185	neg	neg
A mouse is not a pest.	pest	-1.777127981185913	neg	aff
A horse is a beast.	beast	-1.5860623121261597	aff	aff
A horse is a lion.	lion	-3.6373493671417236	aff	neg
A horse is not a lion.	lion	-1.450940489768982	neg	neg
A horse is not a beast.	beast	-1.5423117876052856	neg	aff
A sparrow is an animal.	animal	-1.8851808309555054	aff	aff
A sparrow is a mammal.	mammal	-2.497323989868164	aff	neg
A sparrow is not a mammal.	mammal	-1.6162326335906982	neg	neg
A sparrow is not an animal.	animal	-1.2243198156356812	neg	aff
A fish is a food.	food	-2.597153902053833	aff	aff
A fish is a mineral.	mineral	-3.637227773666382	aff	neg
A fish is not a mineral.	mineral	-2.4957470893859863	neg	neg
A fish is not a food.	food	-2.1431291103363037	neg	aff
A house is a residence.	residence	-1.8151683807373047	aff	aff
A house is a furniture.	furniture	-3.918872117996216	aff	neg
A house is not a furniture.	furniture	-3.132373571395874	neg	neg
A house is not a residence.	residence	-1.2389453649520874	neg	aff
A lamp is an electronics.	electronics	-4.784172534942627	aff	aff
A lamp is a room.	room	-4.517731189727783	aff	neg
A lamp is not a room.	room	-2.472686290740967	neg	neg
A lamp is not an electronics.	electronics	-3.750105381011963	neg	aff
A cloud is a sky.	sky	-2.2675411701202393	aff	aff
A cloud is a ground.	ground	-3.7552993297576904	aff	neg
A cloud is not a ground.	ground	-2.986785411834717	neg	neg
A cloud is not a sky.	sky	-1.1866744756698608	neg	aff
A school is an education.	education	-1.3747515678405762	aff	aff
A school is a fruit.	fruit	-6.197062015533447	aff	neg
A school is not a fruit.	fruit	-4.626442909240723	neg	neg
A school is not an education.	education	-1.6295896768569946	neg	aff
An elephant is a herbivore.	herbivore	-2.3008861541748047	aff	aff
An elephant is a plant.	plant	-3.1143882274627686	aff	neg
An elephant is not a plant.	plant	-1.7979815006256104	neg	neg
An elephant is not a herbivore.	herbivore	-1.7421127557754517	neg	aff
A radish is a vegetable.	vegetable	-1.6952745914459229	aff	aff
A radish is a flower.	flower	-2.0565266609191895	aff	neg
A radish is not a flower.	flower	-1.4910051822662354	neg	neg
A radish is not a vegetable.	vegetable	-1.6062005758285522	neg	aff
A rock is an aggregate.	aggregate	-3.8935890197753906	aff	aff
A rock is a toy.	toy	-2.853067398071289	aff	neg
A rock is not a toy.	toy	-1.7325772047042847	neg	neg
A rock is not an aggregate.	aggregate	-3.268338441848755	neg	aff
A tree is an organism.	organism	-1.378294587135315	aff	aff
A tree is a mammal.	mammal	-3.3151276111602783	aff	neg
A tree is not a mammal.	mammal	-1.979848861694336	neg	neg
A tree is not an organism.	organism	-1.397793173789978	neg	aff
A car is a transport.	transport	-2.565631628036499	aff	aff
A car is a horse.	horse	-3.4842231273651123	aff	neg
A car is not a horse.	horse	-1.2571357488632202	neg	neg
A car is not a transport.	transport	-2.210021495819092	neg	aff
An instrument is a tool.	tool	-1.770564079284668	aff	aff
An instrument is a place.	place	-3.018007278442383	aff	neg
An instrument is not a place.	place	-2.1103696823120117	neg	neg
An instrument is not a tool.	tool	-1.7142897844314575	neg	aff
A plant is an organism.	organism	-0.8478598594665527	aff	aff
A plant is a toy.	toy	-3.3493149280548096	aff	neg
A plant is not a toy.	toy	-1.7341907024383545	neg	neg
A plant is not an organism.	organism	-0.9190036058425903	neg	aff
A wolf is an animal.	animal	-1.5284795761108398	aff	aff
A wolf is a person.	person	-3.124359369277954	aff	neg
A wolf is not a person.	person	-1.6870678663253784	neg	neg
A wolf is not an animal.	animal	-1.1269657611846924	neg	aff
A table is a surface.	surface	-2.8850584030151367	aff	aff
A table is a house.	house	-3.1645307540893555	aff	neg
A table is not a house.	house	-1.6523393392562866	neg	neg
A table is not a surface.	surface	-2.159647226333618	neg	aff
A bear is an animal.	animal	-1.8045063018798828	aff	aff
A bear is a human.	human	-4.248562812805176	aff	neg
A bear is not a human.	human	-1.6857516765594482	neg	neg
A bear is not an animal.	animal	-1.2449390888214111	neg	aff
A horse is a vertebrate.	vertebrate	-2.406062364578247	aff	aff
A horse is a fish.	fish	-3.8906686305999756	aff	neg
A horse is not a fish.	fish	-2.0018348693847656	neg	neg
A horse is not a vertebrate.	vertebrate	-2.0423686504364014	neg	aff
A plane is a transport.	transport	-3.286587953567505	aff	aff
A plane is a flower.	flower	-3.9233787059783936	aff	neg
A plane is not a flower.	flower	-2.400970697402954	neg	neg
A plane is not a transport.	transport	-3.0104098320007324	neg	aff
A carrot is a root.	root	-3.3922383785247803	aff	aff
A carrot is a building.	building	-5.050235748291016	aff	neg
A carrot is not a building.	building	-3.8387882709503174	neg	neg
A carrot is not a root.	root	-2.459630250930786	neg	aff
A cow is a pet.	pet	-3.0170812606811523	aff	aff
A cow is an insect.	insect	-3.084061861038208	aff	neg
A cow is not an insect.	insect	-1.3401564359664917	neg	neg
A cow is not a pet.	pet	-1.506977915763855	neg	aff
A carrot is a herb.	herb	-3.5547425746917725	aff	aff
A carrot is a pest.	pest	-3.121014356613159	aff	neg
A carrot is not a pest.	pest	-2.671370029449463	neg	neg
A carrot is not a herb.	herb	-3.075704574584961	neg	aff
A vitamin is a nutrient.	nutrient	-1.1625558137893677	aff	aff
A vitamin is a toxin.	toxin	-2.8649232387542725	aff	neg
A vitamin is not a toxin.	toxin	-2.0810091495513916	neg	neg
A vitamin is not a nutrient.	nutrient	-1.051304578781128	neg	aff
A bus is a transport.	transport	-3.402604341506958	aff	aff
A bus is an animal.	animal	-3.168705701828003	aff	neg
A bus is not an animal.	animal	-2.181920051574707	neg	neg
A bus is not a transport.	transport	-3.1135051250457764	neg	aff
A store is a building.	building	-3.113873243331909	aff	aff
A store is a car.	car	-3.746605634689331	aff	neg
A store is not a car.	car	-1.9028617143630981	neg	neg
A store is not a building.	building	-1.9165208339691162	neg	aff
A sun is a star.	star	-2.293351411819458	aff	aff
A sun is a planet.	planet	-3.004547357559204	aff	neg
A sun is not a planet.	planet	-2.2215278148651123	neg	neg
A sun is not a star.	star	-1.9760239124298096	neg	aff
A maple is a tree.	tree	-1.4609661102294922	aff	aff
A maple is a fruit.	fruit	-2.5516748428344727	aff	neg
A maple is not a fruit.	fruit	-1.9855773448944092	neg	neg
A maple is not a tree.	tree	-0.9375670552253723	neg	aff
A plant is a lifeform.	lifeform	-1.97661292552948	aff	aff
A plant is a mineral.	mineral	-2.8360331058502197	aff	neg
A plant is not a mineral.	mineral	-1.8006985187530518	neg	neg
A plant is not a lifeform.	lifeform	-1.5631262063980103	neg	aff
A giraffe is a herbivore.	herbivore	-2.4220151901245117	aff	aff
A giraffe is a rock.	rock	-3.3061256408691406	aff	neg
A giraffe is not a rock.	rock	-2.4658896923065186	neg	neg
A giraffe is not a herbivore.	herbivore	-2.1786563396453857	neg	aff
A diamond is a gemstone.	gemstone	-1.1966629028320312	aff	aff
A diamond is a tree.	tree	-3.9848663806915283	aff	neg
A diamond is not a tree.	tree	-2.145153284072876	neg	neg
A diamond is not a gemstone.	gemstone	-1.1757781505584717	neg	aff
A ruby is a gem.	gem	-1.4158862829208374	aff	aff
A ruby is a metal.	metal	-2.9068081378936768	aff	neg
A ruby is not a metal.	metal	-2.3211734294891357	neg	neg
A ruby is not a gem.	gem	-1.2809669971466064	neg	aff
A glock is a gun.	gun	-2.7154927253723145	aff	aff
A glock is a toy.	toy	-3.1155436038970947	aff	neg
A glock is not a toy.	toy	-2.421062469482422	neg	neg
A glock is not a gun.	gun	-1.6768041849136353	neg	aff
A cheetah is a carnivore.	carnivore	-1.7981616258621216	aff	aff
A cheetah is a plant.	plant	-3.2511539459228516	aff	neg
A cheetah is not a plant.	plant	-2.0454585552215576	neg	neg
A cheetah is not a carnivore.	carnivore	-1.3791900873184204	neg	aff
A hippopotamus is a mammal.	mammal	-1.8187490701675415	aff	aff
A hippopotamus is a reptile.	reptile	-1.956043004989624	aff	neg
A hippopotamus is not a reptile.	reptile	-1.4562867879867554	neg	neg
A hippopotamus is not a mammal.	mammal	-1.4193154573440552	neg	aff
A cheetah is an animal.	animal	-1.7716915607452393	aff	aff
A cheetah is a bird.	bird	-1.8947293758392334	aff	neg
A cheetah is not a bird.	bird	-1.3258639574050903	neg	neg
A cheetah is not an animal.	animal	-1.1598877906799316	neg	aff
A tiger is a mammal.	mammal	-3.491323232650757	aff	aff
A tiger is a plant.	plant	-4.865574359893799	aff	neg
A tiger is not a plant.	plant	-2.7653214931488037	neg	neg
A tiger is not a mammal.	mammal	-1.8335866928100586	neg	aff
A valley is a landform.	landform	-2.2483460903167725	aff	aff
A valley is a house.	house	-4.181429386138916	aff	neg
A valley is not a house.	house	-2.6398913860321045	neg	neg
A valley is not a landform.	landform	-1.9664297103881836	neg	aff
A sparrow is a bird.	bird	-1.2920271158218384	aff	aff
A sparrow is a reptile.	reptile	-2.379525661468506	aff	neg
A sparrow is not a reptile.	reptile	-1.593436598777771	neg	neg
A sparrow is not a bird.	bird	-1.0887598991394043	neg	aff
A computer is an electronic.	electronic	-3.339991569519043	aff	aff
A computer is an animal.	animal	-2.3834359645843506	aff	neg
A computer is not an animal.	animal	-1.3639787435531616	neg	neg
A computer is not an electronic.	electronic	-2.889295816421509	neg	aff
A coffee is a drink.	drink	-1.644832730293274	aff	aff
A coffee is a fruit.	fruit	-3.5914249420166016	aff	neg
A coffee is not a fruit.	fruit	-2.478661060333252	neg	neg
A coffee is not a drink.	drink	-1.747099757194519	neg	aff
A juice is a drink.	drink	-1.8354064226150513	aff	aff
A juice is a fruit.	fruit	-2.55867075920105	aff	neg
A juice is not a fruit.	fruit	-1.9966920614242554	neg	neg
A juice is not a drink.	drink	-1.6628907918930054	neg	aff
A guitar is an instrument.	instrument	-0.8605673909187317	aff	aff
A guitar is a rock.	rock	-3.6606178283691406	aff	neg
A guitar is not a rock.	rock	-2.0585570335388184	neg	neg
A guitar is not an instrument.	instrument	-1.1162039041519165	neg	aff
A drink is a fluid.	fluid	-2.736186981201172	aff	aff
A drink is a gas.	gas	-3.2008562088012695	aff	neg
A drink is not a gas.	gas	-2.8775827884674072	neg	neg
A drink is not a fluid.	fluid	-2.838151693344116	neg	aff
A fish is a creature.	creature	-1.984525203704834	aff	aff
A fish is a building.	building	-5.2229437828063965	aff	neg
A fish is not a building.	building	-3.3002169132232666	neg	neg
A fish is not a creature.	creature	-1.3243910074234009	neg	aff
A bird is a creature.	creature	-2.051736354827881	aff	aff
A bird is a reptile.	reptile	-2.4407966136932373	aff	neg
A bird is not a reptile.	reptile	-1.3015116453170776	neg	neg
A bird is not a creature.	creature	-1.2290765047073364	neg	aff
An egg is a food.	food	-2.148932695388794	aff	aff
An egg is a drink.	drink	-3.112126588821411	aff	neg
An egg is not a drink.	drink	-2.3141863346099854	neg	neg
An egg is not a food.	food	-1.8114131689071655	neg	aff
A credit-card is a plastic.	plastic	-3.043570041656494	aff	aff
A credit-card is a coin.	coin	-1.9988148212432861	aff	neg
A credit-card is not a coin.	coin	-1.6883206367492676	neg	neg
A credit-card is not a plastic.	plastic	-2.7800846099853516	neg	aff
A hamburger is a food.	food	-2.911001443862915	aff	aff
A hamburger is a clothing.	clothing	-5.171418190002441	aff	neg
A hamburger is not a clothing.	clothing	-4.287616729736328	neg	neg
A hamburger is not a food.	food	-2.4985344409942627	neg	aff
A bean is a food.	food	-2.535923480987549	aff	aff
A bean is a mineral.	mineral	-3.5161325931549072	aff	neg
A bean is not a mineral.	mineral	-2.461951494216919	neg	neg
A bean is not a food.	food	-2.055053949356079	neg	aff
A jaguar is an animal.	animal	-1.5445934534072876	aff	aff
A jaguar is a plant.	plant	-2.838397741317749	aff	neg
A jaguar is not a plant.	plant	-1.9541492462158203	neg	neg
A jaguar is not an animal.	animal	-1.182153582572937	neg	aff
A man is a human.	human	-2.1927244663238525	aff	aff
A man is a machine.	machine	-2.623816967010498	aff	neg
A man is not a machine.	machine	-0.7850659489631653	neg	neg
A man is not a human.	human	-2.154188871383667	neg	aff
A sickle is a tool.	tool	-3.9786229133605957	aff	aff
A sickle is a flower.	flower	-4.165137767791748	aff	neg
A sickle is not a flower.	flower	-3.0615158081054688	neg	neg
A sickle is not a tool.	tool	-3.525836706161499	neg	aff
A map is a document.	document	-2.2003085613250732	aff	aff
A map is a story.	story	-3.2273807525634766	aff	neg
A map is not a story.	story	-1.6884266138076782	neg	neg
A map is not a document.	document	-1.5468156337738037	neg	aff
A book is a story.	story	-1.8102459907531738	aff	aff
A book is a fruit.	fruit	-3.8851263523101807	aff	neg
A book is not a fruit.	fruit	-2.6555957794189453	neg	neg
A book is not a story.	story	-1.5411046743392944	neg	aff
A movie is a story.	story	-2.3759055137634277	aff	aff
A movie is an animal.	animal	-3.784128427505493	aff	neg
A movie is not an animal.	animal	-2.3364453315734863	neg	neg
A movie is not a story.	story	-1.330440640449524	neg	aff
A cat is a pet.	pet	-2.1027672290802	aff	aff
A cat is an insect.	insect	-2.957138776779175	aff	neg
A cat is not an insect.	insect	-1.378365397453308	neg	neg
A cat is not a pet.	pet	-1.2339218854904175	neg	aff
A lion is a mammal.	mammal	-2.8396313190460205	aff	aff
A lion is an amphibian.	amphibian	-2.718479633331299	aff	neg
A lion is not an amphibian.	amphibian	-1.2574288845062256	neg	neg
A lion is not a mammal.	mammal	-1.6751317977905273	neg	aff
A caterpillar is an insect.	insect	-1.5231001377105713	aff	aff
A caterpillar is a mammal.	mammal	-2.7546603679656982	aff	neg
A caterpillar is not a mammal.	mammal	-1.7670778036117554	neg	neg
A caterpillar is not an insect.	insect	-0.9865796566009521	neg	aff
A man is a person.	person	-2.0024354457855225	aff	aff
A man is an animal.	animal	-2.023317575454712	aff	neg
A man is not an animal.	animal	-0.5925741195678711	neg	neg
A man is not a person.	person	-1.6318254470825195	neg	aff
A woman is a person.	person	-1.9419220685958862	aff	aff
A woman is a thing.	thing	-3.02009654045105	aff	neg
A woman is not a thing.	thing	-2.319225311279297	neg	neg
A woman is not a person.	person	-1.6614054441452026	neg	aff
A sock is a garment.	garment	-2.871671676635742	aff	aff
A sock is a person.	person	-3.618417501449585	aff	neg
A sock is not a person.	person	-2.1884188652038574	neg	neg
A sock is not a garment.	garment	-1.90384042263031	neg	aff
A student is a person.	person	-2.102403163909912	aff	aff
A student is a thing.	thing	-4.108965873718262	aff	neg
A student is not a thing.	thing	-2.981649875640869	neg	neg
A student is not a person.	person	-1.7607040405273438	neg	aff
A milk is a drink.	drink	-2.5262162685394287	aff	aff
A milk is a vegetable.	vegetable	-3.1961801052093506	aff	neg
A milk is not a vegetable.	vegetable	-2.5735199451446533	neg	neg
A milk is not a drink.	drink	-2.254533290863037	neg	aff
A water is a drink.	drink	-2.5077948570251465	aff	aff
A water is a gas.	gas	-2.8968803882598877	aff	neg
A water is not a gas.	gas	-2.447133779525757	neg	neg
A water is not a drink.	drink	-2.5308785438537598	neg	aff
A pearl is a jewel.	jewel	-1.1769490242004395	aff	aff
A pearl is a tree.	tree	-4.354050159454346	aff	neg
A pearl is not a tree.	tree	-2.1746256351470947	neg	neg
A pearl is not a jewel.	jewel	-1.0879796743392944	neg	aff
A ficus is a tree.	tree	-2.1676876544952393	aff	aff
A ficus is a flower.	flower	-2.6013362407684326	aff	neg
A ficus is not a flower.	flower	-2.152521848678589	neg	neg
A ficus is not a tree.	tree	-1.3542773723602295	neg	aff
A crane is a bird.	bird	-3.8342180252075195	aff	aff
A crane is a flower.	flower	-5.557423114776611	aff	neg
A crane is not a flower.	flower	-3.3854315280914307	neg	neg
A crane is not a bird.	bird	-2.068941831588745	neg	aff
A jaguar is a cat.	cat	-2.383000135421753	aff	aff
A jaguar is a reptile.	reptile	-1.8988630771636963	aff	neg
A jaguar is not a reptile.	reptile	-1.5163934230804443	neg	neg
A jaguar is not a cat.	cat	-1.4321744441986084	neg	aff
A sneaker is a shoe.	shoe	-0.8152756094932556	aff	aff
A sneaker is a mineral.	mineral	-3.596247911453247	aff	neg
A sneaker is not a mineral.	mineral	-3.331329584121704	neg	neg
A sneaker is not a shoe.	shoe	-1.058132529258728	neg	aff
A volleyball is a ball.	ball	-2.0956192016601562	aff	aff
A volleyball is a tool.	tool	-4.457138538360596	aff	neg
A volleyball is not a tool.	tool	-3.5860419273376465	neg	neg
A volleyball is not a ball.	ball	-1.5649452209472656	neg	aff
A train is a machine.	machine	-2.4667792320251465	aff	aff
A train is a weapon.	weapon	-3.013302803039551	aff	neg
A train is not a weapon.	weapon	-2.144026279449463	neg	neg
A train is not a machine.	machine	-1.8454593420028687	neg	aff
A college is an institution.	institution	-0.9509264826774597	aff	aff
A college is a creature.	creature	-4.550722599029541	aff	neg
A college is not a creature.	creature	-3.663193464279175	neg	neg
A college is not an institution.	institution	-1.0455371141433716	neg	aff
A child is a person.	person	-1.2087472677230835	aff	aff
A child is an adult.	adult	-1.1691393852233887	aff	neg
A child is not an adult.	adult	-0.41641971468925476	neg	neg
A child is not a person.	person	-0.979095458984375	neg	aff
A spy is a person.	person	-3.523289918899536	aff	aff
A spy is a thing.	thing	-4.639400959014893	aff	neg
A spy is not a thing.	thing	-3.7303500175476074	neg	neg
A spy is not a person.	person	-2.5254993438720703	neg	aff
A hunter is a person.	person	-3.4585559368133545	aff	aff
A hunter is an animal.	animal	-3.003389358520508	aff	neg
A hunter is not an animal.	animal	-1.6821651458740234	neg	neg
A hunter is not a person.	person	-2.4051454067230225	neg	aff
A musician is a person.	person	-2.530817985534668	aff	aff
A musician is an animal.	animal	-2.7667484283447266	aff	neg
A musician is not an animal.	animal	-2.059297561645508	neg	neg
A musician is not a person.	person	-2.0669822692871094	neg	aff
A machine is a thing.	thing	-2.3695108890533447	aff	aff
A machine is a person.	person	-2.36592173576355	aff	neg
A machine is not a person.	person	-0.9137483239173889	neg	neg
A machine is not a thing.	thing	-1.9572652578353882	neg	aff
A scientist is a person.	person	-2.500074625015259	aff	aff
A scientist is a computer.	computer	-4.08806037902832	aff	neg
A scientist is not a computer.	computer	-1.7963451147079468	neg	neg
A scientist is not a person.	person	-1.9521836042404175	neg	aff
A professor is a person.	person	-2.595235824584961	aff	aff
A professor is a building.	building	-5.697457790374756	aff	neg
A professor is not a building.	building	-4.2983222007751465	neg	neg
A professor is not a person.	person	-1.9295276403427124	neg	aff
A kitten is an animal.	animal	-1.5269263982772827	aff	aff
A kitten is a plant.	plant	-4.876743316650391	aff	neg
A kitten is not a plant.	plant	-3.123530149459839	neg	neg
A kitten is not an animal.	animal	-1.2398563623428345	neg	aff
A piano is an instrument.	instrument	-1.0085543394088745	aff	aff
A piano is a drink.	drink	-5.207678318023682	aff	neg
A piano is not a drink.	drink	-3.4580118656158447	neg	neg
A piano is not an instrument.	instrument	-1.1263865232467651	neg	aff
A ship is a vessel.	vessel	-0.8453032374382019	aff	aff
A ship is a mineral.	mineral	-4.412783145904541	aff	neg
A ship is not a mineral.	mineral	-2.8392746448516846	neg	neg
A ship is not a vessel.	vessel	-1.3635755777359009	neg	aff
A noun is a word.	word	-1.46060311794281	aff	aff
A noun is a verb.	verb	-0.6030156016349792	aff	neg
A noun is not a verb.	verb	-0.2189638912677765	neg	neg
A noun is not a word.	word	-1.4435590505599976	neg	aff
An adjective is a word.	word	-1.139878273010254	aff	aff
An adjective is a verb.	verb	-0.6645854115486145	aff	neg
An adjective is not a verb.	verb	-0.6559521555900574	neg	neg
An adjective is not a word.	word	-1.2709112167358398	neg	aff
A pronoun is a word.	word	-2.0186855792999268	aff	aff
A pronoun is a verb.	verb	-1.9418829679489136	aff	neg
A pronoun is not a verb.	verb	-1.6183820962905884	neg	neg
A pronoun is not a word.	word	-1.5661916732788086	neg	aff
A verb is a word.	word	-1.8775461912155151	aff	aff
A verb is a noun.	noun	-0.7872512936592102	aff	neg
A verb is not a noun.	noun	-0.3934803009033203	neg	neg
A verb is not a word.	word	-1.7787810564041138	neg	aff
An adverb is a word.	word	-1.882132887840271	aff	aff
An adverb is a noun.	noun	-1.2893937826156616	aff	neg
An adverb is not a noun.	noun	-1.1788625717163086	neg	neg
An adverb is not a word.	word	-1.5580699443817139	neg	aff
A screwdriver is a tool.	tool	-1.5454671382904053	aff	aff
A screwdriver is a vegetable.	vegetable	-2.9452781677246094	aff	neg
A screwdriver is not a vegetable.	vegetable	-2.295078992843628	neg	neg
A screwdriver is not a tool.	tool	-1.3782837390899658	neg	aff
A shack is a building.	building	-3.4643771648406982	aff	aff
A shack is a bird.	bird	-5.708780288696289	aff	neg
A shack is not a bird.	bird	-3.684174060821533	neg	neg
A shack is not a building.	building	-2.221900224685669	neg	aff
A toaster is an appliance.	appliance	-2.3561699390411377	aff	aff
A toaster is a toy.	toy	-2.5076847076416016	aff	neg
A toaster is not a toy.	toy	-2.0735199451446533	neg	neg
A toaster is not an appliance.	appliance	-1.8154009580612183	neg	aff
A microwave is an appliance.	appliance	-1.5216246843338013	aff	aff
A microwave is a plant.	plant	-5.024848461151123	aff	neg
A microwave is not a plant.	plant	-3.0644686222076416	neg	neg
A microwave is not an appliance.	appliance	-1.217286467552185	neg	aff
A coffeemaker is an appliance.	appliance	-1.8527040481567383	aff	aff
A coffeemaker is a food.	food	-3.4165635108947754	aff	neg
A coffeemaker is not a food.	food	-2.9666669368743896	neg	neg
A coffeemaker is not an appliance.	appliance	-1.4459776878356934	neg	aff
A sofa is a furniture.	furniture	-2.788771867752075	aff	aff
A sofa is a toy.	toy	-3.283093214035034	aff	neg
A sofa is not a toy.	toy	-2.3320045471191406	neg	neg
A sofa is not a furniture.	furniture	-2.216541290283203	neg	aff
A lantern is a light.	light	-2.0669515132904053	aff	aff
A lantern is a food.	food	-5.158504009246826	aff	neg
A lantern is not a food.	food	-4.033385753631592	neg	neg
A lantern is not a light.	light	-1.7705925703048706	neg	aff
A hospital is a building.	building	-2.439995050430298	aff	aff
A hospital is a river.	river	-4.791298866271973	aff	neg
A hospital is not a river.	river	-3.1409590244293213	neg	neg
A hospital is not a building.	building	-1.8679759502410889	neg	aff
A lock is a device.	device	-4.402050018310547	aff	aff
A lock is a garment.	garment	-4.937188625335693	aff	neg
A lock is not a garment.	garment	-2.9529154300689697	neg	neg
A lock is not a device.	device	-2.4473135471343994	neg	aff
A suit is a garment.	garment	-1.8284744024276733	aff	aff
A suit is a tool.	tool	-3.1546213626861572	aff	neg
A suit is not a tool.	tool	-2.693479537963867	neg	neg
A suit is not a garment.	garment	-1.5349019765853882	neg	aff
A clamp is a tool.	tool	-3.0853636264801025	aff	aff
A clamp is a mineral.	mineral	-5.51139497756958	aff	neg
A clamp is not a mineral.	mineral	-3.913226366043091	neg	neg
A clamp is not a tool.	tool	-2.3202598094940186	neg	aff
A ruby is a mineral.	mineral	-2.5169966220855713	aff	aff
A ruby is a toy.	toy	-3.4388980865478516	aff	neg
A ruby is not a toy.	toy	-2.76190185546875	neg	neg
A ruby is not a mineral.	mineral	-2.3229763507843018	neg	aff
A doll is a toy.	toy	-1.4384546279907227	aff	aff
A doll is a creature.	creature	-3.3086302280426025	aff	neg
A doll is not a creature.	creature	-2.0725648403167725	neg	neg
A doll is not a toy.	toy	-1.4423285722732544	neg	aff
A dog is a creature.	creature	-2.128462076187134	aff	aff
A dog is a building.	building	-5.28076171875	aff	neg
A dog is not a building.	building	-4.097721576690674	neg	neg
A dog is not a creature.	creature	-1.5891319513320923	neg	aff
A sandwich is a food.	food	-3.0755882263183594	aff	aff
A sandwich is a tool.	tool	-3.503962516784668	aff	neg
A sandwich is not a tool.	tool	-2.954986810684204	neg	neg
A sandwich is not a food.	food	-2.3663532733917236	neg	aff
A cake is a dessert.	dessert	-1.1703599691390991	aff	aff
A cake is a toy.	toy	-3.5557682514190674	aff	neg
A cake is not a toy.	toy	-1.9405027627944946	neg	neg
A cake is not a dessert.	dessert	-0.9210984110832214	neg	aff
A raccoon is an animal.	animal	-1.6064939498901367	aff	aff
A raccoon is a bird.	bird	-2.479804515838623	aff	neg
A raccoon is not a bird.	bird	-1.4073104858398438	neg	neg
A raccoon is not an animal.	animal	-1.025457739830017	neg	aff
A hut is a building.	building	-2.9575083255767822	aff	aff
A hut is an insect.	insect	-4.866916179656982	aff	neg
A hut is not an insect.	insect	-3.5998642444610596	neg	neg
A hut is not a building.	building	-2.0927717685699463	neg	aff
A penguin is an animal.	animal	-1.7241401672363281	aff	aff
A penguin is a plant.	plant	-3.4183502197265625	aff	neg
A penguin is not a plant.	plant	-2.3173775672912598	neg	neg
A penguin is not an animal.	animal	-1.16734778881073	neg	aff
A book is a media.	media	-3.8531367778778076	aff	aff
A book is an instrument.	instrument	-1.9654055833816528	aff	neg
A book is not an instrument.	instrument	-1.426169991493225	neg	neg
A book is not a media.	media	-3.4287493228912354	neg	aff
A bridge is a structure.	structure	-2.3200900554656982	aff	aff
A bridge is a toy.	toy	-4.194936275482178	aff	neg
A bridge is not a toy.	toy	-2.80541729927063	neg	neg
A bridge is not a structure.	structure	-2.02264666557312	neg	aff
A badger is an animal.	animal	-2.806349515914917	aff	aff
A badger is a plant.	plant	-4.154781818389893	aff	neg
A badger is not a plant.	plant	-2.6181375980377197	neg	neg
A badger is not an animal.	animal	-1.90398371219635	neg	aff
A pulley is a machine.	machine	-2.726693868637085	aff	aff
A pulley is a person.	person	-3.991283655166626	aff	neg
A pulley is not a person.	person	-2.938849687576294	neg	neg
A pulley is not a machine.	machine	-1.9951565265655518	neg	aff
A sapphire is a mineral.	mineral	-2.874565839767456	aff	aff
A sapphire is a gas.	gas	-3.900433301925659	aff	neg
A sapphire is not a gas.	gas	-3.26611065864563	neg	neg
A sapphire is not a mineral.	mineral	-2.4509332180023193	neg	aff
A possum is an animal.	animal	-1.9235996007919312	aff	aff
A possum is a plant.	plant	-3.2141642570495605	aff	neg
A possum is not a plant.	plant	-2.2885117530822754	neg	neg
A possum is not an animal.	animal	-1.1162281036376953	neg	aff
A panther is an animal.	animal	-1.4064903259277344	aff	aff
A panther is a toy.	toy	-3.18062162399292	aff	neg
A panther is not a toy.	toy	-2.2366440296173096	neg	neg
A panther is not an animal.	animal	-1.0212950706481934	neg	aff
A hamster is an animal.	animal	-1.4287816286087036	aff	aff
A hamster is a person.	person	-2.4474399089813232	aff	neg
A hamster is not a person.	person	-1.6609292030334473	neg	neg
A hamster is not an animal.	animal	-1.0772767066955566	neg	aff
A tractor is a vehicle.	vehicle	-2.8982057571411133	aff	aff
A tractor is a toy.	toy	-2.8959741592407227	aff	neg
A tractor is not a toy.	toy	-1.8804757595062256	neg	neg
A tractor is not a vehicle.	vehicle	-1.3072534799575806	neg	aff
A basil is a plant.	plant	-2.1631176471710205	aff	aff
A basil is a tool.	tool	-4.716001510620117	aff	neg
A basil is not a tool.	tool	-3.999826431274414	neg	neg
A basil is not a plant.	plant	-2.179382801055908	neg	aff
A play is a drama.	drama	-2.653294563293457	aff	aff
A play is a person.	person	-4.664077281951904	aff	neg
A play is not a person.	person	-2.9433863162994385	neg	neg
A play is not a drama.	drama	-2.1572837829589844	neg	aff
A raspberry is a fruit.	fruit	-1.7864309549331665	aff	aff
A raspberry is a vegetable.	vegetable	-2.6653523445129395	aff	neg
A raspberry is not a vegetable.	vegetable	-2.075019121170044	neg	neg
A raspberry is not a fruit.	fruit	-1.5309772491455078	neg	aff
A canal is a waterway.	waterway	-1.132442593574524	aff	aff
A canal is a road.	road	-2.8377323150634766	aff	neg
A canal is not a road.	road	-1.4933992624282837	neg	neg
A canal is not a waterway.	waterway	-1.0513544082641602	neg	aff
A flute is an instrument.	instrument	-1.1696845293045044	aff	aff
A flute is a toy.	toy	-2.063328981399536	aff	neg
A flute is not a toy.	toy	-1.879227876663208	neg	neg
A flute is not an instrument.	instrument	-0.899243175983429	neg	aff
A swallow is a bird.	bird	-2.938190221786499	aff	aff
A swallow is a mammal.	mammal	-4.327053546905518	aff	neg
A swallow is not a mammal.	mammal	-3.4288651943206787	neg	neg
A swallow is not a bird.	bird	-2.247459888458252	neg	aff
A platypus is a mammal.	mammal	-1.6967746019363403	aff	aff
A platypus is a reptile.	reptile	-1.7421468496322632	aff	neg
A platypus is not a reptile.	reptile	-1.5713720321655273	neg	neg
A platypus is not a mammal.	mammal	-1.393646001815796	neg	aff
A squirrel is a mammal.	mammal	-2.3892784118652344	aff	aff
A squirrel is an insect.	insect	-2.990232467651367	aff	neg
A squirrel is not an insect.	insect	-1.3289557695388794	neg	neg
A squirrel is not a mammal.	mammal	-1.4302743673324585	neg	aff
An antelope is an animal.	animal	-1.388135313987732	aff	aff
An antelope is a flower.	flower	-3.3165881633758545	aff	neg
An antelope is not a flower.	flower	-1.9951847791671753	neg	neg
An antelope is not an animal.	animal	-0.8339667320251465	neg	aff
An ant is an animal.	animal	-1.9406839609146118	aff	aff
An ant is a vegetable.	vegetable	-2.910654067993164	aff	neg
An ant is not a vegetable.	vegetable	-1.5082852840423584	neg	neg
An ant is not an animal.	animal	-0.7567904591560364	neg	aff
A stag is an animal.	animal	-2.2830002307891846	aff	aff
A stag is a building.	building	-5.684419631958008	aff	neg
A stag is not a building.	building	-4.331480979919434	neg	neg
A stag is not an animal.	animal	-1.9697380065917969	neg	aff
A bumblebee is an insect.	insect	-1.4607057571411133	aff	aff
A bumblebee is a toy.	toy	-2.2081830501556396	aff	neg
A bumblebee is not a toy.	toy	-1.7769063711166382	neg	neg
A bumblebee is not an insect.	insect	-1.233758807182312	neg	aff
A van is a vehicle.	vehicle	-2.0190186500549316	aff	aff
A van is a device.	device	-4.706977844238281	aff	neg
A van is not a device.	device	-2.911407232284546	neg	neg
A van is not a vehicle.	vehicle	-1.3079979419708252	neg	aff
A bat is an animal.	animal	-2.269197463989258	aff	aff
A bat is a furniture.	furniture	-6.241096496582031	aff	neg
A bat is not a furniture.	furniture	-3.9908077716827393	neg	neg
A bat is not an animal.	animal	-1.5238584280014038	neg	aff
A bed is a furniture.	furniture	-3.434734344482422	aff	aff
A bed is a toy.	toy	-3.087617874145508	aff	neg
A bed is not a toy.	toy	-2.2983126640319824	neg	neg
A bed is not a furniture.	furniture	-2.4397730827331543	neg	aff
A pencil is an instrument.	instrument	-1.6107406616210938	aff	aff
A pencil is an animal.	animal	-2.7813656330108643	aff	neg
A pencil is not an animal.	animal	-1.730778694152832	neg	neg
A pencil is not an instrument.	instrument	-1.294413447380066	neg	aff
A computer is a device.	device	-1.7001739740371704	aff	aff
A computer is a fruit.	fruit	-4.949416637420654	aff	neg
A computer is not a fruit.	fruit	-3.3421571254730225	neg	neg
A computer is not a device.	device	-1.2862516641616821	neg	aff
A watch is a gadget.	gadget	-2.13515305519104	aff	aff
A watch is an animal.	animal	-3.7192671298980713	aff	neg
A watch is not an animal.	animal	-1.9050023555755615	neg	neg
A watch is not a gadget.	gadget	-1.6842079162597656	neg	aff
A cake is a sweet.	sweet	-5.510242938995361	aff	aff
A cake is a vegetable.	vegetable	-3.251271963119507	aff	neg
A cake is not a vegetable.	vegetable	-2.235153913497925	neg	neg
A cake is not a sweet.	sweet	-4.088547706604004	neg	aff
A lever is a machine.	machine	-3.967918634414673	aff	aff
A lever is a toy.	toy	-4.2724103927612305	aff	neg
A lever is not a toy.	toy	-2.687429904937744	neg	neg
A lever is not a machine.	machine	-2.2719004154205322	neg	aff
A shark is an animal.	animal	-1.870550274848938	aff	aff
A shark is a toy.	toy	-3.688710927963257	aff	neg
A shark is not a toy.	toy	-2.114457368850708	neg	neg
A shark is not an animal.	animal	-1.3356910943984985	neg	aff
A ruby is a gemstone.	gemstone	-1.4659183025360107	aff	aff
A ruby is a plant.	plant	-4.4653706550598145	aff	neg
A ruby is not a plant.	plant	-3.017665386199951	neg	neg
A ruby is not a gemstone.	gemstone	-1.6753945350646973	neg	aff
An armchair is a furniture.	furniture	-3.1241400241851807	aff	aff
An armchair is a tool.	tool	-2.3643219470977783	aff	neg
An armchair is not a tool.	tool	-2.3412249088287354	neg	neg
An armchair is not a furniture.	furniture	-2.3846356868743896	neg	aff
A stencil is a tool.	tool	-2.1314656734466553	aff	aff
A stencil is a furniture.	furniture	-5.250640392303467	aff	neg
A stencil is not a furniture.	furniture	-3.6441521644592285	neg	neg
A stencil is not a tool.	tool	-1.8174315690994263	neg	aff
An earphone is an electronics.	electronics	-4.179505348205566	aff	aff
An earphone is a tool.	tool	-2.842017650604248	aff	neg
An earphone is not a tool.	tool	-2.6360039710998535	neg	neg
An earphone is not an electronics.	electronics	-3.386091470718384	neg	aff
A skateboard is a sport.	sport	-1.903915524482727	aff	aff
A skateboard is a game.	game	-2.8209757804870605	aff	neg
A skateboard is not a game.	game	-2.0658681392669678	neg	neg
A skateboard is not a sport.	sport	-1.7266731262207031	neg	aff
A brick is a material.	material	-4.087543487548828	aff	aff
A brick is a flower.	flower	-4.362667083740234	aff	neg
A brick is not a flower.	flower	-2.390580415725708	neg	neg
A brick is not a material.	material	-3.235407590866089	neg	aff
A windmill is a machine.	machine	-2.2694976329803467	aff	aff
A windmill is a mammal.	mammal	-3.8004348278045654	aff	neg
A windmill is not a mammal.	mammal	-2.6871438026428223	neg	neg
A windmill is not a machine.	machine	-1.794564127922058	neg	aff
A tree is a plant.	plant	-1.1286765336990356	aff	aff
A tree is a mineral.	mineral	-3.9526875019073486	aff	neg
A tree is not a mineral.	mineral	-2.6397593021392822	neg	neg
A tree is not a plant.	plant	-0.7624754309654236	neg	aff
A rock is a stone.	stone	-1.1452873945236206	aff	aff
A rock is a tree.	tree	-3.494277238845825	aff	neg
A rock is not a tree.	tree	-1.105512022972107	neg	neg
A rock is not a stone.	stone	-0.9586547017097473	neg	aff
A mole is a mammal.	mammal	-2.5661203861236572	aff	aff
A mole is a fish.	fish	-3.5797958374023438	aff	neg
A mole is not a fish.	fish	-2.357318878173828	neg	neg
A mole is not a mammal.	mammal	-2.3602681159973145	neg	aff
A movie is a media.	media	-4.330826282501221	aff	aff
A movie is a food.	food	-4.532711029052734	aff	neg
A movie is not a food.	food	-3.357661485671997	neg	neg
A movie is not a media.	media	-3.771390438079834	neg	aff
A paperback is a book.	book	-1.7174104452133179	aff	aff
A paperback is a movie.	movie	-3.935365676879883	aff	neg
A paperback is not a movie.	movie	-2.1091716289520264	neg	neg
A paperback is not a book.	book	-1.2661008834838867	neg	aff
A tower is a structure.	structure	-2.444918394088745	aff	aff
A tower is a cave.	cave	-4.797688007354736	aff	neg
A tower is not a cave.	cave	-2.6655659675598145	neg	neg
A tower is not a structure.	structure	-1.9918873310089111	neg	aff
An asylum is an institution.	institution	-1.5763663053512573	aff	aff
An asylum is a game.	game	-4.660305023193359	aff	neg
An asylum is not a game.	game	-3.5496394634246826	neg	neg
An asylum is not an institution.	institution	-1.7554951906204224	neg	aff
A rice is a grain.	grain	-1.911594033241272	aff	aff
A rice is a fish.	fish	-3.177358865737915	aff	neg
A rice is not a fish.	fish	-2.243006944656372	neg	neg
A rice is not a grain.	grain	-1.9947105646133423	neg	aff
A soup is a food.	food	-2.5465199947357178	aff	aff
A soup is a plant.	plant	-4.257588863372803	aff	neg
A soup is not a plant.	plant	-2.894249677658081	neg	neg
A soup is not a food.	food	-1.938730239868164	neg	aff
A ship is a vehicle.	vehicle	-2.9374663829803467	aff	aff
A ship is a toy.	toy	-2.8771188259124756	aff	neg
A ship is not a toy.	toy	-2.2570910453796387	neg	neg
A ship is not a vehicle.	vehicle	-1.742869257926941	neg	aff
A blueberry is a fruit.	fruit	-1.6174447536468506	aff	aff
A blueberry is a flower.	flower	-2.0246989727020264	aff	neg
A blueberry is not a flower.	flower	-1.5259249210357666	neg	neg
A blueberry is not a fruit.	fruit	-1.418971061706543	neg	aff
A shirt is a clothing.	clothing	-3.426076889038086	aff	aff
A shirt is a food.	food	-4.551767826080322	aff	neg
A shirt is not a food.	food	-3.2683749198913574	neg	neg
A shirt is not a clothing.	clothing	-2.77608060836792	neg	aff
A dandelion is a flower.	flower	-1.452246069908142	aff	aff
A dandelion is a tree.	tree	-2.576578378677368	aff	neg
A dandelion is not a tree.	tree	-1.5350756645202637	neg	neg
A dandelion is not a flower.	flower	-1.0664036273956299	neg	aff
A perfume is a liquid.	liquid	-2.9409077167510986	aff	aff
A perfume is a solid.	solid	-7.0898919105529785	aff	neg
A perfume is not a solid.	solid	-5.574070453643799	neg	neg
A perfume is not a liquid.	liquid	-2.7257578372955322	neg	aff
A cabbage is a vegetable.	vegetable	-1.3216553926467896	aff	aff
A cabbage is a furniture.	furniture	-5.7397847175598145	aff	neg
A cabbage is not a furniture.	furniture	-4.781662940979004	neg	neg
A cabbage is not a vegetable.	vegetable	-1.132914662361145	neg	aff
A pasta is a dish.	dish	-1.7936843633651733	aff	aff
A pasta is a building.	building	-5.410688877105713	aff	neg
A pasta is not a building.	building	-3.5518229007720947	neg	neg
A pasta is not a dish.	dish	-1.7767465114593506	neg	aff
A brownie is a dessert.	dessert	-1.8454675674438477	aff	aff
A brownie is a fruit.	fruit	-2.514747142791748	aff	neg
A brownie is not a fruit.	fruit	-1.8270171880722046	neg	neg
A brownie is not a dessert.	dessert	-1.1708221435546875	neg	aff
A lounge is a room.	room	-3.159114122390747	aff	aff
A lounge is a machine.	machine	-5.06864595413208	aff	neg
A lounge is not a machine.	machine	-3.681743860244751	neg	neg
A lounge is not a room.	room	-1.8505361080169678	neg	aff
A beach is a coastline.	coastline	-2.0216453075408936	aff	aff
A beach is a forest.	forest	-3.6683003902435303	aff	neg
A beach is not a forest.	forest	-1.6394509077072144	neg	neg
A beach is not a coastline.	coastline	-1.849127173423767	neg	aff
A chicken is a food.	food	-3.456552267074585	aff	aff
A chicken is a fruit.	fruit	-4.5157856941223145	aff	neg
A chicken is not a fruit.	fruit	-2.3296215534210205	neg	neg
A chicken is not a food.	food	-2.666332244873047	neg	aff
A koala is an animal.	animal	-1.2267916202545166	aff	aff
A koala is a mineral.	mineral	-3.683434247970581	aff	neg
A koala is not a mineral.	mineral	-3.047168016433716	neg	neg
A koala is not an animal.	animal	-1.0916774272918701	neg	aff
An ostrich is a bird.	bird	-1.162523865699768	aff	aff
An ostrich is a mammal.	mammal	-2.0954246520996094	aff	neg
An ostrich is not a mammal.	mammal	-1.1826331615447998	neg	neg
An ostrich is not a bird.	bird	-0.8642699718475342	neg	aff
A salad is a food.	food	-2.6363489627838135	aff	aff
A salad is a drink.	drink	-2.826160430908203	aff	neg
A salad is not a drink.	drink	-1.842406988143921	neg	neg
A salad is not a food.	food	-1.9297351837158203	neg	aff
A pineapple is a fruit.	fruit	-1.3538455963134766	aff	aff
A pineapple is a vegetable.	vegetable	-2.3150432109832764	aff	neg
A pineapple is not a vegetable.	vegetable	-1.7776657342910767	neg	neg
A pineapple is not a fruit.	fruit	-1.2784230709075928	neg	aff
An eagle is a bird.	bird	-0.908015251159668	aff	aff
An eagle is a plant.	plant	-4.51429557800293	aff	neg
An eagle is not a plant.	plant	-3.633636474609375	neg	neg
An eagle is not a bird.	bird	-1.163230299949646	neg	aff
A bicycle is a transport.	transport	-3.0280673503875732	aff	aff
A bicycle is a gemstone.	gemstone	-3.318331003189087	aff	neg
A bicycle is not a gemstone.	gemstone	-3.117459774017334	neg	neg
A bicycle is not a transport.	transport	-2.557945489883423	neg	aff
An iodine is an element.	element	-5.018312454223633	aff	aff
An iodine is a mineral.	mineral	-2.8580310344696045	aff	neg
An iodine is not a mineral.	mineral	-2.8980178833007812	neg	neg
An iodine is not an element.	element	-4.407757759094238	neg	aff
A carbon is an element.	element	-3.4795820713043213	aff	aff
A carbon is a device.	device	-4.850861549377441	aff	neg
A carbon is not a device.	device	-3.44932222366333	neg	neg
A carbon is not an element.	element	-3.224442720413208	neg	aff
A salt is a mineral.	mineral	-1.8040714263916016	aff	aff
A salt is a toy.	toy	-4.75554895401001	aff	neg
A salt is not a toy.	toy	-4.16970157623291	neg	neg
A salt is not a mineral.	mineral	-1.6601301431655884	neg	aff
A methane is a gas.	gas	-2.129765748977661	aff	aff
A methane is a liquid.	liquid	-3.4135196208953857	aff	neg
A methane is not a liquid.	liquid	-3.319328784942627	neg	neg
A methane is not a gas.	gas	-2.429903030395508	neg	aff
A ladder is a tool.	tool	-3.2419347763061523	aff	aff
A ladder is a toy.	toy	-4.211984634399414	aff	neg
A ladder is not a toy.	toy	-2.7875328063964844	neg	neg
A ladder is not a tool.	tool	-2.3658955097198486	neg	aff
A cup is a container.	container	-3.52559757232666	aff	aff
A cup is a tool.	tool	-3.8555469512939453	aff	neg
A cup is not a tool.	tool	-2.6372416019439697	neg	neg
A cup is not a container.	container	-1.8546221256256104	neg	aff
A puppy is a dog.	dog	-1.478406548500061	aff	aff
A puppy is a cat.	cat	-4.299005031585693	aff	neg
A puppy is not a cat.	cat	-1.8785251379013062	neg	neg
A puppy is not a dog.	dog	-1.3250092267990112	neg	aff
A stone is a rock.	rock	-1.713119626045227	aff	aff
A stone is a place.	place	-3.3978817462921143	aff	neg
A stone is not a place.	place	-2.749802350997925	neg	neg
A stone is not a rock.	rock	-1.2412536144256592	neg	aff
A clay is a material.	material	-3.501354217529297	aff	aff
A clay is a person.	person	-3.4314537048339844	aff	neg
A clay is not a person.	person	-2.6422502994537354	neg	neg
A clay is not a material.	material	-3.259244203567505	neg	aff
A dragon is a creature.	creature	-2.3103482723236084	aff	aff
A dragon is a plant.	plant	-4.031367778778076	aff	neg
A dragon is not a plant.	plant	-2.1949522495269775	neg	neg
A dragon is not a creature.	creature	-1.6128761768341064	neg	aff
A beetle is an insect.	insect	-0.8434410095214844	aff	aff
A beetle is a plant.	plant	-3.538724899291992	aff	neg
A beetle is not a plant.	plant	-2.082909107208252	neg	neg
A beetle is not an insect.	insect	-0.9198130369186401	neg	aff
A wheel is a tool.	tool	-2.657259225845337	aff	aff
A wheel is a place.	place	-3.5883233547210693	aff	neg
A wheel is not a place.	place	-2.3507015705108643	neg	neg
A wheel is not a tool.	tool	-2.058445930480957	neg	aff
A daisy is a plant.	plant	-2.540059804916382	aff	aff
A daisy is an animal.	animal	-2.760192394256592	aff	neg
A daisy is not an animal.	animal	-1.6829079389572144	neg	neg
A daisy is not a plant.	plant	-1.6195573806762695	neg	aff
A holiday is a break.	break	-2.6789608001708984	aff	aff
A holiday is a work.	work	-4.375011920928955	aff	neg
A holiday is not a work.	work	-3.6778042316436768	neg	neg
A holiday is not a break.	break	-2.263310194015503	neg	aff
An insect is an arthropod.	arthropod	-1.9803656339645386	aff	aff
An insect is a mammal.	mammal	-2.1414437294006348	aff	neg
An insect is not a mammal.	mammal	-0.9110836386680603	neg	neg
An insect is not an arthropod.	arthropod	-1.3287014961242676	neg	aff
A lily is a flora.	flora	-2.8573203086853027	aff	aff
A lily is a tool.	tool	-3.688459634780884	aff	neg
A lily is not a tool.	tool	-3.1843864917755127	neg	neg
A lily is not a flora.	flora	-2.110800266265869	neg	aff
A cardinal is a bird.	bird	-2.41740345954895	aff	aff
A cardinal is a tree.	tree	-4.337372303009033	aff	neg
A cardinal is not a tree.	tree	-2.677306890487671	neg	neg
A cardinal is not a bird.	bird	-2.1799118518829346	neg	aff
A swan is a bird.	bird	-1.89081609249115	aff	aff
A swan is a plant.	plant	-3.5725197792053223	aff	neg
A swan is not a plant.	plant	-2.4563071727752686	neg	neg
A swan is not a bird.	bird	-1.39401376247406	neg	aff
A calliper is a tool.	tool	-4.531159400939941	aff	aff
A calliper is a weapon.	weapon	-4.067345142364502	aff	neg
A calliper is not a weapon.	weapon	-3.325653076171875	neg	neg
A calliper is not a tool.	tool	-4.067101955413818	neg	aff
A cathedral is a church.	church	-0.9523089528083801	aff	aff
A cathedral is a house.	house	-2.780380964279175	aff	neg
A cathedral is not a house.	house	-1.8928544521331787	neg	neg
A cathedral is not a church.	church	-1.0834335088729858	neg	aff
A pear is a fruit.	fruit	-1.3458352088928223	aff	aff
A pear is a vegetable.	vegetable	-2.264802932739258	aff	neg
A pear is not a vegetable.	vegetable	-1.837066411972046	neg	neg
A pear is not a fruit.	fruit	-1.1987234354019165	neg	aff
A watermelon is a fruit.	fruit	-1.6392394304275513	aff	aff
A watermelon is a vegetable.	vegetable	-1.9138715267181396	aff	neg
A watermelon is not a vegetable.	vegetable	-1.4377288818359375	neg	neg
A watermelon is not a fruit.	fruit	-1.4074411392211914	neg	aff
A tugboat is a vessel.	vessel	-2.8099188804626465	aff	aff
A tugboat is a toy.	toy	-2.7740814685821533	aff	neg
A tugboat is not a toy.	toy	-2.2668471336364746	neg	neg
A tugboat is not a vessel.	vessel	-1.7593753337860107	neg	aff
A poet is a writer.	writer	-1.1927584409713745	aff	aff
A poet is a tool.	tool	-3.4401795864105225	aff	neg
A poet is not a tool.	tool	-2.6885111331939697	neg	neg
A poet is not a writer.	writer	-0.8763554692268372	neg	aff
An athlete is a sportsman.	sportsman	-1.0432655811309814	aff	aff
An athlete is a poet.	poet	-2.8866512775421143	aff	neg
An athlete is not a poet.	poet	-2.0442190170288086	neg	neg
An athlete is not a sportsman.	sportsman	-1.0310088396072388	neg	aff
A musician is a professional.	professional	-2.84725022315979	aff	aff
A musician is an athlete.	athlete	-1.9763131141662598	aff	neg
A musician is not an athlete.	athlete	-1.4373595714569092	neg	neg
A musician is not a professional.	professional	-1.9778499603271484	neg	aff
A cook is a chef.	chef	-0.9695852398872375	aff	aff
A cook is a waiter.	waiter	-2.6875722408294678	aff	neg
A cook is not a waiter.	waiter	-1.3525769710540771	neg	neg
A cook is not a chef.	chef	-1.2797151803970337	neg	aff
A shirt is a garment.	garment	-1.4961825609207153	aff	aff
A shirt is a house.	house	-4.6441264152526855	aff	neg
A shirt is not a house.	house	-2.2342989444732666	neg	neg
A shirt is not a garment.	garment	-1.051842451095581	neg	aff
A doorknob is a furnishing.	furnishing	-3.78363037109375	aff	aff
A doorknob is a computer.	computer	-2.5809783935546875	aff	neg
A doorknob is not a computer.	computer	-1.606080174446106	neg	neg
A doorknob is not a furnishing.	furnishing	-3.2010104656219482	neg	aff
A spoon is an utensil.	utensil	-2.700573682785034	aff	aff
A spoon is a toy.	toy	-2.413083791732788	aff	neg
A spoon is not a toy.	toy	-1.6219383478164673	neg	neg
A spoon is not an utensil.	utensil	-2.031283378601074	neg	aff
A movie is a film.	film	-1.010350227355957	aff	aff
A movie is a place.	place	-3.3725316524505615	aff	neg
A movie is not a place.	place	-2.1041078567504883	neg	neg
A movie is not a film.	film	-1.662701964378357	neg	aff
A mansion is a building.	building	-2.3418755531311035	aff	aff
A mansion is an apartment.	apartment	-1.936174988746643	aff	neg
A mansion is not an apartment.	apartment	-1.3947128057479858	neg	neg
A mansion is not a building.	building	-1.9796686172485352	neg	aff
A monument is a structure.	structure	-2.6742372512817383	aff	aff
A monument is a toy.	toy	-4.592990398406982	aff	neg
A monument is not a toy.	toy	-2.6792843341827393	neg	neg
A monument is not a structure.	structure	-2.1367127895355225	neg	aff
A candle is a light.	light	-1.644289493560791	aff	aff
A candle is a sound.	sound	-4.148723125457764	aff	neg
A candle is not a sound.	sound	-2.9417173862457275	neg	neg
A candle is not a light.	light	-1.258025050163269	neg	aff
A poodle is a dog.	dog	-1.0495185852050781	aff	aff
A poodle is a bird.	bird	-2.966188669204712	aff	neg
A poodle is not a bird.	bird	-1.7951990365982056	neg	neg
A poodle is not a dog.	dog	-1.082708716392517	neg	aff
A baby is a human.	human	-3.725438356399536	aff	aff
A baby is a cat.	cat	-5.0733323097229	aff	neg
A baby is not a cat.	cat	-2.784498453140259	neg	neg
A baby is not a human.	human	-2.2869060039520264	neg	aff
A snowflake is a flake.	flake	-1.8886855840682983	aff	aff
A snowflake is a cloud.	cloud	-3.4378809928894043	aff	neg
A snowflake is not a cloud.	cloud	-2.557063102722168	neg	neg
A snowflake is not a flake.	flake	-1.6172499656677246	neg	aff
A violin is an instrument.	instrument	-0.9382532238960266	aff	aff
A violin is a toy.	toy	-2.2428479194641113	aff	neg
A violin is not a toy.	toy	-1.7967321872711182	neg	neg
A violin is not an instrument.	instrument	-1.0912762880325317	neg	aff
A spade is a tool.	tool	-2.178088426589966	aff	aff
A spade is a food.	food	-3.999070882797241	aff	neg
A spade is not a food.	food	-3.4968533515930176	neg	neg
A spade is not a tool.	tool	-2.0890614986419678	neg	aff
An onion is a vegetable.	vegetable	-0.9396934509277344	aff	aff
An onion is a fruit.	fruit	-2.0492963790893555	aff	neg
An onion is not a fruit.	fruit	-1.5838353633880615	neg	neg
An onion is not a vegetable.	vegetable	-0.854584276676178	neg	aff
A mailman is a worker.	worker	-3.1524081230163574	aff	aff
A mailman is a police.	police	-5.4734416007995605	aff	neg
A mailman is not a police.	police	-3.516425132751465	neg	neg
A mailman is not a worker.	worker	-2.180659532546997	neg	aff
A policeman is a worker.	worker	-4.589754581451416	aff	aff
A policeman is a material.	material	-8.095036506652832	aff	neg
A policeman is not a material.	material	-6.614250659942627	neg	neg
A policeman is not a worker.	worker	-3.498523235321045	neg	aff
A sand is a material.	material	-4.155706405639648	aff	aff
A sand is a house.	house	-4.665821075439453	aff	neg
A sand is not a house.	house	-3.115792751312256	neg	neg
A sand is not a material.	material	-3.6159424781799316	neg	aff
A grapefruit is a fruit.	fruit	-1.2198617458343506	aff	aff
A grapefruit is a color.	color	-4.032675266265869	aff	neg
A grapefruit is not a color.	color	-3.3554928302764893	neg	neg
A grapefruit is not a fruit.	fruit	-1.1621439456939697	neg	aff
A couch is a furniture.	furniture	-3.5783512592315674	aff	aff
A couch is a building.	building	-4.671124458312988	aff	neg
A couch is not a building.	building	-2.289259672164917	neg	neg
A couch is not a furniture.	furniture	-2.5636990070343018	neg	aff
A lawyer is a professional.	professional	-1.7265254259109497	aff	aff
A lawyer is a judge.	judge	-2.32197642326355	aff	neg
A lawyer is not a judge.	judge	-0.6423420310020447	neg	neg
A lawyer is not a professional.	professional	-1.158111572265625	neg	aff
A brinjal is a vegetable.	vegetable	-3.2096149921417236	aff	aff
A brinjal is a fruit.	fruit	-3.415003776550293	aff	neg
A brinjal is not a fruit.	fruit	-2.961101531982422	neg	neg
A brinjal is not a vegetable.	vegetable	-2.676363706588745	neg	aff
A moon is a satellite.	satellite	-3.266932725906372	aff	aff
A moon is a star.	star	-2.5598955154418945	aff	neg
A moon is not a star.	star	-1.5737330913543701	neg	neg
A moon is not a satellite.	satellite	-2.2132842540740967	neg	aff
A dresser is a furniture.	furniture	-3.421541929244995	aff	aff
A dresser is a house.	house	-3.208646059036255	aff	neg
A dresser is not a house.	house	-1.9169485569000244	neg	neg
A dresser is not a furniture.	furniture	-2.8266055583953857	neg	aff
A canoe is a boat.	boat	-1.3188470602035522	aff	aff
A canoe is a yacht.	yacht	-2.948019027709961	aff	neg
A canoe is not a yacht.	yacht	-1.3504616022109985	neg	neg
A canoe is not a boat.	boat	-1.0920785665512085	neg	aff
A park is a facility.	facility	-2.691190004348755	aff	aff
A park is a paperwork.	paperwork	-7.4544501304626465	aff	neg
A park is not a paperwork.	paperwork	-6.04141902923584	neg	neg
A park is not a facility.	facility	-1.971014380455017	neg	aff
A farm is a land.	land	-2.486870527267456	aff	aff
A farm is a color.	color	-5.037930965423584	aff	neg
A farm is not a color.	color	-4.048073768615723	neg	neg
A farm is not a land.	land	-2.3628299236297607	neg	aff
A disc is an electronics.	electronics	-4.704570293426514	aff	aff
A disc is a material.	material	-3.229923963546753	aff	neg
A disc is not a material.	material	-3.105520725250244	neg	neg
A disc is not an electronics.	electronics	-3.8971710205078125	neg	aff
A window is a structure.	structure	-3.782547950744629	aff	aff
A window is a place.	place	-3.1793220043182373	aff	neg
A window is not a place.	place	-1.9450483322143555	neg	neg
A window is not a structure.	structure	-2.232755661010742	neg	aff
A pumpkin is a vegetable.	vegetable	-2.0526766777038574	aff	aff
A pumpkin is a fruit.	fruit	-2.5659611225128174	aff	neg
A pumpkin is not a fruit.	fruit	-1.886433482170105	neg	neg
A pumpkin is not a vegetable.	vegetable	-1.5247694253921509	neg	aff
A bowl is an utensil.	utensil	-3.4098806381225586	aff	aff
A bowl is a toy.	toy	-3.281233549118042	aff	neg
A bowl is not a toy.	toy	-2.05635142326355	neg	neg
A bowl is not an utensil.	utensil	-2.4666359424591064	neg	aff
A fox is a mammal.	mammal	-2.9018003940582275	aff	aff
A fox is a fish.	fish	-3.6954824924468994	aff	neg
A fox is not a fish.	fish	-1.8445204496383667	neg	neg
A fox is not a mammal.	mammal	-1.5699652433395386	neg	aff
A spider is an arthropod.	arthropod	-1.5359866619110107	aff	aff
A spider is a plant.	plant	-3.7571237087249756	aff	neg
A spider is not a plant.	plant	-1.8782825469970703	neg	neg
A spider is not an arthropod.	arthropod	-1.1296848058700562	neg	aff
A mountain is a place.	place	-2.160996437072754	aff	aff
A mountain is a thing.	thing	-3.252110242843628	aff	neg
A mountain is not a thing.	thing	-2.395594835281372	neg	neg
A mountain is not a place.	place	-1.6947520971298218	neg	aff
A magazine is a publication.	publication	-1.4038300514221191	aff	aff
A magazine is a drink.	drink	-3.99611496925354	aff	neg
A magazine is not a drink.	drink	-2.4651591777801514	neg	neg
A magazine is not a publication.	publication	-1.7269703149795532	neg	aff
A desk is a furnishing.	furnishing	-4.429388999938965	aff	aff
A desk is a noun.	noun	-3.8030545711517334	aff	neg
A desk is not a noun.	noun	-3.5190117359161377	neg	neg
A desk is not a furnishing.	furnishing	-3.412294864654541	neg	aff
A lamp is a decoration.	decoration	-2.701632261276245	aff	aff
A lamp is a toy.	toy	-3.0844383239746094	aff	neg
A lamp is not a toy.	toy	-1.9791728258132935	neg	neg
A lamp is not a decoration.	decoration	-2.1469929218292236	neg	aff
A pen is a stationary.	stationary	-3.962810516357422	aff	aff
A pen is a food.	food	-4.2282843589782715	aff	neg
A pen is not a food.	food	-3.223245620727539	neg	neg
A pen is not a stationary.	stationary	-3.4496002197265625	neg	aff
An eraser is a stationary.	stationary	-6.146377086639404	aff	aff
An eraser is a food.	food	-4.679941654205322	aff	neg
An eraser is not a food.	food	-3.531684160232544	neg	neg
An eraser is not a stationary.	stationary	-4.901558876037598	neg	aff
A library is a building.	building	-2.018181562423706	aff	aff
A library is a drink.	drink	-4.848199367523193	aff	neg
A library is not a drink.	drink	-3.538151502609253	neg	neg
A library is not a building.	building	-1.6928026676177979	neg	aff
A website is a webpage.	webpage	-2.316434144973755	aff	aff
A website is a computer.	computer	-3.485651969909668	aff	neg
A website is not a computer.	computer	-2.020470380783081	neg	neg
A website is not a webpage.	webpage	-1.9300280809402466	neg	aff
A king is a ruler.	ruler	-1.2128335237503052	aff	aff
A king is a servant.	servant	-2.6113951206207275	aff	neg
A king is not a servant.	servant	-1.6445568799972534	neg	neg
A king is not a ruler.	ruler	-1.1958657503128052	neg	aff
A snowman is a sculpture.	sculpture	-3.0401012897491455	aff	aff
A snowman is a building.	building	-3.8715660572052	aff	neg
A snowman is not a building.	building	-3.2091426849365234	neg	neg
A snowman is not a sculpture.	sculpture	-1.990051031112671	neg	aff
A vacuum is a machine.	machine	-2.7114579677581787	aff	aff
A vacuum is a pet.	pet	-4.172901630401611	aff	neg
A vacuum is not a pet.	pet	-2.4450714588165283	neg	neg
A vacuum is not a machine.	machine	-1.845784306526184	neg	aff
A robot is a machine.	machine	-1.926438331604004	aff	aff
A robot is a pet.	pet	-4.05924654006958	aff	neg
A robot is not a pet.	pet	-2.0995676517486572	neg	neg
A robot is not a machine.	machine	-1.3779852390289307	neg	aff
A seagull is a bird.	bird	-1.6470656394958496	aff	aff
A seagull is a mammal.	mammal	-2.7941110134124756	aff	neg
A seagull is not a mammal.	mammal	-1.7557594776153564	neg	neg
A seagull is not a bird.	bird	-1.1698991060256958	neg	aff
A dress is a garment.	garment	-1.241300106048584	aff	aff
A dress is a device.	device	-3.815100908279419	aff	neg
A dress is not a device.	device	-2.7415287494659424	neg	neg
A dress is not a garment.	garment	-1.0611768960952759	neg	aff
A swamp is a habitat.	habitat	-3.244487762451172	aff	aff
A swamp is a tree.	tree	-3.8763835430145264	aff	neg
A swamp is not a tree.	tree	-2.0158731937408447	neg	neg
A swamp is not a habitat.	habitat	-2.128300189971924	neg	aff
A continent is a landmass.	landmass	-1.1791269779205322	aff	aff
A continent is a liquid.	liquid	-5.049381732940674	aff	neg
A continent is not a liquid.	liquid	-4.1886796951293945	neg	neg
A continent is not a landmass.	landmass	-1.1844286918640137	neg	aff
An icecream is a dessert.	dessert	-1.7163821458816528	aff	aff
An icecream is a plant.	plant	-4.018226146697998	aff	neg
An ice cream is not a plant.	plant	-2.0844531059265137	neg	neg
An ice cream is not a dessert.	dessert	-0.8889309167861938	neg	aff
A cake is a dish.	dish	-2.211064100265503	aff	aff
A cake is a tree.	tree	-4.736051082611084	aff	neg
A cake is not a tree.	tree	-2.4275152683258057	neg	neg
A cake is not a dish.	dish	-1.5934127569198608	neg	aff
A cookie is a dessert.	dessert	-2.218071222305298	aff	aff
A cookie is a toy.	toy	-3.015263795852661	aff	neg
A cookie is not a toy.	toy	-1.5900824069976807	neg	neg
A cookie is not a dessert.	dessert	-1.2943956851959229	neg	aff
A bird is an organism.	organism	-1.4436246156692505	aff	aff
A bird is a toy.	toy	-3.2918269634246826	aff	neg
A bird is not a toy.	toy	-1.6730698347091675	neg	neg
A bird is not an organism.	organism	-1.2819722890853882	neg	aff
A mammal is a vertebrate.	vertebrate	-1.5263770818710327	aff	aff
A mammal is a place.	place	-4.4111714363098145	aff	neg
A mammal is not a place.	place	-3.387249708175659	neg	neg
A mammal is not a vertebrate.	vertebrate	-1.498836874961853	neg	aff
A relative is a family.	family	-4.492763519287109	aff	aff
A relative is a furniture.	furniture	-7.111302852630615	aff	neg
A relative is not a furniture.	furniture	-5.488163471221924	neg	neg
A relative is not a family.	family	-2.9918789863586426	neg	aff
A vehicle is a transportation.	transportation	-2.95329213142395	aff	aff
A vehicle is a bird.	bird	-4.808341979980469	aff	neg
A vehicle is not a bird.	bird	-2.951691150665283	neg	neg
A vehicle is not a transportation.	transportation	-2.9183223247528076	neg	aff
A vegetable is a snack.	snack	-2.8724365234375	aff	aff
A vegetable is an insect.	insect	-2.6252119541168213	aff	neg
A vegetable is not an insect.	insect	-1.5445053577423096	neg	neg
A vegetable is not a snack.	snack	-1.8570506572723389	neg	aff
A shoe is an apparel.	apparel	-2.745527505874634	aff	aff
A shoe is a bottle.	bottle	-5.024078369140625	aff	neg
A shoe is not a bottle.	bottle	-2.4782893657684326	neg	neg
A shoe is not an apparel.	apparel	-2.348926544189453	neg	aff
A sock is an apparel.	apparel	-3.4363200664520264	aff	aff
A sock is a shoe.	shoe	-1.8792839050292969	aff	neg
A sock is not a shoe.	shoe	-0.7315793633460999	neg	neg
A sock is not an apparel.	apparel	-2.876847743988037	neg	aff
A sheep is a mammal.	mammal	-2.6992177963256836	aff	aff
A sheep is a plant.	plant	-4.392796516418457	aff	neg
A sheep is not a plant.	plant	-2.4406685829162598	neg	neg
A sheep is not a mammal.	mammal	-1.6294764280319214	neg	aff
A python is a reptile.	reptile	-2.3630008697509766	aff	aff
A python is a place.	place	-5.2427849769592285	aff	neg
A python is not a place.	place	-4.585415363311768	neg	neg
A python is not a reptile.	reptile	-1.9668112993240356	neg	aff
A river is an ecosystem.	ecosystem	-1.7123996019363403	aff	aff
A river is a landmass.	landmass	-2.456777334213257	aff	neg
A river is not a landmass.	landmass	-1.753428339958191	neg	neg
A river is not an ecosystem.	ecosystem	-1.8435808420181274	neg	aff
An ocean is an ecosystem.	ecosystem	-2.0632126331329346	aff	aff
An ocean is a desert.	desert	-2.2594106197357178	aff	neg
An ocean is not a desert.	desert	-1.2721444368362427	neg	neg
An ocean is not an ecosystem.	ecosystem	-1.9432276487350464	neg	aff
A poet is an artist.	artist	-0.8719051480293274	aff	aff
A poet is a food.	food	-5.432981967926025	aff	neg
A poet is not a food.	food	-4.620485782623291	neg	neg
A poet is not an artist.	artist	-0.762568473815918	neg	aff
A painter is an artist.	artist	-0.5768032073974609	aff	aff
A painter is a furniture.	furniture	-6.587217807769775	aff	neg
A painter is not a furniture.	furniture	-4.694853782653809	neg	neg
A painter is not an artist.	artist	-0.9742431640625	neg	aff
A musician is an artist.	artist	-0.7453858256340027	aff	aff
A musician is a toy.	toy	-4.490858554840088	aff	neg
A musician is not a toy.	toy	-2.553025960922241	neg	neg
A musician is not an artist.	artist	-0.8456739783287048	neg	aff
A stapler is a stationary.	stationary	-5.190103054046631	aff	aff
A stapler is a pet.	pet	-3.591813564300537	aff	neg
A stapler is not a pet.	pet	-2.5208888053894043	neg	neg
A stapler is not a stationary.	stationary	-4.200035095214844	neg	aff
A remote is a device.	device	-4.64899206161499	aff	aff
A remote is a pet.	pet	-4.878526210784912	aff	neg
A remote is not a pet.	pet	-3.171613931655884	neg	neg
A remote is not a device.	device	-2.5863003730773926	neg	aff
A watch is an accessory.	accessory	-1.7486777305603027	aff	aff
A watch is a clothing.	clothing	-4.673793315887451	aff	neg
A watch is not a clothing.	clothing	-3.856414318084717	neg	neg
A watch is not an accessory.	accessory	-1.4765905141830444	neg	aff
A mineral is a substance.	substance	-1.6063259840011597	aff	aff
A mineral is a creature.	creature	-3.254737138748169	aff	neg
A mineral is not a creature.	creature	-2.4389488697052	neg	neg
A mineral is not a substance.	substance	-1.7763880491256714	neg	aff
A backpack is a bag.	bag	-1.8162035942077637	aff	aff
A backpack is a shoe.	shoe	-3.8724591732025146	aff	neg
A backpack is not a shoe.	shoe	-1.6704769134521484	neg	neg
A backpack is not a bag.	bag	-1.133817434310913	neg	aff
A well is a structure.	structure	-4.042175769805908	aff	aff
A well is a place.	place	-3.0190842151641846	aff	neg
A well is not a place.	place	-2.6002190113067627	neg	neg
A well is not a structure.	structure	-2.7972166538238525	neg	aff
A saw is an instrument.	instrument	-2.735934257507324	aff	aff
A saw is a place.	place	-4.997842788696289	aff	neg
A saw is not a place.	place	-3.334974765777588	neg	neg
A saw is not an instrument.	instrument	-1.9740827083587646	neg	aff
A dove is a bird.	bird	-2.4024486541748047	aff	aff
A dove is a reptile.	reptile	-3.777893543243408	aff	neg
A dove is not a reptile.	reptile	-2.2277016639709473	neg	neg
A dove is not a bird.	bird	-1.2331498861312866	neg	aff
A snail is a mollusk.	mollusk	-1.4059559106826782	aff	aff
A snail is a reptile.	reptile	-2.020582437515259	aff	neg
A snail is not a reptile.	reptile	-1.4879870414733887	neg	neg
A snail is not a mollusk.	mollusk	-1.1413743495941162	neg	aff
A jellyfish is an animal.	animal	-2.1500508785247803	aff	aff
A jellyfish is a plant.	plant	-3.2096617221832275	aff	neg
A jellyfish is not a plant.	plant	-1.6296215057373047	neg	neg
A jellyfish is not an animal.	animal	-1.1908601522445679	neg	aff
A pipe is a tool.	tool	-3.0904111862182617	aff	aff
A pipe is a drink.	drink	-3.8274805545806885	aff	neg
A pipe is not a drink.	drink	-2.0255959033966064	neg	neg
A pipe is not a tool.	tool	-2.174994945526123	neg	aff
A hammer is an instrument.	instrument	-2.0605461597442627	aff	aff
A hammer is a dessert.	dessert	-4.876307010650635	aff	neg
A hammer is not a dessert.	dessert	-3.759232759475708	neg	neg
A hammer is not an instrument.	instrument	-1.6360880136489868	neg	aff
A cake is a food.	food	-3.0312154293060303	aff	aff
A cake is a stew.	stew	-3.168217420578003	aff	neg
A cake is not a stew.	stew	-2.1457064151763916	neg	neg
A cake is not a food.	food	-2.388061046600342	neg	aff
A pie is a food.	food	-2.9716532230377197	aff	aff
A pie is a drink.	drink	-3.4076879024505615	aff	neg
A pie is not a drink.	drink	-2.1290481090545654	neg	neg
A pie is not a food.	food	-2.3428966999053955	neg	aff
A sandwich is a snack.	snack	-1.9271283149719238	aff	aff
A sandwich is a drink.	drink	-3.5376052856445312	aff	neg
A sandwich is not a drink.	drink	-1.5759004354476929	neg	neg
A sandwich is not a snack.	snack	-1.2302589416503906	neg	aff
A burger is a food.	food	-3.167402982711792	aff	aff
A burger is a drink.	drink	-3.0294244289398193	aff	neg
A burger is not a drink.	drink	-2.0462234020233154	neg	neg
A burger is not a food.	food	-2.8057212829589844	neg	aff
A jade is a gem.	gem	-2.366434335708618	aff	aff
A jade is a place.	place	-3.3132808208465576	aff	neg
A jade is not a place.	place	-3.1283035278320312	neg	neg
A jade is not a gem.	gem	-2.102945327758789	neg	aff
A cat is an organism.	organism	-1.7804511785507202	aff	aff
A cat is a mammal.	mammal	-2.541459083557129	aff	neg
A cat is not a mammal.	mammal	-1.4027345180511475	neg	neg
A cat is not an organism.	organism	-1.5849109888076782	neg	aff
An airplane is a transport.	transport	-2.4720559120178223	aff	aff
An airplane is a boat.	boat	-2.1483118534088135	aff	neg
An airplane is not a boat.	boat	-0.9077031016349792	neg	neg
An airplane is not a transport.	transport	-2.1066508293151855	neg	aff
A laptop is a computer.	computer	-0.9109029769897461	aff	aff
A laptop is a phone.	phone	-3.1148808002471924	aff	neg
A laptop is not a phone.	phone	-1.0242425203323364	neg	neg
A laptop is not a computer.	computer	-0.9396686553955078	neg	aff
A hill is a landform.	landform	-2.2462990283966064	aff	aff
A hill is a flower.	flower	-4.084927082061768	aff	neg
A hill is not a flower.	flower	-2.69331955909729	neg	neg
A hill is not a landform.	landform	-2.110361099243164	neg	aff
A castle is a building.	building	-1.8866111040115356	aff	aff
A castle is a fish.	fish	-5.288440227508545	aff	neg
A castle is not a fish.	fish	-3.807025194168091	neg	neg
A castle is not a building.	building	-1.7617137432098389	neg	aff
A paper is a material.	material	-2.674842119216919	aff	aff
A paper is a toy.	toy	-3.420891523361206	aff	neg
A paper is not a toy.	toy	-2.5711424350738525	neg	neg
A paper is not a material.	material	-2.580486297607422	neg	aff
A tombstone is a monument.	monument	-1.6661196947097778	aff	aff
A tombstone is a plaque.	plaque	-3.134053945541382	aff	neg
A tombstone is not a plaque.	plaque	-1.9003512859344482	neg	neg
A tombstone is not a monument.	monument	-1.123522162437439	neg	aff
A popsicle is a dessert.	dessert	-2.1856648921966553	aff	aff
A popsicle is a salad.	salad	-3.3575820922851562	aff	neg
A popsicle is not a salad.	salad	-2.2480716705322266	neg	neg
A popsicle is not a dessert.	dessert	-1.8355928659439087	neg	aff
A monkey is a primate.	primate	-2.3992726802825928	aff	aff
A monkey is a bird.	bird	-2.8578531742095947	aff	neg
A monkey is not a bird.	bird	-1.359334945678711	neg	neg
A monkey is not a primate.	primate	-1.3768688440322876	neg	aff
A bouquet is a gift.	gift	-1.6086622476577759	aff	aff
A bouquet is a plant.	plant	-2.7515318393707275	aff	neg
A bouquet is not a plant.	plant	-1.9728628396987915	neg	neg
A bouquet is not a gift.	gift	-1.315456748008728	neg	aff
A doorknob is a hardware.	hardware	-3.728672981262207	aff	aff
A doorknob is a software.	software	-4.6258978843688965	aff	neg
A doorknob is not a software.	software	-4.094686985015869	neg	neg
A doorknob is not a hardware.	hardware	-3.53732967376709	neg	aff
A month is a timeframe.	timeframe	-3.2671711444854736	aff	aff
A month is a weight.	weight	-5.460843563079834	aff	neg
A month is not a weight.	weight	-4.511597156524658	neg	neg
A month is not a timeframe.	timeframe	-2.459613084793091	neg	aff
A day is a timeframe.	timeframe	-3.6385257244110107	aff	aff
A day is a weight.	weight	-3.8675954341888428	aff	neg
A day is not a weight.	weight	-2.9988510608673096	neg	neg
A day is not a timeframe.	timeframe	-2.4153335094451904	neg	aff
An year is a timeframe.	timeframe	-4.9401535987854	aff	aff
An year is a weight.	weight	-5.48778772354126	aff	neg
An year is not a weight.	weight	-5.034614086151123	neg	neg
An year is not a timeframe.	timeframe	-4.102116107940674	neg	aff
A soprano is a singer.	singer	-2.2922866344451904	aff	aff
A soprano is a piano.	piano	-3.4869067668914795	aff	neg
A soprano is not a piano.	piano	-1.6060822010040283	neg	neg
A soprano is not a singer.	singer	-1.2050808668136597	neg	aff
A soldier is a person.	person	-2.8532371520996094	aff	aff
A soldier is a gun.	gun	-4.1371989250183105	aff	neg
A soldier is not a gun.	gun	-2.9243886470794678	neg	neg
A soldier is not a person.	person	-2.255570888519287	neg	aff
A necktie is a clothing.	clothing	-4.668262481689453	aff	aff
A necktie is a tree.	tree	-4.340793609619141	aff	neg
A necktie is not a tree.	tree	-2.9018168449401855	neg	neg
A necktie is not a clothing.	clothing	-3.8570070266723633	neg	aff
A puppy is a mammal.	mammal	-3.250321626663208	aff	aff
A puppy is a plant.	plant	-4.4471354484558105	aff	neg
A puppy is not a plant.	plant	-2.557190179824829	neg	neg
A puppy is not a mammal.	mammal	-2.24609637260437	neg	aff
An oven is an appliance.	appliance	-1.469658374786377	aff	aff
An oven is a toy.	toy	-2.6397483348846436	aff	neg
An oven is not a toy.	toy	-1.9769761562347412	neg	neg
An oven is not an appliance.	appliance	-1.0648356676101685	neg	aff
A sawhorse is a tool.	tool	-3.6951122283935547	aff	aff
A sawhorse is a vehicle.	vehicle	-3.936413526535034	aff	neg
A sawhorse is not a vehicle.	vehicle	-2.718090534210205	neg	neg
A sawhorse is not a tool.	tool	-3.1658220291137695	neg	aff
A housekeeper is a person.	person	-2.480557680130005	aff	aff
A housekeeper is a toy.	toy	-3.9392898082733154	aff	neg
A housekeeper is not a toy.	toy	-2.6875481605529785	neg	neg
A housekeeper is not a person.	person	-2.0153660774230957	neg	aff
A carpenter is a person.	person	-2.9401166439056396	aff	aff
A carpenter is a bird.	bird	-3.1496903896331787	aff	neg
A carpenter is not a bird.	bird	-2.2393877506256104	neg	neg
A carpenter is not a person.	person	-2.153721332550049	neg	aff
A coach is a vehicle.	vehicle	-4.042230606079102	aff	aff
A coach is a building.	building	-5.119470119476318	aff	neg
A coach is not a building.	building	-3.2191312313079834	neg	neg
A coach is not a vehicle.	vehicle	-2.3805203437805176	neg	aff
A map is a paper.	paper	-4.528056621551514	aff	aff
A map is a toy.	toy	-3.9791316986083984	aff	neg
A map is not a toy.	toy	-2.033503293991089	neg	neg
A map is not a paper.	paper	-2.324125051498413	neg	aff
A radio is a device.	device	-2.561967134475708	aff	aff
A radio is a flower.	flower	-5.167129993438721	aff	neg
A radio is not a flower.	flower	-3.5874950885772705	neg	neg
A radio is not a device.	device	-2.240699529647827	neg	aff
A goose is a bird.	bird	-2.003072500228882	aff	aff
A goose is a mammal.	mammal	-2.950489044189453	aff	neg
A goose is not a mammal.	mammal	-1.725368857383728	neg	neg
A goose is not a bird.	bird	-1.028997778892517	neg	aff
A teacher is a guide.	guide	-2.884211540222168	aff	aff
A teacher is a child.	child	-3.437350034713745	aff	neg
A teacher is not a child.	child	-1.792063593864441	neg	neg
A teacher is not a guide.	guide	-1.726370930671692	neg	aff
A flashlight is a light.	light	-1.616417407989502	aff	aff
A flashlight is a toy.	toy	-3.1774234771728516	aff	neg
A flashlight is not a toy.	toy	-1.9126310348510742	neg	neg
A flashlight is not a light.	light	-1.9276736974716187	neg	aff
A martini is a drink.	drink	-1.420900583267212	aff	aff
A martini is a food.	food	-3.6326637268066406	aff	neg
A martini is not a food.	food	-3.024115800857544	neg	neg
A martini is not a drink.	drink	-1.2277947664260864	neg	aff
A basketball is a sport.	sport	-2.9184563159942627	aff	aff
A basketball is a building.	building	-4.521182537078857	aff	neg
A basketball is not a building.	building	-3.0463058948516846	neg	neg
A basketball is not a sport.	sport	-2.5890889167785645	neg	aff
A snowman is an art.	art	-2.9087109565734863	aff	aff
A snowman is a snowflake.	snowflake	-2.9231009483337402	aff	neg
A snowman is not a snowflake.	snowflake	-1.618861436843872	neg	neg
A snowman is not an art.	art	-2.8604400157928467	neg	aff
A petz is an animal.	animal	-3.0561230182647705	aff	aff
A petz is a toy.	toy	-3.7430224418640137	aff	neg
A petz is not a toy.	toy	-3.211319923400879	neg	neg
A petz is not an animal.	animal	-2.7862584590911865	neg	aff
A television is a device.	device	-2.6253015995025635	aff	aff
A television is a furniture.	furniture	-4.566844940185547	aff	neg
A television is not a furniture.	furniture	-3.0232770442962646	neg	neg
A television is not a device.	device	-2.2241663932800293	neg	aff
An oven is a device.	device	-2.3604907989501953	aff	aff
An oven is a food.	food	-4.84597635269165	aff	neg
An oven is not a food.	food	-3.857980728149414	neg	neg
An oven is not a device.	device	-2.153546094894409	neg	aff
A rag is a cloth.	cloth	-1.882006049156189	aff	aff
A rag is a stone.	stone	-3.7384188175201416	aff	neg
A rag is not a stone.	stone	-2.1581614017486572	neg	neg
A rag is not a cloth.	cloth	-1.5292633771896362	neg	aff
A sheep is an animal.	animal	-1.235162377357483	aff	aff
A sheep is a toy.	toy	-4.2318620681762695	aff	neg
A sheep is not a toy.	toy	-2.236078977584839	neg	neg
A sheep is not an animal.	animal	-0.9694207310676575	neg	aff
A geranium is a flower.	flower	-1.9197108745574951	aff	aff
A geranium is a shrub.	shrub	-2.291353940963745	aff	neg
A geranium is not a shrub.	shrub	-1.5070579051971436	neg	neg
A geranium is not a flower.	flower	-1.300790786743164	neg	aff
A ray is a fish.	fish	-3.579437494277954	aff	aff
A ray is a plant.	plant	-4.363806247711182	aff	neg
A ray is not a plant.	plant	-2.6697418689727783	neg	neg
A ray is not a fish.	fish	-2.253451108932495	neg	aff
A lemon is a fruit.	fruit	-2.1120502948760986	aff	aff
A lemon is a drink.	drink	-2.975013494491577	aff	neg
A lemon is not a drink.	drink	-2.328111410140991	neg	neg
A lemon is not a fruit.	fruit	-1.5078133344650269	neg	aff
A discussion is a talk.	talk	-2.8047008514404297	aff	aff
A discussion is a fight.	fight	-3.9518165588378906	aff	neg
A discussion is not a fight.	fight	-1.6536600589752197	neg	neg
A discussion is not a talk.	talk	-2.2302405834198	neg	aff
A basketball is a ball.	ball	-1.246830940246582	aff	aff
A basketball is a fruit.	fruit	-4.308047294616699	aff	neg
A basketball is not a fruit.	fruit	-2.7058041095733643	neg	neg
A basketball is not a ball.	ball	-1.416624903678894	neg	aff
A pig is an animal.	animal	-0.9682044982910156	aff	aff
A pig is a person.	person	-2.636507749557495	aff	neg
A pig is not a person.	person	-1.3297395706176758	neg	neg
A pig is not an animal.	animal	-0.8612736463546753	neg	aff
A squirrel is a mammalian.	mammalian	-4.749666213989258	aff	aff
A squirrel is a bird.	bird	-2.9139058589935303	aff	neg
A squirrel is not a bird.	bird	-1.072073221206665	neg	neg
A squirrel is not a mammalian.	mammalian	-3.0851874351501465	neg	aff
A skunk is a mammalian.	mammalian	-4.300573825836182	aff	aff
A skunk is an amphibian.	amphibian	-1.7412054538726807	aff	neg
A skunk is not an amphibian.	amphibian	-1.1308921575546265	neg	neg
A skunk is not a mammalian.	mammalian	-2.8509888648986816	neg	aff
A rabbit is a mammalian.	mammalian	-4.981104850769043	aff	aff
A rabbit is a reptile.	reptile	-2.614654541015625	aff	neg
A rabbit is not a reptile.	reptile	-1.6249582767486572	neg	neg
A rabbit is not a mammalian.	mammalian	-3.1274943351745605	neg	aff
A wallet is a container.	container	-4.386668682098389	aff	aff
A wallet is a building.	building	-5.501605987548828	aff	neg
A wallet is not a building.	building	-3.427440881729126	neg	neg
A wallet is not a container.	container	-2.705845594406128	neg	aff
A harp is an instrument.	instrument	-1.2061271667480469	aff	aff
A harp is a toy.	toy	-2.481111526489258	aff	neg
A harp is not a toy.	toy	-2.2440578937530518	neg	neg
A harp is not an instrument.	instrument	-1.0432021617889404	neg	aff
A boy is a human.	human	-4.46730899810791	aff	aff
A boy is an animal.	animal	-2.5475661754608154	aff	neg
A boy is not an animal.	animal	-1.8098039627075195	neg	neg
A boy is not a human.	human	-2.924893617630005	neg	aff
A mug is a container.	container	-4.452551364898682	aff	aff
A mug is a bottle.	bottle	-4.408716678619385	aff	neg
A mug is not a bottle.	bottle	-1.7677665948867798	neg	neg
A mug is not a container.	container	-2.9664523601531982	neg	aff
A knife is a weapon.	weapon	-0.6149673461914062	aff	aff
A knife is an electronic.	electronic	-5.26795768737793	aff	neg
A knife is not an electronic.	electronic	-4.069319725036621	neg	neg
A knife is not a weapon.	weapon	-0.6277570724487305	neg	aff
A statue is an art.	art	-2.5430538654327393	aff	aff
A statue is a person.	person	-3.553168535232544	aff	neg
A statue is not a person.	person	-1.6214535236358643	neg	neg
A statue is not an art.	art	-2.426795244216919	neg	aff
A tangerine is a fruit.	fruit	-1.51374089717865	aff	aff
A tangerine is a vegetable.	vegetable	-1.6138789653778076	aff	neg
A tangerine is not a vegetable.	vegetable	-1.6545549631118774	neg	neg
A tangerine is not a fruit.	fruit	-1.420480489730835	neg	aff
A robber is a criminal.	criminal	-1.5093084573745728	aff	aff
A robber is a policeman.	policeman	-3.884772539138794	aff	neg
A robber is not a policeman.	policeman	-1.691459059715271	neg	neg
A robber is not a criminal.	criminal	-1.370429277420044	neg	aff
A skirt is a clothing.	clothing	-4.511808395385742	aff	aff
A skirt is a food.	food	-4.865111827850342	aff	neg
A skirt is not a food.	food	-3.8596930503845215	neg	neg
A skirt is not a clothing.	clothing	-3.64502215385437	neg	aff
A bread is a food.	food	-2.5754904747009277	aff	aff
A bread is a drink.	drink	-3.267575979232788	aff	neg
A bread is not a drink.	drink	-2.329942464828491	neg	neg
A bread is not a food.	food	-2.2005558013916016	neg	aff
A tea is a drink.	drink	-1.9634648561477661	aff	aff
A tea is a game.	game	-4.553478717803955	aff	neg
A tea is not a game.	game	-3.465620756149292	neg	neg
A tea is not a drink.	drink	-2.11033034324646	neg	aff
A coconut is a fruit.	fruit	-2.0941219329833984	aff	aff
A coconut is a berry.	berry	-2.642481565475464	aff	neg
A coconut is not a berry.	berry	-1.6278338432312012	neg	neg
A coconut is not a fruit.	fruit	-1.5392876863479614	neg	aff
A salad is a snack.	snack	-1.943689227104187	aff	aff
A salad is a weapon.	weapon	-3.644590139389038	aff	neg
A salad is not a weapon.	weapon	-2.4375267028808594	neg	neg
A salad is not a snack.	snack	-1.296499252319336	neg	aff
A noodles is a food.	food	-3.7106215953826904	aff	aff
A noodles is a drink.	drink	-4.175719738006592	aff	neg
A noodles is not a drink.	drink	-3.4179835319519043	neg	neg
A noodles is not a food.	food	-3.0643181800842285	neg	aff
A triangle is a shape.	shape	-2.2706692218780518	aff	aff
A triangle is a square.	square	-1.1105241775512695	aff	neg
A triangle is not a square.	square	-0.5250075459480286	neg	neg
A triangle is not a shape.	shape	-2.2082579135894775	neg	aff
A telephone is a device.	device	-2.2493491172790527	aff	aff
A telephone is a tool.	tool	-3.227160692214966	aff	neg
A telephone is not a tool.	tool	-2.798792600631714	neg	neg
A telephone is not a device.	device	-2.0452799797058105	neg	aff
A piano is a device.	device	-3.46130633354187	aff	aff
A piano is a toy.	toy	-2.3001692295074463	aff	neg
A piano is not a toy.	toy	-1.9059001207351685	neg	neg
A piano is not a device.	device	-2.5911476612091064	neg	aff
A hurricane is a storm.	storm	-0.9813041687011719	aff	aff
A hurricane is a breeze.	breeze	-2.7719380855560303	aff	neg
A hurricane is not a breeze.	breeze	-1.6879068613052368	neg	neg
A hurricane is not a storm.	storm	-0.9522991180419922	neg	aff
A party is a celebration.	celebration	-2.2957029342651367	aff	aff
A party is a mourning.	mourning	-6.6675124168396	aff	neg
A party is not a mourning.	mourning	-5.297381401062012	neg	neg
A party is not a celebration.	celebration	-2.329340696334839	neg	aff
A door is a structure.	structure	-4.202341556549072	aff	aff
A door is a wall.	wall	-2.898935556411743	aff	neg
A door is not a wall.	wall	-1.4571398496627808	neg	neg
A door is not a structure.	structure	-2.5190930366516113	neg	aff
An envelope is a letter.	letter	-2.5892274379730225	aff	aff
An envelope is a device.	device	-3.5189249515533447	aff	neg
An envelope is not a device.	device	-2.3471226692199707	neg	neg
An envelope is not a letter.	letter	-1.2535330057144165	neg	aff
A gun is a weapon.	weapon	-0.6802985072135925	aff	aff
A gun is a toy.	toy	-2.191753387451172	aff	neg
A gun is not a toy.	toy	-1.101239800453186	neg	neg
A gun is not a weapon.	weapon	-1.0282014608383179	neg	aff
A watch is a device.	device	-2.2390902042388916	aff	aff
A watch is a food.	food	-4.408405303955078	aff	neg
A watch is not a food.	food	-3.221238613128662	neg	neg
A watch is not a device.	device	-1.8010963201522827	neg	aff
A TV is a device.	device	-2.7424843311309814	aff	aff
A TV is a furniture.	furniture	-4.814939975738525	aff	neg
A TV is not a furniture.	furniture	-3.3791069984436035	neg	neg
A TV is not a device.	device	-2.274371862411499	neg	aff
A smartphone is a device.	device	-1.5661479234695435	aff	aff
A smartphone is a watch.	watch	-3.497389078140259	aff	neg
A smartphone is not a watch.	watch	-1.7019776105880737	neg	neg
A smartphone is not a device.	device	-1.6470667123794556	neg	aff
A seal is an animal.	animal	-2.5798752307891846	aff	aff
A seal is a plant.	plant	-4.582988739013672	aff	neg
A seal is not a plant.	plant	-2.563594341278076	neg	neg
A seal is not an animal.	animal	-1.7790700197219849	neg	aff
A platypus is an animal.	animal	-1.7265430688858032	aff	aff
A platypus is a fish.	fish	-2.2673938274383545	aff	neg
A platypus is not a fish.	fish	-1.6456726789474487	neg	neg
A platypus is not an animal.	animal	-1.312522530555725	neg	aff
A spruce is a tree.	tree	-1.321013331413269	aff	aff
A spruce is a bush.	bush	-2.3819446563720703	aff	neg
A spruce is not a bush.	bush	-1.656184196472168	neg	neg
A spruce is not a tree.	tree	-0.9592567682266235	neg	aff
A wrench is a tool.	tool	-2.295780897140503	aff	aff
A wrench is a machine.	machine	-4.216921806335449	aff	neg
A wrench is not a machine.	machine	-2.284569263458252	neg	neg
A wrench is not a tool.	tool	-1.6127103567123413	neg	aff
A pan is an utensil.	utensil	-3.2094409465789795	aff	aff
A pan is a pot.	pot	-2.209420919418335	aff	neg
A pan is not a pot.	pot	-1.4497568607330322	neg	neg
A pan is not an utensil.	utensil	-2.5636913776397705	neg	aff
A pot is an utensil.	utensil	-2.7924530506134033	aff	aff
A pot is a flower.	flower	-3.587700843811035	aff	neg
A pot is not a flower.	flower	-1.78561270236969	neg	neg
A pot is not an utensil.	utensil	-2.2202653884887695	neg	aff
A baby is an infant.	infant	-1.6013708114624023	aff	aff
A baby is a grown-up.	grown-up	-1.064305067062378	aff	neg
A baby is not a grown-up.	grown-up	-0.5901557207107544	neg	neg
A baby is not an infant.	infant	-1.3909482955932617	neg	aff
A loom is a tool.	tool	-2.9696767330169678	aff	aff
A loom is a place.	place	-2.7584478855133057	aff	neg
A loom is not a place.	place	-2.3236680030822754	neg	neg
A loom is not a tool.	tool	-2.6643381118774414	neg	aff
A treatment is a therapy.	therapy	-1.9023720026016235	aff	aff
A treatment is an iPod.	iPod	-7.63951301574707	aff	neg
A treatment is not an iPod.	iPod	-5.659268856048584	neg	neg
A treatment is not a therapy.	therapy	-2.150846004486084	neg	aff
An ox is an animal.	animal	-1.6828752756118774	aff	aff
An ox is a plant.	plant	-3.0981855392456055	aff	neg
An ox is not a plant.	plant	-1.9040753841400146	neg	neg
An ox is not an animal.	animal	-1.1785560846328735	neg	aff
A railroad is a transportation.	transportation	-4.308856964111328	aff	aff
A railroad is a bus.	bus	-4.036398887634277	aff	neg
A railroad is not a bus.	bus	-2.252185821533203	neg	neg
A railroad is not a transportation.	transportation	-4.126049518585205	neg	aff
A mower is a machine.	machine	-1.6947963237762451	aff	aff
A mower is a phone.	phone	-3.4877400398254395	aff	neg
A mower is not a phone.	phone	-2.7069735527038574	neg	neg
A mower is not a machine.	machine	-1.8424197435379028	neg	aff
A factory is a building.	building	-2.7457797527313232	aff	aff
A factory is a store.	store	-3.2260935306549072	aff	neg
A factory is not a store.	store	-1.7794491052627563	neg	neg
A factory is not a building.	building	-1.8408857583999634	neg	aff
A broccoli is a vegetable.	vegetable	-2.2825777530670166	aff	aff
A broccoli is a fruit.	fruit	-3.4042367935180664	aff	neg
A broccoli is not a fruit.	fruit	-2.5612292289733887	neg	neg
A broccoli is not a vegetable.	vegetable	-2.1383910179138184	neg	aff
A beat is a rhythm.	rhythm	-1.483978271484375	aff	aff
A beat is a melody.	melody	-2.652437925338745	aff	neg
A beat is not a melody.	melody	-1.8882180452346802	neg	neg
A beat is not a rhythm.	rhythm	-1.184332251548767	neg	aff
A country is a land.	land	-2.036179780960083	aff	aff
A country is a sea.	sea	-3.387268304824829	aff	neg
A country is not a sea.	sea	-2.4002795219421387	neg	neg
A country is not a land.	land	-1.7342270612716675	neg	aff
A console is a furniture.	furniture	-4.657341003417969	aff	aff
A console is a building.	building	-5.358537197113037	aff	neg
A console is not a building.	building	-3.2986464500427246	neg	neg
A console is not a furniture.	furniture	-3.4424121379852295	neg	aff
A factory is a workplace.	workplace	-2.118434429168701	aff	aff
A factory is a mammal.	mammal	-5.311232089996338	aff	neg
A factory is not a mammal.	mammal	-3.6335227489471436	neg	neg
A factory is not a workplace.	workplace	-1.6148241758346558	neg	aff
A farm is a place.	place	-2.111252784729004	aff	aff
A farm is a mineral.	mineral	-5.0229315757751465	aff	neg
A farm is not a mineral.	mineral	-3.39707350730896	neg	neg
A farm is not a place.	place	-1.982787013053894	neg	aff
A transistor is a device.	device	-1.7730470895767212	aff	aff
A transistor is a toy.	toy	-2.8828017711639404	aff	neg
A transistor is not a toy.	toy	-2.3523120880126953	neg	neg
A transistor is not a device.	device	-1.8650013208389282	neg	aff
A viola is an instrument.	instrument	-1.2329959869384766	aff	aff
A viola is a place.	place	-3.2798502445220947	aff	neg
A viola is not a place.	place	-3.026001453399658	neg	neg
A viola is not an instrument.	instrument	-1.1662825345993042	neg	aff
A monarchy is a government.	government	-2.3004629611968994	aff	aff
A monarchy is a religion.	religion	-1.978937029838562	aff	neg
A monarchy is not a religion.	religion	-1.3264895677566528	neg	neg
A monarchy is not a government.	government	-1.5542638301849365	neg	aff
A telescope is a device.	device	-2.9524478912353516	aff	aff
A telescope is a toy.	toy	-2.9887759685516357	aff	neg
A telescope is not a toy.	toy	-2.153883457183838	neg	neg
A telescope is not a device.	device	-2.3722245693206787	neg	aff
A mango is a fruit.	fruit	-1.2857829332351685	aff	aff
A mango is a vegetable.	vegetable	-2.416840076446533	aff	neg
A mango is not a vegetable.	vegetable	-1.7026115655899048	neg	neg
A mango is not a fruit.	fruit	-1.1530725955963135	neg	aff
A pilot is a professional.	professional	-3.349353551864624	aff	aff
A pilot is an amateur.	amateur	-3.2267587184906006	aff	neg
A pilot is not an amateur.	amateur	-2.296509265899658	neg	neg
A pilot is not a professional.	professional	-2.3703486919403076	neg	aff
A manager is a professional.	professional	-2.514775514602661	aff	aff
A manager is an amateur.	amateur	-3.541348695755005	aff	neg
A manager is not an amateur.	amateur	-2.2788567543029785	neg	neg
A manager is not a professional.	professional	-1.7923418283462524	neg	aff
A doctrine is a principle.	principle	-2.2345495223999023	aff	aff
A doctrine is a person.	person	-3.9032609462738037	aff	neg
A doctrine is not a person.	person	-2.121774435043335	neg	neg
A doctrine is not a principle.	principle	-1.7477577924728394	neg	aff
A tennis is a sport.	sport	-3.024073839187622	aff	aff
A tennis is a vegetable.	vegetable	-4.990828990936279	aff	neg
A tennis is not a vegetable.	vegetable	-4.383512020111084	neg	neg
A tennis is not a sport.	sport	-2.7610538005828857	neg	aff
A cap is a clothing.	clothing	-5.1060709953308105	aff	aff
A cap is a person.	person	-4.319900989532471	aff	neg
A cap is not a person.	person	-2.4257781505584717	neg	neg
A cap is not a clothing.	clothing	-3.9615323543548584	neg	aff
A chairman is a human.	human	-4.5354905128479	aff	aff
A chairman is a machine.	machine	-3.779878616333008	aff	neg
A chairman is not a machine.	machine	-2.706794500350952	neg	neg
A chairman is not a human.	human	-3.741111993789673	neg	aff
A court is a room.	room	-3.5935237407684326	aff	aff
A court is a tree.	tree	-4.582514762878418	aff	neg
A court is not a tree.	tree	-3.05486798286438	neg	neg
A court is not a room.	room	-2.4868083000183105	neg	aff
A court is a building.	building	-3.700775146484375	aff	aff
A court is a plant.	plant	-4.948373317718506	aff	neg
A cout is not a plant.	plant	-4.327542781829834	neg	neg
A cout is not a building.	building	-4.4606428146362305	neg	aff
A painting is a drawing.	drawing	-1.8616353273391724	aff	aff
A painting is a sculpture.	sculpture	-1.909899115562439	aff	neg
A painting is not a sculpture.	sculpture	-0.6137760877609253	neg	neg
A painting is not a drawing.	drawing	-0.8970738649368286	neg	aff
A guppy is a fish.	fish	-3.4971072673797607	aff	aff
A guppy is a reptile.	reptile	-3.795836925506592	aff	neg
A guppy is not a reptile.	reptile	-3.1440632343292236	neg	neg
A guppy is not a fish.	fish	-2.8352255821228027	neg	aff
A ginger is a plant.	plant	-3.1931867599487305	aff	aff
A ginger is a flavor.	flavor	-4.671222686767578	aff	neg
A ginger is not a flavor.	flavor	-3.57944917678833	neg	neg
A ginger is not a plant.	plant	-2.5975992679595947	neg	aff
A goat is an animal.	animal	-1.3432812690734863	aff	aff
A goat is a person.	person	-2.8417510986328125	aff	neg
A goat is not a person.	person	-1.621052861213684	neg	neg
A goat is not an animal.	animal	-1.1273651123046875	neg	aff
A submarine is a vehicle.	vehicle	-3.246042490005493	aff	aff
A submarine is a fish.	fish	-3.460228681564331	aff	neg
A submarine is not a fish.	fish	-2.452235460281372	neg	neg
A submarine is not a vehicle.	vehicle	-1.8926398754119873	neg	aff
A gift is a present.	present	-1.7889939546585083	aff	aff
A gift is a feeling.	feeling	-3.3153305053710938	aff	neg
A gift is not a feeling.	feeling	-2.8895211219787598	neg	neg
A gift is not a present.	present	-2.016458749771118	neg	aff
A degree is a document.	document	-2.621217966079712	aff	aff
A degree is a person.	person	-2.9302594661712646	aff	neg
A degree is not a person.	person	-2.108206033706665	neg	neg
A degree is not a document.	document	-2.3492090702056885	neg	aff
A swimming is a sport.	sport	-3.338017702102661	aff	aff
A swimming is a vegetable.	vegetable	-5.90717887878418	aff	neg
A swimming is not a vegetable.	vegetable	-4.5466742515563965	neg	neg
A swimming is not a sport.	sport	-2.8763248920440674	neg	aff
A basket is a container.	container	-3.3794946670532227	aff	aff
A basket is a material.	material	-4.160149097442627	aff	neg
A basket is not a material.	material	-3.9990928173065186	neg	neg
A basket is not a container.	container	-1.85660719871521	neg	aff
A television is an electronics.	electronics	-3.529142141342163	aff	aff
A television is a plant.	plant	-4.795217037200928	aff	neg
A television is not a plant.	plant	-2.995387554168701	neg	neg
A television is not an electronics.	electronics	-2.9180984497070312	neg	aff
A butterfly is an insect.	insect	-0.8141136169433594	aff	aff
A butterfly is a mammal.	mammal	-3.439790964126587	aff	neg
A butterfly is not a mammal.	mammal	-1.7232624292373657	neg	neg
A butterfly is not an insect.	insect	-0.8023027777671814	neg	aff
A pill is a drug.	drug	-1.3740731477737427	aff	aff
A pill is a food.	food	-3.8423709869384766	aff	neg
A pill is not a food.	food	-2.242267370223999	neg	neg
A pill is not a drug.	drug	-0.8871789574623108	neg	aff
A limousine is a vehicle.	vehicle	-1.7914172410964966	aff	aff
A limousine is a flower.	flower	-2.818739175796509	aff	neg
A limousine is not a flower.	flower	-1.8521347045898438	neg	neg
A limousine is not a vehicle.	vehicle	-1.2125136852264404	neg	aff
A turkey is an animal.	animal	-1.816230297088623	aff	aff
A turkey is a plant.	plant	-4.495416164398193	aff	neg
A turkey is not a plant.	plant	-2.3364346027374268	neg	neg
A turkey is not an animal.	animal	-1.3657945394515991	neg	aff
A kangaroo is an animal.	animal	-1.2076334953308105	aff	aff
A kangaroo is a person.	person	-2.1939120292663574	aff	neg
A kangaroo is not a person.	person	-1.6174869537353516	neg	neg
A kangaroo is not an animal.	animal	-0.8950751423835754	neg	aff
A violine is an instrument.	instrument	-2.0490951538085938	aff	aff
A violine is a person.	person	-3.879504442214966	aff	neg
A violin is not a person.	person	-2.5105230808258057	neg	neg
A violin is not an instrument.	instrument	-1.0912762880325317	neg	aff
A rug is a covering.	covering	-4.5085368156433105	aff	aff
A rug is a vegetable.	vegetable	-4.508683681488037	aff	neg
A rug is not a vegetable.	vegetable	-2.864590883255005	neg	neg
A rug is not a covering.	covering	-2.7373530864715576	neg	aff
A parent is a guardian.	guardian	-2.0693359375	aff	aff
A parent is a child.	child	-2.5042693614959717	aff	neg
A parent is not a child.	child	-1.096790075302124	neg	neg
A parent is not a guardian.	guardian	-0.8792750239372253	neg	aff
A student is a pupil.	pupil	-2.1242454051971436	aff	aff
A student is a child.	child	-3.082003593444824	aff	neg
A student is not a child.	child	-1.6936731338500977	neg	neg
A student is not a pupil.	pupil	-1.9328744411468506	neg	aff
A bathroom is a room.	room	-2.126100778579712	aff	aff
A bathroom is a house.	house	-3.703242301940918	aff	neg
A bathroom is not a house.	house	-1.5158002376556396	neg	neg
A bathroom is not a room.	room	-1.4739912748336792	neg	aff
A cloud is an atmospheric.	atmospheric	-4.672312259674072	aff	aff
A cloud is a star.	star	-3.82989501953125	aff	neg
A cloud is not a star.	star	-2.246621608734131	neg	neg
A cloud is not an atmospheric.	atmospheric	-4.086533546447754	neg	aff
A song is a music.	music	-1.90005362033844	aff	aff
A song is a noise.	noise	-3.217165231704712	aff	neg
A song is not a noise.	noise	-3.055410861968994	neg	neg
A song is not a music.	music	-1.8253964185714722	neg	aff
A fly is an insect.	insect	-1.1067897081375122	aff	aff
A fly is a tool.	tool	-3.267108678817749	aff	neg
A fly is not a tool.	tool	-2.505389928817749	neg	neg
A fly is not an insect.	insect	-0.8961508870124817	neg	aff
A worm is an invertebrate.	invertebrate	-1.1357463598251343	aff	aff
A worm is a vertebrate.	vertebrate	-1.966241717338562	aff	neg
A worm is not a vertebrate.	vertebrate	-1.5101735591888428	neg	neg
A worm is not an invertebrate.	invertebrate	-1.2057572603225708	neg	aff
A mother is a person.	person	-2.814849615097046	aff	aff
A mother is a computer.	computer	-5.694890975952148	aff	neg
A mother is not a computer.	computer	-2.7389979362487793	neg	neg
A mother is not a person.	person	-2.051377773284912	neg	aff
A sibling is a family.	family	-3.845778226852417	aff	aff
A sibling is a machine.	machine	-5.574194431304932	aff	neg
A sibling is not a machine.	machine	-3.702573299407959	neg	neg
A sibling is not a family.	family	-2.5868003368377686	neg	aff
A vacation is a trip.	trip	-1.6947587728500366	aff	aff
A vacation is a time.	time	-6.232084274291992	aff	neg
A vacation is not a time.	time	-4.608463764190674	neg	neg
A vacation is not a trip.	trip	-1.6677049398422241	neg	aff
A fireplace is a structure.	structure	-3.9399659633636475	aff	aff
A fireplace is a creature.	creature	-4.167172908782959	aff	neg
A fireplace is not a creature.	creature	-3.255812883377075	neg	neg
A fireplace is not a structure.	structure	-3.1107614040374756	neg	aff
A basenji is a dog.	dog	-4.0013017654418945	aff	aff
A basenji is a cat.	cat	-4.196303367614746	aff	neg
A basenji is not a cat.	cat	-3.7867631912231445	neg	neg
A basenji is not a dog.	dog	-3.4923930168151855	neg	aff
A chihuahua is a dog.	dog	-1.7211641073226929	aff	aff
A chihuahua is a reptile.	reptile	-1.749341607093811	aff	neg
A chihuahua is not a reptile.	reptile	-1.4054574966430664	neg	neg
A chihuahua is not a dog.	dog	-1.1199554204940796	neg	aff
A dalmatian is a dog.	dog	-3.306426525115967	aff	aff
A dalmatian is a horse.	horse	-3.2354366779327393	aff	neg
A dalmatian is not a horse.	horse	-2.2469303607940674	neg	neg
A dalmatian is not a dog.	dog	-2.4016451835632324	neg	aff
A labrador is a dog.	dog	-1.631909728050232	aff	aff
A labrador is a bird.	bird	-3.6814236640930176	aff	neg
A labrador is not a bird.	bird	-2.428428888320923	neg	neg
A labrador is not a dog.	dog	-1.0682646036148071	neg	aff
A crocus is a flower.	flower	-2.2868618965148926	aff	aff
A crocus is a bird.	bird	-2.5391252040863037	aff	neg
A crocus is not a bird.	bird	-2.015866994857788	neg	neg
A crocus is not a flower.	flower	-1.6196632385253906	neg	aff
A raddish is a vegetable.	vegetable	-2.8164334297180176	aff	aff
A raddish is a flower.	flower	-3.2662532329559326	aff	neg
A raddish is not a flower.	flower	-2.6516735553741455	neg	neg
A raddish is not a vegetable.	vegetable	-2.615452766418457	neg	aff
A delphinium is a flower.	flower	-2.9217610359191895	aff	aff
A delphinium is an insect.	insect	-2.6912126541137695	aff	neg
A delphinium is not an insect.	insect	-2.035107135772705	neg	neg
A delphinium is not a flower.	flower	-2.118730306625366	neg	aff
A chisel is a tool.	tool	-1.9845330715179443	aff	aff
A chisel is an insect.	insect	-3.6872105598449707	aff	neg
A chisel is not an insect.	insect	-2.576418399810791	neg	neg
A chisel is not a tool.	tool	-1.786567211151123	neg	aff
A money is a currency.	currency	-2.708195924758911	aff	aff
A money is a tool.	tool	-3.8422858715057373	aff	neg
A money is not a tool.	tool	-3.45585298538208	neg	neg
A money is not a currency.	currency	-2.4567179679870605	neg	aff
A boulder is a rock.	rock	-1.6261987686157227	aff	aff
A boulder is a mammal.	mammal	-4.580193042755127	aff	neg
A boulder is not a mammal.	mammal	-2.8947415351867676	neg	neg
A boulder is not a rock.	rock	-1.4796665906906128	neg	aff
A classroom is a room.	room	-1.9816559553146362	aff	aff
A classroom is a tree.	tree	-5.116875648498535	aff	neg
A classroom is not a tree.	tree	-2.792564868927002	neg	neg
A classroom is not a room.	room	-1.5923669338226318	neg	aff
A park is a place.	place	-1.8821338415145874	aff	aff
A park is an insect.	insect	-5.242000579833984	aff	neg
A park is not an insect.	insect	-3.888413190841675	neg	neg
A park is not a place.	place	-1.9628404378890991	neg	aff
A drink is a beverage.	beverage	-1.406457781791687	aff	aff
A drink is a pie.	pie	-4.520621299743652	aff	neg
A drink is not a pie.	pie	-2.3188159465789795	neg	neg
A drink is not a beverage.	beverage	-1.7528718709945679	neg	aff
A dinosaur is a reptile.	reptile	-1.7626336812973022	aff	aff
A dinosaur is a mammal.	mammal	-2.6876258850097656	aff	neg
A dinosaur is not a mammal.	mammal	-1.3872462511062622	neg	neg
A dinosaur is not a reptile.	reptile	-1.2588471174240112	neg	aff
A gull is a bird.	bird	-1.8839913606643677	aff	aff
A gull is a mammal.	mammal	-3.756251335144043	aff	neg
A gull is not a mammal.	mammal	-2.3489272594451904	neg	neg
A gull is not a bird.	bird	-1.5203741788864136	neg	aff
A liver is an organ.	organ	-1.7311216592788696	aff	aff
A liver is a glass.	glass	-4.887558460235596	aff	neg
A liver is not a glass.	glass	-3.813938617706299	neg	neg
A liver is not an organ.	organ	-1.4221775531768799	neg	aff
A coat is a garment.	garment	-1.560232162475586	aff	aff
A coat is a house.	house	-4.31060266494751	aff	neg
A coat is not a house.	house	-2.3391666412353516	neg	neg
A coat is not a garment.	garment	-1.3064075708389282	neg	aff
A bedroom is a room.	room	-1.4803680181503296	aff	aff
A bedroom is a house.	house	-2.9541168212890625	aff	neg
A bedroom is not a house.	house	-1.187134027481079	neg	neg
A bedroom is not a room.	room	-1.3123960494995117	neg	aff
A garlic is a vegetable.	vegetable	-2.956446647644043	aff	aff
A garlic is a fruit.	fruit	-3.0924947261810303	aff	neg
A garlic is not a fruit.	fruit	-2.44031023979187	neg	neg
A garlic is not a vegetable.	vegetable	-2.7132551670074463	neg	aff
A wallet is an accessory.	accessory	-2.549166440963745	aff	aff
A wallet is a food.	food	-5.473445892333984	aff	neg
A wallet is not a food.	food	-3.8377039432525635	neg	neg
A wallet is not an accessory.	accessory	-2.0894992351531982	neg	aff
A race is a competition.	competition	-1.8396824598312378	aff	aff
A race is a party.	party	-3.0564610958099365	aff	neg
A race is not a party.	party	-2.1557135581970215	neg	neg
A race is not a competition.	competition	-1.4131144285202026	neg	aff
A university is an institution.	institution	-0.4542299807071686	aff	aff
A university is a tree.	tree	-3.560877561569214	aff	neg
A university is not a tree.	tree	-2.5941672325134277	neg	neg
A university is not an institution.	institution	-0.6615166068077087	neg	aff
A belt is an accessory.	accessory	-1.7529845237731934	aff	aff
A belt is a food.	food	-4.876484394073486	aff	neg
A belt is not a food.	food	-3.818119764328003	neg	neg
A belt is not an accessory.	accessory	-1.4483489990234375	neg	aff
A carp is a fish.	fish	-2.032433271408081	aff	aff
A carp is a reptile.	reptile	-2.8187103271484375	aff	neg
A carp is not a reptile.	reptile	-2.062821865081787	neg	neg
A carp is not a fish.	fish	-1.2591487169265747	neg	aff
A washer is a machine.	machine	-2.3706135749816895	aff	aff
A washer is a person.	person	-2.7271366119384766	aff	neg
A washer is not a person.	person	-2.1713058948516846	neg	neg
A washer is not a machine.	machine	-1.7824922800064087	neg	aff
A dryer is a machine.	machine	-2.256356954574585	aff	aff
A dryer is a place.	place	-4.316242694854736	aff	neg
A dryer is not a place.	place	-3.564866065979004	neg	neg
A dryer is not a machine.	machine	-1.6563754081726074	neg	aff
A stove is a device.	device	-3.246504783630371	aff	aff
A stove is a room.	room	-5.041599750518799	aff	neg
A stove is not a room.	room	-2.997173547744751	neg	neg
A stove is not a device.	device	-2.5821022987365723	neg	aff
A souffle is a recipe.	recipe	-2.333343982696533	aff	aff
A souffle is a tool.	tool	-2.8325514793395996	aff	neg
A souffle is not a tool.	tool	-2.704699993133545	neg	neg
A souffle is not a recipe.	recipe	-1.6017847061157227	neg	aff
A plum is a fruit.	fruit	-1.5653032064437866	aff	aff
A plum is a tool.	tool	-4.232555866241455	aff	neg
A plum is not a tool.	tool	-3.428626298904419	neg	neg
A plum is not a fruit.	fruit	-1.3270037174224854	neg	aff
A meeting is an event.	event	-1.5644794702529907	aff	aff
A meeting is a person.	person	-4.301041603088379	aff	neg
A meeting is not a person.	person	-2.784414529800415	neg	neg
A meeting is not an event.	event	-1.168390154838562	neg	aff
An anvil is a tool.	tool	-2.731659412384033	aff	aff
An anvil is a rock.	rock	-2.3642094135284424	aff	neg
An anvil is not a rock.	rock	-1.6710338592529297	neg	neg
An anvil is not a tool.	tool	-2.2084643840789795	neg	aff
A scissor is a tool.	tool	-2.3483974933624268	aff	aff
A scissor is a plant.	plant	-3.519075393676758	aff	neg
An scissor is not a plant.	plant	-4.036247730255127	neg	neg
An scissor is not a tool.	tool	-3.528606653213501	neg	aff
A screw is a tool.	tool	-2.2965285778045654	aff	aff
A screw is a drink.	drink	-3.95111346244812	aff	neg
A screw is not a drink.	drink	-3.185469150543213	neg	neg
A screw is not a tool.	tool	-1.9156004190444946	neg	aff
A manager is a supervisor.	supervisor	-1.7895861864089966	aff	aff
A manager is a place.	place	-5.897516250610352	aff	neg
A manager is not a place.	place	-3.815791606903076	neg	neg
A manager is not a supervisor.	supervisor	-1.406087040901184	neg	aff
A motel is a building.	building	-3.170283317565918	aff	aff
A motel is an animal.	animal	-4.679220199584961	aff	neg
A model is not an animal.	animal	-2.0618178844451904	neg	neg
A model is not a building.	building	-2.5892422199249268	neg	aff
An autobiography is a book.	book	-1.5059531927108765	aff	aff
An autobiography is a chair.	chair	-5.299962997436523	aff	neg
An autobiography is not a chair.	chair	-3.7138631343841553	neg	neg
An autobiography is not a book.	book	-1.2422364950180054	neg	aff
A wren is a bird.	bird	-1.8217657804489136	aff	aff
A wren is a mammal.	mammal	-3.0448615550994873	aff	neg
A wren is not a mammal.	mammal	-1.9707525968551636	neg	neg
A wren is not a bird.	bird	-1.326664924621582	neg	aff
A spider is an arachnid.	arachnid	-2.085425615310669	aff	aff
A spider is a plant.	plant	-3.7571237087249756	aff	neg
A spider is not a plant.	plant	-1.8782846927642822	neg	neg
A spider is not an arachnid.	arachnid	-1.5019917488098145	neg	aff
A blouse is a clothing.	clothing	-3.5145020484924316	aff	aff
A blouse is a jewelry.	jewelry	-3.711503505706787	aff	neg
A blouse is not a jewelry.	jewelry	-3.2880730628967285	neg	neg
A blouse is not a clothing.	clothing	-3.340336799621582	neg	aff
A cape is a clothing.	clothing	-5.0984063148498535	aff	aff
A cape is a drink.	drink	-5.589261531829834	aff	neg
A cape is not a drink.	drink	-3.787654161453247	neg	neg
A cape is not a clothing.	clothing	-4.069739818572998	neg	aff
A metro is a train.	train	-2.5469915866851807	aff	aff
A metro is a bus.	bus	-3.07220721244812	aff	neg
A metro is not a bus.	bus	-1.879602313041687	neg	neg
A metro is not a train.	train	-2.0105233192443848	neg	aff
A macaw is a bird.	bird	-1.8567781448364258	aff	aff
A macaw is a grain.	grain	-4.631351470947266	aff	neg
A macaw is not a grain.	grain	-3.4027769565582275	neg	neg
A macaw is not a bird.	bird	-1.4047209024429321	neg	aff
An eel is a fish.	fish	-1.7160723209381104	aff	aff
An eel is a vegetable.	vegetable	-2.147446870803833	aff	neg
An eel is not a vegetable.	vegetable	-1.4570986032485962	neg	neg
An eel is not a fish.	fish	-0.866574764251709	neg	aff
A pelican is a bird.	bird	-1.9805525541305542	aff	aff
A pelican is a bacterium.	bacterium	-3.6614980697631836	aff	neg
A pelican is not a bacterium.	bacterium	-2.184218406677246	neg	neg
A pelican is not a bird.	bird	-1.3128011226654053	neg	aff
A bunny is an animal.	animal	-1.8385685682296753	aff	aff
A bunny is a fungus.	fungus	-4.7817912101745605	aff	neg
A bunny is not a fungus.	fungus	-3.1769847869873047	neg	neg
A bunny is not an animal.	animal	-1.5854228734970093	neg	aff
A spaceship is a vehicle.	vehicle	-2.834993600845337	aff	aff
A spaceship is a toy.	toy	-3.214353322982788	aff	neg
A spaceship is not a toy.	toy	-2.1018848419189453	neg	neg
A spaceship is not a vehicle.	vehicle	-1.9066740274429321	neg	aff
A toucan is a bird.	bird	-2.3618526458740234	aff	aff
A toucan is a fruit.	fruit	-3.4072086811065674	aff	neg
A toucan is not a fruit.	fruit	-2.443779945373535	neg	neg
A toucan is not a bird.	bird	-1.609174370765686	neg	aff
A koi is a fish.	fish	-1.4734668731689453	aff	aff
A koi is a plant.	plant	-2.9836413860321045	aff	neg
A koi is not a plant.	plant	-2.4308366775512695	neg	neg
A koi is not a fish.	fish	-1.345008373260498	neg	aff
A brush is a tool.	tool	-1.9640525579452515	aff	aff
A brush is a toy.	toy	-2.9945833683013916	aff	neg
A brush is not a toy.	toy	-2.100562334060669	neg	neg
A brush is not a tool.	tool	-1.7893505096435547	neg	aff
A wheelbarrow is a vehicle.	vehicle	-2.807568311691284	aff	aff
A wheelbarrow is a flower.	flower	-4.1319580078125	aff	neg
A wheelbarrow is not a flower.	flower	-2.818065643310547	neg	neg
A wheelbarrow is not a vehicle.	vehicle	-1.7223268747329712	neg	aff
A unicycle is a vehicle.	vehicle	-2.896744966506958	aff	aff
A unicycle is a flower.	flower	-3.8453094959259033	aff	neg
A unicycle is not a flower.	flower	-2.8395872116088867	neg	neg
A unicycle is not a vehicle.	vehicle	-2.0583839416503906	neg	aff
A bike is a machine.	machine	-2.3786990642547607	aff	aff
A bike is a flower.	flower	-4.2430100440979	aff	neg
A bike is not a flower.	flower	-2.974566698074341	neg	neg
A bike is not a machine.	machine	-1.8710248470306396	neg	aff
A skateboard is a vehicle.	vehicle	-2.3837432861328125	aff	aff
A skateboard is a flower.	flower	-3.700073003768921	aff	neg
A skateboard is not a flower.	flower	-2.790026903152466	neg	neg
A skateboard is not a vehicle.	vehicle	-1.4956169128417969	neg	aff
A stroller is a vehicle.	vehicle	-2.8779375553131104	aff	aff
A stroller is a flower.	flower	-4.056645393371582	aff	neg
A stroller is not a flower.	flower	-2.8002045154571533	neg	neg
A stroller is not a vehicle.	vehicle	-1.5674664974212646	neg	aff
A wagon is a vehicle.	vehicle	-2.2984299659729004	aff	aff
A wagon is a flower.	flower	-5.525707721710205	aff	neg
A wagon is not a flower.	flower	-3.1697070598602295	neg	neg
A wagon is not a vehicle.	vehicle	-1.7599351406097412	neg	aff
A corporation is a business.	business	-1.3270301818847656	aff	aff
A corporation is a toy.	toy	-4.151340007781982	aff	neg
A corporation is not a toy.	toy	-2.5731043815612793	neg	neg
A corporation is not a business.	business	-1.2350624799728394	neg	aff
A camera is a device.	device	-2.7565338611602783	aff	aff
A camera is a plant.	plant	-4.686768054962158	aff	neg
A camera is not a plant.	plant	-2.6734211444854736	neg	neg
A camera is not a device.	device	-1.7726975679397583	neg	aff
A chainsaw is a tool.	tool	-1.9624407291412354	aff	aff
A chainsaw is a toy.	toy	-2.597503900527954	aff	neg
A chainsaw is not a toy.	toy	-2.051464319229126	neg	neg
A chainsaw is not a tool.	tool	-1.8770363330841064	neg	aff
A bobcat is a carnivore.	carnivore	-2.3696115016937256	aff	aff
A bobcat is a plant.	plant	-3.6374614238739014	aff	neg
A bobcat is not a plant.	plant	-2.275193929672241	neg	neg
A bobcat is not a carnivore.	carnivore	-1.7719064950942993	neg	aff
A tractor is a machine.	machine	-2.166839361190796	aff	aff
A tractor is an animal.	animal	-2.9531567096710205	aff	neg
A tractor is not an animal.	animal	-1.9618504047393799	neg	neg
A tractor is not a machine.	machine	-1.7981716394424438	neg	aff
A camel is a mammals.	mammals	-4.6720499992370605	aff	aff
A camel is a reptile.	reptile	-2.638892412185669	aff	neg
A camel is not a reptile.	reptile	-1.749488353729248	neg	neg
A camel is not a mammals.	mammals	-3.2613463401794434	neg	aff
An apartment is a house.	house	-0.8384425044059753	aff	aff
An apartment is a plant.	plant	-4.658167839050293	aff	neg
An apartment is not a plant.	plant	-3.031365156173706	neg	neg
An apartment is not a house.	house	-0.31658935546875	neg	aff
