context	target	target_logprob	ctx_polarity	tgt_polarity
A cat is an animal.	animal	-3.691321611404419	aff	aff
A cat is a machine.	machine	-4.654000759124756	aff	neg
A cat is not a machine.	machine	-4.21878719329834	neg	neg
A cat is not an animal.	animal	-3.595623731613159	neg	aff
A computer is a machine.	machine	-4.0958251953125	aff	aff
A computer is a person.	person	-4.829493999481201	aff	neg
A computer is not a person.	person	-3.818641185760498	neg	neg
A computer is not a machine.	machine	-3.4795196056365967	neg	aff
A book is a text.	text	-4.571488380432129	aff	aff
A book is a person.	person	-4.581367015838623	aff	neg
A book is not a person.	person	-3.7105026245117188	neg	neg
A book is not a text.	text	-3.9577832221984863	neg	aff
A dog is an animal.	animal	-4.265048980712891	aff	aff
A dog is a plant.	plant	-5.192073345184326	aff	neg
A dog is not a plant.	plant	-4.2372236251831055	neg	neg
A dog is not an animal.	animal	-3.7342498302459717	neg	aff
A monkey is an animal.	animal	-4.481375217437744	aff	aff
A monkey is a toy.	toy	-5.682686805725098	aff	neg
A monkey is not a toy.	toy	-4.466011047363281	neg	neg
A monkey is not an animal.	animal	-3.74009370803833	neg	aff
A rabbit is an animal.	animal	-4.492213726043701	aff	aff
A rabbit is a plant.	plant	-5.334989070892334	aff	neg
A rabbit is not a plant.	plant	-4.363661766052246	neg	neg
A rabbit is not an animal.	animal	-3.8997111320495605	neg	aff
A human is a mammal.	mammal	-3.943469524383545	aff	aff
A human is a device.	device	-4.953321933746338	aff	neg
A human is not a device.	device	-4.469113349914551	neg	neg
A human is not a mammal.	mammal	-3.8487002849578857	neg	aff
A laptop is a device.	device	-4.737316131591797	aff	aff
A laptop is a toy.	toy	-5.315862655639648	aff	neg
A laptop is not a toy.	toy	-4.358730792999268	neg	neg
A laptop is not a device.	device	-4.504392623901367	neg	aff
An earphone is a device.	device	-4.370866775512695	aff	aff
An earphone is a toy.	toy	-4.4984211921691895	aff	neg
An earphone is not a toy.	toy	-3.9167983531951904	neg	neg
An earphone is not a device.	device	-3.8581249713897705	neg	aff
A book is a creation.	creation	-5.53633975982666	aff	aff
A book is an utensil.	utensil	-5.612689971923828	aff	neg
A book is not an utensil.	utensil	-4.684842109680176	neg	neg
A book is not a creation.	creation	-4.8009467124938965	neg	aff
A house is a building.	building	-3.837564468383789	aff	aff
A house is a plant.	plant	-5.353099822998047	aff	neg
A house is not a plant.	plant	-4.934271812438965	neg	neg
A house is not a building.	building	-4.105632305145264	neg	aff
A school is a building.	building	-4.202885150909424	aff	aff
A school is a toy.	toy	-5.776471138000488	aff	neg
A school is not a toy.	toy	-5.004467964172363	neg	neg
A school is not a building.	building	-4.581141948699951	neg	aff
A phone is a device.	device	-5.357189178466797	aff	aff
A phone is a rock.	rock	-5.6335978507995605	aff	neg
A phone is not a rock.	rock	-4.759002685546875	neg	neg
A phone is not a device.	device	-4.362868785858154	neg	aff
A fork is an utensil.	utensil	-4.631305694580078	aff	aff
A fork is a knife.	knife	-4.750461578369141	aff	neg
A fork is not a knife.	knife	-4.012231826782227	neg	neg
A fork is not an utensil.	utensil	-4.452548980712891	neg	aff
A knife is a tool.	tool	-3.965546131134033	aff	aff
A knife is a fruit.	fruit	-5.523644924163818	aff	neg
A knife is not a fruit.	fruit	-4.5770673751831055	neg	neg
A knife is not a tool.	tool	-3.889979839324951	neg	aff
A boat is a vehicle.	vehicle	-5.115830898284912	aff	aff
A boat is a mammal.	mammal	-4.873187065124512	aff	neg
A boat is not a mammal.	mammal	-4.230778217315674	neg	neg
A boat is not a vehicle.	vehicle	-4.240251064300537	neg	aff
A grape is a fruit.	fruit	-4.406508445739746	aff	aff
A grape is a vegetable.	vegetable	-5.29066801071167	aff	neg
A grape is not a vegetable.	vegetable	-4.9347076416015625	neg	neg
A grape is not a fruit.	fruit	-4.531185150146484	neg	aff
A pigeon is a bird.	bird	-4.5066118240356445	aff	aff
A pigeon is a plant.	plant	-6.195499420166016	aff	neg
A pigeon is not a plant.	plant	-5.083715438842773	neg	neg
A pigeon is not a bird.	bird	-4.0673956871032715	neg	aff
A spoon is an utensil.	utensil	-4.528970241546631	aff	aff
A spoon is a reptile.	reptile	-5.0719523429870605	aff	neg
A spoon is not a reptile.	reptile	-4.818214416503906	neg	neg
A spoon is not an utensil.	utensil	-4.29898738861084	neg	aff
A person is a mammal.	mammal	-4.063662528991699	aff	aff
A person is a reptile.	reptile	-4.717129707336426	aff	neg
A person is not a reptile.	reptile	-4.296498775482178	neg	neg
A person is not a mammal.	mammal	-3.994534730911255	neg	aff
A fig is a tree.	tree	-5.965341567993164	aff	aff
A fig is a mineral.	mineral	-7.760676860809326	aff	neg
A fig is not a mineral.	mineral	-6.05742073059082	neg	neg
A fig is not a tree.	tree	-5.255129814147949	neg	aff
A rock is a mineral.	mineral	-5.569255352020264	aff	aff
A rock is a vegetable.	vegetable	-6.1976637840271	aff	neg
A rock is not a vegetable.	vegetable	-5.176448345184326	neg	neg
A rock is not a mineral.	mineral	-4.744384765625	neg	aff
A book is a publication.	publication	-4.521185398101807	aff	aff
A book is a mammal.	mammal	-4.296649932861328	aff	neg
A book is not a mammal.	mammal	-3.9485924243927	neg	neg
A book is not a publication.	publication	-4.286918640136719	neg	aff
A bee is an insect.	insect	-4.290978908538818	aff	aff
A bee is a mammal.	mammal	-4.2275261878967285	aff	neg
A bee is not a mammal.	mammal	-3.9763858318328857	neg	neg
A bee is not an insect.	insect	-3.6520590782165527	neg	aff
A cat is a mammal.	mammal	-3.252894878387451	aff	aff
A cat is a reptile.	reptile	-3.655778646469116	aff	neg
A cat is not a reptile.	reptile	-3.688948631286621	neg	neg
A cat is not a mammal.	mammal	-3.437237501144409	neg	aff
A snake is a reptile.	reptile	-3.1455609798431396	aff	aff
A snake is a mammal.	mammal	-3.7157132625579834	aff	neg
A snake is not a mammal.	mammal	-3.522179365158081	neg	neg
A snake is not a reptile.	reptile	-3.4007325172424316	neg	aff
A donkey is an animal.	animal	-3.6396498680114746	aff	aff
A donkey is a person.	person	-4.161431312561035	aff	neg
A donkey is not a person.	person	-3.613292932510376	neg	neg
A donkey is not an animal.	animal	-3.4340004920959473	neg	aff
A squirrel is an animal.	animal	-5.873727321624756	aff	aff
A squirrel is a mineral.	mineral	-7.264573097229004	aff	neg
A squirrel is not a mineral.	mineral	-6.212248802185059	neg	neg
A squirrel is not an animal.	animal	-4.744044303894043	neg	aff
A cobra is a reptile.	reptile	-3.2037079334259033	aff	aff
A cobra is a mineral.	mineral	-5.376491546630859	aff	neg
A cobra is not a mineral.	mineral	-5.011517524719238	neg	neg
A cobra is not a reptile.	reptile	-3.57963490486145	neg	aff
A turtle is a reptile.	reptile	-4.062395095825195	aff	aff
A turtle is a bird.	bird	-5.380385875701904	aff	neg
A turtle is not a bird.	bird	-4.347024440765381	neg	neg
A turtle is not a reptile.	reptile	-3.8721113204956055	neg	aff
A bird is an animal.	animal	-5.043071269989014	aff	aff
A bird is a mineral.	mineral	-5.863598823547363	aff	neg
A bird is not a mineral.	mineral	-5.035067081451416	neg	neg
A bird is not an animal.	animal	-3.9359965324401855	neg	aff
A car is a vehicle.	vehicle	-4.15071439743042	aff	aff
A car is a bush.	bush	-5.6483154296875	aff	neg
A car is not a bush.	bush	-4.906879901885986	neg	neg
A car is not a vehicle.	vehicle	-3.59793758392334	neg	aff
A rose is a flower.	flower	-3.5509674549102783	aff	aff
A rose is a weed.	weed	-4.947638988494873	aff	neg
A rose is not a weed.	weed	-5.3469743728637695	neg	neg
A rose is not a flower.	flower	-4.532042980194092	neg	aff
A lily is a flower.	flower	-3.8094773292541504	aff	aff
A lily is a tree.	tree	-4.686412811279297	aff	neg
A lily is not a tree.	tree	-4.0145063400268555	neg	neg
A lily is not a flower.	flower	-3.4469730854034424	neg	aff
A daisy is a flower.	flower	-3.6885156631469727	aff	aff
A daisy is a tree.	tree	-4.871835708618164	aff	neg
A daisy is not a tree.	tree	-4.3362135887146	neg	neg
A daisy is not a flower.	flower	-3.7239198684692383	neg	aff
A tulip is a flower.	flower	-3.2941179275512695	aff	aff
A tulip is a tree.	tree	-4.273352146148682	aff	neg
A tulip is not a tree.	tree	-3.850938081741333	neg	neg
A tulip is not a flower.	flower	-3.5859055519104004	neg	aff
A snake is an animal.	animal	-4.059503078460693	aff	aff
A snake is a toy.	toy	-5.442572116851807	aff	neg
A snake is not a toy.	toy	-4.500121116638184	neg	neg
A snake is not an animal.	animal	-3.877380132675171	neg	aff
A crocodile is an animal.	animal	-3.862593173980713	aff	aff
A crocodile is a mammal.	mammal	-3.4298489093780518	aff	neg
A crocodile is not a mammal.	mammal	-3.441319704055786	neg	neg
A crocodile is not an animal.	animal	-3.758678674697876	neg	aff
A mice is a rodent.	rodent	-4.488945007324219	aff	aff
A mice is a toy.	toy	-6.3135986328125	aff	neg
A mice is not a toy.	toy	-5.3467206954956055	neg	neg
A mice is not a rodent.	rodent	-4.506769180297852	neg	aff
A horse is an animal.	animal	-4.304419994354248	aff	aff
A horse is a person.	person	-4.492997169494629	aff	neg
A horse is not a person.	person	-3.882105588912964	neg	neg
A horse is not an animal.	animal	-4.057114601135254	neg	aff
A mouse is an animal.	animal	-3.8900978565216064	aff	aff
A mouse is a toy.	toy	-5.2076897621154785	aff	neg
A mouse is not a toy.	toy	-4.42621374130249	neg	neg
A mouse is not an animal.	animal	-3.8179755210876465	neg	aff
A salmon is a fish.	fish	-4.617326259613037	aff	aff
A salmon is a fruit.	fruit	-6.111347198486328	aff	neg
A salmon is not a fruit.	fruit	-5.302406311035156	neg	neg
A salmon is not a fish.	fish	-4.539229869842529	neg	aff
A carrot is a vegetable.	vegetable	-4.137172698974609	aff	aff
A carrot is a mineral.	mineral	-5.658453464508057	aff	neg
A carrot is not a mineral.	mineral	-5.03230094909668	neg	neg
A carrot is not a vegetable.	vegetable	-4.071232795715332	neg	aff
A table is a furniture.	furniture	-5.277760982513428	aff	aff
A table is a toy.	toy	-6.1208696365356445	aff	neg
A table is not a toy.	toy	-4.349626064300537	neg	neg
A table is not a furniture.	furniture	-4.3370795249938965	neg	aff
A rabbit is a mammal.	mammal	-4.195962429046631	aff	aff
A rabbit is a bird.	bird	-5.088893413543701	aff	neg
A rabbit is not a bird.	bird	-4.051173210144043	neg	neg
A rabbit is not a mammal.	mammal	-3.7862954139709473	neg	aff
A dog is a mammal.	mammal	-3.9549710750579834	aff	aff
A dog is a fish.	fish	-5.265660285949707	aff	neg
A dog is not a fish.	fish	-4.088750839233398	neg	neg
A dog is not a mammal.	mammal	-3.622227668762207	neg	aff
A deer is an animal.	animal	-4.735175609588623	aff	aff
A deer is a plant.	plant	-5.765980243682861	aff	neg
A deer is not a plant.	plant	-4.897526264190674	neg	neg
A deer is not an animal.	animal	-4.404713153839111	neg	aff
A whale is a mammal.	mammal	-3.315988302230835	aff	aff
A whale is a reptile.	reptile	-4.3895344734191895	aff	neg
A whale is not a reptile.	reptile	-4.302775859832764	neg	neg
A whale is not a mammal.	mammal	-3.729140281677246	neg	aff
A desk is a furniture.	furniture	-5.101377010345459	aff	aff
A desk is a toy.	toy	-5.78256893157959	aff	neg
A desk is not a toy.	toy	-4.747779369354248	neg	neg
A desk is not a furniture.	furniture	-4.886981964111328	neg	aff
A bicycle is a vehicle.	vehicle	-4.367214679718018	aff	aff
A bicycle is a toy.	toy	-5.037097454071045	aff	neg
A bicycle is not a toy.	toy	-3.778437376022339	neg	neg
A bicycle is not a vehicle.	vehicle	-3.7315526008605957	neg	aff
A bat is a mammal.	mammal	-2.8080291748046875	aff	aff
A bat is a reptile.	reptile	-3.854637861251831	aff	neg
A bat is not a reptile.	reptile	-4.116054534912109	neg	neg
A bat is not a mammal.	mammal	-3.5125064849853516	neg	aff
A cloud is a gas.	gas	-5.3105788230896	aff	aff
A cloud is a liquid.	liquid	-5.1492838859558105	aff	neg
A cloud is not a liquid.	liquid	-4.624102592468262	neg	neg
A cloud is not a gas.	gas	-4.568261623382568	neg	aff
An Apple is a fruit.	fruit	-3.605914831161499	aff	aff
An Apple is a vegetable.	vegetable	-4.418532848358154	aff	neg
An Apple is not a vegetable.	vegetable	-4.198811054229736	neg	neg
An Apple is not a fruit.	fruit	-3.871734619140625	neg	aff
A toy is a plaything.	plaything	-3.6971449851989746	aff	aff
A toy is a food.	food	-5.504713535308838	aff	neg
A toy is not a food.	food	-4.70643424987793	neg	neg
A toy is not a plaything.	plaything	-3.9542760848999023	neg	aff
A human is a mammal.	mammal	-3.943469524383545	aff	aff
A human is a fish.	fish	-4.99346399307251	aff	neg
A human is not a fish.	fish	-4.351820945739746	neg	neg
A human is not a mammal.	mammal	-3.8487002849578857	neg	aff
A hummingbird is a bird.	bird	-3.4119577407836914	aff	aff
A hummingbird is a mammal.	mammal	-3.41921329498291	aff	neg
A hummingbird is not a mammal.	mammal	-3.2772104740142822	neg	neg
A hummingbird is not a bird.	bird	-3.283682346343994	neg	aff
A cauliflower is a vegetable.	vegetable	-4.602749347686768	aff	aff
A cauliflower is a fruit.	fruit	-5.623454570770264	aff	neg
A cauliflower is not a fruit.	fruit	-5.171065330505371	neg	neg
A cauliflower is not a vegetable.	vegetable	-4.6717963218688965	neg	aff
A turnip is a vegetable.	vegetable	-3.934892177581787	aff	aff
A turnip is a mineral.	mineral	-5.407125473022461	aff	neg
A turnip is not a mineral.	mineral	-5.076991081237793	neg	neg
A turnip is not a vegetable.	vegetable	-4.121953964233398	neg	aff
A yam is a vegetable.	vegetable	-4.064599990844727	aff	aff
A yam is a grain.	grain	-4.697274208068848	aff	neg
A yam is not a grain.	grain	-4.523928642272949	neg	neg
A yam is not a vegetable.	vegetable	-3.900622606277466	neg	aff
A truck is a vehicle.	vehicle	-4.695736885070801	aff	aff
A truck is a toy.	toy	-5.429123878479004	aff	neg
A truck is not a toy.	toy	-3.759953498840332	neg	neg
A truck is not a vehicle.	vehicle	-3.399365186691284	neg	aff
A lamp is a light.	light	-4.548527717590332	aff	aff
A lamp is a clock.	clock	-5.437294006347656	aff	neg
A lamp is not a clock.	clock	-4.601067066192627	neg	neg
A lamp is not a light.	light	-4.320018768310547	neg	aff
A cycle is a vehicle.	vehicle	-4.827118873596191	aff	aff
A cycle is a toy.	toy	-7.015170574188232	aff	neg
A cycle is not a toy.	toy	-4.379419326782227	neg	neg
A cycle is not a vehicle.	vehicle	-4.1142897605896	neg	aff
A crow is a bird.	bird	-3.9733378887176514	aff	aff
A crow is a vehicle.	vehicle	-6.587690830230713	aff	neg
A crow is not a vehicle.	vehicle	-5.577881813049316	neg	neg
A crow is not a bird.	bird	-3.9129014015197754	neg	aff
A pencil is a tool.	tool	-4.396833896636963	aff	aff
A pencil is a tree.	tree	-4.929139614105225	aff	neg
A pencil is not a tree.	tree	-4.103024959564209	neg	neg
A pencil is not a tool.	tool	-3.82513427734375	neg	aff
A snowflake is a crystal.	crystal	-3.9901187419891357	aff	aff
A snowflake is a liquid.	liquid	-4.838006496429443	aff	neg
A snowflake is not a liquid.	liquid	-4.431201934814453	neg	neg
A snowflake is not a crystal.	crystal	-3.9787631034851074	neg	aff
A pearl is a gem.	gem	-4.83278226852417	aff	aff
A pearl is a fruit.	fruit	-5.500551700592041	aff	neg
A pearl is not a fruit.	fruit	-4.928772926330566	neg	neg
A pearl is not a gem.	gem	-4.748651504516602	neg	aff
A fish is an animal.	animal	-4.668126583099365	aff	aff
A fish is a human.	human	-5.188891887664795	aff	neg
A fish is not a human.	human	-4.532868385314941	neg	neg
A fish is not an animal.	animal	-4.150959491729736	neg	aff
A mountain is a landform.	landform	-4.250508785247803	aff	aff
A mountain is a building.	building	-4.759537696838379	aff	neg
A mountain is not a building.	building	-4.396239280700684	neg	neg
A mountain is not a landform.	landform	-3.87896466255188	neg	aff
A university is a school.	school	-4.529722690582275	aff	aff
A university is a person.	person	-4.583655834197998	aff	neg
A university is not a person.	person	-4.725467205047607	neg	neg
A university is not a school.	school	-4.5257463455200195	neg	aff
A train is a vehicle.	vehicle	-4.984808444976807	aff	aff
A train is a plant.	plant	-6.125694274902344	aff	neg
A train is not a plant.	plant	-4.775882720947266	neg	neg
A train is not a vehicle.	vehicle	-3.8768973350524902	neg	aff
A duck is a bird.	bird	-4.319154262542725	aff	aff
A duck is a fish.	fish	-4.819447040557861	aff	neg
A duck is not a fish.	fish	-4.203437805175781	neg	neg
A duck is not a bird.	bird	-3.8923559188842773	neg	aff
A horse is a mammal.	mammal	-4.007720470428467	aff	aff
A horse is an insect.	insect	-5.321830749511719	aff	neg
A horse is not an insect.	insect	-4.578995704650879	neg	neg
A horse is not a mammal.	mammal	-3.866671562194824	neg	aff
A bird is a vertebrate.	vertebrate	-4.759244441986084	aff	aff
A bird is an invertebrate.	invertebrate	-3.8055388927459717	aff	neg
A bird is not an invertebrate.	invertebrate	-3.621586322784424	neg	neg
A bird is not a vertebrate.	vertebrate	-4.2632293701171875	neg	aff
A person is a human.	human	-4.714269161224365	aff	aff
A person is a machine.	machine	-4.260067462921143	aff	neg
A person is not a machine.	machine	-3.847914695739746	neg	neg
A person is not a human.	human	-4.631379127502441	neg	aff
A building is a structure.	structure	-4.459640026092529	aff	aff
A building is a plant.	plant	-5.324559211730957	aff	neg
A building is not a plant.	plant	-4.6779985427856445	neg	neg
A building is not a structure.	structure	-4.092061996459961	neg	aff
A tool is an instrument.	instrument	-5.292298793792725	aff	aff
A tool is a toy.	toy	-5.7645440101623535	aff	neg
A tool is not a toy.	toy	-4.451353073120117	neg	neg
A tool is not an instrument.	instrument	-4.544698238372803	neg	aff
A vegetable is a plant.	plant	-4.489681720733643	aff	aff
A vegetable is an animal.	animal	-5.243397235870361	aff	neg
A vegetable is not an animal.	animal	-4.729825019836426	neg	neg
A vegetable is not a plant.	plant	-4.496199131011963	neg	aff
A banana is a fruit.	fruit	-3.594857931137085	aff	aff
A banana is a vegetable.	vegetable	-4.853757858276367	aff	neg
A banana is not a vegetable.	vegetable	-4.655350685119629	neg	neg
A banana is not a fruit.	fruit	-4.119450569152832	neg	aff
A jackfruit is a fruit.	fruit	-4.527726173400879	aff	aff
A jackfruit is a rock.	rock	-6.706378936767578	aff	neg
A jackfruit is not a rock.	rock	-5.414032459259033	neg	neg
A jackfruit is not a fruit.	fruit	-4.487086296081543	neg	aff
A chicken is a bird.	bird	-4.671522617340088	aff	aff
A chicken is a mammal.	mammal	-4.245006561279297	aff	neg
A chicken is not a mammal.	mammal	-4.04409646987915	neg	neg
A chicken is not a bird.	bird	-4.055668830871582	neg	aff
A robin is a bird.	bird	-4.238058567047119	aff	aff
A robin is a mammal.	mammal	-4.337956428527832	aff	neg
A robin is not a mammal.	mammal	-4.256072044372559	neg	neg
A robin is not a bird.	bird	-4.134527683258057	neg	aff
A tiger is an animal.	animal	-4.33319616317749	aff	aff
A tiger is a machine.	machine	-5.545703411102295	aff	neg
A tiger is not a machine.	machine	-4.926384925842285	neg	neg
A tiger is not an animal.	animal	-4.108842372894287	neg	aff
A mammal is an animal.	animal	-4.141355514526367	aff	aff
A mammal is a plant.	plant	-3.86016845703125	aff	neg
A mammal is not a plant.	plant	-3.521497964859009	neg	neg
A mammal is not an animal.	animal	-3.347811698913574	neg	aff
A reptile is an animal.	animal	-3.81134033203125	aff	aff
A reptile is a tool.	tool	-5.109899520874023	aff	neg
A reptile is not a tool.	tool	-4.6485395431518555	neg	neg
A reptile is not an animal.	animal	-3.47650408744812	neg	aff
A bison is a mammal.	mammal	-2.8328750133514404	aff	aff
A bison is a bird.	bird	-3.937187671661377	aff	neg
A bison is not a bird.	bird	-3.633430004119873	neg	neg
A bison is not a mammal.	mammal	-3.151298999786377	neg	aff
A plane is a vehicle.	vehicle	-4.753299713134766	aff	aff
A plane is a person.	person	-4.992800235748291	aff	neg
A plane is not a person.	person	-4.382274150848389	neg	neg
A plane is not a vehicle.	vehicle	-4.330469608306885	neg	aff
A chair is a furniture.	furniture	-4.87655782699585	aff	aff
A chair is a person.	person	-4.3073248863220215	aff	neg
A chair is not a person.	person	-4.254762172698975	neg	neg
A chair is not a furniture.	furniture	-4.746639728546143	neg	aff
A ruler is a tool.	tool	-4.370175838470459	aff	aff
A ruler is an animal.	animal	-5.167986869812012	aff	neg
A ruler is not an animal.	animal	-4.431853771209717	neg	neg
A ruler is not a tool.	tool	-3.7090632915496826	neg	aff
A book is a literature.	literature	-5.153972148895264	aff	aff
A book is a furniture.	furniture	-4.819281101226807	aff	neg
A book is not a furniture.	furniture	-4.353969573974609	neg	neg
A book is not a literature.	literature	-4.58950662612915	neg	aff
A pencil is a stationary.	stationary	-5.58851957321167	aff	aff
A pencil is a food.	food	-5.497461795806885	aff	neg
A pencil is not a food.	food	-4.588767051696777	neg	neg
A pencil is not a stationary.	stationary	-5.151629447937012	neg	aff
A phone is an instrument.	instrument	-5.922519683837891	aff	aff
A phone is a valley.	valley	-6.770127296447754	aff	neg
A phone is not a valley.	valley	-5.923513412475586	neg	neg
A phone is not an instrument.	instrument	-4.663986682891846	neg	aff
A mouse is a mammal.	mammal	-3.6489830017089844	aff	aff
A mouse is a reptile.	reptile	-3.9442784786224365	aff	neg
A mouse is not a reptile.	reptile	-3.90614914894104	neg	neg
A mouse is not a mammal.	mammal	-3.612201690673828	neg	aff
A creeper is a plant.	plant	-4.060521125793457	aff	aff
A creeper is a fish.	fish	-4.168745517730713	aff	neg
A creeper is not a fish.	fish	-3.9687280654907227	neg	neg
A creeper is not a plant.	plant	-4.023431777954102	neg	aff
A teacher is a person.	person	-4.055900573730469	aff	aff
A teacher is a thing.	thing	-4.472106456756592	aff	neg
A teacher is not a thing.	thing	-4.124719142913818	neg	neg
A teacher is not a person.	person	-3.7248265743255615	neg	aff
A doctor is a person.	person	-4.6981048583984375	aff	aff
A doctor is an animal.	animal	-5.321053981781006	aff	neg
A doctor is not an animal.	animal	-4.812942028045654	neg	neg
A doctor is not a person.	person	-4.131678104400635	neg	aff
A lizard is a reptile.	reptile	-3.8972089290618896	aff	aff
A lizard is a mammal.	mammal	-4.46418571472168	aff	neg
A lizard is not a mammal.	mammal	-4.233849048614502	neg	neg
A lizard is not a reptile.	reptile	-3.92372989654541	neg	aff
A skyscraper is a building.	building	-3.9906668663024902	aff	aff
A skyscraper is a fish.	fish	-5.6847944259643555	aff	neg
A skyscraper is not a fish.	fish	-4.742835521697998	neg	neg
A skyscraper is not a building.	building	-3.65130352973938	neg	aff
A barn is a building.	building	-4.554327011108398	aff	aff
A barn is a bird.	bird	-5.81146764755249	aff	neg
A barn is not a bird.	bird	-4.7413763999938965	neg	neg
A barn is not a building.	building	-4.0588812828063965	neg	aff
A rock is a solid.	solid	-4.86171293258667	aff	aff
A rock is a liquid.	liquid	-5.823389053344727	aff	neg
A rock is not a liquid.	liquid	-4.769237518310547	neg	neg
A rock is not a solid.	solid	-4.201013088226318	neg	aff
A hammer is a tool.	tool	-4.385498523712158	aff	aff
A hammer is a plant.	plant	-5.536305904388428	aff	neg
A hammer is not a plant.	plant	-4.79074239730835	neg	neg
A hammer is not a tool.	tool	-3.9466559886932373	neg	aff
A hotel is a building.	building	-4.67230749130249	aff	aff
A hotel is a machine.	machine	-5.9049177169799805	aff	neg
A hotel is not a machine.	machine	-4.762569427490234	neg	neg
A hotel is not a building.	building	-4.034398078918457	neg	aff
A cactus is a plant.	plant	-3.3874423503875732	aff	aff
A cactus is a fish.	fish	-5.090339183807373	aff	neg
A cactus is not a fish.	fish	-4.207279205322266	neg	neg
A cactus is not a plant.	plant	-3.4293880462646484	neg	aff
A bush is a plant.	plant	-4.726327419281006	aff	aff
A bush is a fish.	fish	-5.9871439933776855	aff	neg
A bush is not a fish.	fish	-5.439208984375	neg	neg
A bush is not a plant.	plant	-4.411210060119629	neg	aff
A herb is a plant.	plant	-4.555430889129639	aff	aff
A herb is a fish.	fish	-5.979188442230225	aff	neg
A herb is not a fish.	fish	-5.198150157928467	neg	neg
A herb is not a plant.	plant	-4.603393077850342	neg	aff
A vine is a plant.	plant	-4.900168418884277	aff	aff
A vine is a fish.	fish	-5.721307277679443	aff	neg
A vine is not a fish.	fish	-5.192216873168945	neg	neg
A vine is not a plant.	plant	-4.079034328460693	neg	aff
A lily is a plant.	plant	-4.086952209472656	aff	aff
A lily is a person.	person	-4.652868747711182	aff	neg
A lily is not a person.	person	-3.9762864112854004	neg	neg
A lily is not a plant.	plant	-3.664167642593384	neg	aff
An airplane is a vehicle.	vehicle	-4.839244365692139	aff	aff
An airplane is a drink.	drink	-6.239139080047607	aff	neg
An airplane is not a drink.	drink	-5.199932098388672	neg	neg
An airplane is not a vehicle.	vehicle	-3.969856023788452	neg	aff
A phone is a gadget.	gadget	-5.061098575592041	aff	aff
A phone is a food.	food	-6.00460958480835	aff	neg
A phone is not a food.	food	-5.035215377807617	neg	neg
A phone is not a gadget.	gadget	-4.469918727874756	neg	aff
A turtle is an animal.	animal	-4.786563873291016	aff	aff
A turtle is a toy.	toy	-6.297202110290527	aff	neg
A turtle is not a toy.	toy	-4.961530685424805	neg	neg
A turtle is not an animal.	animal	-4.225627899169922	neg	aff
A vegetable is a food.	food	-5.102746486663818	aff	aff
A vegetable is a drink.	drink	-6.303555965423584	aff	neg
A vegetable is not a drink.	drink	-5.37799596786499	neg	neg
A vegetable is not a food.	food	-4.682762145996094	neg	aff
A lark is a bird.	bird	-3.394817352294922	aff	aff
A lark is a mammal.	mammal	-4.027182579040527	aff	neg
A lark is not a mammal.	mammal	-4.134390830993652	neg	neg
A lark is not a bird.	bird	-3.4540796279907227	neg	aff
A thrush is a bird.	bird	-3.7675082683563232	aff	aff
A thrush is a reptile.	reptile	-4.26239538192749	aff	neg
A thrush is not a reptile.	reptile	-4.205914497375488	neg	neg
A thrush is not a bird.	bird	-3.8798792362213135	neg	aff
A canary is a bird.	bird	-4.235699653625488	aff	aff
A canary is a mineral.	mineral	-5.853423118591309	aff	neg
A canary is not a mineral.	mineral	-5.176344871520996	neg	neg
A canary is not a bird.	bird	-4.1947832107543945	neg	aff
A human is an animal.	animal	-4.015252590179443	aff	aff
A human is a mineral.	mineral	-5.617744445800781	aff	neg
A human is not a mineral.	mineral	-4.821449279785156	neg	neg
A human is not an animal.	animal	-3.9822134971618652	neg	aff
A chair is a seat.	seat	-4.186649799346924	aff	aff
A chair is a mammal.	mammal	-4.588836193084717	aff	neg
A chair is not a mammal.	mammal	-4.433048248291016	neg	neg
A chair is not a seat.	seat	-4.126714706420898	neg	aff
A pine is a tree.	tree	-4.576587200164795	aff	aff
A pine is a person.	person	-5.601143836975098	aff	neg
A pine is not a person.	person	-4.663690090179443	neg	neg
A pine is not a tree.	tree	-4.059338569641113	neg	aff
A potato is a vegetable.	vegetable	-4.422252655029297	aff	aff
A potato is a fruit.	fruit	-4.652256011962891	aff	neg
A potato is not a fruit.	fruit	-4.472218036651611	neg	neg
A potato is not a vegetable.	vegetable	-4.189517974853516	neg	aff
A pea is a vegetable.	vegetable	-5.152236461639404	aff	aff
A pea is a fruit.	fruit	-4.853640079498291	aff	neg
A pea is not a fruit.	fruit	-4.933844089508057	neg	neg
A pea is not a vegetable.	vegetable	-4.976053237915039	neg	aff
A frog is an amphibian.	amphibian	-4.227693557739258	aff	aff
A frog is a reptile.	reptile	-4.53800630569458	aff	neg
A frog is not a reptile.	reptile	-4.0984063148498535	neg	neg
A frog is not an amphibian.	amphibian	-3.5925028324127197	neg	aff
A diamond is a mineral.	mineral	-5.222551345825195	aff	aff
A diamond is a toy.	toy	-5.932885646820068	aff	neg
A diamond is not a toy.	toy	-4.969867706298828	neg	neg
A diamond is not a mineral.	mineral	-4.978255748748779	neg	aff
A watch is a timepiece.	timepiece	-4.581697463989258	aff	aff
A watch is a toy.	toy	-6.205117702484131	aff	neg
A watch is not a toy.	toy	-4.550826549530029	neg	neg
A watch is not a timepiece.	timepiece	-4.072564125061035	neg	aff
A knife is an utensil.	utensil	-4.83237361907959	aff	aff
A knife is a food.	food	-5.606147289276123	aff	neg
A knife is not a food.	food	-4.558687686920166	neg	neg
A knife is not an utensil.	utensil	-4.466512203216553	neg	aff
A plate is a dish.	dish	-5.890777111053467	aff	aff
A plate is a food.	food	-6.223447322845459	aff	neg
A plate is not a food.	food	-5.281434059143066	neg	neg
A plate is not a dish.	dish	-4.735887050628662	neg	aff
A cup is a dish.	dish	-4.762282371520996	aff	aff
A cup is a food.	food	-5.20814847946167	aff	neg
A cup is not a food.	food	-4.663100242614746	neg	neg
A cup is not a dish.	dish	-4.1952362060546875	neg	aff
A zebra is a mammal.	mammal	-2.908524751663208	aff	aff
A zebra is a fish.	fish	-3.864257574081421	aff	neg
A zebra is not a fish.	fish	-4.146203994750977	neg	neg
A zebra is not a mammal.	mammal	-3.563941717147827	neg	aff
A cheetah is a mammal.	mammal	-2.9538745880126953	aff	aff
A cheetah is a reptile.	reptile	-3.2061877250671387	aff	neg
A cheetah is not a reptile.	reptile	-3.2875967025756836	neg	neg
A cheetah is not a mammal.	mammal	-3.097059488296509	neg	aff
A diamond is a gem.	gem	-5.101480484008789	aff	aff
A diamond is a place.	place	-5.835519790649414	aff	neg
A diamond is not a place.	place	-5.339051246643066	neg	neg
A diamond is not a gem.	gem	-4.723841667175293	neg	aff
A baseball is a sport.	sport	-5.011343479156494	aff	aff
A baseball is a toy.	toy	-5.0871758460998535	aff	neg
A baseball is not a toy.	toy	-4.102946758270264	neg	neg
A baseball is not a sport.	sport	-4.489398002624512	neg	aff
A lamp is a lighting.	lighting	-5.916017055511475	aff	aff
A lamp is a food.	food	-5.754270076751709	aff	neg
A lamp is not a food.	food	-4.994047164916992	neg	neg
A lamp is not a lighting.	lighting	-5.965998649597168	neg	aff
A lizard is an animal.	animal	-4.768012046813965	aff	aff
A lizard is a mineral.	mineral	-6.4623332023620605	aff	neg
A lizard is not a mineral.	mineral	-5.62054443359375	neg	neg
A lizard is not an animal.	animal	-4.371434688568115	neg	aff
A computer is an electronics.	electronics	-5.504680633544922	aff	aff
A computer is a furniture.	furniture	-6.054645538330078	aff	neg
A computer is not a furniture.	furniture	-5.0412445068359375	neg	neg
A computer is not an electronics.	electronics	-5.029760360717773	neg	aff
A phone is an electronic.	electronic	-6.341053485870361	aff	aff
A phone is a mineral.	mineral	-6.135296821594238	aff	neg
A phone is not a mineral.	mineral	-5.047429084777832	neg	neg
A phone is not an electronic.	electronic	-5.273838043212891	neg	aff
A spider is an invertebrate.	invertebrate	-3.399597406387329	aff	aff
A spider is a vertebrate.	vertebrate	-4.466165542602539	aff	neg
A spider is not a vertebrate.	vertebrate	-4.139807224273682	neg	neg
A spider is not an invertebrate.	invertebrate	-3.4280991554260254	neg	aff
A bus is a vehicle.	vehicle	-4.666323184967041	aff	aff
A bus is a flower.	flower	-6.270887851715088	aff	neg
A bus is not a flower.	flower	-4.772003650665283	neg	neg
A bus is not a vehicle.	vehicle	-3.7705581188201904	neg	aff
A drill is a tool.	tool	-4.672349452972412	aff	aff
A drill is a vegetable.	vegetable	-6.568704128265381	aff	neg
A drill is not a vegetable.	vegetable	-5.475528717041016	neg	neg
A drill is not a tool.	tool	-4.313913345336914	neg	aff
A fir is a tree.	tree	-5.525858402252197	aff	aff
A fir is a tool.	tool	-7.067138671875	aff	neg
A fir is not a tool.	tool	-5.74252986907959	neg	neg
A fir is not a tree.	tree	-4.880500793457031	neg	aff
A city is a place.	place	-3.822650194168091	aff	aff
A city is a thing.	thing	-4.556482315063477	aff	neg
A city is not a thing.	thing	-4.188545227050781	neg	neg
A city is not a place.	place	-3.8168482780456543	neg	aff
A church is a building.	building	-6.206755638122559	aff	aff
A church is a toy.	toy	-8.536706924438477	aff	neg
A church is not a toy.	toy	-5.876187801361084	neg	neg
A church is not a building.	building	-4.995552062988281	neg	aff
A mall is a building.	building	-5.0452189445495605	aff	aff
A mall is a person.	person	-5.213424205780029	aff	neg
A mall is not a person.	person	-5.274402141571045	neg	neg
A mall is not a building.	building	-5.030698299407959	neg	aff
A school is an institution.	institution	-4.691753387451172	aff	aff
A school is a person.	person	-4.320845127105713	aff	neg
A school is not a person.	person	-4.717376232147217	neg	neg
A school is not an institution.	institution	-4.617917060852051	neg	aff
A cat is a feline.	feline	-3.309307813644409	aff	aff
A cat is a canine.	canine	-4.532634735107422	aff	neg
A cat is not a canine.	canine	-4.209074020385742	neg	neg
A cat is not a feline.	feline	-3.420743227005005	neg	aff
A dog is a canine.	canine	-4.590348720550537	aff	aff
A dog is a feline.	feline	-4.017845153808594	aff	neg
A dog is not a feline.	feline	-3.694098949432373	neg	neg
A dog is not a canine.	canine	-4.2465434074401855	neg	aff
A crocodile is a reptile.	reptile	-3.1499104499816895	aff	aff
A crocodile is a fish.	fish	-4.0136213302612305	aff	neg
A crocodile is not a fish.	fish	-3.7471110820770264	neg	neg
A crocodile is not a reptile.	reptile	-3.300847291946411	neg	aff
A book is a writing.	writing	-4.955008506774902	aff	aff
A book is an insect.	insect	-4.901115417480469	aff	neg
A book is not an insect.	insect	-4.247786521911621	neg	neg
A book is not a writing.	writing	-4.7465386390686035	neg	aff
A house is a structure.	structure	-4.638900279998779	aff	aff
A house is a tool.	tool	-5.089453220367432	aff	neg
A house is not a tool.	tool	-4.78140926361084	neg	neg
A house is not a structure.	structure	-4.689996719360352	neg	aff
A man is a mammal.	mammal	-3.900737762451172	aff	aff
A man is a reptile.	reptile	-4.4932122230529785	aff	neg
A man is not a reptile.	reptile	-4.374648094177246	neg	neg
A man is not a mammal.	mammal	-3.9352293014526367	neg	aff
A woman is a mammal.	mammal	-4.082379341125488	aff	aff
A woman is a reptile.	reptile	-4.798759937286377	aff	neg
A woman is not a reptile.	reptile	-4.548494338989258	neg	neg
A woman is not a mammal.	mammal	-3.963801383972168	neg	aff
An elephant is a mammal.	mammal	-2.9769225120544434	aff	aff
An elephant is a reptile.	reptile	-3.6537578105926514	aff	neg
An elephant is not a reptile.	reptile	-3.4013357162475586	neg	neg
An elephant is not a mammal.	mammal	-3.0258536338806152	neg	aff
A balloon is a toy.	toy	-5.388091564178467	aff	aff
A balloon is a building.	building	-5.378115177154541	aff	neg
A balloon is not a building.	building	-4.8648600578308105	neg	neg
A balloon is not a toy.	toy	-4.56505012512207	neg	aff
A restaurant is a building.	building	-5.508870601654053	aff	aff
A restaurant is a fish.	fish	-6.218677043914795	aff	neg
A restaurant is not a fish.	fish	-5.3433661460876465	neg	neg
A restaurant is not a building.	building	-4.4065704345703125	neg	aff
A whale is an animal.	animal	-4.01884651184082	aff	aff
A whale is a plant.	plant	-4.8371195793151855	aff	neg
A whale is not a plant.	plant	-4.762093544006348	neg	neg
A whale is not an animal.	animal	-4.253906726837158	neg	aff
A manager is a leader.	leader	-4.075357437133789	aff	aff
A manager is a follower.	follower	-5.059948444366455	aff	neg
A manager is not a follower.	follower	-4.391524791717529	neg	neg
A manager is not a leader.	leader	-3.7843093872070312	neg	aff
A garden is a place.	place	-4.823805332183838	aff	aff
A garden is a thing.	thing	-5.39281702041626	aff	neg
A garden is not a thing.	thing	-4.244168281555176	neg	neg
A garden is not a place.	place	-4.073147296905518	neg	aff
A book is a thing.	thing	-4.224400043487549	aff	aff
A book is a food.	food	-5.256383419036865	aff	neg
A book is not a food.	food	-4.296788215637207	neg	neg
A book is not a thing.	thing	-3.5455169677734375	neg	aff
An ant is an insect.	insect	-4.640360355377197	aff	aff
An ant is a mammal.	mammal	-4.208062648773193	aff	neg
An ant is not a mammal.	mammal	-4.235257148742676	neg	neg
An ant is not an insect.	insect	-4.2861528396606445	neg	aff
A saw is a tool.	tool	-4.556803226470947	aff	aff
A saw is a weapon.	weapon	-5.07696533203125	aff	neg
A saw is not a weapon.	weapon	-4.488720417022705	neg	neg
A saw is not a tool.	tool	-3.8841207027435303	neg	aff
A zebra is an animal.	animal	-3.321345090866089	aff	aff
A zebra is a plant.	plant	-3.8918070793151855	aff	neg
A zebra is not a plant.	plant	-4.1982831954956055	neg	neg
A zebra is not an animal.	animal	-3.7949743270874023	neg	aff
A coin is a currency.	currency	-6.212424278259277	aff	aff
A coin is a card.	card	-6.433412075042725	aff	neg
A coin is not a card.	card	-4.467537879943848	neg	neg
A coin is not a currency.	currency	-4.542396068572998	neg	aff
A hawk is a bird.	bird	-4.825350284576416	aff	aff
A hawk is a fish.	fish	-5.643050670623779	aff	neg
A hawk is not a fish.	fish	-5.114367961883545	neg	neg
A hawk is not a bird.	bird	-4.3564558029174805	neg	aff
A shark is a fish.	fish	-4.77106237411499	aff	aff
A shark is a mammal.	mammal	-3.8015201091766357	aff	neg
A shark is not a mammal.	mammal	-3.8309555053710938	neg	neg
A shark is not a fish.	fish	-4.144322872161865	neg	aff
A daffodil is a flower.	flower	-2.8505070209503174	aff	aff
A daffodil is a tool.	tool	-4.7557783126831055	aff	neg
A daffodil is not a tool.	tool	-4.1739325523376465	neg	neg
A daffodil is not a flower.	flower	-3.045424699783325	neg	aff
A pansy is a flower.	flower	-4.658033847808838	aff	aff
A pansy is a tool.	tool	-6.127806663513184	aff	neg
A pansy is not a tool.	tool	-5.580369472503662	neg	neg
A pansy is not a flower.	flower	-4.689418792724609	neg	aff
An elephant is an animal.	animal	-3.3524162769317627	aff	aff
An elephant is a toy.	toy	-4.568959712982178	aff	neg
An elephant is not a toy.	toy	-3.5866353511810303	neg	neg
An elephant is not an animal.	animal	-3.2701282501220703	neg	aff
A lion is a carnivore.	carnivore	-3.600590467453003	aff	aff
A lion is a herbivore.	herbivore	-3.612886667251587	aff	neg
A lion is not a herbivore.	herbivore	-3.6268603801727295	neg	neg
A lion is not a carnivore.	carnivore	-3.995274782180786	neg	aff
A gazelle is an ungulate.	ungulate	-3.9581704139709473	aff	aff
A gazelle is a predator.	predator	-4.263638019561768	aff	neg
A gazelle is not a predator.	predator	-4.919980049133301	neg	neg
A gazelle is not an ungulate.	ungulate	-4.440068244934082	neg	aff
A cow is a mammal.	mammal	-3.6063029766082764	aff	aff
A cow is a reptile.	reptile	-4.412720680236816	aff	neg
A cow is not a reptile.	reptile	-3.9784469604492188	neg	neg
A cow is not a mammal.	mammal	-3.365936756134033	neg	aff
A cow is an animal.	animal	-4.163991451263428	aff	aff
A cow is a plant.	plant	-4.644918918609619	aff	neg
A cow is not a plant.	plant	-3.852581024169922	neg	neg
A cow is not an animal.	animal	-3.529315948486328	neg	aff
A fish is a vertebrate.	vertebrate	-4.545141220092773	aff	aff
A fish is an invertebrate.	invertebrate	-3.5142672061920166	aff	neg
A fish is not an invertebrate.	invertebrate	-3.7683522701263428	neg	neg
A fish is not a vertebrate.	vertebrate	-4.359135627746582	neg	aff
A mosquito is an insect.	insect	-4.481324672698975	aff	aff
A mosquito is a mammal.	mammal	-3.946094512939453	aff	neg
A mosquito is not a mammal.	mammal	-3.8377113342285156	neg	neg
A mosquito is not an insect.	insect	-4.091069221496582	neg	aff
A cathedral is a building.	building	-4.310194492340088	aff	aff
A cathedral is a bird.	bird	-5.884774208068848	aff	neg
A cathedral is not a bird.	bird	-4.814993858337402	neg	neg
A cathedral is not a building.	building	-3.8844003677368164	neg	aff
A palace is a building.	building	-3.989959478378296	aff	aff
A palace is a bird.	bird	-5.863413333892822	aff	neg
A palace is not a bird.	bird	-5.075060844421387	neg	neg
A palace is not a building.	building	-4.068456649780273	neg	aff
A snake is a creature.	creature	-4.549363136291504	aff	aff
A snake is a building.	building	-4.916717052459717	aff	neg
A snake is not a building.	building	-4.425510406494141	neg	neg
A snake is not a creature.	creature	-4.087547302246094	neg	aff
A human is a vertebrate.	vertebrate	-4.395352363586426	aff	aff
A human is a plant.	plant	-4.81827449798584	aff	neg
A human is not a plant.	plant	-4.336625099182129	neg	neg
A human is not a vertebrate.	vertebrate	-4.4074625968933105	neg	aff
A rat is a mammal.	mammal	-3.325381278991699	aff	aff
A rat is a bird.	bird	-4.791536331176758	aff	neg
A rat is not a bird.	bird	-4.290949821472168	neg	neg
A rat is not a mammal.	mammal	-3.6890358924865723	neg	aff
A fork is a tool.	tool	-4.21924352645874	aff	aff
A fork is a vegetable.	vegetable	-5.258647441864014	aff	neg
A fork is not a vegetable.	vegetable	-4.432138442993164	neg	neg
A fork is not a tool.	tool	-4.005850315093994	neg	aff
A napkin is a cloth.	cloth	-4.2396135330200195	aff	aff
A napkin is a toy.	toy	-5.205440044403076	aff	neg
A napkin is not a toy.	toy	-4.095713138580322	neg	neg
A napkin is not a cloth.	cloth	-4.039730548858643	neg	aff
An airplane is a machine.	machine	-4.733120441436768	aff	aff
An airplane is a bird.	bird	-4.677077293395996	aff	neg
An airplane is not a bird.	bird	-4.242623329162598	neg	neg
An airplane is not a machine.	machine	-3.9462828636169434	neg	aff
A cucumber is a fruit.	fruit	-4.098440647125244	aff	aff
A cucumber is a vegetable.	vegetable	-4.105737209320068	aff	neg
A cucumber is not a vegetable.	vegetable	-4.169406414031982	neg	neg
A cucumber is not a fruit.	fruit	-4.280667304992676	neg	aff
A trout is a fish.	fish	-4.37932014465332	aff	aff
A trout is a plant.	plant	-5.411180019378662	aff	neg
A trout is not a plant.	plant	-5.137831211090088	neg	neg
A trout is not a fish.	fish	-4.43336296081543	neg	aff
A rat is an animal.	animal	-3.861375570297241	aff	aff
A rat is a person.	person	-4.630457401275635	aff	neg
A rat is not a person.	person	-4.109560966491699	neg	neg
A rat is not an animal.	animal	-3.916351079940796	neg	aff
A chef is a cook.	cook	-4.689115047454834	aff	aff
A chef is a musician.	musician	-5.255618572235107	aff	neg
A chef is not a musician.	musician	-4.708468914031982	neg	neg
A chef is not a cook.	cook	-4.262089729309082	neg	aff
A doctor is a professional.	professional	-4.7739787101745605	aff	aff
A doctor is a toy.	toy	-6.72357177734375	aff	neg
A doctor is not a toy.	toy	-4.931623935699463	neg	neg
A doctor is not a professional.	professional	-4.552219867706299	neg	aff
A lawyer is an attorney.	attorney	-4.5262370109558105	aff	aff
A lawyer is a plumber.	plumber	-5.504335880279541	aff	neg
A lawyer is not a plumber.	plumber	-4.535207271575928	neg	neg
A lawyer is not an attorney.	attorney	-4.123023509979248	neg	aff
A teacher is an educator.	educator	-4.420680999755859	aff	aff
A teacher is a cashier.	cashier	-4.805182933807373	aff	neg
A teacher is not a cashier.	cashier	-4.5742034912109375	neg	neg
A teacher is not an educator.	educator	-4.1463303565979	neg	aff
A textbook is a book.	book	-4.187838077545166	aff	aff
A textbook is a flower.	flower	-5.473789691925049	aff	neg
A textbook is not a flower.	flower	-5.136843204498291	neg	neg
A textbook is not a book.	book	-3.7287425994873047	neg	aff
A lotus is a flower.	flower	-3.821275472640991	aff	aff
A lotus is an insect.	insect	-4.447910308837891	aff	neg
A lotus is not an insect.	insect	-4.590131759643555	neg	neg
A lotus is not a flower.	flower	-4.212252616882324	neg	aff
A frog is an animal.	animal	-4.573902130126953	aff	aff
A frog is a toy.	toy	-5.848533630371094	aff	neg
A frog is not a toy.	toy	-5.026821136474609	neg	neg
A frog is not an animal.	animal	-4.008177757263184	neg	aff
A petunia is a flower.	flower	-3.9269490242004395	aff	aff
A petunia is a person.	person	-4.708610534667969	aff	neg
A petunia is not a person.	person	-4.577190399169922	neg	neg
A petunia is not a flower.	flower	-4.071869850158691	neg	aff
A kitchen is a room.	room	-4.224149227142334	aff	aff
A kitchen is a house.	house	-4.862502098083496	aff	neg
A kitchen is not a house.	house	-4.169439792633057	neg	neg
A kitchen is not a room.	room	-3.9139699935913086	neg	aff
A sunflower is a flower.	flower	-4.281206130981445	aff	aff
A sunflower is a fruit.	fruit	-4.930792808532715	aff	neg
A sunflower is not a fruit.	fruit	-4.349956035614014	neg	neg
A sunflower is not a flower.	flower	-3.9422075748443604	neg	aff
A blade is a tool.	tool	-5.253273010253906	aff	aff
A blade is a building.	building	-5.793715476989746	aff	neg
A blade is not a building.	building	-5.19500207901001	neg	neg
A blade is not a tool.	tool	-4.6267476081848145	neg	aff
A celery is a vegetable.	vegetable	-4.896777153015137	aff	aff
A celery is a legume.	legume	-4.636231422424316	aff	neg
A celery is not a legume.	legume	-4.55230188369751	neg	neg
A celery is not a vegetable.	vegetable	-4.501896858215332	neg	aff
A cherry is a fruit.	fruit	-4.272660732269287	aff	aff
A cherry is a nut.	nut	-5.45178747177124	aff	neg
A cherry is not a nut.	nut	-5.0546722412109375	neg	neg
A cherry is not a fruit.	fruit	-4.414482593536377	neg	aff
A peach is a fruit.	fruit	-4.509059429168701	aff	aff
A peach is a meat.	meat	-6.312394618988037	aff	neg
A peach is not a meat.	meat	-5.603103160858154	neg	neg
A peach is not a fruit.	fruit	-4.634010314941406	neg	aff
A giraffe is a mammal.	mammal	-2.6299054622650146	aff	aff
A giraffe is a bird.	bird	-3.677880048751831	aff	neg
A giraffe is not a bird.	bird	-3.6796746253967285	neg	neg
A giraffe is not a mammal.	mammal	-3.288632869720459	neg	aff
A leopard is a mammal.	mammal	-3.863049268722534	aff	aff
A leopard is a reptile.	reptile	-3.966827869415283	aff	neg
A leopard is not a reptile.	reptile	-4.219192981719971	neg	neg
A leopard is not a mammal.	mammal	-4.185797214508057	neg	aff
A penguin is a bird.	bird	-3.58579421043396	aff	aff
A penguin is a number.	number	-4.411549091339111	aff	neg
A penguin is not a number.	number	-4.006537914276123	neg	neg
A penguin is not a bird.	bird	-3.2762277126312256	neg	aff
An orange is a fruit.	fruit	-3.347726821899414	aff	aff
An orange is a drink.	drink	-4.694936275482178	aff	neg
An orange is not a drink.	drink	-4.362781047821045	neg	neg
An orange is not a fruit.	fruit	-3.7894444465637207	neg	aff
A bike is a vehicle.	vehicle	-4.887639045715332	aff	aff
A bike is a tree.	tree	-6.2478413581848145	aff	neg
A bike is not a tree.	tree	-4.984455108642578	neg	neg
A bike is not a vehicle.	vehicle	-4.022747993469238	neg	aff
A turkey is a bird.	bird	-3.9802772998809814	aff	aff
A turkey is an animal.	animal	-4.264324188232422	aff	neg
A turkey is not an animal.	animal	-4.356677055358887	neg	neg
A turkey is not a bird.	bird	-4.0022172927856445	neg	aff
A dolphin is a mammal.	mammal	-3.761504650115967	aff	aff
A dolphin is a reptile.	reptile	-4.537833213806152	aff	neg
A dolphin is not a reptile.	reptile	-4.1700825691223145	neg	neg
A dolphin is not a mammal.	mammal	-3.7571499347686768	neg	aff
A bluebird is a bird.	bird	-3.978196859359741	aff	aff
A bluebird is a color.	color	-4.806805610656738	aff	neg
A bluebird is not a color.	color	-4.680241584777832	neg	neg
A bluebird is not a bird.	bird	-3.8346760272979736	neg	aff
A willow is a tree.	tree	-4.704900741577148	aff	aff
A willow is a tool.	tool	-6.180871486663818	aff	neg
A willow is not a tool.	tool	-5.150267601013184	neg	neg
A willow is not a tree.	tree	-4.384869575500488	neg	aff
A glass is a container.	container	-4.2062273025512695	aff	aff
A glass is a plant.	plant	-5.039037704467773	aff	neg
A glass is not a plant.	plant	-4.592039108276367	neg	neg
A glass is not a container.	container	-3.744896650314331	neg	aff
A bear is a mammal.	mammal	-4.732583045959473	aff	aff
A bear is a reptile.	reptile	-5.572697639465332	aff	neg
A bear is not a reptile.	reptile	-4.222561836242676	neg	neg
A bear is not a mammal.	mammal	-3.7226743698120117	neg	aff
A glider is an aircraft.	aircraft	-3.5862574577331543	aff	aff
A glider is a building.	building	-4.788600444793701	aff	neg
A glider is not a building.	building	-4.3877787590026855	neg	neg
A glider is not an aircraft.	aircraft	-3.964092493057251	neg	aff
A helicopter is an aircraft.	aircraft	-4.835090160369873	aff	aff
A helicopter is a mammal.	mammal	-5.21730899810791	aff	neg
A helicopter is not a mammal.	mammal	-4.704620361328125	neg	neg
A helicopter is not an aircraft.	aircraft	-4.393404960632324	neg	aff
A blender is a machine.	machine	-4.906642436981201	aff	aff
A blender is a toy.	toy	-5.56808614730835	aff	neg
A blender is not a toy.	toy	-4.414012908935547	neg	neg
A blender is not a machine.	machine	-4.369378566741943	neg	aff
A toaster is a machine.	machine	-5.228788375854492	aff	aff
A toaster is a food.	food	-5.889469146728516	aff	neg
A toaster is not a food.	food	-5.049558162689209	neg	neg
A toaster is not a machine.	machine	-4.246261119842529	neg	aff
A phone is an appliance.	appliance	-5.518099308013916	aff	aff
A phone is a mammal.	mammal	-5.233759880065918	aff	neg
A phone is not a mammal.	mammal	-4.5542449951171875	neg	neg
A phone is not an appliance.	appliance	-4.697120666503906	neg	aff
A toy is a thing.	thing	-4.399978160858154	aff	aff
A toy is a bird.	bird	-5.026092529296875	aff	neg
A toy is not a bird.	bird	-4.694210052490234	neg	neg
A toy is not a thing.	thing	-4.158787250518799	neg	aff
A novel is a book.	book	-4.142528057098389	aff	aff
A novel is a film.	film	-5.419046878814697	aff	neg
A novel is not a film.	film	-4.927171230316162	neg	neg
A novel is not a book.	book	-4.134698390960693	neg	aff
A drum is an instrument.	instrument	-4.905337333679199	aff	aff
A drum is a toy.	toy	-5.224057674407959	aff	neg
A drum is not a toy.	toy	-4.339473247528076	neg	neg
A drum is not an instrument.	instrument	-4.396059036254883	neg	aff
A movie is an entertainment.	entertainment	-5.365651607513428	aff	aff
A movie is a person.	person	-5.240203380584717	aff	neg
A movie is not a person.	person	-4.442142486572266	neg	neg
A movie is not an entertainment.	entertainment	-4.646372318267822	neg	aff
A house is a dwelling.	dwelling	-4.645644664764404	aff	aff
A house is a waterway.	waterway	-5.570834636688232	aff	neg
A house is not a waterway.	waterway	-5.3998823165893555	neg	neg
A house is not a dwelling.	dwelling	-4.559506416320801	neg	aff
A river is a waterway.	waterway	-3.833934783935547	aff	aff
A river is a mountain.	mountain	-4.712340831756592	aff	neg
A river is not a mountain.	mountain	-4.661460876464844	neg	neg
A river is not a waterway.	waterway	-3.8637263774871826	neg	aff
A girl is a person.	person	-4.555676460266113	aff	aff
A girl is a boy.	boy	-4.2339982986450195	aff	neg
A girl is not a boy.	boy	-3.4685192108154297	neg	neg
A girl is not a person.	person	-3.708786725997925	neg	aff
A steak is a food.	food	-5.160686492919922	aff	aff
A steak is a flower.	flower	-6.308952331542969	aff	neg
A steak is not a flower.	flower	-5.598931312561035	neg	neg
A steak is not a food.	food	-5.269908428192139	neg	aff
A shoe is a clothing.	clothing	-5.6501898765563965	aff	aff
A shoe is a furniture.	furniture	-5.269354820251465	aff	neg
A shoe is not a furniture.	furniture	-4.796018123626709	neg	neg
A shoe is not a clothing.	clothing	-4.839569091796875	neg	aff
A computer is an equipment.	equipment	-5.3094096183776855	aff	aff
A computer is a drink.	drink	-6.703129768371582	aff	neg
A computer is not a drink.	drink	-5.292837142944336	neg	neg
A computer is not an equipment.	equipment	-4.7851643562316895	neg	aff
A mouse is a rodent.	rodent	-3.7755918502807617	aff	aff
A mouse is a bird.	bird	-4.8315958976745605	aff	neg
A mouse is not a bird.	bird	-4.141477108001709	neg	neg
A mouse is not a rodent.	rodent	-3.7973930835723877	neg	aff
A nail is a metal.	metal	-4.841213226318359	aff	aff
A nail is a paper.	paper	-6.183843612670898	aff	neg
A nail is not a paper.	paper	-5.276281833648682	neg	neg
A nail is not a metal.	metal	-4.216124534606934	neg	aff
A driver is a person.	person	-4.937535762786865	aff	aff
A driver is a machine.	machine	-4.663710117340088	aff	neg
A driver is not a machine.	machine	-4.590273857116699	neg	neg
A driver is not a person.	person	-4.234964370727539	neg	aff
A lake is a pond.	pond	-4.1719207763671875	aff	aff
A lake is a mountain.	mountain	-4.877981185913086	aff	neg
A lake is not a mountain.	mountain	-4.43342399597168	neg	neg
A lake is not a pond.	pond	-4.028474807739258	neg	aff
A duck is an animal.	animal	-4.527150630950928	aff	aff
A duck is a fruit.	fruit	-5.493039131164551	aff	neg
A duck is not a fruit.	fruit	-4.845200538635254	neg	neg
A duck is not an animal.	animal	-4.045748710632324	neg	aff
A mackerel is a fish.	fish	-3.0277657508850098	aff	aff
A mackerel is a bird.	bird	-4.1483073234558105	aff	neg
A mackerel is not a bird.	bird	-3.846829652786255	neg	neg
A mackerel is not a fish.	fish	-3.3429970741271973	neg	aff
A vase is a decoration.	decoration	-5.421387672424316	aff	aff
A vase is a tool.	tool	-5.728565216064453	aff	neg
A vase is not a tool.	tool	-4.716795921325684	neg	neg
A vase is not a decoration.	decoration	-4.898426055908203	neg	aff
A cat is a carnivore.	carnivore	-3.0294694900512695	aff	aff
A cat is a herbivore.	herbivore	-3.1685709953308105	aff	neg
A cat is not a herbivore.	herbivore	-3.4171459674835205	neg	neg
A cat is not a carnivore.	carnivore	-3.7900524139404297	neg	aff
A school is a place.	place	-4.294020175933838	aff	aff
A school is a device.	device	-5.43202018737793	aff	neg
A school is not a device.	device	-5.81544828414917	neg	neg
A school is not a place.	place	-4.767895698547363	neg	aff
A python is a snake.	snake	-4.579958915710449	aff	aff
A python is a mammal.	mammal	-3.8974292278289795	aff	neg
A python is not a mammal.	mammal	-3.751197099685669	neg	neg
A python is not a snake.	snake	-4.226015567779541	neg	aff
A hawk is an animal.	animal	-4.7803239822387695	aff	aff
A hawk is a reptile.	reptile	-4.562469482421875	aff	neg
A hawk is not a reptile.	reptile	-4.61306095123291	neg	neg
A hawk is not an animal.	animal	-4.623732566833496	neg	aff
A beach is a place.	place	-4.767269611358643	aff	aff
A beach is an ocean.	ocean	-5.137988567352295	aff	neg
A beach is not an ocean.	ocean	-4.85712194442749	neg	neg
A beach is not a place.	place	-4.544638156890869	neg	aff
A carnation is a flower.	flower	-3.136531352996826	aff	aff
A carnation is a bee.	bee	-4.175565242767334	aff	neg
A carnation is not a bee.	bee	-4.3423614501953125	neg	neg
A carnation is not a flower.	flower	-3.495070457458496	neg	aff
A shoe is a footwear.	footwear	-4.864739894866943	aff	aff
A shoe is a tool.	tool	-5.232778549194336	aff	neg
A shoe is not a tool.	tool	-4.179056167602539	neg	neg
A shoe is not a footwear.	footwear	-4.401271343231201	neg	aff
A sailboat is a watercraft.	watercraft	-3.6731672286987305	aff	aff
A sailboat is a building.	building	-4.7931718826293945	aff	neg
A sailboat is not a building.	building	-4.342945098876953	neg	neg
A sailboat is not a watercraft.	watercraft	-3.9391872882843018	neg	aff
A clown is a performer.	performer	-5.552468776702881	aff	aff
A clown is a doctor.	doctor	-5.963781833648682	aff	neg
A clown is not a doctor.	doctor	-5.296456336975098	neg	neg
A clown is not a performer.	performer	-5.257565498352051	neg	aff
A dog is a pet.	pet	-4.512637615203857	aff	aff
A dog is a fruit.	fruit	-5.37261962890625	aff	neg
A dog is not a fruit.	fruit	-4.5058393478393555	neg	neg
A dog is not a pet.	pet	-4.158834457397461	neg	aff
A plate is an utensil.	utensil	-6.108949184417725	aff	aff
A plate is a toy.	toy	-6.284240245819092	aff	neg
A plate is not a toy.	toy	-4.851863384246826	neg	neg
A plate is not an utensil.	utensil	-5.351826190948486	neg	aff
A rose is a plant.	plant	-3.8972160816192627	aff	aff
A rose is a bird.	bird	-5.206586837768555	aff	neg
A rose is not a bird.	bird	-5.318045616149902	neg	neg
A rose is not a plant.	plant	-4.79095458984375	neg	aff
A vase is a container.	container	-5.122790813446045	aff	aff
A vase is a bird.	bird	-5.291970729827881	aff	neg
A vase is not a bird.	bird	-4.660300254821777	neg	neg
A vase is not a container.	container	-4.370349884033203	neg	aff
A linnet is a bird.	bird	-4.345767974853516	aff	aff
A linnet is a flower.	flower	-6.089529037475586	aff	neg
A linnet is not a flower.	flower	-5.384225368499756	neg	neg
A linnet is not a bird.	bird	-4.446816444396973	neg	aff
A wasp is an insect.	insect	-4.739058971405029	aff	aff
A wasp is a mammal.	mammal	-4.558682441711426	aff	neg
A wasp is not a mammal.	mammal	-4.348034858703613	neg	neg
A wasp is not an insect.	insect	-4.541924476623535	neg	aff
A jigsaw is a tool.	tool	-4.404054641723633	aff	aff
A jigsaw is a toy.	toy	-4.416056156158447	aff	neg
A jigsaw is not a toy.	toy	-4.015519142150879	neg	neg
A jigsaw is not a tool.	tool	-4.0879950523376465	neg	aff
A fig is a fruit.	fruit	-4.937434673309326	aff	aff
A fig is a chair.	chair	-7.345893383026123	aff	neg
A fig is not a chair.	chair	-6.050780773162842	neg	neg
A fig is not a fruit.	fruit	-4.8278703689575195	neg	aff
A sailboat is a vessel.	vessel	-4.254342079162598	aff	aff
A sailboat is a box.	box	-4.850567817687988	aff	neg
A sailboat is not a box.	box	-4.239965438842773	neg	neg
A sailboat is not a vessel.	vessel	-4.027003288269043	neg	aff
A sword is a weapon.	weapon	-4.064716339111328	aff	aff
A sword is a flower.	flower	-5.68934965133667	aff	neg
A sword is not a flower.	flower	-4.900384426116943	neg	neg
A sword is not a weapon.	weapon	-3.8144941329956055	neg	aff
A trumpet is an instrument.	instrument	-4.50407075881958	aff	aff
A trumpet is a rock.	rock	-6.217451572418213	aff	neg
A trumpet is not a rock.	rock	-5.397639274597168	neg	neg
A trumpet is not an instrument.	instrument	-4.417717933654785	neg	aff
A pot is a vessel.	vessel	-5.173564434051514	aff	aff
A pot is a tool.	tool	-5.25368595123291	aff	neg
A pot is not a tool.	tool	-4.306368350982666	neg	neg
A pot is not a vessel.	vessel	-4.16918420791626	neg	aff
A tomato is a fruit.	fruit	-3.9811017513275146	aff	aff
A tomato is a candy.	candy	-5.8694047927856445	aff	neg
A tomato is not a candy.	candy	-4.958516597747803	neg	neg
A tomato is not a fruit.	fruit	-4.104037284851074	neg	aff
A clock is a timepiece.	timepiece	-3.3244247436523438	aff	aff
A clock is a fruit.	fruit	-5.004321098327637	aff	neg
A clock is not a fruit.	fruit	-4.546972274780273	neg	neg
A clock is not a timepiece.	timepiece	-3.4092609882354736	neg	aff
An alligator is a reptile.	reptile	-2.7880966663360596	aff	aff
An alligator is a mammal.	mammal	-3.1085588932037354	aff	neg
An alligator is not a mammal.	mammal	-3.3564915657043457	neg	neg
An alligator is not a reptile.	reptile	-3.245370388031006	neg	aff
A strawberry is a fruit.	fruit	-4.24783992767334	aff	aff
A strawberry is a vegetable.	vegetable	-5.167539119720459	aff	neg
A strawberry is not a vegetable.	vegetable	-4.870364665985107	neg	neg
A strawberry is not a fruit.	fruit	-4.472993850708008	neg	aff
A eucalyptus is a tree.	tree	-2.547394275665283	aff	aff
A eucalyptus is a river.	river	-3.5881588459014893	aff	neg
A eucalyptus is not a river.	river	-3.3587212562561035	neg	neg
A eucalyptus is not a tree.	tree	-2.6102511882781982	neg	aff
A pony is an animal.	animal	-4.483606815338135	aff	aff
A pony is a fruit.	fruit	-5.922512054443359	aff	neg
A pony is not a fruit.	fruit	-5.128325462341309	neg	neg
A pony is not an animal.	animal	-4.287618160247803	neg	aff
A puppy is an animal.	animal	-5.047419548034668	aff	aff
A puppy is a human.	human	-5.382508754730225	aff	neg
A puppy is not a human.	human	-4.396709442138672	neg	neg
A puppy is not an animal.	animal	-4.147881031036377	neg	aff
A motorcycle is a vehicle.	vehicle	-4.849467754364014	aff	aff
A motorcycle is an animal.	animal	-5.330698013305664	aff	neg
A motorcycle is not an animal.	animal	-4.7126007080078125	neg	neg
A motorcycle is not a vehicle.	vehicle	-4.068265438079834	neg	aff
A zucchini is a vegetable.	vegetable	-3.69803786277771	aff	aff
A zucchini is a fruit.	fruit	-3.6558289527893066	aff	neg
A zucchini is not a fruit.	fruit	-3.872476816177368	neg	neg
A zucchini is not a vegetable.	vegetable	-3.6969492435455322	neg	aff
A lion is an animal.	animal	-4.623857021331787	aff	aff
A lion is a bird.	bird	-5.710672855377197	aff	neg
A lion is not a bird.	bird	-4.397360324859619	neg	neg
A lion is not an animal.	animal	-4.062941551208496	neg	aff
A hat is a clothing.	clothing	-5.884728908538818	aff	aff
A hat is a furniture.	furniture	-5.664384365081787	aff	neg
A hat is not a furniture.	furniture	-5.334600448608398	neg	neg
A hat is not a clothing.	clothing	-5.019469261169434	neg	aff
A glass is a material.	material	-4.54927396774292	aff	aff
A glass is a man.	man	-5.195903301239014	aff	neg
A glass is not a man.	man	-4.509657859802246	neg	neg
A glass is not a material.	material	-3.88598895072937	neg	aff
A pizza is a food.	food	-6.02742862701416	aff	aff
A pizza is a drink.	drink	-6.276893138885498	aff	neg
A pizza is not a drink.	drink	-5.006047248840332	neg	neg
A pizza is not a food.	food	-4.856334209442139	neg	aff
A game is an entertainment.	entertainment	-6.373911380767822	aff	aff
A game is a person.	person	-5.505716800689697	aff	neg
A game is not a person.	person	-5.239784240722656	neg	neg
A game is not an entertainment.	entertainment	-5.58398962020874	neg	aff
A leopard is an animal.	animal	-4.336909770965576	aff	aff
A leopard is an amphibian.	amphibian	-4.485472679138184	aff	neg
A leopard is not an amphibian.	amphibian	-4.223931312561035	neg	neg
A leopard is not an animal.	animal	-4.298978805541992	neg	aff
A giraffe is an animal.	animal	-3.193394184112549	aff	aff
A giraffe is an insect.	insect	-4.508050918579102	aff	neg
A giraffe is not an insect.	insect	-4.062019348144531	neg	neg
A giraffe is not an animal.	animal	-3.5135624408721924	neg	aff
A seal is a mammal.	mammal	-3.8173301219940186	aff	aff
A seal is a bird.	bird	-4.467713832855225	aff	neg
A seal is not a bird.	bird	-4.413877487182617	neg	neg
A seal is not a mammal.	mammal	-4.032186031341553	neg	aff
A ruler is a stationary.	stationary	-6.168955326080322	aff	aff
A ruler is a toy.	toy	-5.803917407989502	aff	neg
A ruler is not a toy.	toy	-4.260128021240234	neg	neg
A ruler is not a stationary.	stationary	-5.611901760101318	neg	aff
A phone is an electronics.	electronics	-6.265130519866943	aff	aff
A phone is a toy.	toy	-5.424684047698975	aff	neg
A phone is not a toy.	toy	-4.079171657562256	neg	neg
A phone is not an electronics.	electronics	-5.30119514465332	neg	aff
A cat is a predator.	predator	-4.068125247955322	aff	aff
A cat is a thing.	thing	-4.5162482261657715	aff	neg
A cat is not a thing.	thing	-4.205487251281738	neg	neg
A cat is not a predator.	predator	-4.462198257446289	neg	aff
A mineral is a thing.	thing	-5.247251987457275	aff	aff
A mineral is an animal.	animal	-5.586041450500488	aff	neg
A mineral is not an animal.	animal	-4.893855094909668	neg	neg
A mineral is not a thing.	thing	-4.712032318115234	neg	aff
A carrot is a food.	food	-4.8381667137146	aff	aff
A carrot is a fruit.	fruit	-4.55944299697876	aff	neg
A carrot is not a fruit.	fruit	-4.318011283874512	neg	neg
A carrot is not a food.	food	-4.712761878967285	neg	aff
An oak is a tree.	tree	-4.607685089111328	aff	aff
An oak is a flower.	flower	-5.380423545837402	aff	neg
An oak is not a flower.	flower	-4.439166069030762	neg	neg
An oak is not a tree.	tree	-3.8360180854797363	neg	aff
A beneficiary is a person.	person	-5.039163589477539	aff	aff
A beneficiary is a device.	device	-7.049924373626709	aff	neg
A beneficiary is not a device.	device	-5.337733268737793	neg	neg
A beneficiary is not a person.	person	-4.156167984008789	neg	aff
A doctor is a human.	human	-5.259632587432861	aff	aff
A doctor is a machine.	machine	-5.586689472198486	aff	neg
A doctor is not a machine.	machine	-4.601341247558594	neg	neg
A doctor is not a human.	human	-4.900153636932373	neg	aff
A teacher is a human.	human	-4.72454833984375	aff	aff
A teacher is a desk.	desk	-5.026867866516113	aff	neg
A teacher is not a desk.	desk	-4.624181747436523	neg	neg
A teacher is not a human.	human	-4.620146751403809	neg	aff
A student is a human.	human	-4.704685211181641	aff	aff
A student is a book.	book	-4.534924507141113	aff	neg
A student is not a book.	book	-4.179582118988037	neg	neg
A student is not a human.	human	-4.473086357116699	neg	aff
A horse is a herbivore.	herbivore	-3.6719539165496826	aff	aff
A horse is a mineral.	mineral	-6.225631237030029	aff	neg
A horse is not a mineral.	mineral	-5.255329608917236	neg	neg
A horse is not a herbivore.	herbivore	-3.83467173576355	neg	aff
A suit is a clothing.	clothing	-5.796393394470215	aff	aff
A suit is a house.	house	-6.794667720794678	aff	neg
A suit is not a house.	house	-5.102096080780029	neg	neg
A suit is not a clothing.	clothing	-5.097729682922363	neg	aff
A road is a structure.	structure	-5.740854740142822	aff	aff
A road is an animal.	animal	-5.174205303192139	aff	neg
A road is not an animal.	animal	-4.90043306350708	neg	neg
A road is not a structure.	structure	-4.9044342041015625	neg	aff
A roof is a structure.	structure	-5.2432451248168945	aff	aff
A roof is a toy.	toy	-6.538307189941406	aff	neg
A roof is not a toy.	toy	-5.413699150085449	neg	neg
A roof is not a structure.	structure	-4.7230682373046875	neg	aff
A mirror is a glass.	glass	-5.170228481292725	aff	aff
A mirror is a table.	table	-5.058320045471191	aff	neg
A mirror is not a table.	table	-4.628146648406982	neg	neg
A mirror is not a glass.	glass	-4.501473426818848	neg	aff
A mouse is a pest.	pest	-4.758322238922119	aff	aff
A mouse is a fish.	fish	-4.9238433837890625	aff	neg
A mouse is not a fish.	fish	-4.333036422729492	neg	neg
A mouse is not a pest.	pest	-4.652024745941162	neg	aff
A horse is a beast.	beast	-4.906959533691406	aff	aff
A horse is a lion.	lion	-5.267467498779297	aff	neg
A horse is not a lion.	lion	-4.656768798828125	neg	neg
A horse is not a beast.	beast	-4.526874542236328	neg	aff
A sparrow is an animal.	animal	-3.7753121852874756	aff	aff
A sparrow is a mammal.	mammal	-3.533304452896118	aff	neg
A sparrow is not a mammal.	mammal	-3.566781520843506	neg	neg
A sparrow is not an animal.	animal	-3.7862887382507324	neg	aff
A fish is a food.	food	-5.595101356506348	aff	aff
A fish is a mineral.	mineral	-5.968052387237549	aff	neg
A fish is not a mineral.	mineral	-5.169209957122803	neg	neg
A fish is not a food.	food	-4.939417362213135	neg	aff
A house is a residence.	residence	-4.292759895324707	aff	aff
A house is a furniture.	furniture	-5.179906368255615	aff	neg
A house is not a furniture.	furniture	-5.12809944152832	neg	neg
A house is not a residence.	residence	-4.522731781005859	neg	aff
A lamp is an electronics.	electronics	-6.267435073852539	aff	aff
A lamp is a room.	room	-5.3406829833984375	aff	neg
A lamp is not a room.	room	-4.501375198364258	neg	neg
A lamp is not an electronics.	electronics	-5.547688961029053	neg	aff
A cloud is a sky.	sky	-5.034736156463623	aff	aff
A cloud is a ground.	ground	-5.987505912780762	aff	neg
A cloud is not a ground.	ground	-5.046765327453613	neg	neg
A cloud is not a sky.	sky	-4.726700782775879	neg	aff
A school is an education.	education	-5.288594722747803	aff	aff
A school is a fruit.	fruit	-5.6904730796813965	aff	neg
A school is not a fruit.	fruit	-5.724957466125488	neg	neg
A school is not an education.	education	-5.434134483337402	neg	aff
An elephant is a herbivore.	herbivore	-3.088562250137329	aff	aff
An elephant is a plant.	plant	-3.873180866241455	aff	neg
An elephant is not a plant.	plant	-3.558177947998047	neg	neg
An elephant is not a herbivore.	herbivore	-3.1026611328125	neg	aff
A radish is a vegetable.	vegetable	-3.3820807933807373	aff	aff
A radish is a flower.	flower	-4.298457145690918	aff	neg
A radish is not a flower.	flower	-4.159112453460693	neg	neg
A radish is not a vegetable.	vegetable	-3.615037202835083	neg	aff
A rock is an aggregate.	aggregate	-5.891188144683838	aff	aff
A rock is a toy.	toy	-5.567724227905273	aff	neg
A rock is not a toy.	toy	-4.679183006286621	neg	neg
A rock is not an aggregate.	aggregate	-5.468611717224121	neg	aff
A tree is an organism.	organism	-4.513517379760742	aff	aff
A tree is a mammal.	mammal	-4.278285026550293	aff	neg
A tree is not a mammal.	mammal	-3.6461172103881836	neg	neg
A tree is not an organism.	organism	-4.048548698425293	neg	aff
A car is a transport.	transport	-4.99492073059082	aff	aff
A car is a horse.	horse	-5.280880928039551	aff	neg
A car is not a horse.	horse	-3.985419750213623	neg	neg
A car is not a transport.	transport	-4.954026222229004	neg	aff
An instrument is a tool.	tool	-4.107271671295166	aff	aff
An instrument is a place.	place	-5.37688684463501	aff	neg
An instrument is not a place.	place	-4.741649150848389	neg	neg
An instrument is not a tool.	tool	-3.9296622276306152	neg	aff
A plant is an organism.	organism	-4.008354663848877	aff	aff
A plant is a toy.	toy	-5.743627548217773	aff	neg
A plant is not a toy.	toy	-4.768604278564453	neg	neg
A plant is not an organism.	organism	-4.19471549987793	neg	aff
A wolf is an animal.	animal	-4.529004096984863	aff	aff
A wolf is a person.	person	-4.968324661254883	aff	neg
A wolf is not a person.	person	-4.175294876098633	neg	neg
A wolf is not an animal.	animal	-3.7049758434295654	neg	aff
A table is a surface.	surface	-4.356826305389404	aff	aff
A table is a house.	house	-5.061932563781738	aff	neg
A table is not a house.	house	-4.222376823425293	neg	neg
A table is not a surface.	surface	-4.278445720672607	neg	aff
A bear is an animal.	animal	-5.171141624450684	aff	aff
A bear is a human.	human	-5.9807353019714355	aff	neg
A bear is not a human.	human	-4.502350330352783	neg	neg
A bear is not an animal.	animal	-4.140376567840576	neg	aff
A horse is a vertebrate.	vertebrate	-4.92032527923584	aff	aff
A horse is a fish.	fish	-5.702439785003662	aff	neg
A horse is not a fish.	fish	-4.592903137207031	neg	neg
A horse is not a vertebrate.	vertebrate	-4.553438186645508	neg	aff
A plane is a transport.	transport	-5.568614482879639	aff	aff
A plane is a flower.	flower	-5.320152759552002	aff	neg
A plane is not a flower.	flower	-5.024393081665039	neg	neg
A plane is not a transport.	transport	-5.198958873748779	neg	aff
A carrot is a root.	root	-4.822179317474365	aff	aff
A carrot is a building.	building	-6.559520244598389	aff	neg
A carrot is not a building.	building	-5.312065124511719	neg	neg
A carrot is not a root.	root	-4.887585639953613	neg	aff
A cow is a pet.	pet	-5.10918664932251	aff	aff
A cow is an insect.	insect	-5.067225933074951	aff	neg
A cow is not an insect.	insect	-4.186120986938477	neg	neg
A cow is not a pet.	pet	-4.227128505706787	neg	aff
A carrot is a herb.	herb	-5.644436359405518	aff	aff
A carrot is a pest.	pest	-5.494296550750732	aff	neg
A carrot is not a pest.	pest	-5.323390960693359	neg	neg
A carrot is not a herb.	herb	-4.955453872680664	neg	aff
A vitamin is a nutrient.	nutrient	-3.945443868637085	aff	aff
A vitamin is a toxin.	toxin	-5.791450500488281	aff	neg
A vitamin is not a toxin.	toxin	-5.0382890701293945	neg	neg
A vitamin is not a nutrient.	nutrient	-4.359619140625	neg	aff
A bus is a transport.	transport	-5.380560398101807	aff	aff
A bus is an animal.	animal	-5.339543342590332	aff	neg
A bus is not an animal.	animal	-4.258037567138672	neg	neg
A bus is not a transport.	transport	-5.006638526916504	neg	aff
A store is a building.	building	-4.844936370849609	aff	aff
A store is a car.	car	-4.791071891784668	aff	neg
A store is not a car.	car	-5.119604110717773	neg	neg
A store is not a building.	building	-4.56514310836792	neg	aff
A sun is a star.	star	-4.494537353515625	aff	aff
A sun is a planet.	planet	-4.885251045227051	aff	neg
A sun is not a planet.	planet	-4.566845893859863	neg	neg
A sun is not a star.	star	-4.367898941040039	neg	aff
A maple is a tree.	tree	-5.606130599975586	aff	aff
A maple is a fruit.	fruit	-6.495752811431885	aff	neg
A maple is not a fruit.	fruit	-5.644016265869141	neg	neg
A maple is not a tree.	tree	-5.178926467895508	neg	aff
A plant is a lifeform.	lifeform	-4.342016696929932	aff	aff
A plant is a mineral.	mineral	-5.7921142578125	aff	neg
A plant is not a mineral.	mineral	-4.899332046508789	neg	neg
A plant is not a lifeform.	lifeform	-4.364081859588623	neg	aff
A giraffe is a herbivore.	herbivore	-2.5691866874694824	aff	aff
A giraffe is a rock.	rock	-4.377038955688477	aff	neg
A giraffe is not a rock.	rock	-4.3930840492248535	neg	neg
A giraffe is not a herbivore.	herbivore	-3.2571041584014893	neg	aff
A diamond is a gemstone.	gemstone	-4.14716100692749	aff	aff
A diamond is a tree.	tree	-5.233007907867432	aff	neg
A diamond is not a tree.	tree	-4.81671667098999	neg	neg
A diamond is not a gemstone.	gemstone	-4.017189025878906	neg	aff
A ruby is a gem.	gem	-5.006514072418213	aff	aff
A ruby is a metal.	metal	-5.350803375244141	aff	neg
A ruby is not a metal.	metal	-4.64202356338501	neg	neg
A ruby is not a gem.	gem	-4.501011848449707	neg	aff
A glock is a gun.	gun	-4.516558647155762	aff	aff
A glock is a toy.	toy	-5.870182037353516	aff	neg
A glock is not a toy.	toy	-4.72528076171875	neg	neg
A glock is not a gun.	gun	-4.1758036613464355	neg	aff
A cheetah is a carnivore.	carnivore	-2.7471723556518555	aff	aff
A cheetah is a plant.	plant	-4.160937786102295	aff	neg
A cheetah is not a plant.	plant	-3.8954684734344482	neg	neg
A cheetah is not a carnivore.	carnivore	-3.1507937908172607	neg	aff
A hippopotamus is a mammal.	mammal	-2.6969127655029297	aff	aff
A hippopotamus is a reptile.	reptile	-3.0688540935516357	aff	neg
A hippopotamus is not a reptile.	reptile	-3.133540630340576	neg	neg
A hippopotamus is not a mammal.	mammal	-2.9294941425323486	neg	aff
A cheetah is an animal.	animal	-3.0489213466644287	aff	aff
A cheetah is a bird.	bird	-3.8988089561462402	aff	neg
A cheetah is not a bird.	bird	-3.4319496154785156	neg	neg
A cheetah is not an animal.	animal	-3.3569273948669434	neg	aff
A tiger is a mammal.	mammal	-4.131251335144043	aff	aff
A tiger is a plant.	plant	-5.455506801605225	aff	neg
A tiger is not a plant.	plant	-4.712577819824219	neg	neg
A tiger is not a mammal.	mammal	-3.9576096534729004	neg	aff
A valley is a landform.	landform	-4.244044780731201	aff	aff
A valley is a house.	house	-6.034868240356445	aff	neg
A valley is not a house.	house	-4.9233198165893555	neg	neg
A valley is not a landform.	landform	-4.111322402954102	neg	aff
A sparrow is a bird.	bird	-3.444967269897461	aff	aff
A sparrow is a reptile.	reptile	-3.813187599182129	aff	neg
A sparrow is not a reptile.	reptile	-3.8451685905456543	neg	neg
A sparrow is not a bird.	bird	-3.4423999786376953	neg	aff
A computer is an electronic.	electronic	-4.948092937469482	aff	aff
A computer is an animal.	animal	-5.297976970672607	aff	neg
A computer is not an animal.	animal	-4.385634422302246	neg	neg
A computer is not an electronic.	electronic	-4.790862560272217	neg	aff
A coffee is a drink.	drink	-4.941479206085205	aff	aff
A coffee is a fruit.	fruit	-5.805278301239014	aff	neg
A coffee is not a fruit.	fruit	-4.934164524078369	neg	neg
A coffee is not a drink.	drink	-4.703150272369385	neg	aff
A juice is a drink.	drink	-5.191157817840576	aff	aff
A juice is a fruit.	fruit	-5.088898658752441	aff	neg
A juice is not a fruit.	fruit	-4.653822898864746	neg	neg
A juice is not a drink.	drink	-4.796090126037598	neg	aff
A guitar is an instrument.	instrument	-4.395328521728516	aff	aff
A guitar is a rock.	rock	-6.29365873336792	aff	neg
A guitar is not a rock.	rock	-4.9061126708984375	neg	neg
A guitar is not an instrument.	instrument	-3.9293460845947266	neg	aff
A drink is a fluid.	fluid	-4.9367570877075195	aff	aff
A drink is a gas.	gas	-5.222825050354004	aff	neg
A drink is not a gas.	gas	-5.255690097808838	neg	neg
A drink is not a fluid.	fluid	-5.112046241760254	neg	aff
A fish is a creature.	creature	-5.384033679962158	aff	aff
A fish is a building.	building	-5.730396747589111	aff	neg
A fish is not a building.	building	-5.022197246551514	neg	neg
A fish is not a creature.	creature	-4.62086820602417	neg	aff
A bird is a creature.	creature	-5.245689392089844	aff	aff
A bird is a reptile.	reptile	-4.619202613830566	aff	neg
A bird is not a reptile.	reptile	-4.088204860687256	neg	neg
A bird is not a creature.	creature	-4.40466833114624	neg	aff
An egg is a food.	food	-4.457131385803223	aff	aff
An egg is a drink.	drink	-5.216771602630615	aff	neg
An egg is not a drink.	drink	-4.492285251617432	neg	neg
An egg is not a food.	food	-4.1388959884643555	neg	aff
A credit-card is a plastic.	plastic	-6.382443904876709	aff	aff
A credit-card is a coin.	coin	-6.412574291229248	aff	neg
A credit-card is not a coin.	coin	-5.387403964996338	neg	neg
A credit-card is not a plastic.	plastic	-5.882653713226318	neg	aff
A hamburger is a food.	food	-5.155707836151123	aff	aff
A hamburger is a clothing.	clothing	-6.728909492492676	aff	neg
A hamburger is not a clothing.	clothing	-6.544089317321777	neg	neg
A hamburger is not a food.	food	-5.214993476867676	neg	aff
A bean is a food.	food	-5.713838577270508	aff	aff
A bean is a mineral.	mineral	-6.237887382507324	aff	neg
A bean is not a mineral.	mineral	-5.473340034484863	neg	neg
A bean is not a food.	food	-5.145843505859375	neg	aff
A jaguar is an animal.	animal	-3.3930814266204834	aff	aff
A jaguar is a plant.	plant	-4.509093284606934	aff	neg
A jaguar is not a plant.	plant	-4.371154308319092	neg	neg
A jaguar is not an animal.	animal	-3.7360846996307373	neg	aff
A man is a human.	human	-5.183493137359619	aff	aff
A man is a machine.	machine	-4.415584564208984	aff	neg
A man is not a machine.	machine	-4.340961456298828	neg	neg
A man is not a human.	human	-4.686203956604004	neg	aff
A sickle is a tool.	tool	-5.501864433288574	aff	aff
A sickle is a flower.	flower	-5.057278633117676	aff	neg
A sickle is not a flower.	flower	-4.8901567459106445	neg	neg
A sickle is not a tool.	tool	-5.057379722595215	neg	aff
A map is a document.	document	-5.184443473815918	aff	aff
A map is a story.	story	-5.085582733154297	aff	neg
A map is not a story.	story	-4.817082405090332	neg	neg
A map is not a document.	document	-4.26491117477417	neg	aff
A book is a story.	story	-4.701503753662109	aff	aff
A book is a fruit.	fruit	-5.058255672454834	aff	neg
A book is not a fruit.	fruit	-4.232633590698242	neg	neg
A book is not a story.	story	-3.955671787261963	neg	aff
A movie is a story.	story	-5.356698513031006	aff	aff
A movie is an animal.	animal	-5.6525774002075195	aff	neg
A movie is not an animal.	animal	-4.759591579437256	neg	neg
A movie is not a story.	story	-4.344722747802734	neg	aff
A cat is a pet.	pet	-3.881939649581909	aff	aff
A cat is an insect.	insect	-4.444343566894531	aff	neg
A cat is not an insect.	insect	-4.053779125213623	neg	neg
A cat is not a pet.	pet	-3.935086727142334	neg	aff
A lion is a mammal.	mammal	-4.176929473876953	aff	aff
A lion is an amphibian.	amphibian	-4.959129333496094	aff	neg
A lion is not an amphibian.	amphibian	-4.270201683044434	neg	neg
A lion is not a mammal.	mammal	-3.8772590160369873	neg	aff
A caterpillar is an insect.	insect	-3.636289119720459	aff	aff
A caterpillar is a mammal.	mammal	-4.053451061248779	aff	neg
A caterpillar is not a mammal.	mammal	-3.774717092514038	neg	neg
A caterpillar is not an insect.	insect	-3.5255110263824463	neg	aff
A man is a person.	person	-4.202906608581543	aff	aff
A man is an animal.	animal	-3.868664264678955	aff	neg
A man is not an animal.	animal	-4.078078269958496	neg	neg
A man is not a person.	person	-3.8354697227478027	neg	aff
A woman is a person.	person	-4.516056060791016	aff	aff
A woman is a thing.	thing	-5.096778392791748	aff	neg
A woman is not a thing.	thing	-4.535861015319824	neg	neg
A woman is not a person.	person	-3.949125289916992	neg	aff
A sock is a garment.	garment	-5.793389797210693	aff	aff
A sock is a person.	person	-4.874475002288818	aff	neg
A sock is not a person.	person	-4.356128692626953	neg	neg
A sock is not a garment.	garment	-4.5659685134887695	neg	aff
A student is a person.	person	-4.3800859451293945	aff	aff
A student is a thing.	thing	-4.80404806137085	aff	neg
A student is not a thing.	thing	-4.395756244659424	neg	neg
A student is not a person.	person	-3.851651191711426	neg	aff
A milk is a drink.	drink	-5.4802422523498535	aff	aff
A milk is a vegetable.	vegetable	-5.985605716705322	aff	neg
A milk is not a vegetable.	vegetable	-4.9160966873168945	neg	neg
A milk is not a drink.	drink	-4.847476959228516	neg	aff
A water is a drink.	drink	-5.847599983215332	aff	aff
A water is a gas.	gas	-5.343629360198975	aff	neg
A water is not a gas.	gas	-4.814398288726807	neg	neg
A water is not a drink.	drink	-5.192196369171143	neg	aff
A pearl is a jewel.	jewel	-5.2637248039245605	aff	aff
A pearl is a tree.	tree	-5.77524995803833	aff	neg
A pearl is not a tree.	tree	-5.134577751159668	neg	neg
A pearl is not a jewel.	jewel	-4.889865398406982	neg	aff
A ficus is a tree.	tree	-4.162607192993164	aff	aff
A ficus is a flower.	flower	-4.792544364929199	aff	neg
A ficus is not a flower.	flower	-4.100741863250732	neg	neg
A ficus is not a tree.	tree	-3.885772943496704	neg	aff
A crane is a bird.	bird	-5.77506685256958	aff	aff
A crane is a flower.	flower	-5.966041564941406	aff	neg
A crane is not a flower.	flower	-5.299269199371338	neg	neg
A crane is not a bird.	bird	-4.9558329582214355	neg	aff
A jaguar is a cat.	cat	-3.4930121898651123	aff	aff
A jaguar is a reptile.	reptile	-3.452495574951172	aff	neg
A jaguar is not a reptile.	reptile	-3.6227662563323975	neg	neg
A jaguar is not a cat.	cat	-3.81221079826355	neg	aff
A sneaker is a shoe.	shoe	-3.5643558502197266	aff	aff
A sneaker is a mineral.	mineral	-5.280327320098877	aff	neg
A sneaker is not a mineral.	mineral	-4.605048656463623	neg	neg
A sneaker is not a shoe.	shoe	-3.5755066871643066	neg	aff
A volleyball is a ball.	ball	-4.379110813140869	aff	aff
A volleyball is a tool.	tool	-5.8188395500183105	aff	neg
A volleyball is not a tool.	tool	-4.499307632446289	neg	neg
A volleyball is not a ball.	ball	-3.8536365032196045	neg	aff
A train is a machine.	machine	-5.6967082023620605	aff	aff
A train is a weapon.	weapon	-5.808085918426514	aff	neg
A train is not a weapon.	weapon	-4.512434005737305	neg	neg
A train is not a machine.	machine	-3.9823532104492188	neg	aff
A college is an institution.	institution	-5.285800933837891	aff	aff
A college is a creature.	creature	-6.04303503036499	aff	neg
A college is not a creature.	creature	-5.943826198577881	neg	neg
A college is not an institution.	institution	-4.790078163146973	neg	aff
A child is a person.	person	-4.093545436859131	aff	aff
A child is an adult.	adult	-4.692718505859375	aff	neg
A child is not an adult.	adult	-3.93493914604187	neg	neg
A child is not a person.	person	-3.6567554473876953	neg	aff
A spy is a person.	person	-5.153157711029053	aff	aff
A spy is a thing.	thing	-5.6992387771606445	aff	neg
A spy is not a thing.	thing	-5.047224044799805	neg	neg
A spy is not a person.	person	-4.480004787445068	neg	aff
A hunter is a person.	person	-5.4408650398254395	aff	aff
A hunter is an animal.	animal	-5.366896152496338	aff	neg
A hunter is not an animal.	animal	-4.320371627807617	neg	neg
A hunter is not a person.	person	-4.393675804138184	neg	aff
A musician is a person.	person	-5.374772071838379	aff	aff
A musician is an animal.	animal	-5.483838081359863	aff	neg
A musician is not an animal.	animal	-4.923362731933594	neg	neg
A musician is not a person.	person	-4.3804779052734375	neg	aff
A machine is a thing.	thing	-5.009261608123779	aff	aff
A machine is a person.	person	-4.986185073852539	aff	neg
A machine is not a person.	person	-4.109724998474121	neg	neg
A machine is not a thing.	thing	-4.244633674621582	neg	aff
A scientist is a person.	person	-4.452347278594971	aff	aff
A scientist is a computer.	computer	-4.670833110809326	aff	neg
A scientist is not a computer.	computer	-4.544844150543213	neg	neg
A scientist is not a person.	person	-4.086570739746094	neg	aff
A professor is a person.	person	-5.040212154388428	aff	aff
A professor is a building.	building	-5.57484769821167	aff	neg
A professor is not a building.	building	-4.957894325256348	neg	neg
A professor is not a person.	person	-4.025046348571777	neg	aff
A kitten is an animal.	animal	-5.279518127441406	aff	aff
A kitten is a plant.	plant	-6.225810527801514	aff	neg
A kitten is not a plant.	plant	-5.0163445472717285	neg	neg
A kitten is not an animal.	animal	-4.224469184875488	neg	aff
A piano is an instrument.	instrument	-4.296693325042725	aff	aff
A piano is a drink.	drink	-6.536144256591797	aff	neg
A piano is not a drink.	drink	-5.072117805480957	neg	neg
A piano is not an instrument.	instrument	-3.7818093299865723	neg	aff
A ship is a vessel.	vessel	-4.443729400634766	aff	aff
A ship is a mineral.	mineral	-6.240824222564697	aff	neg
A ship is not a mineral.	mineral	-4.957545280456543	neg	neg
A ship is not a vessel.	vessel	-3.9659900665283203	neg	aff
A noun is a word.	word	-3.7215335369110107	aff	aff
A noun is a verb.	verb	-4.1160993576049805	aff	neg
A noun is not a verb.	verb	-3.701012134552002	neg	neg
A noun is not a word.	word	-3.9985673427581787	neg	aff
An adjective is a word.	word	-3.870119094848633	aff	aff
An adjective is a verb.	verb	-3.814952850341797	aff	neg
An adjective is not a verb.	verb	-3.5551486015319824	neg	neg
An adjective is not a word.	word	-3.5981357097625732	neg	aff
A pronoun is a word.	word	-3.951481580734253	aff	aff
A pronoun is a verb.	verb	-4.152132987976074	aff	neg
A pronoun is not a verb.	verb	-3.601769208908081	neg	neg
A pronoun is not a word.	word	-3.4589128494262695	neg	aff
A verb is a word.	word	-4.535191535949707	aff	aff
A verb is a noun.	noun	-3.72355318069458	aff	neg
A verb is not a noun.	noun	-3.65256929397583	neg	neg
A verb is not a word.	word	-3.9464874267578125	neg	aff
An adverb is a word.	word	-3.736168622970581	aff	aff
An adverb is a noun.	noun	-3.627863645553589	aff	neg
An adverb is not a noun.	noun	-3.173262119293213	neg	neg
An adverb is not a word.	word	-3.3974921703338623	neg	aff
A screwdriver is a tool.	tool	-3.4648940563201904	aff	aff
A screwdriver is a vegetable.	vegetable	-5.0308122634887695	aff	neg
A screwdriver is not a vegetable.	vegetable	-4.131802082061768	neg	neg
A screwdriver is not a tool.	tool	-3.231264591217041	neg	aff
A shack is a building.	building	-5.007637023925781	aff	aff
A shack is a bird.	bird	-6.711413860321045	aff	neg
A shack is not a bird.	bird	-5.4149909019470215	neg	neg
A shack is not a building.	building	-4.353295803070068	neg	aff
A toaster is an appliance.	appliance	-4.677777290344238	aff	aff
A toaster is a toy.	toy	-5.3198137283325195	aff	neg
A toaster is not a toy.	toy	-4.481194972991943	neg	neg
A toaster is not an appliance.	appliance	-4.360818862915039	neg	aff
A microwave is an appliance.	appliance	-5.115057945251465	aff	aff
A microwave is a plant.	plant	-5.9889445304870605	aff	neg
A microwave is not a plant.	plant	-5.223257064819336	neg	neg
A microwave is not an appliance.	appliance	-4.608057975769043	neg	aff
A coffeemaker is an appliance.	appliance	-4.100857734680176	aff	aff
A coffeemaker is a food.	food	-4.960782051086426	aff	neg
A coffeemaker is not a food.	food	-4.412102699279785	neg	neg
A coffeemaker is not an appliance.	appliance	-3.939426898956299	neg	aff
A sofa is a furniture.	furniture	-5.077723979949951	aff	aff
A sofa is a toy.	toy	-5.3432793617248535	aff	neg
A sofa is not a toy.	toy	-4.660759925842285	neg	neg
A sofa is not a furniture.	furniture	-4.90059232711792	neg	aff
A lantern is a light.	light	-4.965882778167725	aff	aff
A lantern is a food.	food	-5.934926986694336	aff	neg
A lantern is not a food.	food	-5.267744064331055	neg	neg
A lantern is not a light.	light	-4.657538414001465	neg	aff
A hospital is a building.	building	-4.9179301261901855	aff	aff
A hospital is a river.	river	-5.8162994384765625	aff	neg
A hospital is not a river.	river	-5.574454307556152	neg	neg
A hospital is not a building.	building	-4.633754253387451	neg	aff
A lock is a device.	device	-4.401309967041016	aff	aff
A lock is a garment.	garment	-6.06849479675293	aff	neg
A lock is not a garment.	garment	-5.597985744476318	neg	neg
A lock is not a device.	device	-4.824075222015381	neg	aff
A suit is a garment.	garment	-4.9929118156433105	aff	aff
A suit is a tool.	tool	-6.3576884269714355	aff	neg
A suit is not a tool.	tool	-5.090389251708984	neg	neg
A suit is not a garment.	garment	-4.638174057006836	neg	aff
A clamp is a tool.	tool	-5.349069595336914	aff	aff
A clamp is a mineral.	mineral	-7.163747310638428	aff	neg
A clamp is not a mineral.	mineral	-5.943551540374756	neg	neg
A clamp is not a tool.	tool	-4.867016792297363	neg	aff
A ruby is a mineral.	mineral	-5.291417598724365	aff	aff
A ruby is a toy.	toy	-6.261098384857178	aff	neg
A ruby is not a toy.	toy	-4.8276262283325195	neg	neg
A ruby is not a mineral.	mineral	-4.779575347900391	neg	aff
A doll is a toy.	toy	-4.428860664367676	aff	aff
A doll is a creature.	creature	-5.407599925994873	aff	neg
A doll is not a creature.	creature	-4.7780256271362305	neg	neg
A doll is not a toy.	toy	-3.970816135406494	neg	aff
A dog is a creature.	creature	-5.113558292388916	aff	aff
A dog is a building.	building	-5.290680885314941	aff	neg
A dog is not a building.	building	-4.661894798278809	neg	neg
A dog is not a creature.	creature	-4.381187915802002	neg	aff
A sandwich is a food.	food	-4.588603496551514	aff	aff
A sandwich is a tool.	tool	-5.905306816101074	aff	neg
A sandwich is not a tool.	tool	-5.260776042938232	neg	neg
A sandwich is not a food.	food	-4.7495574951171875	neg	aff
A cake is a dessert.	dessert	-5.337945461273193	aff	aff
A cake is a toy.	toy	-6.53412389755249	aff	neg
A cake is not a toy.	toy	-5.116601943969727	neg	neg
A cake is not a dessert.	dessert	-4.521258354187012	neg	aff
A raccoon is an animal.	animal	-3.621443748474121	aff	aff
A raccoon is a bird.	bird	-4.070341110229492	aff	neg
A raccoon is not a bird.	bird	-3.8256523609161377	neg	neg
A raccoon is not an animal.	animal	-3.7268893718719482	neg	aff
A hut is a building.	building	-5.247615814208984	aff	aff
A hut is an insect.	insect	-6.7376909255981445	aff	neg
A hut is not an insect.	insect	-5.678553581237793	neg	neg
A hut is not a building.	building	-4.662013530731201	neg	aff
A penguin is an animal.	animal	-3.679020643234253	aff	aff
A penguin is a plant.	plant	-4.858257293701172	aff	neg
A penguin is not a plant.	plant	-4.051820278167725	neg	neg
A penguin is not an animal.	animal	-3.415072441101074	neg	aff
A book is a media.	media	-5.437183856964111	aff	aff
A book is an instrument.	instrument	-5.4244232177734375	aff	neg
A book is not an instrument.	instrument	-4.486908435821533	neg	neg
A book is not a media.	media	-4.924759864807129	neg	aff
A bridge is a structure.	structure	-4.566181182861328	aff	aff
A bridge is a toy.	toy	-6.286065578460693	aff	neg
A bridge is not a toy.	toy	-4.5756025314331055	neg	neg
A bridge is not a structure.	structure	-4.293867111206055	neg	aff
A badger is an animal.	animal	-3.5353550910949707	aff	aff
A badger is a plant.	plant	-4.528328895568848	aff	neg
A badger is not a plant.	plant	-4.298530101776123	neg	neg
A badger is not an animal.	animal	-3.852595567703247	neg	aff
A pulley is a machine.	machine	-3.7298622131347656	aff	aff
A pulley is a person.	person	-5.046929359436035	aff	neg
A pulley is not a person.	person	-4.226070880889893	neg	neg
A pulley is not a machine.	machine	-3.4198191165924072	neg	aff
A sapphire is a mineral.	mineral	-3.689992666244507	aff	aff
A sapphire is a gas.	gas	-5.24879264831543	aff	neg
A sapphire is not a gas.	gas	-4.63620138168335	neg	neg
A sapphire is not a mineral.	mineral	-3.826568126678467	neg	aff
A possum is an animal.	animal	-3.7962327003479004	aff	aff
A possum is a plant.	plant	-4.731068134307861	aff	neg
A possum is not a plant.	plant	-4.194611549377441	neg	neg
A possum is not an animal.	animal	-3.795825242996216	neg	aff
A panther is an animal.	animal	-3.6016416549682617	aff	aff
A panther is a toy.	toy	-5.16025972366333	aff	neg
A panther is not a toy.	toy	-4.550721645355225	neg	neg
A panther is not an animal.	animal	-3.8282642364501953	neg	aff
A hamster is an animal.	animal	-3.374262571334839	aff	aff
A hamster is a person.	person	-4.311810493469238	aff	neg
A hamster is not a person.	person	-3.7847933769226074	neg	neg
A hamster is not an animal.	animal	-3.56752347946167	neg	aff
A tractor is a vehicle.	vehicle	-5.003501892089844	aff	aff
A tractor is a toy.	toy	-5.84795618057251	aff	neg
A tractor is not a toy.	toy	-4.468414783477783	neg	neg
A tractor is not a vehicle.	vehicle	-4.24308967590332	neg	aff
A basil is a plant.	plant	-5.098683834075928	aff	aff
A basil is a tool.	tool	-6.8251848220825195	aff	neg
A basil is not a tool.	tool	-5.846229553222656	neg	neg
A basil is not a plant.	plant	-4.926784038543701	neg	aff
A play is a drama.	drama	-6.018242835998535	aff	aff
A play is a person.	person	-6.467936992645264	aff	neg
A play is not a person.	person	-5.429242134094238	neg	neg
A play is not a drama.	drama	-5.306851387023926	neg	aff
A raspberry is a fruit.	fruit	-4.7282490730285645	aff	aff
A raspberry is a vegetable.	vegetable	-5.306039810180664	aff	neg
A raspberry is not a vegetable.	vegetable	-4.667936325073242	neg	neg
A raspberry is not a fruit.	fruit	-4.401202201843262	neg	aff
A canal is a waterway.	waterway	-3.782487392425537	aff	aff
A canal is a road.	road	-5.01668643951416	aff	neg
A canal is not a road.	road	-4.413952827453613	neg	neg
A canal is not a waterway.	waterway	-3.9839870929718018	neg	aff
A flute is an instrument.	instrument	-4.526745796203613	aff	aff
A flute is a toy.	toy	-6.498218536376953	aff	neg
A flute is not a toy.	toy	-4.699629783630371	neg	neg
A flute is not an instrument.	instrument	-4.209160804748535	neg	aff
A swallow is a bird.	bird	-3.836503267288208	aff	aff
A swallow is a mammal.	mammal	-4.046073913574219	aff	neg
A swallow is not a mammal.	mammal	-4.360824108123779	neg	neg
A swallow is not a bird.	bird	-4.077517509460449	neg	aff
A platypus is a mammal.	mammal	-2.3043620586395264	aff	aff
A platypus is a reptile.	reptile	-2.5797295570373535	aff	neg
A platypus is not a reptile.	reptile	-2.8509628772735596	neg	neg
A platypus is not a mammal.	mammal	-2.606022357940674	neg	aff
A squirrel is a mammal.	mammal	-5.061862945556641	aff	aff
A squirrel is an insect.	insect	-5.732740879058838	aff	neg
A squirrel is not an insect.	insect	-5.008824348449707	neg	neg
A squirrel is not a mammal.	mammal	-4.501745223999023	neg	aff
An antelope is an animal.	animal	-4.26539945602417	aff	aff
An antelope is a flower.	flower	-5.3296966552734375	aff	neg
An antelope is not a flower.	flower	-4.82041072845459	neg	neg
An antelope is not an animal.	animal	-3.845010995864868	neg	aff
An ant is an animal.	animal	-4.25780725479126	aff	aff
An ant is a vegetable.	vegetable	-5.388155460357666	aff	neg
An ant is not a vegetable.	vegetable	-4.854788303375244	neg	neg
An ant is not an animal.	animal	-4.27829647064209	neg	aff
A stag is an animal.	animal	-5.015839576721191	aff	aff
A stag is a building.	building	-6.447575569152832	aff	neg
A stag is not a building.	building	-5.753892421722412	neg	neg
A stag is not an animal.	animal	-4.656680107116699	neg	aff
A bumblebee is an insect.	insect	-3.1011557579040527	aff	aff
A bumblebee is a toy.	toy	-4.581084728240967	aff	neg
A bumblebee is not a toy.	toy	-3.9668829441070557	neg	neg
A bumblebee is not an insect.	insect	-3.17022967338562	neg	aff
A van is a vehicle.	vehicle	-6.469535827636719	aff	aff
A van is a device.	device	-8.297571182250977	aff	neg
A van is not a device.	device	-6.307903289794922	neg	neg
A van is not a vehicle.	vehicle	-5.186990737915039	neg	aff
A bat is an animal.	animal	-3.595365285873413	aff	aff
A bat is a furniture.	furniture	-6.1402506828308105	aff	neg
A bat is not a furniture.	furniture	-5.353645324707031	neg	neg
A bat is not an animal.	animal	-4.00514554977417	neg	aff
A bed is a furniture.	furniture	-5.302847385406494	aff	aff
A bed is a toy.	toy	-5.630650520324707	aff	neg
A bed is not a toy.	toy	-4.556066513061523	neg	neg
A bed is not a furniture.	furniture	-4.869041442871094	neg	aff
A pencil is an instrument.	instrument	-4.890809059143066	aff	aff
A pencil is an animal.	animal	-4.688732147216797	aff	neg
A pencil is not an animal.	animal	-4.118924617767334	neg	neg
A pencil is not an instrument.	instrument	-4.019358158111572	neg	aff
A computer is a device.	device	-4.005002498626709	aff	aff
A computer is a fruit.	fruit	-5.980255126953125	aff	neg
A computer is not a fruit.	fruit	-4.833609580993652	neg	neg
A computer is not a device.	device	-3.807504653930664	neg	aff
A watch is a gadget.	gadget	-6.036457061767578	aff	aff
A watch is an animal.	animal	-6.908595561981201	aff	neg
A watch is not an animal.	animal	-4.955949783325195	neg	neg
A watch is not a gadget.	gadget	-5.038966655731201	neg	aff
A cake is a sweet.	sweet	-6.956846714019775	aff	aff
A cake is a vegetable.	vegetable	-6.677159309387207	aff	neg
A cake is not a vegetable.	vegetable	-4.887302398681641	neg	neg
A cake is not a sweet.	sweet	-5.320381164550781	neg	aff
A lever is a machine.	machine	-4.254823684692383	aff	aff
A lever is a toy.	toy	-5.778970718383789	aff	neg
A lever is not a toy.	toy	-4.824203968048096	neg	neg
A lever is not a machine.	machine	-4.116296768188477	neg	aff
A shark is an animal.	animal	-4.7473464012146	aff	aff
A shark is a toy.	toy	-6.178459167480469	aff	neg
A shark is not a toy.	toy	-5.152156829833984	neg	neg
A shark is not an animal.	animal	-4.361877918243408	neg	aff
A ruby is a gemstone.	gemstone	-3.989957332611084	aff	aff
A ruby is a plant.	plant	-4.877340793609619	aff	neg
A ruby is not a plant.	plant	-4.5102691650390625	neg	neg
A ruby is not a gemstone.	gemstone	-3.7765793800354004	neg	aff
An armchair is a furniture.	furniture	-4.133003234863281	aff	aff
An armchair is a tool.	tool	-4.345780849456787	aff	neg
An armchair is not a tool.	tool	-3.7528514862060547	neg	neg
An armchair is not a furniture.	furniture	-4.019479274749756	neg	aff
A stencil is a tool.	tool	-5.51426887512207	aff	aff
A stencil is a furniture.	furniture	-6.767309665679932	aff	neg
A stencil is not a furniture.	furniture	-6.058174133300781	neg	neg
A stencil is not a tool.	tool	-5.134092807769775	neg	aff
An earphone is an electronics.	electronics	-5.189087867736816	aff	aff
An earphone is a tool.	tool	-4.553700923919678	aff	neg
An earphone is not a tool.	tool	-4.059164047241211	neg	neg
An earphone is not an electronics.	electronics	-4.636336326599121	neg	aff
A skateboard is a sport.	sport	-4.941404819488525	aff	aff
A skateboard is a game.	game	-5.704696178436279	aff	neg
A skateboard is not a game.	game	-5.0399250984191895	neg	neg
A skateboard is not a sport.	sport	-4.637551307678223	neg	aff
A brick is a material.	material	-4.848494052886963	aff	aff
A brick is a flower.	flower	-5.306886196136475	aff	neg
A brick is not a flower.	flower	-4.732038497924805	neg	neg
A brick is not a material.	material	-4.524860382080078	neg	aff
A windmill is a machine.	machine	-3.54219126701355	aff	aff
A windmill is a mammal.	mammal	-4.375574111938477	aff	neg
A windmill is not a mammal.	mammal	-3.8975353240966797	neg	neg
A windmill is not a machine.	machine	-3.500103712081909	neg	aff
A tree is a plant.	plant	-4.613763809204102	aff	aff
A tree is a mineral.	mineral	-6.495672702789307	aff	neg
A tree is not a mineral.	mineral	-4.520096778869629	neg	neg
A tree is not a plant.	plant	-3.4403538703918457	neg	aff
A rock is a stone.	stone	-4.82108211517334	aff	aff
A rock is a tree.	tree	-5.554955959320068	aff	neg
A rock is not a tree.	tree	-4.717967510223389	neg	neg
A rock is not a stone.	stone	-4.407740592956543	neg	aff
A mole is a mammal.	mammal	-4.896596908569336	aff	aff
A mole is a fish.	fish	-5.736170291900635	aff	neg
A mole is not a fish.	fish	-4.748427867889404	neg	neg
A mole is not a mammal.	mammal	-4.145443916320801	neg	aff
A movie is a media.	media	-6.398400783538818	aff	aff
A movie is a food.	food	-6.064544200897217	aff	neg
A movie is not a food.	food	-4.618567943572998	neg	neg
A movie is not a media.	media	-5.19529390335083	neg	aff
A paperback is a book.	book	-5.921548366546631	aff	aff
A paperback is a movie.	movie	-6.909265041351318	aff	neg
A paperback is not a movie.	movie	-5.791620254516602	neg	neg
A paperback is not a book.	book	-4.969346523284912	neg	aff
A tower is a structure.	structure	-5.139130592346191	aff	aff
A tower is a cave.	cave	-6.310792446136475	aff	neg
A tower is not a cave.	cave	-5.386533260345459	neg	neg
A tower is not a structure.	structure	-4.853137969970703	neg	aff
An asylum is an institution.	institution	-5.713761329650879	aff	aff
An asylum is a game.	game	-6.6119384765625	aff	neg
An asylum is not a game.	game	-5.218818664550781	neg	neg
An asylum is not an institution.	institution	-4.652534484863281	neg	aff
A rice is a grain.	grain	-5.202337265014648	aff	aff
A rice is a fish.	fish	-5.864500999450684	aff	neg
A rice is not a fish.	fish	-5.067082405090332	neg	neg
A rice is not a grain.	grain	-4.830650806427002	neg	aff
A soup is a food.	food	-5.324986457824707	aff	aff
A soup is a plant.	plant	-5.545499324798584	aff	neg
A soup is not a plant.	plant	-5.347118377685547	neg	neg
A soup is not a food.	food	-4.975224494934082	neg	aff
A ship is a vehicle.	vehicle	-4.979493141174316	aff	aff
A ship is a toy.	toy	-5.375486373901367	aff	neg
A ship is not a toy.	toy	-4.3624982833862305	neg	neg
A ship is not a vehicle.	vehicle	-4.0537824630737305	neg	aff
A blueberry is a fruit.	fruit	-3.609612464904785	aff	aff
A blueberry is a flower.	flower	-4.497306823730469	aff	neg
A blueberry is not a flower.	flower	-4.341204643249512	neg	neg
A blueberry is not a fruit.	fruit	-3.8341715335845947	neg	aff
A shirt is a clothing.	clothing	-6.409423828125	aff	aff
A shirt is a food.	food	-6.8639984130859375	aff	neg
A shirt is not a food.	food	-4.887298107147217	neg	neg
A shirt is not a clothing.	clothing	-4.736109733581543	neg	aff
A dandelion is a flower.	flower	-3.1956918239593506	aff	aff
A dandelion is a tree.	tree	-4.239469528198242	aff	neg
A dandelion is not a tree.	tree	-3.831051826477051	neg	neg
A dandelion is not a flower.	flower	-3.538541078567505	neg	aff
A perfume is a liquid.	liquid	-5.964832782745361	aff	aff
A perfume is a solid.	solid	-6.63247537612915	aff	neg
A perfume is not a solid.	solid	-5.617993354797363	neg	neg
A perfume is not a liquid.	liquid	-5.31873893737793	neg	aff
A cabbage is a vegetable.	vegetable	-4.539879322052002	aff	aff
A cabbage is a furniture.	furniture	-7.396145820617676	aff	neg
A cabbage is not a furniture.	furniture	-6.3035688400268555	neg	neg
A cabbage is not a vegetable.	vegetable	-4.402049541473389	neg	aff
A pasta is a dish.	dish	-4.856851100921631	aff	aff
A pasta is a building.	building	-6.229381561279297	aff	neg
A pasta is not a building.	building	-5.300235748291016	neg	neg
A pasta is not a dish.	dish	-4.372886657714844	neg	aff
A brownie is a dessert.	dessert	-4.113862991333008	aff	aff
A brownie is a fruit.	fruit	-5.084414005279541	aff	neg
A brownie is not a fruit.	fruit	-4.292962551116943	neg	neg
A brownie is not a dessert.	dessert	-4.104544162750244	neg	aff
A lounge is a room.	room	-5.450172424316406	aff	aff
A lounge is a machine.	machine	-6.915103435516357	aff	neg
A lounge is not a machine.	machine	-5.700278282165527	neg	neg
A lounge is not a room.	room	-4.791796684265137	neg	aff
A beach is a coastline.	coastline	-5.036959648132324	aff	aff
A beach is a forest.	forest	-5.152870178222656	aff	neg
A beach is not a forest.	forest	-4.896844863891602	neg	neg
A beach is not a coastline.	coastline	-5.112797260284424	neg	aff
A chicken is a food.	food	-5.706939220428467	aff	aff
A chicken is a fruit.	fruit	-5.461078643798828	aff	neg
A chicken is not a fruit.	fruit	-4.746644973754883	neg	neg
A chicken is not a food.	food	-5.0544939041137695	neg	aff
A koala is an animal.	animal	-3.3153128623962402	aff	aff
A koala is a mineral.	mineral	-5.76953649520874	aff	neg
A koala is not a mineral.	mineral	-5.581064701080322	neg	neg
A koala is not an animal.	animal	-4.032516002655029	neg	aff
An ostrich is a bird.	bird	-2.8089561462402344	aff	aff
An ostrich is a mammal.	mammal	-2.7205686569213867	aff	neg
An ostrich is not a mammal.	mammal	-3.02229380607605	neg	neg
An ostrich is not a bird.	bird	-3.0474767684936523	neg	aff
A salad is a food.	food	-5.137302398681641	aff	aff
A salad is a drink.	drink	-5.460053443908691	aff	neg
A salad is not a drink.	drink	-5.210972309112549	neg	neg
A salad is not a food.	food	-4.997730731964111	neg	aff
A pineapple is a fruit.	fruit	-3.343290328979492	aff	aff
A pineapple is a vegetable.	vegetable	-4.536998748779297	aff	neg
A pineapple is not a vegetable.	vegetable	-4.3272600173950195	neg	neg
A pineapple is not a fruit.	fruit	-3.9048640727996826	neg	aff
An eagle is a bird.	bird	-4.0388407707214355	aff	aff
An eagle is a plant.	plant	-5.851706027984619	aff	neg
An eagle is not a plant.	plant	-4.544126510620117	neg	neg
An eagle is not a bird.	bird	-3.4292848110198975	neg	aff
A bicycle is a transport.	transport	-5.0859270095825195	aff	aff
A bicycle is a gemstone.	gemstone	-5.951698303222656	aff	neg
A bicycle is not a gemstone.	gemstone	-4.607786655426025	neg	neg
A bicycle is not a transport.	transport	-5.0237956047058105	neg	aff
An iodine is an element.	element	-4.477099895477295	aff	aff
An iodine is a mineral.	mineral	-5.0936279296875	aff	neg
An iodine is not a mineral.	mineral	-4.814846992492676	neg	neg
An iodine is not an element.	element	-4.399550437927246	neg	aff
A carbon is an element.	element	-5.267337799072266	aff	aff
A carbon is a device.	device	-7.007477760314941	aff	neg
A carbon is not a device.	device	-6.023501873016357	neg	neg
A carbon is not an element.	element	-4.995265483856201	neg	aff
A salt is a mineral.	mineral	-4.732790470123291	aff	aff
A salt is a toy.	toy	-6.730307102203369	aff	neg
A salt is not a toy.	toy	-5.570926666259766	neg	neg
A salt is not a mineral.	mineral	-4.4713873863220215	neg	aff
A methane is a gas.	gas	-5.6279706954956055	aff	aff
A methane is a liquid.	liquid	-5.991439342498779	aff	neg
A methane is not a liquid.	liquid	-5.498259544372559	neg	neg
A methane is not a gas.	gas	-5.259080410003662	neg	aff
A ladder is a tool.	tool	-4.877359867095947	aff	aff
A ladder is a toy.	toy	-5.854162693023682	aff	neg
A ladder is not a toy.	toy	-4.687507629394531	neg	neg
A ladder is not a tool.	tool	-4.1634392738342285	neg	aff
A cup is a container.	container	-4.03149938583374	aff	aff
A cup is a tool.	tool	-4.916136264801025	aff	neg
A cup is not a tool.	tool	-4.3931565284729	neg	neg
A cup is not a container.	container	-3.9239721298217773	neg	aff
A puppy is a dog.	dog	-5.038405895233154	aff	aff
A puppy is a cat.	cat	-4.883469581604004	aff	neg
A puppy is not a cat.	cat	-4.120828151702881	neg	neg
A puppy is not a dog.	dog	-3.718890905380249	neg	aff
A stone is a rock.	rock	-4.6046319007873535	aff	aff
A stone is a place.	place	-5.586819648742676	aff	neg
A stone is not a place.	place	-4.89508056640625	neg	neg
A stone is not a rock.	rock	-4.143150806427002	neg	aff
A clay is a material.	material	-5.247043132781982	aff	aff
A clay is a person.	person	-5.455018997192383	aff	neg
A clay is not a person.	person	-5.048055171966553	neg	neg
A clay is not a material.	material	-4.729713439941406	neg	aff
A dragon is a creature.	creature	-5.882025718688965	aff	aff
A dragon is a plant.	plant	-6.464145183563232	aff	neg
A dragon is not a plant.	plant	-5.768741607666016	neg	neg
A dragon is not a creature.	creature	-5.404891014099121	neg	aff
A beetle is an insect.	insect	-5.035248756408691	aff	aff
A beetle is a plant.	plant	-5.784980773925781	aff	neg
A beetle is not a plant.	plant	-4.839621543884277	neg	neg
A beetle is not an insect.	insect	-4.3543195724487305	neg	aff
A wheel is a tool.	tool	-5.4226579666137695	aff	aff
A wheel is a place.	place	-5.857551097869873	aff	neg
A wheel is not a place.	place	-5.024402618408203	neg	neg
A wheel is not a tool.	tool	-4.329514503479004	neg	aff
A daisy is a plant.	plant	-4.096351623535156	aff	aff
A daisy is an animal.	animal	-4.868789196014404	aff	neg
A daisy is not an animal.	animal	-4.501524925231934	neg	neg
A daisy is not a plant.	plant	-4.0087080001831055	neg	aff
A holiday is a break.	break	-4.974173069000244	aff	aff
A holiday is a work.	work	-5.601372718811035	aff	neg
A holiday is not a work.	work	-5.1071577072143555	neg	neg
A holiday is not a break.	break	-4.805567741394043	neg	aff
An insect is an arthropod.	arthropod	-2.7562975883483887	aff	aff
An insect is a mammal.	mammal	-3.404754161834717	aff	neg
An insect is not a mammal.	mammal	-3.2021098136901855	neg	neg
An insect is not an arthropod.	arthropod	-3.0368640422821045	neg	aff
A lily is a flora.	flora	-5.610841274261475	aff	aff
A lily is a tool.	tool	-5.945921897888184	aff	neg
A lily is not a tool.	tool	-4.68604850769043	neg	neg
A lily is not a flora.	flora	-5.020052433013916	neg	aff
A cardinal is a bird.	bird	-5.474646091461182	aff	aff
A cardinal is a tree.	tree	-5.565213680267334	aff	neg
A cardinal is not a tree.	tree	-4.928816795349121	neg	neg
A cardinal is not a bird.	bird	-4.768460273742676	neg	aff
A swan is a bird.	bird	-3.095309257507324	aff	aff
A swan is a plant.	plant	-4.085502624511719	aff	neg
A swan is not a plant.	plant	-3.9011712074279785	neg	neg
A swan is not a bird.	bird	-3.2172021865844727	neg	aff
A calliper is a tool.	tool	-4.662398338317871	aff	aff
A calliper is a weapon.	weapon	-5.474658966064453	aff	neg
A calliper is not a weapon.	weapon	-4.9519853591918945	neg	neg
A calliper is not a tool.	tool	-4.151629447937012	neg	aff
A cathedral is a church.	church	-4.205260276794434	aff	aff
A cathedral is a house.	house	-5.7124199867248535	aff	neg
A cathedral is not a house.	house	-4.451193809509277	neg	neg
A cathedral is not a church.	church	-3.8575549125671387	neg	aff
A pear is a fruit.	fruit	-4.348514080047607	aff	aff
A pear is a vegetable.	vegetable	-5.343383312225342	aff	neg
A pear is not a vegetable.	vegetable	-4.832480430603027	neg	neg
A pear is not a fruit.	fruit	-4.416059494018555	neg	aff
A watermelon is a fruit.	fruit	-2.9474618434906006	aff	aff
A watermelon is a vegetable.	vegetable	-3.8934485912323	aff	neg
A watermelon is not a vegetable.	vegetable	-3.6830410957336426	neg	neg
A watermelon is not a fruit.	fruit	-3.3177666664123535	neg	aff
A tugboat is a vessel.	vessel	-4.831231594085693	aff	aff
A tugboat is a toy.	toy	-5.906622886657715	aff	neg
A tugboat is not a toy.	toy	-4.525546073913574	neg	neg
A tugboat is not a vessel.	vessel	-4.325789451599121	neg	aff
A poet is a writer.	writer	-4.32320499420166	aff	aff
A poet is a tool.	tool	-5.244721412658691	aff	neg
A poet is not a tool.	tool	-4.773289680480957	neg	neg
A poet is not a writer.	writer	-4.11838436126709	neg	aff
An athlete is a sportsman.	sportsman	-3.4649124145507812	aff	aff
An athlete is a poet.	poet	-5.12780237197876	aff	neg
An athlete is not a poet.	poet	-4.826069355010986	neg	neg
An athlete is not a sportsman.	sportsman	-3.880661964416504	neg	aff
A musician is a professional.	professional	-4.875905513763428	aff	aff
A musician is an athlete.	athlete	-5.341275691986084	aff	neg
A musician is not an athlete.	athlete	-4.874506950378418	neg	neg
A musician is not a professional.	professional	-4.878202438354492	neg	aff
A cook is a chef.	chef	-4.834587574005127	aff	aff
A cook is a waiter.	waiter	-5.3193511962890625	aff	neg
A cook is not a waiter.	waiter	-5.425675392150879	neg	neg
A cook is not a chef.	chef	-5.000266075134277	neg	aff
A shirt is a garment.	garment	-5.609461307525635	aff	aff
A shirt is a house.	house	-7.074304103851318	aff	neg
A shirt is not a house.	house	-4.763606071472168	neg	neg
A shirt is not a garment.	garment	-4.273706436157227	neg	aff
A doorknob is a furnishing.	furnishing	-5.529727935791016	aff	aff
A doorknob is a computer.	computer	-5.198210716247559	aff	neg
A doorknob is not a computer.	computer	-4.380292892456055	neg	neg
A doorknob is not a furnishing.	furnishing	-4.779014587402344	neg	aff
A spoon is an utensil.	utensil	-4.528970241546631	aff	aff
A spoon is a toy.	toy	-5.183848857879639	aff	neg
A spoon is not a toy.	toy	-4.35884952545166	neg	neg
A spoon is not an utensil.	utensil	-4.29898738861084	neg	aff
A movie is a film.	film	-5.176101207733154	aff	aff
A movie is a place.	place	-5.321364402770996	aff	neg
A movie is not a place.	place	-4.448199272155762	neg	neg
A movie is not a film.	film	-4.009857654571533	neg	aff
A mansion is a building.	building	-4.908313274383545	aff	aff
A mansion is an apartment.	apartment	-5.870543956756592	aff	neg
A mansion is not an apartment.	apartment	-5.261076927185059	neg	neg
A mansion is not a building.	building	-4.9122772216796875	neg	aff
A monument is a structure.	structure	-4.8391642570495605	aff	aff
A monument is a toy.	toy	-6.213216304779053	aff	neg
A monument is not a toy.	toy	-5.1753411293029785	neg	neg
A monument is not a structure.	structure	-4.875550270080566	neg	aff
A candle is a light.	light	-4.950097560882568	aff	aff
A candle is a sound.	sound	-6.021885871887207	aff	neg
A candle is not a sound.	sound	-5.124688148498535	neg	neg
A candle is not a light.	light	-4.665069103240967	neg	aff
A poodle is a dog.	dog	-3.362287998199463	aff	aff
A poodle is a bird.	bird	-4.467657089233398	aff	neg
A poodle is not a bird.	bird	-4.081023216247559	neg	neg
A poodle is not a dog.	dog	-3.33443546295166	neg	aff
A baby is a human.	human	-4.637719631195068	aff	aff
A baby is a cat.	cat	-4.882370948791504	aff	neg
A baby is not a cat.	cat	-4.394139289855957	neg	neg
A baby is not a human.	human	-4.195321083068848	neg	aff
A snowflake is a flake.	flake	-4.257617473602295	aff	aff
A snowflake is a cloud.	cloud	-5.114400863647461	aff	neg
A snowflake is not a cloud.	cloud	-4.56501579284668	neg	neg
A snowflake is not a flake.	flake	-3.8008432388305664	neg	aff
A violin is an instrument.	instrument	-4.382721424102783	aff	aff
A violin is a toy.	toy	-6.135272026062012	aff	neg
A violin is not a toy.	toy	-4.333754539489746	neg	neg
A violin is not an instrument.	instrument	-4.063624382019043	neg	aff
A spade is a tool.	tool	-4.200960159301758	aff	aff
A spade is a food.	food	-5.234142303466797	aff	neg
A spade is not a food.	food	-4.69130277633667	neg	neg
A spade is not a tool.	tool	-3.8564462661743164	neg	aff
An onion is a vegetable.	vegetable	-4.3152995109558105	aff	aff
An onion is a fruit.	fruit	-4.448300838470459	aff	neg
An onion is not a fruit.	fruit	-4.468776226043701	neg	neg
An onion is not a vegetable.	vegetable	-4.349189758300781	neg	aff
A mailman is a worker.	worker	-5.759045600891113	aff	aff
A mailman is a police.	police	-5.773794174194336	aff	neg
A mailman is not a police.	police	-5.06510066986084	neg	neg
A mailman is not a worker.	worker	-4.656271934509277	neg	aff
A policeman is a worker.	worker	-6.128947734832764	aff	aff
A policeman is a material.	material	-7.504343509674072	aff	neg
A policeman is not a material.	material	-6.748870849609375	neg	neg
A policeman is not a worker.	worker	-5.469371318817139	neg	aff
A sand is a material.	material	-6.342395782470703	aff	aff
A sand is a house.	house	-6.739085674285889	aff	neg
A sand is not a house.	house	-5.496434688568115	neg	neg
A sand is not a material.	material	-5.371959209442139	neg	aff
A grapefruit is a fruit.	fruit	-3.337299108505249	aff	aff
A grapefruit is a color.	color	-4.811171531677246	aff	neg
A grapefruit is not a color.	color	-4.4114556312561035	neg	neg
A grapefruit is not a fruit.	fruit	-3.545567750930786	neg	aff
A couch is a furniture.	furniture	-5.085415840148926	aff	aff
A couch is a building.	building	-6.090317726135254	aff	neg
A couch is not a building.	building	-5.011222839355469	neg	neg
A couch is not a furniture.	furniture	-4.760489463806152	neg	aff
A lawyer is a professional.	professional	-4.2252936363220215	aff	aff
A lawyer is a judge.	judge	-4.535284519195557	aff	neg
A lawyer is not a judge.	judge	-3.926913261413574	neg	neg
A lawyer is not a professional.	professional	-4.229135513305664	neg	aff
A brinjal is a vegetable.	vegetable	-3.44051456451416	aff	aff
A brinjal is a fruit.	fruit	-3.7313168048858643	aff	neg
A brinjal is not a fruit.	fruit	-3.700392484664917	neg	neg
A brinjal is not a vegetable.	vegetable	-3.494194746017456	neg	aff
A moon is a satellite.	satellite	-4.6431403160095215	aff	aff
A moon is a star.	star	-4.943630695343018	aff	neg
A moon is not a star.	star	-4.1733622550964355	neg	neg
A moon is not a satellite.	satellite	-4.130772590637207	neg	aff
A dresser is a furniture.	furniture	-5.6367716789245605	aff	aff
A dresser is a house.	house	-6.230767726898193	aff	neg
A dresser is not a house.	house	-5.320693016052246	neg	neg
A dresser is not a furniture.	furniture	-5.442961692810059	neg	aff
A canoe is a boat.	boat	-4.172700881958008	aff	aff
A canoe is a yacht.	yacht	-6.0450568199157715	aff	neg
A canoe is not a yacht.	yacht	-4.915677070617676	neg	neg
A canoe is not a boat.	boat	-4.048694610595703	neg	aff
A park is a facility.	facility	-5.664199352264404	aff	aff
A park is a paperwork.	paperwork	-6.52083683013916	aff	neg
A park is not a paperwork.	paperwork	-6.088606834411621	neg	neg
A park is not a facility.	facility	-5.005513668060303	neg	aff
A farm is a land.	land	-5.766209602355957	aff	aff
A farm is a color.	color	-7.019075870513916	aff	neg
A farm is not a color.	color	-5.631526947021484	neg	neg
A farm is not a land.	land	-5.19075870513916	neg	aff
A disc is an electronics.	electronics	-7.294800758361816	aff	aff
A disc is a material.	material	-5.520149230957031	aff	neg
A disc is not a material.	material	-4.888505935668945	neg	neg
A disc is not an electronics.	electronics	-6.38568639755249	neg	aff
A window is a structure.	structure	-4.964737415313721	aff	aff
A window is a place.	place	-5.020266056060791	aff	neg
A window is not a place.	place	-5.148454666137695	neg	neg
A window is not a structure.	structure	-5.330102443695068	neg	aff
A pumpkin is a vegetable.	vegetable	-5.311572551727295	aff	aff
A pumpkin is a fruit.	fruit	-4.5803046226501465	aff	neg
A pumpkin is not a fruit.	fruit	-4.476820945739746	neg	neg
A pumpkin is not a vegetable.	vegetable	-4.601835250854492	neg	aff
A bowl is an utensil.	utensil	-5.9015631675720215	aff	aff
A bowl is a toy.	toy	-6.104072093963623	aff	neg
A bowl is not a toy.	toy	-4.762181282043457	neg	neg
A bowl is not an utensil.	utensil	-4.84712553024292	neg	aff
A fox is a mammal.	mammal	-5.209468364715576	aff	aff
A fox is a fish.	fish	-6.339752674102783	aff	neg
A fox is not a fish.	fish	-4.446145534515381	neg	neg
A fox is not a mammal.	mammal	-3.9272608757019043	neg	aff
A spider is an arthropod.	arthropod	-3.5294411182403564	aff	aff
A spider is a plant.	plant	-4.756474494934082	aff	neg
A spider is not a plant.	plant	-4.24097204208374	neg	neg
A spider is not an arthropod.	arthropod	-3.503640651702881	neg	aff
A mountain is a place.	place	-4.718186855316162	aff	aff
A mountain is a thing.	thing	-4.95430850982666	aff	neg
A mountain is not a thing.	thing	-4.3063554763793945	neg	neg
A mountain is not a place.	place	-4.184676170349121	neg	aff
A magazine is a publication.	publication	-4.153380393981934	aff	aff
A magazine is a drink.	drink	-6.1461381912231445	aff	neg
A magazine is not a drink.	drink	-5.874589443206787	neg	neg
A magazine is not a publication.	publication	-5.005745887756348	neg	aff
A desk is a furnishing.	furnishing	-5.427973747253418	aff	aff
A desk is a noun.	noun	-5.617351055145264	aff	neg
A desk is not a noun.	noun	-5.398476600646973	neg	neg
A desk is not a furnishing.	furnishing	-5.103518962860107	neg	aff
A lamp is a decoration.	decoration	-5.380055904388428	aff	aff
A lamp is a toy.	toy	-5.215391635894775	aff	neg
A lamp is not a toy.	toy	-4.437419414520264	neg	neg
A lamp is not a decoration.	decoration	-4.8732733726501465	neg	aff
A pen is a stationary.	stationary	-6.347010135650635	aff	aff
A pen is a food.	food	-6.048542022705078	aff	neg
A pen is not a food.	food	-5.014604568481445	neg	neg
A pen is not a stationary.	stationary	-5.724961757659912	neg	aff
An eraser is a stationary.	stationary	-4.417588233947754	aff	aff
An eraser is a food.	food	-4.416533470153809	aff	neg
An eraser is not a food.	food	-4.078761577606201	neg	neg
An eraser is not a stationary.	stationary	-4.920821189880371	neg	aff
A library is a building.	building	-4.837799072265625	aff	aff
A library is a drink.	drink	-6.556870937347412	aff	neg
A library is not a drink.	drink	-5.879755020141602	neg	neg
A library is not a building.	building	-4.6758551597595215	neg	aff
A website is a webpage.	webpage	-4.045544624328613	aff	aff
A website is a computer.	computer	-4.678555488586426	aff	neg
A website is not a computer.	computer	-4.682158946990967	neg	neg
A website is not a webpage.	webpage	-4.923555374145508	neg	aff
A king is a ruler.	ruler	-4.158427715301514	aff	aff
A king is a servant.	servant	-5.050307750701904	aff	neg
A king is not a servant.	servant	-4.413885116577148	neg	neg
A king is not a ruler.	ruler	-4.132403373718262	neg	aff
A snowman is a sculpture.	sculpture	-4.131245136260986	aff	aff
A snowman is a building.	building	-3.982754707336426	aff	neg
A snowman is not a building.	building	-3.919506549835205	neg	neg
A snowman is not a sculpture.	sculpture	-3.9123728275299072	neg	aff
A vacuum is a machine.	machine	-5.807981014251709	aff	aff
A vacuum is a pet.	pet	-6.59999418258667	aff	neg
A vacuum is not a pet.	pet	-5.8908514976501465	neg	neg
A vacuum is not a machine.	machine	-4.850318908691406	neg	aff
A robot is a machine.	machine	-4.548086643218994	aff	aff
A robot is a pet.	pet	-5.002793788909912	aff	neg
A robot is not a pet.	pet	-4.802363395690918	neg	neg
A robot is not a machine.	machine	-3.9456381797790527	neg	aff
A seagull is a bird.	bird	-3.233240842819214	aff	aff
A seagull is a mammal.	mammal	-3.6771364212036133	aff	neg
A seagull is not a mammal.	mammal	-3.4274189472198486	neg	neg
A seagull is not a bird.	bird	-3.0115156173706055	neg	aff
A dress is a garment.	garment	-6.064184188842773	aff	aff
A dress is a device.	device	-7.517037868499756	aff	neg
A dress is not a device.	device	-5.542819976806641	neg	neg
A dress is not a garment.	garment	-4.1742167472839355	neg	aff
A swamp is a habitat.	habitat	-5.380741596221924	aff	aff
A swamp is a tree.	tree	-6.161224842071533	aff	neg
A swamp is not a tree.	tree	-5.04969596862793	neg	neg
A swamp is not a habitat.	habitat	-5.0885329246521	neg	aff
A continent is a landmass.	landmass	-3.8704659938812256	aff	aff
A continent is a liquid.	liquid	-6.936404705047607	aff	neg
A continent is not a liquid.	liquid	-5.6646833419799805	neg	neg
A continent is not a landmass.	landmass	-3.8500359058380127	neg	aff
An icecream is a dessert.	dessert	-4.389359474182129	aff	aff
An icecream is a plant.	plant	-5.132638931274414	aff	neg
An ice cream is not a plant.	plant	-4.172299861907959	neg	neg
An ice cream is not a dessert.	dessert	-3.4035539627075195	neg	aff
A cake is a dish.	dish	-7.298900127410889	aff	aff
A cake is a tree.	tree	-6.2177557945251465	aff	neg
A cake is not a tree.	tree	-5.184276103973389	neg	neg
A cake is not a dish.	dish	-4.925868988037109	neg	aff
A cookie is a dessert.	dessert	-5.793859958648682	aff	aff
A cookie is a toy.	toy	-6.015236854553223	aff	neg
A cookie is not a toy.	toy	-4.81752347946167	neg	neg
A cookie is not a dessert.	dessert	-4.784995079040527	neg	aff
A bird is an organism.	organism	-5.5313520431518555	aff	aff
A bird is a toy.	toy	-5.572059154510498	aff	neg
A bird is not a toy.	toy	-4.6772685050964355	neg	neg
A bird is not an organism.	organism	-4.413355827331543	neg	aff
A mammal is a vertebrate.	vertebrate	-3.2009599208831787	aff	aff
A mammal is a place.	place	-4.5876898765563965	aff	neg
A mammal is not a place.	place	-4.046360492706299	neg	neg
A mammal is not a vertebrate.	vertebrate	-3.3334507942199707	neg	aff
A relative is a family.	family	-4.949878215789795	aff	aff
A relative is a furniture.	furniture	-5.938581943511963	aff	neg
A relative is not a furniture.	furniture	-5.253650188446045	neg	neg
A relative is not a family.	family	-4.556515693664551	neg	aff
A vehicle is a transportation.	transportation	-5.7666449546813965	aff	aff
A vehicle is a bird.	bird	-5.677165508270264	aff	neg
A vehicle is not a bird.	bird	-4.946813583374023	neg	neg
A vehicle is not a transportation.	transportation	-5.6864142417907715	neg	aff
A vegetable is a snack.	snack	-5.6814141273498535	aff	aff
A vegetable is an insect.	insect	-5.7743048667907715	aff	neg
A vegetable is not an insect.	insect	-5.165822982788086	neg	neg
A vegetable is not a snack.	snack	-5.043116569519043	neg	aff
A shoe is an apparel.	apparel	-5.7916412353515625	aff	aff
A shoe is a bottle.	bottle	-6.07558012008667	aff	neg
A shoe is not a bottle.	bottle	-4.806887626647949	neg	neg
A shoe is not an apparel.	apparel	-5.121397972106934	neg	aff
A sock is an apparel.	apparel	-6.616017818450928	aff	aff
A sock is a shoe.	shoe	-4.602066993713379	aff	neg
A sock is not a shoe.	shoe	-3.847450017929077	neg	neg
A sock is not an apparel.	apparel	-5.173377990722656	neg	aff
A sheep is a mammal.	mammal	-3.676866054534912	aff	aff
A sheep is a plant.	plant	-4.8321051597595215	aff	neg
A sheep is not a plant.	plant	-4.196859359741211	neg	neg
A sheep is not a mammal.	mammal	-3.735400676727295	neg	aff
A python is a reptile.	reptile	-3.731657028198242	aff	aff
A python is a place.	place	-6.200067043304443	aff	neg
A python is not a place.	place	-4.927114009857178	neg	neg
A python is not a reptile.	reptile	-3.7040579319000244	neg	aff
A river is an ecosystem.	ecosystem	-4.6821160316467285	aff	aff
A river is a landmass.	landmass	-5.073351860046387	aff	neg
A river is not a landmass.	landmass	-4.474583625793457	neg	neg
A river is not an ecosystem.	ecosystem	-4.605147838592529	neg	aff
An ocean is an ecosystem.	ecosystem	-5.284128665924072	aff	aff
An ocean is a desert.	desert	-5.272163391113281	aff	neg
An ocean is not a desert.	desert	-4.440985679626465	neg	neg
An ocean is not an ecosystem.	ecosystem	-4.761388778686523	neg	aff
A poet is an artist.	artist	-4.410585880279541	aff	aff
A poet is a food.	food	-6.223728179931641	aff	neg
A poet is not a food.	food	-5.341170787811279	neg	neg
A poet is not an artist.	artist	-4.059874534606934	neg	aff
A painter is an artist.	artist	-4.741088390350342	aff	aff
A painter is a furniture.	furniture	-5.8205084800720215	aff	neg
A painter is not a furniture.	furniture	-5.9278564453125	neg	neg
A painter is not an artist.	artist	-4.045991897583008	neg	aff
A musician is an artist.	artist	-4.847195625305176	aff	aff
A musician is a toy.	toy	-6.451755523681641	aff	neg
A musician is not a toy.	toy	-4.988799095153809	neg	neg
A musician is not an artist.	artist	-4.434675216674805	neg	aff
A stapler is a stationary.	stationary	-6.036490440368652	aff	aff
A stapler is a pet.	pet	-5.963160514831543	aff	neg
A stapler is not a pet.	pet	-5.490250587463379	neg	neg
A stapler is not a stationary.	stationary	-6.149172306060791	neg	aff
A remote is a device.	device	-5.85589075088501	aff	aff
A remote is a pet.	pet	-6.047293186187744	aff	neg
A remote is not a pet.	pet	-5.455186367034912	neg	neg
A remote is not a device.	device	-5.244800090789795	neg	aff
A watch is an accessory.	accessory	-6.624878883361816	aff	aff
A watch is a clothing.	clothing	-6.859096050262451	aff	neg
A watch is not a clothing.	clothing	-5.575939178466797	neg	neg
A watch is not an accessory.	accessory	-5.331906795501709	neg	aff
A mineral is a substance.	substance	-4.3710246086120605	aff	aff
A mineral is a creature.	creature	-5.569939136505127	aff	neg
A mineral is not a creature.	creature	-5.114591598510742	neg	neg
A mineral is not a substance.	substance	-4.052799701690674	neg	aff
A backpack is a bag.	bag	-5.200939655303955	aff	aff
A backpack is a shoe.	shoe	-4.844960689544678	aff	neg
A backpack is not a shoe.	shoe	-4.559235572814941	neg	neg
A backpack is not a bag.	bag	-4.341567039489746	neg	aff
A well is a structure.	structure	-5.184277057647705	aff	aff
A well is a place.	place	-5.301302909851074	aff	neg
A well is not a place.	place	-4.886784553527832	neg	neg
A well is not a structure.	structure	-4.963964462280273	neg	aff
A saw is an instrument.	instrument	-5.1738715171813965	aff	aff
A saw is a place.	place	-6.08991003036499	aff	neg
A saw is not a place.	place	-5.122986793518066	neg	neg
A saw is not an instrument.	instrument	-4.408458709716797	neg	aff
A dove is a bird.	bird	-3.657503604888916	aff	aff
A dove is a reptile.	reptile	-4.288496017456055	aff	neg
A dove is not a reptile.	reptile	-4.209744930267334	neg	neg
A dove is not a bird.	bird	-3.782989978790283	neg	aff
A snail is a mollusk.	mollusk	-3.7076189517974854	aff	aff
A snail is a reptile.	reptile	-3.9993858337402344	aff	neg
A snail is not a reptile.	reptile	-3.8955252170562744	neg	neg
A snail is not a mollusk.	mollusk	-3.7533013820648193	neg	aff
A jellyfish is an animal.	animal	-3.8952090740203857	aff	aff
A jellyfish is a plant.	plant	-4.263312816619873	aff	neg
A jellyfish is not a plant.	plant	-3.9546828269958496	neg	neg
A jellyfish is not an animal.	animal	-3.9060962200164795	neg	aff
A pipe is a tool.	tool	-5.643896102905273	aff	aff
A pipe is a drink.	drink	-6.433817386627197	aff	neg
A pipe is not a drink.	drink	-5.261101722717285	neg	neg
A pipe is not a tool.	tool	-4.3776655197143555	neg	aff
A hammer is an instrument.	instrument	-5.024988651275635	aff	aff
A hammer is a dessert.	dessert	-6.556135654449463	aff	neg
A hammer is not a dessert.	dessert	-5.408240795135498	neg	neg
A hammer is not an instrument.	instrument	-4.268432140350342	neg	aff
A cake is a food.	food	-7.815672397613525	aff	aff
A cake is a stew.	stew	-8.206371307373047	aff	neg
A cake is not a stew.	stew	-5.6869916915893555	neg	neg
A cake is not a food.	food	-5.3506059646606445	neg	aff
A pie is a food.	food	-5.82637357711792	aff	aff
A pie is a drink.	drink	-6.008386135101318	aff	neg
A pie is not a drink.	drink	-4.724376201629639	neg	neg
A pie is not a food.	food	-4.7301025390625	neg	aff
A sandwich is a snack.	snack	-4.907735347747803	aff	aff
A sandwich is a drink.	drink	-5.757150173187256	aff	neg
A sandwich is not a drink.	drink	-5.086236000061035	neg	neg
A sandwich is not a snack.	snack	-4.75111198425293	neg	aff
A burger is a food.	food	-5.560494422912598	aff	aff
A burger is a drink.	drink	-6.2923712730407715	aff	neg
A burger is not a drink.	drink	-5.634458065032959	neg	neg
A burger is not a food.	food	-5.487160682678223	neg	aff
A jade is a gem.	gem	-5.091323375701904	aff	aff
A jade is a place.	place	-5.816036701202393	aff	neg
A jade is not a place.	place	-5.272348403930664	neg	neg
A jade is not a gem.	gem	-4.8486480712890625	neg	aff
A cat is an organism.	organism	-4.793924331665039	aff	aff
A cat is a mammal.	mammal	-3.252894878387451	aff	neg
A cat is not a mammal.	mammal	-3.437237501144409	neg	neg
A cat is not an organism.	organism	-4.380621910095215	neg	aff
An airplane is a transport.	transport	-5.058898448944092	aff	aff
An airplane is a boat.	boat	-4.859315872192383	aff	neg
An airplane is not a boat.	boat	-4.215114116668701	neg	neg
An airplane is not a transport.	transport	-5.026803016662598	neg	aff
A laptop is a computer.	computer	-4.190160274505615	aff	aff
A laptop is a phone.	phone	-4.899433135986328	aff	neg
A laptop is not a phone.	phone	-4.331434726715088	neg	neg
A laptop is not a computer.	computer	-4.0776567459106445	neg	aff
A hill is a landform.	landform	-4.172283172607422	aff	aff
A hill is a flower.	flower	-6.022531509399414	aff	neg
A hill is not a flower.	flower	-5.408107757568359	neg	neg
A hill is not a landform.	landform	-3.9942715167999268	neg	aff
A castle is a building.	building	-4.119610786437988	aff	aff
A castle is a fish.	fish	-5.9758734703063965	aff	neg
A castle is not a fish.	fish	-5.2280378341674805	neg	neg
A castle is not a building.	building	-4.240991592407227	neg	aff
A paper is a material.	material	-6.517009258270264	aff	aff
A paper is a toy.	toy	-6.186709880828857	aff	neg
A paper is not a toy.	toy	-4.8467183113098145	neg	neg
A paper is not a material.	material	-5.121786117553711	neg	aff
A tombstone is a monument.	monument	-4.563926696777344	aff	aff
A tombstone is a plaque.	plaque	-5.228287696838379	aff	neg
A tombstone is not a plaque.	plaque	-4.606408596038818	neg	neg
A tombstone is not a monument.	monument	-4.160638332366943	neg	aff
A popsicle is a dessert.	dessert	-5.030077934265137	aff	aff
A popsicle is a salad.	salad	-6.11710262298584	aff	neg
A popsicle is not a salad.	salad	-5.203376770019531	neg	neg
A popsicle is not a dessert.	dessert	-4.36959171295166	neg	aff
A monkey is a primate.	primate	-4.106875896453857	aff	aff
A monkey is a bird.	bird	-4.835031032562256	aff	neg
A monkey is not a bird.	bird	-3.80485200881958	neg	neg
A monkey is not a primate.	primate	-3.7226181030273438	neg	aff
A bouquet is a gift.	gift	-4.440511226654053	aff	aff
A bouquet is a plant.	plant	-5.130887031555176	aff	neg
A bouquet is not a plant.	plant	-4.72611141204834	neg	neg
A bouquet is not a gift.	gift	-4.559019088745117	neg	aff
A doorknob is a hardware.	hardware	-5.487677097320557	aff	aff
A doorknob is a software.	software	-5.982243537902832	aff	neg
A doorknob is not a software.	software	-5.081367492675781	neg	neg
A doorknob is not a hardware.	hardware	-5.171365261077881	neg	aff
A month is a timeframe.	timeframe	-5.153249263763428	aff	aff
A month is a weight.	weight	-6.004380226135254	aff	neg
A month is not a weight.	weight	-5.242218017578125	neg	neg
A month is not a timeframe.	timeframe	-5.301831245422363	neg	aff
A day is a timeframe.	timeframe	-5.23385763168335	aff	aff
A day is a weight.	weight	-5.9902825355529785	aff	neg
A day is not a weight.	weight	-5.389446258544922	neg	neg
A day is not a timeframe.	timeframe	-5.365405082702637	neg	aff
An year is a timeframe.	timeframe	-6.468879699707031	aff	aff
An year is a weight.	weight	-6.992337226867676	aff	neg
An year is not a weight.	weight	-5.955747127532959	neg	neg
An year is not a timeframe.	timeframe	-6.188865661621094	neg	aff
A soprano is a singer.	singer	-3.453795909881592	aff	aff
A soprano is a piano.	piano	-4.774448394775391	aff	neg
A soprano is not a piano.	piano	-4.323480129241943	neg	neg
A soprano is not a singer.	singer	-3.65484619140625	neg	aff
A soldier is a person.	person	-4.489750385284424	aff	aff
A soldier is a gun.	gun	-5.390824794769287	aff	neg
A soldier is not a gun.	gun	-4.44347620010376	neg	neg
A soldier is not a person.	person	-4.09611701965332	neg	aff
A necktie is a clothing.	clothing	-5.300252437591553	aff	aff
A necktie is a tree.	tree	-5.307877540588379	aff	neg
A necktie is not a tree.	tree	-4.6213226318359375	neg	neg
A necktie is not a clothing.	clothing	-4.804069519042969	neg	aff
A puppy is a mammal.	mammal	-4.4718451499938965	aff	aff
A puppy is a plant.	plant	-5.747361660003662	aff	neg
A puppy is not a plant.	plant	-4.856858730316162	neg	neg
A puppy is not a mammal.	mammal	-4.170967102050781	neg	aff
An oven is an appliance.	appliance	-4.72346830368042	aff	aff
An oven is a toy.	toy	-5.109288215637207	aff	neg
An oven is not a toy.	toy	-4.085529804229736	neg	neg
An oven is not an appliance.	appliance	-3.8965556621551514	neg	aff
A sawhorse is a tool.	tool	-5.102608680725098	aff	aff
A sawhorse is a vehicle.	vehicle	-4.579431056976318	aff	neg
A sawhorse is not a vehicle.	vehicle	-4.419438362121582	neg	neg
A sawhorse is not a tool.	tool	-4.619817733764648	neg	aff
A housekeeper is a person.	person	-4.047545433044434	aff	aff
A housekeeper is a toy.	toy	-5.586968898773193	aff	neg
A housekeeper is not a toy.	toy	-4.465138912200928	neg	neg
A housekeeper is not a person.	person	-3.847209930419922	neg	aff
A carpenter is a person.	person	-4.189143657684326	aff	aff
A carpenter is a bird.	bird	-4.825841426849365	aff	neg
A carpenter is not a bird.	bird	-4.000062465667725	neg	neg
A carpenter is not a person.	person	-3.595691204071045	neg	aff
A coach is a vehicle.	vehicle	-5.179554462432861	aff	aff
A coach is a building.	building	-5.362614631652832	aff	neg
A coach is not a building.	building	-5.588685512542725	neg	neg
A coach is not a vehicle.	vehicle	-5.379718780517578	neg	aff
A map is a paper.	paper	-5.832141876220703	aff	aff
A map is a toy.	toy	-5.4931159019470215	aff	neg
A map is not a toy.	toy	-4.40522575378418	neg	neg
A map is not a paper.	paper	-4.574980735778809	neg	aff
A radio is a device.	device	-4.775753498077393	aff	aff
A radio is a flower.	flower	-5.988579273223877	aff	neg
A radio is not a flower.	flower	-4.800965785980225	neg	neg
A radio is not a device.	device	-4.1829681396484375	neg	aff
A goose is a bird.	bird	-4.449309349060059	aff	aff
A goose is a mammal.	mammal	-4.205686092376709	aff	neg
A goose is not a mammal.	mammal	-3.926020622253418	neg	neg
A goose is not a bird.	bird	-3.9653079509735107	neg	aff
A teacher is a guide.	guide	-4.481767177581787	aff	aff
A teacher is a child.	child	-4.4579877853393555	aff	neg
A teacher is not a child.	child	-4.046720504760742	neg	neg
A teacher is not a guide.	guide	-4.371614456176758	neg	aff
A flashlight is a light.	light	-5.3672685623168945	aff	aff
A flashlight is a toy.	toy	-5.831484317779541	aff	neg
A flashlight is not a toy.	toy	-4.776244163513184	neg	neg
A flashlight is not a light.	light	-4.797053813934326	neg	aff
A martini is a drink.	drink	-3.8563125133514404	aff	aff
A martini is a food.	food	-5.335021018981934	aff	neg
A martini is not a food.	food	-4.565942764282227	neg	neg
A martini is not a drink.	drink	-3.7400121688842773	neg	aff
A basketball is a sport.	sport	-4.523165702819824	aff	aff
A basketball is a building.	building	-5.593332767486572	aff	neg
A basketball is not a building.	building	-4.671972274780273	neg	neg
A basketball is not a sport.	sport	-4.279796123504639	neg	aff
A snowman is an art.	art	-4.250349521636963	aff	aff
A snowman is a snowflake.	snowflake	-3.2206759452819824	aff	neg
A snowman is not a snowflake.	snowflake	-3.170255661010742	neg	neg
A snowman is not an art.	art	-4.581509590148926	neg	aff
A petz is an animal.	animal	-4.939591884613037	aff	aff
A petz is a toy.	toy	-5.837227821350098	aff	neg
A petz is not a toy.	toy	-4.823185920715332	neg	neg
A petz is not an animal.	animal	-4.534031867980957	neg	aff
A television is a device.	device	-5.3256754875183105	aff	aff
A television is a furniture.	furniture	-6.011413097381592	aff	neg
A television is not a furniture.	furniture	-5.3325653076171875	neg	neg
A television is not a device.	device	-4.916799068450928	neg	aff
An oven is a device.	device	-4.765970706939697	aff	aff
An oven is a food.	food	-5.286868572235107	aff	neg
An oven is not a food.	food	-4.634500503540039	neg	neg
An oven is not a device.	device	-4.217152118682861	neg	aff
A rag is a cloth.	cloth	-5.552669048309326	aff	aff
A rag is a stone.	stone	-5.853890895843506	aff	neg
A rag is not a stone.	stone	-5.351069927215576	neg	neg
A rag is not a cloth.	cloth	-5.181257247924805	neg	aff
A sheep is an animal.	animal	-4.073861598968506	aff	aff
A sheep is a toy.	toy	-5.526733875274658	aff	neg
A sheep is not a toy.	toy	-4.528564453125	neg	neg
A sheep is not an animal.	animal	-3.8159701824188232	neg	aff
A geranium is a flower.	flower	-4.15653657913208	aff	aff
A geranium is a shrub.	shrub	-3.9821016788482666	aff	neg
A geranium is not a shrub.	shrub	-3.888585329055786	neg	neg
A geranium is not a flower.	flower	-4.016961097717285	neg	aff
A ray is a fish.	fish	-6.182059288024902	aff	aff
A ray is a plant.	plant	-6.465234279632568	aff	neg
A ray is not a plant.	plant	-5.819271087646484	neg	neg
A ray is not a fish.	fish	-5.873433589935303	neg	aff
A lemon is a fruit.	fruit	-4.489164352416992	aff	aff
A lemon is a drink.	drink	-6.373515605926514	aff	neg
A lemon is not a drink.	drink	-5.366298675537109	neg	neg
A lemon is not a fruit.	fruit	-4.471956253051758	neg	aff
A discussion is a talk.	talk	-5.234088897705078	aff	aff
A discussion is a fight.	fight	-5.433794021606445	aff	neg
A discussion is not a fight.	fight	-4.436558723449707	neg	neg
A discussion is not a talk.	talk	-4.477972984313965	neg	aff
A basketball is a ball.	ball	-4.212592124938965	aff	aff
A basketball is a fruit.	fruit	-4.823758125305176	aff	neg
A basketball is not a fruit.	fruit	-4.3990702629089355	neg	neg
A basketball is not a ball.	ball	-3.7662901878356934	neg	aff
A pig is an animal.	animal	-4.122861385345459	aff	aff
A pig is a person.	person	-4.523268222808838	aff	neg
A pig is not a person.	person	-4.014944076538086	neg	neg
A pig is not an animal.	animal	-3.9260172843933105	neg	aff
A squirrel is a mammalian.	mammalian	-7.060660362243652	aff	aff
A squirrel is a bird.	bird	-6.274516582489014	aff	neg
A squirrel is not a bird.	bird	-4.944295883178711	neg	neg
A squirrel is not a mammalian.	mammalian	-5.750088691711426	neg	aff
A skunk is a mammalian.	mammalian	-4.075810432434082	aff	aff
A skunk is an amphibian.	amphibian	-3.9838786125183105	aff	neg
A skunk is not an amphibian.	amphibian	-4.091025352478027	neg	neg
A skunk is not a mammalian.	mammalian	-4.648442268371582	neg	aff
A rabbit is a mammalian.	mammalian	-5.267853260040283	aff	aff
A rabbit is a reptile.	reptile	-4.537932395935059	aff	neg
A rabbit is not a reptile.	reptile	-4.044703483581543	neg	neg
A rabbit is not a mammalian.	mammalian	-4.853849411010742	neg	aff
A wallet is a container.	container	-4.3929314613342285	aff	aff
A wallet is a building.	building	-5.002969264984131	aff	neg
A wallet is not a building.	building	-4.654729843139648	neg	neg
A wallet is not a container.	container	-4.335702896118164	neg	aff
A harp is an instrument.	instrument	-3.878748893737793	aff	aff
A harp is a toy.	toy	-5.3039679527282715	aff	neg
A harp is not a toy.	toy	-3.952392816543579	neg	neg
A harp is not an instrument.	instrument	-3.702915906906128	neg	aff
A boy is a human.	human	-6.102273941040039	aff	aff
A boy is an animal.	animal	-4.231034755706787	aff	neg
A boy is not an animal.	animal	-3.7849159240722656	neg	neg
A boy is not a human.	human	-4.368524551391602	neg	aff
A mug is a container.	container	-5.064158916473389	aff	aff
A mug is a bottle.	bottle	-5.218088626861572	aff	neg
A mug is not a bottle.	bottle	-4.4814276695251465	neg	neg
A mug is not a container.	container	-4.435357093811035	neg	aff
A knife is a weapon.	weapon	-4.043612003326416	aff	aff
A knife is an electronic.	electronic	-6.691755771636963	aff	neg
A knife is not an electronic.	electronic	-6.204667091369629	neg	neg
A knife is not a weapon.	weapon	-3.802520751953125	neg	aff
A statue is an art.	art	-5.305969715118408	aff	aff
A statue is a person.	person	-5.14290189743042	aff	neg
A statue is not a person.	person	-4.681304931640625	neg	neg
A statue is not an art.	art	-5.630189895629883	neg	aff
A tangerine is a fruit.	fruit	-2.6517081260681152	aff	aff
A tangerine is a vegetable.	vegetable	-3.6170413494110107	aff	neg
A tangerine is not a vegetable.	vegetable	-4.316911220550537	neg	neg
A tangerine is not a fruit.	fruit	-3.917675495147705	neg	aff
A robber is a criminal.	criminal	-7.258304119110107	aff	aff
A robber is a policeman.	policeman	-7.304464817047119	aff	neg
A robber is not a policeman.	policeman	-5.963977336883545	neg	neg
A robber is not a criminal.	criminal	-5.866884231567383	neg	aff
A skirt is a clothing.	clothing	-5.4524245262146	aff	aff
A skirt is a food.	food	-6.1258087158203125	aff	neg
A skirt is not a food.	food	-5.237395286560059	neg	neg
A skirt is not a clothing.	clothing	-4.777746200561523	neg	aff
A bread is a food.	food	-5.226191997528076	aff	aff
A bread is a drink.	drink	-6.366518974304199	aff	neg
A bread is not a drink.	drink	-5.577964782714844	neg	neg
A bread is not a food.	food	-5.080290794372559	neg	aff
A tea is a drink.	drink	-5.192580223083496	aff	aff
A tea is a game.	game	-6.566488742828369	aff	neg
A tea is not a game.	game	-5.503720760345459	neg	neg
A tea is not a drink.	drink	-4.856378078460693	neg	aff
A coconut is a fruit.	fruit	-4.026331901550293	aff	aff
A coconut is a berry.	berry	-5.426338195800781	aff	neg
A coconut is not a berry.	berry	-5.074426651000977	neg	neg
A coconut is not a fruit.	fruit	-4.262812614440918	neg	aff
A salad is a snack.	snack	-5.084609508514404	aff	aff
A salad is a weapon.	weapon	-6.17968225479126	aff	neg
A salad is not a weapon.	weapon	-5.525816917419434	neg	neg
A salad is not a snack.	snack	-4.926342964172363	neg	aff
A noodles is a food.	food	-6.669529914855957	aff	aff
A noodles is a drink.	drink	-7.287594795227051	aff	neg
A noodles is not a drink.	drink	-6.492043972015381	neg	neg
A noodles is not a food.	food	-5.955252647399902	neg	aff
A triangle is a shape.	shape	-3.7726380825042725	aff	aff
A triangle is a square.	square	-3.630391836166382	aff	neg
A triangle is not a square.	square	-3.620361089706421	neg	neg
A triangle is not a shape.	shape	-4.095493793487549	neg	aff
A telephone is a device.	device	-5.532227516174316	aff	aff
A telephone is a tool.	tool	-5.584412574768066	aff	neg
A telephone is not a tool.	tool	-4.702079772949219	neg	neg
A telephone is not a device.	device	-4.590929985046387	neg	aff
A piano is a device.	device	-5.381682872772217	aff	aff
A piano is a toy.	toy	-5.160644054412842	aff	neg
A piano is not a toy.	toy	-3.923330783843994	neg	neg
A piano is not a device.	device	-4.723683834075928	neg	aff
A hurricane is a storm.	storm	-4.372092247009277	aff	aff
A hurricane is a breeze.	breeze	-5.670135021209717	aff	neg
A hurricane is not a breeze.	breeze	-4.657040596008301	neg	neg
A hurricane is not a storm.	storm	-4.46901273727417	neg	aff
A party is a celebration.	celebration	-5.2683281898498535	aff	aff
A party is a mourning.	mourning	-7.198085308074951	aff	neg
A party is not a mourning.	mourning	-7.0690107345581055	neg	neg
A party is not a celebration.	celebration	-5.854663372039795	neg	aff
A door is a structure.	structure	-5.241269588470459	aff	aff
A door is a wall.	wall	-4.691153049468994	aff	neg
A door is not a wall.	wall	-4.096820831298828	neg	neg
A door is not a structure.	structure	-4.744966506958008	neg	aff
An envelope is a letter.	letter	-4.59671688079834	aff	aff
An envelope is a device.	device	-5.404282569885254	aff	neg
An envelope is not a device.	device	-4.47360372543335	neg	neg
An envelope is not a letter.	letter	-3.8461813926696777	neg	aff
A gun is a weapon.	weapon	-4.336985111236572	aff	aff
A gun is a toy.	toy	-5.407798767089844	aff	neg
A gun is not a toy.	toy	-4.595706939697266	neg	neg
A gun is not a weapon.	weapon	-4.258096218109131	neg	aff
A watch is a device.	device	-5.972248077392578	aff	aff
A watch is a food.	food	-6.813752174377441	aff	neg
A watch is not a food.	food	-5.329843521118164	neg	neg
A watch is not a device.	device	-4.982743263244629	neg	aff
A TV is a device.	device	-5.348274230957031	aff	aff
A TV is a furniture.	furniture	-5.945688724517822	aff	neg
A TV is not a furniture.	furniture	-5.3330535888671875	neg	neg
A TV is not a device.	device	-4.9932708740234375	neg	aff
A smartphone is a device.	device	-4.574619293212891	aff	aff
A smartphone is a watch.	watch	-5.301449775695801	aff	neg
A smartphone is not a watch.	watch	-4.607542037963867	neg	neg
A smartphone is not a device.	device	-4.296097755432129	neg	aff
A seal is an animal.	animal	-3.9861717224121094	aff	aff
A seal is a plant.	plant	-4.8315863609313965	aff	neg
A seal is not a plant.	plant	-4.6843180656433105	neg	neg
A seal is not an animal.	animal	-4.248682975769043	neg	aff
A platypus is an animal.	animal	-3.048459529876709	aff	aff
A platypus is a fish.	fish	-3.3716137409210205	aff	neg
A platypus is not a fish.	fish	-3.2767276763916016	neg	neg
A platypus is not an animal.	animal	-3.2591333389282227	neg	aff
A spruce is a tree.	tree	-3.479651927947998	aff	aff
A spruce is a bush.	bush	-4.4903106689453125	aff	neg
A spruce is not a bush.	bush	-4.029735088348389	neg	neg
A spruce is not a tree.	tree	-3.443955421447754	neg	aff
A wrench is a tool.	tool	-4.722658157348633	aff	aff
A wrench is a machine.	machine	-5.112130165100098	aff	neg
A wrench is not a machine.	machine	-4.827971458435059	neg	neg
A wrench is not a tool.	tool	-4.468272686004639	neg	aff
A pan is an utensil.	utensil	-4.790049076080322	aff	aff
A pan is a pot.	pot	-4.3284912109375	aff	neg
A pan is not a pot.	pot	-4.099335670471191	neg	neg
A pan is not an utensil.	utensil	-4.217641830444336	neg	aff
A pot is an utensil.	utensil	-5.403555870056152	aff	aff
A pot is a flower.	flower	-5.208702087402344	aff	neg
A pot is not a flower.	flower	-4.66135311126709	neg	neg
A pot is not an utensil.	utensil	-4.532577037811279	neg	aff
A baby is an infant.	infant	-3.7285149097442627	aff	aff
A baby is a grown-up.	grown-up	-4.410781383514404	aff	neg
A baby is not a grown-up.	grown-up	-3.7667183876037598	neg	neg
A baby is not an infant.	infant	-3.8108747005462646	neg	aff
A loom is a tool.	tool	-4.278809070587158	aff	aff
A loom is a place.	place	-5.098537445068359	aff	neg
A loom is not a place.	place	-4.241907119750977	neg	neg
A loom is not a tool.	tool	-3.7912349700927734	neg	aff
A treatment is a therapy.	therapy	-5.735708236694336	aff	aff
A treatment is an iPod.	iPod	-6.871885776519775	aff	neg
A treatment is not an iPod.	iPod	-6.259302139282227	neg	neg
A treatment is not a therapy.	therapy	-4.956815719604492	neg	aff
An ox is an animal.	animal	-4.2113356590271	aff	aff
An ox is a plant.	plant	-4.5814385414123535	aff	neg
An ox is not a plant.	plant	-3.9868345260620117	neg	neg
An ox is not an animal.	animal	-3.580202102661133	neg	aff
A railroad is a transportation.	transportation	-6.452336311340332	aff	aff
A railroad is a bus.	bus	-6.167576789855957	aff	neg
A railroad is not a bus.	bus	-5.354208946228027	neg	neg
A railroad is not a transportation.	transportation	-5.7643561363220215	neg	aff
A mower is a machine.	machine	-5.892100811004639	aff	aff
A mower is a phone.	phone	-7.174652099609375	aff	neg
A mower is not a phone.	phone	-6.049749374389648	neg	neg
A mower is not a machine.	machine	-5.021531105041504	neg	aff
A factory is a building.	building	-4.871647834777832	aff	aff
A factory is a store.	store	-4.899644374847412	aff	neg
A factory is not a store.	store	-4.71630859375	neg	neg
A factory is not a building.	building	-4.558699131011963	neg	aff
A broccoli is a vegetable.	vegetable	-4.597829818725586	aff	aff
A broccoli is a fruit.	fruit	-5.557048797607422	aff	neg
A broccoli is not a fruit.	fruit	-5.107649326324463	neg	neg
A broccoli is not a vegetable.	vegetable	-4.594067573547363	neg	aff
A beat is a rhythm.	rhythm	-4.753088474273682	aff	aff
A beat is a melody.	melody	-5.774318218231201	aff	neg
A beat is not a melody.	melody	-5.037407875061035	neg	neg
A beat is not a rhythm.	rhythm	-4.512006759643555	neg	aff
A country is a land.	land	-4.626550674438477	aff	aff
A country is a sea.	sea	-5.184854984283447	aff	neg
A country is not a sea.	sea	-4.993030548095703	neg	neg
A country is not a land.	land	-4.69001579284668	neg	aff
A console is a furniture.	furniture	-6.120615005493164	aff	aff
A console is a building.	building	-5.076418399810791	aff	neg
A console is not a building.	building	-4.518327236175537	neg	neg
A console is not a furniture.	furniture	-5.323744773864746	neg	aff
A factory is a workplace.	workplace	-5.347910404205322	aff	aff
A factory is a mammal.	mammal	-4.830233573913574	aff	neg
A factory is not a mammal.	mammal	-4.8023505210876465	neg	neg
A factory is not a workplace.	workplace	-5.01359224319458	neg	aff
A farm is a place.	place	-5.1722636222839355	aff	aff
A farm is a mineral.	mineral	-7.141335964202881	aff	neg
A farm is not a mineral.	mineral	-5.845649719238281	neg	neg
A farm is not a place.	place	-4.597452163696289	neg	aff
A transistor is a device.	device	-4.261560440063477	aff	aff
A transistor is a toy.	toy	-5.676747798919678	aff	neg
A transistor is not a toy.	toy	-5.1569318771362305	neg	neg
A transistor is not a device.	device	-4.112720489501953	neg	aff
A viola is an instrument.	instrument	-4.151479244232178	aff	aff
A viola is a place.	place	-6.109872817993164	aff	neg
A viola is not a place.	place	-4.751027584075928	neg	neg
A viola is not an instrument.	instrument	-3.944206476211548	neg	aff
A monarchy is a government.	government	-5.39951229095459	aff	aff
A monarchy is a religion.	religion	-6.177010536193848	aff	neg
A monarchy is not a religion.	religion	-4.6418681144714355	neg	neg
A monarchy is not a government.	government	-4.396790981292725	neg	aff
A telescope is a device.	device	-4.997939586639404	aff	aff
A telescope is a toy.	toy	-6.14313268661499	aff	neg
A telescope is not a toy.	toy	-4.736875534057617	neg	neg
A telescope is not a device.	device	-4.987695217132568	neg	aff
A mango is a fruit.	fruit	-3.9000537395477295	aff	aff
A mango is a vegetable.	vegetable	-4.9749040603637695	aff	neg
A mango is not a vegetable.	vegetable	-4.410314559936523	neg	neg
A mango is not a fruit.	fruit	-3.928537130355835	neg	aff
A pilot is a professional.	professional	-5.474207878112793	aff	aff
A pilot is an amateur.	amateur	-6.417932987213135	aff	neg
A pilot is not an amateur.	amateur	-5.485982418060303	neg	neg
A pilot is not a professional.	professional	-5.232568740844727	neg	aff
A manager is a professional.	professional	-4.514603614807129	aff	aff
A manager is an amateur.	amateur	-5.855057716369629	aff	neg
A manager is not an amateur.	amateur	-4.79431676864624	neg	neg
A manager is not a professional.	professional	-4.088065147399902	neg	aff
A doctrine is a principle.	principle	-5.148565769195557	aff	aff
A doctrine is a person.	person	-6.870825290679932	aff	neg
A doctrine is not a person.	person	-5.394562721252441	neg	neg
A doctrine is not a principle.	principle	-4.898638725280762	neg	aff
A tennis is a sport.	sport	-5.202390670776367	aff	aff
A tennis is a vegetable.	vegetable	-5.995623588562012	aff	neg
A tennis is not a vegetable.	vegetable	-5.411929130554199	neg	neg
A tennis is not a sport.	sport	-4.945212364196777	neg	aff
A cap is a clothing.	clothing	-5.9465651512146	aff	aff
A cap is a person.	person	-5.204780578613281	aff	neg
A cap is not a person.	person	-4.454737663269043	neg	neg
A cap is not a clothing.	clothing	-5.311160564422607	neg	aff
A chairman is a human.	human	-6.2803544998168945	aff	aff
A chairman is a machine.	machine	-6.8641862869262695	aff	neg
A chairman is not a machine.	machine	-5.482119560241699	neg	neg
A chairman is not a human.	human	-5.714969635009766	neg	aff
A court is a room.	room	-4.995797157287598	aff	aff
A court is a tree.	tree	-5.1269731521606445	aff	neg
A court is not a tree.	tree	-4.879880428314209	neg	neg
A court is not a room.	room	-4.390703201293945	neg	aff
A court is a building.	building	-4.623733043670654	aff	aff
A court is a plant.	plant	-5.747416019439697	aff	neg
A cout is not a plant.	plant	-6.711108207702637	neg	neg
A cout is not a building.	building	-6.378421783447266	neg	aff
A painting is a drawing.	drawing	-5.158409595489502	aff	aff
A painting is a sculpture.	sculpture	-4.904785633087158	aff	neg
A painting is not a sculpture.	sculpture	-4.374456882476807	neg	neg
A painting is not a drawing.	drawing	-4.626019477844238	neg	aff
A guppy is a fish.	fish	-3.524608612060547	aff	aff
A guppy is a reptile.	reptile	-3.7163286209106445	aff	neg
A guppy is not a reptile.	reptile	-3.802168130874634	neg	neg
A guppy is not a fish.	fish	-3.5127832889556885	neg	aff
A ginger is a plant.	plant	-5.602958679199219	aff	aff
A ginger is a flavor.	flavor	-6.860633373260498	aff	neg
A ginger is not a flavor.	flavor	-6.031191825866699	neg	neg
A ginger is not a plant.	plant	-5.450478553771973	neg	aff
A goat is an animal.	animal	-4.852967739105225	aff	aff
A goat is a person.	person	-5.430318355560303	aff	neg
A goat is not a person.	person	-4.26264762878418	neg	neg
A goat is not an animal.	animal	-3.9437129497528076	neg	aff
A submarine is a vehicle.	vehicle	-5.538128852844238	aff	aff
A submarine is a fish.	fish	-5.516503810882568	aff	neg
A submarine is not a fish.	fish	-4.675992012023926	neg	neg
A submarine is not a vehicle.	vehicle	-4.56515645980835	neg	aff
A gift is a present.	present	-4.901753902435303	aff	aff
A gift is a feeling.	feeling	-6.574461460113525	aff	neg
A gift is not a feeling.	feeling	-5.516964912414551	neg	neg
A gift is not a present.	present	-4.238757610321045	neg	aff
A degree is a document.	document	-6.153079509735107	aff	aff
A degree is a person.	person	-5.043026447296143	aff	neg
A degree is not a person.	person	-4.2961015701293945	neg	neg
A degree is not a document.	document	-4.922990798950195	neg	aff
A swimming is a sport.	sport	-5.62266731262207	aff	aff
A swimming is a vegetable.	vegetable	-7.082645416259766	aff	neg
A swimming is not a vegetable.	vegetable	-6.135944366455078	neg	neg
A swimming is not a sport.	sport	-4.952930450439453	neg	aff
A basket is a container.	container	-4.474457740783691	aff	aff
A basket is a material.	material	-5.699159622192383	aff	neg
A basket is not a material.	material	-5.1017560958862305	neg	neg
A basket is not a container.	container	-3.9010608196258545	neg	aff
A television is an electronics.	electronics	-6.025918483734131	aff	aff
A television is a plant.	plant	-5.99201774597168	aff	neg
A television is not a plant.	plant	-5.260306358337402	neg	neg
A television is not an electronics.	electronics	-5.4094672203063965	neg	aff
A butterfly is an insect.	insect	-4.67532205581665	aff	aff
A butterfly is a mammal.	mammal	-4.609103202819824	aff	neg
A butterfly is not a mammal.	mammal	-4.711129188537598	neg	neg
A butterfly is not an insect.	insect	-4.085187911987305	neg	aff
A pill is a drug.	drug	-5.042342662811279	aff	aff
A pill is a food.	food	-5.534323215484619	aff	neg
A pill is not a food.	food	-5.058982849121094	neg	neg
A pill is not a drug.	drug	-4.5885329246521	neg	aff
A limousine is a vehicle.	vehicle	-4.513223648071289	aff	aff
A limousine is a flower.	flower	-5.276886940002441	aff	neg
A limousine is not a flower.	flower	-4.879210472106934	neg	neg
A limousine is not a vehicle.	vehicle	-4.108285903930664	neg	aff
A turkey is an animal.	animal	-4.264324188232422	aff	aff
A turkey is a plant.	plant	-5.310227394104004	aff	neg
A turkey is not a plant.	plant	-4.699743270874023	neg	neg
A turkey is not an animal.	animal	-4.356677055358887	neg	aff
A kangaroo is an animal.	animal	-3.4279563426971436	aff	aff
A kangaroo is a person.	person	-4.491039276123047	aff	neg
A kangaroo is not a person.	person	-3.9342148303985596	neg	neg
A kangaroo is not an animal.	animal	-3.533592939376831	neg	aff
A violine is an instrument.	instrument	-5.0619964599609375	aff	aff
A violine is a person.	person	-6.227328300476074	aff	neg
A violin is not a person.	person	-4.4780731201171875	neg	neg
A violin is not an instrument.	instrument	-4.063624382019043	neg	aff
A rug is a covering.	covering	-5.790084362030029	aff	aff
A rug is a vegetable.	vegetable	-6.753312110900879	aff	neg
A rug is not a vegetable.	vegetable	-5.671113967895508	neg	neg
A rug is not a covering.	covering	-5.5682525634765625	neg	aff
A parent is a guardian.	guardian	-4.557605743408203	aff	aff
A parent is a child.	child	-4.400241374969482	aff	neg
A parent is not a child.	child	-4.124166965484619	neg	neg
A parent is not a guardian.	guardian	-4.326928615570068	neg	aff
A student is a pupil.	pupil	-4.564079284667969	aff	aff
A student is a child.	child	-4.458423137664795	aff	neg
A student is not a child.	child	-4.024724960327148	neg	neg
A student is not a pupil.	pupil	-4.346708297729492	neg	aff
A bathroom is a room.	room	-4.917965888977051	aff	aff
A bathroom is a house.	house	-6.0388689041137695	aff	neg
A bathroom is not a house.	house	-4.952726364135742	neg	neg
A bathroom is not a room.	room	-4.441652774810791	neg	aff
A cloud is an atmospheric.	atmospheric	-6.414884090423584	aff	aff
A cloud is a star.	star	-5.017585277557373	aff	neg
A cloud is not a star.	star	-4.38899564743042	neg	neg
A cloud is not an atmospheric.	atmospheric	-6.365283012390137	neg	aff
A song is a music.	music	-4.759991645812988	aff	aff
A song is a noise.	noise	-5.052234172821045	aff	neg
A song is not a noise.	noise	-4.747252464294434	neg	neg
A song is not a music.	music	-4.475323677062988	neg	aff
A fly is an insect.	insect	-4.777839660644531	aff	aff
A fly is a tool.	tool	-5.8787055015563965	aff	neg
A fly is not a tool.	tool	-4.941349983215332	neg	neg
A fly is not an insect.	insect	-4.092754364013672	neg	aff
A worm is an invertebrate.	invertebrate	-3.3385186195373535	aff	aff
A worm is a vertebrate.	vertebrate	-4.760186195373535	aff	neg
A worm is not a vertebrate.	vertebrate	-4.376479625701904	neg	neg
A worm is not an invertebrate.	invertebrate	-3.870088577270508	neg	aff
A mother is a person.	person	-5.2870941162109375	aff	aff
A mother is a computer.	computer	-5.835605621337891	aff	neg
A mother is not a computer.	computer	-6.081474304199219	neg	neg
A mother is not a person.	person	-5.266839504241943	neg	aff
A sibling is a family.	family	-5.772773265838623	aff	aff
A sibling is a machine.	machine	-6.512254238128662	aff	neg
A sibling is not a machine.	machine	-5.841639518737793	neg	neg
A sibling is not a family.	family	-4.877955913543701	neg	aff
A vacation is a trip.	trip	-4.839025974273682	aff	aff
A vacation is a time.	time	-5.173351287841797	aff	neg
A vacation is not a time.	time	-5.329360008239746	neg	neg
A vacation is not a trip.	trip	-4.32171106338501	neg	aff
A fireplace is a structure.	structure	-5.471912384033203	aff	aff
A fireplace is a creature.	creature	-5.657844066619873	aff	neg
A fireplace is not a creature.	creature	-5.080282688140869	neg	neg
A fireplace is not a structure.	structure	-5.004583358764648	neg	aff
A basenji is a dog.	dog	-3.8495562076568604	aff	aff
A basenji is a cat.	cat	-4.452854156494141	aff	neg
A basenji is not a cat.	cat	-4.203045845031738	neg	neg
A basenji is not a dog.	dog	-3.8648040294647217	neg	aff
A chihuahua is a dog.	dog	-3.0710387229919434	aff	aff
A chihuahua is a reptile.	reptile	-3.21981143951416	aff	neg
A chihuahua is not a reptile.	reptile	-3.114485025405884	neg	neg
A chihuahua is not a dog.	dog	-2.8483564853668213	neg	aff
A dalmatian is a dog.	dog	-3.1062862873077393	aff	aff
A dalmatian is a horse.	horse	-4.130769729614258	aff	neg
A dalmatian is not a horse.	horse	-3.7279865741729736	neg	neg
A dalmatian is not a dog.	dog	-3.0707619190216064	neg	aff
A labrador is a dog.	dog	-4.59639310836792	aff	aff
A labrador is a bird.	bird	-5.977839946746826	aff	neg
A labrador is not a bird.	bird	-5.169976711273193	neg	neg
A labrador is not a dog.	dog	-4.469781398773193	neg	aff
A crocus is a flower.	flower	-3.679877281188965	aff	aff
A crocus is a bird.	bird	-4.909546852111816	aff	neg
A crocus is not a bird.	bird	-4.503212928771973	neg	neg
A crocus is not a flower.	flower	-3.8313093185424805	neg	aff
A raddish is a vegetable.	vegetable	-4.079321384429932	aff	aff
A raddish is a flower.	flower	-4.328117370605469	aff	neg
A raddish is not a flower.	flower	-4.07127571105957	neg	neg
A raddish is not a vegetable.	vegetable	-3.8174428939819336	neg	aff
A delphinium is a flower.	flower	-3.3441803455352783	aff	aff
A delphinium is an insect.	insect	-4.288051605224609	aff	neg
A delphinium is not an insect.	insect	-3.9808597564697266	neg	neg
A delphinium is not a flower.	flower	-3.4363880157470703	neg	aff
A chisel is a tool.	tool	-3.7679812908172607	aff	aff
A chisel is an insect.	insect	-4.707507133483887	aff	neg
A chisel is not an insect.	insect	-4.429609298706055	neg	neg
A chisel is not a tool.	tool	-3.2713472843170166	neg	aff
A money is a currency.	currency	-5.944197654724121	aff	aff
A money is a tool.	tool	-6.237454891204834	aff	neg
A money is not a tool.	tool	-5.512242794036865	neg	neg
A money is not a currency.	currency	-4.904611587524414	neg	aff
A boulder is a rock.	rock	-4.085453987121582	aff	aff
A boulder is a mammal.	mammal	-4.706446170806885	aff	neg
A boulder is not a mammal.	mammal	-4.380292892456055	neg	neg
A boulder is not a rock.	rock	-3.8398637771606445	neg	aff
A classroom is a room.	room	-4.512758255004883	aff	aff
A classroom is a tree.	tree	-4.620643615722656	aff	neg
A classroom is not a tree.	tree	-4.576859951019287	neg	neg
A classroom is not a room.	room	-3.8049819469451904	neg	aff
A park is a place.	place	-4.378370761871338	aff	aff
A park is an insect.	insect	-5.086080551147461	aff	neg
A park is not an insect.	insect	-4.812206268310547	neg	neg
A park is not a place.	place	-4.040783882141113	neg	aff
A drink is a beverage.	beverage	-4.178103446960449	aff	aff
A drink is a pie.	pie	-5.070285797119141	aff	neg
A drink is not a pie.	pie	-5.065742492675781	neg	neg
A drink is not a beverage.	beverage	-4.169142723083496	neg	aff
A dinosaur is a reptile.	reptile	-3.990277051925659	aff	aff
A dinosaur is a mammal.	mammal	-3.8003711700439453	aff	neg
A dinosaur is not a mammal.	mammal	-3.926130771636963	neg	neg
A dinosaur is not a reptile.	reptile	-3.80346417427063	neg	aff
A gull is a bird.	bird	-3.6168649196624756	aff	aff
A gull is a mammal.	mammal	-4.023194789886475	aff	neg
A gull is not a mammal.	mammal	-3.910794258117676	neg	neg
A gull is not a bird.	bird	-3.630769729614258	neg	aff
A liver is an organ.	organ	-5.33711576461792	aff	aff
A liver is a glass.	glass	-7.394516944885254	aff	neg
A liver is not a glass.	glass	-5.838076591491699	neg	neg
A liver is not an organ.	organ	-4.653044700622559	neg	aff
A coat is a garment.	garment	-5.880282878875732	aff	aff
A coat is a house.	house	-6.188575744628906	aff	neg
A coat is not a house.	house	-4.426989555358887	neg	neg
A coat is not a garment.	garment	-4.269137859344482	neg	aff
A bedroom is a room.	room	-4.720736980438232	aff	aff
A bedroom is a house.	house	-5.755815029144287	aff	neg
A bedroom is not a house.	house	-4.638820171356201	neg	neg
A bedroom is not a room.	room	-4.306199073791504	neg	aff
A garlic is a vegetable.	vegetable	-5.927191257476807	aff	aff
A garlic is a fruit.	fruit	-6.009593486785889	aff	neg
A garlic is not a fruit.	fruit	-5.65029239654541	neg	neg
A garlic is not a vegetable.	vegetable	-5.493490219116211	neg	aff
A wallet is an accessory.	accessory	-5.0244245529174805	aff	aff
A wallet is a food.	food	-5.901909828186035	aff	neg
A wallet is not a food.	food	-4.9540886878967285	neg	neg
A wallet is not an accessory.	accessory	-4.996823787689209	neg	aff
A race is a competition.	competition	-4.81226921081543	aff	aff
A race is a party.	party	-5.687289714813232	aff	neg
A race is not a party.	party	-5.279666900634766	neg	neg
A race is not a competition.	competition	-4.508464813232422	neg	aff
A university is an institution.	institution	-5.070860385894775	aff	aff
A university is a tree.	tree	-5.193110942840576	aff	neg
A university is not a tree.	tree	-5.162039279937744	neg	neg
A university is not an institution.	institution	-4.693325996398926	neg	aff
A belt is an accessory.	accessory	-6.042125225067139	aff	aff
A belt is a food.	food	-6.648205757141113	aff	neg
A belt is not a food.	food	-5.494435787200928	neg	neg
A belt is not an accessory.	accessory	-5.552145957946777	neg	aff
A carp is a fish.	fish	-6.191726207733154	aff	aff
A carp is a reptile.	reptile	-5.791667938232422	aff	neg
A carp is not a reptile.	reptile	-5.409658432006836	neg	neg
A carp is not a fish.	fish	-5.464379787445068	neg	aff
A washer is a machine.	machine	-5.599898815155029	aff	aff
A washer is a person.	person	-5.462077617645264	aff	neg
A washer is not a person.	person	-5.065295696258545	neg	neg
A washer is not a machine.	machine	-4.561763763427734	neg	aff
A dryer is a machine.	machine	-5.3106513023376465	aff	aff
A dryer is a place.	place	-6.144748210906982	aff	neg
A dryer is not a place.	place	-5.371440410614014	neg	neg
A dryer is not a machine.	machine	-4.59837532043457	neg	aff
A stove is a device.	device	-5.677881717681885	aff	aff
A stove is a room.	room	-6.127594470977783	aff	neg
A stove is not a room.	room	-4.976285934448242	neg	neg
A stove is not a device.	device	-5.024797439575195	neg	aff
A souffle is a recipe.	recipe	-3.621047019958496	aff	aff
A souffle is a tool.	tool	-4.242828845977783	aff	neg
A souffle is not a tool.	tool	-4.055201530456543	neg	neg
A souffle is not a recipe.	recipe	-3.656318426132202	neg	aff
A plum is a fruit.	fruit	-3.975111722946167	aff	aff
A plum is a tool.	tool	-6.480406284332275	aff	neg
A plum is not a tool.	tool	-5.538573741912842	neg	neg
A plum is not a fruit.	fruit	-4.357298851013184	neg	aff
A meeting is an event.	event	-5.068301677703857	aff	aff
A meeting is a person.	person	-5.630645275115967	aff	neg
A meeting is not a person.	person	-5.067154407501221	neg	neg
A meeting is not an event.	event	-4.816215515136719	neg	aff
An anvil is a tool.	tool	-3.6885619163513184	aff	aff
An anvil is a rock.	rock	-3.672264575958252	aff	neg
An anvil is not a rock.	rock	-3.8545444011688232	neg	neg
An anvil is not a tool.	tool	-3.4912490844726562	neg	aff
A scissor is a tool.	tool	-4.0762248039245605	aff	aff
A scissor is a plant.	plant	-5.088311672210693	aff	neg
An scissor is not a plant.	plant	-5.3466572761535645	neg	neg
An scissor is not a tool.	tool	-4.605435371398926	neg	aff
A screw is a tool.	tool	-4.928849697113037	aff	aff
A screw is a drink.	drink	-7.099420070648193	aff	neg
A screw is not a drink.	drink	-5.78626012802124	neg	neg
A screw is not a tool.	tool	-4.354752540588379	neg	aff
A manager is a supervisor.	supervisor	-4.333554744720459	aff	aff
A manager is a place.	place	-5.310122966766357	aff	neg
A manager is not a place.	place	-4.820324897766113	neg	neg
A manager is not a supervisor.	supervisor	-3.94895601272583	neg	aff
A motel is a building.	building	-6.22457218170166	aff	aff
A motel is an animal.	animal	-7.232582092285156	aff	neg
A model is not an animal.	animal	-4.773449897766113	neg	neg
A model is not a building.	building	-4.353166580200195	neg	aff
An autobiography is a book.	book	-4.262973785400391	aff	aff
An autobiography is a chair.	chair	-6.584117889404297	aff	neg
An autobiography is not a chair.	chair	-5.713677883148193	neg	neg
An autobiography is not a book.	book	-3.8197991847991943	neg	aff
A wren is a bird.	bird	-3.1607987880706787	aff	aff
A wren is a mammal.	mammal	-3.609384536743164	aff	neg
A wren is not a mammal.	mammal	-3.691537618637085	neg	neg
A wren is not a bird.	bird	-3.387075185775757	neg	aff
A spider is an arachnid.	arachnid	-3.237197160720825	aff	aff
A spider is a plant.	plant	-4.756474494934082	aff	neg
A spider is not a plant.	plant	-4.24097204208374	neg	neg
A spider is not an arachnid.	arachnid	-3.2889180183410645	neg	aff
A blouse is a clothing.	clothing	-7.236355781555176	aff	aff
A blouse is a jewelry.	jewelry	-7.152371406555176	aff	neg
A blouse is not a jewelry.	jewelry	-5.776359558105469	neg	neg
A blouse is not a clothing.	clothing	-5.649871826171875	neg	aff
A cape is a clothing.	clothing	-5.8777689933776855	aff	aff
A cape is a drink.	drink	-6.388835906982422	aff	neg
A cape is not a drink.	drink	-5.6904425621032715	neg	neg
A cape is not a clothing.	clothing	-5.5905609130859375	neg	aff
A metro is a train.	train	-4.679223537445068	aff	aff
A metro is a bus.	bus	-5.436452865600586	aff	neg
A metro is not a bus.	bus	-5.023816108703613	neg	neg
A metro is not a train.	train	-4.670220851898193	neg	aff
A macaw is a bird.	bird	-3.4529941082000732	aff	aff
A macaw is a grain.	grain	-5.804106712341309	aff	neg
A macaw is not a grain.	grain	-4.9918036460876465	neg	neg
A macaw is not a bird.	bird	-3.578878879547119	neg	aff
An eel is a fish.	fish	-3.074294090270996	aff	aff
An eel is a vegetable.	vegetable	-4.340383052825928	aff	neg
An eel is not a vegetable.	vegetable	-3.9102108478546143	neg	neg
An eel is not a fish.	fish	-3.2280433177948	neg	aff
A pelican is a bird.	bird	-4.236833572387695	aff	aff
A pelican is a bacterium.	bacterium	-5.690637588500977	aff	neg
A pelican is not a bacterium.	bacterium	-5.364641189575195	neg	neg
A pelican is not a bird.	bird	-4.547623634338379	neg	aff
A bunny is an animal.	animal	-5.627172946929932	aff	aff
A bunny is a fungus.	fungus	-7.236384868621826	aff	neg
A bunny is not a fungus.	fungus	-5.8594560623168945	neg	neg
A bunny is not an animal.	animal	-4.811013221740723	neg	aff
A spaceship is a vehicle.	vehicle	-5.787838935852051	aff	aff
A spaceship is a toy.	toy	-5.7817864418029785	aff	neg
A spaceship is not a toy.	toy	-4.66585636138916	neg	neg
A spaceship is not a vehicle.	vehicle	-4.729400634765625	neg	aff
A toucan is a bird.	bird	-3.1623692512512207	aff	aff
A toucan is a fruit.	fruit	-4.095917701721191	aff	neg
A toucan is not a fruit.	fruit	-4.25844669342041	neg	neg
A toucan is not a bird.	bird	-3.5688140392303467	neg	aff
A koi is a fish.	fish	-4.308825969696045	aff	aff
A koi is a plant.	plant	-5.1154279708862305	aff	neg
A koi is not a plant.	plant	-4.6981520652771	neg	neg
A koi is not a fish.	fish	-4.244576454162598	neg	aff
A brush is a tool.	tool	-4.423736095428467	aff	aff
A brush is a toy.	toy	-5.3213677406311035	aff	neg
A brush is not a toy.	toy	-4.333794593811035	neg	neg
A brush is not a tool.	tool	-3.949754476547241	neg	aff
A wheelbarrow is a vehicle.	vehicle	-3.61989164352417	aff	aff
A wheelbarrow is a flower.	flower	-4.437621116638184	aff	neg
A wheelbarrow is not a flower.	flower	-3.950429916381836	neg	neg
A wheelbarrow is not a vehicle.	vehicle	-3.226257801055908	neg	aff
A unicycle is a vehicle.	vehicle	-4.218695640563965	aff	aff
A unicycle is a flower.	flower	-4.669500350952148	aff	neg
A unicycle is not a flower.	flower	-4.7512946128845215	neg	neg
A unicycle is not a vehicle.	vehicle	-3.9354088306427	neg	aff
A bike is a machine.	machine	-5.280876159667969	aff	aff
A bike is a flower.	flower	-5.943609237670898	aff	neg
A bike is not a flower.	flower	-4.9780988693237305	neg	neg
A bike is not a machine.	machine	-4.12401008605957	neg	aff
A skateboard is a vehicle.	vehicle	-4.944697856903076	aff	aff
A skateboard is a flower.	flower	-6.422466278076172	aff	neg
A skateboard is not a flower.	flower	-5.41795539855957	neg	neg
A skateboard is not a vehicle.	vehicle	-4.473484516143799	neg	aff
A stroller is a vehicle.	vehicle	-4.557320594787598	aff	aff
A stroller is a flower.	flower	-5.487637996673584	aff	neg
A stroller is not a flower.	flower	-4.78551721572876	neg	neg
A stroller is not a vehicle.	vehicle	-3.8294200897216797	neg	aff
A wagon is a vehicle.	vehicle	-4.961388111114502	aff	aff
A wagon is a flower.	flower	-6.2607316970825195	aff	neg
A wagon is not a flower.	flower	-5.2561564445495605	neg	neg
A wagon is not a vehicle.	vehicle	-4.239439010620117	neg	aff
A corporation is a business.	business	-4.028676986694336	aff	aff
A corporation is a toy.	toy	-6.525269508361816	aff	neg
A corporation is not a toy.	toy	-5.28577995300293	neg	neg
A corporation is not a business.	business	-4.200740814208984	neg	aff
A camera is a device.	device	-4.936941623687744	aff	aff
A camera is a plant.	plant	-5.574044704437256	aff	neg
A camera is not a plant.	plant	-5.023718357086182	neg	neg
A camera is not a device.	device	-4.581400394439697	neg	aff
A chainsaw is a tool.	tool	-3.4021260738372803	aff	aff
A chainsaw is a toy.	toy	-4.309965133666992	aff	neg
A chainsaw is not a toy.	toy	-3.4266629219055176	neg	neg
A chainsaw is not a tool.	tool	-3.132708787918091	neg	aff
A bobcat is a carnivore.	carnivore	-3.375680685043335	aff	aff
A bobcat is a plant.	plant	-5.201321601867676	aff	neg
A bobcat is not a plant.	plant	-4.647940158843994	neg	neg
A bobcat is not a carnivore.	carnivore	-3.942610263824463	neg	aff
A tractor is a machine.	machine	-5.372716426849365	aff	aff
A tractor is an animal.	animal	-5.6180267333984375	aff	neg
A tractor is not an animal.	animal	-4.620044708251953	neg	neg
A tractor is not a machine.	machine	-4.20541524887085	neg	aff
A camel is a mammals.	mammals	-5.842381954193115	aff	aff
A camel is a reptile.	reptile	-4.257810115814209	aff	neg
A camel is not a reptile.	reptile	-3.9840259552001953	neg	neg
A camel is not a mammals.	mammals	-5.320734024047852	neg	aff
An apartment is a house.	house	-4.572923183441162	aff	aff
An apartment is a plant.	plant	-5.572936534881592	aff	neg
An apartment is not a plant.	plant	-4.863170623779297	neg	neg
An apartment is not a house.	house	-3.804995536804199	neg	aff
