context	target	target_logprob	best_target_variation	tokens	ctx_polarity	tgt_polarity
A cat is an	animal	-2.219843	Ġanimal	['animal', 'excellent', 'important', 'example', 'amazing']	aff	aff
A cat is a	machine	-6.8047132	Ġmachine	['cat', 'very', 'great', 'good', 'dog']	aff	neg
A cat is not a	machine	-5.945636	Ġmachine	['cat', 'dog', 'good', 'man', 'human']	neg	neg
A cat is not an	animal	-1.613699	Ġanimal	['animal', 'option', 'un', 'object', 'easy']	neg	aff
A computer is a	machine	-3.146124	Ġmachine	['computer', 'machine', 'very', 'device', 'tool']	aff	aff
A computer is a	person	-6.136717	Ġperson	['computer', 'machine', 'very', 'device', 'tool']	aff	neg
A computer is not a	person	-4.5885525	Ġperson	['machine', 'computer', 'human', 'device', 'good']	neg	neg
A computer is not a	machine	-2.6915379	Ġmachine	['machine', 'computer', 'human', 'device', 'good']	neg	aff
A book is a	text	-5.2813625	Ġtext	['book', 'great', 'work', 'collection', 'good']	aff	aff
A book is a	person	-7.169113	Ġperson	['book', 'great', 'work', 'collection', 'good']	aff	neg
A book is not a	person	-6.865699	Ġperson	"['book', 'novel', 'work', 'good', '""']"	neg	neg
A book is not a	text	-5.772156	Ġtext	"['book', 'novel', 'work', 'good', '""']"	neg	aff
A dog is an	animal	-1.8441334	Ġanimal	['animal', 'excellent', 'example', 'important', 'amazing']	aff	aff
A dog is a	plant	-8.850713	Ġplant	['dog', 'very', 'great', 'good', 'man']	aff	neg
A dog is not a	plant	-7.3097124	Ġplant	['dog', 'man', 'human', 'good', 'person']	neg	neg
A dog is not an	animal	-1.5763302	Ġanimal	['animal', 'object', 'innocent', 'enemy', 'un']	neg	aff
A monkey is an	animal	-2.874939	Ġanimal	['animal', 'example', 'excellent', 'important', 'interesting']	aff	aff
A monkey is a	toy	-7.3717613	Ġtoy	['very', 'monkey', 'great', 'good', 'man']	aff	neg
A monkey is not a	toy	-6.533614	Ġtoy	['monkey', 'human', 'man', 'child', 'good']	neg	neg
A monkey is not an	animal	-2.0072136	Ġanimal	['animal', 'object', 'expert', 'example', 'intelligent']	neg	aff
A rabbit is an	animal	-2.4661713	Ġanimal	['animal', 'excellent', 'example', 'important', 'interesting']	aff	aff
A rabbit is a	plant	-7.8298235	Ġplant	['very', 'good', 'great', 'rabbit', 'small']	aff	neg
A rabbit is not a	plant	-7.039131	Ġplant	['rabbit', 'good', 'dog', 'human', 'horse']	neg	neg
A rabbit is not an	animal	-1.6090546	Ġanimal	['animal', 'object', 'easy', 'un', 'ideal']	neg	aff
A human is a	mammal	-6.2797117	Ġmamm	['human', 'machine', 'person', 'very', 'creature']	aff	aff
A human is a	device	-7.6301813	Ġdevice	['human', 'machine', 'person', 'very', 'creature']	aff	neg
A human is not a	device	-6.7981462	Ġdevice	['machine', 'human', 'robot', 'computer', 'god']	neg	neg
A human is not a	mammal	-6.902318	Ġmamm	['machine', 'human', 'robot', 'computer', 'god']	neg	aff
A laptop is a	device	-4.552908	Ġdevice	['great', 'good', 'very', 'laptop', 'computer']	aff	aff
A laptop is a	toy	-7.373459	Ġtoy	['great', 'good', 'very', 'laptop', 'computer']	aff	neg
A laptop is not a	toy	-4.9052296	Ġtoy	['laptop', 'good', 'computer', 'new', 'smart']	neg	neg
A laptop is not a	device	-4.53224	Ġdevice	['laptop', 'good', 'computer', 'new', 'smart']	neg	aff
An earphone is a	device	-1.7323456	Ġdevice	['device', 'type', 'small', 'microphone', 'portable']	aff	aff
An earphone is a	toy	-7.2963924	Ġtoy	['device', 'type', 'small', 'microphone', 'portable']	aff	neg
An earphone is not a	toy	-4.820719	Ġtoy	['necessity', 'good', 'device', 'very', 'sound']	neg	neg
An earphone is not a	device	-3.6340141	Ġdevice	['necessity', 'good', 'device', 'very', 'sound']	neg	aff
A book is a	creation	-7.6640882	Ġcreation	['book', 'great', 'work', 'collection', 'good']	aff	aff
A book is an	utensil	-10.369089	Ġut	['excellent', 'important', 'essential', 'amazing', 'interesting']	aff	neg
A book is not an	utensil	-8.690197	Ġut	"['object', 'easy', 'exact', 'excuse', '""']"	neg	neg
A book is not a	creation	-7.418146	Ġcreation	"['book', 'novel', 'work', 'good', '""']"	neg	aff
A house is a	building	-5.1390114	Ġbuilding	['house', 'place', 'home', 'good', 'great']	aff	aff
A house is a	plant	-9.09293	Ġplant	['house', 'place', 'home', 'good', 'great']	aff	neg
A house is not a	plant	-8.416662	Ġplant	['house', 'home', 'place', 'castle', 'palace']	neg	neg
A house is not a	building	-4.4656734	Ġbuilding	['house', 'home', 'place', 'castle', 'palace']	neg	aff
A school is a	building	-6.1818943	Ġbuilding	['place', 'great', 'school', 'good', 'very']	aff	aff
A school is a	toy	-8.913476	Ġtoy	['place', 'great', 'school', 'good', 'very']	aff	neg
A school is not a	toy	-6.919718	Ġtoy	['school', 'place', 'good', 'âĢľ', 'public']	neg	neg
A school is not a	building	-6.031025	Ġbuilding	['school', 'place', 'good', 'âĢľ', 'public']	neg	aff
A phone is a	device	-4.6346626	Ġdevice	['phone', 'great', 'very', 'good', 'telephone']	aff	aff
A phone is a	rock	-9.109011	Ġrock	['phone', 'great', 'very', 'good', 'telephone']	aff	neg
A phone is not a	rock	-8.790449	Ġrock	['phone', 'good', 'substitute', 'telephone', 'mobile']	neg	neg
A phone is not a	device	-4.4202003	Ġdevice	['phone', 'good', 'substitute', 'telephone', 'mobile']	neg	aff
A fork is an	utensil	-10.2669735	Ġut	['alternative', 'example', 'open', 'attempt', 'option']	aff	aff
A fork is a	knife	-6.9074297	Ġknife	['fork', 'good', 'very', 'way', 'new']	aff	neg
A fork is not a	knife	-6.474492	Ġknife	"['fork', 'good', 'new', 'problem', '""']"	neg	neg
A fork is not an	utensil	-9.161356	Ġut	['option', 'end', 'easy', 'accident', 'issue']	neg	aff
A knife is a	tool	-3.1565857	Ġtool	['knife', 'weapon', 'very', 'tool', 'great']	aff	aff
A knife is a	fruit	-9.057396	Ġfruit	['knife', 'weapon', 'very', 'tool', 'great']	aff	neg
A knife is not a	fruit	-8.492048	Ġfruit	['weapon', 'knife', 'tool', 'sword', 'very']	neg	neg
A knife is not a	tool	-3.5567474	Ġtool	['weapon', 'knife', 'tool', 'sword', 'very']	neg	aff
A boat is a	vehicle	-5.0566235	Ġvehicle	['good', 'great', 'boat', 'very', 'vessel']	aff	aff
A boat is a	mammal	-8.332348	Ġmamm	['good', 'great', 'boat', 'very', 'vessel']	aff	neg
A boat is not a	mammal	-8.922029	Ġmamm	['boat', 'good', 'vessel', 'luxury', 'ship']	neg	neg
A boat is not a	vehicle	-4.658161	Ġvehicle	['boat', 'good', 'vessel', 'luxury', 'ship']	neg	aff
A grape is a	fruit	-3.3335476	Ġfruit	['very', 'fruit', 'good', 'member', 'grape']	aff	aff
A grape is a	vegetable	-5.984846	Ġvegetable	['very', 'fruit', 'good', 'member', 'grape']	aff	neg
A grape is not a	vegetable	-4.3571854	Ġvegetable	['fruit', 'grape', 'good', 'wine', 'plant']	neg	neg
A grape is not a	fruit	-2.8508778	Ġfruit	['fruit', 'grape', 'good', 'wine', 'plant']	neg	aff
A pigeon is a	bird	-3.3464603	Ġbird	['very', 'bird', 'good', 'great', 'pig']	aff	aff
A pigeon is a	plant	-7.9546804	Ġplant	['very', 'bird', 'good', 'great', 'pig']	aff	neg
A pigeon is not a	plant	-7.4292107	Ġplant	['bird', 'pig', 'good', 'very', 'real']	neg	neg
A pigeon is not a	bird	-2.560526	Ġbird	['bird', 'pig', 'good', 'very', 'real']	neg	aff
A spoon is an	utensil	-7.9386826	Ġut	['excellent', 'important', 'instrument', 'essential', 'effective']	aff	aff
A spoon is a	reptile	-10.544591	ĠRe	['very', 'great', 'good', 'spoon', 'tool']	aff	neg
A spoon is not a	reptile	-10.427423	ĠRe	['spoon', 'tool', 'very', 'good', 'weapon']	neg	neg
A spoon is not an	utensil	-7.4417715	Ġut	['instrument', 'adequate', 'easy', 'effective', 'ideal']	neg	aff
A person is a	mammal	-7.8370657	ĠM	"['person', 'citizen', 'member', '""', 'victim']"	aff	aff
A person is a	reptile	-8.962715	Ġrept	"['person', 'citizen', 'member', '""', 'victim']"	aff	neg
A person is not a	reptile	-8.715269	Ġrept	['person', 'citizen', 'member', 'human', 'man']	neg	neg
A person is not a	mammal	-8.304968	ĠM	['person', 'citizen', 'member', 'human', 'man']	neg	aff
A fig is a	tree	-5.131996	Ġtree	['very', 'good', 'symbol', 'great', 'little']	aff	aff
A fig is a	mineral	-10.980963	Ġmineral	['very', 'good', 'symbol', 'great', 'little']	aff	neg
A fig is not a	mineral	-11.047461	Ġmineral	['fig', 'tree', 'figure', 'Ċ', 'good']	neg	neg
A fig is not a	tree	-3.8233643	Ġtree	['fig', 'tree', 'figure', 'Ċ', 'good']	neg	aff
A rock is a	mineral	-7.537963	Ġmineral	['very', 'good', 'great', 'rock', 'symbol']	aff	aff
A rock is a	vegetable	-9.018702	Ġvegetable	['very', 'good', 'great', 'rock', 'symbol']	aff	neg
A rock is not a	vegetable	-7.68559	Ġvegetable	['rock', 'stone', 'good', 'thing', 'Ċ']	neg	neg
A rock is not a	mineral	-7.126461	Ġmineral	['rock', 'stone', 'good', 'thing', 'Ċ']	neg	aff
A book is a	publication	-6.5273304	Ġpublication	['book', 'great', 'work', 'collection', 'good']	aff	aff
A book is a	mammal	-9.073486	Ġmamm	['book', 'great', 'work', 'collection', 'good']	aff	neg
A book is not a	mammal	-10.116011	ĠM	"['book', 'novel', 'work', 'good', '""']"	neg	neg
A book is not a	publication	-6.7516947	Ġpublication	"['book', 'novel', 'work', 'good', '""']"	neg	aff
A bee is an	insect	-2.442337	Ġinsect	['insect', 'important', 'excellent', 'example', 'animal']	aff	aff
A bee is a	mammal	-7.2308674	Ġmamm	['very', 'good', 'great', 'member', 'queen']	aff	neg
A bee is not a	mammal	-7.08587	Ġmamm	['human', 'bee', 'man', 'good', 'queen']	neg	neg
A bee is not an	insect	-1.9956875	Ġinsect	['insect', 'animal', 'enemy', 'ant', 'un']	neg	aff
A cat is a	mammal	-6.3927536	Ġmamm	['cat', 'very', 'great', 'good', 'dog']	aff	aff
A cat is a	reptile	-7.030363	Ġrept	['cat', 'very', 'great', 'good', 'dog']	aff	neg
A cat is not a	reptile	-6.751092	Ġrept	['cat', 'dog', 'good', 'man', 'human']	neg	neg
A cat is not a	mammal	-6.467702	Ġmamm	['cat', 'dog', 'good', 'man', 'human']	neg	aff
A snake is a	reptile	-5.3396053	Ġrept	['very', 'snake', 'great', 'good', 'symbol']	aff	aff
A snake is a	mammal	-8.117353	Ġmamm	['very', 'snake', 'great', 'good', 'symbol']	aff	neg
A snake is not a	mammal	-8.29848	Ġmamm	['snake', 'good', 'serpent', 'man', 'person']	neg	neg
A snake is not a	reptile	-5.100502	Ġrept	['snake', 'good', 'serpent', 'man', 'person']	neg	aff
A donkey is an	animal	-1.905262	Ġanimal	['animal', 'excellent', 'example', 'important', 'old']	aff	aff
A donkey is a	person	-5.2607994	Ġperson	['very', 'donkey', 'good', 'great', 'beast']	aff	neg
A donkey is not a	person	-4.251095	Ġperson	['donkey', 'good', 'horse', 'man', 'beast']	neg	neg
A donkey is not an	animal	-1.051588	Ġanimal	['animal', 'option', 'object', 'easy', 'un']	neg	aff
A squirrel is an	animal	-2.7808628	Ġanimal	['excellent', 'animal', 'example', 'endangered', 'important']	aff	aff
A squirrel is a	mineral	-11.324883	Ġmineral	['very', 'good', 'great', 'small', 'little']	aff	neg
A squirrel is not a	mineral	-11.602598	Ġmineral	['squir', 'good', 'very', 'real', 'dog']	neg	neg
A squirrel is not an	animal	-1.7473354	Ġanimal	['animal', 'endangered', 'easy', 'intelligent', 'un']	neg	aff
A cobra is a	reptile	-4.59857	Ġrept	['venom', 'very', 'species', 'common', 'large']	aff	aff
A cobra is a	mineral	-10.981471	Ġmineral	['venom', 'very', 'species', 'common', 'large']	aff	neg
A cobra is not a	mineral	-11.333267	Ġmineral	['snake', 'cob', 'real', 'venom', 'poison']	neg	neg
A cobra is not a	reptile	-4.6623344	Ġrept	['snake', 'cob', 'real', 'venom', 'poison']	neg	aff
A turtle is a	reptile	-5.7358	Ġrept	['very', 'turtle', 'good', 'great', 'member']	aff	aff
A turtle is a	bird	-5.5655994	Ġbird	['very', 'turtle', 'good', 'great', 'member']	aff	neg
A turtle is not a	bird	-4.5970726	Ġbird	"['turtle', 'human', 'real', '""', 'person']"	neg	neg
A turtle is not a	reptile	-5.3696632	Ġrept	"['turtle', 'human', 'real', '""', 'person']"	neg	aff
A bird is an	animal	-2.0577297	Ġanimal	['animal', 'insect', 'example', 'important', 'excellent']	aff	aff
A bird is a	mineral	-10.283403	Ġmineral	['bird', 'symbol', 'very', 'great', 'good']	aff	neg
A bird is not a	mineral	-9.717613	Ġmineral	['bird', 'human', 'man', 'person', 'beast']	neg	neg
A bird is not an	animal	-1.3571701	Ġanimal	['animal', 'insect', 'object', 'island', 'enemy']	neg	aff
A car is a	vehicle	-3.748991	Ġvehicle	['good', 'car', 'very', 'great', 'vehicle']	aff	aff
A car is a	bush	-10.961055	Ġbush	['good', 'car', 'very', 'great', 'vehicle']	aff	neg
A car is not a	bush	-10.269208	Ġbush	"['car', 'good', 'vehicle', 'luxury', ""'""]"	neg	neg
A car is not a	vehicle	-3.5594692	Ġvehicle	"['car', 'good', 'vehicle', 'luxury', ""'""]"	neg	aff
A rose is a	flower	-2.7672386	Ġflower	['rose', 'flower', 'beautiful', 'symbol', 'very']	aff	aff
A rose is a	weed	-8.699224	Ġweed	['rose', 'flower', 'beautiful', 'symbol', 'very']	aff	neg
A rose is not a	weed	-8.465466	Ġweed	['rose', 'flower', 'good', 'thing', 'true']	neg	neg
A rose is not a	flower	-2.8248558	Ġflower	['rose', 'flower', 'good', 'thing', 'true']	neg	aff
A lily is a	flower	-4.1512833	Ġflower	['very', 'beautiful', 'plant', 'member', 'small']	aff	aff
A lily is a	tree	-6.0666437	Ġtree	['very', 'beautiful', 'plant', 'member', 'small']	aff	neg
A lily is not a	tree	-4.9041843	Ġtree	['flower', 'plant', 'l', 'Ċ', 'vegetable']	neg	neg
A lily is not a	flower	-2.6216621	Ġflower	['flower', 'plant', 'l', 'Ċ', 'vegetable']	neg	aff
A daisy is a	flower	-4.75404	Ġflower	['very', 'small', 'beautiful', 'common', 'good']	aff	aff
A daisy is a	tree	-6.24273	Ġtree	['very', 'small', 'beautiful', 'common', 'good']	aff	neg
A daisy is not a	tree	-5.2465706	Ġtree	['good', 'flower', 'very', 'plant', 'real']	neg	neg
A daisy is not a	flower	-3.8386993	Ġflower	['good', 'flower', 'very', 'plant', 'real']	neg	aff
A tulip is a	flower	-4.6511536	Ġflower	['very', 'species', 'common', 'small', 'rare']	aff	aff
A tulip is a	tree	-5.6530704	Ġtree	['very', 'species', 'common', 'small', 'rare']	aff	neg
A tulip is not a	tree	-5.1584034	Ġtree	['t', 'species', 'single', 'good', 'common']	neg	neg
A tulip is not a	flower	-4.365238	Ġflower	['t', 'species', 'single', 'good', 'common']	neg	aff
A snake is an	animal	-2.4856453	Ġanimal	['animal', 'excellent', 'important', 'extremely', 'interesting']	aff	aff
A snake is a	toy	-8.523486	Ġtoy	['very', 'snake', 'great', 'good', 'symbol']	aff	neg
A snake is not a	toy	-6.4861946	Ġtoy	['snake', 'good', 'serpent', 'man', 'person']	neg	neg
A snake is not an	animal	-1.8326054	Ġanimal	['animal', 'enemy', 'insect', 'evil', 'object']	neg	aff
A crocodile is an	animal	-2.7571468	Ġanimal	['endangered', 'animal', 'extremely', 'ancient', 'African']	aff	aff
A crocodile is a	mammal	-5.5367126	Ġmamm	['very', 'large', 'common', 'big', 'species']	aff	neg
A crocodile is not a	mammal	-5.8846064	Ġmamm	['good', 'very', 'threat', 'real', 'cro']	neg	neg
A crocodile is not an	animal	-1.618494	Ġanimal	['animal', 'endangered', 'easy', 'uncommon', 'attractive']	neg	aff
A mice is a	rodent	-8.3554535	Ġrodent	['good', 'very', 'model', 'little', 'significant']	aff	aff
A mice is a	toy	-9.819971	Ġtoy	['good', 'very', 'model', 'little', 'significant']	aff	neg
A mice is not a	toy	-8.861058	Ġtoy	['good', 'reliable', 'model', 'problem', 'suitable']	neg	neg
A mice is not a	rodent	-8.816029	Ġrodent	['good', 'reliable', 'model', 'problem', 'suitable']	neg	aff
A horse is an	animal	-1.8032284	Ġanimal	['animal', 'excellent', 'important', 'example', 'extremely']	aff	aff
A horse is a	person	-5.6738663	Ġperson	['horse', 'very', 'good', 'great', 'beast']	aff	neg
A horse is not a	person	-4.7247066	Ġperson	['horse', 'good', 'beast', 'man', 'Ċ']	neg	neg
A horse is not an	animal	-1.6793118	Ġanimal	['animal', 'object', 'easy', 'option', 'ordinary']	neg	aff
A mouse is an	animal	-2.716055	Ġanimal	['excellent', 'animal', 'ideal', 'example', 'important']	aff	aff
A mouse is a	toy	-8.098972	Ġtoy	['very', 'good', 'great', 'little', 'model']	aff	neg
A mouse is not a	toy	-6.751771	Ġtoy	"['good', 'mouse', 'human', 'model', '""']"	neg	neg
A mouse is not an	animal	-2.1457176	Ġanimal	['animal', 'ideal', 'appropriate', 'optimal', 'effective']	neg	aff
A salmon is a	fish	-3.9218044	Ġfish	['very', 'good', 'great', 'fish', 'species']	aff	aff
A salmon is a	fruit	-7.6571236	Ġfruit	['very', 'good', 'great', 'fish', 'species']	aff	neg
A salmon is not a	fruit	-6.3287315	Ġfruit	"['fish', 'salmon', 'good', '""', 'species']"	neg	neg
A salmon is not a	fish	-2.871416	Ġfish	"['fish', 'salmon', 'good', '""', 'species']"	neg	aff
A carrot is a	vegetable	-3.567047	Ġvegetable	['very', 'carrot', 'good', 'vegetable', 'great']	aff	aff
A carrot is a	mineral	-10.365938	Ġmineral	['very', 'carrot', 'good', 'vegetable', 'great']	aff	neg
A carrot is not a	mineral	-10.680906	Ġmineral	['carrot', 'vegetable', 'good', 'very', 'fruit']	neg	neg
A carrot is not a	vegetable	-2.3712978	Ġvegetable	['carrot', 'vegetable', 'good', 'very', 'fruit']	neg	aff
A table is a	furniture	-11.124654	Ġfurniture	['table', 'set', 'collection', 'list', 'very']	aff	aff
A table is a	toy	-8.338824	Ġtoy	['table', 'set', 'collection', 'list', 'very']	aff	neg
A table is not a	toy	-6.8809385	Ġtoy	"['table', 'good', 'valid', 'database', '""']"	neg	neg
A table is not a	furniture	-10.481682	Ġfurniture	"['table', 'good', 'valid', 'database', '""']"	neg	aff
A rabbit is a	mammal	-6.680769	Ġmamm	['very', 'good', 'great', 'rabbit', 'small']	aff	aff
A rabbit is a	bird	-6.237426	Ġbird	['very', 'good', 'great', 'rabbit', 'small']	aff	neg
A rabbit is not a	bird	-5.2171116	Ġbird	['rabbit', 'good', 'dog', 'human', 'horse']	neg	neg
A rabbit is not a	mammal	-6.0360365	Ġmamm	['rabbit', 'good', 'dog', 'human', 'horse']	neg	aff
A dog is a	mammal	-7.371765	Ġmamm	['dog', 'very', 'great', 'good', 'man']	aff	aff
A dog is a	fish	-7.626086	Ġfish	['dog', 'very', 'great', 'good', 'man']	aff	neg
A dog is not a	fish	-6.0952196	Ġfish	['dog', 'man', 'human', 'good', 'person']	neg	neg
A dog is not a	mammal	-7.779456	Ġmamm	['dog', 'man', 'human', 'good', 'person']	neg	aff
A deer is an	animal	-2.386116	Ġanimal	['excellent', 'animal', 'important', 'amazing', 'endangered']	aff	aff
A deer is a	plant	-7.452175	Ġplant	['very', 'good', 'great', 'rare', 'beautiful']	aff	neg
A deer is not a	plant	-6.5510244	Ġplant	"['deer', 'good', '""', 'game', 'threat']"	neg	neg
A deer is not an	animal	-1.7253513	Ġanimal	['animal', 'endangered', 'option', 'appropriate', 'easy']	neg	aff
A whale is a	mammal	-4.459135	Ġmamm	['very', 'whale', 'great', 'creature', 'symbol']	aff	aff
A whale is a	reptile	-8.000053	Ġrept	['very', 'whale', 'great', 'creature', 'symbol']	aff	neg
A whale is not a	reptile	-7.6578894	Ġrept	['whale', 'fish', 'human', 'man', 'person']	neg	neg
A whale is not a	mammal	-4.9597244	Ġmamm	['whale', 'fish', 'human', 'man', 'person']	neg	aff
A desk is a	furniture	-8.611709	Ġfurniture	['great', 'good', 'place', 'very', 'nice']	aff	aff
A desk is a	toy	-8.8343315	Ġtoy	['great', 'good', 'place', 'very', 'nice']	aff	neg
A desk is not a	toy	-6.0533047	Ġtoy	['place', 'good', 'bad', 'luxury', 'great']	neg	neg
A desk is not a	furniture	-7.966383	Ġfurniture	['place', 'good', 'bad', 'luxury', 'great']	neg	aff
A bicycle is a	vehicle	-3.9096928	Ġvehicle	['very', 'great', 'good', 'vehicle', 'common']	aff	aff
A bicycle is a	toy	-6.9799414	Ġtoy	['very', 'great', 'good', 'vehicle', 'common']	aff	neg
A bicycle is not a	toy	-4.391094	Ġtoy	['good', 'vehicle', 'motor', 'bicycle', 'very']	neg	neg
A bicycle is not a	vehicle	-3.5544643	Ġvehicle	['good', 'vehicle', 'motor', 'bicycle', 'very']	neg	aff
A bat is a	mammal	-6.5535955	Ġmamm	['very', 'bat', 'species', 'small', 'type']	aff	aff
A bat is a	reptile	-6.8019056	Ġrept	['very', 'bat', 'species', 'small', 'type']	aff	neg
A bat is not a	reptile	-6.9671783	Ġrept	"['bat', 'bird', 'good', 'real', '""']"	neg	neg
A bat is not a	mammal	-6.664136	Ġmamm	"['bat', 'bird', 'good', 'real', '""']"	neg	aff
A cloud is a	gas	-7.802436	Ġgas	['cloud', 'place', 'great', 'very', 'good']	aff	aff
A cloud is a	liquid	-7.83226	Ġliquid	['cloud', 'place', 'great', 'very', 'good']	aff	neg
A cloud is not a	liquid	-7.5962667	Ġliquid	['cloud', 'place', 'thing', 'mere', 'new']	neg	neg
A cloud is not a	gas	-8.007685	Ġgas	['cloud', 'place', 'thing', 'mere', 'new']	neg	aff
An Apple is a	fruit	-6.9258375	Ġfruit	['great', 'good', 'very', 'company', 'wonderful']	aff	aff
An Apple is a	vegetable	-8.234713	Ġvegetable	['great', 'good', 'very', 'company', 'wonderful']	aff	neg
An Apple is not a	vegetable	-6.415553	Ġvegetable	['good', 'company', 'computer', 'commodity', 'product']	neg	neg
An Apple is not a	fruit	-6.363412	Ġfruit	['good', 'company', 'computer', 'commodity', 'product']	neg	aff
A toy is a	plaything	-5.517576	Ġplay	['toy', 'very', 'great', 'good', 'little']	aff	aff
A toy is a	food	-8.857038	Ġfood	['toy', 'very', 'great', 'good', 'little']	aff	neg
A toy is not a	food	-7.47136	Ġfood	"['toy', 'real', 'good', 'tool', '""']"	neg	neg
A toy is not a	plaything	-5.954031	Ġplay	"['toy', 'real', 'good', 'tool', '""']"	neg	aff
A human is a	mammal	-6.2797117	Ġmamm	['human', 'machine', 'person', 'very', 'creature']	aff	aff
A human is a	fish	-7.3853426	Ġfish	['human', 'machine', 'person', 'very', 'creature']	aff	neg
A human is not a	fish	-6.093795	Ġfish	['machine', 'human', 'robot', 'computer', 'god']	neg	neg
A human is not a	mammal	-6.902318	Ġmamm	['machine', 'human', 'robot', 'computer', 'god']	neg	aff
A hummingbird is a	bird	-2.4747295	Ġbird	['bird', 'species', 'common', 'very', 'small']	aff	aff
A hummingbird is a	mammal	-5.787833	Ġmamm	['bird', 'species', 'common', 'very', 'small']	aff	neg
A hummingbird is not a	mammal	-5.8902006	Ġmamm	['bird', 'common', 'species', 'real', 'threat']	neg	neg
A hummingbird is not a	bird	-2.04422	Ġbird	['bird', 'common', 'species', 'real', 'threat']	neg	aff
A cauliflower is a	vegetable	-3.6233711	Ġvegetable	['great', 'good', 'very', 'delicious', 'vegetable']	aff	aff
A cauliflower is a	fruit	-6.5931606	Ġfruit	['great', 'good', 'very', 'delicious', 'vegetable']	aff	neg
A cauliflower is not a	fruit	-5.6387205	Ġfruit	['vegetable', 'good', 'staple', 'food', 'traditional']	neg	neg
A cauliflower is not a	vegetable	-2.1284676	Ġvegetable	['vegetable', 'good', 'staple', 'food', 'traditional']	neg	aff
A turnip is a	vegetable	-3.4864101	Ġvegetable	['vegetable', 'plant', 'member', 'very', 'small']	aff	aff
A turnip is a	mineral	-10.19062	Ġmineral	['vegetable', 'plant', 'member', 'very', 'small']	aff	neg
A turnip is not a	mineral	-10.856975	Ġmineral	['vegetable', 'good', 'plant', 'turn', 'member']	neg	neg
A turnip is not a	vegetable	-2.6898384	Ġvegetable	['vegetable', 'good', 'plant', 'turn', 'member']	neg	aff
A yam is a	vegetable	-5.6650114	Ġvegetable	['very', 'type', 'popular', 'small', 'member']	aff	aff
A yam is a	grain	-7.979287	Ġgrain	['very', 'type', 'popular', 'small', 'member']	aff	neg
A yam is not a	grain	-7.200405	Ġgrain	['plant', 'vegetable', 'species', 'good', 'native']	neg	neg
A yam is not a	vegetable	-3.940609	Ġvegetable	['plant', 'vegetable', 'species', 'good', 'native']	neg	aff
A truck is a	vehicle	-3.4080276	Ġvehicle	['very', 'good', 'great', 'vehicle', 'big']	aff	aff
A truck is a	toy	-6.7446632	Ġtoy	['very', 'good', 'great', 'vehicle', 'big']	aff	neg
A truck is not a	toy	-5.0074368	Ġtoy	"['vehicle', 'good', ""'"", '""', 'truck']"	neg	neg
A truck is not a	vehicle	-2.9365768	Ġvehicle	"['vehicle', 'good', ""'"", '""', 'truck']"	neg	aff
A lamp is a	light	-3.3995304	Ġlight	['very', 'device', 'light', 'type', 'lamp']	aff	aff
A lamp is a	clock	-7.4066277	Ġclock	['very', 'device', 'light', 'type', 'lamp']	aff	neg
A lamp is not a	clock	-6.7029266	Ġclock	['good', 'lamp', 'light', 'substitute', 'very']	neg	neg
A lamp is not a	light	-3.6521301	Ġlight	['good', 'lamp', 'light', 'substitute', 'very']	neg	aff
A cycle is a	vehicle	-8.306783	Ġvehicle	['cycle', 'series', 'process', 'sequence', 'very']	aff	aff
A cycle is a	toy	-10.173147	Ġtoy	['cycle', 'series', 'process', 'sequence', 'very']	aff	neg
A cycle is not a	toy	-8.485639	Ġtoy	['cycle', 'single', 'simple', 'complete', 'cycl']	neg	neg
A cycle is not a	vehicle	-8.582477	Ġvehicle	['cycle', 'single', 'simple', 'complete', 'cycl']	neg	aff
A crow is a	bird	-3.2485294	Ġbird	['very', 'bird', 'common', 'symbol', 'great']	aff	aff
A crow is a	vehicle	-8.298864	Ġvehicle	['very', 'bird', 'common', 'symbol', 'great']	aff	neg
A crow is not a	vehicle	-8.34846	Ġvehicle	['bird', 'good', 'very', 'crow', 'bad']	neg	neg
A crow is not a	bird	-3.0564365	Ġbird	['bird', 'good', 'very', 'crow', 'bad']	neg	aff
A pencil is a	tool	-3.835266	Ġtool	['very', 'great', 'good', 'tool', 'useful']	aff	aff
A pencil is a	tree	-7.8379917	Ġtree	['very', 'great', 'good', 'tool', 'useful']	aff	neg
A pencil is not a	tree	-7.2458506	Ġtree	['pencil', 'good', 'very', 'tool', 'substitute']	neg	neg
A pencil is not a	tool	-3.9950619	Ġtool	['pencil', 'good', 'very', 'tool', 'substitute']	neg	aff
A snowflake is a	crystal	-8.42208	Ġcrystal	['very', 'small', 'snow', 'type', 'good']	aff	aff
A snowflake is a	liquid	-8.753315	Ġliquid	['very', 'small', 'snow', 'type', 'good']	aff	neg
A snowflake is not a	liquid	-8.909265	Ġliquid	['snow', 'good', 'real', 'person', 'bad']	neg	neg
A snowflake is not a	crystal	-7.422819	Ġcrystal	['snow', 'good', 'real', 'person', 'bad']	neg	aff
A pearl is a	gem	-5.279148	Ġgem	['pear', 'very', 'shell', 'beautiful', 'small']	aff	aff
A pearl is a	fruit	-6.3408403	Ġfruit	['pear', 'very', 'shell', 'beautiful', 'small']	aff	neg
A pearl is not a	fruit	-5.439722	Ġfruit	['pear', 'shell', 'pe', 'stone', 'good']	neg	neg
A pearl is not a	gem	-4.8146515	Ġgem	['pear', 'shell', 'pe', 'stone', 'good']	neg	aff
A fish is an	animal	-2.943266	Ġanimal	['animal', 'excellent', 'important', 'example', 'aquatic']	aff	aff
A fish is a	human	-6.6018667	Ġhuman	['fish', 'very', 'great', 'good', 'member']	aff	neg
A fish is not a	human	-4.1423054	Ġhuman	"['fish', 'human', 'bird', 'man', '""']"	neg	neg
A fish is not an	animal	-1.5959682	Ġanimal	['animal', 'object', 'insect', 'easy', 'ordinary']	neg	aff
A mountain is a	landform	-6.543869	Ġland	['place', 'great', 'mountain', 'good', 'sacred']	aff	aff
A mountain is a	building	-7.101035	Ġbuilding	['place', 'great', 'mountain', 'good', 'sacred']	aff	neg
A mountain is not a	building	-6.2302647	Ġbuilding	['mountain', 'place', 'hill', 'Ċ', 'mere']	neg	neg
A mountain is not a	landform	-6.13126	Ġland	['mountain', 'place', 'hill', 'Ċ', 'mere']	neg	aff
A university is a	school	-4.5422516	Ġschool	['place', 'university', 'great', 'good', 'very']	aff	aff
A university is a	person	-7.011854	Ġperson	['place', 'university', 'great', 'good', 'very']	aff	neg
A university is not a	person	-6.6622715	Ġperson	['university', 'place', 'school', 'âĢľ', 'good']	neg	neg
A university is not a	school	-3.670021	Ġschool	['university', 'place', 'school', 'âĢľ', 'good']	neg	aff
A train is a	vehicle	-4.6353474	Ġvehicle	['very', 'great', 'train', 'good', 'symbol']	aff	aff
A train is a	plant	-9.455319	Ġplant	['very', 'great', 'train', 'good', 'symbol']	aff	neg
A train is not a	plant	-8.2599945	Ġplant	"['train', 'good', 'vehicle', 'machine', ""'""]"	neg	neg
A train is not a	vehicle	-4.258545	Ġvehicle	"['train', 'good', 'vehicle', 'machine', ""'""]"	neg	aff
A duck is a	bird	-3.6944714	Ġbird	['duck', 'very', 'good', 'bird', 'great']	aff	aff
A duck is a	fish	-5.4786835	Ġfish	['duck', 'very', 'good', 'bird', 'great']	aff	neg
A duck is not a	fish	-4.4761906	Ġfish	['duck', 'bird', 'good', 'man', 'dog']	neg	neg
A duck is not a	bird	-3.3210487	Ġbird	['duck', 'bird', 'good', 'man', 'dog']	neg	aff
A horse is a	mammal	-7.8768854	Ġmamm	['horse', 'very', 'good', 'great', 'beast']	aff	aff
A horse is an	insect	-6.7508698	Ġinsect	['animal', 'excellent', 'important', 'example', 'extremely']	aff	neg
A horse is not an	insect	-6.008726	Ġinsect	['animal', 'object', 'easy', 'option', 'ordinary']	neg	neg
A horse is not a	mammal	-8.5743	Ġmamm	['horse', 'good', 'beast', 'man', 'Ċ']	neg	aff
A bird is a	vertebrate	-8.942506	Ġvertebrate	['bird', 'symbol', 'very', 'great', 'good']	aff	aff
A bird is an	invertebrate	-5.6148167	Ġin	['animal', 'insect', 'example', 'important', 'excellent']	aff	neg
A bird is not an	invertebrate	-5.8253326	Ġin	['animal', 'insect', 'object', 'island', 'enemy']	neg	neg
A bird is not a	vertebrate	-8.003284	Ġvertebrate	['bird', 'human', 'man', 'person', 'beast']	neg	aff
A person is a	human	-4.271227	Ġhuman	"['person', 'citizen', 'member', '""', 'victim']"	aff	aff
A person is a	machine	-6.22814	Ġmachine	"['person', 'citizen', 'member', '""', 'victim']"	aff	neg
A person is not a	machine	-5.2636166	Ġmachine	['person', 'citizen', 'member', 'human', 'man']	neg	neg
A person is not a	human	-3.7613583	Ġhuman	['person', 'citizen', 'member', 'human', 'man']	neg	aff
A building is a	structure	-5.057663	Ġstructure	['building', 'place', 'very', 'great', 'good']	aff	aff
A building is a	plant	-8.374115	Ġplant	['building', 'place', 'very', 'great', 'good']	aff	neg
A building is not a	plant	-7.465431	Ġplant	"['building', 'house', 'place', 'home', '""']"	neg	neg
A building is not a	structure	-5.0524216	Ġstructure	"['building', 'house', 'place', 'home', '""']"	neg	aff
A tool is an	instrument	-4.5161877	Ġinstrument	['excellent', 'important', 'essential', 'effective', 'application']	aff	aff
A tool is a	toy	-8.54181	Ġtoy	['tool', 'great', 'very', 'good', 'powerful']	aff	neg
A tool is not a	toy	-6.2569466	Ġtoy	['substitute', 'tool', 'replacement', 'magic', 'solution']	neg	neg
A tool is not an	instrument	-4.623583	Ġinstrument	['option', 'alternative', 'ideal', 'easy', 'exact']	neg	aff
A vegetable is a	plant	-4.0007343	Ġplant	['good', 'vegetable', 'great', 'very', 'plant']	aff	aff
A vegetable is an	animal	-5.1432095	Ġanimal	['excellent', 'important', 'essential', 'ideal', 'example']	aff	neg
A vegetable is not an	animal	-2.819172	Ġanimal	['essential', 'animal', 'herb', 'ideal', 'option']	neg	neg
A vegetable is not a	plant	-3.9832554	Ġplant	['vegetable', 'food', 'good', 'substitute', 'plant']	neg	aff
A banana is a	fruit	-3.5237541	Ġfruit	['good', 'very', 'banana', 'great', 'fruit']	aff	aff
A banana is a	vegetable	-5.6307144	Ġvegetable	['good', 'very', 'banana', 'great', 'fruit']	aff	neg
A banana is not a	vegetable	-4.3944073	Ġvegetable	['banana', 'good', 'fruit', 'very', 'real']	neg	neg
A banana is not a	fruit	-2.658413	Ġfruit	['banana', 'good', 'fruit', 'very', 'real']	neg	aff
A jackfruit is a	fruit	-2.6900063	Ġfruit	['fruit', 'type', 'very', 'tropical', 'member']	aff	aff
A jackfruit is a	rock	-9.568547	Ġrock	['fruit', 'type', 'very', 'tropical', 'member']	aff	neg
A jackfruit is not a	rock	-8.589104	Ġrock	['fruit', 'traditional', 'good', 'substitute', 'plant']	neg	neg
A jackfruit is not a	fruit	-2.553585	Ġfruit	['fruit', 'traditional', 'good', 'substitute', 'plant']	neg	aff
A chicken is a	bird	-4.051697	Ġbird	['very', 'good', 'great', 'bird', 'chicken']	aff	aff
A chicken is a	mammal	-7.079402	Ġmamm	['very', 'good', 'great', 'bird', 'chicken']	aff	neg
A chicken is not a	mammal	-7.1068764	Ġmamm	"['good', 'chicken', 'bird', '""', 'vegetarian']"	neg	neg
A chicken is not a	bird	-3.6325493	Ġbird	"['good', 'chicken', 'bird', '""', 'vegetarian']"	neg	aff
A robin is a	bird	-3.9295406	Ġbird	['very', 'small', 'common', 'bird', 'good']	aff	aff
A robin is a	mammal	-6.740038	Ġmamm	['very', 'small', 'common', 'bird', 'good']	aff	neg
A robin is not a	mammal	-6.566369	Ġmamm	['ro', 'good', 'bird', 'member', 'common']	neg	neg
A robin is not a	bird	-3.6691437	Ġbird	['ro', 'good', 'bird', 'member', 'common']	neg	aff
A tiger is an	animal	-1.6836166	Ġanimal	['animal', 'endangered', 'extremely', 'excellent', 'amazing']	aff	aff
A tiger is a	machine	-7.627022	Ġmachine	['very', 'tiger', 'great', 'beautiful', 'big']	aff	neg
A tiger is not a	machine	-6.638213	Ġmachine	['tiger', 'good', 'man', 'threat', 'beast']	neg	neg
A tiger is not an	animal	-1.2818775	Ġanimal	['animal', 'endangered', 'easy', 'exotic', 'enemy']	neg	aff
A mammal is an	animal	-1.1978626	Ġanimal	['animal', 'individual', 'endangered', 'organism', 'example']	aff	aff
A mammal is a	plant	-6.502651	Ġplant	['mamm', 'creature', 'species', 'member', 'female']	aff	neg
A mammal is not a	plant	-5.056185	Ġplant	['human', 'mamm', 'man', 'member', 'person']	neg	neg
A mammal is not an	animal	-1.180912	Ġanimal	['animal', 'object', 'individual', 'insect', 'alien']	neg	aff
A reptile is an	animal	-1.6708965	Ġanimal	['animal', 'amphib', 'endangered', 'aquatic', 'extremely']	aff	aff
A reptile is a	tool	-6.91039	Ġtool	['creature', 'very', 'rept', 'species', 'predator']	aff	neg
A reptile is not a	tool	-6.844309	Ġtool	['rept', 'human', 'real', 'creature', 'bird']	neg	neg
A reptile is not an	animal	-1.3648624	Ġanimal	['animal', 'endangered', 'amphib', 'easy', 'insect']	neg	aff
A bison is a	mammal	-4.9889336	Ġmamm	['species', 'small', 'large', 'very', 'b']	aff	aff
A bison is a	bird	-6.813035	Ġbird	['species', 'small', 'large', 'very', 'b']	aff	neg
A bison is not a	bird	-6.1780863	Ġbird	['species', 'b', 'wild', 'native', 'good']	neg	neg
A bison is not a	mammal	-5.1555862	Ġmamm	['species', 'b', 'wild', 'native', 'good']	neg	aff
A plane is a	vehicle	-5.4750843	Ġvehicle	['plane', 'good', 'very', 'great', 'Ċ']	aff	aff
A plane is a	person	-7.2047977	Ġperson	['plane', 'good', 'very', 'great', 'Ċ']	aff	neg
A plane is not a	person	-6.909424	Ġperson	"['plane', 'good', '""', 'flight', 'âĢľ']"	neg	neg
A plane is not a	vehicle	-5.3454266	Ġvehicle	"['plane', 'good', '""', 'flight', 'âĢľ']"	neg	aff
A chair is a	furniture	-7.3737783	Ġfurniture	['great', 'good', 'very', 'chair', 'place']	aff	aff
A chair is a	person	-6.697773	Ġperson	['great', 'good', 'very', 'chair', 'place']	aff	neg
A chair is not a	person	-6.438057	Ġperson	['chair', 'good', 'place', 'seat', 'comfortable']	neg	neg
A chair is not a	furniture	-6.674632	Ġfurniture	['chair', 'good', 'place', 'seat', 'comfortable']	neg	aff
A ruler is a	tool	-6.5354176	Ġtool	['king', 'ruler', 'person', 'man', 'monarch']	aff	aff
A ruler is an	animal	-4.804144	Ġanimal	['individual', 'absolute', 'emperor', 'important', 'ideal']	aff	neg
A ruler is not an	animal	-4.2833424	Ġanimal	['absolute', 'object', 'individual', 'enemy', 'ordinary']	neg	neg
A ruler is not a	tool	-6.5023365	Ġtool	['king', 'ruler', 'mere', 'man', 'person']	neg	aff
A book is a	literature	-7.37309	Ġliterature	['book', 'great', 'work', 'collection', 'good']	aff	aff
A book is a	furniture	-11.12387	Ġfurniture	['book', 'great', 'work', 'collection', 'good']	aff	neg
A book is not a	furniture	-10.155655	Ġfurniture	"['book', 'novel', 'work', 'good', '""']"	neg	neg
A book is not a	literature	-7.728903	Ġliterature	"['book', 'novel', 'work', 'good', '""']"	neg	aff
A pencil is a	stationary	-9.942726	Ġstationary	['very', 'great', 'good', 'tool', 'useful']	aff	aff
A pencil is a	food	-10.004628	Ġfood	['very', 'great', 'good', 'tool', 'useful']	aff	neg
A pencil is not a	food	-8.833772	Ġfood	['pencil', 'good', 'very', 'tool', 'substitute']	neg	neg
A pencil is not a	stationary	-9.777641	Ġstationary	['pencil', 'good', 'very', 'tool', 'substitute']	neg	aff
A phone is an	instrument	-4.646456	Ġinstrument	['important', 'excellent', 'essential', 'expensive', 'extension']	aff	aff
A phone is a	valley	-12.648082	Ġvalley	['phone', 'great', 'very', 'good', 'telephone']	aff	neg
A phone is not a	valley	-13.313798	Ġvalley	['phone', 'good', 'substitute', 'telephone', 'mobile']	neg	neg
A phone is not an	instrument	-4.464039	Ġinstrument	['option', 'ideal', 'issue', 'adequate', 'emergency']	neg	aff
A mouse is a	mammal	-6.33823	Ġmamm	['very', 'good', 'great', 'little', 'model']	aff	aff
A mouse is a	reptile	-8.799944	Ġrept	['very', 'good', 'great', 'little', 'model']	aff	neg
A mouse is not a	reptile	-8.348786	Ġrept	"['good', 'mouse', 'human', 'model', '""']"	neg	neg
A mouse is not a	mammal	-5.7170734	Ġmamm	"['good', 'mouse', 'human', 'model', '""']"	neg	aff
A creeper is a	plant	-6.124979	Ġplant	['very', 'creature', 'small', 'species', 'large']	aff	aff
A creeper is a	fish	-5.9124107	Ġfish	['very', 'creature', 'small', 'species', 'large']	aff	neg
A creeper is not a	fish	-4.861618	Ġfish	['predator', 'real', 'creature', 'good', 'c']	neg	neg
A creeper is not a	plant	-5.475992	Ġplant	['predator', 'real', 'creature', 'good', 'c']	neg	aff
A teacher is a	person	-2.7694035	Ġperson	['teacher', 'person', 'good', 'man', 'great']	aff	aff
A teacher is a	thing	-7.6849365	Ġthing	['teacher', 'person', 'good', 'man', 'great']	aff	neg
A teacher is not a	thing	-8.361147	Ġthing	['teacher', 'person', 'professional', 'substitute', 'man']	neg	neg
A teacher is not a	person	-3.2876549	Ġperson	['teacher', 'person', 'professional', 'substitute', 'man']	neg	aff
A doctor is a	person	-3.560749	Ġperson	['doctor', 'physician', 'man', 'person', 'medical']	aff	aff
A doctor is an	animal	-5.62294	Ġanimal	['expert', 'excellent', 'important', 'artist', 'individual']	aff	neg
A doctor is not an	animal	-5.1305523	Ġanimal	['expert', 'ordinary', 'attorney', 'ideal', 'idiot']	neg	neg
A doctor is not a	person	-4.2735367	Ġperson	['doctor', 'physician', 'lawyer', 'medical', 'professional']	neg	aff
A lizard is a	reptile	-4.4094353	Ġrept	['very', 'creature', 'member', 'species', 'common']	aff	aff
A lizard is a	mammal	-5.365736	Ġmamm	['very', 'creature', 'member', 'species', 'common']	aff	neg
A lizard is not a	mammal	-5.025219	Ġmamm	['l', 'rept', 'human', 'creature', 'real']	neg	neg
A lizard is not a	reptile	-3.6874352	Ġrept	['l', 'rept', 'human', 'creature', 'real']	neg	aff
A skyscraper is a	building	-2.8968563	Ġbuilding	['building', 'sk', 'structure', 'tall', 'very']	aff	aff
A skyscraper is a	fish	-10.238943	Ġfish	['building', 'sk', 'structure', 'tall', 'very']	aff	neg
A skyscraper is not a	fish	-9.19474	Ġfish	['building', 'sk', 'good', 'place', 'real']	neg	neg
A skyscraper is not a	building	-2.81563	Ġbuilding	['building', 'sk', 'good', 'place', 'real']	neg	aff
A barn is a	building	-4.6797237	Ġbuilding	['place', 'barn', 'good', 'very', 'great']	aff	aff
A barn is a	bird	-7.604642	Ġbird	['place', 'barn', 'good', 'very', 'great']	aff	neg
A barn is not a	bird	-7.1523933	Ġbird	['barn', 'place', 'good', 'home', 'building']	neg	neg
A barn is not a	building	-4.0797634	Ġbuilding	['barn', 'place', 'good', 'home', 'building']	neg	aff
A rock is a	solid	-5.412714	Ġsolid	['very', 'good', 'great', 'rock', 'symbol']	aff	aff
A rock is a	liquid	-8.6147175	Ġliquid	['very', 'good', 'great', 'rock', 'symbol']	aff	neg
A rock is not a	liquid	-8.462429	Ġliquid	['rock', 'stone', 'good', 'thing', 'Ċ']	neg	neg
A rock is not a	solid	-5.0069504	Ġsolid	['rock', 'stone', 'good', 'thing', 'Ċ']	neg	aff
A hammer is a	tool	-3.33074	Ġtool	['very', 'hammer', 'tool', 'great', 'good']	aff	aff
A hammer is a	plant	-8.69065	Ġplant	['very', 'hammer', 'tool', 'great', 'good']	aff	neg
A hammer is not a	plant	-8.069552	Ġplant	['weapon', 'tool', 'good', 'hammer', 'gun']	neg	neg
A hammer is not a	tool	-3.412363	Ġtool	['weapon', 'tool', 'good', 'hammer', 'gun']	neg	aff
A hotel is a	building	-6.7179823	Ġbuilding	['great', 'good', 'place', 'very', 'must']	aff	aff
A hotel is a	machine	-10.466489	Ġmachine	['great', 'good', 'place', 'very', 'must']	aff	neg
A hotel is not a	machine	-9.763676	Ġmachine	['hotel', 'place', 'good', 'luxury', 'bad']	neg	neg
A hotel is not a	building	-5.935932	Ġbuilding	['hotel', 'place', 'good', 'luxury', 'bad']	neg	aff
A cactus is a	plant	-3.6360874	Ġplant	['very', 'plant', 'type', 'large', 'great']	aff	aff
A cactus is a	fish	-7.5136185	Ġfish	['very', 'plant', 'type', 'large', 'great']	aff	neg
A cactus is not a	fish	-6.1322737	Ġfish	"['plant', 'c', 'good', 'tree', '""']"	neg	neg
A cactus is not a	plant	-3.3655357	Ġplant	"['plant', 'c', 'good', 'tree', '""']"	neg	aff
A bush is a	plant	-5.764715	Ġplant	['good', 'very', 'great', 'place', 'beautiful']	aff	aff
A bush is a	fish	-9.193013	Ġfish	['good', 'very', 'great', 'place', 'beautiful']	aff	neg
A bush is not a	fish	-8.003748	Ġfish	['tree', 'bush', 'good', 'place', 'forest']	neg	neg
A bush is not a	plant	-5.046524	Ġplant	['tree', 'bush', 'good', 'place', 'forest']	neg	aff
A herb is a	plant	-2.0340137	Ġplant	['plant', 'member', 'natural', 'very', 'herb']	aff	aff
A herb is a	fish	-9.01918	Ġfish	['plant', 'member', 'natural', 'very', 'herb']	aff	neg
A herb is not a	fish	-7.1251593	Ġfish	['food', 'plant', 'poison', 'vegetable', 'good']	neg	neg
A herb is not a	plant	-3.1093025	Ġplant	['food', 'plant', 'poison', 'vegetable', 'good']	neg	aff
A vine is a	plant	-4.0686035	Ġplant	['very', 'vine', 'good', 'great', 'plant']	aff	aff
A vine is a	fish	-8.347671	Ġfish	['very', 'vine', 'good', 'great', 'plant']	aff	neg
A vine is not a	fish	-7.0765553	Ġfish	['vine', 'tree', 'plant', 'good', 'fruit']	neg	neg
A vine is not a	plant	-3.6966972	Ġplant	['vine', 'tree', 'plant', 'good', 'fruit']	neg	aff
A lily is a	plant	-3.9239578	Ġplant	['very', 'beautiful', 'plant', 'member', 'small']	aff	aff
A lily is a	person	-7.7367325	Ġperson	['very', 'beautiful', 'plant', 'member', 'small']	aff	neg
A lily is not a	person	-5.8188915	Ġperson	['flower', 'plant', 'l', 'Ċ', 'vegetable']	neg	neg
A lily is not a	plant	-3.347622	Ġplant	['flower', 'plant', 'l', 'Ċ', 'vegetable']	neg	aff
An airplane is a	vehicle	-3.732706	Ġvehicle	['machine', 'very', 'great', 'plane', 'good']	aff	aff
An airplane is a	drink	-11.843224	Ġdrink	['machine', 'very', 'great', 'plane', 'good']	aff	neg
An airplane is not a	drink	-9.489311	Ġdrink	['machine', 'rocket', 'vehicle', 'good', 'plane']	neg	neg
An airplane is not a	vehicle	-3.8620644	Ġvehicle	['machine', 'rocket', 'vehicle', 'good', 'plane']	neg	aff
A phone is a	gadget	-7.357915	Ġgad	['phone', 'great', 'very', 'good', 'telephone']	aff	aff
A phone is a	food	-9.90916	Ġfood	['phone', 'great', 'very', 'good', 'telephone']	aff	neg
A phone is not a	food	-8.626448	Ġfood	['phone', 'good', 'substitute', 'telephone', 'mobile']	neg	neg
A phone is not a	gadget	-6.7461624	Ġgad	['phone', 'good', 'substitute', 'telephone', 'mobile']	neg	aff
A turtle is an	animal	-2.7470627	Ġanimal	['animal', 'example', 'important', 'amphib', 'interesting']	aff	aff
A turtle is a	toy	-7.5552015	Ġtoy	['very', 'turtle', 'good', 'great', 'member']	aff	neg
A turtle is not a	toy	-6.0401583	Ġtoy	"['turtle', 'human', 'real', '""', 'person']"	neg	neg
A turtle is not an	animal	-1.8725815	Ġanimal	['animal', 'amphib', 'object', 'island', 'alien']	neg	aff
A vegetable is a	food	-4.1934566	Ġfood	['good', 'vegetable', 'great', 'very', 'plant']	aff	aff
A vegetable is a	drink	-9.281437	Ġdrink	['good', 'vegetable', 'great', 'very', 'plant']	aff	neg
A vegetable is not a	drink	-8.872336	Ġdrink	['vegetable', 'food', 'good', 'substitute', 'plant']	neg	neg
A vegetable is not a	food	-3.0890179	Ġfood	['vegetable', 'food', 'good', 'substitute', 'plant']	neg	aff
A lark is a	bird	-6.07938	Ġbird	['good', 'l', 'great', 'Ċ', 'bit']	aff	aff
A lark is a	mammal	-9.123398	ĠM	['good', 'l', 'great', 'Ċ', 'bit']	aff	neg
A lark is not a	mammal	-9.81948	ĠM	['l', 'good', 'bad', 'serious', 'joke']	neg	neg
A lark is not a	bird	-6.5870943	Ġbird	['l', 'good', 'bad', 'serious', 'joke']	neg	aff
A thrush is a	bird	-3.026207	Ġbird	['species', 'common', 'bird', 'small', 'very']	aff	aff
A thrush is a	reptile	-6.906436	Ġrept	['species', 'common', 'bird', 'small', 'very']	aff	neg
A thrush is not a	reptile	-7.0037994	Ġrept	['common', 'bird', 'species', 'native', 'true']	neg	neg
A thrush is not a	bird	-2.9970608	Ġbird	['common', 'bird', 'species', 'native', 'true']	neg	aff
A canary is a	bird	-4.707155	Ġbird	['very', 'small', 'beautiful', 'Ċ', 'bird']	aff	aff
A canary is a	mineral	-9.257853	Ġmineral	['very', 'small', 'beautiful', 'Ċ', 'bird']	aff	neg
A canary is not a	mineral	-9.527948	Ġmineral	"['bird', 'real', '""', 'true', 'good']"	neg	neg
A canary is not a	bird	-3.9244137	Ġbird	"['bird', 'real', '""', 'true', 'good']"	neg	aff
A human is an	animal	-1.7835712	Ġanimal	['animal', 'individual', 'intelligent', 'object', 'alien']	aff	aff
A human is a	mineral	-9.970168	Ġmineral	['human', 'machine', 'person', 'very', 'creature']	aff	neg
A human is not a	mineral	-8.736318	Ġmineral	['machine', 'human', 'robot', 'computer', 'god']	neg	neg
A human is not an	animal	-1.3631153	Ġanimal	['animal', 'object', 'alien', 'island', 'entity']	neg	aff
A chair is a	seat	-5.792986	Ġseat	['great', 'good', 'very', 'chair', 'place']	aff	aff
A chair is a	mammal	-9.721448	ĠM	['great', 'good', 'very', 'chair', 'place']	aff	neg
A chair is not a	mammal	-10.056168	ĠM	['chair', 'good', 'place', 'seat', 'comfortable']	neg	neg
A chair is not a	seat	-4.184847	Ġseat	['chair', 'good', 'place', 'seat', 'comfortable']	neg	aff
A pine is a	tree	-2.722271	Ġtree	['tree', 'very', 'good', 'great', 'type']	aff	aff
A pine is a	person	-8.639977	Ġperson	['tree', 'very', 'good', 'great', 'type']	aff	neg
A pine is not a	person	-7.4815845	Ġperson	['tree', 'good', 'pine', 'wood', 'very']	neg	neg
A pine is not a	tree	-2.1947536	Ġtree	['tree', 'good', 'pine', 'wood', 'very']	neg	aff
A potato is a	vegetable	-3.5181427	Ġvegetable	['very', 'good', 'vegetable', 'potato', 'great']	aff	aff
A potato is a	fruit	-5.492466	Ġfruit	['very', 'good', 'vegetable', 'potato', 'great']	aff	neg
A potato is not a	fruit	-4.8955307	Ġfruit	"['potato', 'vegetable', 'good', 'plant', '""']"	neg	neg
A potato is not a	vegetable	-2.3209095	Ġvegetable	"['potato', 'vegetable', 'good', 'plant', '""']"	neg	aff
A pea is a	vegetable	-5.3059254	Ġvegetable	['very', 'good', 'member', 'plant', 'type']	aff	aff
A pea is a	fruit	-5.572901	Ġfruit	['very', 'good', 'member', 'plant', 'type']	aff	neg
A pea is not a	fruit	-4.3568344	Ġfruit	['vegetable', 'pe', 'good', 'plant', 'bean']	neg	neg
A pea is not a	vegetable	-3.5914268	Ġvegetable	['vegetable', 'pe', 'good', 'plant', 'bean']	neg	aff
A frog is an	amphibian	-3.350706	Ġamphib	['animal', 'example', 'amphib', 'interesting', 'excellent']	aff	aff
A frog is a	reptile	-6.019149	Ġrept	['very', 'frog', 'great', 'good', 'creature']	aff	neg
A frog is not a	reptile	-5.6181717	Ġrept	['frog', 'human', 'fish', 'man', 'real']	neg	neg
A frog is not an	amphibian	-3.3456593	Ġamphib	['animal', 'amphib', 'insect', 'example', 'easy']	neg	aff
A diamond is a	mineral	-7.660245	Ġmineral	['diamond', 'symbol', 'very', 'beautiful', 'great']	aff	aff
A diamond is a	toy	-7.962083	Ġtoy	['diamond', 'symbol', 'very', 'beautiful', 'great']	aff	neg
A diamond is not a	toy	-6.4049644	Ġtoy	['diamond', 'gem', 'good', 'symbol', 'stone']	neg	neg
A diamond is not a	mineral	-7.636696	Ġmineral	['diamond', 'gem', 'good', 'symbol', 'stone']	neg	aff
A watch is a	timepiece	-3.6820526	Ġtime	['watch', 'very', 'good', 'great', 'time']	aff	aff
A watch is a	toy	-7.2036276	Ġtoy	['watch', 'very', 'good', 'great', 'time']	aff	neg
A watch is not a	toy	-4.803179	Ġtoy	['watch', 'good', 'time', 'piece', 'clock']	neg	neg
A watch is not a	timepiece	-4.313648	Ġtime	['watch', 'good', 'time', 'piece', 'clock']	neg	aff
A knife is an	utensil	-9.603986	Ġut	['instrument', 'excellent', 'effective', 'important', 'essential']	aff	aff
A knife is a	food	-7.7666597	Ġfood	['knife', 'weapon', 'very', 'tool', 'great']	aff	neg
A knife is not a	food	-7.2361298	Ġfood	['weapon', 'knife', 'tool', 'sword', 'very']	neg	neg
A knife is not an	utensil	-9.330324	Ġut	['instrument', 'effective', 'automatic', 'option', 'easy']	neg	aff
A plate is a	dish	-6.0277786	Ġdish	['very', 'good', 'great', 'single', 'plate']	aff	aff
A plate is a	food	-6.324009	Ġfood	['very', 'good', 'great', 'single', 'plate']	aff	neg
A plate is not a	food	-6.333906	Ġfood	['good', 'complete', 'perfect', 'plate', 'problem']	neg	neg
A plate is not a	dish	-5.9763136	Ġdish	['good', 'complete', 'perfect', 'plate', 'problem']	neg	aff
A cup is a	dish	-6.2904396	Ġdish	['great', 'cup', 'good', 'very', 'little']	aff	aff
A cup is a	food	-7.393965	Ġfood	['great', 'cup', 'good', 'very', 'little']	aff	neg
A cup is not a	food	-6.201371	Ġfood	['cup', 'good', 'substitute', 'bad', 'very']	neg	neg
A cup is not a	dish	-5.538397	Ġdish	['cup', 'good', 'substitute', 'bad', 'very']	neg	aff
A zebra is a	mammal	-5.7856693	Ġmamm	['very', 'good', 'great', 'female', 'species']	aff	aff
A zebra is a	fish	-6.6970806	Ġfish	['very', 'good', 'great', 'female', 'species']	aff	neg
A zebra is not a	fish	-5.2317123	Ġfish	"['zebra', 'good', 'horse', 'real', '""']"	neg	neg
A zebra is not a	mammal	-5.769285	Ġmamm	"['zebra', 'good', 'horse', 'real', '""']"	neg	aff
A cheetah is a	mammal	-3.5814686	Ġmamm	['large', 'very', 'mamm', 'small', 'species']	aff	aff
A cheetah is a	reptile	-7.2823677	Ġrept	['large', 'very', 'mamm', 'small', 'species']	aff	neg
A cheetah is not a	reptile	-6.906043	Ġrept	['predator', 'threat', 'wild', 'species', 'carn']	neg	neg
A cheetah is not a	mammal	-4.355688	Ġmamm	['predator', 'threat', 'wild', 'species', 'carn']	neg	aff
A diamond is a	gem	-4.2935505	Ġgem	['diamond', 'symbol', 'very', 'beautiful', 'great']	aff	aff
A diamond is a	place	-6.3396177	Ġplace	['diamond', 'symbol', 'very', 'beautiful', 'great']	aff	neg
A diamond is not a	place	-7.4674997	Ġplace	['diamond', 'gem', 'good', 'symbol', 'stone']	neg	neg
A diamond is not a	gem	-3.9697876	Ġgem	['diamond', 'gem', 'good', 'symbol', 'stone']	neg	aff
A baseball is a	sport	-4.2039013	Ġsport	['game', 'very', 'great', 'team', 'ball']	aff	aff
A baseball is a	toy	-7.828516	Ġtoy	['game', 'very', 'great', 'team', 'ball']	aff	neg
A baseball is not a	toy	-5.4434795	Ġtoy	['game', 'sport', 'good', 'baseball', 'perfect']	neg	neg
A baseball is not a	sport	-3.5355854	Ġsport	['game', 'sport', 'good', 'baseball', 'perfect']	neg	aff
A lamp is a	lighting	-6.1815605	Ġlighting	['very', 'device', 'light', 'type', 'lamp']	aff	aff
A lamp is a	food	-10.38235	Ġfood	['very', 'device', 'light', 'type', 'lamp']	aff	neg
A lamp is not a	food	-8.766785	Ġfood	['good', 'lamp', 'light', 'substitute', 'very']	neg	neg
A lamp is not a	lighting	-6.135394	Ġlighting	['good', 'lamp', 'light', 'substitute', 'very']	neg	aff
A lizard is an	animal	-2.8558903	Ġanimal	['animal', 'amphib', 'extremely', 'excellent', 'aquatic']	aff	aff
A lizard is a	mineral	-9.823753	Ġmineral	['very', 'creature', 'member', 'species', 'common']	aff	neg
A lizard is not a	mineral	-9.589777	Ġmineral	['l', 'rept', 'human', 'creature', 'real']	neg	neg
A lizard is not an	animal	-1.5909405	Ġanimal	['animal', 'amphib', 'endangered', 'insect', 'easy']	neg	aff
A computer is an	electronics	-7.337199	Ġelectronics	['electronic', 'object', 'extremely', 'instrument', 'important']	aff	aff
A computer is a	furniture	-11.125429	Ġfurniture	['computer', 'machine', 'very', 'device', 'tool']	aff	neg
A computer is not a	furniture	-10.067612	Ġfurniture	['machine', 'computer', 'human', 'device', 'good']	neg	neg
A computer is not an	electronics	-7.4560213	Ġelectronics	['object', 'ideal', 'instrument', 'exact', 'extension']	neg	aff
A phone is an	electronic	-4.0658035	Ġelectronic	['important', 'excellent', 'essential', 'expensive', 'extension']	aff	aff
A phone is a	mineral	-11.315714	Ġmineral	['phone', 'great', 'very', 'good', 'telephone']	aff	neg
A phone is not a	mineral	-11.417064	Ġmineral	['phone', 'good', 'substitute', 'telephone', 'mobile']	neg	neg
A phone is not an	electronic	-4.023714	Ġelectronic	['option', 'ideal', 'issue', 'adequate', 'emergency']	neg	aff
A spider is an	invertebrate	-5.7689342	Ġin	['insect', 'animal', 'important', 'example', 'excellent']	aff	aff
A spider is a	vertebrate	-8.157982	Ġvertebrate	['very', 'creature', 'spider', 'type', 'small']	aff	neg
A spider is not a	vertebrate	-7.363426	Ġvertebrate	['spider', 'human', 'person', 'real', 'man']	neg	neg
A spider is not an	invertebrate	-5.7764454	Ġin	['insect', 'animal', 'enemy', 'ordinary', 'object']	neg	aff
A bus is a	vehicle	-4.6362514	Ġvehicle	['great', 'very', 'good', 'common', 'bus']	aff	aff
A bus is a	flower	-8.692822	ĠF	['great', 'very', 'good', 'common', 'bus']	aff	neg
A bus is not a	flower	-8.106475	ĠF	['good', 'bus', 'vehicle', 'solution', 'very']	neg	neg
A bus is not a	vehicle	-4.116457	Ġvehicle	['good', 'bus', 'vehicle', 'solution', 'very']	neg	aff
A drill is a	tool	-3.689436	Ġtool	['very', 'tool', 'great', 'good', 'type']	aff	aff
A drill is a	vegetable	-12.050768	Ġvegetable	['very', 'tool', 'great', 'good', 'type']	aff	neg
A drill is not a	vegetable	-10.699604	Ġvegetable	['good', 'new', 'substitute', 'drill', 'tool']	neg	neg
A drill is not a	tool	-4.082142	Ġtool	['good', 'new', 'substitute', 'drill', 'tool']	neg	aff
A fir is a	tree	-4.9948406	Ġtree	['very', 'type', 'good', 'small', 'great']	aff	aff
A fir is a	tool	-5.8169327	Ġtool	['very', 'type', 'good', 'small', 'great']	aff	neg
A fir is not a	tool	-6.088544	Ġtool	"['good', '""', 'real', 'very', 'tree']"	neg	neg
A fir is not a	tree	-4.608858	Ġtree	"['good', '""', 'real', 'very', 'tree']"	neg	aff
A city is a	place	-2.9333763	Ġplace	['city', 'place', 'great', 'very', 'big']	aff	aff
A city is a	thing	-7.2383604	Ġthing	['city', 'place', 'great', 'very', 'big']	aff	neg
A city is not a	thing	-6.716753	Ġthing	['city', 'place', 'country', 'Ċ', 'âĢľ']	neg	neg
A city is not a	place	-2.8095798	Ġplace	['city', 'place', 'country', 'Ċ', 'âĢľ']	neg	aff
A church is a	building	-4.5716286	Ġbuilding	['place', 'church', 'symbol', 'community', 'very']	aff	aff
A church is a	toy	-10.054284	Ġtoy	['place', 'church', 'symbol', 'community', 'very']	aff	neg
A church is not a	toy	-7.5666485	Ġtoy	['place', 'church', 'temple', 'building', 'house']	neg	neg
A church is not a	building	-4.132059	Ġbuilding	['place', 'church', 'temple', 'building', 'house']	neg	aff
A mall is a	building	-7.1789694	Ġbuilding	['great', 'place', 'good', 'very', 'wonderful']	aff	aff
A mall is a	person	-8.222952	Ġperson	['great', 'place', 'good', 'very', 'wonderful']	aff	neg
A mall is not a	person	-7.3708773	Ġperson	['place', 'mall', 'good', 'shopping', 'great']	neg	neg
A mall is not a	building	-6.7972107	Ġbuilding	['place', 'mall', 'good', 'shopping', 'great']	neg	aff
A school is an	institution	-2.689272	Ġinstitution	['important', 'institution', 'excellent', 'ideal', 'example']	aff	aff
A school is a	person	-7.4826	Ġperson	['place', 'great', 'school', 'good', 'very']	aff	neg
A school is not a	person	-6.9728413	Ġperson	['school', 'place', 'good', 'âĢľ', 'public']	neg	neg
A school is not an	institution	-2.8086529	Ġinstitution	['option', 'institution', 'ideal', 'appropriate', 'island']	neg	aff
A cat is a	feline	-5.3995304	Ġf	['cat', 'very', 'great', 'good', 'dog']	aff	aff
A cat is a	canine	-7.7860317	Ġcanine	['cat', 'very', 'great', 'good', 'dog']	aff	neg
A cat is not a	canine	-7.6803274	Ġcanine	['cat', 'dog', 'good', 'man', 'human']	neg	neg
A cat is not a	feline	-5.559725	Ġf	['cat', 'dog', 'good', 'man', 'human']	neg	aff
A dog is a	canine	-6.487562	Ġcanine	['dog', 'very', 'great', 'good', 'man']	aff	aff
A dog is a	feline	-6.300721	Ġf	['dog', 'very', 'great', 'good', 'man']	aff	neg
A dog is not a	feline	-6.264736	Ġf	['dog', 'man', 'human', 'good', 'person']	neg	neg
A dog is not a	canine	-7.360729	Ġcanine	['dog', 'man', 'human', 'good', 'person']	neg	aff
A crocodile is a	reptile	-4.710867	Ġrept	['very', 'large', 'common', 'big', 'species']	aff	aff
A crocodile is a	fish	-6.2387714	Ġfish	['very', 'large', 'common', 'big', 'species']	aff	neg
A crocodile is not a	fish	-5.5425243	Ġfish	['good', 'very', 'threat', 'real', 'cro']	neg	neg
A crocodile is not a	reptile	-4.893282	Ġrept	['good', 'very', 'threat', 'real', 'cro']	neg	aff
A book is a	writing	-6.6018295	Ġwriting	['book', 'great', 'work', 'collection', 'good']	aff	aff
A book is an	insect	-8.945346	ĠIn	['excellent', 'important', 'essential', 'amazing', 'interesting']	aff	neg
A book is not an	insect	-8.029016	Ġinsect	"['object', 'easy', 'exact', 'excuse', '""']"	neg	neg
A book is not a	writing	-6.8442583	Ġwriting	"['book', 'novel', 'work', 'good', '""']"	neg	aff
A house is a	structure	-6.6864986	Ġstructure	['house', 'place', 'home', 'good', 'great']	aff	aff
A house is a	tool	-7.673538	Ġtool	['house', 'place', 'home', 'good', 'great']	aff	neg
A house is not a	tool	-7.920162	Ġtool	['house', 'home', 'place', 'castle', 'palace']	neg	neg
A house is not a	structure	-6.959532	Ġstructure	['house', 'home', 'place', 'castle', 'palace']	neg	aff
A man is a	mammal	-8.003133	Ġmamm	['man', 'person', 'king', 'very', 'great']	aff	aff
A man is a	reptile	-8.998212	Ġrept	['man', 'person', 'king', 'very', 'great']	aff	neg
A man is not a	reptile	-8.300158	Ġrept	['man', 'child', 'person', 'saint', 'monster']	neg	neg
A man is not a	mammal	-8.741213	ĠM	['man', 'child', 'person', 'saint', 'monster']	neg	aff
A woman is a	mammal	-7.9598045	Ġmamm	['woman', 'beautiful', 'mother', 'person', 'very']	aff	aff
A woman is a	reptile	-10.10427	Ġrept	['woman', 'beautiful', 'mother', 'person', 'very']	aff	neg
A woman is not a	reptile	-8.917846	Ġrept	['woman', 'person', 'man', 'victim', 'child']	neg	neg
A woman is not a	mammal	-8.306747	ĠM	['woman', 'person', 'man', 'victim', 'child']	neg	aff
An elephant is a	mammal	-5.8669024	Ġmamm	['very', 'great', 'good', 'man', 'big']	aff	aff
An elephant is a	reptile	-7.6619406	Ġrept	['very', 'great', 'good', 'man', 'big']	aff	neg
An elephant is not a	reptile	-7.319934	Ġrept	['man', 'good', 'person', 'very', 'human']	neg	neg
An elephant is not a	mammal	-6.401203	Ġmamm	['man', 'good', 'person', 'very', 'human']	neg	aff
A balloon is a	toy	-8.692756	Ġtoy	['balloon', 'device', 'very', 'small', 'type']	aff	aff
A balloon is a	building	-8.524359	Ġbuilding	['balloon', 'device', 'very', 'small', 'type']	aff	neg
A balloon is not a	building	-8.189907	Ġbuilding	['good', 'substitute', 'new', 'viable', 'very']	neg	neg
A balloon is not a	toy	-6.6063375	Ġtoy	['good', 'substitute', 'new', 'viable', 'very']	neg	aff
A restaurant is a	building	-7.1053057	Ġbuilding	['great', 'place', 'good', 'restaurant', 'very']	aff	aff
A restaurant is a	fish	-9.033264	Ġfish	['great', 'place', 'good', 'restaurant', 'very']	aff	neg
A restaurant is not a	fish	-8.480405	Ġfish	['restaurant', 'place', 'good', 'hotel', 'bad']	neg	neg
A restaurant is not a	building	-6.4182253	Ġbuilding	['restaurant', 'place', 'good', 'hotel', 'bad']	neg	aff
A whale is an	animal	-1.9840546	Ġanimal	['animal', 'endangered', 'example', 'important', 'amazing']	aff	aff
A whale is a	plant	-7.4037514	Ġplant	['very', 'whale', 'great', 'creature', 'symbol']	aff	neg
A whale is not a	plant	-6.5924234	Ġplant	['whale', 'fish', 'human', 'man', 'person']	neg	neg
A whale is not an	animal	-1.4590607	Ġanimal	['animal', 'object', 'island', 'endangered', 'exception']	neg	aff
A manager is a	leader	-5.253853	Ġleader	['person', 'good', 'manager', 'man', 'very']	aff	aff
A manager is a	follower	-8.336397	Ġfollower	['person', 'good', 'manager', 'man', 'very']	aff	neg
A manager is not a	follower	-8.647323	Ġfollower	"['good', 'person', 'bad', 'professional', '""']"	neg	neg
A manager is not a	leader	-6.166703	Ġleader	"['good', 'person', 'bad', 'professional', '""']"	neg	aff
A garden is a	place	-2.2803078	Ġplace	['garden', 'place', 'great', 'beautiful', 'good']	aff	aff
A garden is a	thing	-6.630987	Ġthing	['garden', 'place', 'great', 'beautiful', 'good']	aff	neg
A garden is not a	thing	-6.6646366	Ġthing	['garden', 'place', 'paradise', 'prison', 'flower']	neg	neg
A garden is not a	place	-3.0011082	Ġplace	['garden', 'place', 'paradise', 'prison', 'flower']	neg	aff
A book is a	thing	-5.7254524	Ġthing	['book', 'great', 'work', 'collection', 'good']	aff	aff
A book is a	food	-9.049179	Ġfood	['book', 'great', 'work', 'collection', 'good']	aff	neg
A book is not a	food	-8.058251	Ġfood	"['book', 'novel', 'work', 'good', '""']"	neg	neg
A book is not a	thing	-5.6734867	Ġthing	"['book', 'novel', 'work', 'good', '""']"	neg	aff
An ant is an	insect	-3.0837555	Ġinsect	['ant', 'animal', 'insect', 'anti', 'individual']	aff	aff
An ant is a	mammal	-7.9049797	Ġmamm	['type', 'small', 'very', 'species', 'member']	aff	neg
An ant is not a	mammal	-7.503953	Ġmamm	['good', 'human', 'man', 'person', 'real']	neg	neg
An ant is not an	insect	-4.5320663	Ġinsect	['ant', 'animal', 'anti', 'insect', 'Ant']	neg	aff
A saw is a	tool	-5.245985	Ġtool	['very', 'good', 'great', 'little', 'bit']	aff	aff
A saw is a	weapon	-7.278878	Ġweapon	['very', 'good', 'great', 'little', 'bit']	aff	neg
A saw is not a	weapon	-5.4946575	Ġweapon	"['good', '""', 'new', 'âĢľ', 'tool']"	neg	neg
A saw is not a	tool	-4.612753	Ġtool	"['good', '""', 'new', 'âĢľ', 'tool']"	neg	aff
A zebra is an	animal	-1.6092815	Ġanimal	['animal', 'example', 'African', 'excellent', 'endangered']	aff	aff
A zebra is a	plant	-7.6829567	Ġplant	['very', 'good', 'great', 'female', 'species']	aff	neg
A zebra is not a	plant	-7.0537863	Ġplant	"['zebra', 'good', 'horse', 'real', '""']"	neg	neg
A zebra is not an	animal	-1.0744267	Ġanimal	['animal', 'endangered', 'exception', 'un', 'example']	neg	aff
A coin is a	currency	-4.9493465	Ġcurrency	['symbol', 'coin', 'very', 'good', 'type']	aff	aff
A coin is a	card	-7.419648	Ġcard	['symbol', 'coin', 'very', 'good', 'type']	aff	neg
A coin is not a	card	-7.1360683	Ġcard	['coin', 'good', 'symbol', 'currency', 'token']	neg	neg
A coin is not a	currency	-4.3372307	Ġcurrency	['coin', 'good', 'symbol', 'currency', 'token']	neg	aff
A hawk is a	bird	-3.474947	Ġbird	['very', 'bird', 'great', 'small', 'common']	aff	aff
A hawk is a	fish	-7.1122847	Ġfish	['very', 'bird', 'great', 'small', 'common']	aff	neg
A hawk is not a	fish	-6.195918	Ġfish	['bird', 'bad', 'real', 'good', 'very']	neg	neg
A hawk is not a	bird	-2.9293747	Ġbird	['bird', 'bad', 'real', 'good', 'very']	neg	aff
A shark is a	fish	-4.5098534	Ġfish	['shark', 'very', 'great', 'creature', 'big']	aff	aff
A shark is a	mammal	-5.6695576	Ġmamm	['shark', 'very', 'great', 'creature', 'big']	aff	neg
A shark is not a	mammal	-5.914611	Ġmamm	['shark', 'good', 'fish', 'real', 'threat']	neg	neg
A shark is not a	fish	-3.8186893	Ġfish	['shark', 'good', 'fish', 'real', 'threat']	neg	aff
A daffodil is a	flower	-3.6031303	Ġflower	['perennial', 'small', 'very', 'beautiful', 'flower']	aff	aff
A daffodil is a	tool	-10.425009	Ġtool	['perennial', 'small', 'very', 'beautiful', 'flower']	aff	neg
A daffodil is not a	tool	-9.080988	Ġtool	['flower', 'true', 'd', 'good', 'common']	neg	neg
A daffodil is not a	flower	-3.0867424	Ġflower	['flower', 'true', 'd', 'good', 'common']	neg	aff
A pansy is a	flower	-5.2420063	Ġflower	['type', 'very', 'sweet', 'small', 'traditional']	aff	aff
A pansy is a	tool	-7.286886	Ġtool	['type', 'very', 'sweet', 'small', 'traditional']	aff	neg
A pansy is not a	tool	-6.934369	Ġtool	['good', 'pan', 'very', 'bad', 'traditional']	neg	neg
A pansy is not a	flower	-5.17153	Ġflower	['good', 'pan', 'very', 'bad', 'traditional']	neg	aff
An elephant is an	animal	-2.028366	Ġanimal	['elephant', 'animal', 'example', 'un', 'extremely']	aff	aff
An elephant is a	toy	-8.417976	Ġtoy	['very', 'great', 'good', 'man', 'big']	aff	neg
An elephant is not a	toy	-5.955575	Ġtoy	['man', 'good', 'person', 'very', 'human']	neg	neg
An elephant is not an	animal	-1.5417423	Ġanimal	['elephant', 'animal', 'object', 'ordinary', 'equal']	neg	aff
A lion is a	carnivore	-6.6023254	Ġcarn	['very', 'symbol', 'great', 'lion', 'beast']	aff	aff
A lion is a	herbivore	-8.234315	Ġherb	['very', 'symbol', 'great', 'lion', 'beast']	aff	neg
A lion is not a	herbivore	-7.986726	Ġherb	['lion', 'beast', 'man', 'good', 'bad']	neg	neg
A lion is not a	carnivore	-6.8531513	Ġcarn	['lion', 'beast', 'man', 'good', 'bad']	neg	aff
A gazelle is an	ungulate	-4.16296	Ġun	['animal', 'endangered', 'African', 'extremely', 'exotic']	aff	aff
A gazelle is a	predator	-4.9673367	Ġpredator	['very', 'small', 'species', 'large', 'creature']	aff	neg
A gazelle is not a	predator	-4.296192	Ġpredator	['bird', 'good', 'very', 'real', 'creature']	neg	neg
A gazelle is not an	ungulate	-4.1841335	Ġun	['animal', 'endangered', 'exotic', 'easy', 'un']	neg	aff
A cow is a	mammal	-6.286916	Ġmamm	['cow', 'good', 'very', 'great', 'beautiful']	aff	aff
A cow is a	reptile	-9.613198	Ġrept	['cow', 'good', 'very', 'great', 'beautiful']	aff	neg
A cow is not a	reptile	-8.794839	Ġrept	['cow', 'horse', 'good', 'human', 'man']	neg	neg
A cow is not a	mammal	-6.6943398	Ġmamm	['cow', 'horse', 'good', 'human', 'man']	neg	aff
A cow is an	animal	-1.937746	Ġanimal	['animal', 'example', 'important', 'excellent', 'un']	aff	aff
A cow is a	plant	-6.906461	Ġplant	['cow', 'good', 'very', 'great', 'beautiful']	aff	neg
A cow is not a	plant	-6.031295	Ġplant	['cow', 'horse', 'good', 'human', 'man']	neg	neg
A cow is not an	animal	-1.2079906	Ġanimal	['animal', 'object', 'un', 'enemy', 'island']	neg	aff
A fish is a	vertebrate	-7.751355	Ġvertebrate	['fish', 'very', 'great', 'good', 'member']	aff	aff
A fish is an	invertebrate	-5.272917	Ġin	['animal', 'excellent', 'important', 'example', 'aquatic']	aff	neg
A fish is not an	invertebrate	-5.3642864	Ġin	['animal', 'object', 'insect', 'easy', 'ordinary']	neg	neg
A fish is not a	vertebrate	-6.4545546	Ġvertebrate	"['fish', 'human', 'bird', 'man', '""']"	neg	aff
A mosquito is an	insect	-2.1045952	Ġinsect	['important', 'insect', 'animal', 'active', 'excellent']	aff	aff
A mosquito is a	mammal	-6.620041	Ġmamm	['mosquito', 'vector', 'parasite', 'very', 'type']	aff	neg
A mosquito is not a	mammal	-6.619611	Ġmamm	['parasite', 'vector', 'mosquito', 'good', 'threat']	neg	neg
A mosquito is not an	insect	-2.1877708	Ġinsect	['insect', 'animal', 'enemy', 'important', 'ideal']	neg	aff
A cathedral is a	building	-3.2745075	Ġbuilding	['place', 'cathedral', 'building', 'very', 'church']	aff	aff
A cathedral is a	bird	-8.620487	Ġbird	['place', 'cathedral', 'building', 'very', 'church']	aff	neg
A cathedral is not a	bird	-8.4120035	Ġbird	['cathedral', 'place', 'church', 'building', 'temple']	neg	neg
A cathedral is not a	building	-3.337328	Ġbuilding	['cathedral', 'place', 'church', 'building', 'temple']	neg	aff
A palace is a	building	-4.8810253	Ġbuilding	['palace', 'place', 'symbol', 'great', 'very']	aff	aff
A palace is a	bird	-8.205452	Ġbird	['palace', 'place', 'symbol', 'great', 'very']	aff	neg
A palace is not a	bird	-8.526309	Ġbird	['palace', 'place', 'castle', 'house', 'fortress']	neg	neg
A palace is not a	building	-4.5596027	Ġbuilding	['palace', 'place', 'castle', 'house', 'fortress']	neg	aff
A snake is a	creature	-4.3308487	Ġcreature	['very', 'snake', 'great', 'good', 'symbol']	aff	aff
A snake is a	building	-9.712309	Ġbuilding	['very', 'snake', 'great', 'good', 'symbol']	aff	neg
A snake is not a	building	-9.398191	Ġbuilding	['snake', 'good', 'serpent', 'man', 'person']	neg	neg
A snake is not a	creature	-5.019636	Ġcreature	['snake', 'good', 'serpent', 'man', 'person']	neg	aff
A human is a	vertebrate	-8.497449	Ġvertebrate	['human', 'machine', 'person', 'very', 'creature']	aff	aff
A human is a	plant	-6.5302534	Ġplant	['human', 'machine', 'person', 'very', 'creature']	aff	neg
A human is not a	plant	-5.7555847	Ġplant	['machine', 'human', 'robot', 'computer', 'god']	neg	neg
A human is not a	vertebrate	-7.6752796	Ġvertebrate	['machine', 'human', 'robot', 'computer', 'god']	neg	aff
A rat is a	mammal	-5.6322765	Ġmamm	['very', 'good', 'great', 'little', 'bit']	aff	aff
A rat is a	bird	-6.9914236	Ġbird	['very', 'good', 'great', 'little', 'bit']	aff	neg
A rat is not a	bird	-5.2205753	Ġbird	['rat', 'human', 'good', 'dog', 'mouse']	neg	neg
A rat is not a	mammal	-4.6725903	Ġmamm	['rat', 'human', 'good', 'dog', 'mouse']	neg	aff
A fork is a	tool	-4.8276405	Ġtool	['fork', 'good', 'very', 'way', 'new']	aff	aff
A fork is a	vegetable	-10.288652	Ġvegetable	['fork', 'good', 'very', 'way', 'new']	aff	neg
A fork is not a	vegetable	-10.345344	Ġvegetable	"['fork', 'good', 'new', 'problem', '""']"	neg	neg
A fork is not a	tool	-6.124777	Ġtool	"['fork', 'good', 'new', 'problem', '""']"	neg	aff
A napkin is a	cloth	-6.7513037	Ġcloth	['very', 'great', 'good', 'small', 'beautiful']	aff	aff
A napkin is a	toy	-8.693414	Ġtoy	['very', 'great', 'good', 'small', 'beautiful']	aff	neg
A napkin is not a	toy	-6.520013	Ġtoy	['substitute', 'good', 'very', 'bad', 'new']	neg	neg
A napkin is not a	cloth	-6.9256725	Ġcloth	['substitute', 'good', 'very', 'bad', 'new']	neg	aff
An airplane is a	machine	-3.2518978	Ġmachine	['machine', 'very', 'great', 'plane', 'good']	aff	aff
An airplane is a	bird	-5.324209	Ġbird	['machine', 'very', 'great', 'plane', 'good']	aff	neg
An airplane is not a	bird	-4.552532	Ġbird	['machine', 'rocket', 'vehicle', 'good', 'plane']	neg	neg
An airplane is not a	machine	-2.8407593	Ġmachine	['machine', 'rocket', 'vehicle', 'good', 'plane']	neg	aff
A cucumber is a	fruit	-4.218651	Ġfruit	['very', 'good', 'type', 'member', 'small']	aff	aff
A cucumber is a	vegetable	-4.5023365	Ġvegetable	['very', 'good', 'type', 'member', 'small']	aff	neg
A cucumber is not a	vegetable	-3.2256737	Ġvegetable	['cuc', 'vegetable', 'fruit', 'good', 'plant']	neg	neg
A cucumber is not a	fruit	-3.4552593	Ġfruit	['cuc', 'vegetable', 'fruit', 'good', 'plant']	neg	aff
A trout is a	fish	-4.2899666	Ġfish	['species', 'very', 'good', 'great', 'common']	aff	aff
A trout is a	plant	-7.1298647	Ġplant	['species', 'very', 'good', 'great', 'common']	aff	neg
A trout is not a	plant	-6.624626	Ġplant	"['fish', 'good', 'species', 'trout', '""']"	neg	neg
A trout is not a	fish	-3.1835938	Ġfish	"['fish', 'good', 'species', 'trout', '""']"	neg	aff
A rat is an	animal	-2.4432259	Ġanimal	['animal', 'excellent', 'example', 'important', 'extremely']	aff	aff
A rat is a	person	-6.681673	Ġperson	['very', 'good', 'great', 'little', 'bit']	aff	neg
A rat is not a	person	-5.270653	Ġperson	['rat', 'human', 'good', 'dog', 'mouse']	neg	neg
A rat is not an	animal	-1.3746204	Ġanimal	['animal', 'ideal', 'object', 'example', 'appropriate']	neg	aff
A chef is a	cook	-4.251087	Ġcook	['chef', 'person', 'professional', 'very', 'good']	aff	aff
A chef is a	musician	-6.6076174	Ġmusician	['chef', 'person', 'professional', 'very', 'good']	aff	neg
A chef is not a	musician	-6.411993	Ġmusician	['chef', 'professional', 'man', 'cook', 'person']	neg	neg
A chef is not a	cook	-4.120268	Ġcook	['chef', 'professional', 'man', 'cook', 'person']	neg	aff
A doctor is a	professional	-3.8451996	Ġprofessional	['doctor', 'physician', 'man', 'person', 'medical']	aff	aff
A doctor is a	toy	-11.033142	Ġtoy	['doctor', 'physician', 'man', 'person', 'medical']	aff	neg
A doctor is not a	toy	-9.399556	Ġtoy	['doctor', 'physician', 'lawyer', 'medical', 'professional']	neg	neg
A doctor is not a	professional	-4.044716	Ġprofessional	['doctor', 'physician', 'lawyer', 'medical', 'professional']	neg	aff
A lawyer is an	attorney	-1.9500866	Ġattorney	['attorney', 'expert', 'advocate', 'important', 'individual']	aff	aff
A lawyer is a	plumber	-7.46542	Ġpl	['lawyer', 'professional', 'person', 'man', 'good']	aff	neg
A lawyer is not a	plumber	-7.446374	Ġpl	['lawyer', 'professional', 'judge', 'criminal', 'person']	neg	neg
A lawyer is not an	attorney	-1.857439	Ġattorney	['attorney', 'expert', 'advocate', 'employee', 'idiot']	neg	aff
A teacher is an	educator	-3.911209	Ġeduc	['important', 'example', 'individual', 'expert', 'excellent']	aff	aff
A teacher is a	cashier	-9.837822	Ġcash	['teacher', 'person', 'good', 'man', 'great']	aff	neg
A teacher is not a	cashier	-9.217929	Ġcash	['teacher', 'person', 'professional', 'substitute', 'man']	neg	neg
A teacher is not an	educator	-5.4967155	Ġeduc	['employee', 'expert', 'ideal', 'authority', 'individual']	neg	aff
A textbook is a	book	-3.8890476	Ġbook	['good', 'great', 'very', 'book', 'guide']	aff	aff
A textbook is a	flower	-8.995257	ĠF	['good', 'great', 'very', 'book', 'guide']	aff	neg
A textbook is not a	flower	-8.814906	ĠF	['good', 'book', 'substitute', 'textbook', 'guide']	neg	neg
A textbook is not a	book	-3.1248627	Ġbook	['good', 'book', 'substitute', 'textbook', 'guide']	neg	aff
A lotus is a	flower	-6.2498407	Ġflower	['great', 'very', 'good', 'small', 'beautiful']	aff	aff
A lotus is an	insect	-7.412573	Ġinsect	['ancient', 'excellent', 'important', 'old', 'interesting']	aff	neg
A lotus is not an	insect	-6.2150707	Ġinsect	['easy', 'option', 'ordinary', 'exact', 'island']	neg	neg
A lotus is not a	flower	-5.382303	Ġflower	['good', 'very', 'place', 'bad', 'great']	neg	aff
A frog is an	animal	-2.9315147	Ġanimal	['animal', 'example', 'amphib', 'interesting', 'excellent']	aff	aff
A frog is a	toy	-8.131555	Ġtoy	['very', 'frog', 'great', 'good', 'creature']	aff	neg
A frog is not a	toy	-6.806986	Ġtoy	['frog', 'human', 'fish', 'man', 'real']	neg	neg
A frog is not an	animal	-1.8755474	Ġanimal	['animal', 'amphib', 'insect', 'example', 'easy']	neg	aff
A petunia is a	flower	-5.4234295	Ġflower	['small', 'very', 'beautiful', 'popular', 'hybrid']	aff	aff
A petunia is a	person	-9.579268	Ġperson	['small', 'very', 'beautiful', 'popular', 'hybrid']	aff	neg
A petunia is not a	person	-7.5135403	Ġperson	['true', 'good', 'plant', 'fruit', 'flower']	neg	neg
A petunia is not a	flower	-4.1907673	Ġflower	['true', 'good', 'plant', 'fruit', 'flower']	neg	aff
A kitchen is a	room	-4.953182	Ġroom	['great', 'place', 'good', 'very', 'perfect']	aff	aff
A kitchen is a	house	-6.669361	Ġhouse	['great', 'place', 'good', 'very', 'perfect']	aff	neg
A kitchen is not a	house	-5.3002625	Ġhouse	['place', 'kitchen', 'good', 'luxury', 'restaurant']	neg	neg
A kitchen is not a	room	-4.5064106	Ġroom	['place', 'kitchen', 'good', 'luxury', 'restaurant']	neg	aff
A sunflower is a	flower	-4.4268894	Ġflower	['very', 'member', 'good', 'plant', 'type']	aff	aff
A sunflower is a	fruit	-4.7639256	Ġfruit	['very', 'member', 'good', 'plant', 'type']	aff	neg
A sunflower is not a	fruit	-3.9878635	Ġfruit	['good', 'flower', 'vegetable', 'plant', 'fruit']	neg	neg
A sunflower is not a	flower	-3.277441	Ġflower	['good', 'flower', 'vegetable', 'plant', 'fruit']	neg	aff
A blade is a	tool	-4.249689	Ġtool	['very', 'blade', 'tool', 'great', 'type']	aff	aff
A blade is a	building	-8.843157	Ġbuilding	['very', 'blade', 'tool', 'great', 'type']	aff	neg
A blade is not a	building	-8.40718	Ġbuilding	['blade', 'part', 'good', 'weapon', 'new']	neg	neg
A blade is not a	tool	-4.658867	Ġtool	['blade', 'part', 'good', 'weapon', 'new']	neg	aff
A celery is a	vegetable	-4.053358	Ġvegetable	['very', 'good', 'plant', 'type', 'great']	aff	aff
A celery is a	legume	-6.19796	Ġleg	['very', 'good', 'plant', 'type', 'great']	aff	neg
A celery is not a	legume	-6.143652	Ġleg	['vegetable', 'good', 'plant', 'very', 'fruit']	neg	neg
A celery is not a	vegetable	-2.8715	Ġvegetable	['vegetable', 'good', 'plant', 'very', 'fruit']	neg	aff
A cherry is a	fruit	-4.558403	Ġfruit	['good', 'very', 'great', 'cherry', 'beautiful']	aff	aff
A cherry is a	nut	-6.5843573	Ġnut	['good', 'very', 'great', 'cherry', 'beautiful']	aff	neg
A cherry is not a	nut	-6.6171656	Ġnut	['cherry', 'good', 'fruit', 'bad', 'very']	neg	neg
A cherry is not a	fruit	-3.7501945	Ġfruit	['cherry', 'good', 'fruit', 'bad', 'very']	neg	aff
A peach is a	fruit	-3.7273254	Ġfruit	['good', 'very', 'great', 'fruit', 'sweet']	aff	aff
A peach is a	meat	-7.786497	Ġmeat	['good', 'very', 'great', 'fruit', 'sweet']	aff	neg
A peach is not a	meat	-6.948451	Ġmeat	['fruit', 'pe', 'good', 'sweet', 'tree']	neg	neg
A peach is not a	fruit	-2.4631367	Ġfruit	['fruit', 'pe', 'good', 'sweet', 'tree']	neg	aff
A giraffe is a	mammal	-4.5307007	Ġmamm	['very', 'gir', 'large', 'small', 'species']	aff	aff
A giraffe is a	bird	-4.615555	Ġbird	['very', 'gir', 'large', 'small', 'species']	aff	neg
A giraffe is not a	bird	-4.3406315	Ġbird	['gir', 'real', 'good', 'bird', 'very']	neg	neg
A giraffe is not a	mammal	-4.9033623	Ġmamm	['gir', 'real', 'good', 'bird', 'very']	neg	aff
A leopard is a	mammal	-4.5771427	Ġmamm	['very', 'small', 'large', 'Ċ', 'big']	aff	aff
A leopard is a	reptile	-6.123478	Ġrept	['very', 'small', 'large', 'Ċ', 'big']	aff	neg
A leopard is not a	reptile	-5.703657	Ġrept	['Ċ', 'le', 'dog', 'very', 'beast']	neg	neg
A leopard is not a	mammal	-4.6876717	Ġmamm	['Ċ', 'le', 'dog', 'very', 'beast']	neg	aff
A penguin is a	bird	-3.4237194	Ġbird	['bird', 'very', 'small', 'species', 'type']	aff	aff
A penguin is a	number	-9.272329	Ġnumber	['bird', 'very', 'small', 'species', 'type']	aff	neg
A penguin is not a	number	-9.553542	Ġnumber	"['bird', 'peng', 'real', 'good', '""']"	neg	neg
A penguin is not a	bird	-2.9901905	Ġbird	"['bird', 'peng', 'real', 'good', '""']"	neg	aff
An orange is a	fruit	-5.102648	Ġfruit	['good', 'symbol', 'very', 'sign', 'great']	aff	aff
An orange is a	drink	-8.723092	Ġdrink	['good', 'symbol', 'very', 'sign', 'great']	aff	neg
An orange is not a	drink	-8.79632	Ġdrink	['color', 'good', 'bad', 'fruit', 'yellow']	neg	neg
An orange is not a	fruit	-3.8007545	Ġfruit	['color', 'good', 'bad', 'fruit', 'yellow']	neg	aff
A bike is a	vehicle	-4.8564796	Ġvehicle	['great', 'good', 'very', 'wonderful', 'bike']	aff	aff
A bike is a	tree	-10.168067	Ġtree	['great', 'good', 'very', 'wonderful', 'bike']	aff	neg
A bike is not a	tree	-9.449426	Ġtree	['good', 'bike', 'luxury', 'necessity', 'new']	neg	neg
A bike is not a	vehicle	-4.629421	Ġvehicle	['good', 'bike', 'luxury', 'necessity', 'new']	neg	aff
A turkey is a	bird	-3.9758644	Ġbird	['very', 'good', 'great', 'bird', 'delicious']	aff	aff
A turkey is an	animal	-3.463461	Ġanimal	['excellent', 'important', 'example', 'animal', 'amazing']	aff	neg
A turkey is not an	animal	-2.4751663	Ġanimal	['animal', 'option', 'acceptable', 'easy', 'ideal']	neg	neg
A turkey is not a	bird	-3.8600998	Ġbird	"['good', 'turkey', 'bird', '""', 'very']"	neg	aff
A dolphin is a	mammal	-5.473547	Ġmamm	['very', 'd', 'member', 'rare', 'species']	aff	aff
A dolphin is a	reptile	-7.625431	Ġrept	['very', 'd', 'member', 'rare', 'species']	aff	neg
A dolphin is not a	reptile	-7.203697	Ġrept	['d', 'fish', 'real', 'threat', 'human']	neg	neg
A dolphin is not a	mammal	-5.19619	Ġmamm	['d', 'fish', 'real', 'threat', 'human']	neg	aff
A bluebird is a	bird	-3.1141987	Ġbird	['bird', 'very', 'blue', 'beautiful', 'good']	aff	aff
A bluebird is a	color	-6.196971	Ġcolor	['bird', 'very', 'blue', 'beautiful', 'good']	aff	neg
A bluebird is not a	color	-5.5476456	Ġcolor	['blue', 'bird', 'good', 'bad', 'real']	neg	neg
A bluebird is not a	bird	-2.6201477	Ġbird	['blue', 'bird', 'good', 'bad', 'real']	neg	aff
A willow is a	tree	-3.8793278	Ġtree	['very', 'common', 'species', 'native', 'tree']	aff	aff
A willow is a	tool	-8.372796	Ġtool	['very', 'common', 'species', 'native', 'tree']	aff	neg
A willow is not a	tool	-7.5081577	Ġtool	['tree', 'wood', 'plant', 'good', 'species']	neg	neg
A willow is not a	tree	-2.8728733	Ġtree	['tree', 'wood', 'plant', 'good', 'species']	neg	aff
A glass is a	container	-4.404581	Ġcontainer	['glass', 'very', 'good', 'great', 'bit']	aff	aff
A glass is a	plant	-8.7164	Ġplant	['glass', 'very', 'good', 'great', 'bit']	aff	neg
A glass is not a	plant	-8.72859	Ġplant	['glass', 'window', 'mirror', 'good', 'liquid']	neg	neg
A glass is not a	container	-4.896927	Ġcontainer	['glass', 'window', 'mirror', 'good', 'liquid']	neg	aff
A bear is a	mammal	-5.8677425	Ġmamm	['bear', 'very', 'good', 'great', 'big']	aff	aff
A bear is a	reptile	-8.337794	Ġrept	['bear', 'very', 'good', 'great', 'big']	aff	neg
A bear is not a	reptile	-8.235905	Ġrept	['bear', 'good', 'man', 'bad', 'beast']	neg	neg
A bear is not a	mammal	-6.3277473	Ġmamm	['bear', 'good', 'man', 'bad', 'beast']	neg	aff
A glider is an	aircraft	-1.3942795	Ġaircraft	['aircraft', 'airplane', 'air', 'aer', 'example']	aff	aff
A glider is a	building	-7.9637213	Ġbuilding	['very', 'gl', 'small', 'type', 'single']	aff	neg
A glider is not a	building	-7.2920732	Ġbuilding	"['new', 'good', 'real', 'very', '""']"	neg	neg
A glider is not an	aircraft	-2.4360523	Ġaircraft	['aircraft', 'easy', 'option', 'air', 'ideal']	neg	aff
A helicopter is an	aircraft	-2.3228703	Ġaircraft	['aircraft', 'excellent', 'example', 'important', 'air']	aff	aff
A helicopter is a	mammal	-8.362724	ĠM	['great', 'good', 'very', 'helicopter', 'type']	aff	neg
A helicopter is not a	mammal	-8.570819	ĠM	['good', 'substitute', 'very', 'safe', 'helicopter']	neg	neg
A helicopter is not an	aircraft	-3.626093	Ġaircraft	['option', 'ideal', 'appropriate', 'aircraft', 'effective']	neg	aff
A blender is a	machine	-3.5981255	Ġmachine	['great', 'good', 'very', 'blender', 'machine']	aff	aff
A blender is a	toy	-7.257741	Ġtoy	['great', 'good', 'very', 'blender', 'machine']	aff	neg
A blender is not a	toy	-5.5109615	Ġtoy	['good', 'blender', 'machine', 'great', 'substitute']	neg	neg
A blender is not a	machine	-3.7384758	Ġmachine	['good', 'blender', 'machine', 'great', 'substitute']	neg	aff
A toaster is a	machine	-5.720459	Ġmachine	['great', 'very', 'good', 'must', 'fantastic']	aff	aff
A toaster is a	food	-6.2913446	Ġfood	['great', 'very', 'good', 'must', 'fantastic']	aff	neg
A toaster is not a	food	-5.1544456	Ġfood	['good', 'new', 'bad', 'toy', 'very']	neg	neg
A toaster is not a	machine	-5.4918785	Ġmachine	['good', 'new', 'bad', 'toy', 'very']	neg	aff
A phone is an	appliance	-6.7873383	Ġappliance	['important', 'excellent', 'essential', 'expensive', 'extension']	aff	aff
A phone is a	mammal	-8.962432	ĠM	['phone', 'great', 'very', 'good', 'telephone']	aff	neg
A phone is not a	mammal	-9.378168	ĠM	['phone', 'good', 'substitute', 'telephone', 'mobile']	neg	neg
A phone is not an	appliance	-7.0397596	Ġappliance	['option', 'ideal', 'issue', 'adequate', 'emergency']	neg	aff
A toy is a	thing	-5.4095287	Ġthing	['toy', 'very', 'great', 'good', 'little']	aff	aff
A toy is a	bird	-8.341513	Ġbird	['toy', 'very', 'great', 'good', 'little']	aff	neg
A toy is not a	bird	-7.4400454	Ġbird	"['toy', 'real', 'good', 'tool', '""']"	neg	neg
A toy is not a	thing	-4.862299	Ġthing	"['toy', 'real', 'good', 'tool', '""']"	neg	aff
A novel is a	book	-7.0266094	Ġbook	['novel', 'new', 'very', 'single', 'non']	aff	aff
A novel is a	film	-8.062224	Ġfilm	['novel', 'new', 'very', 'single', 'non']	aff	neg
A novel is not a	film	-7.2432632	Ġfilm	"['novel', 'new', '""', 'good', 'simple']"	neg	neg
A novel is not a	book	-5.6607246	Ġbook	"['novel', 'new', '""', 'good', 'simple']"	neg	aff
A drum is an	instrument	-2.86825	Ġinstrument	['instrument', 'important', 'electronic', 'example', 'object']	aff	aff
A drum is a	toy	-7.342635	Ġtoy	['drum', 'very', 'type', 'device', 'small']	aff	neg
A drum is not a	toy	-5.372574	Ġtoy	['drum', 'good', 'very', 'simple', 'âĢľ']	neg	neg
A drum is not an	instrument	-3.3630486	Ġinstrument	['instrument', 'ideal', 'easy', 'object', 'effective']	neg	aff
A movie is an	entertainment	-4.4137306	Ġentertainment	['art', 'experience', 'event', 'excellent', 'amazing']	aff	aff
A movie is a	person	-7.503009	Ġperson	['movie', 'great', 'good', 'film', 'lot']	aff	neg
A movie is not a	person	-7.085804	Ġperson	['movie', 'good', 'film', 'bad', 'game']	neg	neg
A movie is not an	entertainment	-3.9613972	Ġentertainment	['art', 'excuse', 'event', 'experience', 'easy']	neg	aff
A house is a	dwelling	-6.7437754	Ġdwelling	['house', 'place', 'home', 'good', 'great']	aff	aff
A house is a	waterway	-8.518357	Ġwater	['house', 'place', 'home', 'good', 'great']	aff	neg
A house is not a	waterway	-8.214968	Ġwater	['house', 'home', 'place', 'castle', 'palace']	neg	neg
A house is not a	dwelling	-5.5496407	Ġdwelling	['house', 'home', 'place', 'castle', 'palace']	neg	aff
A river is a	waterway	-4.9184475	Ġwater	['river', 'great', 'natural', 'major', 'good']	aff	aff
A river is a	mountain	-7.247219	Ġmountain	['river', 'great', 'natural', 'major', 'good']	aff	neg
A river is not a	mountain	-6.295348	Ġmountain	['river', 'place', 'good', 'stream', 'natural']	neg	neg
A river is not a	waterway	-4.081682	Ġwater	['river', 'place', 'good', 'stream', 'natural']	neg	aff
A girl is a	person	-4.968008	Ġperson	['girl', 'beautiful', 'child', 'woman', 'little']	aff	aff
A girl is a	boy	-4.653839	Ġboy	['girl', 'beautiful', 'child', 'woman', 'little']	aff	neg
A girl is not a	boy	-3.512312	Ġboy	['girl', 'child', 'boy', 'woman', 'man']	neg	neg
A girl is not a	person	-4.226595	Ġperson	['girl', 'child', 'boy', 'woman', 'man']	neg	aff
A steak is a	food	-5.59334	Ġfood	['good', 'very', 'great', 'steak', 'lot']	aff	aff
A steak is a	flower	-9.605108	ĠF	['good', 'very', 'great', 'steak', 'lot']	aff	neg
A steak is not a	flower	-9.165156	ĠF	['steak', 'good', 'meal', 'very', 'meat']	neg	neg
A steak is not a	food	-4.7459087	Ġfood	['steak', 'good', 'meal', 'very', 'meat']	neg	aff
A shoe is a	clothing	-9.125995	Ġclothing	['shoe', 'very', 'great', 'good', 'pair']	aff	aff
A shoe is a	furniture	-9.934644	Ġfurniture	['shoe', 'very', 'great', 'good', 'pair']	aff	neg
A shoe is not a	furniture	-9.177238	Ġfurniture	['shoe', 'good', 'foot', 'toy', 'pair']	neg	neg
A shoe is not a	clothing	-8.414611	Ġclothing	['shoe', 'good', 'foot', 'toy', 'pair']	neg	aff
A computer is an	equipment	-7.8788166	Ġequipment	['electronic', 'object', 'extremely', 'instrument', 'important']	aff	aff
A computer is a	drink	-12.125339	ĠDr	['computer', 'machine', 'very', 'device', 'tool']	aff	neg
A computer is not a	drink	-11.372786	Ġdrink	['machine', 'computer', 'human', 'device', 'good']	neg	neg
A computer is not an	equipment	-8.510067	Ġequipment	['object', 'ideal', 'instrument', 'exact', 'extension']	neg	aff
A mouse is a	rodent	-7.200856	Ġrodent	['very', 'good', 'great', 'little', 'model']	aff	aff
A mouse is a	bird	-8.114071	Ġbird	['very', 'good', 'great', 'little', 'model']	aff	neg
A mouse is not a	bird	-6.769453	Ġbird	"['good', 'mouse', 'human', 'model', '""']"	neg	neg
A mouse is not a	rodent	-6.647752	Ġrodent	"['good', 'mouse', 'human', 'model', '""']"	neg	aff
A nail is a	metal	-5.661787	Ġmetal	['nail', 'very', 'good', 'great', 'little']	aff	aff
A nail is a	paper	-8.689835	Ġpaper	['nail', 'very', 'good', 'great', 'little']	aff	neg
A nail is not a	paper	-8.469398	Ġpaper	['nail', 'good', 'real', 'part', 'problem']	neg	neg
A nail is not a	metal	-5.2266846	Ġmetal	['nail', 'good', 'real', 'part', 'problem']	neg	aff
A driver is a	person	-2.8780975	Ġperson	['driver', 'person', 'vehicle', 'good', 'member']	aff	aff
A driver is a	machine	-5.8519793	Ġmachine	['driver', 'person', 'vehicle', 'good', 'member']	aff	neg
A driver is not a	machine	-5.8013678	Ġmachine	"['driver', 'good', '""', 'member', 'person']"	neg	neg
A driver is not a	person	-4.086607	Ġperson	"['driver', 'good', '""', 'member', 'person']"	neg	aff
A lake is a	pond	-7.235629	Ġpond	['great', 'place', 'good', 'very', 'popular']	aff	aff
A lake is a	mountain	-7.259495	Ġmountain	['great', 'place', 'good', 'very', 'popular']	aff	neg
A lake is not a	mountain	-6.3753443	Ġmountain	['lake', 'place', 'good', 'natural', 'water']	neg	neg
A lake is not a	pond	-5.432375	Ġpond	['lake', 'place', 'good', 'natural', 'water']	neg	aff
A duck is an	animal	-2.4744205	Ġanimal	['animal', 'excellent', 'important', 'example', 'interesting']	aff	aff
A duck is a	fruit	-7.9210978	Ġfruit	['duck', 'very', 'good', 'bird', 'great']	aff	neg
A duck is not a	fruit	-7.060073	Ġfruit	['duck', 'bird', 'good', 'man', 'dog']	neg	neg
A duck is not an	animal	-1.6474438	Ġanimal	['animal', 'easy', 'object', 'un', 'insect']	neg	aff
A mackerel is a	fish	-3.1813812	Ġfish	['species', 'type', 'fish', 'small', 'very']	aff	aff
A mackerel is a	bird	-5.3593044	Ġbird	['species', 'type', 'fish', 'small', 'very']	aff	neg
A mackerel is not a	bird	-5.020199	Ġbird	['fish', 'good', 'species', 'member', 'food']	neg	neg
A mackerel is not a	fish	-3.3547363	Ġfish	['fish', 'good', 'species', 'member', 'food']	neg	aff
A vase is a	decoration	-7.615587	Ġdecoration	['very', 'type', 'beautiful', 'large', 'great']	aff	aff
A vase is a	tool	-5.801426	Ġtool	['very', 'type', 'beautiful', 'large', 'great']	aff	neg
A vase is not a	tool	-5.614702	Ġtool	"['""', 'vessel', 'v', 'Ċ', 'âĢľ']"	neg	neg
A vase is not a	decoration	-7.1745872	Ġdecoration	"['""', 'vessel', 'v', 'Ċ', 'âĢľ']"	neg	aff
A cat is a	carnivore	-7.1645985	Ġcarn	['cat', 'very', 'great', 'good', 'dog']	aff	aff
A cat is a	herbivore	-9.366592	Ġherb	['cat', 'very', 'great', 'good', 'dog']	aff	neg
A cat is not a	herbivore	-8.7202015	Ġherb	['cat', 'dog', 'good', 'man', 'human']	neg	neg
A cat is not a	carnivore	-7.387291	Ġcarn	['cat', 'dog', 'good', 'man', 'human']	neg	aff
A school is a	place	-2.2024918	Ġplace	['place', 'great', 'school', 'good', 'very']	aff	aff
A school is a	device	-9.869713	Ġdevice	['place', 'great', 'school', 'good', 'very']	aff	neg
A school is not a	device	-9.94209	Ġdevice	['school', 'place', 'good', 'âĢľ', 'public']	neg	neg
A school is not a	place	-2.2773533	Ġplace	['school', 'place', 'good', 'âĢľ', 'public']	neg	aff
A python is a	snake	-8.054561	Ġsnake	['very', 'good', 'great', 'language', 'bit']	aff	aff
A python is a	mammal	-8.561627	ĠM	['very', 'good', 'great', 'language', 'bit']	aff	neg
A python is not a	mammal	-8.490745	ĠM	['good', 'language', 'python', 'very', 'programming']	neg	neg
A python is not a	snake	-7.1276474	Ġsnake	['good', 'language', 'python', 'very', 'programming']	neg	aff
A hawk is an	animal	-3.6651134	Ġanimal	['ancient', 'important', 'animal', 'old', 'excellent']	aff	aff
A hawk is a	reptile	-7.226721	Ġrept	['very', 'bird', 'great', 'small', 'common']	aff	neg
A hawk is not a	reptile	-7.656225	Ġrept	['bird', 'bad', 'real', 'good', 'very']	neg	neg
A hawk is not an	animal	-2.921032	Ġanimal	['animal', 'enemy', 'easy', 'un', 'ordinary']	neg	aff
A beach is a	place	-2.8557816	Ġplace	['great', 'good', 'place', 'beautiful', 'perfect']	aff	aff
A beach is an	ocean	-4.8865337	Ġocean	['ideal', 'excellent', 'important', 'amazing', 'island']	aff	neg
A beach is not an	ocean	-5.351347	Ġocean	['option', 'ideal', 'island', 'easy', 'appropriate']	neg	neg
A beach is not a	place	-2.2484245	Ġplace	['beach', 'place', 'good', 'safe', 'perfect']	neg	aff
A carnation is a	flower	-2.7467155	Ġflower	['flower', 'very', 'beautiful', 'small', 'symbol']	aff	aff
A carnation is a	bee	-8.259962	Ġbee	['flower', 'very', 'beautiful', 'small', 'symbol']	aff	neg
A carnation is not a	bee	-8.562702	Ġbee	['flower', 'good', 'true', 'carn', 'very']	neg	neg
A carnation is not a	flower	-2.0990238	Ġflower	['flower', 'good', 'true', 'carn', 'very']	neg	aff
A shoe is a	footwear	-4.282343	Ġfoot	['shoe', 'very', 'great', 'good', 'pair']	aff	aff
A shoe is a	tool	-4.943289	Ġtool	['shoe', 'very', 'great', 'good', 'pair']	aff	neg
A shoe is not a	tool	-5.3139915	Ġtool	['shoe', 'good', 'foot', 'toy', 'pair']	neg	neg
A shoe is not a	footwear	-3.914587	Ġfoot	['shoe', 'good', 'foot', 'toy', 'pair']	neg	aff
A sailboat is a	watercraft	-6.431669	Ġwater	['great', 'good', 'very', 'boat', 'vessel']	aff	aff
A sailboat is a	building	-8.438194	Ġbuilding	['great', 'good', 'very', 'boat', 'vessel']	aff	neg
A sailboat is not a	building	-7.9240303	Ġbuilding	['good', 'luxury', 'very', 'vessel', 'boat']	neg	neg
A sailboat is not a	watercraft	-6.185442	Ġwater	['good', 'luxury', 'very', 'vessel', 'boat']	neg	aff
A clown is a	performer	-7.1337547	Ġperformer	['clown', 'very', 'man', 'great', 'good']	aff	aff
A clown is a	doctor	-7.42115	Ġdoctor	['clown', 'very', 'man', 'great', 'good']	aff	neg
A clown is not a	doctor	-5.4409294	Ġdoctor	['clown', 'man', 'real', 'good', 'person']	neg	neg
A clown is not a	performer	-6.8929434	Ġperformer	['clown', 'man', 'real', 'good', 'person']	neg	aff
A dog is a	pet	-5.4012337	Ġpet	['dog', 'very', 'great', 'good', 'man']	aff	aff
A dog is a	fruit	-8.713214	Ġfruit	['dog', 'very', 'great', 'good', 'man']	aff	neg
A dog is not a	fruit	-7.454092	Ġfruit	['dog', 'man', 'human', 'good', 'person']	neg	neg
A dog is not a	pet	-4.9834633	Ġpet	['dog', 'man', 'human', 'good', 'person']	neg	aff
A plate is an	utensil	-10.149699	Ġut	['example', 'important', 'excellent', 'image', 'integral']	aff	aff
A plate is a	toy	-8.752651	Ġtoy	['very', 'good', 'great', 'single', 'plate']	aff	neg
A plate is not a	toy	-6.918168	Ġtoy	['good', 'complete', 'perfect', 'plate', 'problem']	neg	neg
A plate is not an	utensil	-9.942691	Ġut	['ideal', 'option', 'easy', 'acceptable', 'appropriate']	neg	aff
A rose is a	plant	-4.6124477	Ġplant	['rose', 'flower', 'beautiful', 'symbol', 'very']	aff	aff
A rose is a	bird	-6.753377	Ġbird	['rose', 'flower', 'beautiful', 'symbol', 'very']	aff	neg
A rose is not a	bird	-6.6601925	Ġbird	['rose', 'flower', 'good', 'thing', 'true']	neg	neg
A rose is not a	plant	-5.3513775	Ġplant	['rose', 'flower', 'good', 'thing', 'true']	neg	aff
A vase is a	container	-4.757778	Ġcontainer	['very', 'type', 'beautiful', 'large', 'great']	aff	aff
A vase is a	bird	-8.87892	Ġbird	['very', 'type', 'beautiful', 'large', 'great']	aff	neg
A vase is not a	bird	-7.3758917	Ġbird	"['""', 'vessel', 'v', 'Ċ', 'âĢľ']"	neg	neg
A vase is not a	container	-4.959915	Ġcontainer	"['""', 'vessel', 'v', 'Ċ', 'âĢľ']"	neg	aff
A linnet is a	bird	-4.3998795	Ġbird	['species', 'very', 'small', 'type', 'common']	aff	aff
A linnet is a	flower	-6.977085	Ġflower	['species', 'very', 'small', 'type', 'common']	aff	neg
A linnet is not a	flower	-6.494981	Ġflower	['true', 'new', 'bird', 'species', 'member']	neg	neg
A linnet is not a	bird	-4.0423737	Ġbird	['true', 'new', 'bird', 'species', 'member']	neg	aff
A wasp is an	insect	-1.6932659	Ġinsect	['insect', 'important', 'invasive', 'oblig', 'extremely']	aff	aff
A wasp is a	mammal	-7.9101	Ġmamm	['parasitic', 'parasite', 'very', 'species', 'major']	aff	neg
A wasp is not a	mammal	-7.2093554	Ġmamm	['true', 'new', 'natural', 'vector', 'species']	neg	neg
A wasp is not an	insect	-2.0768223	Ġinsect	['insect', 'oblig', 'invasive', 'important', 'agent']	neg	aff
A jigsaw is a	tool	-5.039568	Ġtool	['game', 'very', 'puzzle', 'great', 'fun']	aff	aff
A jigsaw is a	toy	-6.9770813	Ġtoy	['game', 'very', 'puzzle', 'great', 'fun']	aff	neg
A jigsaw is not a	toy	-4.534485	Ġtoy	['game', 'good', 'simple', 'j', 'very']	neg	neg
A jigsaw is not a	tool	-5.185358	Ġtool	['game', 'good', 'simple', 'j', 'very']	neg	aff
A fig is a	fruit	-6.2784424	Ġfruit	['very', 'good', 'symbol', 'great', 'little']	aff	aff
A fig is a	chair	-9.3659	Ġchair	['very', 'good', 'symbol', 'great', 'little']	aff	neg
A fig is not a	chair	-8.14372	Ġchair	['fig', 'tree', 'figure', 'Ċ', 'good']	neg	neg
A fig is not a	fruit	-5.411085	Ġfruit	['fig', 'tree', 'figure', 'Ċ', 'good']	neg	aff
A sailboat is a	vessel	-4.040455	Ġvessel	['great', 'good', 'very', 'boat', 'vessel']	aff	aff
A sailboat is a	box	-8.989885	Ġbox	['great', 'good', 'very', 'boat', 'vessel']	aff	neg
A sailboat is not a	box	-7.931963	Ġbox	['good', 'luxury', 'very', 'vessel', 'boat']	neg	neg
A sailboat is not a	vessel	-3.9065914	Ġvessel	['good', 'luxury', 'very', 'vessel', 'boat']	neg	aff
A sword is a	weapon	-2.3444042	Ġweapon	['weapon', 'symbol', 'sword', 'great', 'very']	aff	aff
A sword is a	flower	-8.094639	Ġflower	['weapon', 'symbol', 'sword', 'great', 'very']	aff	neg
A sword is not a	flower	-6.5434303	Ġflower	['sword', 'weapon', 'shield', 'mere', 'tool']	neg	neg
A sword is not a	weapon	-2.158495	Ġweapon	['sword', 'weapon', 'shield', 'mere', 'tool']	neg	aff
A trumpet is an	instrument	-0.5678997	Ġinstrument	['instrument', 'organ', 'important', 'ac', 'ancient']	aff	aff
A trumpet is a	rock	-9.829697	Ġrock	['trump', 'very', 'musical', 'small', 'device']	aff	neg
A trumpet is not a	rock	-9.572903	Ġrock	['trump', 'musical', 'part', 'Ċ', 'sound']	neg	neg
A trumpet is not an	instrument	-0.7116928	Ġinstrument	['instrument', 'organ', 'ordinary', 'ornament', 'integral']	neg	aff
A pot is a	vessel	-5.1328087	Ġvessel	['pot', 'very', 'good', 'great', 'container']	aff	aff
A pot is a	tool	-5.7385235	Ġtool	['pot', 'very', 'good', 'great', 'container']	aff	neg
A pot is not a	tool	-6.405838	Ġtool	['pot', 'vessel', 'machine', 'house', 'thing']	neg	neg
A pot is not a	vessel	-4.1994953	Ġvessel	['pot', 'vessel', 'machine', 'house', 'thing']	neg	aff
A tomato is a	fruit	-3.6641712	Ġfruit	['very', 'good', 'great', 'fruit', 'vegetable']	aff	aff
A tomato is a	candy	-7.7675276	ĠC	['very', 'good', 'great', 'fruit', 'vegetable']	aff	neg
A tomato is not a	candy	-7.785383	ĠC	['vegetable', 'tomato', 'fruit', 'good', 'plant']	neg	neg
A tomato is not a	fruit	-2.9102917	Ġfruit	['vegetable', 'tomato', 'fruit', 'good', 'plant']	neg	aff
A clock is a	timepiece	-4.4330616	Ġtime	['very', 'clock', 'function', 'time', 'signal']	aff	aff
A clock is a	fruit	-10.882792	Ġfruit	['very', 'clock', 'function', 'time', 'signal']	aff	neg
A clock is not a	fruit	-10.670215	Ġfruit	"['clock', 'good', '""', 'function', 'valid']"	neg	neg
A clock is not a	timepiece	-4.643299	Ġtime	"['clock', 'good', '""', 'function', 'valid']"	neg	aff
An alligator is a	reptile	-4.7533684	Ġrept	['large', 'very', 'species', 'common', 'small']	aff	aff
An alligator is a	mammal	-5.8009825	Ġmamm	['large', 'very', 'species', 'common', 'small']	aff	neg
An alligator is not a	mammal	-5.5786133	Ġmamm	['threat', 'real', 'fish', 'rept', 'good']	neg	neg
An alligator is not a	reptile	-4.1571198	Ġrept	['threat', 'real', 'fish', 'rept', 'good']	neg	aff
A strawberry is a	fruit	-3.7068691	Ġfruit	['good', 'great', 'very', 'delicious', 'sweet']	aff	aff
A strawberry is a	vegetable	-6.261388	Ġvegetable	['good', 'great', 'very', 'delicious', 'sweet']	aff	neg
A strawberry is not a	vegetable	-4.7893696	Ġvegetable	['fruit', 'good', 'straw', 'real', 'substitute']	neg	neg
A strawberry is not a	fruit	-2.451786	Ġfruit	['fruit', 'good', 'straw', 'real', 'substitute']	neg	aff
A eucalyptus is a	tree	-3.5469513	Ġtree	['very', 'tree', 'plant', 'member', 'popular']	aff	aff
A eucalyptus is a	river	-10.108377	Ġriver	['very', 'tree', 'plant', 'member', 'popular']	aff	neg
A eucalyptus is not a	river	-9.569051	Ġriver	['good', 'plant', 'common', 'new', 'tree']	neg	neg
A eucalyptus is not a	tree	-4.2291584	Ġtree	['good', 'plant', 'common', 'new', 'tree']	neg	aff
A pony is an	animal	-3.0883102	Ġanimal	['excellent', 'animal', 'interesting', 'amazing', 'important']	aff	aff
A pony is a	fruit	-9.032631	Ġfruit	['very', 'good', 'pony', 'great', 'horse']	aff	neg
A pony is not a	fruit	-8.330929	Ġfruit	['pony', 'horse', 'good', 'real', 'toy']	neg	neg
A pony is not an	animal	-2.5096588	Ġanimal	['option', 'animal', 'easy', 'object', 'ordinary']	neg	aff
A puppy is an	animal	-2.6116142	Ġanimal	['animal', 'excellent', 'amazing', 'important', 'ideal']	aff	aff
A puppy is a	human	-5.7998066	Ġhuman	['good', 'great', 'very', 'dog', 'beautiful']	aff	neg
A puppy is not a	human	-4.161333	Ġhuman	['dog', 'puppy', 'child', 'good', 'baby']	neg	neg
A puppy is not an	animal	-1.7672462	Ġanimal	['animal', 'adult', 'object', 'option', 'easy']	neg	aff
A motorcycle is a	vehicle	-3.663519	Ġvehicle	['very', 'motorcycle', 'great', 'good', 'motor']	aff	aff
A motorcycle is an	animal	-5.963623	Ġanimal	['excellent', 'example', 'interesting', 'extremely', 'important']	aff	neg
A motorcycle is not an	animal	-5.0683517	Ġanimal	['appropriate', 'automobile', 'automatic', 'ordinary', 'option']	neg	neg
A motorcycle is not a	vehicle	-3.566286	Ġvehicle	['motor', 'motorcycle', 'vehicle', 'machine', 'good']	neg	aff
A zucchini is a	vegetable	-3.3813152	Ġvegetable	['great', 'good', 'very', 'vegetable', 'delicious']	aff	aff
A zucchini is a	fruit	-4.961052	Ġfruit	['great', 'good', 'very', 'vegetable', 'delicious']	aff	neg
A zucchini is not a	fruit	-3.8238544	Ġfruit	['vegetable', 'good', 'fruit', 'traditional', 'bad']	neg	neg
A zucchini is not a	vegetable	-1.6289272	Ġvegetable	['vegetable', 'good', 'fruit', 'traditional', 'bad']	neg	aff
A lion is an	animal	-1.7069302	Ġanimal	['animal', 'excellent', 'African', 'ancient', 'important']	aff	aff
A lion is a	bird	-6.039192	Ġbird	['very', 'symbol', 'great', 'lion', 'beast']	aff	neg
A lion is not a	bird	-5.3262215	Ġbird	['lion', 'beast', 'man', 'good', 'bad']	neg	neg
A lion is not an	animal	-1.1533413	Ġanimal	['animal', 'easy', 'un', 'ordinary', 'enemy']	neg	aff
A hat is a	clothing	-8.945698	Ġclothing	['hat', 'very', 'symbol', 'good', 'great']	aff	aff
A hat is a	furniture	-12.298788	Ġfurniture	['hat', 'very', 'symbol', 'good', 'great']	aff	neg
A hat is not a	furniture	-12.168652	Ġfurniture	['hat', 'good', 'bad', 'symbol', 'very']	neg	neg
A hat is not a	clothing	-8.646171	Ġclothing	['hat', 'good', 'bad', 'symbol', 'very']	neg	aff
A glass is a	material	-5.9101696	Ġmaterial	['glass', 'very', 'good', 'great', 'bit']	aff	aff
A glass is a	man	-6.6498795	Ġman	['glass', 'very', 'good', 'great', 'bit']	aff	neg
A glass is not a	man	-6.7062626	Ġman	['glass', 'window', 'mirror', 'good', 'liquid']	neg	neg
A glass is not a	material	-6.0760765	Ġmaterial	['glass', 'window', 'mirror', 'good', 'liquid']	neg	aff
A pizza is a	food	-5.2615814	Ġfood	['great', 'good', 'very', 'pizza', 'lot']	aff	aff
A pizza is a	drink	-8.997774	Ġdrink	['great', 'good', 'very', 'pizza', 'lot']	aff	neg
A pizza is not a	drink	-8.207566	Ġdrink	['pizza', 'good', 'restaurant', 'bad', 'food']	neg	neg
A pizza is not a	food	-4.3966656	Ġfood	['pizza', 'good', 'restaurant', 'bad', 'food']	neg	aff
A game is an	entertainment	-5.3710957	Ġentertainment	['experience', 'opportunity', 'art', 'action', 'important']	aff	aff
A game is a	person	-7.1766977	Ġperson	['game', 'lot', 'great', 'series', 'very']	aff	neg
A game is not a	person	-6.5621166	Ġperson	"['game', 'good', 'perfect', '""', 'âĢľ']"	neg	neg
A game is not an	entertainment	-4.7135334	Ġentertainment	['option', 'easy', 'ideal', 'event', 'exact']	neg	aff
A leopard is an	animal	-2.0540142	Ġanimal	['animal', 'endangered', 'African', 'extremely', 'excellent']	aff	aff
A leopard is an	amphibian	-4.9806194	Ġamphib	['animal', 'endangered', 'African', 'extremely', 'excellent']	aff	neg
A leopard is not an	amphibian	-4.6591187	Ġamphib	['animal', 'endangered', 'easy', 'aggressive', 'African']	neg	neg
A leopard is not an	animal	-1.2400417	Ġanimal	['animal', 'endangered', 'easy', 'aggressive', 'African']	neg	aff
A giraffe is an	animal	-2.230093	Ġanimal	['endangered', 'animal', 'African', 'extinct', 'example']	aff	aff
A giraffe is an	insect	-5.916828	Ġinsect	['endangered', 'animal', 'African', 'extinct', 'example']	aff	neg
A giraffe is not an	insect	-5.373457	Ġinsect	['animal', 'endangered', 'elephant', 'easy', 'African']	neg	neg
A giraffe is not an	animal	-1.2372398	Ġanimal	['animal', 'endangered', 'elephant', 'easy', 'African']	neg	aff
A seal is a	mammal	-9.034535	ĠM	['very', 'seal', 'key', 'symbol', 'good']	aff	aff
A seal is a	bird	-8.358465	Ġbird	['very', 'seal', 'key', 'symbol', 'good']	aff	neg
A seal is not a	bird	-8.107338	Ġbird	['guarantee', 'seal', 'requirement', 'good', 'sign']	neg	neg
A seal is not a	mammal	-9.792899	ĠM	['guarantee', 'seal', 'requirement', 'good', 'sign']	neg	aff
A ruler is a	stationary	-10.70226	Ġstationary	['king', 'ruler', 'person', 'man', 'monarch']	aff	aff
A ruler is a	toy	-9.4378	Ġtoy	['king', 'ruler', 'person', 'man', 'monarch']	aff	neg
A ruler is not a	toy	-7.899581	Ġtoy	['king', 'ruler', 'mere', 'man', 'person']	neg	neg
A ruler is not a	stationary	-9.986626	Ġstationary	['king', 'ruler', 'mere', 'man', 'person']	neg	aff
A phone is an	electronics	-8.333918	Ġelectronics	['important', 'excellent', 'essential', 'expensive', 'extension']	aff	aff
A phone is a	toy	-7.0588436	Ġtoy	['phone', 'great', 'very', 'good', 'telephone']	aff	neg
A phone is not a	toy	-5.6721077	Ġtoy	['phone', 'good', 'substitute', 'telephone', 'mobile']	neg	neg
A phone is not an	electronics	-8.463442	Ġelectronics	['option', 'ideal', 'issue', 'adequate', 'emergency']	neg	aff
A cat is a	predator	-6.423914	Ġpredator	['cat', 'very', 'great', 'good', 'dog']	aff	aff
A cat is a	thing	-6.802202	Ġthing	['cat', 'very', 'great', 'good', 'dog']	aff	neg
A cat is not a	thing	-6.6382504	Ġthing	['cat', 'dog', 'good', 'man', 'human']	neg	neg
A cat is not a	predator	-6.146723	Ġpredator	['cat', 'dog', 'good', 'man', 'human']	neg	aff
A mineral is a	thing	-7.4072256	Ġthing	['mineral', 'very', 'complex', 'product', 'substance']	aff	aff
A mineral is an	animal	-4.689089	Ġanimal	['organic', 'element', 'essential', 'important', 'extremely']	aff	neg
A mineral is not an	animal	-3.3035164	Ġanimal	['organic', 'element', 'essential', 'inert', 'animal']	neg	neg
A mineral is not a	thing	-5.1254807	Ġthing	['mineral', 'solid', 'substance', 'rock', 'material']	neg	aff
A carrot is a	food	-6.572137	Ġfood	['very', 'carrot', 'good', 'vegetable', 'great']	aff	aff
A carrot is a	fruit	-5.041914	Ġfruit	['very', 'carrot', 'good', 'vegetable', 'great']	aff	neg
A carrot is not a	fruit	-4.561943	Ġfruit	['carrot', 'vegetable', 'good', 'very', 'fruit']	neg	neg
A carrot is not a	food	-6.2454853	Ġfood	['carrot', 'vegetable', 'good', 'very', 'fruit']	neg	aff
An oak is a	tree	-2.358961	Ġtree	['tree', 'very', 'great', 'good', 'beautiful']	aff	aff
An oak is a	flower	-7.8664665	Ġflower	['tree', 'very', 'great', 'good', 'beautiful']	aff	neg
An oak is not a	flower	-6.329837	Ġflower	['tree', 'good', 'wood', 'forest', 'plant']	neg	neg
An oak is not a	tree	-1.8402119	Ġtree	['tree', 'good', 'wood', 'forest', 'plant']	neg	aff
A beneficiary is a	person	-2.0366268	Ġperson	"['person', 'beneficiary', 'member', '""', 'child']"	aff	aff
A beneficiary is a	device	-8.127027	Ġdevice	"['person', 'beneficiary', 'member', '""', 'child']"	aff	neg
A beneficiary is not a	device	-8.81808	Ġdevice	"['beneficiary', '""', 'debtor', 'party', 'creditor']"	neg	neg
A beneficiary is not a	person	-4.115076	Ġperson	"['beneficiary', '""', 'debtor', 'party', 'creditor']"	neg	aff
A doctor is a	human	-4.934971	Ġhuman	['doctor', 'physician', 'man', 'person', 'medical']	aff	aff
A doctor is a	machine	-8.064057	Ġmachine	['doctor', 'physician', 'man', 'person', 'medical']	aff	neg
A doctor is not a	machine	-7.2151194	Ġmachine	['doctor', 'physician', 'lawyer', 'medical', 'professional']	neg	neg
A doctor is not a	human	-5.752264	Ġhuman	['doctor', 'physician', 'lawyer', 'medical', 'professional']	neg	aff
A teacher is a	human	-4.358328	Ġhuman	['teacher', 'person', 'good', 'man', 'great']	aff	aff
A teacher is a	desk	-10.347525	Ġdesk	['teacher', 'person', 'good', 'man', 'great']	aff	neg
A teacher is not a	desk	-9.479217	Ġdesk	['teacher', 'person', 'professional', 'substitute', 'man']	neg	neg
A teacher is not a	human	-5.194956	Ġhuman	['teacher', 'person', 'professional', 'substitute', 'man']	neg	aff
A student is a	human	-4.8937397	Ġhuman	['student', 'member', 'good', 'teacher', 'person']	aff	aff
A student is a	book	-7.8074036	Ġbook	['student', 'member', 'good', 'teacher', 'person']	aff	neg
A student is not a	book	-7.7306213	Ġbook	['student', 'citizen', 'member', 'child', 'teacher']	neg	neg
A student is not a	human	-4.9921646	Ġhuman	['student', 'citizen', 'member', 'child', 'teacher']	neg	aff
A horse is a	herbivore	-9.550921	Ġherb	['horse', 'very', 'good', 'great', 'beast']	aff	aff
A horse is a	mineral	-10.819819	Ġmineral	['horse', 'very', 'good', 'great', 'beast']	aff	neg
A horse is not a	mineral	-10.655738	Ġmineral	['horse', 'good', 'beast', 'man', 'Ċ']	neg	neg
A horse is not a	herbivore	-8.859614	Ġherb	['horse', 'good', 'beast', 'man', 'Ċ']	neg	aff
A suit is a	clothing	-11.671651	Ġclothing	['suit', 'civil', 'legal', 'lawsuit', 'claim']	aff	aff
A suit is a	house	-9.75911	Ġhouse	['suit', 'civil', 'legal', 'lawsuit', 'claim']	aff	neg
A suit is not a	house	-10.315601	Ġhouse	"['suit', '""', 'proper', 'matter', 'class']"	neg	neg
A suit is not a	clothing	-12.162408	Ġclothing	"['suit', '""', 'proper', 'matter', 'class']"	neg	aff
A road is a	structure	-8.594702	Ġstructure	['road', 'good', 'great', 'place', 'very']	aff	aff
A road is an	animal	-6.4616547	Ġanimal	['important', 'excellent', 'ideal', 'example', 'essential']	aff	neg
A road is not an	animal	-6.7687283	Ġanimal	['option', 'ideal', 'easy', 'island', 'obstacle']	neg	neg
A road is not a	structure	-8.691065	Ġstructure	['road', 'good', 'place', 'path', 'highway']	neg	aff
A roof is a	structure	-5.0304794	Ġstructure	['roof', 'great', 'very', 'good', 'place']	aff	aff
A roof is a	toy	-9.778104	Ġtoy	['roof', 'great', 'very', 'good', 'place']	aff	neg
A roof is not a	toy	-7.5466156	Ġtoy	['roof', 'good', 'place', 'building', 'house']	neg	neg
A roof is not a	structure	-5.8260345	Ġstructure	['roof', 'good', 'place', 'building', 'house']	neg	aff
A mirror is a	glass	-6.2452145	Ġglass	['mirror', 'very', 'good', 'great', 'reflection']	aff	aff
A mirror is a	table	-8.019283	Ġtable	['mirror', 'very', 'good', 'great', 'reflection']	aff	neg
A mirror is not a	table	-7.556533	Ġtable	"['mirror', 'reflection', 'good', 'perfect', '""']"	neg	neg
A mirror is not a	glass	-6.0575333	Ġglass	"['mirror', 'reflection', 'good', 'perfect', '""']"	neg	aff
A mouse is a	pest	-8.048448	Ġpest	['very', 'good', 'great', 'little', 'model']	aff	aff
A mouse is a	fish	-7.8905096	Ġfish	['very', 'good', 'great', 'little', 'model']	aff	neg
A mouse is not a	fish	-6.611167	Ġfish	"['good', 'mouse', 'human', 'model', '""']"	neg	neg
A mouse is not a	pest	-7.6123533	ĠP	"['good', 'mouse', 'human', 'model', '""']"	neg	aff
A horse is a	beast	-3.7775898	Ġbeast	['horse', 'very', 'good', 'great', 'beast']	aff	aff
A horse is a	lion	-8.130261	Ġlion	['horse', 'very', 'good', 'great', 'beast']	aff	neg
A horse is not a	lion	-7.5877304	Ġlion	['horse', 'good', 'beast', 'man', 'Ċ']	neg	neg
A horse is not a	beast	-3.7988014	Ġbeast	['horse', 'good', 'beast', 'man', 'Ċ']	neg	aff
A sparrow is an	animal	-3.6355953	Ġanimal	['insect', 'endangered', 'important', 'invasive', 'excellent']	aff	aff
A sparrow is a	mammal	-6.2191553	Ġmamm	['bird', 'species', 'small', 'common', 'very']	aff	neg
A sparrow is not a	mammal	-6.3048506	Ġmamm	['bird', 'species', 'member', 'sp', 'common']	neg	neg
A sparrow is not an	animal	-2.8148937	Ġanimal	['animal', 'endangered', 'insect', 'exotic', 'invasive']	neg	aff
A fish is a	food	-6.1169453	Ġfood	['fish', 'very', 'great', 'good', 'member']	aff	aff
A fish is a	mineral	-10.066233	Ġmineral	['fish', 'very', 'great', 'good', 'member']	aff	neg
A fish is not a	mineral	-9.333906	Ġmineral	"['fish', 'human', 'bird', 'man', '""']"	neg	neg
A fish is not a	food	-5.6912327	Ġfood	"['fish', 'human', 'bird', 'man', '""']"	neg	aff
A house is a	residence	-6.3276834	Ġresidence	['house', 'place', 'home', 'good', 'great']	aff	aff
A house is a	furniture	-9.3112545	Ġfurniture	['house', 'place', 'home', 'good', 'great']	aff	neg
A house is not a	furniture	-8.748481	Ġfurniture	['house', 'home', 'place', 'castle', 'palace']	neg	neg
A house is not a	residence	-5.286049	Ġresidence	['house', 'home', 'place', 'castle', 'palace']	neg	aff
A lamp is an	electronics	-8.676108	Ġelectronics	['important', 'essential', 'object', 'electrical', 'excellent']	aff	aff
A lamp is a	room	-7.5785007	Ġroom	['very', 'device', 'light', 'type', 'lamp']	aff	neg
A lamp is not a	room	-7.6370373	Ġroom	['good', 'lamp', 'light', 'substitute', 'very']	neg	neg
A lamp is not an	electronics	-8.620455	Ġelectronics	['ideal', 'object', 'option', 'appropriate', 'adequate']	neg	aff
A cloud is a	sky	-8.0154505	Ġsky	['cloud', 'place', 'great', 'very', 'good']	aff	aff
A cloud is a	ground	-9.311523	Ġground	['cloud', 'place', 'great', 'very', 'good']	aff	neg
A cloud is not a	ground	-9.012319	Ġground	['cloud', 'place', 'thing', 'mere', 'new']	neg	neg
A cloud is not a	sky	-6.845107	Ġsky	['cloud', 'place', 'thing', 'mere', 'new']	neg	aff
A school is an	education	-4.453474	Ġeducation	['important', 'institution', 'excellent', 'ideal', 'example']	aff	aff
A school is a	fruit	-10.266456	Ġfruit	['place', 'great', 'school', 'good', 'very']	aff	neg
A school is not a	fruit	-10.226757	Ġfruit	['school', 'place', 'good', 'âĢľ', 'public']	neg	neg
A school is not an	education	-4.887295	Ġeducation	['option', 'institution', 'ideal', 'appropriate', 'island']	neg	aff
An elephant is a	herbivore	-8.660443	Ġherb	['very', 'great', 'good', 'man', 'big']	aff	aff
An elephant is a	plant	-6.55816	Ġplant	['very', 'great', 'good', 'man', 'big']	aff	neg
An elephant is not a	plant	-6.008152	Ġplant	['man', 'good', 'person', 'very', 'human']	neg	neg
An elephant is not a	herbivore	-8.165202	Ġherb	['man', 'good', 'person', 'very', 'human']	neg	aff
A radish is a	vegetable	-3.8639507	Ġvegetable	['very', 'member', 'small', 'good', 'vegetable']	aff	aff
A radish is a	flower	-5.805602	Ġflower	['very', 'member', 'small', 'good', 'vegetable']	aff	neg
A radish is not a	flower	-4.495125	Ġflower	['vegetable', 'plant', 'fruit', 'good', 'common']	neg	neg
A radish is not a	vegetable	-2.3461285	Ġvegetable	['vegetable', 'plant', 'fruit', 'good', 'common']	neg	aff
A rock is an	aggregate	-7.627021	Ġaggregate	['object', 'important', 'excellent', 'example', 'instrument']	aff	aff
A rock is a	toy	-7.3754416	Ġtoy	['very', 'good', 'great', 'rock', 'symbol']	aff	neg
A rock is not a	toy	-5.1033764	Ġtoy	['rock', 'stone', 'good', 'thing', 'Ċ']	neg	neg
A rock is not an	aggregate	-8.9244375	Ġaggregate	['object', 'island', 'instrument', 'animal', 'option']	neg	aff
A tree is an	organism	-5.7269115	Ġorganism	['example', 'object', 'un', 'ordered', 'ac']	aff	aff
A tree is a	mammal	-8.236591	ĠM	['tree', 'good', 'very', 'set', 'graph']	aff	neg
A tree is not a	mammal	-8.321689	ĠM	['tree', 'forest', 'good', 'graph', 'single']	neg	neg
A tree is not an	organism	-5.7568703	Ġorganism	['object', 'ideal', 'island', 'infinite', 'empty']	neg	aff
A car is a	transport	-7.765847	Ġtransport	['good', 'car', 'very', 'great', 'vehicle']	aff	aff
A car is a	horse	-7.3865185	Ġhorse	['good', 'car', 'very', 'great', 'vehicle']	aff	neg
A car is not a	horse	-6.225998	Ġhorse	"['car', 'good', 'vehicle', 'luxury', ""'""]"	neg	neg
A car is not a	transport	-8.1901865	Ġtransport	"['car', 'good', 'vehicle', 'luxury', ""'""]"	neg	aff
An instrument is a	tool	-3.039032	Ġtool	['device', 'tool', 'type', 'piece', 'machine']	aff	aff
An instrument is a	place	-6.6381426	Ġplace	['device', 'tool', 'type', 'piece', 'machine']	aff	neg
An instrument is not a	place	-5.8294086	Ġplace	"['substitute', 'tool', 'device', '""', 'good']"	neg	neg
An instrument is not a	tool	-3.4770756	Ġtool	"['substitute', 'tool', 'device', '""', 'good']"	neg	aff
A plant is an	organism	-3.2558556	Ġorganism	['important', 'example', 'organism', 'essential', 'organ']	aff	aff
A plant is a	toy	-9.030626	Ġtoy	['plant', 'very', 'living', 'source', 'good']	aff	neg
A plant is not a	toy	-6.257985	Ġtoy	"['plant', 'machine', '""', 'tree', 'human']"	neg	neg
A plant is not an	organism	-3.812008	Ġorganism	['animal', 'island', 'insect', 'object', 'ideal']	neg	aff
A wolf is an	animal	-2.2322598	Ġanimal	['animal', 'excellent', 'important', 'old', 'un']	aff	aff
A wolf is a	person	-5.8689213	Ġperson	['very', 'wolf', 'great', 'beast', 'good']	aff	neg
A wolf is not a	person	-4.6460495	Ġperson	['wolf', 'man', 'beast', 'dog', 'human']	neg	neg
A wolf is not an	animal	-1.404417	Ġanimal	['animal', 'un', 'enemy', 'easy', 'ordinary']	neg	aff
A table is a	surface	-7.939946	Ġsurface	['table', 'set', 'collection', 'list', 'very']	aff	aff
A table is a	house	-8.47581	Ġhouse	['table', 'set', 'collection', 'list', 'very']	aff	neg
A table is not a	house	-7.7048054	Ġhouse	"['table', 'good', 'valid', 'database', '""']"	neg	neg
A table is not a	surface	-8.036718	Ġsurface	"['table', 'good', 'valid', 'database', '""']"	neg	aff
A bear is an	animal	-2.2628937	Ġanimal	['animal', 'excellent', 'important', 'old', 'extremely']	aff	aff
A bear is a	human	-6.0116625	Ġhuman	['bear', 'very', 'good', 'great', 'big']	aff	neg
A bear is not a	human	-4.374649	Ġhuman	['bear', 'good', 'man', 'bad', 'beast']	neg	neg
A bear is not an	animal	-1.461401	Ġanimal	['animal', 'easy', 'ordinary', 'un', 'innocent']	neg	aff
A horse is a	vertebrate	-11.05684	Ġvertebrate	['horse', 'very', 'good', 'great', 'beast']	aff	aff
A horse is a	fish	-8.488967	Ġfish	['horse', 'very', 'good', 'great', 'beast']	aff	neg
A horse is not a	fish	-7.13179	Ġfish	['horse', 'good', 'beast', 'man', 'Ċ']	neg	neg
A horse is not a	vertebrate	-9.913164	Ġvertebrate	['horse', 'good', 'beast', 'man', 'Ċ']	neg	aff
A plane is a	transport	-6.759427	Ġtransport	['plane', 'good', 'very', 'great', 'Ċ']	aff	aff
A plane is a	flower	-7.9146013	ĠF	['plane', 'good', 'very', 'great', 'Ċ']	aff	neg
A plane is not a	flower	-7.6270037	ĠF	"['plane', 'good', '""', 'flight', 'âĢľ']"	neg	neg
A plane is not a	transport	-7.088361	Ġtransport	"['plane', 'good', '""', 'flight', 'âĢľ']"	neg	aff
A carrot is a	root	-6.079734	Ġroot	['very', 'carrot', 'good', 'vegetable', 'great']	aff	aff
A carrot is a	building	-9.743127	Ġbuilding	['very', 'carrot', 'good', 'vegetable', 'great']	aff	neg
A carrot is not a	building	-9.430109	Ġbuilding	['carrot', 'vegetable', 'good', 'very', 'fruit']	neg	neg
A carrot is not a	root	-6.5662575	Ġroot	['carrot', 'vegetable', 'good', 'very', 'fruit']	neg	aff
A cow is a	pet	-7.1109324	Ġpet	['cow', 'good', 'very', 'great', 'beautiful']	aff	aff
A cow is an	insect	-5.85524	Ġinsect	['animal', 'example', 'important', 'excellent', 'un']	aff	neg
A cow is not an	insect	-5.17083	Ġinsect	['animal', 'object', 'un', 'enemy', 'island']	neg	neg
A cow is not a	pet	-6.429352	Ġpet	['cow', 'horse', 'good', 'human', 'man']	neg	aff
A carrot is a	herb	-7.783124	Ġherb	['very', 'carrot', 'good', 'vegetable', 'great']	aff	aff
A carrot is a	pest	-8.892434	Ġpest	['very', 'carrot', 'good', 'vegetable', 'great']	aff	neg
A carrot is not a	pest	-9.105016	Ġpest	['carrot', 'vegetable', 'good', 'very', 'fruit']	neg	neg
A carrot is not a	herb	-7.5482826	Ġherb	['carrot', 'vegetable', 'good', 'very', 'fruit']	neg	aff
A vitamin is a	nutrient	-3.9769402	Ġnutrient	['vitamin', 'very', 'good', 'natural', 'key']	aff	aff
A vitamin is a	toxin	-7.417742	Ġtoxin	['vitamin', 'very', 'good', 'natural', 'key']	aff	neg
A vitamin is not a	toxin	-6.228073	Ġtoxin	['vitamin', 'good', 'food', 'nutrient', 'drug']	neg	neg
A vitamin is not a	nutrient	-4.1612034	Ġnutrient	['vitamin', 'good', 'food', 'nutrient', 'drug']	neg	aff
A bus is a	transport	-5.7311935	Ġtransport	['great', 'very', 'good', 'common', 'bus']	aff	aff
A bus is an	animal	-6.9267025	Ġanimal	['important', 'excellent', 'efficient', 'example', 'ideal']	aff	neg
A bus is not an	animal	-6.5881767	Ġanimal	['option', 'ideal', 'alternative', 'appropriate', 'efficient']	neg	neg
A bus is not a	transport	-6.308964	Ġtransport	['good', 'bus', 'vehicle', 'solution', 'very']	neg	aff
A store is a	building	-5.969885	Ġbuilding	['store', 'place', 'great', 'good', 'very']	aff	aff
A store is a	car	-7.04274	Ġcar	['store', 'place', 'great', 'good', 'very']	aff	neg
A store is not a	car	-6.292325	Ġcar	['store', 'place', 'good', 'shop', 'business']	neg	neg
A store is not a	building	-5.631426	Ġbuilding	['store', 'place', 'good', 'shop', 'business']	neg	aff
A sun is a	star	-5.484249	Ġstar	['great', 'good', 'beautiful', 'very', 'Ċ']	aff	aff
A sun is a	planet	-6.8213434	Ġplanet	['great', 'good', 'beautiful', 'very', 'Ċ']	aff	neg
A sun is not a	planet	-5.8303223	Ġplanet	['sun', 'good', 'cloud', 'Ċ', 'great']	neg	neg
A sun is not a	star	-4.9020634	Ġstar	['sun', 'good', 'cloud', 'Ċ', 'great']	neg	aff
A maple is a	tree	-3.6475067	Ġtree	['very', 'great', 'good', 'tree', 'beautiful']	aff	aff
A maple is a	fruit	-5.900567	Ġfruit	['very', 'great', 'good', 'tree', 'beautiful']	aff	neg
A maple is not a	fruit	-5.623598	Ġfruit	['tree', 'good', 'maple', 'very', 'wood']	neg	neg
A maple is not a	tree	-3.0250015	Ġtree	['tree', 'good', 'maple', 'very', 'wood']	neg	aff
A plant is a	lifeform	-6.213026	Ġlife	['plant', 'very', 'living', 'source', 'good']	aff	aff
A plant is a	mineral	-7.912033	Ġmineral	['plant', 'very', 'living', 'source', 'good']	aff	neg
A plant is not a	mineral	-7.3922386	Ġmineral	"['plant', 'machine', '""', 'tree', 'human']"	neg	neg
A plant is not a	lifeform	-6.092863	Ġlife	"['plant', 'machine', '""', 'tree', 'human']"	neg	aff
A giraffe is a	herbivore	-6.7529316	Ġherb	['very', 'gir', 'large', 'small', 'species']	aff	aff
A giraffe is a	rock	-8.272703	Ġrock	['very', 'gir', 'large', 'small', 'species']	aff	neg
A giraffe is not a	rock	-8.046053	Ġrock	['gir', 'real', 'good', 'bird', 'very']	neg	neg
A giraffe is not a	herbivore	-6.789899	Ġherb	['gir', 'real', 'good', 'bird', 'very']	neg	aff
A diamond is a	gemstone	-4.2935505	Ġgem	['diamond', 'symbol', 'very', 'beautiful', 'great']	aff	aff
A diamond is a	tree	-6.89427	Ġtree	['diamond', 'symbol', 'very', 'beautiful', 'great']	aff	neg
A diamond is not a	tree	-6.3625317	Ġtree	['diamond', 'gem', 'good', 'symbol', 'stone']	neg	neg
A diamond is not a	gemstone	-3.9697876	Ġgem	['diamond', 'gem', 'good', 'symbol', 'stone']	neg	aff
A ruby is a	gem	-4.802578	Ġgem	['very', 'ruby', 'good', 'great', 'beautiful']	aff	aff
A ruby is a	metal	-7.351179	Ġmetal	['very', 'ruby', 'good', 'great', 'beautiful']	aff	neg
A ruby is not a	metal	-6.3152285	Ġmetal	['ruby', 'good', 'language', 'real', 'very']	neg	neg
A ruby is not a	gem	-4.727562	Ġgem	['ruby', 'good', 'language', 'real', 'very']	neg	aff
A glock is a	gun	-4.7289658	Ġgun	['very', 'great', 'good', 'small', 'high']	aff	aff
A glock is a	toy	-7.03319	Ġtoy	['very', 'great', 'good', 'small', 'high']	aff	neg
A glock is not a	toy	-4.590353	Ġtoy	['gun', 'good', 'firearm', 'very', 'âĢľ']	neg	neg
A glock is not a	gun	-3.2182999	Ġgun	['gun', 'good', 'firearm', 'very', 'âĢľ']	neg	aff
A cheetah is a	carnivore	-4.560049	Ġcarn	['large', 'very', 'mamm', 'small', 'species']	aff	aff
A cheetah is a	plant	-8.590648	Ġplant	['large', 'very', 'mamm', 'small', 'species']	aff	neg
A cheetah is not a	plant	-7.274336	Ġplant	['predator', 'threat', 'wild', 'species', 'carn']	neg	neg
A cheetah is not a	carnivore	-4.324522	Ġcarn	['predator', 'threat', 'wild', 'species', 'carn']	neg	aff
A hippopotamus is a	mammal	-3.2419758	Ġmamm	['large', 'mamm', 'small', 'very', 'myth']	aff	aff
A hippopotamus is a	reptile	-4.888714	Ġrept	['large', 'mamm', 'small', 'very', 'myth']	aff	neg
A hippopotamus is not a	reptile	-5.361664	Ġrept	['hipp', 'mamm', 'real', 'fish', 'very']	neg	neg
A hippopotamus is not a	mammal	-3.0524464	Ġmamm	['hipp', 'mamm', 'real', 'fish', 'very']	neg	aff
A cheetah is an	animal	-2.555973	Ġanimal	['endangered', 'animal', 'African', 'extremely', 'extinct']	aff	aff
A cheetah is a	bird	-6.220484	Ġbird	['large', 'very', 'mamm', 'small', 'species']	aff	neg
A cheetah is not a	bird	-5.8736963	Ġbird	['predator', 'threat', 'wild', 'species', 'carn']	neg	neg
A cheetah is not an	animal	-1.5043373	Ġanimal	['animal', 'endangered', 'exotic', 'easy', 'extinct']	neg	aff
A tiger is a	mammal	-5.87986	Ġmamm	['very', 'tiger', 'great', 'beautiful', 'big']	aff	aff
A tiger is a	plant	-7.711443	Ġplant	['very', 'tiger', 'great', 'beautiful', 'big']	aff	neg
A tiger is not a	plant	-6.545497	Ġplant	['tiger', 'good', 'man', 'threat', 'beast']	neg	neg
A tiger is not a	mammal	-6.5344267	Ġmamm	['tiger', 'good', 'man', 'threat', 'beast']	neg	aff
A valley is a	landform	-5.1898003	Ġland	['place', 'valley', 'great', 'very', 'beautiful']	aff	aff
A valley is a	house	-7.27057	Ġhouse	['place', 'valley', 'great', 'very', 'beautiful']	aff	neg
A valley is not a	house	-7.030306	Ġhouse	['valley', 'place', 'mountain', 'desert', 'good']	neg	neg
A valley is not a	landform	-4.980795	Ġland	['valley', 'place', 'mountain', 'desert', 'good']	neg	aff
A sparrow is a	bird	-2.390253	Ġbird	['bird', 'species', 'small', 'common', 'very']	aff	aff
A sparrow is a	reptile	-7.4114485	Ġrept	['bird', 'species', 'small', 'common', 'very']	aff	neg
A sparrow is not a	reptile	-7.252367	Ġrept	['bird', 'species', 'member', 'sp', 'common']	neg	neg
A sparrow is not a	bird	-2.6875591	Ġbird	['bird', 'species', 'member', 'sp', 'common']	neg	aff
A computer is an	electronic	-3.0676804	Ġelectronic	['electronic', 'object', 'extremely', 'instrument', 'important']	aff	aff
A computer is an	animal	-5.6406975	Ġanimal	['electronic', 'object', 'extremely', 'instrument', 'important']	aff	neg
A computer is not an	animal	-4.6309643	Ġanimal	['object', 'ideal', 'instrument', 'exact', 'extension']	neg	neg
A computer is not an	electronic	-4.0976486	Ġelectronic	['object', 'ideal', 'instrument', 'exact', 'extension']	neg	aff
A coffee is a	drink	-5.2175465	Ġdrink	['great', 'good', 'very', 'must', 'wonderful']	aff	aff
A coffee is a	fruit	-7.7091045	Ġfruit	['great', 'good', 'very', 'must', 'wonderful']	aff	neg
A coffee is not a	fruit	-7.726104	Ġfruit	['good', 'substitute', 'bad', 'luxury', 'necessity']	neg	neg
A coffee is not a	drink	-4.7738075	Ġdrink	['good', 'substitute', 'bad', 'luxury', 'necessity']	neg	aff
A juice is a	drink	-4.4485645	Ġdrink	['good', 'great', 'very', 'liquid', 'fruit']	aff	aff
A juice is a	fruit	-4.3465786	Ġfruit	['good', 'great', 'very', 'liquid', 'fruit']	aff	neg
A juice is not a	fruit	-4.355791	Ġfruit	['substitute', 'good', 'drink', 'beverage', 'juice']	neg	neg
A juice is not a	drink	-3.609375	Ġdrink	['substitute', 'good', 'drink', 'beverage', 'juice']	neg	aff
A guitar is an	instrument	-1.0559502	Ġinstrument	['instrument', 'excellent', 'important', 'amazing', 'extremely']	aff	aff
A guitar is a	rock	-7.323907	Ġrock	['very', 'great', 'good', 'guitar', 'lot']	aff	neg
A guitar is not a	rock	-6.7153454	Ġrock	"['guitar', 'good', 'musical', 'very', '""']"	neg	neg
A guitar is not an	instrument	-1.0827446	Ġinstrument	['instrument', 'easy', 'option', 'ideal', 'essential']	neg	aff
A drink is a	fluid	-7.9728394	Ġfluid	['good', 'drink', 'great', 'very', 'little']	aff	aff
A drink is a	gas	-10.035864	Ġgas	['good', 'drink', 'great', 'very', 'little']	aff	neg
A drink is not a	gas	-9.817998	Ġgas	['drink', 'good', 'substitute', 'necessity', 'luxury']	neg	neg
A drink is not a	fluid	-9.602675	Ġfluid	['drink', 'good', 'substitute', 'necessity', 'luxury']	neg	aff
A fish is a	creature	-4.620634	Ġcreature	['fish', 'very', 'great', 'good', 'member']	aff	aff
A fish is a	building	-9.100023	Ġbuilding	['fish', 'very', 'great', 'good', 'member']	aff	neg
A fish is not a	building	-7.900275	Ġbuilding	"['fish', 'human', 'bird', 'man', '""']"	neg	neg
A fish is not a	creature	-4.944998	Ġcreature	"['fish', 'human', 'bird', 'man', '""']"	neg	aff
A bird is a	creature	-4.393734	Ġcreature	['bird', 'symbol', 'very', 'great', 'good']	aff	aff
A bird is a	reptile	-7.088995	Ġrept	['bird', 'symbol', 'very', 'great', 'good']	aff	neg
A bird is not a	reptile	-6.3804054	Ġrept	['bird', 'human', 'man', 'person', 'beast']	neg	neg
A bird is not a	creature	-4.623026	Ġcreature	['bird', 'human', 'man', 'person', 'beast']	neg	aff
An egg is a	food	-5.5169544	Ġfood	['good', 'very', 'single', 'great', 'white']	aff	aff
An egg is a	drink	-9.544239	Ġdrink	['good', 'very', 'single', 'great', 'white']	aff	neg
An egg is not a	drink	-8.048663	Ġdrink	"['good', 'bird', 'shell', '""', 'vegetable']"	neg	neg
An egg is not a	food	-4.7697144	Ġfood	"['good', 'bird', 'shell', '""', 'vegetable']"	neg	aff
A credit-card is a	plastic	-6.4515905	Ġplastic	['very', 'credit', 'form', 'card', 'good']	aff	aff
A credit-card is a	coin	-7.7545576	Ġcoin	['very', 'credit', 'form', 'card', 'good']	aff	neg
A credit-card is not a	coin	-8.250725	Ġcoin	['credit', 'form', 'loan', 'good', 'valid']	neg	neg
A credit-card is not a	plastic	-8.151887	Ġplastic	['credit', 'form', 'loan', 'good', 'valid']	neg	aff
A hamburger is a	food	-5.285244	Ġfood	['very', 'good', 'great', 'delicious', 'classic']	aff	aff
A hamburger is a	clothing	-11.122477	ĠCl	['very', 'good', 'great', 'delicious', 'classic']	aff	neg
A hamburger is not a	clothing	-11.124828	ĠCl	['good', 'h', 'burger', 'bad', 'very']	neg	neg
A hamburger is not a	food	-4.5516872	Ġfood	['good', 'h', 'burger', 'bad', 'very']	neg	aff
A bean is a	food	-6.6773214	Ġfood	['bean', 'type', 'container', 'single', 'very']	aff	aff
A bean is a	mineral	-9.963451	Ġmineral	['bean', 'type', 'container', 'single', 'very']	aff	neg
A bean is not a	mineral	-10.699143	Ġmineral	"['bean', 'valid', '""', 'member', 'container']"	neg	neg
A bean is not a	food	-7.6917973	Ġfood	"['bean', 'valid', '""', 'member', 'container']"	neg	aff
A jaguar is an	animal	-2.1677303	Ġanimal	['animal', 'endangered', 'extinct', 'ancient', 'African']	aff	aff
A jaguar is a	plant	-7.950652	Ġplant	['jag', 'large', 'very', 'species', 'myth']	aff	neg
A jaguar is not a	plant	-7.141567	Ġplant	['jag', 'human', 'real', 'myth', 'predator']	neg	neg
A jaguar is not an	animal	-1.455698	Ġanimal	['animal', 'endangered', 'extinct', 'exotic', 'actual']	neg	aff
A man is a	human	-4.902849	Ġhuman	['man', 'person', 'king', 'very', 'great']	aff	aff
A man is a	machine	-5.497463	Ġmachine	['man', 'person', 'king', 'very', 'great']	aff	neg
A man is not a	machine	-4.6722546	Ġmachine	['man', 'child', 'person', 'saint', 'monster']	neg	neg
A man is not a	human	-4.2303753	Ġhuman	['man', 'child', 'person', 'saint', 'monster']	neg	aff
A sickle is a	tool	-5.125538	Ġtool	['very', 'type', 'protein', 'good', 'small']	aff	aff
A sickle is a	flower	-8.573746	Ġflower	['very', 'type', 'protein', 'good', 'small']	aff	neg
A sickle is not a	flower	-7.9824705	Ġflower	['good', 'disease', 'sick', 'very', 'bad']	neg	neg
A sickle is not a	tool	-5.3481693	Ġtool	['good', 'disease', 'sick', 'very', 'bad']	neg	aff
A map is a	document	-8.516359	Ġdocument	['map', 'function', 'set', 'collection', 'sequence']	aff	aff
A map is a	story	-10.231669	Ġstory	['map', 'function', 'set', 'collection', 'sequence']	aff	neg
A map is not a	story	-10.206981	Ġstory	['map', 'function', 'bijection', 'morphism', 'vector']	neg	neg
A map is not a	document	-8.558551	Ġdocument	['map', 'function', 'bijection', 'morphism', 'vector']	neg	aff
A book is a	story	-5.575119	Ġstory	['book', 'great', 'work', 'collection', 'good']	aff	aff
A book is a	fruit	-8.647525	Ġfruit	['book', 'great', 'work', 'collection', 'good']	aff	neg
A book is not a	fruit	-8.134144	Ġfruit	"['book', 'novel', 'work', 'good', '""']"	neg	neg
A book is not a	story	-6.33442	Ġstory	"['book', 'novel', 'work', 'good', '""']"	neg	aff
A movie is a	story	-4.2327576	Ġstory	['movie', 'great', 'good', 'film', 'lot']	aff	aff
A movie is an	animal	-7.034376	Ġanimal	['art', 'experience', 'event', 'excellent', 'amazing']	aff	neg
A movie is not an	animal	-6.53191	Ġanimal	['art', 'excuse', 'event', 'experience', 'easy']	neg	neg
A movie is not a	story	-5.15777	Ġstory	['movie', 'good', 'film', 'bad', 'game']	neg	aff
A cat is a	pet	-5.340746	Ġpet	['cat', 'very', 'great', 'good', 'dog']	aff	aff
A cat is an	insect	-5.6910973	Ġinsect	['animal', 'excellent', 'important', 'example', 'amazing']	aff	neg
A cat is not an	insect	-5.297348	Ġinsect	['animal', 'option', 'un', 'object', 'easy']	neg	neg
A cat is not a	pet	-4.646515	Ġpet	['cat', 'dog', 'good', 'man', 'human']	neg	aff
A lion is a	mammal	-6.0290346	Ġmamm	['very', 'symbol', 'great', 'lion', 'beast']	aff	aff
A lion is an	amphibian	-6.2120934	Ġamphib	['animal', 'excellent', 'African', 'ancient', 'important']	aff	neg
A lion is not an	amphibian	-6.4504795	Ġamphib	['animal', 'easy', 'un', 'ordinary', 'enemy']	neg	neg
A lion is not a	mammal	-6.851552	Ġmamm	['lion', 'beast', 'man', 'good', 'bad']	neg	aff
A caterpillar is an	insect	-1.589489	Ġinsect	['insect', 'example', 'important', 'animal', 'adult']	aff	aff
A caterpillar is a	mammal	-6.902177	Ġmamm	['very', 'small', 'type', 'common', 'member']	aff	neg
A caterpillar is not a	mammal	-6.4548616	Ġmamm	"['cater', 'butterfly', '""', 'good', 'creature']"	neg	neg
A caterpillar is not an	insect	-1.6112347	Ġinsect	['insect', 'animal', 'ordinary', 'adult', 'alien']	neg	aff
A man is a	person	-3.9905853	Ġperson	['man', 'person', 'king', 'very', 'great']	aff	aff
A man is an	animal	-2.0774345	Ġanimal	['animal', 'artist', 'idiot', 'enemy', 'old']	aff	neg
A man is not an	animal	-1.661087	Ġanimal	['animal', 'island', 'enemy', 'object', 'angel']	neg	neg
A man is not a	person	-3.67107	Ġperson	['man', 'child', 'person', 'saint', 'monster']	neg	aff
A woman is a	person	-4.1446	Ġperson	['woman', 'beautiful', 'mother', 'person', 'very']	aff	aff
A woman is a	thing	-6.301943	Ġthing	['woman', 'beautiful', 'mother', 'person', 'very']	aff	neg
A woman is not a	thing	-6.032092	Ġthing	['woman', 'person', 'man', 'victim', 'child']	neg	neg
A woman is not a	person	-3.3747654	Ġperson	['woman', 'person', 'man', 'victim', 'child']	neg	aff
A sock is a	garment	-7.9721737	Ġgarment	['very', 'sock', 'good', 'great', 'type']	aff	aff
A sock is a	person	-6.3197947	Ġperson	['very', 'sock', 'good', 'great', 'type']	aff	neg
A sock is not a	person	-6.2075386	Ġperson	"['sock', 'good', 'valid', '""', 'real']"	neg	neg
A sock is not a	garment	-7.5363398	Ġgarment	"['sock', 'good', 'valid', '""', 'real']"	neg	aff
A student is a	person	-4.2703743	Ġperson	['student', 'member', 'good', 'teacher', 'person']	aff	aff
A student is a	thing	-8.323193	Ġthing	['student', 'member', 'good', 'teacher', 'person']	aff	neg
A student is not a	thing	-9.140429	Ġthing	['student', 'citizen', 'member', 'child', 'teacher']	neg	neg
A student is not a	person	-4.37644	Ġperson	['student', 'citizen', 'member', 'child', 'teacher']	neg	aff
A milk is a	drink	-5.783539	Ġdrink	['good', 'very', 'great', 'rich', 'protein']	aff	aff
A milk is a	vegetable	-6.2162476	Ġvegetable	['good', 'very', 'great', 'rich', 'protein']	aff	neg
A milk is not a	vegetable	-4.852003	Ġvegetable	"['good', 'food', 'milk', '""', 'substitute']"	neg	neg
A milk is not a	drink	-4.5237026	Ġdrink	"['good', 'food', 'milk', '""', 'substitute']"	neg	aff
A water is a	drink	-6.2787743	Ġdrink	['very', 'good', 'great', 'liquid', 'natural']	aff	aff
A water is a	gas	-6.7475567	Ġgas	['very', 'good', 'great', 'liquid', 'natural']	aff	neg
A water is not a	gas	-6.155692	Ġgas	['good', 'water', 'liquid', 'pure', 'drink']	neg	neg
A water is not a	drink	-4.4132633	Ġdrink	['good', 'water', 'liquid', 'pure', 'drink']	neg	aff
A pearl is a	jewel	-5.4260674	Ġjewel	['pear', 'very', 'shell', 'beautiful', 'small']	aff	aff
A pearl is a	tree	-7.8466396	Ġtree	['pear', 'very', 'shell', 'beautiful', 'small']	aff	neg
A pearl is not a	tree	-6.8840485	Ġtree	['pear', 'shell', 'pe', 'stone', 'good']	neg	neg
A pearl is not a	jewel	-5.38739	Ġjewel	['pear', 'shell', 'pe', 'stone', 'good']	neg	aff
A ficus is a	tree	-2.9328995	Ġtree	['tree', 'very', 'member', 'species', 'large']	aff	aff
A ficus is a	flower	-6.951586	Ġflower	['tree', 'very', 'member', 'species', 'large']	aff	neg
A ficus is not a	flower	-5.2751427	Ġflower	['tree', 'fruit', 'plant', 'species', 'f']	neg	neg
A ficus is not a	tree	-2.9183445	Ġtree	['tree', 'fruit', 'plant', 'species', 'f']	neg	aff
A crane is a	bird	-6.8072186	Ġbird	['type', 'very', 'great', 'large', 'common']	aff	aff
A crane is a	flower	-9.399092	ĠF	['type', 'very', 'great', 'large', 'common']	aff	neg
A crane is not a	flower	-8.510424	Ġflower	['good', 'very', 'machine', 'new', 'Ċ']	neg	neg
A crane is not a	bird	-6.1361036	Ġbird	['good', 'very', 'machine', 'new', 'Ċ']	neg	aff
A jaguar is a	cat	-4.682871	Ġcat	['jag', 'large', 'very', 'species', 'myth']	aff	aff
A jaguar is a	reptile	-5.882411	Ġrept	['jag', 'large', 'very', 'species', 'myth']	aff	neg
A jaguar is not a	reptile	-5.585103	Ġrept	['jag', 'human', 'real', 'myth', 'predator']	neg	neg
A jaguar is not a	cat	-4.5073586	Ġcat	['jag', 'human', 'real', 'myth', 'predator']	neg	aff
A sneaker is a	shoe	-4.0343304	Ġshoe	['sne', 'great', 'very', 'good', 'shoe']	aff	aff
A sneaker is a	mineral	-12.325633	Ġmineral	['sne', 'great', 'very', 'good', 'shoe']	aff	neg
A sneaker is not a	mineral	-12.703208	Ġmineral	['shoe', 'sne', 'good', 'bad', 'new']	neg	neg
A sneaker is not a	shoe	-3.0677738	Ġshoe	['shoe', 'sne', 'good', 'bad', 'new']	neg	aff
A volleyball is a	ball	-6.066822	Ġball	['sport', 'game', 'team', 'great', 'very']	aff	aff
A volleyball is a	tool	-9.993485	Ġtool	['sport', 'game', 'team', 'great', 'very']	aff	neg
A volleyball is not a	tool	-8.776834	Ġtool	['sport', 'game', 'bad', 'very', 'traditional']	neg	neg
A volleyball is not a	ball	-6.7773066	Ġball	['sport', 'game', 'bad', 'very', 'traditional']	neg	aff
A train is a	machine	-5.3430405	Ġmachine	['very', 'great', 'train', 'good', 'symbol']	aff	aff
A train is a	weapon	-6.6602182	Ġweapon	['very', 'great', 'train', 'good', 'symbol']	aff	neg
A train is not a	weapon	-5.8493004	Ġweapon	"['train', 'good', 'vehicle', 'machine', ""'""]"	neg	neg
A train is not a	machine	-4.321766	Ġmachine	"['train', 'good', 'vehicle', 'machine', ""'""]"	neg	aff
A college is an	institution	-2.2943134	Ġinstitution	['institution', 'important', 'excellent', 'ideal', 'opportunity']	aff	aff
A college is a	creature	-9.216483	Ġcreature	['place', 'great', 'college', 'good', 'very']	aff	neg
A college is not a	creature	-10.24285	Ġcreature	['place', 'college', 'university', 'school', 'good']	neg	neg
A college is not an	institution	-2.872221	Ġinstitution	['option', 'institution', 'ideal', 'easy', 'island']	neg	aff
A child is a	person	-3.9732742	Ġperson	['child', 'gift', 'person', 'beautiful', 'human']	aff	aff
A child is an	adult	-2.69705	Ġadult	['adult', 'animal', 'innocent', 'infant', 'example']	aff	neg
A child is not an	adult	-2.385746	Ġadult	['adult', 'animal', 'innocent', 'infant', 'object']	neg	neg
A child is not a	person	-3.2370682	Ġperson	"['child', 'person', 'human', 'man', '""']"	neg	aff
A spy is a	person	-5.1707764	Ġperson	['spy', 'very', 'good', 'traitor', 'great']	aff	aff
A spy is a	thing	-6.0525303	Ġthing	['spy', 'very', 'good', 'traitor', 'great']	aff	neg
A spy is not a	thing	-6.0155544	Ġthing	['spy', 'traitor', 'good', 'bad', 'man']	neg	neg
A spy is not a	person	-4.358017	Ġperson	['spy', 'traitor', 'good', 'bad', 'man']	neg	aff
A hunter is a	person	-3.4712143	Ġperson	['hunter', 'man', 'person', 'very', 'good']	aff	aff
A hunter is an	animal	-2.0100365	Ġanimal	['animal', 'individual', 'expert', 'artist', 'excellent']	aff	neg
A hunter is not an	animal	-2.2689228	Ġanimal	['animal', 'expert', 'enemy', 'ordinary', 'individual']	neg	neg
A hunter is not a	person	-3.9566193	Ġperson	['hunter', 'man', 'person', 'good', 'Ċ']	neg	aff
A musician is a	person	-2.6770592	Ġperson	['musician', 'person', 'professional', 'great', 'very']	aff	aff
A musician is an	animal	-5.8521805	Ġanimal	['artist', 'individual', 'instrument', 'art', 'expert']	aff	neg
A musician is not an	animal	-4.557541	Ġanimal	['artist', 'actor', 'expert', 'instrument', 'individual']	neg	neg
A musician is not a	person	-3.4065094	Ġperson	['musician', 'professional', 'person', 'good', 'bad']	neg	aff
A machine is a	thing	-5.3717003	Ġthing	['machine', 'tool', 'very', 'great', 'good']	aff	aff
A machine is a	person	-5.865406	Ġperson	['machine', 'tool', 'very', 'great', 'good']	aff	neg
A machine is not a	person	-4.747175	Ġperson	['machine', 'human', 'good', 'robot', 'new']	neg	neg
A machine is not a	thing	-5.0190163	Ġthing	['machine', 'human', 'good', 'robot', 'new']	neg	aff
A scientist is a	person	-2.902523	Ġperson	['scientist', 'person', 'man', 'human', 'good']	aff	aff
A scientist is a	computer	-6.228303	Ġcomputer	['scientist', 'person', 'man', 'human', 'good']	aff	neg
A scientist is not a	computer	-6.509383	Ġcomputer	['scientist', 'man', 'person', 'doctor', 'philosopher']	neg	neg
A scientist is not a	person	-3.762745	Ġperson	['scientist', 'man', 'person', 'doctor', 'philosopher']	neg	aff
A professor is a	person	-4.6445293	Ġperson	['professor', 'member', 'great', 'good', 'very']	aff	aff
A professor is a	building	-8.940359	Ġbuilding	['professor', 'member', 'great', 'good', 'very']	aff	neg
A professor is not a	building	-8.851204	Ġbuilding	['professor', 'doctor', 'professional', 'person', 'scientist']	neg	neg
A professor is not a	person	-4.339739	Ġperson	['professor', 'doctor', 'professional', 'person', 'scientist']	neg	aff
A kitten is an	animal	-3.0388908	Ġanimal	['animal', 'excellent', 'adorable', 'amazing', 'extremely']	aff	aff
A kitten is a	plant	-9.084837	Ġplant	['very', 'great', 'beautiful', 'good', 'little']	aff	neg
A kitten is not a	plant	-8.110595	Ġplant	['k', 'cat', 'dog', 'pet', 'good']	neg	neg
A kitten is not an	animal	-1.9386272	Ġanimal	['animal', 'easy', 'ordinary', 'exception', 'un']	neg	aff
A piano is an	instrument	-1.3674946	Ġinstrument	['instrument', 'excellent', 'important', 'extremely', 'essential']	aff	aff
A piano is a	drink	-11.444656	Ġdrink	['very', 'great', 'wonderful', 'good', 'beautiful']	aff	neg
A piano is not a	drink	-9.755663	Ġdrink	"['piano', 'good', 'very', 'musical', '""']"	neg	neg
A piano is not an	instrument	-1.4897556	Ġinstrument	['instrument', 'easy', 'ideal', 'option', 'expensive']	neg	aff
A ship is a	vessel	-2.6175938	Ġvessel	['ship', 'vessel', 'very', 'great', 'good']	aff	aff
A ship is a	mineral	-10.608041	Ġmineral	['ship', 'vessel', 'very', 'great', 'good']	aff	neg
A ship is not a	mineral	-10.179276	Ġmineral	"['ship', 'vessel', 'Ċ', 'man', ""'""]"	neg	neg
A ship is not a	vessel	-2.6246376	Ġvessel	"['ship', 'vessel', 'Ċ', 'man', ""'""]"	neg	aff
A noun is a	word	-3.2605839	Ġword	['noun', 'person', 'word', 'verb', 'name']	aff	aff
A noun is a	verb	-3.5262222	Ġverb	['noun', 'person', 'word', 'verb', 'name']	aff	neg
A noun is not a	verb	-2.2892532	Ġverb	['noun', 'verb', 'pronoun', 'person', 'word']	neg	neg
A noun is not a	word	-4.2166214	Ġword	['noun', 'verb', 'pronoun', 'person', 'word']	neg	aff
An adjective is a	word	-2.9302807	Ġword	['noun', 'word', 'verb', 'person', 'compound']	aff	aff
An adjective is a	verb	-3.5021553	Ġverb	['noun', 'word', 'verb', 'person', 'compound']	aff	neg
An adjective is not a	verb	-2.8645458	Ġverb	['noun', 'verb', 'predicate', 'syn', 'word']	neg	neg
An adjective is not a	word	-4.431656	Ġword	['noun', 'verb', 'predicate', 'syn', 'word']	neg	aff
A pronoun is a	word	-3.3163376	Ġword	['noun', 'word', 'pronoun', 'verb', 'way']	aff	aff
A pronoun is a	verb	-3.8273563	Ġverb	['noun', 'word', 'pronoun', 'verb', 'way']	aff	neg
A pronoun is not a	verb	-3.4545765	Ġverb	['pronoun', 'noun', 'verb', 'word', 'part']	neg	neg
A pronoun is not a	word	-3.595705	Ġword	['pronoun', 'noun', 'verb', 'word', 'part']	neg	aff
A verb is a	word	-2.9844875	Ġword	['verb', 'noun', 'word', 'kind', 'person']	aff	aff
A verb is a	noun	-2.1721325	Ġnoun	['verb', 'noun', 'word', 'kind', 'person']	aff	neg
A verb is not a	noun	-1.4611225	Ġnoun	['noun', 'verb', 'word', 'syn', 'passive']	neg	neg
A verb is not a	word	-3.4044456	Ġword	['noun', 'verb', 'word', 'syn', 'passive']	neg	aff
An adverb is a	word	-2.4546547	Ġword	['noun', 'verb', 'word', 'short', 'pre']	aff	aff
An adverb is a	noun	-2.171339	Ġnoun	['noun', 'verb', 'word', 'short', 'pre']	aff	neg
An adverb is not a	noun	-1.3153687	Ġnoun	['noun', 'verb', 'word', 'pre', 'syn']	neg	neg
An adverb is not a	word	-3.4094849	Ġword	['noun', 'verb', 'word', 'pre', 'syn']	neg	aff
A screwdriver is a	tool	-2.2424202	Ġtool	['tool', 'very', 'good', 'device', 'great']	aff	aff
A screwdriver is a	vegetable	-11.761394	Ġvegetable	['tool', 'very', 'good', 'device', 'great']	aff	neg
A screwdriver is not a	vegetable	-10.750386	Ġvegetable	['good', 'tool', 'very', 'substitute', 'reliable']	neg	neg
A screwdriver is not a	tool	-3.2857056	Ġtool	['good', 'tool', 'very', 'substitute', 'reliable']	neg	aff
A shack is a	building	-5.389696	Ġbuilding	['place', 'great', 'very', 'good', 'beautiful']	aff	aff
A shack is a	bird	-8.228951	Ġbird	['place', 'great', 'very', 'good', 'beautiful']	aff	neg
A shack is not a	bird	-8.265375	Ġbird	['place', 'shack', 'home', 'good', 'safe']	neg	neg
A shack is not a	building	-4.4902706	Ġbuilding	['place', 'shack', 'home', 'good', 'safe']	neg	aff
A toaster is an	appliance	-3.0930939	Ġappliance	['excellent', 'amazing', 'appliance', 'ideal', 'essential']	aff	aff
A toaster is a	toy	-7.0896444	Ġtoy	['great', 'very', 'good', 'must', 'fantastic']	aff	neg
A toaster is not a	toy	-4.0295563	Ġtoy	['good', 'new', 'bad', 'toy', 'very']	neg	neg
A toaster is not an	appliance	-2.9646206	Ġappliance	['appliance', 'option', 'easy', 'ideal', 'ordinary']	neg	aff
A microwave is an	appliance	-5.4853096	Ġappliance	['electromagnetic', 'effective', 'extremely', 'efficient', 'excellent']	aff	aff
A microwave is a	plant	-9.017119	Ġplant	['very', 'microwave', 'device', 'powerful', 'great']	aff	neg
A microwave is not a	plant	-8.847992	Ġplant	['good', 'microwave', 'very', 'new', 'viable']	neg	neg
A microwave is not an	appliance	-5.532173	Ġappliance	['ideal', 'effective', 'efficient', 'option', 'alternative']	neg	aff
A coffeemaker is an	appliance	-2.351963	Ġappliance	['appliance', 'electric', 'essential', 'efficient', 'excellent']	aff	aff
A coffeemaker is a	food	-7.0585804	Ġfood	['device', 'very', 'machine', 'small', 'type']	aff	neg
A coffeemaker is not a	food	-6.018033	Ġfood	['good', 'new', 'bad', 'machine', 'coffee']	neg	neg
A coffeemaker is not an	appliance	-3.4850578	Ġappliance	['option', 'ideal', 'appliance', 'essential', 'easy']	neg	aff
A sofa is a	furniture	-6.805567	Ġfurniture	['great', 'good', 'very', 'wonderful', 'comfortable']	aff	aff
A sofa is a	toy	-8.058562	Ġtoy	['great', 'good', 'very', 'wonderful', 'comfortable']	aff	neg
A sofa is not a	toy	-5.10548	Ġtoy	['sofa', 'good', 'comfortable', 'bed', 'couch']	neg	neg
A sofa is not a	furniture	-5.926155	Ġfurniture	['sofa', 'good', 'comfortable', 'bed', 'couch']	neg	aff
A lantern is a	light	-4.4265766	Ġlight	['symbol', 'very', 'great', 'good', 'useful']	aff	aff
A lantern is a	food	-9.805932	Ġfood	['symbol', 'very', 'great', 'good', 'useful']	aff	neg
A lantern is not a	food	-8.506586	Ġfood	['good', 'very', 'sign', 'light', 'lantern']	neg	neg
A lantern is not a	light	-3.860508	Ġlight	['good', 'very', 'sign', 'light', 'lantern']	neg	aff
A hospital is a	building	-5.941822	Ġbuilding	['place', 'hospital', 'great', 'good', 'very']	aff	aff
A hospital is a	river	-10.141918	Ġriver	['place', 'hospital', 'great', 'good', 'very']	aff	neg
A hospital is not a	river	-9.813911	Ġriver	"['place', 'hospital', 'good', 'medical', '""']"	neg	neg
A hospital is not a	building	-5.66967	Ġbuilding	"['place', 'hospital', 'good', 'medical', '""']"	neg	aff
A lock is a	device	-6.514903	Ġdevice	['lock', 'very', 'good', 'great', 'key']	aff	aff
A lock is a	garment	-10.471982	Ġgarment	['lock', 'very', 'good', 'great', 'key']	aff	neg
A lock is not a	garment	-10.447097	Ġgarment	['lock', 'good', 'problem', 'guarantee', 'bad']	neg	neg
A lock is not a	device	-7.3160896	Ġdevice	['lock', 'good', 'problem', 'guarantee', 'bad']	neg	aff
A suit is a	garment	-9.915041	Ġgarment	['suit', 'civil', 'legal', 'lawsuit', 'claim']	aff	aff
A suit is a	tool	-7.0141087	Ġtool	['suit', 'civil', 'legal', 'lawsuit', 'claim']	aff	neg
A suit is not a	tool	-8.404947	Ġtool	"['suit', '""', 'proper', 'matter', 'class']"	neg	neg
A suit is not a	garment	-11.336285	Ġgarment	"['suit', '""', 'proper', 'matter', 'class']"	neg	aff
A clamp is a	tool	-4.2329807	Ġtool	['device', 'type', 'very', 'simple', 'tool']	aff	aff
A clamp is a	mineral	-10.275109	Ġmineral	['device', 'type', 'very', 'simple', 'tool']	aff	neg
A clamp is not a	mineral	-11.35827	Ġmineral	['good', 'substitute', 'reliable', 'very', 'necessary']	neg	neg
A clamp is not a	tool	-4.994175	Ġtool	['good', 'substitute', 'reliable', 'very', 'necessary']	neg	aff
A ruby is a	mineral	-9.298742	Ġmineral	['very', 'ruby', 'good', 'great', 'beautiful']	aff	aff
A ruby is a	toy	-8.468493	Ġtoy	['very', 'ruby', 'good', 'great', 'beautiful']	aff	neg
A ruby is not a	toy	-6.950227	Ġtoy	['ruby', 'good', 'language', 'real', 'very']	neg	neg
A ruby is not a	mineral	-9.22263	Ġmineral	['ruby', 'good', 'language', 'real', 'very']	neg	aff
A doll is a	toy	-4.8475895	Ġtoy	['doll', 'very', 'great', 'good', 'beautiful']	aff	aff
A doll is a	creature	-6.070757	Ġcreature	['doll', 'very', 'great', 'good', 'beautiful']	aff	neg
A doll is not a	creature	-6.2502365	Ġcreature	['doll', 'toy', 'real', 'child', 'good']	neg	neg
A doll is not a	toy	-2.9711533	Ġtoy	['doll', 'toy', 'real', 'child', 'good']	neg	aff
A dog is a	creature	-5.169838	Ġcreature	['dog', 'very', 'great', 'good', 'man']	aff	aff
A dog is a	building	-8.884032	Ġbuilding	['dog', 'very', 'great', 'good', 'man']	aff	neg
A dog is not a	building	-7.702319	Ġbuilding	['dog', 'man', 'human', 'good', 'person']	neg	neg
A dog is not a	creature	-5.6271114	Ġcreature	['dog', 'man', 'human', 'good', 'person']	neg	aff
A sandwich is a	food	-5.2597218	Ġfood	['sandwich', 'great', 'good', 'very', 'perfect']	aff	aff
A sandwich is a	tool	-8.327288	Ġtool	['sandwich', 'great', 'good', 'very', 'perfect']	aff	neg
A sandwich is not a	tool	-8.095707	Ġtool	['sandwich', 'good', 'very', 'great', 'bad']	neg	neg
A sandwich is not a	food	-5.2880993	Ġfood	['sandwich', 'good', 'very', 'great', 'bad']	neg	aff
A cake is a	dessert	-4.9466324	Ġdessert	['cake', 'good', 'great', 'very', 'beautiful']	aff	aff
A cake is a	toy	-8.5757475	Ġtoy	['cake', 'good', 'great', 'very', 'beautiful']	aff	neg
A cake is not a	toy	-6.4076586	Ġtoy	['cake', 'good', 'dessert', 'real', 'meal']	neg	neg
A cake is not a	dessert	-4.415766	Ġdessert	['cake', 'good', 'dessert', 'real', 'meal']	neg	aff
A raccoon is an	animal	-2.663086	Ġanimal	['endangered', 'animal', 'American', 'important', 'extremely']	aff	aff
A raccoon is a	bird	-5.254925	Ġbird	['small', 'very', 'common', 'species', 'large']	aff	neg
A raccoon is not a	bird	-4.7581253	Ġbird	['rac', 'native', 'race', 'species', 'mamm']	neg	neg
A raccoon is not an	animal	-1.5653858	Ġanimal	['animal', 'endangered', 'exotic', 'insect', 'invasive']	neg	aff
A hut is a	building	-5.4142323	Ġbuilding	['place', 'great', 'good', 'very', 'perfect']	aff	aff
A hut is an	insect	-8.421848	ĠIn	['ideal', 'excellent', 'old', 'important', 'interesting']	aff	neg
A hut is not an	insect	-7.2946634	Ġinsect	['ideal', 'option', 'island', 'appropriate', 'easy']	neg	neg
A hut is not a	building	-4.155773	Ġbuilding	['hut', 'place', 'home', 'house', 'good']	neg	aff
A penguin is an	animal	-3.096613	Ġanimal	['endangered', 'animal', 'Australian', 'adult', 'extremely']	aff	aff
A penguin is a	plant	-8.1269245	Ġplant	['bird', 'very', 'small', 'species', 'type']	aff	neg
A penguin is not a	plant	-7.3383083	Ġplant	"['bird', 'peng', 'real', 'good', '""']"	neg	neg
A penguin is not an	animal	-2.1858768	Ġanimal	['animal', 'endangered', 'easy', 'actual', 'exception']	neg	aff
A book is a	media	-9.485298	Ġmedia	['book', 'great', 'work', 'collection', 'good']	aff	aff
A book is an	instrument	-5.3151054	Ġinstrument	['excellent', 'important', 'essential', 'amazing', 'interesting']	aff	neg
A book is not an	instrument	-4.5397034	Ġinstrument	"['object', 'easy', 'exact', 'excuse', '""']"	neg	neg
A book is not a	media	-9.01181	Ġmedia	"['book', 'novel', 'work', 'good', '""']"	neg	aff
A bridge is a	structure	-5.1103325	Ġstructure	['bridge', 'great', 'good', 'very', 'place']	aff	aff
A bridge is a	toy	-9.251498	Ġtoy	['bridge', 'great', 'good', 'very', 'place']	aff	neg
A bridge is not a	toy	-7.6675253	Ġtoy	['bridge', 'good', 'place', 'solution', 'road']	neg	neg
A bridge is not a	structure	-6.360737	Ġstructure	['bridge', 'good', 'place', 'solution', 'road']	neg	aff
A badger is an	animal	-1.989027	Ġanimal	['animal', 'excellent', 'endangered', 'extremely', 'important']	aff	aff
A badger is a	plant	-6.695896	Ġplant	['very', 'small', 'big', 'large', 'great']	aff	neg
A badger is not a	plant	-5.924588	Ġplant	['bad', 'good', 'dog', 'very', 'predator']	neg	neg
A badger is not an	animal	-1.2943878	Ġanimal	['animal', 'endangered', 'herb', 'easy', 'aggressive']	neg	aff
A pulley is a	machine	-6.053258	Ġmachine	['device', 'type', 'mechanical', 'small', 'very']	aff	aff
A pulley is a	person	-8.624778	Ġperson	['device', 'type', 'mechanical', 'small', 'very']	aff	neg
A pulley is not a	person	-8.766504	Ġperson	"['good', 'part', 'mechanical', '""', 'device']"	neg	neg
A pulley is not a	machine	-6.6005783	Ġmachine	"['good', 'part', 'mechanical', '""', 'device']"	neg	aff
A sapphire is a	mineral	-5.0712605	Ġmineral	['very', 'rare', 'special', 'material', 'high']	aff	aff
A sapphire is a	gas	-6.900078	Ġgas	['very', 'rare', 'special', 'material', 'high']	aff	neg
A sapphire is not a	gas	-6.6817513	Ġgas	['good', 'metal', 'material', 'very', 'new']	neg	neg
A sapphire is not a	mineral	-5.2297516	Ġmineral	['good', 'metal', 'material', 'very', 'new']	neg	aff
A possum is an	animal	-2.6506672	Ġanimal	['endangered', 'animal', 'important', 'invasive', 'amphib']	aff	aff
A possum is a	plant	-6.1801586	Ġplant	['species', 'small', 'very', 'large', 'member']	aff	neg
A possum is not a	plant	-5.3758545	Ġplant	['species', 'mamm', 'member', 'predator', 'good']	neg	neg
A possum is not an	animal	-1.6450977	Ġanimal	['animal', 'endangered', 'insect', 'amphib', 'invasive']	neg	aff
A panther is an	animal	-2.4955235	Ġanimal	['animal', 'ancient', 'extremely', 'intelligent', 'evil']	aff	aff
A panther is a	toy	-9.01737	Ġtoy	['creature', 'very', 'beast', 'powerful', 'great']	aff	neg
A panther is not a	toy	-6.309864	Ġtoy	['creature', 'pant', 'real', 'beast', 'human']	neg	neg
A panther is not an	animal	-1.8369522	Ġanimal	['animal', 'ordinary', 'actual', 'un', 'evil']	neg	aff
A hamster is an	animal	-2.839901	Ġanimal	['excellent', 'animal', 'example', 'important', 'interesting']	aff	aff
A hamster is a	person	-7.1727524	Ġperson	['very', 'good', 'great', 'small', 'little']	aff	neg
A hamster is not a	person	-6.018652	Ġperson	['good', 'human', 'very', 'ham', 'true']	neg	neg
A hamster is not an	animal	-2.3346596	Ġanimal	['animal', 'ideal', 'easy', 'effective', 'appropriate']	neg	aff
A tractor is a	vehicle	-3.2603092	Ġvehicle	['vehicle', 'very', 'tractor', 'good', 'type']	aff	aff
A tractor is a	toy	-6.8087463	Ġtoy	['vehicle', 'very', 'tractor', 'good', 'type']	aff	neg
A tractor is not a	toy	-5.0555153	Ġtoy	"['vehicle', 'good', 'machine', '""', ""'""]"	neg	neg
A tractor is not a	vehicle	-3.2697258	Ġvehicle	"['vehicle', 'good', 'machine', '""', ""'""]"	neg	aff
A basil is a	plant	-4.222492	Ġplant	['very', 'type', 'great', 'plant', 'common']	aff	aff
A basil is a	tool	-8.589496	Ġtool	['very', 'type', 'great', 'plant', 'common']	aff	neg
A basil is not a	tool	-8.042213	Ġtool	['vegetable', 'basil', 'good', 'fruit', 'plant']	neg	neg
A basil is not a	plant	-4.3277817	Ġplant	['vegetable', 'basil', 'good', 'fruit', 'plant']	neg	aff
A play is a	drama	-6.274295	Ġdrama	['play', 'great', 'very', 'game', 'good']	aff	aff
A play is a	person	-7.7093277	Ġperson	['play', 'great', 'very', 'game', 'good']	aff	neg
A play is not a	person	-7.5395145	Ġperson	['play', 'game', 'good', 'new', 'work']	neg	neg
A play is not a	drama	-6.609132	Ġdrama	['play', 'game', 'good', 'new', 'work']	neg	aff
A raspberry is a	fruit	-4.8705254	Ġfruit	['very', 'good', 'great', 'r', 'delicious']	aff	aff
A raspberry is a	vegetable	-6.219615	Ġvegetable	['very', 'good', 'great', 'r', 'delicious']	aff	neg
A raspberry is not a	vegetable	-4.4346256	Ġvegetable	['good', 'r', 'very', 'new', 'bad']	neg	neg
A raspberry is not a	fruit	-4.3879547	Ġfruit	['good', 'r', 'very', 'new', 'bad']	neg	aff
A canal is a	waterway	-4.684599	Ġwater	['canal', 'major', 'very', 'great', 'good']	aff	aff
A canal is a	road	-5.8567104	Ġroad	['canal', 'major', 'very', 'great', 'good']	aff	neg
A canal is not a	road	-5.092819	Ġroad	"['canal', 'good', 'place', 'water', '""']"	neg	neg
A canal is not a	waterway	-4.2434177	Ġwater	"['canal', 'good', 'place', 'water', '""']"	neg	aff
A flute is an	instrument	-0.65735817	Ġinstrument	['instrument', 'excellent', 'important', 'acoustic', 'open']	aff	aff
A flute is a	toy	-6.6988134	Ġtoy	['fl', 'very', 'musical', 'small', 'great']	aff	neg
A flute is not a	toy	-5.0277157	Ġtoy	['fl', 'very', 'musical', 'good', 'new']	neg	neg
A flute is not an	instrument	-0.84692955	Ġinstrument	['instrument', 'ordinary', 'ideal', 'easy', 'expensive']	neg	aff
A swallow is a	bird	-4.9737854	Ġbird	['very', 'small', 'good', 'type', 'common']	aff	aff
A swallow is a	mammal	-6.9379053	Ġmamm	['very', 'small', 'good', 'type', 'common']	aff	neg
A swallow is not a	mammal	-7.042736	Ġmamm	"['swallow', 'good', '""', 'Ċ', 'real']"	neg	neg
A swallow is not a	bird	-4.802412	Ġbird	"['swallow', 'good', '""', 'Ċ', 'real']"	neg	aff
A platypus is a	mammal	-3.9052925	Ġmamm	['species', 'large', 'small', 'very', 'fish']	aff	aff
A platypus is a	reptile	-5.2918663	Ġrept	['species', 'large', 'small', 'very', 'fish']	aff	neg
A platypus is not a	reptile	-5.484646	Ġrept	['fish', 'species', 'bird', 'mamm', 'good']	neg	neg
A platypus is not a	mammal	-4.1039352	Ġmamm	['fish', 'species', 'bird', 'mamm', 'good']	neg	aff
A squirrel is a	mammal	-5.771372	Ġmamm	['very', 'good', 'great', 'small', 'little']	aff	aff
A squirrel is an	insect	-4.829279	Ġinsect	['excellent', 'animal', 'example', 'endangered', 'important']	aff	neg
A squirrel is not an	insect	-4.2800217	Ġinsect	['animal', 'endangered', 'easy', 'intelligent', 'un']	neg	neg
A squirrel is not a	mammal	-5.3258	Ġmamm	['squir', 'good', 'very', 'real', 'dog']	neg	aff
An antelope is an	animal	-1.0314102	Ġanimal	['animal', 'endangered', 'ant', 'elephant', 'African']	aff	aff
An antelope is a	flower	-8.899746	Ġflower	['large', 'small', 'very', 'species', 'type']	aff	neg
An antelope is not a	flower	-8.054548	Ġflower	['good', 'very', 'bad', 'beast', 'game']	neg	neg
An antelope is not an	animal	-0.8839569	Ġanimal	['animal', 'ant', 'endangered', 'exotic', 'elephant']	neg	aff
An ant is an	animal	-2.712944	Ġanimal	['ant', 'animal', 'insect', 'anti', 'individual']	aff	aff
An ant is a	vegetable	-7.315201	Ġvegetable	['type', 'small', 'very', 'species', 'member']	aff	neg
An ant is not a	vegetable	-6.437256	Ġvegetable	['good', 'human', 'man', 'person', 'real']	neg	neg
An ant is not an	animal	-3.4501095	Ġanimal	['ant', 'animal', 'anti', 'insect', 'Ant']	neg	aff
A stag is an	animal	-2.5741634	Ġanimal	['animal', 'excellent', 'old', 'important', 'extremely']	aff	aff
A stag is a	building	-9.32189	Ġbuilding	['very', 'good', 'great', 'man', 'beast']	aff	neg
A stag is not a	building	-9.067236	Ġbuilding	['stag', 'beast', 'man', 'good', 'horse']	neg	neg
A stag is not an	animal	-1.730463	Ġanimal	['animal', 'ordinary', 'easy', 'object', 'un']	neg	aff
A bumblebee is an	insect	-1.7611656	Ġinsect	['insect', 'important', 'invasive', 'extremely', 'example']	aff	aff
A bumblebee is a	toy	-9.986045	Ġtoy	['very', 'species', 'small', 'common', 'b']	aff	neg
A bumblebee is not a	toy	-8.011982	Ġtoy	['b', 'real', 'good', 'threat', 'single']	neg	neg
A bumblebee is not an	insect	-1.5363522	Ġinsect	['insect', 'animal', 'easy', 'endangered', 'un']	neg	aff
A van is a	vehicle	-4.5928555	Ġvehicle	['very', 'great', 'good', 'van', 'vehicle']	aff	aff
A van is a	device	-7.4339323	Ġdevice	['very', 'great', 'good', 'van', 'vehicle']	aff	neg
A van is not a	device	-7.314684	Ġdevice	"['van', 'good', 'new', 'very', '""']"	neg	neg
A van is not a	vehicle	-4.469309	Ġvehicle	"['van', 'good', 'new', 'very', '""']"	neg	aff
A bat is an	animal	-2.784298	Ġanimal	['insect', 'animal', 'important', 'excellent', 'extremely']	aff	aff
A bat is a	furniture	-11.827208	Ġfurniture	['very', 'bat', 'species', 'small', 'type']	aff	neg
A bat is not a	furniture	-10.843985	Ġfurniture	"['bat', 'bird', 'good', 'real', '""']"	neg	neg
A bat is not an	animal	-2.6475887	Ġanimal	['animal', 'insect', 'easy', 'enemy', 'un']	neg	aff
A bed is a	furniture	-9.432151	Ġfurniture	['good', 'place', 'great', 'very', 'bed']	aff	aff
A bed is a	toy	-9.131023	Ġtoy	['good', 'place', 'great', 'very', 'bed']	aff	neg
A bed is not a	toy	-6.9260216	Ġtoy	['bed', 'place', 'good', 'luxury', 'comfortable']	neg	neg
A bed is not a	furniture	-8.685925	Ġfurniture	['bed', 'place', 'good', 'luxury', 'comfortable']	neg	aff
A pencil is an	instrument	-3.739544	Ġinstrument	['excellent', 'important', 'effective', 'essential', 'extremely']	aff	aff
A pencil is an	animal	-6.5173664	Ġanimal	['excellent', 'important', 'effective', 'essential', 'extremely']	aff	neg
A pencil is not an	animal	-5.8456345	Ġanimal	['instrument', 'option', 'effective', 'exact', 'ideal']	neg	neg
A pencil is not an	instrument	-3.0139847	Ġinstrument	['instrument', 'option', 'effective', 'exact', 'ideal']	neg	aff
A computer is a	device	-3.9146042	Ġdevice	['computer', 'machine', 'very', 'device', 'tool']	aff	aff
A computer is a	fruit	-9.798243	Ġfruit	['computer', 'machine', 'very', 'device', 'tool']	aff	neg
A computer is not a	fruit	-9.089728	Ġfruit	['machine', 'computer', 'human', 'device', 'good']	neg	neg
A computer is not a	device	-4.171402	Ġdevice	['machine', 'computer', 'human', 'device', 'good']	neg	aff
A watch is a	gadget	-7.4052687	Ġgad	['watch', 'very', 'good', 'great', 'time']	aff	aff
A watch is an	animal	-6.511551	Ġanimal	['important', 'excellent', 'essential', 'object', 'instrument']	aff	neg
A watch is not an	animal	-5.5317764	Ġanimal	['object', 'instrument', 'exact', 'absolute', 'option']	neg	neg
A watch is not a	gadget	-6.747492	Ġgad	['watch', 'good', 'time', 'piece', 'clock']	neg	aff
A cake is a	sweet	-5.3280506	Ġsweet	['cake', 'good', 'great', 'very', 'beautiful']	aff	aff
A cake is a	vegetable	-7.748312	Ġvegetable	['cake', 'good', 'great', 'very', 'beautiful']	aff	neg
A cake is not a	vegetable	-6.743904	Ġvegetable	['cake', 'good', 'dessert', 'real', 'meal']	neg	neg
A cake is not a	sweet	-6.8125534	Ġsweet	['cake', 'good', 'dessert', 'real', 'meal']	neg	aff
A lever is a	machine	-6.1229286	Ġmachine	['lever', 'very', 'type', 'device', 'simple']	aff	aff
A lever is a	toy	-7.235527	Ġtoy	['lever', 'very', 'type', 'device', 'simple']	aff	neg
A lever is not a	toy	-5.89114	Ġtoy	"['lever', 'good', '""', 'very', 'âĢľ']"	neg	neg
A lever is not a	machine	-6.537241	Ġmachine	"['lever', 'good', '""', 'very', 'âĢľ']"	neg	aff
A shark is an	animal	-2.256647	Ġanimal	['animal', 'endangered', 'extremely', 'aquatic', 'example']	aff	aff
A shark is a	toy	-8.443828	Ġtoy	['shark', 'very', 'great', 'creature', 'big']	aff	neg
A shark is not a	toy	-6.1626453	Ġtoy	['shark', 'good', 'fish', 'real', 'threat']	neg	neg
A shark is not an	animal	-2.0134964	Ġanimal	['animal', 'endangered', 'easy', 'alien', 'exception']	neg	aff
A ruby is a	gemstone	-4.802578	Ġgem	['very', 'ruby', 'good', 'great', 'beautiful']	aff	aff
A ruby is a	plant	-8.129513	Ġplant	['very', 'ruby', 'good', 'great', 'beautiful']	aff	neg
A ruby is not a	plant	-7.510434	Ġplant	['ruby', 'good', 'language', 'real', 'very']	neg	neg
A ruby is not a	gemstone	-4.727562	Ġgem	['ruby', 'good', 'language', 'real', 'very']	neg	aff
An armchair is a	furniture	-4.9039516	Ġfurniture	['chair', 'great', 'very', 'comfortable', 'piece']	aff	aff
An armchair is a	tool	-6.2407055	Ġtool	['chair', 'great', 'very', 'comfortable', 'piece']	aff	neg
An armchair is not a	tool	-6.251319	Ġtool	['chair', 'comfortable', 'good', 'very', 'luxury']	neg	neg
An armchair is not a	furniture	-5.286869	Ġfurniture	['chair', 'comfortable', 'good', 'very', 'luxury']	neg	aff
A stencil is a	tool	-4.4239826	Ġtool	['very', 'type', 'st', 'simple', 'great']	aff	aff
A stencil is a	furniture	-10.6389885	Ġfurniture	['very', 'type', 'st', 'simple', 'great']	aff	neg
A stencil is not a	furniture	-10.695941	Ġfurniture	['good', 'st', 'very', 'new', 'problem']	neg	neg
A stencil is not a	tool	-5.1758995	Ġtool	['good', 'st', 'very', 'new', 'problem']	neg	aff
An earphone is an	electronics	-7.235424	Ġelectronics	['ear', 'audio', 'electronic', 'instrument', 'accessory']	aff	aff
An earphone is a	tool	-5.854416	Ġtool	['device', 'type', 'small', 'microphone', 'portable']	aff	neg
An earphone is not a	tool	-5.335306	Ġtool	['necessity', 'good', 'device', 'very', 'sound']	neg	neg
An earphone is not an	electronics	-8.157996	Ġelectronics	['ear', 'accessory', 'audio', 'option', 'essential']	neg	aff
A skateboard is a	sport	-5.690239	Ġsport	['great', 'very', 'skate', 'fun', 'good']	aff	aff
A skateboard is a	game	-6.220598	Ġgame	['great', 'very', 'skate', 'fun', 'good']	aff	neg
A skateboard is not a	game	-5.1490707	Ġgame	['skate', 'good', 'new', 'real', 'toy']	neg	neg
A skateboard is not a	sport	-4.4852505	Ġsport	['skate', 'good', 'new', 'real', 'toy']	neg	aff
A brick is a	material	-6.307742	Ġmaterial	['brick', 'symbol', 'very', 'good', 'building']	aff	aff
A brick is a	flower	-6.8320675	Ġflower	['brick', 'symbol', 'very', 'good', 'building']	aff	neg
A brick is not a	flower	-5.254072	Ġflower	['brick', 'stone', 'building', 'good', 'house']	neg	neg
A brick is not a	material	-5.9899063	Ġmaterial	['brick', 'stone', 'building', 'good', 'house']	neg	aff
A windmill is a	machine	-4.549204	Ġmachine	['type', 'wind', 'large', 'very', 'device']	aff	aff
A windmill is a	mammal	-8.568141	Ġmamm	['type', 'wind', 'large', 'very', 'device']	aff	neg
A windmill is not a	mammal	-8.76683	Ġmamm	['wind', 'good', 'new', 'very', 'machine']	neg	neg
A windmill is not a	machine	-4.4163017	Ġmachine	['wind', 'good', 'new', 'very', 'machine']	neg	aff
A tree is a	plant	-6.6126776	Ġplant	['tree', 'good', 'very', 'set', 'graph']	aff	aff
A tree is a	mineral	-10.47506	Ġmineral	['tree', 'good', 'very', 'set', 'graph']	aff	neg
A tree is not a	mineral	-9.574164	Ġmineral	['tree', 'forest', 'good', 'graph', 'single']	neg	neg
A tree is not a	plant	-6.0228806	Ġplant	['tree', 'forest', 'good', 'graph', 'single']	neg	aff
A rock is a	stone	-5.065357	Ġstone	['very', 'good', 'great', 'rock', 'symbol']	aff	aff
A rock is a	tree	-6.252451	Ġtree	['very', 'good', 'great', 'rock', 'symbol']	aff	neg
A rock is not a	tree	-5.075491	Ġtree	['rock', 'stone', 'good', 'thing', 'Ċ']	neg	neg
A rock is not a	stone	-3.7216816	Ġstone	['rock', 'stone', 'good', 'thing', 'Ċ']	neg	aff
A mole is a	mammal	-7.4377213	Ġmamm	['mole', 'very', 'small', 'person', 'little']	aff	aff
A mole is a	fish	-7.9680996	Ġfish	['mole', 'very', 'small', 'person', 'little']	aff	neg
A mole is not a	fish	-7.73028	Ġfish	['mole', 'm', 'person', 'man', 'human']	neg	neg
A mole is not a	mammal	-7.825142	ĠM	['mole', 'm', 'person', 'man', 'human']	neg	aff
A movie is a	media	-8.323458	Ġmedia	['movie', 'great', 'good', 'film', 'lot']	aff	aff
A movie is a	food	-9.394534	Ġfood	['movie', 'great', 'good', 'film', 'lot']	aff	neg
A movie is not a	food	-8.203602	Ġfood	['movie', 'good', 'film', 'bad', 'game']	neg	neg
A movie is not a	media	-8.042304	Ġmedia	['movie', 'good', 'film', 'bad', 'game']	neg	aff
A paperback is a	book	-3.2884407	Ġbook	['great', 'good', 'book', 'very', 'paper']	aff	aff
A paperback is a	movie	-8.672036	Ġmovie	['great', 'good', 'book', 'very', 'paper']	aff	neg
A paperback is not a	movie	-7.2151136	Ġmovie	['good', 'book', 'new', 'paper', 'very']	neg	neg
A paperback is not a	book	-2.771349	Ġbook	['good', 'book', 'new', 'paper', 'very']	neg	aff
A tower is a	structure	-4.2576237	Ġstructure	['building', 'tower', 'very', 'great', 'structure']	aff	aff
A tower is a	cave	-9.418093	Ġcave	['building', 'tower', 'very', 'great', 'structure']	aff	neg
A tower is not a	cave	-8.45789	Ġcave	['tower', 'building', 'good', 'Ċ', 'castle']	neg	neg
A tower is not a	structure	-4.891453	Ġstructure	['tower', 'building', 'good', 'Ċ', 'castle']	neg	aff
An asylum is an	institution	-6.3484936	Ġinstitution	['opportunity', 'act', 'individual', 'application', 'attempt']	aff	aff
An asylum is a	game	-9.591302	Ġgame	['legal', 'right', 'matter', 'form', 'process']	aff	neg
An asylum is not a	game	-6.6358547	Ġgame	['matter', 'right', 'legal', 'crime', 'condition']	neg	neg
An asylum is not an	institution	-6.109482	Ġinstitution	['issue', 'option', 'entitlement', 'act', 'excuse']	neg	aff
A rice is a	grain	-4.335989	Ġgrain	['very', 'staple', 'type', 'good', 'grain']	aff	aff
A rice is a	fish	-8.811851	Ġfish	['very', 'staple', 'type', 'good', 'grain']	aff	neg
A rice is not a	fish	-7.471918	Ġfish	['good', 'staple', 'rice', 'food', 'very']	neg	neg
A rice is not a	grain	-4.387211	Ġgrain	['good', 'staple', 'rice', 'food', 'very']	neg	aff
A soup is a	food	-4.7314625	Ġfood	['soup', 'great', 'very', 'good', 'dish']	aff	aff
A soup is a	plant	-7.696848	Ġplant	['soup', 'great', 'very', 'good', 'dish']	aff	neg
A soup is not a	plant	-7.144026	Ġplant	['soup', 'meal', 'dish', 'good', 'substitute']	neg	neg
A soup is not a	food	-4.229576	Ġfood	['soup', 'meal', 'dish', 'good', 'substitute']	neg	aff
A ship is a	vehicle	-5.628128	Ġvehicle	['ship', 'vessel', 'very', 'great', 'good']	aff	aff
A ship is a	toy	-7.555704	Ġtoy	['ship', 'vessel', 'very', 'great', 'good']	aff	neg
A ship is not a	toy	-5.9199123	Ġtoy	"['ship', 'vessel', 'Ċ', 'man', ""'""]"	neg	neg
A ship is not a	vehicle	-5.242752	Ġvehicle	"['ship', 'vessel', 'Ċ', 'man', ""'""]"	neg	aff
A blueberry is a	fruit	-4.4384575	Ġfruit	['good', 'great', 'very', 'delicious', 'sweet']	aff	aff
A blueberry is a	flower	-7.66714	Ġflower	['good', 'great', 'very', 'delicious', 'sweet']	aff	neg
A blueberry is not a	flower	-6.978297	Ġflower	['good', 'blue', 'fruit', 'bad', 'substitute']	neg	neg
A blueberry is not a	fruit	-3.6122189	Ġfruit	['good', 'blue', 'fruit', 'bad', 'substitute']	neg	aff
A shirt is a	clothing	-6.769787	Ġclothing	['good', 'symbol', 'great', 'very', 'sign']	aff	aff
A shirt is a	food	-9.477738	Ġfood	['good', 'symbol', 'great', 'very', 'sign']	aff	neg
A shirt is not a	food	-8.4570675	Ġfood	['shirt', 'good', 'dress', 'garment', 'sign']	neg	neg
A shirt is not a	clothing	-5.6863956	Ġclothing	['shirt', 'good', 'dress', 'garment', 'sign']	neg	aff
A dandelion is a	flower	-4.9443645	Ġflower	['very', 'plant', 'good', 'perennial', 'member']	aff	aff
A dandelion is a	tree	-6.064665	Ġtree	['very', 'plant', 'good', 'perennial', 'member']	aff	neg
A dandelion is not a	tree	-5.7382603	Ġtree	['good', 'plant', 'weed', 'd', 'flower']	neg	neg
A dandelion is not a	flower	-3.895565	Ġflower	['good', 'plant', 'weed', 'd', 'flower']	neg	aff
A perfume is a	liquid	-6.734091	Ġliquid	['perfume', 'very', 'fragrance', 'powerful', 'good']	aff	aff
A perfume is a	solid	-8.058497	Ġsolid	['perfume', 'very', 'fragrance', 'powerful', 'good']	aff	neg
A perfume is not a	solid	-7.739874	Ġsolid	['perfume', 'good', 'fragrance', 'substitute', 'scent']	neg	neg
A perfume is not a	liquid	-6.9740543	Ġliquid	['perfume', 'good', 'fragrance', 'substitute', 'scent']	neg	aff
A cabbage is a	vegetable	-2.854313	Ġvegetable	['vegetable', 'very', 'good', 'great', 'plant']	aff	aff
A cabbage is a	furniture	-13.492638	Ġfurniture	['vegetable', 'very', 'good', 'great', 'plant']	aff	neg
A cabbage is not a	furniture	-12.662244	Ġfurniture	['vegetable', 'good', 'cabbage', 'food', 'very']	neg	neg
A cabbage is not a	vegetable	-1.6578751	Ġvegetable	['vegetable', 'good', 'cabbage', 'food', 'very']	neg	aff
A pasta is a	dish	-3.486124	Ġdish	['pasta', 'very', 'dish', 'great', 'good']	aff	aff
A pasta is a	building	-9.28185	Ġbuilding	['pasta', 'very', 'dish', 'great', 'good']	aff	neg
A pasta is not a	building	-8.665755	Ġbuilding	['good', 'substitute', 'dish', 'food', 'pasta']	neg	neg
A pasta is not a	dish	-3.7547874	Ġdish	['good', 'substitute', 'dish', 'food', 'pasta']	neg	aff
A brownie is a	dessert	-4.7499714	Ġdessert	['good', 'very', 'great', 'little', 'bit']	aff	aff
A brownie is a	fruit	-6.0504484	Ġfruit	['good', 'very', 'great', 'little', 'bit']	aff	neg
A brownie is not a	fruit	-5.923252	Ġfruit	['brown', 'good', 'bad', 'real', 'cake']	neg	neg
A brownie is not a	dessert	-4.5349827	Ġdessert	['brown', 'good', 'bad', 'real', 'cake']	neg	aff
A lounge is a	room	-5.6719055	Ġroom	['great', 'place', 'must', 'good', 'perfect']	aff	aff
A lounge is a	machine	-10.198818	Ġmachine	['great', 'place', 'must', 'good', 'perfect']	aff	neg
A lounge is not a	machine	-9.433382	Ġmachine	['place', 'good', 'luxury', 'bad', 'necessity']	neg	neg
A lounge is not a	room	-5.752239	Ġroom	['place', 'good', 'luxury', 'bad', 'necessity']	neg	aff
A beach is a	coastline	-9.789175	Ġcoast	['great', 'good', 'place', 'beautiful', 'perfect']	aff	aff
A beach is a	forest	-9.376777	Ġforest	['great', 'good', 'place', 'beautiful', 'perfect']	aff	neg
A beach is not a	forest	-8.725532	Ġforest	['beach', 'place', 'good', 'safe', 'perfect']	neg	neg
A beach is not a	coastline	-8.945396	Ġcoast	['beach', 'place', 'good', 'safe', 'perfect']	neg	aff
A chicken is a	food	-6.2140484	Ġfood	['very', 'good', 'great', 'bird', 'chicken']	aff	aff
A chicken is a	fruit	-7.317931	Ġfruit	['very', 'good', 'great', 'bird', 'chicken']	aff	neg
A chicken is not a	fruit	-6.565608	Ġfruit	"['good', 'chicken', 'bird', '""', 'vegetarian']"	neg	neg
A chicken is not a	food	-5.1980553	Ġfood	"['good', 'chicken', 'bird', '""', 'vegetarian']"	neg	aff
A koala is an	animal	-3.191042	Ġanimal	['endangered', 'Australian', 'African', 'animal', 'elephant']	aff	aff
A koala is a	mineral	-11.945145	Ġmineral	['small', 'species', 'large', 'very', 'male']	aff	neg
A koala is not a	mineral	-11.044547	Ġmineral	['species', 'ko', 'real', 'wild', 'baby']	neg	neg
A koala is not an	animal	-2.0374546	Ġanimal	['endangered', 'animal', 'elephant', 'adult', 'amphib']	neg	aff
An ostrich is a	bird	-2.4882355	Ġbird	['bird', 'small', 'large', 'species', 'very']	aff	aff
An ostrich is a	mammal	-6.2733994	Ġmamm	['bird', 'small', 'large', 'species', 'very']	aff	neg
An ostrich is not a	mammal	-5.7390156	Ġmamm	['bird', 'real', 'very', 'good', 'species']	neg	neg
An ostrich is not a	bird	-2.12632	Ġbird	['bird', 'real', 'very', 'good', 'species']	neg	aff
A salad is a	food	-5.3763523	Ġfood	['great', 'good', 'very', 'salad', 'perfect']	aff	aff
A salad is a	drink	-7.760332	Ġdrink	['great', 'good', 'very', 'salad', 'perfect']	aff	neg
A salad is not a	drink	-7.233639	Ġdrink	['salad', 'good', 'meal', 'vegetable', 'healthy']	neg	neg
A salad is not a	food	-4.35746	Ġfood	['salad', 'good', 'meal', 'vegetable', 'healthy']	neg	aff
A pineapple is a	fruit	-3.42338	Ġfruit	['good', 'great', 'very', 'fruit', 'delicious']	aff	aff
A pineapple is a	vegetable	-5.0567455	Ġvegetable	['good', 'great', 'very', 'fruit', 'delicious']	aff	neg
A pineapple is not a	vegetable	-2.9447422	Ġvegetable	['fruit', 'good', 'vegetable', 'food', 'very']	neg	neg
A pineapple is not a	fruit	-2.337366	Ġfruit	['fruit', 'good', 'vegetable', 'food', 'very']	neg	aff
An eagle is a	bird	-1.7638035	Ġbird	['bird', 'very', 'symbol', 'great', 'creature']	aff	aff
An eagle is a	plant	-7.7645464	Ġplant	['bird', 'very', 'symbol', 'great', 'creature']	aff	neg
An eagle is not a	plant	-7.079751	Ġplant	['bird', 'man', 'good', 'bad', 'Ċ']	neg	neg
An eagle is not a	bird	-2.2614346	Ġbird	['bird', 'man', 'good', 'bad', 'Ċ']	neg	aff
A bicycle is a	transport	-5.7777576	Ġtransport	['very', 'great', 'good', 'vehicle', 'common']	aff	aff
A bicycle is a	gemstone	-10.094407	Ġgem	['very', 'great', 'good', 'vehicle', 'common']	aff	neg
A bicycle is not a	gemstone	-10.560656	Ġgem	['good', 'vehicle', 'motor', 'bicycle', 'very']	neg	neg
A bicycle is not a	transport	-6.192951	Ġtransport	['good', 'vehicle', 'motor', 'bicycle', 'very']	neg	aff
An iodine is an	element	-2.5089111	Ġelement	['essential', 'important', 'element', 'iodine', 'example']	aff	aff
An iodine is a	mineral	-3.865036	Ġmineral	['very', 'color', 'chemical', 'radioactive', 'mineral']	aff	neg
An iodine is not a	mineral	-4.9983807	Ġmineral	['good', 'necessary', 'very', 'problem', 'part']	neg	neg
An iodine is not an	element	-3.7284489	Ġelement	['essential', 'iodine', 'effective', 'ideal', 'element']	neg	aff
A carbon is an	element	-2.6088314	Ġelement	['essential', 'important', 'element', 'electron', 'atom']	aff	aff
A carbon is a	device	-9.819826	Ġdevice	['very', 'carbon', 'molecule', 'form', 'good']	aff	neg
A carbon is not a	device	-9.297535	Ġdevice	"['good', 'carbon', 'part', '""', 'necessary']"	neg	neg
A carbon is not an	element	-2.5686855	Ġelement	['essential', 'element', 'electron', 'atom', 'ideal']	neg	aff
A salt is a	mineral	-5.011181	Ġmineral	['very', 'salt', 'mixture', 'liquid', 'chemical']	aff	aff
A salt is a	toy	-10.919321	Ġtoy	['very', 'salt', 'mixture', 'liquid', 'chemical']	aff	neg
A salt is not a	toy	-8.793123	Ġtoy	['good', 'salt', 'very', 'substitute', 'necessary']	neg	neg
A salt is not a	mineral	-6.08632	Ġmineral	['good', 'salt', 'very', 'substitute', 'necessary']	neg	aff
A methane is a	gas	-2.978773	Ġgas	['gas', 'by', 'greenhouse', 'very', 'mixture']	aff	aff
A methane is a	liquid	-4.452688	Ġliquid	['gas', 'by', 'greenhouse', 'very', 'mixture']	aff	neg
A methane is not a	liquid	-5.2082615	Ġliquid	"['good', 'gas', 'greenhouse', 'natural', '""']"	neg	neg
A methane is not a	gas	-2.9787884	Ġgas	"['good', 'gas', 'greenhouse', 'natural', '""']"	neg	aff
A ladder is a	tool	-5.73254	Ġtool	['ladder', 'very', 'simple', 'type', 'way']	aff	aff
A ladder is a	toy	-8.129118	Ġtoy	['ladder', 'very', 'simple', 'type', 'way']	aff	neg
A ladder is not a	toy	-6.5082445	Ġtoy	['ladder', 'good', 'very', 'valid', 'simple']	neg	neg
A ladder is not a	tool	-6.0495453	Ġtool	['ladder', 'good', 'very', 'valid', 'simple']	neg	aff
A cup is a	container	-6.125305	Ġcontainer	['great', 'cup', 'good', 'very', 'little']	aff	aff
A cup is a	tool	-6.6324577	Ġtool	['great', 'cup', 'good', 'very', 'little']	aff	neg
A cup is not a	tool	-6.1835365	Ġtool	['cup', 'good', 'substitute', 'bad', 'very']	neg	neg
A cup is not a	container	-6.4213076	Ġcontainer	['cup', 'good', 'substitute', 'bad', 'very']	neg	aff
A puppy is a	dog	-3.5434341	Ġdog	['good', 'great', 'very', 'dog', 'beautiful']	aff	aff
A puppy is a	cat	-6.230053	Ġcat	['good', 'great', 'very', 'dog', 'beautiful']	aff	neg
A puppy is not a	cat	-4.81872	Ġcat	['dog', 'puppy', 'child', 'good', 'baby']	neg	neg
A puppy is not a	dog	-2.52211	Ġdog	['dog', 'puppy', 'child', 'good', 'baby']	neg	aff
A stone is a	rock	-5.3888397	Ġrock	['symbol', 'stone', 'very', 'great', 'good']	aff	aff
A stone is a	place	-5.5080624	Ġplace	['symbol', 'stone', 'very', 'great', 'good']	aff	neg
A stone is not a	place	-6.3059626	Ġplace	['stone', 'rock', 'thing', 'building', 'Ċ']	neg	neg
A stone is not a	rock	-3.5430927	Ġrock	['stone', 'rock', 'thing', 'building', 'Ċ']	neg	aff
A clay is a	material	-4.987154	Ġmaterial	['very', 'mixture', 'good', 'natural', 'great']	aff	aff
A clay is a	person	-7.784835	Ġperson	['very', 'mixture', 'good', 'natural', 'great']	aff	neg
A clay is not a	person	-7.716447	Ġperson	"['good', 'solid', 'very', 'hard', '""']"	neg	neg
A clay is not a	material	-4.4059143	Ġmaterial	"['good', 'solid', 'very', 'hard', '""']"	neg	aff
A dragon is a	creature	-4.032034	Ġcreature	['very', 'dragon', 'great', 'creature', 'powerful']	aff	aff
A dragon is a	plant	-7.8374214	Ġplant	['very', 'dragon', 'great', 'creature', 'powerful']	aff	neg
A dragon is not a	plant	-7.177887	Ġplant	['dragon', 'man', 'good', 'beast', 'monster']	neg	neg
A dragon is not a	creature	-4.2701874	Ġcreature	['dragon', 'man', 'good', 'beast', 'monster']	neg	aff
A beetle is an	insect	-1.7030563	Ġinsect	['insect', 'important', 'omn', 'animal', 'invasive']	aff	aff
A beetle is a	plant	-5.178134	Ġplant	['species', 'member', 'very', 'small', 'beet']	aff	neg
A beetle is not a	plant	-5.1132984	Ġplant	['beet', 'member', 'very', 'predator', 'species']	neg	neg
A beetle is not an	insect	-1.7877979	Ġinsect	['insect', 'animal', 'alien', 'enemy', 'important']	neg	aff
A wheel is a	tool	-4.912821	Ġtool	['wheel', 'very', 'great', 'good', 'vehicle']	aff	aff
A wheel is a	place	-6.4663515	Ġplace	['wheel', 'very', 'great', 'good', 'vehicle']	aff	neg
A wheel is not a	place	-6.4427586	Ġplace	['wheel', 'good', 'part', 'machine', 'toy']	neg	neg
A wheel is not a	tool	-5.5902195	Ġtool	['wheel', 'good', 'part', 'machine', 'toy']	neg	aff
A daisy is a	plant	-4.599182	Ġplant	['very', 'small', 'beautiful', 'common', 'good']	aff	aff
A daisy is an	animal	-4.6641273	Ġanimal	['excellent', 'important', 'interesting', 'ancient', 'easy']	aff	neg
A daisy is not an	animal	-2.6844883	Ġanimal	['animal', 'easy', 'actual', 'insect', 'option']	neg	neg
A daisy is not a	plant	-4.1692715	Ġplant	['good', 'flower', 'very', 'plant', 'real']	neg	aff
A holiday is a	break	-7.185363	Ġbreak	['great', 'time', 'good', 'wonderful', 'very']	aff	aff
A holiday is a	work	-7.9925394	Ġwork	['great', 'time', 'good', 'wonderful', 'very']	aff	neg
A holiday is not a	work	-7.0031147	Ġwork	['holiday', 'good', 'vacation', 'bad', 'time']	neg	neg
A holiday is not a	break	-7.3407717	Ġbreak	['holiday', 'good', 'vacation', 'bad', 'time']	neg	aff
An insect is an	arthropod	-4.6329803	Ġarth	['insect', 'animal', 'organism', 'important', 'example']	aff	aff
An insect is a	mammal	-5.4224453	Ġmamm	['member', 'creature', 'type', 'very', 'small']	aff	neg
An insect is not a	mammal	-6.3177996	Ġmamm	['human', 'man', 'machine', 'person', 'good']	neg	neg
An insect is not an	arthropod	-6.8662815	Ġarth	['insect', 'animal', 'enemy', 'object', 'organism']	neg	aff
A lily is a	flora	-9.550255	ĠFl	['very', 'beautiful', 'plant', 'member', 'small']	aff	aff
A lily is a	tool	-8.595849	Ġtool	['very', 'beautiful', 'plant', 'member', 'small']	aff	neg
A lily is not a	tool	-7.602232	Ġtool	['flower', 'plant', 'l', 'Ċ', 'vegetable']	neg	neg
A lily is not a	flora	-9.444351	ĠFl	['flower', 'plant', 'l', 'Ċ', 'vegetable']	neg	aff
A cardinal is a	bird	-7.5186443	Ġbird	['person', 'cardinal', 'man', 'card', 'very']	aff	aff
A cardinal is a	tree	-6.8028727	Ġtree	['person', 'cardinal', 'man', 'card', 'very']	aff	neg
A cardinal is not a	tree	-6.5930147	Ġtree	['cardinal', 'card', 'man', 'person', 'mere']	neg	neg
A cardinal is not a	bird	-6.951293	Ġbird	['cardinal', 'card', 'man', 'person', 'mere']	neg	aff
A swan is a	bird	-3.6443768	Ġbird	['very', 'bird', 'symbol', 'beautiful', 'type']	aff	aff
A swan is a	plant	-7.2154694	Ġplant	['very', 'bird', 'symbol', 'beautiful', 'type']	aff	neg
A swan is not a	plant	-6.6344814	Ġplant	['bird', 'sw', 'real', 'good', 'Ċ']	neg	neg
A swan is not a	bird	-3.2654457	Ġbird	['bird', 'sw', 'real', 'good', 'Ċ']	neg	aff
A calliper is a	tool	-3.6345406	Ġtool	['very', 'great', 'tool', 'device', 'good']	aff	aff
A calliper is a	weapon	-6.828574	Ġweapon	['very', 'great', 'tool', 'device', 'good']	aff	neg
A calliper is not a	weapon	-5.0855656	Ġweapon	['good', 'replacement', 'standard', 'very', 'tool']	neg	neg
A calliper is not a	tool	-4.23353	Ġtool	['good', 'replacement', 'standard', 'very', 'tool']	neg	aff
A cathedral is a	church	-3.7459888	Ġchurch	['place', 'cathedral', 'building', 'very', 'church']	aff	aff
A cathedral is a	house	-5.683544	Ġhouse	['place', 'cathedral', 'building', 'very', 'church']	aff	neg
A cathedral is not a	house	-5.264982	Ġhouse	['cathedral', 'place', 'church', 'building', 'temple']	neg	neg
A cathedral is not a	church	-3.1427517	Ġchurch	['cathedral', 'place', 'church', 'building', 'temple']	neg	aff
A pear is a	fruit	-3.4586754	Ġfruit	['pear', 'very', 'fruit', 'good', 'great']	aff	aff
A pear is a	vegetable	-6.4231863	Ġvegetable	['pear', 'very', 'fruit', 'good', 'great']	aff	neg
A pear is not a	vegetable	-5.262203	Ġvegetable	['pear', 'fruit', 'pe', 'good', 'tree']	neg	neg
A pear is not a	fruit	-2.8060741	Ġfruit	['pear', 'fruit', 'pe', 'good', 'tree']	neg	aff
A watermelon is a	fruit	-3.319952	Ġfruit	['good', 'very', 'fruit', 'great', 'delicious']	aff	aff
A watermelon is a	vegetable	-4.378105	Ġvegetable	['good', 'very', 'fruit', 'great', 'delicious']	aff	neg
A watermelon is not a	vegetable	-2.96237	Ġvegetable	['fruit', 'good', 'vegetable', 'waterm', 'very']	neg	neg
A watermelon is not a	fruit	-2.6471615	Ġfruit	['fruit', 'good', 'vegetable', 'waterm', 'very']	neg	aff
A tugboat is a	vessel	-3.1829395	Ġvessel	['vessel', 'small', 'type', 'boat', 'very']	aff	aff
A tugboat is a	toy	-8.179848	Ġtoy	['vessel', 'small', 'type', 'boat', 'very']	aff	neg
A tugboat is not a	toy	-5.912018	Ġtoy	['vessel', 'ship', 'good', 'boat', 'very']	neg	neg
A tugboat is not a	vessel	-2.9337082	Ġvessel	['vessel', 'ship', 'good', 'boat', 'very']	neg	aff
A poet is a	writer	-3.1905575	Ġwriter	['poet', 'man', 'person', 'writer', 'great']	aff	aff
A poet is a	tool	-6.964551	Ġtool	['poet', 'man', 'person', 'writer', 'great']	aff	neg
A poet is not a	tool	-7.297497	Ġtool	['man', 'poet', 'writer', 'person', 'philosopher']	neg	neg
A poet is not a	writer	-3.1265583	Ġwriter	['man', 'poet', 'writer', 'person', 'philosopher']	neg	aff
An athlete is a	sportsman	-5.6333942	Ġsports	['person', 'man', 'professional', 'human', 'great']	aff	aff
An athlete is a	poet	-7.4974775	Ġpoet	['person', 'man', 'professional', 'human', 'great']	aff	neg
An athlete is not a	poet	-6.594038	Ġpoet	['person', 'professional', 'man', 'good', 'player']	neg	neg
An athlete is not a	sportsman	-5.3825397	Ġsports	['person', 'professional', 'man', 'good', 'player']	neg	aff
A musician is a	professional	-3.445816	Ġprofessional	['musician', 'person', 'professional', 'great', 'very']	aff	aff
A musician is an	athlete	-5.926306	Ġathlete	['artist', 'individual', 'instrument', 'art', 'expert']	aff	neg
A musician is not an	athlete	-4.4929657	Ġathlete	['artist', 'actor', 'expert', 'instrument', 'individual']	neg	neg
A musician is not a	professional	-3.310608	Ġprofessional	['musician', 'professional', 'person', 'good', 'bad']	neg	aff
A cook is a	chef	-4.3708	Ġchef	['good', 'very', 'great', 'cook', 'person']	aff	aff
A cook is a	waiter	-7.527425	Ġwaiter	['good', 'very', 'great', 'cook', 'person']	aff	neg
A cook is not a	waiter	-6.5108576	Ġwaiter	['cook', 'good', 'chef', 'professional', 'person']	neg	neg
A cook is not a	chef	-3.9803944	Ġchef	['cook', 'good', 'chef', 'professional', 'person']	neg	aff
A shirt is a	garment	-4.594227	Ġgarment	['good', 'symbol', 'great', 'very', 'sign']	aff	aff
A shirt is a	house	-8.06465	Ġhouse	['good', 'symbol', 'great', 'very', 'sign']	aff	neg
A shirt is not a	house	-7.4039936	Ġhouse	['shirt', 'good', 'dress', 'garment', 'sign']	neg	neg
A shirt is not a	garment	-3.8493328	Ġgarment	['shirt', 'good', 'dress', 'garment', 'sign']	neg	aff
A doorknob is a	furnishing	-13.223604	Ġfurn	['very', 'great', 'device', 'common', 'key']	aff	aff
A doorknob is a	computer	-8.417469	Ġcomputer	['very', 'great', 'device', 'common', 'key']	aff	neg
A doorknob is not a	computer	-8.126043	Ġcomputer	"['do', 'good', '""', 'door', 'part']"	neg	neg
A doorknob is not a	furnishing	-12.622226	Ġfurn	"['do', 'good', '""', 'door', 'part']"	neg	aff
A spoon is an	utensil	-7.9386826	Ġut	['excellent', 'important', 'instrument', 'essential', 'effective']	aff	aff
A spoon is a	toy	-7.1232195	Ġtoy	['very', 'great', 'good', 'spoon', 'tool']	aff	neg
A spoon is not a	toy	-5.676977	Ġtoy	['spoon', 'tool', 'very', 'good', 'weapon']	neg	neg
A spoon is not an	utensil	-7.4417715	Ġut	['instrument', 'adequate', 'easy', 'effective', 'ideal']	neg	aff
A movie is a	film	-3.5825596	Ġfilm	['movie', 'great', 'good', 'film', 'lot']	aff	aff
A movie is a	place	-5.8214912	Ġplace	['movie', 'great', 'good', 'film', 'lot']	aff	neg
A movie is not a	place	-5.989933	Ġplace	['movie', 'good', 'film', 'bad', 'game']	neg	neg
A movie is not a	film	-3.3451385	Ġfilm	['movie', 'good', 'film', 'bad', 'game']	neg	aff
A mansion is a	building	-5.1440353	Ġbuilding	['place', 'palace', 'mansion', 'beautiful', 'great']	aff	aff
A mansion is an	apartment	-4.662628	Ġapartment	['ideal', 'excellent', 'important', 'expensive', 'old']	aff	neg
A mansion is not an	apartment	-4.003687	Ġapartment	['option', 'ideal', 'island', 'empty', 'easy']	neg	neg
A mansion is not a	building	-4.3596954	Ġbuilding	['mansion', 'palace', 'house', 'place', 'home']	neg	aff
A monument is a	structure	-6.2213345	Ġstructure	['symbol', 'monument', 'great', 'place', 'powerful']	aff	aff
A monument is a	toy	-10.666081	Ġtoy	['symbol', 'monument', 'great', 'place', 'powerful']	aff	neg
A monument is not a	toy	-6.7879143	Ġtoy	['monument', 'symbol', 'place', 'memorial', 'building']	neg	neg
A monument is not a	structure	-6.2181616	Ġstructure	['monument', 'symbol', 'place', 'memorial', 'building']	neg	aff
A candle is a	light	-4.887636	Ġlight	['symbol', 'good', 'very', 'great', 'candle']	aff	aff
A candle is a	sound	-7.5967712	Ġsound	['symbol', 'good', 'very', 'great', 'candle']	aff	neg
A candle is not a	sound	-7.00126	Ġsound	['good', 'candle', 'symbol', 'flame', 'light']	neg	neg
A candle is not a	light	-4.2574253	Ġlight	['good', 'candle', 'symbol', 'flame', 'light']	neg	aff
A poodle is a	dog	-3.7792492	Ġdog	['very', 'great', 'dog', 'good', 'little']	aff	aff
A poodle is a	bird	-6.99817	Ġbird	['very', 'great', 'dog', 'good', 'little']	aff	neg
A poodle is not a	bird	-5.8937674	Ġbird	['dog', 'p', 'puppy', 'pet', 'good']	neg	neg
A poodle is not a	dog	-2.3209476	Ġdog	['dog', 'p', 'puppy', 'pet', 'good']	neg	aff
A baby is a	human	-5.981697	Ġhuman	['beautiful', 'gift', 'baby', 'blessing', 'good']	aff	aff
A baby is a	cat	-7.498025	Ġcat	['beautiful', 'gift', 'baby', 'blessing', 'good']	aff	neg
A baby is not a	cat	-6.608843	Ġcat	['baby', 'child', 'gift', 'good', 'sign']	neg	neg
A baby is not a	human	-4.975765	Ġhuman	['baby', 'child', 'gift', 'good', 'sign']	neg	aff
A snowflake is a	flake	-6.5268164	Ġfl	['very', 'small', 'snow', 'type', 'good']	aff	aff
A snowflake is a	cloud	-7.016986	Ġcloud	['very', 'small', 'snow', 'type', 'good']	aff	neg
A snowflake is not a	cloud	-6.5906343	Ġcloud	['snow', 'good', 'real', 'person', 'bad']	neg	neg
A snowflake is not a	flake	-5.318331	Ġfl	['snow', 'good', 'real', 'person', 'bad']	neg	aff
A violin is an	instrument	-1.0055771	Ġinstrument	['instrument', 'excellent', 'important', 'extremely', 'example']	aff	aff
A violin is a	toy	-6.7981577	Ġtoy	['very', 'great', 'beautiful', 'good', 'musical']	aff	neg
A violin is not a	toy	-4.2897816	Ġtoy	['violin', 'musical', 'good', 'very', 'toy']	neg	neg
A violin is not an	instrument	-0.68577385	Ġinstrument	['instrument', 'easy', 'object', 'expensive', 'ordinary']	neg	aff
A spade is a	tool	-4.080063	Ġtool	['sp', 'very', 'good', 'great', 'tool']	aff	aff
A spade is a	food	-9.092655	Ġfood	['sp', 'very', 'good', 'great', 'tool']	aff	neg
A spade is not a	food	-8.305781	Ġfood	['sp', 'good', 'tool', 'shovel', 'weapon']	neg	neg
A spade is not a	tool	-3.9020538	Ġtool	['sp', 'good', 'tool', 'shovel', 'weapon']	neg	aff
An onion is a	vegetable	-3.0212936	Ġvegetable	['vegetable', 'very', 'good', 'great', 'kind']	aff	aff
An onion is a	fruit	-4.950062	Ġfruit	['vegetable', 'very', 'good', 'great', 'kind']	aff	neg
An onion is not a	fruit	-4.659586	Ġfruit	['vegetable', 'good', 'very', 'great', 'bad']	neg	neg
An onion is not a	vegetable	-2.006441	Ġvegetable	['vegetable', 'good', 'very', 'great', 'bad']	neg	aff
A mailman is a	worker	-6.325737	Ġworker	['very', 'man', 'good', 'great', 'person']	aff	aff
A mailman is a	police	-7.226574	Ġpolice	['very', 'man', 'good', 'great', 'person']	aff	neg
A mailman is not a	police	-6.1493616	Ġpolice	['person', 'man', 'mail', 'real', 'good']	neg	neg
A mailman is not a	worker	-6.708538	Ġworker	['person', 'man', 'mail', 'real', 'good']	neg	aff
A policeman is a	worker	-7.6812897	Ġworker	['man', 'good', 'very', 'soldier', 'person']	aff	aff
A policeman is a	material	-10.099626	Ġmaterial	['man', 'good', 'very', 'soldier', 'person']	aff	neg
A policeman is not a	material	-8.859682	Ġmaterial	['person', 'good', 'policeman', 'man', 'criminal']	neg	neg
A policeman is not a	worker	-8.24626	Ġworker	['person', 'good', 'policeman', 'man', 'criminal']	neg	aff
A sand is a	material	-6.165533	Ġmaterial	['very', 'sand', 'great', 'good', 'lot']	aff	aff
A sand is a	house	-8.057502	Ġhouse	['very', 'sand', 'great', 'good', 'lot']	aff	neg
A sand is not a	house	-6.894655	Ġhouse	"['sand', 'good', 'very', 'solid', '""']"	neg	neg
A sand is not a	material	-5.285801	Ġmaterial	"['sand', 'good', 'very', 'solid', '""']"	neg	aff
A grapefruit is a	fruit	-3.2563	Ġfruit	['good', 'great', 'very', 'fruit', 'sweet']	aff	aff
A grapefruit is a	color	-7.3960505	Ġcolor	['good', 'great', 'very', 'fruit', 'sweet']	aff	neg
A grapefruit is not a	color	-6.7659006	Ġcolor	['good', 'fruit', 'grape', 'substitute', 'bad']	neg	neg
A grapefruit is not a	fruit	-2.622631	Ġfruit	['good', 'fruit', 'grape', 'substitute', 'bad']	neg	aff
A couch is a	furniture	-7.6866655	Ġfurniture	['great', 'good', 'very', 'perfect', 'wonderful']	aff	aff
A couch is a	building	-7.849022	Ġbuilding	['great', 'good', 'very', 'perfect', 'wonderful']	aff	neg
A couch is not a	building	-7.2848225	Ġbuilding	['good', 'couch', 'comfortable', 'place', 'bed']	neg	neg
A couch is not a	furniture	-6.7983446	Ġfurniture	['good', 'couch', 'comfortable', 'place', 'bed']	neg	aff
A lawyer is a	professional	-3.0227184	Ġprofessional	['lawyer', 'professional', 'person', 'man', 'good']	aff	aff
A lawyer is a	judge	-5.0934677	Ġjudge	['lawyer', 'professional', 'person', 'man', 'good']	aff	neg
A lawyer is not a	judge	-3.347847	Ġjudge	['lawyer', 'professional', 'judge', 'criminal', 'person']	neg	neg
A lawyer is not a	professional	-3.2795486	Ġprofessional	['lawyer', 'professional', 'judge', 'criminal', 'person']	neg	aff
A brinjal is a	vegetable	-5.7695303	Ġvegetable	['type', 'traditional', 'very', 'popular', 'spicy']	aff	aff
A brinjal is a	fruit	-5.408121	Ġfruit	['type', 'traditional', 'very', 'popular', 'spicy']	aff	neg
A brinjal is not a	fruit	-5.1064625	Ġfruit	['traditional', 'br', 'good', 'very', 'common']	neg	neg
A brinjal is not a	vegetable	-4.706644	Ġvegetable	['traditional', 'br', 'good', 'very', 'common']	neg	aff
A moon is a	satellite	-7.832449	Ġsatellite	['good', 'very', 'beautiful', 'great', 'Ċ']	aff	aff
A moon is a	star	-5.083847	Ġstar	['good', 'very', 'beautiful', 'great', 'Ċ']	aff	neg
A moon is not a	star	-4.418373	Ġstar	['moon', 'Ċ', 'good', 'star', 'planet']	neg	neg
A moon is not a	satellite	-7.127537	Ġsatellite	['moon', 'Ċ', 'good', 'star', 'planet']	neg	aff
A dresser is a	furniture	-6.2995567	Ġfurniture	['great', 'very', 'good', 'piece', 'place']	aff	aff
A dresser is a	house	-7.1450806	Ġhouse	['great', 'very', 'good', 'piece', 'place']	aff	neg
A dresser is not a	house	-5.792959	Ġhouse	['good', 'place', 'dress', 'piece', 'very']	neg	neg
A dresser is not a	furniture	-6.3235254	Ġfurniture	['good', 'place', 'dress', 'piece', 'very']	neg	aff
A canoe is a	boat	-3.6787472	Ġboat	['good', 'great', 'very', 'boat', 'canoe']	aff	aff
A canoe is a	yacht	-8.751395	Ġyacht	['good', 'great', 'very', 'boat', 'canoe']	aff	neg
A canoe is not a	yacht	-6.9825096	Ġyacht	['good', 'very', 'boat', 'bad', 'vessel']	neg	neg
A canoe is not a	boat	-3.82683	Ġboat	['good', 'very', 'boat', 'bad', 'vessel']	neg	aff
A park is a	facility	-7.583702	Ġfacility	['great', 'good', 'place', 'very', 'wonderful']	aff	aff
A park is a	paperwork	-16.175587	Ġpaperwork	['great', 'good', 'place', 'very', 'wonderful']	aff	neg
A park is not a	paperwork	-15.384417	Ġpaperwork	['park', 'place', 'good', 'bad', 'âĢľ']	neg	neg
A park is not a	facility	-6.983364	Ġfacility	['park', 'place', 'good', 'bad', 'âĢľ']	neg	aff
A farm is a	land	-5.4350853	Ġland	['place', 'great', 'good', 'very', 'beautiful']	aff	aff
A farm is a	color	-10.461956	Ġcolor	['place', 'great', 'good', 'very', 'beautiful']	aff	neg
A farm is not a	color	-10.570199	Ġcolor	['place', 'farm', 'good', 'home', 'country']	neg	neg
A farm is not a	land	-5.2850094	Ġland	['place', 'farm', 'good', 'home', 'country']	neg	aff
A disc is an	electronics	-9.499083	Ġelectronics	['object', 'optical', 'example', 'extremely', 'important']	aff	aff
A disc is a	material	-6.462322	Ġmaterial	['disc', 'disk', 'very', 'type', 'small']	aff	neg
A disc is not a	material	-6.9302177	Ġmaterial	"['disc', 'disk', 'good', 'âĢľ', '""']"	neg	neg
A disc is not an	electronics	-9.473576	Ġelectronics	['object', 'ideal', 'easy', 'accident', 'ordinary']	neg	aff
A window is a	structure	-6.86961	Ġstructure	['window', 'good', 'place', 'great', 'very']	aff	aff
A window is a	place	-3.9987488	Ġplace	['window', 'good', 'place', 'great', 'very']	aff	neg
A window is not a	place	-4.0628395	Ġplace	"['window', 'good', 'place', '""', 'barrier']"	neg	neg
A window is not a	structure	-8.119656	Ġstructure	"['window', 'good', 'place', '""', 'barrier']"	neg	aff
A pumpkin is a	vegetable	-5.2769146	Ġvegetable	['good', 'great', 'very', 'wonderful', 'delicious']	aff	aff
A pumpkin is a	fruit	-4.990282	Ġfruit	['good', 'great', 'very', 'wonderful', 'delicious']	aff	neg
A pumpkin is not a	fruit	-3.8992481	Ġfruit	['pumpkin', 'good', 'vegetable', 'fruit', 'bad']	neg	neg
A pumpkin is not a	vegetable	-3.378313	Ġvegetable	['pumpkin', 'good', 'vegetable', 'fruit', 'bad']	neg	aff
A bowl is an	utensil	-8.307379	Ġut	['excellent', 'ideal', 'important', 'open', 'object']	aff	aff
A bowl is a	toy	-8.111209	Ġtoy	['bowl', 'great', 'very', 'good', 'beautiful']	aff	neg
A bowl is not a	toy	-6.1961555	Ġtoy	['bowl', 'cup', 'good', 'vessel', 'place']	neg	neg
A bowl is not an	utensil	-7.7401934	Ġut	['option', 'easy', 'ideal', 'object', 'appropriate']	neg	aff
A fox is a	mammal	-6.873103	Ġmamm	['very', 'good', 'great', 'beast', 'friend']	aff	aff
A fox is a	fish	-7.517316	Ġfish	['very', 'good', 'great', 'beast', 'friend']	aff	neg
A fox is not a	fish	-6.2556973	Ġfish	['dog', 'good', 'fox', 'man', 'bad']	neg	neg
A fox is not a	mammal	-7.193946	Ġmamm	['dog', 'good', 'fox', 'man', 'bad']	neg	aff
A spider is an	arthropod	-6.025299	Ġarth	['insect', 'animal', 'important', 'example', 'excellent']	aff	aff
A spider is a	plant	-6.132165	Ġplant	['very', 'creature', 'spider', 'type', 'small']	aff	neg
A spider is not a	plant	-5.591675	Ġplant	['spider', 'human', 'person', 'real', 'man']	neg	neg
A spider is not an	arthropod	-6.913328	Ġarth	['insect', 'animal', 'enemy', 'ordinary', 'object']	neg	aff
A mountain is a	place	-2.7251492	Ġplace	['place', 'great', 'mountain', 'good', 'sacred']	aff	aff
A mountain is a	thing	-6.04381	Ġthing	['place', 'great', 'mountain', 'good', 'sacred']	aff	neg
A mountain is not a	thing	-5.1581345	Ġthing	['mountain', 'place', 'hill', 'Ċ', 'mere']	neg	neg
A mountain is not a	place	-3.1380596	Ġplace	['mountain', 'place', 'hill', 'Ċ', 'mere']	neg	aff
A magazine is a	publication	-3.696041	Ġpublication	['great', 'magazine', 'good', 'very', 'publication']	aff	aff
A magazine is a	drink	-11.384325	Ġdrink	['great', 'magazine', 'good', 'very', 'publication']	aff	neg
A magazine is not a	drink	-9.909509	Ġdrink	['magazine', 'good', 'place', 'book', 'journal']	neg	neg
A magazine is not a	publication	-4.5126915	Ġpublication	['magazine', 'good', 'place', 'book', 'journal']	neg	aff
A desk is a	furnishing	-12.490394	Ġfurn	['great', 'good', 'place', 'very', 'nice']	aff	aff
A desk is a	noun	-10.062021	ĠN	['great', 'good', 'place', 'very', 'nice']	aff	neg
A desk is not a	noun	-10.492998	ĠN	['place', 'good', 'bad', 'luxury', 'great']	neg	neg
A desk is not a	furnishing	-12.241584	Ġfurn	['place', 'good', 'bad', 'luxury', 'great']	neg	aff
A lamp is a	decoration	-8.005339	Ġdecoration	['very', 'device', 'light', 'type', 'lamp']	aff	aff
A lamp is a	toy	-7.534219	Ġtoy	['very', 'device', 'light', 'type', 'lamp']	aff	neg
A lamp is not a	toy	-5.078253	Ġtoy	['good', 'lamp', 'light', 'substitute', 'very']	neg	neg
A lamp is not a	decoration	-6.7568474	Ġdecoration	['good', 'lamp', 'light', 'substitute', 'very']	neg	aff
A pen is a	stationary	-9.802199	Ġstationary	['very', 'great', 'good', 'pen', 'little']	aff	aff
A pen is a	food	-8.779258	Ġfood	['very', 'great', 'good', 'pen', 'little']	aff	neg
A pen is not a	food	-7.5797424	Ġfood	['pen', 'good', 'very', 'tool', 'weapon']	neg	neg
A pen is not a	stationary	-9.743077	Ġstationary	['pen', 'good', 'very', 'tool', 'weapon']	neg	aff
An eraser is a	stationary	-8.012895	Ġstationary	['tool', 'very', 'type', 'special', 'small']	aff	aff
An eraser is a	food	-9.399214	Ġfood	['tool', 'very', 'type', 'special', 'small']	aff	neg
An eraser is not a	food	-8.204347	Ġfood	['tool', 'good', 'substitute', 'very', 'new']	neg	neg
An eraser is not a	stationary	-8.223609	Ġstationary	['tool', 'good', 'substitute', 'very', 'new']	neg	aff
A library is a	building	-6.9293222	Ġbuilding	['great', 'collection', 'good', 'library', 'very']	aff	aff
A library is a	drink	-10.594476	ĠDr	['great', 'collection', 'good', 'library', 'very']	aff	neg
A library is not a	drink	-10.027907	Ġdrink	"['library', 'good', '""', 'complete', 'public']"	neg	neg
A library is not a	building	-6.602395	Ġbuilding	"['library', 'good', '""', 'complete', 'public']"	neg	aff
A website is a	webpage	-6.903981	ĠWeb	['great', 'powerful', 'good', 'place', 'wonderful']	aff	aff
A website is a	computer	-6.756591	Ġcomputer	['great', 'powerful', 'good', 'place', 'wonderful']	aff	neg
A website is not a	computer	-9.184866	Ġcomputer	['substitute', 'replacement', 'legal', 'guarantee', 'forum']	neg	neg
A website is not a	webpage	-8.857079	ĠWeb	['substitute', 'replacement', 'legal', 'guarantee', 'forum']	neg	aff
A king is a	ruler	-4.586193	Ġruler	['king', 'man', 'great', 'prince', 'very']	aff	aff
A king is a	servant	-6.4421673	Ġservant	['king', 'man', 'great', 'prince', 'very']	aff	neg
A king is not a	servant	-6.037876	Ġservant	['king', 'man', 'prince', 'mere', 'Ċ']	neg	neg
A king is not a	ruler	-4.474964	Ġruler	['king', 'man', 'prince', 'mere', 'Ċ']	neg	aff
A snowman is a	sculpture	-7.2527494	Ġsculpture	['very', 'character', 'creature', 'good', 'popular']	aff	aff
A snowman is a	building	-7.536991	Ġbuilding	['very', 'character', 'creature', 'good', 'popular']	aff	neg
A snowman is not a	building	-7.4315453	Ġbuilding	['real', 'monster', 'snow', 'good', 'man']	neg	neg
A snowman is not a	sculpture	-7.661565	Ġsculpture	['real', 'monster', 'snow', 'good', 'man']	neg	aff
A vacuum is a	machine	-7.121707	Ġmachine	['vacuum', 'very', 'state', 'non', 'good']	aff	aff
A vacuum is a	pet	-9.595956	Ġpet	['vacuum', 'very', 'state', 'non', 'good']	aff	neg
A vacuum is not a	pet	-9.093189	Ġpet	['vacuum', 'good', 'place', 'solution', 'true']	neg	neg
A vacuum is not a	machine	-7.181677	Ġmachine	['vacuum', 'good', 'place', 'solution', 'true']	neg	aff
A robot is a	machine	-2.895094	Ġmachine	['robot', 'machine', 'very', 'great', 'human']	aff	aff
A robot is a	pet	-7.3317585	Ġpet	['robot', 'machine', 'very', 'great', 'human']	aff	neg
A robot is not a	pet	-7.02392	Ġpet	['robot', 'machine', 'human', 'good', 'man']	neg	neg
A robot is not a	machine	-2.8449287	Ġmachine	['robot', 'machine', 'human', 'good', 'man']	neg	aff
A seagull is a	bird	-2.7376957	Ġbird	['bird', 'species', 'very', 'small', 'common']	aff	aff
A seagull is a	mammal	-6.9212303	Ġmamm	['bird', 'species', 'very', 'small', 'common']	aff	neg
A seagull is not a	mammal	-6.850916	Ġmamm	['bird', 'se', 'real', 'species', 'good']	neg	neg
A seagull is not a	bird	-2.02112	Ġbird	['bird', 'se', 'real', 'species', 'good']	neg	aff
A dress is a	garment	-4.89048	Ġgarment	['symbol', 'dress', 'very', 'great', 'good']	aff	aff
A dress is a	device	-7.754425	Ġdevice	['symbol', 'dress', 'very', 'great', 'good']	aff	neg
A dress is not a	device	-7.9589214	Ġdevice	['dress', 'costume', 'fashion', 'garment', 'good']	neg	neg
A dress is not a	garment	-4.2329025	Ġgarment	['dress', 'costume', 'fashion', 'garment', 'good']	neg	aff
A swamp is a	habitat	-6.733474	Ġhabitat	['place', 'swamp', 'very', 'great', 'good']	aff	aff
A swamp is a	tree	-7.6454573	Ġtree	['place', 'swamp', 'very', 'great', 'good']	aff	neg
A swamp is not a	tree	-6.599004	Ġtree	['swamp', 'place', 'good', 'land', 'bad']	neg	neg
A swamp is not a	habitat	-6.071501	Ġhabitat	['swamp', 'place', 'good', 'land', 'bad']	neg	aff
A continent is a	landmass	-3.9532318	Ġland	['continent', 'place', 'great', 'land', 'world']	aff	aff
A continent is a	liquid	-9.109395	Ġliquid	['continent', 'place', 'great', 'land', 'world']	aff	neg
A continent is not a	liquid	-9.283202	Ġliquid	['continent', 'place', 'country', 'land', 'single']	neg	neg
A continent is not a	landmass	-3.9973106	Ġland	['continent', 'place', 'country', 'land', 'single']	neg	aff
An icecream is a	dessert	-2.9681778	Ġdessert	['type', 'dessert', 'frozen', 'creamy', 'sweet']	aff	aff
An icecream is a	plant	-8.933993	Ġplant	['type', 'dessert', 'frozen', 'creamy', 'sweet']	aff	neg
An ice cream is not a	plant	-7.4243793	Ġplant	['good', 'dessert', 'bad', 'substitute', 'food']	neg	neg
An ice cream is not a	dessert	-2.9807281	Ġdessert	['good', 'dessert', 'bad', 'substitute', 'food']	neg	aff
A cake is a	dish	-5.852947	Ġdish	['cake', 'good', 'great', 'very', 'beautiful']	aff	aff
A cake is a	tree	-7.7943687	Ġtree	['cake', 'good', 'great', 'very', 'beautiful']	aff	neg
A cake is not a	tree	-6.8816175	Ġtree	['cake', 'good', 'dessert', 'real', 'meal']	neg	neg
A cake is not a	dish	-6.2370167	Ġdish	['cake', 'good', 'dessert', 'real', 'meal']	neg	aff
A cookie is a	dessert	-9.685291	ĠD	['cookie', 'small', 'type', 'piece', 'form']	aff	aff
A cookie is a	toy	-9.417912	Ġtoy	['cookie', 'small', 'type', 'piece', 'form']	aff	neg
A cookie is not a	toy	-7.383834	Ġtoy	['cookie', 'valid', 'form', 'security', 'good']	neg	neg
A cookie is not a	dessert	-8.509511	ĠD	['cookie', 'valid', 'form', 'security', 'good']	neg	aff
A bird is an	organism	-5.806772	Ġorganism	['animal', 'insect', 'example', 'important', 'excellent']	aff	aff
A bird is a	toy	-7.7964735	Ġtoy	['bird', 'symbol', 'very', 'great', 'good']	aff	neg
A bird is not a	toy	-6.261587	Ġtoy	['bird', 'human', 'man', 'person', 'beast']	neg	neg
A bird is not an	organism	-5.895756	Ġorganism	['animal', 'insect', 'object', 'island', 'enemy']	neg	aff
A mammal is a	vertebrate	-5.9505453	Ġvertebrate	['mamm', 'creature', 'species', 'member', 'female']	aff	aff
A mammal is a	place	-8.9024315	Ġplace	['mamm', 'creature', 'species', 'member', 'female']	aff	neg
A mammal is not a	place	-9.131274	Ġplace	['human', 'mamm', 'man', 'member', 'person']	neg	neg
A mammal is not a	vertebrate	-5.4710426	Ġvertebrate	['human', 'mamm', 'man', 'member', 'person']	neg	aff
A relative is a	family	-6.3702326	Ġfamily	['relative', 'measure', 'function', 'good', 'very']	aff	aff
A relative is a	furniture	-11.510036	Ġfurniture	['relative', 'measure', 'function', 'good', 'very']	aff	neg
A relative is not a	furniture	-11.529815	Ġfurniture	['good', 'relative', 'valid', 'function', 'factor']	neg	neg
A relative is not a	family	-7.3483534	Ġfamily	['good', 'relative', 'valid', 'function', 'factor']	neg	aff
A vehicle is a	transportation	-7.6827297	Ġtransportation	['vehicle', 'good', 'very', 'great', 'car']	aff	aff
A vehicle is a	bird	-9.613582	Ġbird	['vehicle', 'good', 'very', 'great', 'car']	aff	neg
A vehicle is not a	bird	-8.114921	Ġbird	"['vehicle', '""', 'valid', ""'"", 'âĢľ']"	neg	neg
A vehicle is not a	transportation	-7.743168	Ġtransportation	"['vehicle', '""', 'valid', ""'"", 'âĢľ']"	neg	aff
A vegetable is a	snack	-7.7328987	Ġsnack	['good', 'vegetable', 'great', 'very', 'plant']	aff	aff
A vegetable is an	insect	-6.7633133	Ġinsect	['excellent', 'important', 'essential', 'ideal', 'example']	aff	neg
A vegetable is not an	insect	-5.778597	Ġinsect	['essential', 'animal', 'herb', 'ideal', 'option']	neg	neg
A vegetable is not a	snack	-7.628314	Ġsnack	['vegetable', 'food', 'good', 'substitute', 'plant']	neg	aff
A shoe is an	apparel	-6.329262	Ġapp	['object', 'important', 'excellent', 'item', 'example']	aff	aff
A shoe is a	bottle	-9.558046	Ġbottle	['shoe', 'very', 'great', 'good', 'pair']	aff	neg
A shoe is not a	bottle	-9.075991	Ġbottle	['shoe', 'good', 'foot', 'toy', 'pair']	neg	neg
A shoe is not an	apparel	-5.9803944	Ġapp	['object', 'ordinary', 'instrument', 'item', 'option']	neg	aff
A sock is an	apparel	-5.9416237	Ġapp	['object', 'excellent', 'important', 'example', 'open']	aff	aff
A sock is a	shoe	-6.452862	Ġshoe	['very', 'sock', 'good', 'great', 'type']	aff	neg
A sock is not a	shoe	-5.4828167	Ġshoe	"['sock', 'good', 'valid', '""', 'real']"	neg	neg
A sock is not an	apparel	-6.069706	Ġapp	['option', 'object', 'acceptable', 'item', 'appropriate']	neg	aff
A sheep is a	mammal	-7.210099	Ġmamm	['very', 'good', 'sheep', 'great', 'symbol']	aff	aff
A sheep is a	plant	-7.4486303	Ġplant	['very', 'good', 'sheep', 'great', 'symbol']	aff	neg
A sheep is not a	plant	-6.8827143	Ġplant	['sheep', 'good', 'dog', 'beast', 'horse']	neg	neg
A sheep is not a	mammal	-7.4347553	Ġmamm	['sheep', 'good', 'dog', 'beast', 'horse']	neg	aff
A python is a	reptile	-10.454287	ĠRe	['very', 'good', 'great', 'language', 'bit']	aff	aff
A python is a	place	-7.7949924	Ġplace	['very', 'good', 'great', 'language', 'bit']	aff	neg
A python is not a	place	-8.059181	Ġplace	['good', 'language', 'python', 'very', 'programming']	neg	neg
A python is not a	reptile	-9.80319	ĠRe	['good', 'language', 'python', 'very', 'programming']	neg	aff
A river is an	ecosystem	-5.734146	Ġecosystem	['important', 'excellent', 'ideal', 'ancient', 'example']	aff	aff
A river is a	landmass	-7.0925426	Ġland	['river', 'great', 'natural', 'major', 'good']	aff	neg
A river is not a	landmass	-6.2079964	Ġland	['river', 'place', 'good', 'stream', 'natural']	neg	neg
A river is not an	ecosystem	-6.5427856	Ġecosystem	['island', 'ideal', 'easy', 'obstacle', 'option']	neg	aff
An ocean is an	ecosystem	-6.055624	Ġecosystem	['ocean', 'endless', 'infinite', 'island', 'open']	aff	aff
An ocean is a	desert	-6.6551676	Ġdesert	['place', 'great', 'good', 'beautiful', 'big']	aff	neg
An ocean is not a	desert	-5.0496635	Ġdesert	['place', 'sea', 'river', 'good', 'safe']	neg	neg
An ocean is not an	ecosystem	-7.552288	Ġecosystem	['ocean', 'island', 'enemy', 'equal', 'endless']	neg	aff
A poet is an	artist	-1.46941	Ġartist	['artist', 'individual', 'author', 'art', 'active']	aff	aff
A poet is a	food	-9.975293	Ġfood	['poet', 'man', 'person', 'writer', 'great']	aff	neg
A poet is not a	food	-9.340275	Ġfood	['man', 'poet', 'writer', 'person', 'philosopher']	neg	neg
A poet is not an	artist	-2.3284626	Ġartist	['artist', 'author', 'ordinary', 'actor', 'individual']	neg	aff
A painter is an	artist	-0.4693985	Ġartist	['artist', 'art', 'individual', 'expert', 'excellent']	aff	aff
A painter is a	furniture	-10.570967	Ġfurniture	['painter', 'person', 'professional', 'man', 'very']	aff	neg
A painter is not a	furniture	-8.757793	Ġfurniture	['painter', 'professional', 'poet', 'person', 'man']	neg	neg
A painter is not an	artist	-1.0429592	Ġartist	['artist', 'expert', 'art', 'actor', 'ordinary']	neg	aff
A musician is an	artist	-0.82946587	Ġartist	['artist', 'individual', 'instrument', 'art', 'expert']	aff	aff
A musician is a	toy	-10.180976	Ġtoy	['musician', 'person', 'professional', 'great', 'very']	aff	neg
A musician is not a	toy	-7.8874245	Ġtoy	['musician', 'professional', 'person', 'good', 'bad']	neg	neg
A musician is not an	artist	-1.7501755	Ġartist	['artist', 'actor', 'expert', 'instrument', 'individual']	neg	aff
A stapler is a	stationary	-7.2826366	Ġstationary	['type', 'device', 'staple', 'sta', 'very']	aff	aff
A stapler is a	pet	-11.056808	Ġpet	['type', 'device', 'staple', 'sta', 'very']	aff	neg
A stapler is not a	pet	-9.779236	Ġpet	['good', 'new', 'substitute', 'staple', 'very']	neg	neg
A stapler is not a	stationary	-8.100222	Ġstationary	['good', 'new', 'substitute', 'staple', 'very']	neg	aff
A remote is a	device	-4.824932	Ġdevice	['remote', 'good', 'very', 'great', 'Ċ']	aff	aff
A remote is a	pet	-8.442774	Ġpet	['remote', 'good', 'very', 'great', 'Ċ']	aff	neg
A remote is not a	pet	-8.774065	Ġpet	['remote', 'good', 'local', 'valid', 'problem']	neg	neg
A remote is not a	device	-6.4961567	Ġdevice	['remote', 'good', 'local', 'valid', 'problem']	neg	aff
A watch is an	accessory	-5.9390335	Ġaccessory	['important', 'excellent', 'essential', 'object', 'instrument']	aff	aff
A watch is a	clothing	-10.304751	Ġclothing	['watch', 'very', 'good', 'great', 'time']	aff	neg
A watch is not a	clothing	-9.038452	Ġclothing	['watch', 'good', 'time', 'piece', 'clock']	neg	neg
A watch is not an	accessory	-5.1467457	Ġaccessory	['object', 'instrument', 'exact', 'absolute', 'option']	neg	aff
A mineral is a	substance	-3.8247871	Ġsubstance	['mineral', 'very', 'complex', 'product', 'substance']	aff	aff
A mineral is a	creature	-8.873426	Ġcreature	['mineral', 'very', 'complex', 'product', 'substance']	aff	neg
A mineral is not a	creature	-7.6645813	Ġcreature	['mineral', 'solid', 'substance', 'rock', 'material']	neg	neg
A mineral is not a	substance	-3.896309	Ġsubstance	['mineral', 'solid', 'substance', 'rock', 'material']	neg	aff
A backpack is a	bag	-5.7971	Ġbag	['great', 'good', 'very', 'must', 'necessity']	aff	aff
A backpack is a	shoe	-9.318788	Ġshoe	['great', 'good', 'very', 'must', 'necessity']	aff	neg
A backpack is not a	shoe	-7.872446	Ġshoe	['good', 'backpack', 'necessity', 'bad', 'luxury']	neg	neg
A backpack is not a	bag	-4.6058292	Ġbag	['good', 'backpack', 'necessity', 'bad', 'luxury']	neg	aff
A well is a	structure	-7.8187494	Ġstructure	['good', 'well', 'great', 'very', 'place']	aff	aff
A well is a	place	-4.035385	Ġplace	['good', 'well', 'great', 'very', 'place']	aff	neg
A well is not a	place	-4.1732597	Ġplace	['good', 'well', 'place', 'bad', 'great']	neg	neg
A well is not a	structure	-7.828738	Ġstructure	['good', 'well', 'place', 'bad', 'great']	neg	aff
A saw is an	instrument	-4.8552	Ġinstrument	['excellent', 'old', 'example', 'amazing', 'important']	aff	aff
A saw is a	place	-6.44302	Ġplace	['very', 'good', 'great', 'little', 'bit']	aff	neg
A saw is not a	place	-5.967145	Ġplace	"['good', '""', 'new', 'âĢľ', 'tool']"	neg	neg
A saw is not an	instrument	-3.7440453	Ġinstrument	['option', 'instrument', 'ideal', 'accurate', 'easy']	neg	aff
A dove is a	bird	-4.7382755	Ġbird	['very', 'place', 'small', 'great', 'word']	aff	aff
A dove is a	reptile	-9.719277	Ġrept	['very', 'place', 'small', 'great', 'word']	aff	neg
A dove is not a	reptile	-8.816001	Ġrept	['bird', 'place', 'thing', 'tree', 'dove']	neg	neg
A dove is not a	bird	-3.393074	Ġbird	['bird', 'place', 'thing', 'tree', 'dove']	neg	aff
A snail is a	mollusk	-6.221735	Ġmoll	['very', 'small', 'species', 'type', 'creature']	aff	aff
A snail is a	reptile	-5.264679	Ġrept	['very', 'small', 'species', 'type', 'creature']	aff	neg
A snail is not a	reptile	-5.143738	Ġrept	['sn', 'very', 'member', 'human', 'species']	neg	neg
A snail is not a	mollusk	-6.5891085	Ġmoll	['sn', 'very', 'member', 'human', 'species']	neg	aff
A jellyfish is an	animal	-3.203247	Ġanimal	['aquatic', 'animal', 'ancient', 'extremely', 'interesting']	aff	aff
A jellyfish is a	plant	-6.408642	Ġplant	['creature', 'very', 'type', 'jelly', 'common']	aff	neg
A jellyfish is not a	plant	-5.472513	Ġplant	['real', 'jelly', 'fish', 'good', 'creature']	neg	neg
A jellyfish is not an	animal	-2.4161568	Ġanimal	['animal', 'alien', 'insect', 'actual', 'easy']	neg	aff
A pipe is a	tool	-5.8130007	Ġtool	['pipe', 'very', 'type', 'common', 'good']	aff	aff
A pipe is a	drink	-10.025384	Ġdrink	['pipe', 'very', 'type', 'common', 'good']	aff	neg
A pipe is not a	drink	-8.690678	Ġdrink	"['pipe', 'good', 'part', '""', 'valid']"	neg	neg
A pipe is not a	tool	-6.0018377	Ġtool	"['pipe', 'good', 'part', '""', 'valid']"	neg	aff
A hammer is an	instrument	-2.6745338	Ġinstrument	['instrument', 'effective', 'important', 'excellent', 'essential']	aff	aff
A hammer is a	dessert	-9.705124	ĠD	['very', 'hammer', 'tool', 'great', 'good']	aff	neg
A hammer is not a	dessert	-9.947046	Ġdessert	['weapon', 'tool', 'good', 'hammer', 'gun']	neg	neg
A hammer is not an	instrument	-2.4575157	Ġinstrument	['instrument', 'effective', 'easy', 'option', 'appropriate']	neg	aff
A cake is a	food	-6.0351562	Ġfood	['cake', 'good', 'great', 'very', 'beautiful']	aff	aff
A cake is a	stew	-9.099671	Ġstew	['cake', 'good', 'great', 'very', 'beautiful']	aff	neg
A cake is not a	stew	-9.018367	Ġstew	['cake', 'good', 'dessert', 'real', 'meal']	neg	neg
A cake is not a	food	-5.4976387	Ġfood	['cake', 'good', 'dessert', 'real', 'meal']	neg	aff
A pie is a	food	-5.913868	Ġfood	['pie', 'good', 'very', 'great', 'dish']	aff	aff
A pie is a	drink	-9.027122	Ġdrink	['pie', 'good', 'very', 'great', 'dish']	aff	neg
A pie is not a	drink	-8.96327	Ġdrink	['pie', 'good', 'cake', 'very', 'perfect']	neg	neg
A pie is not a	food	-5.5795116	Ġfood	['pie', 'good', 'cake', 'very', 'perfect']	neg	aff
A sandwich is a	snack	-6.0187397	Ġsnack	['sandwich', 'great', 'good', 'very', 'perfect']	aff	aff
A sandwich is a	drink	-8.981752	Ġdrink	['sandwich', 'great', 'good', 'very', 'perfect']	aff	neg
A sandwich is not a	drink	-8.951725	Ġdrink	['sandwich', 'good', 'very', 'great', 'bad']	neg	neg
A sandwich is not a	snack	-6.201809	Ġsnack	['sandwich', 'good', 'very', 'great', 'bad']	neg	aff
A burger is a	food	-5.4153976	Ġfood	['great', 'good', 'burger', 'very', 'bit']	aff	aff
A burger is a	drink	-8.386261	Ġdrink	['great', 'good', 'burger', 'very', 'bit']	aff	neg
A burger is not a	drink	-7.6663074	Ġdrink	['burger', 'good', 'bad', 'meal', 'healthy']	neg	neg
A burger is not a	food	-4.5697956	Ġfood	['burger', 'good', 'bad', 'meal', 'healthy']	neg	aff
A jade is a	gem	-5.6403694	Ġgem	['very', 'type', 'kind', 'great', 'beautiful']	aff	aff
A jade is a	place	-7.4191875	Ġplace	['very', 'type', 'kind', 'great', 'beautiful']	aff	neg
A jade is not a	place	-6.147772	Ġplace	['good', 'very', 'metal', 'stone', 'Ċ']	neg	neg
A jade is not a	gem	-5.7936077	Ġgem	['good', 'very', 'metal', 'stone', 'Ċ']	neg	aff
A cat is an	organism	-7.3892736	Ġorganism	['animal', 'excellent', 'important', 'example', 'amazing']	aff	aff
A cat is a	mammal	-6.3927536	Ġmamm	['cat', 'very', 'great', 'good', 'dog']	aff	neg
A cat is not a	mammal	-6.467702	Ġmamm	['cat', 'dog', 'good', 'man', 'human']	neg	neg
A cat is not an	organism	-7.109088	Ġorganism	['animal', 'option', 'un', 'object', 'easy']	neg	aff
An airplane is a	transport	-5.9261017	Ġtransport	['machine', 'very', 'great', 'plane', 'good']	aff	aff
An airplane is a	boat	-6.30177	Ġboat	['machine', 'very', 'great', 'plane', 'good']	aff	neg
An airplane is not a	boat	-5.594082	Ġboat	['machine', 'rocket', 'vehicle', 'good', 'plane']	neg	neg
An airplane is not a	transport	-7.2949457	Ġtransport	['machine', 'rocket', 'vehicle', 'good', 'plane']	neg	aff
A laptop is a	computer	-3.6163692	Ġcomputer	['great', 'good', 'very', 'laptop', 'computer']	aff	aff
A laptop is a	phone	-6.854801	Ġphone	['great', 'good', 'very', 'laptop', 'computer']	aff	neg
A laptop is not a	phone	-5.7658596	Ġphone	['laptop', 'good', 'computer', 'new', 'smart']	neg	neg
A laptop is not a	computer	-3.231989	Ġcomputer	['laptop', 'good', 'computer', 'new', 'smart']	neg	aff
A hill is a	landform	-6.4116173	Ġland	['place', 'good', 'great', 'hill', 'very']	aff	aff
A hill is a	flower	-7.773471	Ġflower	['place', 'good', 'great', 'hill', 'very']	aff	neg
A hill is not a	flower	-7.389928	Ġflower	['hill', 'place', 'mountain', 'good', 'Ċ']	neg	neg
A hill is not a	landform	-6.249325	Ġland	['hill', 'place', 'mountain', 'good', 'Ċ']	neg	aff
A castle is a	building	-4.9070835	Ġbuilding	['castle', 'place', 'fortress', 'great', 'very']	aff	aff
A castle is a	fish	-10.0807295	Ġfish	['castle', 'place', 'fortress', 'great', 'very']	aff	neg
A castle is not a	fish	-9.532771	Ġfish	['castle', 'fortress', 'place', 'palace', 'house']	neg	neg
A castle is not a	building	-5.187046	Ġbuilding	['castle', 'fortress', 'place', 'palace', 'house']	neg	aff
A paper is a	material	-8.428707	Ġmaterial	['paper', 'good', 'great', 'very', 'collection']	aff	aff
A paper is a	toy	-9.815113	Ġtoy	['paper', 'good', 'great', 'very', 'collection']	aff	neg
A paper is not a	toy	-7.175494	Ġtoy	"['new', 'paper', 'book', 'complete', '""']"	neg	neg
A paper is not a	material	-8.432332	Ġmaterial	"['new', 'paper', 'book', 'complete', '""']"	neg	aff
A tombstone is a	monument	-4.4951515	Ġmonument	['symbol', 'very', 'place', 'marker', 'type']	aff	aff
A tombstone is a	plaque	-6.608536	Ġplaque	['symbol', 'very', 'place', 'marker', 'type']	aff	neg
A tombstone is not a	plaque	-7.119197	Ġplaque	['tomb', 'symbol', 'place', 'good', 'monument']	neg	neg
A tombstone is not a	monument	-4.191374	Ġmonument	['tomb', 'symbol', 'place', 'good', 'monument']	neg	aff
A popsicle is a	dessert	-4.192337	Ġdessert	['very', 'popular', 'good', 'great', 'small']	aff	aff
A popsicle is a	salad	-7.9837284	Ġsalad	['very', 'popular', 'good', 'great', 'small']	aff	neg
A popsicle is not a	salad	-7.6879883	Ġsalad	['good', 'very', 'real', 'new', 'dessert']	neg	neg
A popsicle is not a	dessert	-4.3528404	Ġdessert	['good', 'very', 'real', 'new', 'dessert']	neg	aff
A monkey is a	primate	-7.8399744	Ġprim	['very', 'monkey', 'great', 'good', 'man']	aff	aff
A monkey is a	bird	-6.0050344	Ġbird	['very', 'monkey', 'great', 'good', 'man']	aff	neg
A monkey is not a	bird	-5.272957	Ġbird	['monkey', 'human', 'man', 'child', 'good']	neg	neg
A monkey is not a	primate	-7.31137	Ġprim	['monkey', 'human', 'man', 'child', 'good']	neg	aff
A bouquet is a	gift	-4.264757	Ġgift	['very', 'great', 'good', 'beautiful', 'gift']	aff	aff
A bouquet is a	plant	-6.679224	Ġplant	['very', 'great', 'good', 'beautiful', 'gift']	aff	neg
A bouquet is not a	plant	-6.4256973	Ġplant	"['bou', 'flower', 'gift', 'good', '""']"	neg	neg
A bouquet is not a	gift	-4.0735435	Ġgift	"['bou', 'flower', 'gift', 'good', '""']"	neg	aff
A doorknob is a	hardware	-8.756192	Ġhardware	['very', 'great', 'device', 'common', 'key']	aff	aff
A doorknob is a	software	-9.661512	Ġsoftware	['very', 'great', 'device', 'common', 'key']	aff	neg
A doorknob is not a	software	-11.425033	Ġsoftware	"['do', 'good', '""', 'door', 'part']"	neg	neg
A doorknob is not a	hardware	-9.661202	Ġhardware	"['do', 'good', '""', 'door', 'part']"	neg	aff
A month is a	timeframe	-4.505766	Ġtime	['long', 'lot', 'good', 'very', 'short']	aff	aff
A month is a	weight	-12.050536	Ġweight	['long', 'lot', 'good', 'very', 'short']	aff	neg
A month is not a	weight	-12.71935	Ġweight	['long', 'very', 'lot', 'whole', 'bad']	neg	neg
A month is not a	timeframe	-4.961529	Ġtime	['long', 'very', 'lot', 'whole', 'bad']	neg	aff
A day is a	timeframe	-4.31575	Ġtime	['long', 'good', 'great', 'day', 'very']	aff	aff
A day is a	weight	-11.583124	Ġweight	['long', 'good', 'great', 'day', 'very']	aff	neg
A day is not a	weight	-12.090938	Ġweight	['holiday', 'long', 'good', 'day', 'whole']	neg	neg
A day is not a	timeframe	-4.1272926	Ġtime	['holiday', 'long', 'good', 'day', 'whole']	neg	aff
An year is a	timeframe	-4.472204	Ġtime	['long', 'very', 'good', 'lot', 'lifetime']	aff	aff
An year is a	weight	-12.221795	Ġweight	['long', 'very', 'good', 'lot', 'lifetime']	aff	neg
An year is not a	weight	-12.113056	Ġweight	['long', 'very', 'lot', 'whole', 'year']	neg	neg
An year is not a	timeframe	-4.422428	Ġtime	['long', 'very', 'lot', 'whole', 'year']	neg	aff
A soprano is a	singer	-4.1619244	Ġsinger	['very', 'sop', 'singer', 'musical', 'professional']	aff	aff
A soprano is a	piano	-6.6473513	Ġpiano	['very', 'sop', 'singer', 'musical', 'professional']	aff	neg
A soprano is not a	piano	-6.669791	Ġpiano	['sop', 'singer', 'very', 'good', 'bad']	neg	neg
A soprano is not a	singer	-3.88772	Ġsinger	['sop', 'singer', 'very', 'good', 'bad']	neg	aff
A soldier is a	person	-4.0255375	Ġperson	['soldier', 'man', 'warrior', 'hero', 'person']	aff	aff
A soldier is a	gun	-6.755739	Ġgun	['soldier', 'man', 'warrior', 'hero', 'person']	aff	neg
A soldier is not a	gun	-6.1770144	Ġgun	['soldier', 'person', 'man', 'hero', 'citizen']	neg	neg
A soldier is not a	person	-3.688816	Ġperson	['soldier', 'person', 'man', 'hero', 'citizen']	neg	aff
A necktie is a	clothing	-8.512201	Ġclothing	['great', 'very', 'must', 'good', 'symbol']	aff	aff
A necktie is a	tree	-10.560586	Ġtree	['great', 'very', 'must', 'good', 'symbol']	aff	neg
A necktie is not a	tree	-10.5935135	Ġtree	['good', 'bad', 'fashion', 'must', 'very']	neg	neg
A necktie is not a	clothing	-7.2827616	Ġclothing	['good', 'bad', 'fashion', 'must', 'very']	neg	aff
A puppy is a	mammal	-8.059095	Ġmamm	['good', 'great', 'very', 'dog', 'beautiful']	aff	aff
A puppy is a	plant	-8.955717	Ġplant	['good', 'great', 'very', 'dog', 'beautiful']	aff	neg
A puppy is not a	plant	-7.7488794	Ġplant	['dog', 'puppy', 'child', 'good', 'baby']	neg	neg
A puppy is not a	mammal	-8.601536	Ġmamm	['dog', 'puppy', 'child', 'good', 'baby']	neg	aff
An oven is an	appliance	-2.721798	Ġappliance	['oven', 'appliance', 'open', 'electric', 'apparatus']	aff	aff
An oven is a	toy	-10.080722	Ġtoy	['device', 'type', 'very', 'cooking', 'small']	aff	neg
An oven is not a	toy	-6.1955605	Ġtoy	['good', 'place', 'very', 'device', 'microwave']	neg	neg
An oven is not an	appliance	-3.9524956	Ġappliance	['oven', 'ideal', 'option', 'appliance', 'appropriate']	neg	aff
A sawhorse is a	tool	-5.2439632	Ġtool	['very', 'great', 'good', 'type', 'small']	aff	aff
A sawhorse is a	vehicle	-4.8947563	Ġvehicle	['very', 'great', 'good', 'type', 'small']	aff	neg
A sawhorse is not a	vehicle	-5.015291	Ġvehicle	['good', 'horse', 'very', 'new', 'Ċ']	neg	neg
A sawhorse is not a	tool	-5.356621	Ġtool	['good', 'horse', 'very', 'new', 'Ċ']	neg	aff
A housekeeper is a	person	-4.067686	Ġperson	['good', 'very', 'woman', 'great', 'person']	aff	aff
A housekeeper is a	toy	-10.312762	Ġtoy	['good', 'very', 'woman', 'great', 'person']	aff	neg
A housekeeper is not a	toy	-8.864887	Ġtoy	['good', 'bad', 'person', 'house', 'household']	neg	neg
A housekeeper is not a	person	-3.8581753	Ġperson	['good', 'bad', 'person', 'house', 'household']	neg	aff
A carpenter is a	person	-3.1436596	Ġperson	['person', 'very', 'man', 'good', 'skilled']	aff	aff
A carpenter is a	bird	-8.034678	Ġbird	['person', 'very', 'man', 'good', 'skilled']	aff	neg
A carpenter is not a	bird	-7.36458	Ġbird	['good', 'person', 'professional', 'man', 'bad']	neg	neg
A carpenter is not a	person	-3.859377	Ġperson	['good', 'person', 'professional', 'man', 'bad']	neg	aff
A coach is a	vehicle	-8.107703	Ġvehicle	['good', 'great', 'coach', 'very', 'person']	aff	aff
A coach is a	building	-8.186938	Ġbuilding	['good', 'great', 'coach', 'very', 'person']	aff	neg
A coach is not a	building	-8.054237	Ġbuilding	['bad', 'coach', 'good', 'substitute', 'player']	neg	neg
A coach is not a	vehicle	-8.454356	Ġvehicle	['bad', 'coach', 'good', 'substitute', 'player']	neg	aff
A map is a	paper	-10.80763	Ġpaper	['map', 'function', 'set', 'collection', 'sequence']	aff	aff
A map is a	toy	-9.212234	Ġtoy	['map', 'function', 'set', 'collection', 'sequence']	aff	neg
A map is not a	toy	-8.854509	Ġtoy	['map', 'function', 'bijection', 'morphism', 'vector']	neg	neg
A map is not a	paper	-11.498194	Ġpaper	['map', 'function', 'bijection', 'morphism', 'vector']	neg	aff
A radio is a	device	-4.500471	Ġdevice	['very', 'great', 'radio', 'good', 'powerful']	aff	aff
A radio is a	flower	-9.311391	ĠF	['very', 'great', 'radio', 'good', 'powerful']	aff	neg
A radio is not a	flower	-8.929456	ĠF	['good', 'substitute', 'very', 'reliable', 'radio']	neg	neg
A radio is not a	device	-4.5669937	Ġdevice	['good', 'substitute', 'very', 'reliable', 'radio']	neg	aff
A goose is a	bird	-3.6650982	Ġbird	['goose', 'very', 'good', 'bird', 'duck']	aff	aff
A goose is a	mammal	-6.6624756	Ġmamm	['goose', 'very', 'good', 'bird', 'duck']	aff	neg
A goose is not a	mammal	-7.3856945	Ġmamm	['goose', 'duck', 'bird', 'good', 'Ċ']	neg	neg
A goose is not a	bird	-3.5831203	Ġbird	['goose', 'duck', 'bird', 'good', 'Ċ']	neg	aff
A teacher is a	guide	-6.4847765	Ġguide	['teacher', 'person', 'good', 'man', 'great']	aff	aff
A teacher is a	child	-4.8909225	Ġchild	['teacher', 'person', 'good', 'man', 'great']	aff	neg
A teacher is not a	child	-4.7282486	Ġchild	['teacher', 'person', 'professional', 'substitute', 'man']	neg	neg
A teacher is not a	guide	-7.845235	Ġguide	['teacher', 'person', 'professional', 'substitute', 'man']	neg	aff
A flashlight is a	light	-4.5286674	Ġlight	['great', 'very', 'good', 'device', 'powerful']	aff	aff
A flashlight is a	toy	-7.0019045	Ġtoy	['great', 'very', 'good', 'device', 'powerful']	aff	neg
A flashlight is not a	toy	-4.759037	Ġtoy	['good', 'substitute', 'very', 'bad', 'new']	neg	neg
A flashlight is not a	light	-4.8412724	Ġlight	['good', 'substitute', 'very', 'bad', 'new']	neg	aff
A martini is a	drink	-3.058569	Ġdrink	['cocktail', 'very', 'drink', 'mart', 'classic']	aff	aff
A martini is a	food	-8.429527	Ġfood	['cocktail', 'very', 'drink', 'mart', 'classic']	aff	neg
A martini is not a	food	-6.8838625	Ġfood	['mart', 'drink', 'good', 'bad', 'cocktail']	neg	neg
A martini is not a	drink	-2.7142944	Ġdrink	['mart', 'drink', 'good', 'bad', 'cocktail']	neg	aff
A basketball is a	sport	-2.8246422	Ġsport	['game', 'great', 'sport', 'team', 'lot']	aff	aff
A basketball is a	building	-10.155144	Ġbuilding	['game', 'great', 'sport', 'team', 'lot']	aff	neg
A basketball is not a	building	-9.801558	Ġbuilding	['sport', 'game', 'good', 'sports', 'team']	neg	neg
A basketball is not a	sport	-1.5979557	Ġsport	['sport', 'game', 'good', 'sports', 'team']	neg	aff
A snowman is an	art	-6.0880356	Ġart	['iconic', 'animated', 'evil', 'adorable', 'animal']	aff	aff
A snowman is a	snowflake	-4.728447	Ġsnow	['very', 'character', 'creature', 'good', 'popular']	aff	neg
A snowman is not a	snowflake	-3.6200867	Ġsnow	['real', 'monster', 'snow', 'good', 'man']	neg	neg
A snowman is not an	art	-6.864168	Ġart	['ordinary', 'actual', 'animal', 'evil', 'easy']	neg	aff
A petz is an	animal	-4.3484573	Ġanimal	['excellent', 'important', 'amazing', 'interesting', 'animal']	aff	aff
A petz is a	toy	-7.351675	Ġtoy	['great', 'very', 'good', 'lot', 'term']	aff	neg
A petz is not a	toy	-6.413727	Ġtoy	"['good', 'pet', '""', 'legal', 'valid']"	neg	neg
A petz is not an	animal	-3.861393	Ġanimal	"['option', 'issue', 'animal', 'appropriate', '""']"	neg	aff
A television is a	device	-4.762245	Ġdevice	['great', 'very', 'medium', 'form', 'television']	aff	aff
A television is a	furniture	-11.667663	Ġfurniture	['great', 'very', 'medium', 'form', 'television']	aff	neg
A television is not a	furniture	-11.493656	Ġfurniture	['substitute', 'good', 'television', 'new', 'medium']	neg	neg
A television is not a	device	-5.1911716	Ġdevice	['substitute', 'good', 'television', 'new', 'medium']	neg	aff
An oven is a	device	-2.7319698	Ġdevice	['device', 'type', 'very', 'cooking', 'small']	aff	aff
An oven is a	food	-5.4762707	Ġfood	['device', 'type', 'very', 'cooking', 'small']	aff	neg
An oven is not a	food	-5.5224	Ġfood	['good', 'place', 'very', 'device', 'microwave']	neg	neg
An oven is not a	device	-4.415165	Ġdevice	['good', 'place', 'very', 'device', 'microwave']	neg	aff
A rag is a	cloth	-5.8941746	Ġcloth	['rag', 'good', 'very', 'little', 'piece']	aff	aff
A rag is a	stone	-9.08274	Ġstone	['rag', 'good', 'very', 'little', 'piece']	aff	neg
A rag is not a	stone	-7.650861	Ġstone	['rag', 'good', 'piece', 'Ċ', 'thing']	neg	neg
A rag is not a	cloth	-5.1945057	Ġcloth	['rag', 'good', 'piece', 'Ċ', 'thing']	neg	aff
A sheep is an	animal	-1.8668537	Ġanimal	['animal', 'example', 'excellent', 'important', 'un']	aff	aff
A sheep is a	toy	-7.919833	Ġtoy	['very', 'good', 'sheep', 'great', 'symbol']	aff	neg
A sheep is not a	toy	-6.644022	Ġtoy	['sheep', 'good', 'dog', 'beast', 'horse']	neg	neg
A sheep is not an	animal	-1.1587257	Ġanimal	['animal', 'un', 'object', 'option', 'ordinary']	neg	aff
A geranium is a	flower	-4.995634	Ġflower	['very', 'member', 'plant', 'good', 'great']	aff	aff
A geranium is a	shrub	-5.331997	Ġshr	['very', 'member', 'plant', 'good', 'great']	aff	neg
A geranium is not a	shrub	-6.3666162	Ġshr	['plant', 'flower', 'good', 'member', 'common']	neg	neg
A geranium is not a	flower	-3.5376492	Ġflower	['plant', 'flower', 'good', 'member', 'common']	neg	aff
A ray is a	fish	-9.646742	Ġfish	['ray', 'particle', 'very', 'single', 'light']	aff	aff
A ray is a	plant	-9.034008	Ġplant	['ray', 'particle', 'very', 'single', 'light']	aff	neg
A ray is not a	plant	-8.775754	Ġplant	['ray', 'particle', 'good', 'part', 'perfect']	neg	neg
A ray is not a	fish	-8.983281	Ġfish	['ray', 'particle', 'good', 'part', 'perfect']	neg	aff
A lemon is a	fruit	-4.380314	Ġfruit	['great', 'good', 'very', 'sweet', 'wonderful']	aff	aff
A lemon is a	drink	-7.300047	Ġdrink	['great', 'good', 'very', 'sweet', 'wonderful']	aff	neg
A lemon is not a	drink	-6.74559	Ġdrink	['lemon', 'good', 'fruit', 'vegetable', 'substitute']	neg	neg
A lemon is not a	fruit	-3.5331955	Ġfruit	['lemon', 'good', 'fruit', 'vegetable', 'substitute']	neg	aff
A discussion is a	talk	-7.43954	Ġtalk	['good', 'great', 'discussion', 'very', 'conversation']	aff	aff
A discussion is a	fight	-8.774106	Ġfight	['good', 'great', 'discussion', 'very', 'conversation']	aff	neg
A discussion is not a	fight	-6.5624113	Ġfight	['debate', 'substitute', 'discussion', 'new', 'game']	neg	neg
A discussion is not a	talk	-6.7657213	Ġtalk	['debate', 'substitute', 'discussion', 'new', 'game']	neg	aff
A basketball is a	ball	-6.0158024	Ġball	['game', 'great', 'sport', 'team', 'lot']	aff	aff
A basketball is a	fruit	-9.429527	Ġfruit	['game', 'great', 'sport', 'team', 'lot']	aff	neg
A basketball is not a	fruit	-8.742862	Ġfruit	['sport', 'game', 'good', 'sports', 'team']	neg	neg
A basketball is not a	ball	-6.5511274	Ġball	['sport', 'game', 'good', 'sports', 'team']	neg	aff
A pig is an	animal	-2.2868538	Ġanimal	['animal', 'example', 'excellent', 'important', 'interesting']	aff	aff
A pig is a	person	-5.902487	Ġperson	['pig', 'very', 'good', 'great', 'beautiful']	aff	neg
A pig is not a	person	-4.556898	Ġperson	['pig', 'good', 'human', 'dog', 'man']	neg	neg
A pig is not an	animal	-1.4923592	Ġanimal	['animal', 'object', 'example', 'ideal', 'un']	neg	aff
A squirrel is a	mammalian	-8.358788	ĠM	['very', 'good', 'great', 'small', 'little']	aff	aff
A squirrel is a	bird	-5.059498	Ġbird	['very', 'good', 'great', 'small', 'little']	aff	neg
A squirrel is not a	bird	-4.234522	Ġbird	['squir', 'good', 'very', 'real', 'dog']	neg	neg
A squirrel is not a	mammalian	-8.065772	Ġmammalian	['squir', 'good', 'very', 'real', 'dog']	neg	aff
A skunk is a	mammalian	-8.975296	ĠM	['very', 'common', 'small', 'term', 'type']	aff	aff
A skunk is an	amphibian	-5.1509075	Ġamphib	['animal', 'insect', 'extremely', 'important', 'old']	aff	neg
A skunk is not an	amphibian	-6.3051834	Ġamphib	['animal', 'insect', 'enemy', 'acceptable', 'evil']	neg	neg
A skunk is not a	mammalian	-9.166006	ĠM	['sk', 'real', 'person', 'good', 'human']	neg	aff
A rabbit is a	mammalian	-8.590427	Ġmammalian	['very', 'good', 'great', 'rabbit', 'small']	aff	aff
A rabbit is a	reptile	-7.8342686	Ġrept	['very', 'good', 'great', 'rabbit', 'small']	aff	neg
A rabbit is not a	reptile	-7.4289074	Ġrept	['rabbit', 'good', 'dog', 'human', 'horse']	neg	neg
A rabbit is not a	mammalian	-8.022532	Ġmammalian	['rabbit', 'good', 'dog', 'human', 'horse']	neg	aff
A wallet is a	container	-6.677603	Ġcontainer	['wallet', 'good', 'great', 'very', 'digital']	aff	aff
A wallet is a	building	-7.5690174	Ġbuilding	['wallet', 'good', 'great', 'very', 'digital']	aff	neg
A wallet is not a	building	-7.7848244	Ġbuilding	"['wallet', 'good', 'secure', '""', 'security']"	neg	neg
A wallet is not a	container	-7.3047867	Ġcontainer	"['wallet', 'good', 'secure', '""', 'security']"	neg	aff
A harp is an	instrument	-1.7284603	Ġinstrument	['instrument', 'excellent', 'important', 'essential', 'acoustic']	aff	aff
A harp is a	toy	-7.575021	Ġtoy	['very', 'great', 'type', 'har', 'musical']	aff	neg
A harp is not a	toy	-5.4379845	Ġtoy	['har', 'good', 'very', 'musical', 'traditional']	neg	neg
A harp is not an	instrument	-1.9249287	Ġinstrument	['instrument', 'easy', 'essential', 'ideal', 'option']	neg	aff
A boy is a	human	-6.4555893	Ġhuman	['boy', 'child', 'man', 'little', 'great']	aff	aff
A boy is an	animal	-2.6724987	Ġanimal	['animal', 'old', 'orphan', 'adult', 'idiot']	aff	neg
A boy is not an	animal	-1.5496788	Ġanimal	['animal', 'adult', 'infant', 'angel', 'object']	neg	neg
A boy is not a	human	-4.9823227	Ġhuman	['child', 'boy', 'man', 'baby', 'dog']	neg	aff
A mug is a	container	-6.7347164	Ġcontainer	['very', 'great', 'good', 'mug', 'little']	aff	aff
A mug is a	bottle	-7.51688	Ġbottle	['very', 'great', 'good', 'mug', 'little']	aff	neg
A mug is not a	bottle	-7.433564	Ġbottle	['mug', 'good', 'very', 'bad', 'great']	neg	neg
A mug is not a	container	-7.1461725	Ġcontainer	['mug', 'good', 'very', 'bad', 'great']	neg	aff
A knife is a	weapon	-2.6856956	Ġweapon	['knife', 'weapon', 'very', 'tool', 'great']	aff	aff
A knife is an	electronic	-6.3211994	Ġelectronic	['instrument', 'excellent', 'effective', 'important', 'essential']	aff	neg
A knife is not an	electronic	-6.264742	Ġelectronic	['instrument', 'effective', 'automatic', 'option', 'easy']	neg	neg
A knife is not a	weapon	-2.1365185	Ġweapon	['weapon', 'knife', 'tool', 'sword', 'very']	neg	aff
A statue is an	art	-4.4398956	Ġart	['important', 'excellent', 'icon', 'object', 'ancient']	aff	aff
A statue is a	person	-7.1919107	Ġperson	['symbol', 'great', 'reminder', 'good', 'very']	aff	neg
A statue is not a	person	-6.1304054	Ġperson	['statue', 'symbol', 'monument', 'sculpture', 'good']	neg	neg
A statue is not an	art	-4.9403896	Ġart	['object', 'easy', 'ideal', 'appropriate', 'option']	neg	aff
A tangerine is a	fruit	-4.687525	Ġfruit	['very', 'great', 'good', 'beautiful', 'delicious']	aff	aff
A tangerine is a	vegetable	-6.495779	Ġvegetable	['very', 'great', 'good', 'beautiful', 'delicious']	aff	neg
A tangerine is not a	vegetable	-5.1108437	Ġvegetable	['good', 't', 'very', 'true', 'fruit']	neg	neg
A tangerine is not a	fruit	-4.2365227	Ġfruit	['good', 't', 'very', 'true', 'fruit']	neg	aff
A robber is a	criminal	-3.4037876	Ġcriminal	['robber', 'thief', 'criminal', 'man', 'person']	aff	aff
A robber is a	policeman	-7.185733	Ġpoliceman	['robber', 'thief', 'criminal', 'man', 'person']	aff	neg
A robber is not a	policeman	-6.5182076	Ġpoliceman	['robber', 'criminal', 'bad', 'person', 'good']	neg	neg
A robber is not a	criminal	-2.9346676	Ġcriminal	['robber', 'criminal', 'bad', 'person', 'good']	neg	aff
A skirt is a	clothing	-7.768359	Ġclothing	['very', 'skirt', 'great', 'long', 'good']	aff	aff
A skirt is a	food	-10.537317	Ġfood	['very', 'skirt', 'great', 'long', 'good']	aff	neg
A skirt is not a	food	-9.945368	Ġfood	['skirt', 'dress', 'garment', 'good', 'very']	neg	neg
A skirt is not a	clothing	-7.500367	Ġclothing	['skirt', 'dress', 'garment', 'good', 'very']	neg	aff
A bread is a	food	-4.9633503	Ġfood	['good', 'very', 'symbol', 'great', 'kind']	aff	aff
A bread is a	drink	-8.578789	Ġdrink	['good', 'very', 'symbol', 'great', 'kind']	aff	neg
A bread is not a	drink	-7.7404118	Ġdrink	['bread', 'good', 'cake', 'food', 'substitute']	neg	neg
A bread is not a	food	-3.9883308	Ġfood	['bread', 'good', 'cake', 'food', 'substitute']	neg	aff
A tea is a	drink	-5.1469383	Ġdrink	['great', 'very', 'good', 'wonderful', 'rich']	aff	aff
A tea is a	game	-7.411995	Ġgame	['great', 'very', 'good', 'wonderful', 'rich']	aff	neg
A tea is not a	game	-6.713916	Ġgame	['good', 'bad', 'substitute', 'tea', 'great']	neg	neg
A tea is not a	drink	-4.3022366	Ġdrink	['good', 'bad', 'substitute', 'tea', 'great']	neg	aff
A coconut is a	fruit	-4.2339	Ġfruit	['very', 'good', 'great', 'coconut', 'kind']	aff	aff
A coconut is a	berry	-6.574645	Ġb	['very', 'good', 'great', 'coconut', 'kind']	aff	neg
A coconut is not a	berry	-6.29331	Ġb	['coconut', 'good', 'fruit', 'vegetable', 'tree']	neg	neg
A coconut is not a	fruit	-3.9800606	Ġfruit	['coconut', 'good', 'fruit', 'vegetable', 'tree']	neg	aff
A salad is a	snack	-6.795969	Ġsnack	['great', 'good', 'very', 'salad', 'perfect']	aff	aff
A salad is a	weapon	-9.052737	Ġweapon	['great', 'good', 'very', 'salad', 'perfect']	aff	neg
A salad is not a	weapon	-7.8968115	Ġweapon	['salad', 'good', 'meal', 'vegetable', 'healthy']	neg	neg
A salad is not a	snack	-6.570895	Ġsnack	['salad', 'good', 'meal', 'vegetable', 'healthy']	neg	aff
A noodles is a	food	-5.161743	Ġfood	['very', 'great', 'good', 'popular', 'common']	aff	aff
A noodles is a	drink	-8.077426	Ġdrink	['very', 'great', 'good', 'popular', 'common']	aff	neg
A noodles is not a	drink	-7.8155518	Ġdrink	['good', 'very', 'bad', 'new', 'traditional']	neg	neg
A noodles is not a	food	-4.3784256	Ġfood	['good', 'very', 'bad', 'new', 'traditional']	neg	aff
A triangle is a	shape	-5.2855167	Ġshape	['triangle', 'set', '3', 'non', 'square']	aff	aff
A triangle is a	square	-4.3323555	Ġsquare	['triangle', 'set', '3', 'non', 'square']	aff	neg
A triangle is not a	square	-3.8749237	Ġsquare	['triangle', 'valid', 'square', 'circle', 'perfect']	neg	neg
A triangle is not a	shape	-5.806078	Ġshape	['triangle', 'valid', 'square', 'circle', 'perfect']	neg	aff
A telephone is a	device	-3.675356	Ġdevice	['very', 'great', 'telephone', 'device', 'good']	aff	aff
A telephone is a	tool	-4.87739	Ġtool	['very', 'great', 'telephone', 'device', 'good']	aff	neg
A telephone is not a	tool	-5.19602	Ġtool	['telephone', 'substitute', 'good', 'phone', 'device']	neg	neg
A telephone is not a	device	-4.056843	Ġdevice	['telephone', 'substitute', 'good', 'phone', 'device']	neg	aff
A piano is a	device	-6.3593063	Ġdevice	['very', 'great', 'wonderful', 'good', 'beautiful']	aff	aff
A piano is a	toy	-7.2442865	Ġtoy	['very', 'great', 'wonderful', 'good', 'beautiful']	aff	neg
A piano is not a	toy	-4.7075443	Ġtoy	"['piano', 'good', 'very', 'musical', '""']"	neg	neg
A piano is not a	device	-6.2872305	Ġdevice	"['piano', 'good', 'very', 'musical', '""']"	neg	aff
A hurricane is a	storm	-5.1638737	Ġstorm	['natural', 'major', 'serious', 'very', 'powerful']	aff	aff
A hurricane is a	breeze	-8.693721	ĠB	['natural', 'major', 'serious', 'very', 'powerful']	aff	neg
A hurricane is not a	breeze	-8.665637	ĠB	['natural', 'good', 'threat', 'hurricane', 'disaster']	neg	neg
A hurricane is not a	storm	-5.1176167	Ġstorm	['natural', 'good', 'threat', 'hurricane', 'disaster']	neg	aff
A party is a	celebration	-9.215697	Ġcelebration	"['party', 'person', 'legal', '""', 'member']"	aff	aff
A party is a	mourning	-9.193174	ĠM	"['party', 'person', 'legal', '""', 'member']"	aff	neg
A party is not a	mourning	-9.564307	ĠM	"['party', '""', 'âĢľ', 'person', 'member']"	neg	neg
A party is not a	celebration	-11.907428	Ġcelebration	"['party', '""', 'âĢľ', 'person', 'member']"	neg	aff
A door is a	structure	-7.932476	Ġstructure	['door', 'good', 'very', 'great', 'place']	aff	aff
A door is a	wall	-6.2206707	Ġwall	['door', 'good', 'very', 'great', 'place']	aff	neg
A door is not a	wall	-5.4846478	Ġwall	"['door', 'good', '""', 'place', 'closed']"	neg	neg
A door is not a	structure	-8.922344	Ġstructure	"['door', 'good', '""', 'place', 'closed']"	neg	aff
An envelope is a	letter	-4.146803	Ġletter	['very', 'small', 'good', 'letter', 'gift']	aff	aff
An envelope is a	device	-6.490202	Ġdevice	['very', 'small', 'good', 'letter', 'gift']	aff	neg
An envelope is not a	device	-6.992632	Ġdevice	['gift', 'letter', 'good', 'problem', 'very']	neg	neg
An envelope is not a	letter	-3.6785393	Ġletter	['gift', 'letter', 'good', 'problem', 'very']	neg	aff
A gun is a	weapon	-2.4753914	Ġweapon	['weapon', 'gun', 'very', 'good', 'great']	aff	aff
A gun is a	toy	-6.0670652	Ġtoy	['weapon', 'gun', 'very', 'good', 'great']	aff	neg
A gun is not a	toy	-4.545845	Ġtoy	['weapon', 'gun', 'good', 'tool', 'firearm']	neg	neg
A gun is not a	weapon	-2.0012093	Ġweapon	['weapon', 'gun', 'good', 'tool', 'firearm']	neg	aff
A watch is a	device	-4.5092316	Ġdevice	['watch', 'very', 'good', 'great', 'time']	aff	aff
A watch is a	food	-9.529166	Ġfood	['watch', 'very', 'good', 'great', 'time']	aff	neg
A watch is not a	food	-8.326132	Ġfood	['watch', 'good', 'time', 'piece', 'clock']	neg	neg
A watch is not a	device	-4.982191	Ġdevice	['watch', 'good', 'time', 'piece', 'clock']	neg	aff
A TV is a	device	-5.663538	Ġdevice	['great', 'very', 'good', 'TV', 'new']	aff	aff
A TV is a	furniture	-11.425247	Ġfurniture	['great', 'very', 'good', 'TV', 'new']	aff	neg
A TV is not a	furniture	-11.113558	Ġfurniture	['good', 'TV', 'substitute', 'new', 'game']	neg	neg
A TV is not a	device	-5.487501	Ġdevice	['good', 'TV', 'substitute', 'new', 'game']	neg	aff
A smartphone is a	device	-3.3572426	Ġdevice	['great', 'device', 'very', 'smartphone', 'powerful']	aff	aff
A smartphone is a	watch	-8.811858	Ġwatch	['great', 'device', 'very', 'smartphone', 'powerful']	aff	neg
A smartphone is not a	watch	-6.7011223	Ġwatch	['substitute', 'smartphone', 'new', 'good', 'device']	neg	neg
A smartphone is not a	device	-3.8224182	Ġdevice	['substitute', 'smartphone', 'new', 'good', 'device']	neg	aff
A seal is an	animal	-6.2395515	Ġanimal	['important', 'essential', 'integral', 'effective', 'excellent']	aff	aff
A seal is a	plant	-9.271543	Ġplant	['very', 'seal', 'key', 'symbol', 'good']	aff	neg
A seal is not a	plant	-10.01667	Ġplant	['guarantee', 'seal', 'requirement', 'good', 'sign']	neg	neg
A seal is not an	animal	-6.2659016	Ġanimal	['option', 'absolute', 'easy', 'issue', 'adequate']	neg	aff
A platypus is an	animal	-2.447626	Ġanimal	['aquatic', 'endangered', 'animal', 'extinct', 'amphib']	aff	aff
A platypus is a	fish	-3.5719814	Ġfish	['species', 'large', 'small', 'very', 'fish']	aff	neg
A platypus is not a	fish	-3.3866673	Ġfish	['fish', 'species', 'bird', 'mamm', 'good']	neg	neg
A platypus is not an	animal	-1.7492256	Ġanimal	['animal', 'endangered', 'amphib', 'aquatic', 'easy']	neg	aff
A spruce is a	tree	-3.2502441	Ġtree	['very', 'tree', 'good', 'great', 'natural']	aff	aff
A spruce is a	bush	-8.363142	Ġbush	['very', 'tree', 'good', 'great', 'natural']	aff	neg
A spruce is not a	bush	-7.905941	Ġbush	['tree', 'good', 'wood', 'very', 'natural']	neg	neg
A spruce is not a	tree	-2.3544636	Ġtree	['tree', 'good', 'wood', 'very', 'natural']	neg	aff
A wrench is a	tool	-2.6478825	Ġtool	['tool', 'very', 'great', 'good', 'type']	aff	aff
A wrench is a	machine	-5.4678917	Ġmachine	['tool', 'very', 'great', 'good', 'type']	aff	neg
A wrench is not a	machine	-5.374407	Ġmachine	['tool', 'good', 'very', 'new', 'toy']	neg	neg
A wrench is not a	tool	-2.9939861	Ġtool	['tool', 'good', 'very', 'new', 'toy']	neg	aff
A pan is an	utensil	-10.165064	Ġut	['important', 'open', 'excellent', 'example', 'integral']	aff	aff
A pan is a	pot	-7.461252	Ġpot	['very', 'pan', 'good', 'great', 'type']	aff	neg
A pan is not a	pot	-7.2294216	Ġpot	"['pan', 'good', '""', 'problem', 'simple']"	neg	neg
A pan is not an	utensil	-9.861654	Ġut	['option', 'easy', 'ideal', 'issue', 'exact']	neg	aff
A pot is an	utensil	-9.0335245	Ġut	['object', 'open', 'example', 'ideal', 'un']	aff	aff
A pot is a	flower	-6.608656	Ġflower	['pot', 'very', 'good', 'great', 'container']	aff	neg
A pot is not a	flower	-5.4750214	Ġflower	['pot', 'vessel', 'machine', 'house', 'thing']	neg	neg
A pot is not an	utensil	-8.382912	Ġut	['object', 'island', 'instrument', 'empty', 'easy']	neg	aff
A baby is an	infant	-3.3181953	Ġinfant	['amazing', 'infant', 'animal', 'un', 'important']	aff	aff
A baby is a	grown-up	-7.76095	Ġgrown	['beautiful', 'gift', 'baby', 'blessing', 'good']	aff	neg
A baby is not a	grown-up	-7.0039577	Ġgrown	['baby', 'child', 'gift', 'good', 'sign']	neg	neg
A baby is not an	infant	-3.6577263	Ġinfant	['object', 'animal', 'accident', 'option', 'infant']	neg	aff
A loom is a	tool	-4.434044	Ġtool	['very', 'type', 'great', 'tool', 'kind']	aff	aff
A loom is a	place	-6.746414	Ġplace	['very', 'type', 'great', 'tool', 'kind']	aff	neg
A loom is not a	place	-5.3769627	Ġplace	['machine', 'new', 'very', 'good', 'tool']	neg	neg
A loom is not a	tool	-4.274063	Ġtool	['machine', 'new', 'very', 'good', 'tool']	neg	aff
A treatment is a	therapy	-6.541479	Ġtherapy	['very', 'good', 'combination', 'great', 'way']	aff	aff
A treatment is an	iPod	-8.739918	ĠI	['effective', 'important', 'option', 'alternative', 'essential']	aff	neg
A treatment is not an	iPod	-9.020151	ĠI	['option', 'effective', 'alternative', 'ideal', 'absolute']	neg	neg
A treatment is not a	therapy	-6.3847065	Ġtherapy	['cure', 'substitute', 'solution', 'pan', 'good']	neg	aff
An ox is an	animal	-2.4682026	Ġanimal	['ox', 'animal', 'un', 'old', 'example']	aff	aff
An ox is a	plant	-6.2028103	Ġplant	['very', 'type', 'good', 'man', 'beast']	aff	neg
An ox is not a	plant	-6.2117968	Ġplant	['horse', 'man', 'beast', 'good', 'cow']	neg	neg
An ox is not an	animal	-3.4092007	Ġanimal	['ox', 'animal', 'elephant', 'equal', 'o']	neg	aff
A railroad is a	transportation	-4.784542	Ġtransportation	['very', 'great', 'public', 'major', 'common']	aff	aff
A railroad is a	bus	-6.3194714	Ġbus	['very', 'great', 'public', 'major', 'common']	aff	neg
A railroad is not a	bus	-6.381812	Ġbus	"['public', 'good', 'private', '""', 'Ċ']"	neg	neg
A railroad is not a	transportation	-5.6628513	Ġtransportation	"['public', 'good', 'private', '""', 'Ċ']"	neg	aff
A mower is a	machine	-3.097515	Ġmachine	['m', 'machine', 'very', 'type', 'motor']	aff	aff
A mower is a	phone	-12.16261	Ġphone	['m', 'machine', 'very', 'type', 'motor']	aff	neg
A mower is not a	phone	-9.36401	Ġphone	['good', 'm', 'machine', 'very', 'new']	neg	neg
A mower is not a	machine	-3.7189426	Ġmachine	['good', 'm', 'machine', 'very', 'new']	neg	aff
A factory is a	building	-5.4579334	Ġbuilding	['place', 'great', 'very', 'factory', 'good']	aff	aff
A factory is a	store	-5.4993744	Ġstore	['place', 'great', 'very', 'factory', 'good']	aff	neg
A factory is not a	store	-5.137499	Ġstore	"['place', 'factory', 'good', '""', 'business']"	neg	neg
A factory is not a	building	-5.7028027	Ġbuilding	"['place', 'factory', 'good', '""', 'business']"	neg	aff
A broccoli is a	vegetable	-3.9193993	Ġvegetable	['great', 'good', 'super', 'very', 'wonderful']	aff	aff
A broccoli is a	fruit	-7.0610113	Ġfruit	['great', 'good', 'super', 'very', 'wonderful']	aff	neg
A broccoli is not a	fruit	-5.63241	Ġfruit	['vegetable', 'good', 'healthy', 'bad', 'food']	neg	neg
A broccoli is not a	vegetable	-1.8706341	Ġvegetable	['vegetable', 'good', 'healthy', 'bad', 'food']	neg	aff
A beat is a	rhythm	-5.844286	Ġrhythm	['good', 'great', 'very', 'lot', 'bit']	aff	aff
A beat is a	melody	-8.9202385	Ġmelody	['good', 'great', 'very', 'lot', 'bit']	aff	neg
A beat is not a	melody	-8.456185	Ġmelody	['beat', 'bad', 'good', 'problem', 'matter']	neg	neg
A beat is not a	rhythm	-5.714527	Ġrhythm	['beat', 'bad', 'good', 'problem', 'matter']	neg	aff
A country is a	land	-3.785534	Ġland	['country', 'place', 'nation', 'great', 'land']	aff	aff
A country is a	sea	-8.000323	Ġsea	['country', 'place', 'nation', 'great', 'land']	aff	neg
A country is not a	sea	-8.401486	Ġsea	['country', 'place', 'nation', 'democracy', 'land']	neg	neg
A country is not a	land	-4.128952	Ġland	['country', 'place', 'nation', 'democracy', 'land']	neg	aff
A console is a	furniture	-10.944734	Ġfurniture	['great', 'very', 'good', 'console', 'computer']	aff	aff
A console is a	building	-7.6911373	Ġbuilding	['great', 'very', 'good', 'console', 'computer']	aff	neg
A console is not a	building	-8.235158	Ġbuilding	['good', 'console', 'game', 'great', 'new']	neg	neg
A console is not a	furniture	-11.398033	Ġfurniture	['good', 'console', 'game', 'great', 'new']	neg	aff
A factory is a	workplace	-5.901144	Ġworkplace	['place', 'great', 'very', 'factory', 'good']	aff	aff
A factory is a	mammal	-8.793511	Ġmamm	['place', 'great', 'very', 'factory', 'good']	aff	neg
A factory is not a	mammal	-9.085481	ĠM	"['place', 'factory', 'good', '""', 'business']"	neg	neg
A factory is not a	workplace	-5.782507	Ġworkplace	"['place', 'factory', 'good', '""', 'business']"	neg	aff
A farm is a	place	-2.707697	Ġplace	['place', 'great', 'good', 'very', 'beautiful']	aff	aff
A farm is a	mineral	-10.84784	Ġmineral	['place', 'great', 'good', 'very', 'beautiful']	aff	neg
A farm is not a	mineral	-10.519015	Ġmineral	['place', 'farm', 'good', 'home', 'country']	neg	neg
A farm is not a	place	-2.871193	Ġplace	['place', 'farm', 'good', 'home', 'country']	neg	aff
A transistor is a	device	-3.1488	Ġdevice	['transistor', 'device', 'semiconductor', 'type', 'very']	aff	aff
A transistor is a	toy	-11.384843	Ġtoy	['transistor', 'device', 'semiconductor', 'type', 'very']	aff	neg
A transistor is not a	toy	-8.309602	Ġtoy	['good', 'transistor', 'single', 'part', 'simple']	neg	neg
A transistor is not a	device	-4.316931	Ġdevice	['good', 'transistor', 'single', 'part', 'simple']	neg	aff
A viola is an	instrument	-2.072548	Ġinstrument	['instrument', 'excellent', 'important', 'extremely', 'Italian']	aff	aff
A viola is a	place	-8.282412	Ġplace	['very', 'beautiful', 'little', 'Ċ', 'great']	aff	neg
A viola is not a	place	-8.059018	Ġplace	"['viol', '""', 'very', 'traditional', 'part']"	neg	neg
A viola is not an	instrument	-1.1996956	Ġinstrument	['instrument', 'easy', 'exact', 'aria', 'ordinary']	neg	aff
A monarchy is a	government	-4.243313	Ġgovernment	['mon', 'political', 'state', 'system', 'kind']	aff	aff
A monarchy is a	religion	-6.574748	Ġreligion	['mon', 'political', 'state', 'system', 'kind']	aff	neg
A monarchy is not a	religion	-5.6166115	Ġreligion	['mon', 'democracy', 'state', 'republic', 'constitutional']	neg	neg
A monarchy is not a	government	-4.857752	Ġgovernment	['mon', 'democracy', 'state', 'republic', 'constitutional']	neg	aff
A telescope is a	device	-3.7924156	Ġdevice	['very', 'telescope', 'good', 'great', 'device']	aff	aff
A telescope is a	toy	-7.416827	Ġtoy	['very', 'telescope', 'good', 'great', 'device']	aff	neg
A telescope is not a	toy	-5.273382	Ġtoy	['telescope', 'good', 'mirror', 'very', 'perfect']	neg	neg
A telescope is not a	device	-4.5047646	Ġdevice	['telescope', 'good', 'mirror', 'very', 'perfect']	neg	aff
A mango is a	fruit	-2.68293	Ġfruit	['fruit', 'very', 'great', 'popular', 'good']	aff	aff
A mango is a	vegetable	-6.294058	Ġvegetable	['fruit', 'very', 'great', 'popular', 'good']	aff	neg
A mango is not a	vegetable	-4.4179554	Ġvegetable	['fruit', 'good', 'm', 'very', 'traditional']	neg	neg
A mango is not a	fruit	-2.0317898	Ġfruit	['fruit', 'good', 'm', 'very', 'traditional']	neg	aff
A pilot is a	professional	-5.8702526	Ġprofessional	['good', 'great', 'very', 'pilot', 'new']	aff	aff
A pilot is an	amateur	-5.721327	Ġamateur	['example', 'important', 'opportunity', 'individual', 'experiment']	aff	neg
A pilot is not an	amateur	-6.9893303	Ġamateur	['option', 'ideal', 'easy', 'exact', 'adequate']	neg	neg
A pilot is not a	professional	-5.93974	Ġprofessional	['good', 'bad', 'model', 'perfect', 'substitute']	neg	aff
A manager is a	professional	-4.3217754	Ġprofessional	['person', 'good', 'manager', 'man', 'very']	aff	aff
A manager is an	amateur	-6.62442	Ġamateur	['employee', 'individual', 'important', 'essential', 'expert']	aff	neg
A manager is not an	amateur	-6.6931305	Ġamateur	['employee', 'expert', 'ideal', 'individual', 'agent']	neg	neg
A manager is not a	professional	-4.159958	Ġprofessional	"['good', 'person', 'bad', 'professional', '""']"	neg	aff
A doctrine is a	principle	-4.7003574	Ġprinciple	"['doctrine', 'rule', 'legal', 'matter', '""']"	aff	aff
A doctrine is a	person	-6.8438244	Ġperson	"['doctrine', 'rule', 'legal', 'matter', '""']"	aff	neg
A doctrine is not a	person	-8.4217205	Ġperson	"['doctrine', 'rule', 'matter', 'legal', '""']"	neg	neg
A doctrine is not a	principle	-4.784151	Ġprinciple	"['doctrine', 'rule', 'matter', 'legal', '""']"	neg	aff
A tennis is a	sport	-2.4218426	Ġsport	['game', 'sport', 'great', 'very', 'lot']	aff	aff
A tennis is a	vegetable	-11.3269	Ġvegetable	['game', 'sport', 'great', 'very', 'lot']	aff	neg
A tennis is not a	vegetable	-9.320098	Ġvegetable	['sport', 'game', 'good', 'bad', 'tennis']	neg	neg
A tennis is not a	sport	-1.4360428	Ġsport	['sport', 'game', 'good', 'bad', 'tennis']	neg	aff
A cap is a	clothing	-10.456382	Ġclothing	['very', 'cap', 'good', 'great', 'small']	aff	aff
A cap is a	person	-7.1788416	Ġperson	['very', 'cap', 'good', 'great', 'small']	aff	neg
A cap is not a	person	-7.816533	Ġperson	"['cap', 'good', '""', 'problem', 'bad']"	neg	neg
A cap is not a	clothing	-9.971051	Ġclothing	"['cap', 'good', '""', 'problem', 'bad']"	neg	aff
A chairman is a	human	-6.2167444	Ġhuman	['person', 'member', 'good', 'very', 'man']	aff	aff
A chairman is a	machine	-8.550692	Ġmachine	['person', 'member', 'good', 'very', 'man']	aff	neg
A chairman is not a	machine	-7.696745	Ġmachine	['member', 'person', 'mere', 'head', 'good']	neg	neg
A chairman is not a	human	-7.2479563	Ġhuman	['member', 'person', 'mere', 'head', 'good']	neg	aff
A court is a	room	-8.2785845	Ġroom	"['court', 'forum', 'creature', '""', 'Ċ']"	aff	aff
A court is a	tree	-10.17285	Ġtree	"['court', 'forum', 'creature', '""', 'Ċ']"	aff	neg
A court is not a	tree	-10.107032	Ġtree	"['forum', '""', 'court', 'body', 'Ċ']"	neg	neg
A court is not a	room	-7.487214	Ġroom	"['forum', '""', 'court', 'body', 'Ċ']"	neg	aff
A court is a	building	-8.477609	Ġbuilding	"['court', 'forum', 'creature', '""', 'Ċ']"	aff	aff
A court is a	plant	-11.225339	Ġplant	"['court', 'forum', 'creature', '""', 'Ċ']"	aff	neg
A cout is not a	plant	-8.039255	Ġplant	"['good', '""', 'real', 'very', 'bad']"	neg	neg
A cout is not a	building	-7.957485	Ġbuilding	"['good', '""', 'real', 'very', 'bad']"	neg	aff
A painting is a	drawing	-5.628706	Ġdrawing	['painting', 'work', 'very', 'visual', 'representation']	aff	aff
A painting is a	sculpture	-5.4555454	Ġsculpture	['painting', 'work', 'very', 'visual', 'representation']	aff	neg
A painting is not a	sculpture	-4.451849	Ġsculpture	['painting', 'work', 'picture', 'representation', 'piece']	neg	neg
A painting is not a	drawing	-4.7374325	Ġdrawing	['painting', 'work', 'picture', 'representation', 'piece']	neg	aff
A guppy is a	fish	-4.480156	Ġfish	['very', 'small', 'species', 'type', 'common']	aff	aff
A guppy is a	reptile	-7.1686316	Ġrept	['very', 'small', 'species', 'type', 'common']	aff	neg
A guppy is not a	reptile	-7.3544855	Ġrept	['good', 'g', 'fish', 'bird', 'very']	neg	neg
A guppy is not a	fish	-3.962883	Ġfish	['good', 'g', 'fish', 'bird', 'very']	neg	aff
A ginger is a	plant	-5.7639484	Ġplant	['very', 'great', 'good', 'natural', 'type']	aff	aff
A ginger is a	flavor	-4.6194267	Ġflavor	['very', 'great', 'good', 'natural', 'type']	aff	neg
A ginger is not a	flavor	-4.1661453	Ġflavor	['good', 'bad', 'natural', 'substitute', 'very']	neg	neg
A ginger is not a	plant	-6.1965427	Ġplant	['good', 'bad', 'natural', 'substitute', 'very']	neg	aff
A goat is an	animal	-1.8846397	Ġanimal	['animal', 'excellent', 'important', 'example', 'extremely']	aff	aff
A goat is a	person	-5.6089954	Ġperson	['very', 'good', 'great', 'goat', 'symbol']	aff	neg
A goat is not a	person	-4.7752876	Ġperson	['horse', 'good', 'man', 'human', 'dog']	neg	neg
A goat is not an	animal	-1.2704086	Ġanimal	['animal', 'object', 'un', 'option', 'ordinary']	neg	aff
A submarine is a	vehicle	-5.4127407	Ġvehicle	['very', 'submarine', 'great', 'good', 'vessel']	aff	aff
A submarine is a	fish	-7.052966	Ġfish	['very', 'submarine', 'great', 'good', 'vessel']	aff	neg
A submarine is not a	fish	-6.2388954	Ġfish	['submarine', 'good', 'very', 'ship', 'vessel']	neg	neg
A submarine is not a	vehicle	-5.513794	Ġvehicle	['submarine', 'good', 'very', 'ship', 'vessel']	neg	aff
A gift is a	present	-5.9269905	Ġpresent	['gift', 'great', 'blessing', 'very', 'powerful']	aff	aff
A gift is a	feeling	-8.85763	Ġfeeling	['gift', 'great', 'blessing', 'very', 'powerful']	aff	neg
A gift is not a	feeling	-10.614626	Ġfeeling	['gift', 'right', 'license', 'crime', 'substitute']	neg	neg
A gift is not a	present	-5.4684715	Ġpresent	['gift', 'right', 'license', 'crime', 'substitute']	neg	aff
A degree is a	document	-8.016274	Ġdocument	['good', 'prerequisite', 'great', 'very', 'requirement']	aff	aff
A degree is a	person	-6.1972103	Ġperson	['good', 'prerequisite', 'great', 'very', 'requirement']	aff	neg
A degree is not a	person	-7.675083	Ġperson	['prerequisite', 'requirement', 'license', 'necessary', 'matter']	neg	neg
A degree is not a	document	-8.447173	Ġdocument	['prerequisite', 'requirement', 'license', 'necessary', 'matter']	neg	aff
A swimming is a	sport	-3.196682	Ġsport	['great', 'very', 'sport', 'good', 'form']	aff	aff
A swimming is a	vegetable	-11.50548	Ġvegetable	['great', 'very', 'sport', 'good', 'form']	aff	neg
A swimming is not a	vegetable	-9.371449	Ġvegetable	['sport', 'good', 'very', 'game', 'great']	neg	neg
A swimming is not a	sport	-1.5931072	Ġsport	['sport', 'good', 'very', 'game', 'great']	neg	aff
A basket is a	container	-4.718519	Ġcontainer	['basket', 'very', 'great', 'good', 'small']	aff	aff
A basket is a	material	-8.175819	Ġmaterial	['basket', 'very', 'great', 'good', 'small']	aff	neg
A basket is not a	material	-7.681774	Ġmaterial	['basket', 'good', 'bad', 'very', 'bag']	neg	neg
A basket is not a	container	-5.982811	Ġcontainer	['basket', 'good', 'bad', 'very', 'bag']	neg	aff
A television is an	electronics	-7.8073235	Ġelectronics	['excellent', 'important', 'interactive', 'electronic', 'essential']	aff	aff
A television is a	plant	-10.122035	Ġplant	['great', 'very', 'medium', 'form', 'television']	aff	neg
A television is not a	plant	-9.6310835	Ġplant	['substitute', 'good', 'television', 'new', 'medium']	neg	neg
A television is not an	electronics	-8.317431	Ġelectronics	['option', 'adequate', 'ideal', 'easy', 'alternative']	neg	aff
A butterfly is an	insect	-2.78611	Ġinsect	['insect', 'important', 'animal', 'excellent', 'example']	aff	aff
A butterfly is a	mammal	-7.6632166	Ġmamm	['butterfly', 'very', 'beautiful', 'symbol', 'great']	aff	neg
A butterfly is not a	mammal	-7.6552296	Ġmamm	['butterfly', 'bird', 'good', 'creature', 'flower']	neg	neg
A butterfly is not an	insect	-2.3853607	Ġinsect	['animal', 'insect', 'ordinary', 'easy', 'enemy']	neg	aff
A pill is a	drug	-3.6995926	Ġdrug	['pill', 'very', 'good', 'drug', 'great']	aff	aff
A pill is a	food	-7.490053	Ġfood	['pill', 'very', 'good', 'drug', 'great']	aff	neg
A pill is not a	food	-6.578004	Ġfood	['pill', 'drug', 'good', 'substitute', 'new']	neg	neg
A pill is not a	drug	-3.1194344	Ġdrug	['pill', 'drug', 'good', 'substitute', 'new']	neg	aff
A limousine is a	vehicle	-2.8069592	Ġvehicle	['vehicle', 'very', 'luxury', 'great', 'special']	aff	aff
A limousine is a	flower	-9.050541	ĠF	['vehicle', 'very', 'luxury', 'great', 'special']	aff	neg
A limousine is not a	flower	-8.39543	ĠF	['luxury', 'good', 'substitute', 'lim', 'vehicle']	neg	neg
A limousine is not a	vehicle	-4.000557	Ġvehicle	['luxury', 'good', 'substitute', 'lim', 'vehicle']	neg	aff
A turkey is an	animal	-3.463461	Ġanimal	['excellent', 'important', 'example', 'animal', 'amazing']	aff	aff
A turkey is a	plant	-7.1814566	Ġplant	['very', 'good', 'great', 'bird', 'delicious']	aff	neg
A turkey is not a	plant	-6.516901	Ġplant	"['good', 'turkey', 'bird', '""', 'very']"	neg	neg
A turkey is not an	animal	-2.4751663	Ġanimal	['animal', 'option', 'acceptable', 'easy', 'ideal']	neg	aff
A kangaroo is an	animal	-2.5578384	Ġanimal	['endangered', 'Australian', 'animal', 'African', 'extremely']	aff	aff
A kangaroo is a	person	-8.038331	Ġperson	['very', 'small', 'species', 'type', 'large']	aff	neg
A kangaroo is not a	person	-6.5026484	Ġperson	"['k', 'real', 'baby', 'dog', '""']"	neg	neg
A kangaroo is not an	animal	-1.3100643	Ġanimal	['animal', 'endangered', 'exotic', 'easy', 'Australian']	neg	aff
A violine is an	instrument	-1.3193455	Ġinstrument	['instrument', 'extremely', 'excellent', 'important', 'example']	aff	aff
A violine is a	person	-8.109017	Ġperson	['very', 'type', 'viol', 'violin', 'musical']	aff	neg
A violin is not a	person	-6.572214	Ġperson	['violin', 'musical', 'good', 'very', 'toy']	neg	neg
A violin is not an	instrument	-0.68577385	Ġinstrument	['instrument', 'easy', 'object', 'expensive', 'ordinary']	neg	aff
A rug is a	covering	-8.215914	Ġcovering	['very', 'great', 'rug', 'good', 'beautiful']	aff	aff
A rug is a	vegetable	-9.519724	Ġvegetable	['very', 'great', 'rug', 'good', 'beautiful']	aff	neg
A rug is not a	vegetable	-8.5114765	Ġvegetable	['rug', 'carpet', 'good', 'piece', 'simple']	neg	neg
A rug is not a	covering	-8.114231	Ġcovering	['rug', 'carpet', 'good', 'piece', 'simple']	neg	aff
A parent is a	guardian	-6.3119564	Ġguardian	['person', 'parent', 'child', 'member', 'good']	aff	aff
A parent is a	child	-3.6748314	Ġchild	['person', 'parent', 'child', 'member', 'good']	aff	neg
A parent is not a	child	-3.5448895	Ġchild	"['parent', 'party', 'child', '""', 'good']"	neg	neg
A parent is not a	guardian	-4.9975834	Ġguardian	"['parent', 'party', 'child', '""', 'good']"	neg	aff
A student is a	pupil	-6.7881727	Ġpupil	['student', 'member', 'good', 'teacher', 'person']	aff	aff
A student is a	child	-4.305773	Ġchild	['student', 'member', 'good', 'teacher', 'person']	aff	neg
A student is not a	child	-3.8213253	Ġchild	['student', 'citizen', 'member', 'child', 'teacher']	neg	neg
A student is not a	pupil	-6.2765055	Ġpupil	['student', 'citizen', 'member', 'child', 'teacher']	neg	aff
A bathroom is a	room	-4.8286343	Ġroom	['great', 'must', 'good', 'place', 'luxury']	aff	aff
A bathroom is a	house	-6.913786	Ġhouse	['great', 'must', 'good', 'place', 'luxury']	aff	neg
A bathroom is not a	house	-5.8785744	Ġhouse	['luxury', 'place', 'bathroom', 'good', 'necessity']	neg	neg
A bathroom is not a	room	-4.7373943	Ġroom	['luxury', 'place', 'bathroom', 'good', 'necessity']	neg	aff
A cloud is an	atmospheric	-7.417079	Ġatmospheric	['object', 'open', 'ideal', 'important', 'un']	aff	aff
A cloud is a	star	-7.8327703	Ġstar	['cloud', 'place', 'great', 'very', 'good']	aff	neg
A cloud is not a	star	-7.446719	Ġstar	['cloud', 'place', 'thing', 'mere', 'new']	neg	neg
A cloud is not an	atmospheric	-8.848528	Ġatmospheric	['island', 'option', 'illusion', 'object', 'accident']	neg	aff
A song is a	music	-6.3439856	Ġmusic	['song', 'great', 'very', 'way', 'good']	aff	aff
A song is a	noise	-8.861968	Ġnoise	['song', 'great', 'very', 'way', 'good']	aff	neg
A song is not a	noise	-8.497813	Ġnoise	['song', 'good', 'poem', 'musical', 'piece']	neg	neg
A song is not a	music	-5.493326	Ġmusic	['song', 'good', 'poem', 'musical', 'piece']	neg	aff
A fly is an	insect	-3.0961437	Ġinsect	['insect', 'excellent', 'animal', 'important', 'example']	aff	aff
A fly is a	tool	-6.2286015	Ġtool	['very', 'good', 'great', 'fly', 'bit']	aff	neg
A fly is not a	tool	-6.472398	Ġtool	['fly', 'bird', 'human', 'man', 'good']	neg	neg
A fly is not an	insect	-2.7124329	Ġinsect	['animal', 'insect', 'ordinary', 'enemy', 'easy']	neg	aff
A worm is an	invertebrate	-5.233816	Ġin	['animal', 'example', 'important', 'insect', 'organism']	aff	aff
A worm is a	vertebrate	-7.8878613	Ġvertebrate	['worm', 'very', 'creature', 'type', 'small']	aff	neg
A worm is not a	vertebrate	-7.165062	Ġvertebrate	['worm', 'creature', 'real', 'human', 'good']	neg	neg
A worm is not an	invertebrate	-5.628067	Ġin	['animal', 'insect', 'object', 'ordinary', 'exception']	neg	aff
A mother is a	person	-4.2088966	Ġperson	['mother', 'woman', 'good', 'great', 'very']	aff	aff
A mother is a	computer	-8.330723	Ġcomputer	['mother', 'woman', 'good', 'great', 'very']	aff	neg
A mother is not a	computer	-8.06542	Ġcomputer	['mother', 'good', 'child', 'father', 'person']	neg	neg
A mother is not a	person	-3.936573	Ġperson	['mother', 'good', 'child', 'father', 'person']	neg	aff
A sibling is a	family	-5.3897305	Ġfamily	['good', 'child', 'great', 'friend', 'person']	aff	aff
A sibling is a	machine	-8.859529	Ġmachine	['good', 'child', 'great', 'friend', 'person']	aff	neg
A sibling is not a	machine	-9.812752	Ġmachine	['sibling', 'child', 'brother', 'parent', 'member']	neg	neg
A sibling is not a	family	-5.148363	Ġfamily	['sibling', 'child', 'brother', 'parent', 'member']	neg	aff
A vacation is a	trip	-5.699436	Ġtrip	['great', 'good', 'wonderful', 'very', 'vacation']	aff	aff
A vacation is a	time	-3.9887562	Ġtime	['great', 'good', 'wonderful', 'very', 'vacation']	aff	neg
A vacation is not a	time	-5.5283585	Ġtime	['vacation', 'good', 'holiday', 'bad', 'substitute']	neg	neg
A vacation is not a	trip	-5.320942	Ġtrip	['vacation', 'good', 'holiday', 'bad', 'substitute']	neg	aff
A fireplace is a	structure	-8.190222	Ġstructure	['great', 'very', 'good', 'wonderful', 'nice']	aff	aff
A fireplace is a	creature	-8.645616	Ġcreature	['great', 'very', 'good', 'wonderful', 'nice']	aff	neg
A fireplace is not a	creature	-8.691717	Ġcreature	['luxury', 'necessity', 'good', 'bad', 'requirement']	neg	neg
A fireplace is not a	structure	-9.001508	Ġstructure	['luxury', 'necessity', 'good', 'bad', 'requirement']	neg	aff
A basenji is a	dog	-6.63418	Ġdog	['small', 'type', 'very', 'popular', 'common']	aff	aff
A basenji is a	cat	-7.0577564	Ġcat	['small', 'type', 'very', 'popular', 'common']	aff	neg
A basenji is not a	cat	-7.1357613	Ġcat	['traditional', 'good', 'common', 'new', 'very']	neg	neg
A basenji is not a	dog	-5.7497425	Ġdog	['traditional', 'good', 'common', 'new', 'very']	neg	aff
A chihuahua is a	dog	-3.8197517	Ġdog	['small', 'breed', 'large', 'very', 'dog']	aff	aff
A chihuahua is a	reptile	-8.681558	Ġrept	['small', 'breed', 'large', 'very', 'dog']	aff	neg
A chihuahua is not a	reptile	-8.027915	Ġrept	['dog', 'pet', 'breed', 'ch', 'good']	neg	neg
A chihuahua is not a	dog	-2.3214893	Ġdog	['dog', 'pet', 'breed', 'ch', 'good']	neg	aff
A dalmatian is a	dog	-5.487112	Ġdog	['species', 'small', 'type', 'genus', 'very']	aff	aff
A dalmatian is a	horse	-6.3929996	Ġhorse	['species', 'small', 'type', 'genus', 'very']	aff	neg
A dalmatian is not a	horse	-5.4065895	Ġhorse	['species', 'fish', 'true', 'type', 'new']	neg	neg
A dalmatian is not a	dog	-4.5874443	Ġdog	['species', 'fish', 'true', 'type', 'new']	neg	aff
A labrador is a	dog	-2.9925346	Ġdog	['breed', 'small', 'dog', 'very', 'large']	aff	aff
A labrador is a	bird	-6.565833	Ġbird	['breed', 'small', 'dog', 'very', 'large']	aff	neg
A labrador is not a	bird	-6.020735	Ġbird	['dog', 'horse', 'good', 'breed', 'very']	neg	neg
A labrador is not a	dog	-2.671749	Ġdog	['dog', 'horse', 'good', 'breed', 'very']	neg	aff
A crocus is a	flower	-4.9645233	Ġflower	['very', 'plant', 'member', 'perennial', 'small']	aff	aff
A crocus is a	bird	-7.0465546	Ġbird	['very', 'plant', 'member', 'perennial', 'small']	aff	neg
A crocus is not a	bird	-5.7641306	Ġbird	['plant', 'good', 'flower', 'vegetable', 'fruit']	neg	neg
A crocus is not a	flower	-4.024889	Ġflower	['plant', 'good', 'flower', 'vegetable', 'fruit']	neg	aff
A raddish is a	vegetable	-7.891018	Ġvegetable	['very', 'r', 'good', 'bit', 'great']	aff	aff
A raddish is a	flower	-7.9784927	Ġflower	['very', 'r', 'good', 'bit', 'great']	aff	neg
A raddish is not a	flower	-7.5166216	Ġflower	['bad', 'good', 'r', 'very', 'thing']	neg	neg
A raddish is not a	vegetable	-6.4837284	Ġvegetable	['bad', 'good', 'r', 'very', 'thing']	neg	aff
A delphinium is a	flower	-5.286865	Ġflower	['plant', 'perennial', 'genus', 'species', 'small']	aff	aff
A delphinium is an	insect	-4.2969437	Ġinsect	['annual', 'important', 'invasive', 'excellent', 'edible']	aff	neg
A delphinium is not an	insect	-3.56567	Ġinsect	['invasive', 'herb', 'insect', 'edible', 'important']	neg	neg
A delphinium is not a	flower	-4.685425	Ġflower	['true', 'plant', 'member', 'species', 'common']	neg	aff
A chisel is a	tool	-2.878952	Ġtool	['tool', 'very', 'type', 'small', 'ch']	aff	aff
A chisel is an	insect	-9.156809	ĠIn	['extremely', 'instrument', 'important', 'essential', 'excellent']	aff	neg
A chisel is not an	insect	-7.8813953	Ġinsect	['easy', 'expensive', 'ordinary', 'exact', 'instrument']	neg	neg
A chisel is not a	tool	-3.6944008	Ġtool	['ch', 'tool', 'good', 'very', 'new']	neg	aff
A money is a	currency	-4.970276	Ġcurrency	['good', 'very', 'great', 'powerful', 'lot']	aff	aff
A money is a	tool	-4.2247086	Ġtool	['good', 'very', 'great', 'powerful', 'lot']	aff	neg
A money is not a	tool	-5.0758457	Ġtool	['commodity', 'right', 'thing', 'good', 'gift']	neg	neg
A money is not a	currency	-4.338978	Ġcurrency	['commodity', 'right', 'thing', 'good', 'gift']	neg	aff
A boulder is a	rock	-4.480009	Ġrock	['good', 'great', 'very', 'bit', 'b']	aff	aff
A boulder is a	mammal	-8.73185	Ġmamm	['good', 'great', 'very', 'bit', 'b']	aff	neg
A boulder is not a	mammal	-8.815968	Ġmamm	['b', 'rock', 'good', 'mountain', 'very']	neg	neg
A boulder is not a	rock	-3.435255	Ġrock	['b', 'rock', 'good', 'mountain', 'very']	neg	aff
A classroom is a	room	-5.4098263	Ġroom	['place', 'great', 'good', 'classroom', 'very']	aff	aff
A classroom is a	tree	-9.844145	Ġtree	['place', 'great', 'good', 'classroom', 'very']	aff	neg
A classroom is not a	tree	-8.801965	Ġtree	['place', 'classroom', 'safe', 'good', 'school']	neg	neg
A classroom is not a	room	-5.4892235	Ġroom	['place', 'classroom', 'safe', 'good', 'school']	neg	aff
A park is a	place	-3.3372765	Ġplace	['great', 'good', 'place', 'very', 'wonderful']	aff	aff
A park is an	insect	-9.21132	Ġinsect	['excellent', 'ideal', 'important', 'amazing', 'incredible']	aff	neg
A park is not an	insect	-8.407005	Ġinsect	['option', 'ideal', 'appropriate', 'island', 'easy']	neg	neg
A park is not a	place	-2.8598099	Ġplace	['park', 'place', 'good', 'bad', 'âĢľ']	neg	aff
A drink is a	beverage	-4.7821617	Ġbeverage	['good', 'drink', 'great', 'very', 'little']	aff	aff
A drink is a	pie	-10.60941	Ġpie	['good', 'drink', 'great', 'very', 'little']	aff	neg
A drink is not a	pie	-10.124242	Ġpie	['drink', 'good', 'substitute', 'necessity', 'luxury']	neg	neg
A drink is not a	beverage	-4.53994	Ġbeverage	['drink', 'good', 'substitute', 'necessity', 'luxury']	neg	aff
A dinosaur is a	reptile	-5.0510273	Ġrept	['din', 'very', 'creature', 'myth', 'big']	aff	aff
A dinosaur is a	mammal	-5.920471	Ġmamm	['din', 'very', 'creature', 'myth', 'big']	aff	neg
A dinosaur is not a	mammal	-6.0757465	Ġmamm	['din', 'real', 'human', 'man', 'myth']	neg	neg
A dinosaur is not a	reptile	-5.0409565	Ġrept	['din', 'real', 'human', 'man', 'myth']	neg	aff
A gull is a	bird	-3.333086	Ġbird	['bird', 'very', 'species', 'small', 'type']	aff	aff
A gull is a	mammal	-6.8592777	Ġmamm	['bird', 'very', 'species', 'small', 'type']	aff	neg
A gull is not a	mammal	-6.952422	Ġmamm	['bird', 'g', 'real', 'Ċ', 'fish']	neg	neg
A gull is not a	bird	-2.4865818	Ġbird	['bird', 'g', 'real', 'Ċ', 'fish']	neg	aff
A liver is an	organ	-1.6356564	Ġorgan	['organ', 'important', 'excellent', 'essential', 'example']	aff	aff
A liver is a	glass	-9.747165	Ġglass	['very', 'major', 'complex', 'good', 'type']	aff	neg
A liver is not a	glass	-8.320917	Ġglass	['good', 'normal', 'simple', 'single', 'healthy']	neg	neg
A liver is not an	organ	-1.5559978	Ġorgan	['organ', 'exception', 'ideal', 'adequate', 'example']	neg	aff
A coat is a	garment	-7.3287153	Ġgarment	['very', 'good', 'great', 'bit', 'must']	aff	aff
A coat is a	house	-7.878582	Ġhouse	['very', 'good', 'great', 'bit', 'must']	aff	neg
A coat is not a	house	-7.1772585	Ġhouse	['coat', 'good', 'bad', 'necessary', 'prerequisite']	neg	neg
A coat is not a	garment	-6.5053196	Ġgarment	['coat', 'good', 'bad', 'necessary', 'prerequisite']	neg	aff
A bedroom is a	room	-4.427286	Ġroom	['great', 'good', 'very', 'perfect', 'bedroom']	aff	aff
A bedroom is a	house	-7.07493	Ġhouse	['great', 'good', 'very', 'perfect', 'bedroom']	aff	neg
A bedroom is not a	house	-5.459427	Ġhouse	"['bedroom', 'place', 'good', 'room', '""']"	neg	neg
A bedroom is not a	room	-3.4890137	Ġroom	"['bedroom', 'place', 'good', 'room', '""']"	neg	aff
A garlic is a	vegetable	-5.081936	Ġvegetable	['very', 'great', 'good', 'powerful', 'wonderful']	aff	aff
A garlic is a	fruit	-5.9781647	Ġfruit	['very', 'great', 'good', 'powerful', 'wonderful']	aff	neg
A garlic is not a	fruit	-5.6795177	Ġfruit	['good', 'vegetable', 'substitute', 'bad', 'garlic']	neg	neg
A garlic is not a	vegetable	-3.664627	Ġvegetable	['good', 'vegetable', 'substitute', 'bad', 'garlic']	neg	aff
A wallet is an	accessory	-7.2743597	Ġaccessory	['important', 'electronic', 'online', 'excellent', 'account']	aff	aff
A wallet is a	food	-10.4786	Ġfood	['wallet', 'good', 'great', 'very', 'digital']	aff	neg
A wallet is not a	food	-8.938095	Ġfood	"['wallet', 'good', 'secure', '""', 'security']"	neg	neg
A wallet is not an	accessory	-6.814456	Ġaccessory	['option', 'asset', 'ideal', 'investment', 'issue']	neg	aff
A race is a	competition	-5.69944	Ġcompetition	['race', 'game', 'very', 'great', 'good']	aff	aff
A race is a	party	-6.8706427	Ġparty	['race', 'game', 'very', 'great', 'good']	aff	neg
A race is not a	party	-6.0904903	Ġparty	['race', 'game', 'matter', 'choice', 'good']	neg	neg
A race is not a	competition	-4.8689594	Ġcompetition	['race', 'game', 'matter', 'choice', 'good']	neg	aff
A university is an	institution	-1.6241837	Ġinstitution	['institution', 'important', 'excellent', 'educational', 'ideal']	aff	aff
A university is a	tree	-10.241175	Ġtree	['place', 'university', 'great', 'good', 'very']	aff	neg
A university is not a	tree	-9.428091	Ġtree	['university', 'place', 'school', 'âĢľ', 'good']	neg	neg
A university is not an	institution	-2.0849476	Ġinstitution	['institution', 'island', 'ideal', 'appropriate', 'option']	neg	aff
A belt is an	accessory	-4.8798885	Ġaccessory	['important', 'essential', 'integral', 'excellent', 'effective']	aff	aff
A belt is a	food	-8.952026	Ġfood	['very', 'great', 'good', 'belt', 'device']	aff	neg
A belt is not a	food	-8.279747	Ġfood	['good', 'substitute', 'belt', 'new', 'very']	neg	neg
A belt is not an	accessory	-4.971327	Ġaccessory	['option', 'ideal', 'easy', 'effective', 'alternative']	neg	aff
A carp is a	fish	-3.946642	Ġfish	['species', 'type', 'very', 'genus', 'common']	aff	aff
A carp is a	reptile	-7.9442997	Ġrept	['species', 'type', 'very', 'genus', 'common']	aff	neg
A carp is not a	reptile	-7.5134068	Ġrept	"['fish', 'species', 'carp', 'good', '""']"	neg	neg
A carp is not a	fish	-3.478321	Ġfish	"['fish', 'species', 'carp', 'good', '""']"	neg	aff
A washer is a	machine	-4.788906	Ġmachine	['great', 'very', 'good', 'simple', 'high']	aff	aff
A washer is a	person	-7.8280916	Ġperson	['great', 'very', 'good', 'simple', 'high']	aff	neg
A washer is not a	person	-7.7322283	Ġperson	['good', 'new', 'Ċ', 'very', 'problem']	neg	neg
A washer is not a	machine	-4.9299717	Ġmachine	['good', 'new', 'Ċ', 'very', 'problem']	neg	aff
A dryer is a	machine	-3.656189	Ġmachine	['great', 'very', 'device', 'good', 'machine']	aff	aff
A dryer is a	place	-5.35672	Ġplace	['great', 'very', 'device', 'good', 'machine']	aff	neg
A dryer is not a	place	-5.111969	Ġplace	['good', 'necessity', 'substitute', 'problem', 'new']	neg	neg
A dryer is not a	machine	-5.1248264	Ġmachine	['good', 'necessity', 'substitute', 'problem', 'new']	neg	aff
A stove is a	device	-4.985998	Ġdevice	['great', 'very', 'good', 'stove', 'big']	aff	aff
A stove is a	room	-7.5290203	Ġroom	['great', 'very', 'good', 'stove', 'big']	aff	neg
A stove is not a	room	-7.2121134	Ġroom	['stove', 'good', 'very', 'new', 'substitute']	neg	neg
A stove is not a	device	-5.076359	Ġdevice	['stove', 'good', 'very', 'new', 'substitute']	neg	aff
A souffle is a	recipe	-7.755208	Ġrecipe	['very', 'great', 'good', 'little', 'type']	aff	aff
A souffle is a	tool	-6.382928	Ġtool	['very', 'great', 'good', 'little', 'type']	aff	neg
A souffle is not a	tool	-6.666959	Ġtool	"['good', 'bad', 'very', 'problem', '""']"	neg	neg
A souffle is not a	recipe	-7.6394835	Ġrecipe	"['good', 'bad', 'very', 'problem', '""']"	neg	aff
A plum is a	fruit	-5.28018	Ġfruit	['good', 'very', 'great', 'plum', 'little']	aff	aff
A plum is a	tool	-7.332116	Ġtool	['good', 'very', 'great', 'plum', 'little']	aff	neg
A plum is not a	tool	-7.275881	Ġtool	['plum', 'good', 'bad', 'very', 'perfect']	neg	neg
A plum is not a	fruit	-4.5292645	Ġfruit	['plum', 'good', 'bad', 'very', 'perfect']	neg	aff
A meeting is an	event	-3.5542717	Ġevent	['opportunity', 'important', 'excellent', 'event', 'occasion']	aff	aff
A meeting is a	person	-7.2667456	Ġperson	['good', 'great', 'time', 'very', 'chance']	aff	neg
A meeting is not a	person	-7.638427	Ġperson	['meeting', 'good', 'substitute', 'formal', 'secret']	neg	neg
A meeting is not an	event	-2.5717373	Ġevent	['event', 'excuse', 'option', 'ideal', 'opportunity']	neg	aff
An anvil is a	tool	-3.4746437	Ġtool	['tool', 'very', 'great', 'good', 'device']	aff	aff
An anvil is a	rock	-6.7605543	Ġrock	['tool', 'very', 'great', 'good', 'device']	aff	neg
An anvil is not a	rock	-6.9505043	Ġrock	['good', 'very', 'tool', 'machine', 'part']	neg	neg
An anvil is not a	tool	-4.167778	Ġtool	['good', 'very', 'tool', 'machine', 'part']	neg	aff
A scissor is a	tool	-3.360777	Ġtool	['device', 'tool', 'type', 'very', 'simple']	aff	aff
A scissor is a	plant	-9.698601	Ġplant	['device', 'tool', 'type', 'very', 'simple']	aff	neg
An scissor is not a	plant	-9.430805	Ġplant	['good', 'tool', 'very', 'simple', 'machine']	neg	neg
An scissor is not a	tool	-3.8944416	Ġtool	['good', 'tool', 'very', 'simple', 'machine']	neg	aff
A screw is a	tool	-3.8449936	Ġtool	['very', 'screw', 'type', 'tool', 'common']	aff	aff
A screw is a	drink	-10.087685	ĠDr	['very', 'screw', 'type', 'tool', 'common']	aff	neg
A screw is not a	drink	-9.947115	ĠDr	['good', 'problem', 'screw', 'very', 'part']	neg	neg
A screw is not a	tool	-4.6191673	Ġtool	['good', 'problem', 'screw', 'very', 'part']	neg	aff
A manager is a	supervisor	-6.196288	Ġsupervisor	['person', 'good', 'manager', 'man', 'very']	aff	aff
A manager is a	place	-5.9147167	Ġplace	['person', 'good', 'manager', 'man', 'very']	aff	neg
A manager is not a	place	-6.3317976	Ġplace	"['good', 'person', 'bad', 'professional', '""']"	neg	neg
A manager is not a	supervisor	-6.4093857	Ġsupervisor	"['good', 'person', 'bad', 'professional', '""']"	neg	aff
A motel is a	building	-5.9765587	Ġbuilding	['great', 'good', 'place', 'very', 'nice']	aff	aff
A motel is an	animal	-6.5373573	Ġanimal	['excellent', 'ideal', 'expensive', 'old', 'option']	aff	neg
A model is not an	animal	-6.5858393	Ġanimal	['exact', 'ideal', 'accurate', 'adequate', 'optimal']	neg	neg
A model is not a	building	-7.320099	Ġbuilding	['model', 'good', 'perfect', 'complete', 'simple']	neg	aff
An autobiography is a	book	-2.3318653	Ġbook	['book', 'collection', 'work', 'great', 'story']	aff	aff
An autobiography is a	chair	-12.005736	Ġchair	['book', 'collection', 'work', 'great', 'story']	aff	neg
An autobiography is not a	chair	-10.894872	Ġchair	['book', 'novel', 'work', 'history', 'biography']	neg	neg
An autobiography is not a	book	-2.013605	Ġbook	['book', 'novel', 'work', 'history', 'biography']	neg	aff
A wren is a	bird	-5.0160236	Ġbird	['very', 'small', 'great', 'beautiful', 'good']	aff	aff
A wren is a	mammal	-7.734436	Ġmamm	['very', 'small', 'great', 'beautiful', 'good']	aff	neg
A wren is not a	mammal	-7.9258814	Ġmamm	['w', 'very', 'good', 'bird', 'real']	neg	neg
A wren is not a	bird	-4.237892	Ġbird	['w', 'very', 'good', 'bird', 'real']	neg	aff
A spider is an	arachnid	-5.2220707	Ġar	['insect', 'animal', 'important', 'example', 'excellent']	aff	aff
A spider is a	plant	-6.132165	Ġplant	['very', 'creature', 'spider', 'type', 'small']	aff	neg
A spider is not a	plant	-5.591675	Ġplant	['spider', 'human', 'person', 'real', 'man']	neg	neg
A spider is not an	arachnid	-5.7198715	Ġar	['insect', 'animal', 'enemy', 'ordinary', 'object']	neg	aff
A blouse is a	clothing	-7.126831	Ġclothing	['great', 'very', 'good', 'must', 'perfect']	aff	aff
A blouse is a	jewelry	-9.563845	Ġjewelry	['great', 'very', 'good', 'must', 'perfect']	aff	neg
A blouse is not a	jewelry	-8.372167	Ġjewelry	['good', 'dress', 'garment', 'very', 'bad']	neg	neg
A blouse is not a	clothing	-5.934704	Ġclothing	['good', 'dress', 'garment', 'very', 'bad']	neg	aff
A cape is a	clothing	-8.7531805	Ġclothing	['very', 'great', 'symbol', 'good', 'beautiful']	aff	aff
A cape is a	drink	-10.277603	Ġdrink	['very', 'great', 'symbol', 'good', 'beautiful']	aff	neg
A cape is not a	drink	-9.617887	Ġdrink	['good', 'c', 'bad', 'traditional', 'very']	neg	neg
A cape is not a	clothing	-8.133873	Ġclothing	['good', 'c', 'bad', 'traditional', 'very']	neg	aff
A metro is a	train	-5.43865	Ġtrain	['great', 'very', 'good', 'place', 'major']	aff	aff
A metro is a	bus	-5.522209	Ġbus	['great', 'very', 'good', 'place', 'major']	aff	neg
A metro is not a	bus	-6.293318	Ġbus	['good', 'bad', 'place', 'great', 'viable']	neg	neg
A metro is not a	train	-5.3876724	Ġtrain	['good', 'bad', 'place', 'great', 'viable']	neg	aff
A macaw is a	bird	-2.958086	Ġbird	['species', 'bird', 'small', 'large', 'very']	aff	aff
A macaw is a	grain	-8.815201	ĠG	['species', 'bird', 'small', 'large', 'very']	aff	neg
A macaw is not a	grain	-8.728273	ĠG	"['bird', 'species', 'real', '""', 'threat']"	neg	neg
A macaw is not a	bird	-2.834175	Ġbird	"['bird', 'species', 'real', '""', 'threat']"	neg	aff
An eel is a	fish	-4.0290127	Ġfish	['type', 'very', 'small', 'species', 'fish']	aff	aff
An eel is a	vegetable	-6.435193	Ġvegetable	['type', 'very', 'small', 'species', 'fish']	aff	neg
An eel is not a	vegetable	-4.7835827	Ġvegetable	['fish', 'good', 'Ċ', 'real', 'beast']	neg	neg
An eel is not a	fish	-3.3130035	Ġfish	['fish', 'good', 'Ċ', 'real', 'beast']	neg	aff
A pelican is a	bird	-3.061409	Ġbird	['species', 'bird', 'very', 'large', 'small']	aff	aff
A pelican is a	bacterium	-9.087193	ĠB	['species', 'bird', 'very', 'large', 'small']	aff	neg
A pelican is not a	bacterium	-9.363497	ĠB	"['bird', 'fish', 'species', 'good', '""']"	neg	neg
A pelican is not a	bird	-3.250042	Ġbird	"['bird', 'fish', 'species', 'good', '""']"	neg	aff
A bunny is an	animal	-3.4143772	Ġanimal	['old', 'animal', 'excellent', 'important', 'interesting']	aff	aff
A bunny is a	fungus	-8.097459	ĠF	['very', 'good', 'little', 'great', 'bit']	aff	neg
A bunny is not a	fungus	-7.969594	ĠF	['b', 'rabbit', 'good', 'real', 'dog']	neg	neg
A bunny is not an	animal	-1.7207489	Ġanimal	['animal', 'option', 'easy', 'ordinary', 'object']	neg	aff
A spaceship is a	vehicle	-4.8583508	Ġvehicle	['space', 'spaces', 'ship', 'very', 'spacecraft']	aff	aff
A spaceship is a	toy	-6.7964754	Ġtoy	['space', 'spaces', 'ship', 'very', 'spacecraft']	aff	neg
A spaceship is not a	toy	-4.8539333	Ġtoy	['spaces', 'space', 'ship', 'rocket', 'spacecraft']	neg	neg
A spaceship is not a	vehicle	-5.3806515	Ġvehicle	['spaces', 'space', 'ship', 'rocket', 'spacecraft']	neg	aff
A toucan is a	bird	-2.7200947	Ġbird	['species', 'bird', 'very', 'member', 'large']	aff	aff
A toucan is a	fruit	-7.2857733	Ġfruit	['species', 'bird', 'very', 'member', 'large']	aff	neg
A toucan is not a	fruit	-6.634345	Ġfruit	"['bird', 'species', '""', 'native', 'true']"	neg	neg
A toucan is not a	bird	-2.7149963	Ġbird	"['bird', 'species', '""', 'native', 'true']"	neg	aff
A koi is a	fish	-4.4419403	Ġfish	['very', 'small', 'type', 'popular', 'species']	aff	aff
A koi is a	plant	-7.1592436	Ġplant	['very', 'small', 'type', 'popular', 'species']	aff	neg
A koi is not a	plant	-6.5806713	Ġplant	['k', 'fish', 'good', 'dog', 'new']	neg	neg
A koi is not a	fish	-3.532568	Ġfish	['k', 'fish', 'good', 'dog', 'new']	neg	aff
A brush is a	tool	-4.200783	Ġtool	['great', 'very', 'good', 'tool', 'common']	aff	aff
A brush is a	toy	-7.7092113	Ġtoy	['great', 'very', 'good', 'tool', 'common']	aff	neg
A brush is not a	toy	-6.0341663	Ġtoy	['good', 'substitute', 'brush', 'very', 'new']	neg	neg
A brush is not a	tool	-4.4772797	Ġtool	['good', 'substitute', 'brush', 'very', 'new']	neg	aff
A wheelbarrow is a	vehicle	-4.3041573	Ġvehicle	['wheel', 'very', 'good', 'great', 'useful']	aff	aff
A wheelbarrow is a	flower	-9.029146	Ġflower	['wheel', 'very', 'good', 'great', 'useful']	aff	neg
A wheelbarrow is not a	flower	-7.6776896	Ġflower	['wheel', 'good', 'very', 'vehicle', 'toy']	neg	neg
A wheelbarrow is not a	vehicle	-4.3795967	Ġvehicle	['wheel', 'good', 'very', 'vehicle', 'toy']	neg	aff
A unicycle is a	vehicle	-5.687479	Ġvehicle	['very', 'type', 'wheel', 'small', 'single']	aff	aff
A unicycle is a	flower	-9.285613	Ġflower	['very', 'type', 'wheel', 'small', 'single']	aff	neg
A unicycle is not a	flower	-8.367234	Ġflower	['wheel', 'real', 'single', 'very', 'bicycle']	neg	neg
A unicycle is not a	vehicle	-5.7436047	Ġvehicle	['wheel', 'real', 'single', 'very', 'bicycle']	neg	aff
A bike is a	machine	-6.1471024	Ġmachine	['great', 'good', 'very', 'wonderful', 'bike']	aff	aff
A bike is a	flower	-9.255236	ĠF	['great', 'good', 'very', 'wonderful', 'bike']	aff	neg
A bike is not a	flower	-8.050036	ĠF	['good', 'bike', 'luxury', 'necessity', 'new']	neg	neg
A bike is not a	machine	-5.2584724	Ġmachine	['good', 'bike', 'luxury', 'necessity', 'new']	neg	aff
A skateboard is a	vehicle	-4.862713	Ġvehicle	['great', 'very', 'skate', 'fun', 'good']	aff	aff
A skateboard is a	flower	-9.699619	ĠF	['great', 'very', 'skate', 'fun', 'good']	aff	neg
A skateboard is not a	flower	-8.312996	ĠF	['skate', 'good', 'new', 'real', 'toy']	neg	neg
A skateboard is not a	vehicle	-5.0199986	Ġvehicle	['skate', 'good', 'new', 'real', 'toy']	neg	aff
A stroller is a	vehicle	-4.2265434	Ġvehicle	['great', 'very', 'good', 'wonderful', 'must']	aff	aff
A stroller is a	flower	-9.808279	ĠF	['great', 'very', 'good', 'wonderful', 'must']	aff	neg
A stroller is not a	flower	-8.248137	ĠF	['toy', 'good', 'new', 'child', 'baby']	neg	neg
A stroller is not a	vehicle	-4.5408134	Ġvehicle	['toy', 'good', 'new', 'child', 'baby']	neg	aff
A wagon is a	vehicle	-3.7696934	Ġvehicle	['good', 'very', 'great', 'vehicle', 'common']	aff	aff
A wagon is a	flower	-8.747848	ĠF	['good', 'very', 'great', 'vehicle', 'common']	aff	neg
A wagon is not a	flower	-8.560574	ĠF	"['good', 'vehicle', 'very', ""'"", 'Ċ']"	neg	neg
A wagon is not a	vehicle	-3.5558262	Ġvehicle	"['good', 'vehicle', 'very', ""'"", 'Ċ']"	neg	aff
A corporation is a	business	-3.6844254	Ġbusiness	"['person', 'legal', 'corporation', '""', 'partnership']"	aff	aff
A corporation is a	toy	-10.1361	Ġtoy	"['person', 'legal', 'corporation', '""', 'partnership']"	aff	neg
A corporation is not a	toy	-10.239859	Ġtoy	"['""', 'person', 'corporation', 'party', '`']"	neg	neg
A corporation is not a	business	-4.444767	Ġbusiness	"['""', 'person', 'corporation', 'party', '`']"	neg	aff
A camera is a	device	-4.223793	Ġdevice	['great', 'camera', 'good', 'very', 'tool']	aff	aff
A camera is a	plant	-10.475449	Ġplant	['great', 'camera', 'good', 'very', 'tool']	aff	neg
A camera is not a	plant	-9.82279	Ġplant	"['camera', 'good', 'substitute', 'new', '""']"	neg	neg
A camera is not a	device	-4.527878	Ġdevice	"['camera', 'good', 'substitute', 'new', '""']"	neg	aff
A chainsaw is a	tool	-3.8297596	Ġtool	['very', 'tool', 'powerful', 'long', 'type']	aff	aff
A chainsaw is a	toy	-7.147793	Ġtoy	['very', 'tool', 'powerful', 'long', 'type']	aff	neg
A chainsaw is not a	toy	-4.9752197	Ġtoy	['good', 'very', 'weapon', 'tool', 'bad']	neg	neg
A chainsaw is not a	tool	-4.00049	Ġtool	['good', 'very', 'weapon', 'tool', 'bad']	neg	aff
A bobcat is a	carnivore	-5.713934	Ġcarn	['very', 'small', 'large', 'species', 'great']	aff	aff
A bobcat is a	plant	-8.546251	Ġplant	['very', 'small', 'large', 'species', 'great']	aff	neg
A bobcat is not a	plant	-7.5093203	Ġplant	"['good', 'cat', 'bad', 'wild', '""']"	neg	neg
A bobcat is not a	carnivore	-5.903123	Ġcarn	"['good', 'cat', 'bad', 'wild', '""']"	neg	aff
A tractor is a	machine	-3.892622	Ġmachine	['vehicle', 'very', 'tractor', 'good', 'type']	aff	aff
A tractor is an	animal	-5.152895	Ġanimal	['example', 'important', 'excellent', 'electric', 'agricultural']	aff	neg
A tractor is not an	animal	-4.4752026	Ġanimal	"['ideal', 'aircraft', '""', 'ordinary', 'option']"	neg	neg
A tractor is not a	machine	-3.6763344	Ġmachine	"['vehicle', 'good', 'machine', '""', ""'""]"	neg	aff
A camel is a	mammals	-8.625932	ĠM	['very', 'beast', 'great', 'creature', 'horse']	aff	aff
A camel is a	reptile	-7.57812	Ġrept	['very', 'beast', 'great', 'creature', 'horse']	aff	neg
A camel is not a	reptile	-7.4814854	Ġrept	['horse', 'camel', 'beast', 'man', 'good']	neg	neg
A camel is not a	mammals	-8.880192	ĠM	['horse', 'camel', 'beast', 'man', 'good']	neg	aff
An apartment is a	house	-4.4289684	Ġhouse	['place', 'great', 'good', 'home', 'very']	aff	aff
An apartment is a	plant	-10.306823	Ġplant	['place', 'great', 'good', 'home', 'very']	aff	neg
An apartment is not a	plant	-9.565101	Ġplant	['place', 'home', 'house', 'good', 'hotel']	neg	neg
An apartment is not a	house	-3.3445587	Ġhouse	['place', 'home', 'house', 'good', 'hotel']	neg	aff
